time_key,open,close,high,low,volume
2006-08-28 00:00:00,46.03491014,46.093211859,46.093211859,45.944807483,582300.0
2006-08-29 00:00:00,45.950107639,46.156813734,46.156813734,45.80700342,1345500.0
2006-08-30 00:00:00,46.257516703,46.278717328,46.278717328,46.167414046,1180500.0
2006-08-31 00:00:00,46.209815296,46.39002061,46.453622485,46.209815296,1272400.0
2006-09-01 00:00:00,46.331566084,46.406064429,46.480562775,46.251746427,893400.0
2006-09-05 00:00:00,46.273031669,46.139998908,46.342208704,46.086785804,2271300.0
2006-09-06 00:00:00,45.943110423,46.049536631,46.049536631,45.852648146,1853300.0
2006-09-07 00:00:00,45.964395665,46.139998908,46.171926771,45.863290767,1716100.0
2006-09-08 00:00:00,46.262389048,46.177248081,46.320923463,46.177248081,540300.0
2006-09-11 00:00:00,46.262389048,46.134677598,46.262389048,45.975038285,557600.0
2006-09-12 00:00:00,46.081464494,46.368815256,46.379457877,46.001644838,820800.0
2006-09-13 00:00:00,46.549739811,46.390100498,46.549739811,46.352851325,796900.0
2006-09-14 00:00:00,46.347530015,46.28367429,46.464598844,46.225139875,672800.0
2006-09-15 00:00:00,46.406064429,46.246425117,46.507169327,46.241103806,1047200.0
2006-09-18 00:00:00,45.985680906,46.214497254,46.214497254,45.985680906,871400.0
2006-09-19 00:00:00,46.459277534,46.693415192,46.693415192,46.448634913,1229500.0
2006-09-20 00:00:00,46.735985675,46.762592228,46.78919878,46.608274225,827400.0
2006-09-21 00:00:00,46.720021744,47.193618372,47.214903613,46.720021744,1698600.0
2006-09-22 00:00:00,47.236188855,47.390506857,47.438398651,47.236188855,1428600.0
2006-09-25 00:00:00,47.512896997,47.762998587,47.762998587,47.496933066,2607500.0
2006-09-26 00:00:00,47.598037964,47.560788791,47.651251068,47.502254376,2200000.0
2006-09-27 00:00:00,47.731070724,47.401149478,47.747034655,47.401149478,1165400.0
2006-09-28 00:00:00,47.29472327,47.342615063,47.379864236,47.209582303,1796800.0
2006-09-29 00:00:00,47.43307734,47.273438028,47.454362582,47.113798715,1398000.0
2006-10-02 00:00:00,47.307458715,47.414307681,47.494444406,47.238006887,1211900.0
2006-10-03 00:00:00,47.467732164,47.350198301,47.489101958,47.334170956,854900.0
2006-10-04 00:00:00,47.430335026,47.697457442,47.708142339,47.430335026,1155500.0
2006-10-05 00:00:00,47.542526441,47.360883198,47.542526441,47.22732199,1241600.0
2006-10-06 00:00:00,47.302116266,46.864035504,47.307458715,46.837323263,2472400.0
2006-10-09 00:00:00,46.773213883,46.992254264,47.040336299,46.725131848,834900.0
2006-10-10 00:00:00,46.693077158,46.618282881,46.778556331,46.522118812,1398700.0
2006-10-11 00:00:00,46.693077158,46.49540657,46.735816744,46.409927397,1521600.0
2006-10-12 00:00:00,46.522118812,46.506091467,46.596913088,46.441982087,586400.0
2006-10-13 00:00:00,46.340475569,46.271023741,46.377872707,46.244311499,1414100.0
2006-10-16 00:00:00,46.3992425,46.479379225,46.484721673,46.383215155,897600.0
2006-10-17 00:00:00,46.65568002,46.516776363,46.746501641,46.458009432,730800.0
2006-10-18 00:00:00,46.554173502,46.612940433,46.65568002,46.479379225,499600.0
2006-10-19 00:00:00,46.500749018,46.52746126,46.59157064,46.377872707,797300.0
2006-10-20 00:00:00,46.511433915,46.479379225,46.55951595,46.479379225,280700.0
2006-10-23 00:00:00,46.265681292,46.292393534,46.297735982,46.121435188,1200600.0
2006-10-24 00:00:00,46.276366189,46.292393534,46.319105776,46.265681292,243400.0
2006-10-25 00:00:00,46.329790672,46.661022468,46.703762055,46.308420879,558400.0
2006-10-26 00:00:00,46.799926124,46.965542022,46.997596712,46.799926124,1558300.0
2006-10-27 00:00:00,47.264719128,47.184582403,47.280746473,47.093760782,1601500.0
2006-10-30 00:00:00,47.1952673,47.318143611,47.318143611,47.168555058,901200.0
2006-10-31 00:00:00,47.38759544,47.686772545,47.718827235,47.328828508,964600.0
2006-11-01 00:00:00,47.764778525,47.952486225,48.038295459,47.67896929,1440100.0
2006-11-02 00:00:00,47.775504679,47.75405237,47.850587759,47.695058522,853300.0
2006-11-03 00:00:00,47.260649273,47.126572344,47.351821584,47.062215418,1534100.0
2006-11-06 00:00:00,47.089030804,47.325006198,47.325006198,47.089030804,528000.0
2006-11-07 00:00:00,47.587796979,47.544892362,47.711147753,47.501987744,525900.0
2006-11-08 00:00:00,47.56634467,47.721873907,47.721873907,47.485898513,706300.0
2006-11-09 00:00:00,47.689695445,47.689695445,47.75405237,47.64142775,729500.0
2006-11-10 00:00:00,47.786230833,47.898855453,47.995444473,47.786230833,738100.0
2006-11-13 00:00:00,47.888129299,47.888129299,47.888129299,47.689749075,462400.0
2006-11-14 00:00:00,48.156283157,48.075836999,48.183098542,48.038295459,916400.0
2006-11-15 00:00:00,48.000753919,47.893492376,48.000753919,47.834498528,1803200.0
2006-11-16 00:00:00,47.973938534,47.673606213,48.000753919,47.587796979,1494400.0
2006-11-17 00:00:00,47.737963139,47.947123148,48.091926231,47.711147753,1752000.0
2006-11-20 00:00:00,47.973938534,48.022206228,48.038295459,47.898855453,857200.0
2006-11-21 00:00:00,48.049021614,48.140193925,48.183098542,47.952486225,605100.0
2006-11-22 00:00:00,48.167009311,48.220640082,48.247455468,48.118741617,770300.0
2006-11-24 00:00:00,48.37616932,48.306449317,48.456615477,48.306449317,533400.0
2006-11-27 00:00:00,48.097289308,48.483430863,48.483430863,48.038295459,784500.0
2006-11-28 00:00:00,48.6389601,48.590692406,48.642821516,48.381532397,1466300.0
2006-11-29 00:00:00,48.671138563,48.472704708,48.703317026,48.461978554,1206300.0
2006-11-30 00:00:00,48.655049332,48.794489337,48.848120109,48.585329329,1428600.0
2006-12-01 00:00:00,48.844084838,48.919449624,49.124011187,48.774103251,1156300.0
2006-12-04 00:00:00,48.854851236,49.005580809,49.027113605,48.811785644,460700.0
2006-12-05 00:00:00,48.88715043,48.774103251,48.973281615,48.693355266,1833700.0
2006-12-06 00:00:00,48.709504863,48.677205668,48.790252848,48.634140076,936100.0
2006-12-07 00:00:00,48.687972066,48.639523275,48.741804057,48.55850613,739200.0
2006-12-08 00:00:00,48.61260728,48.28423214,48.677205668,48.257316145,2090300.0
2006-12-11 00:00:00,48.494176902,48.494176902,48.553392091,48.429578514,727700.0
2006-12-12 00:00:00,48.548008892,48.596457683,48.677205668,48.397279319,888500.0
2006-12-13 00:00:00,48.321914533,48.160418563,48.343447329,48.058137781,1217900.0
2006-12-14 00:00:00,48.058137781,47.982772995,48.101203373,47.939707403,687500.0
2006-12-15 00:00:00,48.467260907,48.00968899,48.510326499,47.939707403,1162100.0
2006-12-18 00:00:00,48.004305791,48.025838587,48.068904179,47.934324204,441400.0
2006-12-19 00:00:00,47.891258612,47.961240199,48.052754582,47.891258612,930700.0
2006-12-20 00:00:00,47.966623398,47.955857,47.982719163,47.912791408,336800.0
2006-12-21 00:00:00,47.998922592,48.198100956,48.257316145,47.939707403,770700.0
2006-12-22 00:00:00,48.06352098,47.826660223,48.074287378,47.729762641,1433200.0
2006-12-26 00:00:00,47.858959417,47.972006597,47.988156194,47.810510626,496200.0
2006-12-27 00:00:00,47.930194082,47.616911253,47.957255236,47.616911253,840700.0
2006-12-28 00:00:00,47.724939815,47.508882692,47.757348383,47.271219856,1080200.0
2006-12-29 00:00:00,47.42786127,47.471072695,47.535889832,47.352241277,775500.0
2007-01-03 00:00:00,47.897785513,47.816764092,48.027419787,47.595305541,1870400.0
2007-01-04 00:00:00,47.897785513,48.10303978,48.130046921,47.897785513,1696900.0
2007-01-05 00:00:00,47.670925534,47.897785513,47.995011219,47.643918394,1298400.0
2007-01-08 00:00:00,47.843771232,47.978806934,47.978806934,47.805961236,414200.0
2007-01-09 00:00:00,48.038222643,47.978806934,48.038222643,47.897785513,481500.0
2007-01-10 00:00:00,47.816764092,47.762749811,47.849172661,47.714136959,519600.0
2007-01-11 00:00:00,47.665524106,47.481875551,47.670925534,47.379248418,1302500.0
2007-01-12 00:00:00,47.319832709,47.260417,47.692531246,47.184797007,878300.0
2007-01-16 00:00:00,47.363044133,47.346839849,47.368445561,47.255015572,702800.0
2007-01-17 00:00:00,47.352241277,47.217205575,47.384649846,47.141585582,724100.0
2007-01-18 00:00:00,47.206402719,47.363044133,47.390051274,47.11997987,918300.0
2007-01-19 00:00:00,47.319832709,47.233409859,47.319832709,47.168592722,882500.0
2007-01-22 00:00:00,47.319832709,47.346839849,47.417058414,47.303628424,432000.0
2007-01-23 00:00:00,47.249614144,47.03355702,47.265818428,47.00654988,1096800.0
2007-01-24 00:00:00,47.055162733,47.028155592,47.076768445,46.968739884,463700.0
2007-01-25 00:00:00,46.941732743,46.687865623,46.952535599,46.633851343,1397000.0
2007-01-26 00:00:00,46.579837062,46.650055627,46.741879904,46.488012784,1737300.0
2007-01-29 00:00:00,46.731077048,46.547428493,46.75268276,46.482611356,1015300.0
2007-01-30 00:00:00,46.639252771,46.601442774,46.650055627,46.569034206,1295100.0
2007-01-31 00:00:00,46.552829921,46.995747024,47.028155592,46.536625637,2078000.0
2007-02-01 00:00:00,47.242670803,46.938958323,47.302328612,46.890147389,986200.0
2007-02-02 00:00:00,46.933534886,46.998616132,47.101661437,46.933534886,814700.0
2007-02-05 00:00:00,47.107084875,47.063697377,47.139625497,46.976922383,395500.0
2007-02-06 00:00:00,46.998616132,47.324022361,47.340292672,46.976922383,770500.0
2007-02-07 00:00:00,47.378256732,47.465031726,47.497572349,47.345716109,836200.0
2007-02-08 00:00:00,47.427067666,47.502995786,47.600617655,47.383680169,980200.0
2007-02-09 00:00:00,47.372833295,47.231823929,47.389103606,47.188436432,878300.0
2007-02-12 00:00:00,47.155895809,47.123355186,47.242670803,47.069120814,467600.0
2007-02-13 00:00:00,47.155895809,47.02030988,47.155895809,46.998616132,1310600.0
2007-02-14 00:00:00,47.17216612,47.470455164,47.535536409,47.17216612,2262500.0
2007-02-15 00:00:00,47.719933272,47.611464529,47.747050458,47.611464529,893800.0
2007-02-16 00:00:00,47.752473895,47.779591081,47.822978578,47.692816087,1476700.0
2007-02-20 00:00:00,47.703662961,47.888059824,47.893483261,47.703662961,847400.0
2007-02-21 00:00:00,47.719933272,47.806708267,47.812131704,47.692816087,379800.0
2007-02-22 00:00:00,47.654852027,47.546383284,47.676545775,47.481247803,485200.0
2007-02-23 00:00:00,47.719933272,47.888059824,47.942294196,47.698239524,735700.0
2007-02-26 00:00:00,48.056186376,48.208042616,48.213466053,48.034492627,763333.0
2007-02-27 00:00:00,48.376169168,48.820891014,49.200531614,48.300241048,3243200.0
2007-02-28 00:00:00,48.603953528,48.598530091,48.77208008,48.457520725,1701900.0
2007-03-01 00:00:00,48.855841427,48.561858458,48.937503364,48.512861296,2423990.0
2007-03-02 00:00:00,48.681629297,48.812288395,48.964724009,48.523749554,1619800.0
2007-03-05 00:00:00,48.964724009,48.893950331,48.975612267,48.736887207,1504400.0
2007-03-06 00:00:00,48.736070588,48.746958846,48.89939446,48.697961684,837400.0
2007-03-07 00:00:00,48.746958846,48.937503364,48.975612267,48.692517555,915400.0
2007-03-08 00:00:00,48.861285557,48.893950331,48.932059234,48.763291233,574700.0
2007-03-09 00:00:00,48.365869811,48.376758069,48.648964523,48.262431359,1534700.0
2007-03-12 00:00:00,48.556414329,48.567302587,48.692517555,48.529193683,594400.0
2007-03-13 00:00:00,48.828620782,48.861285557,48.888506202,48.692517555,553800.0
2007-03-14 00:00:00,48.78506775,48.638076265,48.997388783,48.616299748,1698100.0
2007-03-15 00:00:00,48.572746716,48.632632136,48.681629297,48.523749554,394900.0
2007-03-16 00:00:00,48.523749554,48.621743877,48.659852781,48.512861296,623800.0
2007-03-19 00:00:00,48.474752393,48.518305425,48.540081941,48.442087618,693900.0
2007-03-20 00:00:00,48.654408652,48.54552607,48.676185168,48.534637812,768400.0
2007-03-21 00:00:00,48.365869811,48.567302587,48.752402975,47.990224905,1513399.0
2007-03-22 00:00:00,48.420311102,48.180769423,48.420311102,48.066442712,1484257.0
2007-03-23 00:00:00,48.262431359,48.044666196,48.267875488,48.039222067,1679700.0
2007-03-26 00:00:00,47.952116002,48.104551616,48.305984391,47.886786453,763594.0
2007-03-27 00:00:00,47.96300426,48.02288968,48.055554454,47.919451227,619800.0
2007-03-28 00:00:00,48.109995745,47.924895356,48.218878326,47.837789291,816815.0
2007-03-29 00:00:00,47.908562969,47.859565808,47.979336647,47.78879213,823000.0
2007-03-30 00:00:00,47.968448389,47.767015613,48.115439874,47.734350839,2015100.0
2007-04-02 00:00:00,47.852275276,47.846810967,47.912382681,47.797632181,579520.0
2007-04-03 00:00:00,47.803096491,47.786703562,47.885061133,47.781239252,617000.0
2007-04-04 00:00:00,47.885061133,47.835882348,47.977954395,47.737524776,576886.0
2007-04-05 00:00:00,47.846810967,47.655560134,47.857739586,47.633702896,436400.0
2007-04-09 00:00:00,47.398737587,47.338630182,47.415130515,47.316772944,1283900.0
2007-04-10 00:00:00,47.458844991,47.480702229,47.546273944,47.415130515,674400.0
2007-04-11 00:00:00,47.502559467,47.447916372,47.562666872,47.398737587,476200.0
2007-04-12 00:00:00,47.518952396,47.458844991,47.557147919,47.398737587,495043.0
2007-04-13 00:00:00,47.46977361,47.311308635,47.502559467,47.25120123,557800.0
2007-04-16 00:00:00,47.464309301,47.573595491,47.615288173,47.464309301,833600.0
2007-04-17 00:00:00,47.732060467,47.841346657,47.879596824,47.704738919,1254120.0
2007-04-18 00:00:00,47.994347323,48.081776276,48.098169204,47.988883014,451076.0
2007-04-19 00:00:00,48.152812299,47.999811633,48.180133847,47.901454062,1305815.0
2007-04-20 00:00:00,48.038061799,47.874132514,48.038061799,47.824953729,664429.0
2007-04-23 00:00:00,47.868668205,48.048990418,48.114562133,47.81402511,419000.0
2007-04-24 00:00:00,48.038061799,48.229312632,48.240241251,48.038061799,881228.0
2007-04-25 00:00:00,48.103633514,48.059919037,48.223848323,47.852275276,569000.0
2007-04-26 00:00:00,48.02713318,47.710203229,48.02713318,47.710203229,2048304.0
2007-04-27 00:00:00,47.797632181,47.69927461,47.819489419,47.671953062,428640.0
2007-04-30 00:00:00,47.972490085,48.201991085,48.201991085,47.928775609,485700.0
2007-05-01 00:00:00,48.286455268,48.237096282,48.319361259,48.028691673,487200.0
2007-05-02 00:00:00,48.209674623,48.209674623,48.23161195,48.127409646,443901.0
2007-05-03 00:00:00,48.1712843,48.099987987,48.1712843,47.973848355,427618.0
2007-05-04 00:00:00,48.253549277,48.297423932,48.319361259,48.242580614,262000.0
2007-05-07 00:00:00,48.35226725,48.429047895,48.434532227,48.335814254,210175.0
2007-05-08 00:00:00,48.522281535,48.319361259,48.522281535,48.319361259,488322.0
2007-05-09 00:00:00,48.324845591,48.127409646,48.330329922,48.11095665,634900.0
2007-05-10 00:00:00,48.187737296,48.242580614,48.291884756,48.138378309,519452.0
2007-05-11 00:00:00,48.319361259,48.072566328,48.35226725,48.04103142,1238400.0
2007-05-14 00:00:00,48.094503655,47.946426696,48.121925314,47.946426696,315200.0
2007-05-15 00:00:00,48.072566328,47.929973701,48.083589835,47.781896742,382400.0
2007-05-16 00:00:00,47.891583378,47.89706771,47.968364024,47.875130383,599440.0
2007-05-17 00:00:00,47.748990752,47.699631765,47.814802733,47.64533688,397000.0
2007-05-18 00:00:00,47.611882457,47.381540521,47.69409259,47.354118862,856434.0
2007-05-21 00:00:00,47.381540521,47.524133148,47.551554807,47.326971419,831063.0
2007-05-22 00:00:00,47.518648816,47.277338217,47.52961748,47.244432226,920500.0
2007-05-23 00:00:00,47.332181535,47.140229922,47.332181535,47.041511949,914447.0
2007-05-24 00:00:00,47.123776926,47.184104576,47.195018396,46.849560336,1598400.0
2007-05-25 00:00:00,47.090870936,47.07441794,47.206041903,47.052480613,754895.0
2007-05-29 00:00:00,47.151198585,47.068933608,47.184049733,46.778264023,1055700.0
2007-05-30 00:00:00,47.304759876,47.167651581,47.304759876,47.085386604,612000.0
2007-05-31 00:00:00,47.178620244,47.079902272,47.189588908,46.893434991,1725900.0
2007-06-01 00:00:00,47.00147146,46.830790197,47.519021095,46.803260961,1694300.0
2007-06-04 00:00:00,46.962930529,47.045518237,47.067541626,46.874836975,877700.0
2007-06-05 00:00:00,46.995965613,46.748202489,47.023494848,46.715167406,1145400.0
2007-06-06 00:00:00,46.704155712,46.726179101,46.803260961,46.64909724,1129152.0
2007-06-07 00:00:00,46.302228868,45.883784482,46.346275645,45.806702622,5010374.0
2007-06-08 00:00:00,45.740632455,45.845243552,46.021430662,45.602986276,5307599.0
2007-06-11 00:00:00,45.674562289,45.71310322,45.894796177,45.547927804,2043725.0
2007-06-12 00:00:00,45.355223153,45.046895711,45.636021359,44.964308003,9047946.0
2007-06-13 00:00:00,45.239600362,45.586468734,45.823220163,45.212071126,8751200.0
2007-06-14 00:00:00,45.481857638,45.470845944,45.795690927,45.432305013,3384620.0
2007-06-15 00:00:00,45.636021359,45.784679233,45.806702622,45.514892721,5827200.0
2007-06-18 00:00:00,45.75164415,45.691079831,45.762655844,44.986331392,17704600.0
2007-06-19 00:00:00,45.856255246,46.120535911,46.203123619,45.801196774,4620065.0
2007-06-20 00:00:00,45.96637219,45.746138303,45.999407273,45.729620761,3031700.0
2007-06-21 00:00:00,45.702091525,45.525904415,45.790240139,45.520398568,850400.0
2007-06-22 00:00:00,45.432305013,45.823220163,45.82872601,45.377246542,2118900.0
2007-06-25 00:00:00,46.037948203,46.076489133,46.148065147,45.933337107,1323500.0
2007-06-26 00:00:00,46.115030064,46.087500828,46.131547605,45.938842954,2187780.0
2007-06-27 00:00:00,46.291217173,46.131547605,46.362793187,46.065477439,6109300.0
2007-06-28 00:00:00,46.131547605,46.120535911,46.274699632,46.054465745,3612493.0
2007-06-29 00:00:00,46.423357506,46.599544616,46.671120629,46.307734715,1962104.0
2007-07-02 00:00:00,46.580576066,46.845871188,46.890087042,46.580576066,2811660.0
2007-07-03 00:00:00,46.823763261,46.558468139,46.873506097,46.525306249,1387475.0
2007-07-05 00:00:00,46.304226981,46.033404877,46.365023779,45.97813506,4589941.0
2007-07-06 00:00:00,45.878649389,45.845487499,45.884176371,45.734947864,1437714.0
2007-07-09 00:00:00,46.061039785,46.01129695,46.094201676,45.956027133,795400.0
2007-07-10 00:00:00,46.39818567,46.796128353,46.796128353,46.370550761,2257968.0
2007-07-11 00:00:00,46.65795381,46.309753962,46.735331554,46.309753962,1191300.0
2007-07-12 00:00:00,46.436874542,46.149471493,46.453455487,46.061813563,1941109.0
2007-07-13 00:00:00,46.381604724,46.276592072,46.436045494,46.099728657,725900.0
2007-07-16 00:00:00,46.420293596,46.72427759,46.746385517,46.420293596,952000.0
2007-07-17 00:00:00,46.608210975,46.62479192,46.735331554,46.409239633,734125.0
2007-07-18 00:00:00,46.646899847,46.801655334,46.984045731,46.580576066,1836795.0
2007-07-19 00:00:00,46.630318901,46.790601371,46.829290243,46.575049084,1020988.0
2007-07-20 00:00:00,46.895614023,47.216178963,47.282502743,46.862452133,1461250.0
2007-07-23 00:00:00,47.066950456,47.138801219,47.221705944,47.066950456,777900.0
2007-07-24 00:00:00,47.243813871,47.315664633,47.326718597,47.083531402,1351575.0
2007-07-25 00:00:00,47.276975761,47.409623323,47.453839176,47.23828689,881068.0
2007-07-26 00:00:00,47.647283536,47.807566006,48.045226219,47.597540701,2866998.0
2007-07-27 00:00:00,47.818619969,47.945740548,48.100496036,47.708080335,5364735.0
2007-07-30 00:00:00,47.895997713,47.807566006,47.989956402,47.741242225,1803900.0
2007-07-31 00:00:00,47.862835823,48.155765853,48.205508689,47.763350152,2467536.0
2007-08-01 00:00:00,48.122757627,48.050626676,48.278116597,48.028432537,2154651.0
2007-08-02 00:00:00,48.095014953,48.172694439,48.228179785,47.972947191,2079459.0
2007-08-03 00:00:00,48.133854696,48.494509449,48.494509449,48.133854696,1577597.0
2007-08-06 00:00:00,48.366893152,48.139403231,48.377990221,48.072820815,1298400.0
2007-08-07 00:00:00,48.217082716,48.100563488,48.372441686,47.934107448,2573800.0
2007-08-08 00:00:00,47.917461844,47.512418814,47.917461844,47.345962774,6471268.0
2007-08-09 00:00:00,47.839782359,47.57900123,47.90081624,47.268283289,2637423.0
2007-08-10 00:00:00,47.695520458,47.468030537,47.812039686,47.41254519,1496400.0
2007-08-13 00:00:00,47.379253982,47.606743903,47.645583646,47.368156913,1312600.0
2007-08-14 00:00:00,47.434739329,47.7343602,47.856427963,47.430466957,1314700.0
2007-08-15 00:00:00,47.784297012,47.562355626,47.839782359,47.562355626,1101700.0
2007-08-16 00:00:00,47.906364775,48.056175211,48.311407805,47.845330894,2410200.0
2007-08-17 00:00:00,47.645583646,47.861976498,47.928558914,47.451384933,2114400.0
2007-08-20 00:00:00,47.956301587,47.889719171,48.128306161,47.884170636,1048680.0
2007-08-21 00:00:00,48.033981072,48.122757627,48.206041132,48.006238399,1517200.0
2007-08-22 00:00:00,48.006238399,48.045078141,48.1505003,47.873073567,1137787.0
2007-08-23 00:00:00,48.028432537,48.211534181,48.355796082,47.995141329,1618800.0
2007-08-24 00:00:00,48.405732894,48.450121172,48.577737469,48.289213666,1614514.0
2007-08-27 00:00:00,48.688708162,48.705353766,48.799678855,48.616577211,1585400.0
2007-08-28 00:00:00,48.771936182,48.788581786,48.943940756,48.688708162,1298900.0
2007-08-29 00:00:00,48.80522739,48.655416954,48.96058636,48.622125746,2686700.0
2007-08-30 00:00:00,48.871809806,48.982780499,49.066008519,48.794130321,1806800.0
2007-08-31 00:00:00,48.860712736,49.021620242,49.199173351,48.832970063,2763200.0
2007-09-04 00:00:00,49.195325087,49.044902349,49.362461463,48.844338698,930971.0
2007-09-05 00:00:00,49.1563266,49.440458439,49.485028139,49.13404175,1271500.0
2007-09-06 00:00:00,49.462743289,49.312320551,49.563025114,49.262179638,1768399.0
2007-09-07 00:00:00,49.70787664,50.014293329,50.12571758,49.674449365,2852165.0
2007-09-10 00:00:00,50.12571758,50.404278207,50.554700945,50.12571758,2495150.0
2007-09-11 00:00:00,50.337423656,50.365279719,50.554700945,50.237141831,3925339.0
2007-09-12 00:00:00,50.348566081,50.175858493,50.370850931,50.08114788,4458250.0
2007-09-13 00:00:00,50.014293329,49.724590278,50.031006967,49.613166027,2020535.0
2007-09-14 00:00:00,50.17028728,49.797016041,50.175858493,49.635450877,1357170.0
2007-09-17 00:00:00,49.746875128,50.03657818,50.064434242,49.713447853,1285400.0
2007-09-18 00:00:00,49.735732703,49.657735727,49.980866054,49.290035701,3132800.0
2007-09-19 00:00:00,49.128470537,49.195325087,49.295606913,48.939049311,3854630.0
2007-09-20 00:00:00,48.833196273,48.259361382,48.894479611,48.23150532,5903200.0
2007-09-21 00:00:00,48.498923521,48.67163111,48.805897332,48.498923521,2217600.0
2007-09-24 00:00:00,48.749628085,48.810911423,48.888908398,48.682773535,1943590.0
2007-09-25 00:00:00,49.011475074,48.638203834,49.078329624,48.638203834,2513420.0
2007-09-26 00:00:00,48.521208371,48.682773535,48.80534021,48.415355333,2646389.0
2007-09-27 00:00:00,48.866623548,49.022617499,49.167469025,48.816482635,1802900.0
2007-09-28 00:00:00,49.379175101,49.13404175,49.473885714,48.855481123,1254645.0
2007-10-01 00:00:00,49.310085362,49.416351342,49.472280806,49.164668757,1399400.0
2007-10-02 00:00:00,49.34364304,49.57295384,49.690405713,49.304492415,887800.0
2007-10-03 00:00:00,49.668033928,49.427537235,49.723963392,49.332457147,1164600.0
2007-10-04 00:00:00,49.489059645,49.617697411,49.662440982,49.433130181,1128700.0
2007-10-05 00:00:00,49.0975534,49.080774561,49.170261703,48.761976619,2184700.0
2007-10-08 00:00:00,48.795534297,49.041623937,49.203819381,48.795534297,280100.0
2007-10-09 00:00:00,49.013659205,48.980101527,49.125518132,48.801127244,901000.0
2007-10-10 00:00:00,48.912986171,49.008066259,49.166066993,48.80672019,855500.0
2007-10-11 00:00:00,48.655710639,48.957729742,48.974508581,48.616560014,1533402.0
2007-10-12 00:00:00,48.655710639,48.717233049,49.024173944,48.633338853,1133900.0
2007-10-15 00:00:00,48.633338853,48.728418941,48.767569566,48.588595283,553300.0
2007-10-16 00:00:00,48.728418941,48.74519778,48.912986171,48.666896531,855500.0
2007-10-17 00:00:00,48.795534297,49.28212063,49.455501967,48.795534297,2377000.0
2007-10-18 00:00:00,49.544989108,49.556175001,49.673626874,49.494652591,1374100.0
2007-10-19 00:00:00,49.835822319,50.300036866,50.378338115,49.824636426,2561800.0
2007-10-22 00:00:00,50.367152222,50.305629812,50.406302846,50.081911958,1866500.0
2007-10-23 00:00:00,50.188177939,50.238514456,50.33499278,50.098690797,1046516.0
2007-10-24 00:00:00,50.439860524,50.613241861,50.820180876,50.355966329,2829300.0
2007-10-25 00:00:00,50.635613647,50.439860524,50.702729003,50.434267578,3062200.0
2007-10-26 00:00:00,50.249700348,50.322408651,50.602055969,50.232921509,1366471.0
2007-10-29 00:00:00,50.322408651,50.518161773,50.596463022,50.311222758,881000.0
2007-10-30 00:00:00,50.451046417,50.490197042,50.607648915,50.27766508,1439600.0
2007-10-31 00:00:00,50.322408651,50.031575441,50.434267578,49.902993604,2498481.0
2007-11-01 00:00:00,50.241541904,50.685326756,50.831382529,50.241541904,2549400.0
2007-11-02 00:00:00,50.516800863,50.848235119,51.129111607,50.381980148,1927700.0
2007-11-05 00:00:00,50.915645476,50.825765,51.04484866,50.713414404,997500.0
2007-11-06 00:00:00,50.601063809,50.57859369,50.910027946,50.533653452,575800.0
2007-11-07 00:00:00,50.567358631,50.668474166,50.690944285,50.443772976,1456100.0
2007-11-08 00:00:00,50.629151458,50.57859369,50.792059821,50.505565803,2179530.0
2007-11-09 00:00:00,50.848235119,51.011143482,51.157199255,50.786442291,887179.0
2007-11-12 00:00:00,51.381900446,51.196521964,51.381900446,51.019569776,460535.0
2007-11-13 00:00:00,51.061701249,51.005525952,51.101023958,50.921263005,1116502.0
2007-11-14 00:00:00,50.797677351,51.061701249,51.112259017,50.780824761,692274.0
2007-11-15 00:00:00,51.168434315,51.544808809,51.702099642,51.100967782,1312847.0
2007-11-16 00:00:00,51.539191279,51.617836696,51.780745059,51.5054861,1333749.0
2007-11-19 00:00:00,51.690864583,51.954888481,52.185207201,51.617836696,1346726.0
2007-11-20 00:00:00,51.999828719,51.898713184,52.112179315,51.836920356,1367727.0
2007-11-21 00:00:00,52.173972142,52.202059791,52.275087678,52.084091666,1297750.0
2007-11-23 00:00:00,52.196442261,52.359350624,52.398673332,52.123414374,437327.0
2007-11-26 00:00:00,52.634609582,53.39859363,53.836760951,52.578434285,4426981.0
2007-11-27 00:00:00,53.050306784,52.887398421,53.213215148,52.505406398,3100232.0
2007-11-28 00:00:00,52.825605594,52.527876517,52.898633481,52.421143451,2088003.0
2007-11-29 00:00:00,52.971661368,52.982896427,53.308713153,52.881780892,1594418.0
2007-11-30 00:00:00,52.44361357,52.724490058,52.730669341,52.365024329,1952069.0
2007-12-03 00:00:00,53.150811408,53.145171416,53.342571147,52.880091776,1272636.0
2007-12-04 00:00:00,53.2297713,53.139531423,53.320011177,52.806771876,1721173.0
2007-12-05 00:00:00,52.846251823,52.502212291,52.987251631,52.474012329,1865912.0
2007-12-06 00:00:00,52.338652514,52.039732921,52.349932498,51.898733113,2270166.0
2007-12-07 00:00:00,51.695693389,51.45317372,51.791573259,51.244494004,2170931.0
2007-12-10 00:00:00,51.391133804,51.142974142,51.419333766,50.889174488,2242470.0
2007-12-11 00:00:00,51.441893735,52.152532767,52.287892583,51.35729385,2892713.0
2007-12-12 00:00:00,51.28397395,51.611093504,51.960773028,51.182454088,2225400.0
2007-12-13 00:00:00,51.374213827,51.047094272,51.492653666,50.973774372,1222100.0
2007-12-14 00:00:00,50.911734457,50.810214595,50.985054357,50.74817468,1354900.0
2007-12-17 00:00:00,51.069654242,51.267053973,51.334733881,50.990694349,2046198.0
2007-12-18 00:00:00,51.362933842,51.59981352,51.763316897,51.340373873,1417079.0
2007-12-19 00:00:00,51.81977322,52.287892583,52.474012329,51.52649362,2252350.0
2007-12-20 00:00:00,52.30481256,52.175092736,52.648852091,52.169452744,1659361.0
2007-12-21 00:00:00,52.101772836,51.408053781,52.113052821,51.402413789,1767549.0
2007-12-24 00:00:00,51.154254127,51.165534111,51.295253935,51.075294234,550257.0
2007-12-26 00:00:00,51.04145428,50.714334726,51.385493812,50.624094848,674700.0
2007-12-27 00:00:00,51.168331408,51.270258957,51.326828747,50.958813667,468600.0
2007-12-28 00:00:00,51.604354814,52.07435407,52.130980487,51.51941519,1967735.0
2007-12-31 00:00:00,52.244233319,52.394293323,52.527365401,52.14230577,1647529.0
2008-01-02 00:00:00,52.510377477,53.150255982,53.348448439,52.482064268,2959850.0
2008-01-03 00:00:00,52.9350756,53.076641641,53.150255982,52.748151799,1256670.0
2008-01-04 00:00:00,53.218207682,53.087966924,53.382424289,53.048328432,2420134.0
2008-01-07 00:00:00,53.037003149,53.320135231,53.376761647,52.952063524,1315456.0
2008-01-08 00:00:00,53.184231832,53.257846173,53.337123156,52.895437108,1604760.0
2008-01-09 00:00:00,53.382424289,53.359773723,53.671219013,53.286159381,2203500.0
2008-01-10 00:00:00,53.427725422,52.634955593,53.473026555,52.544353326,2681974.0
2008-01-11 00:00:00,52.663268801,53.048328432,53.093629565,52.595317101,1872860.0
2008-01-14 00:00:00,53.048328432,53.24652089,53.24652089,52.9350756,906058.0
2008-01-15 00:00:00,53.59194203,53.846760904,53.858086187,53.540978255,1435230.0
2008-01-16 00:00:00,53.886399395,53.45603863,54.005314869,53.347599043,3505070.0
2008-01-17 00:00:00,53.478689197,54.152543552,54.231763909,53.461701272,2940500.0
2008-01-18 00:00:00,53.812785054,53.778809204,53.93736317,53.62591788,2676795.0
2008-01-22 00:00:00,54.299772235,54.356342025,54.418687709,53.671219013,5423460.0
2008-01-23 00:00:00,55.188806972,54.231820535,55.290734522,53.999652228,7636565.0
2008-01-24 00:00:00,53.812785054,53.138930699,53.926037887,53.127605415,5676629.0
2008-01-25 00:00:00,53.042665791,54.039290719,54.067603928,53.008689941,4371047.0
2008-01-28 00:00:00,53.886399395,53.83543562,54.067603928,53.705194863,1633446.0
2008-01-29 00:00:00,53.659893729,53.467363914,53.682544296,53.263508815,3100157.0
2008-01-30 00:00:00,53.325797873,53.116280132,53.371099006,52.702907292,3467905.0
2008-01-31 00:00:00,53.671219013,53.495677122,53.744776728,53.291822023,11440965.0
2008-02-01 00:00:00,53.688205239,53.818898407,53.915497706,53.438183524,4163650.0
2008-02-04 00:00:00,53.341584225,53.262031862,53.495006641,53.193844121,1729511.0
2008-02-05 00:00:00,53.921180018,53.671158303,54.034826252,53.55751207,2594551.0
2008-02-06 00:00:00,53.477959706,53.506371264,53.602970563,53.32453729,1339750.0
2008-02-07 00:00:00,53.421136589,52.34717968,53.421136589,52.01192329,5419623.0
2008-02-08 00:00:00,52.693800693,52.949504719,52.966551654,52.602883706,2832724.0
2008-02-11 00:00:00,53.279078797,53.171114875,53.517735888,52.966551654,2960110.0
2008-02-12 00:00:00,52.733576875,52.85290542,52.920524929,52.529013654,2897650.0
2008-02-13 00:00:00,52.511966719,52.29029974,52.790399991,52.210804199,3697493.0
2008-02-14 00:00:00,51.869865498,51.517562173,52.040334848,51.222081965,7504905.0
2008-02-15 00:00:00,51.761901576,51.915323991,52.023287913,51.6766669,3687713.0
2008-02-19 00:00:00,51.494832926,51.386869004,51.813042381,51.210717342,2911656.0
2008-02-20 00:00:00,51.199352718,51.744854641,51.744854641,51.165258848,2550096.0
2008-02-21 00:00:00,52.028970225,52.296038874,52.466508225,52.012775637,4197212.0
2008-02-22 00:00:00,52.261945004,51.994876355,52.466508225,51.90964168,1959634.0
2008-02-25 00:00:00,51.955100173,51.460739056,52.063064095,51.216399653,3460845.0
2008-02-26 00:00:00,51.392551316,51.477785991,51.60847916,51.261858147,2618900.0
2008-02-27 00:00:00,51.659619965,51.523244485,51.739172329,51.193670407,2494523.0
2008-02-28 00:00:00,52.176710329,52.443778978,52.46076909,52.091475654,3410871.0
2008-02-29 00:00:00,52.92109316,53.250667238,53.381360407,52.847223108,3821918.0
2008-03-03 00:00:00,53.129721558,53.112611445,53.432000228,52.890179971,2037838.0
2008-03-04 00:00:00,53.283712579,52.593604672,53.386373259,52.479537249,3401008.0
2008-03-05 00:00:00,52.781815919,51.960530477,52.781815919,51.892090023,3871152.0
2008-03-06 00:00:00,52.074597899,52.239995662,52.428206909,51.986765984,1342582.0
2008-03-07 00:00:00,52.912993455,52.308436115,52.947213682,52.02897093,3601277.0
2008-03-10 00:00:00,52.58219793,53.084094589,53.39207663,52.525164218,3578955.0
2008-03-11 00:00:00,52.747595693,52.627824899,52.764705806,52.297029373,3309108.0
2008-03-12 00:00:00,52.821739517,53.648728331,53.705762042,52.730485579,4753172.0
2008-03-13 00:00:00,53.905380032,53.226678867,53.99663397,52.895883342,5763422.0
2008-03-14 00:00:00,53.671541816,53.888269919,54.35024298,53.671541816,6174879.0
2008-03-17 00:00:00,54.224768815,54.304616011,54.635411537,54.065074424,3329422.0
2008-03-18 00:00:00,54.059371052,54.093591279,54.54986097,53.859753063,4022366.0
2008-03-19 00:00:00,53.956710372,54.994723918,55.297002588,53.956710372,5208495.0
2008-03-20 00:00:00,55.028944145,55.132175162,55.456696979,54.95480032,3905865.0
2008-03-24 00:00:00,54.732368846,54.059371052,54.732368846,54.002337341,5596167.0
2008-03-25 00:00:00,54.104998021,54.287505898,54.355946351,54.047907276,2038110.0
2008-03-26 00:00:00,54.333132867,54.059371052,54.572674454,54.019447454,1651943.0
2008-03-27 00:00:00,53.682948558,53.677245187,54.093591279,53.625914847,2405670.0
2008-03-28 00:00:00,53.939600259,54.201955331,54.207658702,53.74568564,1745495.0
2008-03-31 00:00:00,54.521344114,54.395869949,54.641114908,54.270395784,2546257.0
2008-04-01 00:00:00,54.009907911,53.50581916,54.032818433,53.419961981,3821733.0
2008-04-02 00:00:00,53.540242219,53.620429045,54.038546063,53.540242219,3794152.0
2008-04-03 00:00:00,53.832351369,53.740709283,53.929721086,53.614701414,2839021.0
2008-04-04 00:00:00,54.216102605,54.233285496,54.43948019,54.113119811,1745200.0
2008-04-07 00:00:00,53.901082934,53.946903977,53.99272502,53.488693546,2231757.0
2008-04-08 00:00:00,54.221830236,53.757892174,54.256196018,53.69488824,1305186.0
2008-04-09 00:00:00,53.866717151,54.319199952,54.485301233,53.860989521,2883511.0
2008-04-10 00:00:00,54.296289431,54.13591578,54.405114408,53.872444782,1846442.0
2008-04-11 00:00:00,54.462390712,54.502484125,54.645674884,54.387931517,1987631.0
2008-04-14 00:00:00,54.313472322,54.181736823,54.519667016,54.113005258,3197033.0
2008-04-15 00:00:00,53.786530326,53.505876437,53.878172412,53.488693546,2821558.0
2008-04-16 00:00:00,53.431417242,52.978934441,53.580335632,52.646731878,4691055.0
2008-04-17 00:00:00,52.96175155,52.887292355,53.076304158,52.540197953,2019991.0
2008-04-18 00:00:00,52.400443772,52.841471312,52.904475246,52.297346424,2199677.0
2008-04-21 00:00:00,52.635276617,53.053393636,53.133580461,52.572272683,2805712.0
2008-04-22 00:00:00,52.921658137,53.236677808,53.356958047,52.921658137,1799762.0
2008-04-23 00:00:00,53.024755484,53.059121266,53.334047525,52.704008182,1221004.0
2008-04-24 00:00:00,52.549362162,52.606638466,52.663914769,52.291618794,3213516.0
2008-04-25 00:00:00,52.480630597,52.297346424,52.543634531,52.114062252,1741990.0
2008-04-28 00:00:00,52.131245143,52.457720075,52.600910835,52.062513578,1883822.0
2008-04-29 00:00:00,52.618093726,52.658187139,52.893019985,52.486358227,1269090.0
2008-04-30 00:00:00,52.641004248,53.03907456,53.087759418,52.314529316,2827414.0
2008-05-01 00:00:00,53.419256221,53.039862086,53.539972536,52.809926247,3226439.0
2008-05-02 00:00:00,52.465022488,52.367299756,52.827171435,52.327060984,2730742.0
2008-05-05 00:00:00,52.511009656,52.367299756,52.516758052,52.097125145,1309260.0
2008-05-06 00:00:00,52.597235595,51.987905622,52.637474367,51.895931286,4037499.0
2008-05-07 00:00:00,51.86144091,52.212035581,52.263253789,51.798208554,3876149.0
2008-05-08 00:00:00,52.269577025,52.683461535,52.706455119,52.258080233,2829498.0
2008-05-09 00:00:00,53.011120106,52.878906999,53.09159765,52.712203515,2064251.0
2008-05-12 00:00:00,53.028365294,52.798429455,53.258301133,52.792681059,1947352.0
2008-05-13 00:00:00,52.493764468,52.217841461,52.620229179,52.194847877,2123298.0
2008-05-14 00:00:00,52.5914872,52.240835045,52.597235595,51.855692514,2600823.0
2008-05-15 00:00:00,52.114370333,52.717951911,52.781184267,52.068383165,2164249.0
2008-05-16 00:00:00,52.522506448,52.499512864,53.103094442,52.465022488,1902574.0
2008-05-19 00:00:00,52.740945495,52.569643295,52.740945495,52.189099481,1348125.0
2008-05-20 00:00:00,52.844416623,52.844416623,52.878906999,52.53400324,1465937.0
2008-05-21 00:00:00,52.620229179,52.855913415,52.97662973,52.511009656,1762090.0
2008-05-22 00:00:00,52.551248428,52.229338253,52.551248428,51.924673266,2855876.0
2008-05-23 00:00:00,52.493764468,52.459274092,52.763939079,52.41903532,1802000.0
2008-05-27 00:00:00,52.235086649,52.102873541,52.338557776,52.00515081,1985871.0
2008-05-28 00:00:00,51.752221386,51.637253467,51.821202138,51.522285547,3250685.0
2008-05-29 00:00:00,51.447556399,51.263607728,51.499291963,50.947445949,3302371.0
2008-05-30 00:00:00,51.516537151,51.602763091,51.694737427,51.476298379,2514796.0
2008-06-02 00:00:00,51.618120887,51.802737474,51.998892599,51.410427226,3076305.0
2008-06-03 00:00:00,51.664275034,52.177739918,52.443126262,51.520043325,2447647.0
2008-06-04 00:00:00,52.431587726,51.710429181,52.431587726,51.57196674,2812991.0
2008-06-05 00:00:00,51.525812593,51.398888689,51.646967229,51.312349664,2632139.0
2008-06-06 00:00:00,51.883507231,52.068123819,52.258509675,51.750814059,3864702.0
2008-06-09 00:00:00,51.906584305,52.068123819,52.431587726,51.739275522,1811960.0
2008-06-10 00:00:00,52.004661867,51.727736986,52.039277477,51.456581373,1935233.0
2008-06-11 00:00:00,51.658505765,51.60658235,52.045046745,51.462350641,2265399.0
2008-06-12 00:00:00,51.375811616,51.087348198,51.421965763,50.948885757,4413091.0
2008-06-13 00:00:00,51.035424782,50.977732099,51.363119225,50.867539073,1983557.0
2008-06-16 00:00:00,51.116194539,50.989270636,51.156579418,50.83350039,1756717.0
2008-06-17 00:00:00,51.139271613,51.093117466,51.208502833,50.816192585,1712113.0
2008-06-18 00:00:00,51.22004137,51.525812593,51.610043911,51.104656003,2589981.0
2008-06-19 00:00:00,51.352734542,51.219983677,51.485427715,51.067155758,1700494.0
2008-06-20 00:00:00,51.595043813,51.520043325,51.670044302,51.450812104,4580862.0
2008-06-23 00:00:00,51.67581357,51.629659424,51.877737963,51.531581861,1594100.0
2008-06-24 00:00:00,51.848891621,51.972815506,52.096970161,51.710429181,3118383.0
2008-06-25 00:00:00,52.004661867,51.998892599,52.068123819,51.520043325,3251541.0
2008-06-26 00:00:00,52.20658626,52.350817969,52.460434067,52.085431624,4052210.0
2008-06-27 00:00:00,52.62774285,52.968129683,53.037360903,52.466203336,4144761.0
2008-06-30 00:00:00,53.020053098,52.97966822,53.25613156,52.829667242,3742927.0
2008-07-01 00:00:00,53.374400418,52.853294143,53.420778877,52.789603376,3805099.0
2008-07-02 00:00:00,52.951725329,53.13121749,53.194908257,52.899614701,2413627.0
2008-07-03 00:00:00,52.806973586,53.015416096,53.148587699,52.7085424,1405066.0
2008-07-07 00:00:00,53.015416096,53.258599024,53.640743625,52.731702679,3528393.0
2008-07-08 00:00:00,53.264389094,53.606003207,53.634953556,53.218068536,2176516.0
2008-07-09 00:00:00,53.519152161,53.843396066,53.924457042,53.507572022,1581965.0
2008-07-10 00:00:00,53.74496488,53.837605996,53.993937878,53.519152161,2723502.0
2008-07-11 00:00:00,53.854976205,53.067526723,53.982357739,52.893824631,5467244.0
2008-07-14 00:00:00,53.194908257,53.53652237,53.704434392,53.142797629,4135305.0
2008-07-15 00:00:00,53.594423068,53.519152161,53.802865577,53.380190488,4541397.0
2008-07-16 00:00:00,53.021206165,52.546420448,53.113847281,52.5174701,3435843.0
2008-07-17 00:00:00,52.546420448,52.274287171,52.749072888,52.141115568,5899839.0
2008-07-18 00:00:00,52.256916962,52.077424801,52.51168003,51.990573755,3475162.0
2008-07-21 00:00:00,52.077424801,52.280077241,52.337977938,51.961623407,3657163.0
2008-07-22 00:00:00,52.187436126,52.019524104,52.256916962,51.834241873,2675178.0
2008-07-23 00:00:00,51.944253197,51.915302849,52.031104243,51.673277934,2871887.0
2008-07-24 00:00:00,52.019524104,52.424828984,52.540630379,52.019524104,2613219.0
2008-07-25 00:00:00,52.135325498,51.89793264,52.30323752,51.816871664,3765217.0
2008-07-28 00:00:00,52.366928287,52.424828984,52.668011912,52.222176544,1275867.0
2008-07-29 00:00:00,52.199016265,52.210596404,52.390667573,51.996363825,1349024.0
2008-07-30 00:00:00,51.868982291,52.262707032,52.563790657,51.834241873,1667461.0
2008-07-31 00:00:00,52.812763655,52.783813307,53.003835956,52.552210518,3898642.0
2008-08-01 00:00:00,52.570247897,52.901483272,52.913105566,52.48889184,1804729.0
2008-08-04 00:00:00,52.63998166,52.779449187,52.959594742,52.593492484,2029898.0
2008-08-05 00:00:00,52.79107148,52.384291195,52.936350154,52.366857754,2191151.0
2008-08-06 00:00:00,52.244823668,52.169220646,52.244823668,51.901965999,3139404.0
2008-08-07 00:00:00,52.372668901,53.023517358,53.110684562,52.256445962,2765517.0
2008-08-08 00:00:00,53.104873415,53.168796032,53.215285207,52.901483272,1035331.0
2008-08-11 00:00:00,53.040950799,52.657415101,53.040950799,52.354073231,3939322.0
2008-08-12 00:00:00,53.05838424,53.151362591,53.186229472,52.994461623,1314992.0
2008-08-13 00:00:00,53.34313044,52.965405889,53.372186174,52.854994097,1940263.0
2008-08-14 00:00:00,53.319885852,53.308263558,53.517464848,53.20947406,2605243.0
2008-08-15 00:00:00,53.558142876,53.773155313,53.866133664,53.500031407,1964807.0
2008-08-18 00:00:00,53.796399901,53.98816775,54.062550431,53.726666138,1263123.0
2008-08-19 00:00:00,54.005601191,53.77896646,54.055867612,53.685988109,1944609.0
2008-08-20 00:00:00,53.970734309,53.930056281,54.162502158,53.83707793,2499938.0
2008-08-21 00:00:00,54.116012983,53.831266783,54.116012983,53.604632052,2266997.0
2008-08-22 00:00:00,53.813833342,53.796399901,53.848700223,53.540709436,1989912.0
2008-08-25 00:00:00,54.400759183,54.336836566,54.522793269,54.243858215,2028240.0
2008-08-26 00:00:00,54.307780832,54.383325742,54.447248358,54.162502158,1270881.0
2008-08-27 00:00:00,54.034656926,54.476304093,54.499548681,54.005601191,1555299.0
2008-08-28 00:00:00,54.278725097,54.48211524,54.569282444,54.150879864,1886420.0
2008-08-29 00:00:00,54.342647713,54.238047068,54.424003771,54.046279219,1739019.0
2008-09-02 00:00:00,53.934768654,54.74545535,54.768784463,53.853116756,2915981.0
2008-09-03 00:00:00,54.687132566,54.978746486,55.048733826,54.681300288,2104925.0
2008-09-04 00:00:00,55.112888889,55.419666732,55.437980086,55.002075599,3049715.0
2008-09-05 00:00:00,55.707781284,55.392838251,55.876917358,55.352012302,4168041.0
2008-09-08 00:00:00,55.054566105,55.626129387,55.626129387,54.856268639,5426146.0
2008-09-09 00:00:00,55.596967995,56.180195834,56.209357226,55.427831922,3890119.0
2008-09-10 00:00:00,55.684452171,55.83025913,56.081047101,55.591135716,2407852.0
2008-09-11 00:00:00,56.15686672,55.801097739,56.197692669,55.696116728,3591911.0
2008-09-12 00:00:00,55.818594574,55.077895218,55.888581914,54.967081929,4138135.0
2008-09-15 00:00:00,55.859420522,56.874236962,56.961721138,55.736942676,5890028.0
2008-09-16 00:00:00,58.443119849,56.862572406,58.530604025,56.8100819,6684376.0
2008-09-17 00:00:00,57.399142017,57.148354047,57.667426823,56.705100889,4371248.0
2008-09-18 00:00:00,56.833411014,56.308505958,57.148354047,56.232686339,4188273.0
2008-09-19 00:00:00,54.448009152,54.512164214,55.124553445,54.354692698,7169172.0
2008-09-22 00:00:00,53.905607262,54.506331936,54.506331936,53.713142075,4726297.0
2008-09-23 00:00:00,54.302202192,54.296369914,54.587983833,54.02225283,2235943.0
2008-09-24 00:00:00,54.512164214,54.535493328,54.967081929,54.296369914,1014891.0
2008-09-25 00:00:00,54.873765475,54.424680038,54.873765475,54.033917386,1881151.0
2008-09-26 00:00:00,54.570486998,54.821274969,54.990411042,54.570486998,1992783.0
2008-09-29 00:00:00,55.212037621,56.425151526,56.821746457,55.206205343,4799714.0
2008-09-30 00:00:00,56.30267368,55.042901548,56.448422317,54.879597753,1358052.0
2008-10-01 00:00:00,55.891168722,55.739064595,56.394282374,55.25350142,1767757.0
2008-10-02 00:00:00,56.201227136,56.189526818,56.362106501,55.907549167,931832.0
2008-10-03 00:00:00,56.675089994,56.686790311,56.914946502,55.569409992,1903059.0
2008-10-06 00:00:00,57.470711582,57.722268408,58.125929361,57.400509677,2906197.0
2008-10-07 00:00:00,57.225004915,57.546763646,58.014776345,57.026099518,1971958.0
2008-10-08 00:00:00,58.020626504,56.716041105,58.172730631,56.265578882,3386598.0
2008-10-09 00:00:00,56.669239835,56.236328088,56.861125042,55.99647158,1785344.0
2008-10-10 00:00:00,56.224627771,55.838517294,56.400132533,55.581110309,2199907.0
2008-10-13 00:00:00,55.34710396,55.118947769,55.838517294,54.849840467,1532006.0
2008-10-14 00:00:00,54.843990308,54.762088086,55.434856341,54.639234752,2099972.0
2008-10-15 00:00:00,54.767938244,55.288602372,55.306152848,54.358427133,1449460.0
2008-10-16 00:00:00,55.276902055,55.001359578,55.440706499,54.803039197,1063187.0
2008-10-17 00:00:00,55.101397293,54.621684276,55.224250626,54.124420783,1691858.0
2008-10-20 00:00:00,54.37012745,55.060446181,55.247651261,54.32332618,1146711.0
2008-10-21 00:00:00,55.335403642,55.352954118,55.861917929,55.130648086,1243652.0
2008-10-22 00:00:00,55.937969992,56.482034755,56.73944174,55.780015706,1071261.0
2008-10-23 00:00:00,57.008549042,56.903246184,57.558463963,56.347481104,1801919.0
2008-10-24 00:00:00,57.517512852,56.294829676,57.652066503,56.131025231,1495705.0
2008-10-27 00:00:00,56.903246184,56.335780787,57.160653169,56.037422691,1534101.0
2008-10-28 00:00:00,55.973070945,55.510908404,56.394282374,55.370504595,1505478.0
2008-10-29 00:00:00,55.733214436,55.230100785,55.873618246,54.949293165,1748285.0
2008-10-30 00:00:00,54.990244277,54.726987133,55.165749039,54.580733165,1325935.0
2008-10-31 00:00:00,55.072146499,54.013267767,55.235950944,53.90796491,2282489.0
2008-11-03 00:00:00,54.165980588,54.160107018,54.395049798,53.948658516,1111595.0
2008-11-04 00:00:00,54.306946256,55.182108111,55.334820918,54.089624184,1608756.0
2008-11-05 00:00:00,55.440545169,55.839947895,55.89868359,55.152798999,1931636.0
2008-11-06 00:00:00,55.270211654,55.4346716,55.534522281,54.806199663,919672.0
2008-11-07 00:00:00,55.223223098,55.070510291,55.223223098,54.653486856,1277053.0
2008-11-10 00:00:00,54.800326094,55.340635752,55.563890129,54.72984326,1352097.0
2008-11-11 00:00:00,55.628499393,55.505213169,55.980913563,55.481660156,695968.0
2008-11-12 00:00:00,55.845821465,55.863442173,56.13362637,55.599131546,1199402.0
2008-11-13 00:00:00,55.452292308,54.518394757,55.651993671,54.477279771,1631895.0
2008-11-14 00:00:00,55.569763698,55.605005115,55.775338631,55.381809474,1059631.0
2008-11-17 00:00:00,55.90455716,55.851695034,56.110132092,55.675487949,490511.0
2008-11-18 00:00:00,56.315707025,56.574144082,56.679868334,56.069017106,924768.0
2008-11-19 00:00:00,56.9559261,58.030789319,58.071904305,56.803213293,2090312.0
2008-11-20 00:00:00,59.510928832,61.043930472,61.049804042,59.088031829,5459770.0
2008-11-21 00:00:00,60.350849271,60.157021478,60.779619845,59.293606761,3249297.0
2008-11-24 00:00:00,59.704756626,59.211376788,59.788278784,59.029296134,1587214.0
2008-11-25 00:00:00,60.761999136,60.961700499,61.06742475,60.01605581,2632783.0
2008-11-26 00:00:00,61.214263988,61.043930472,61.742885243,60.844229109,2577729.0
2008-11-28 00:00:00,61.525563171,61.801620938,61.948460175,61.343482517,988446.0
2008-12-01 00:00:00,63.207187085,64.179591315,64.774820571,62.841798829,4031550.0
2008-12-02 00:00:00,63.684549162,64.427112392,64.751247135,63.46649488,3289232.0
2008-12-03 00:00:00,64.692313546,64.60980652,65.01055493,63.684549162,2950997.0
2008-12-04 00:00:00,65.199142417,65.888665417,66.00134644,64.751247135,2826095.0
2008-12-05 00:00:00,65.682397853,64.816074084,66.301200545,64.78071393,4557562.0
2008-12-08 00:00:00,64.816074084,64.674633469,65.269862725,64.350498725,2119481.0
2008-12-09 00:00:00,64.875007674,65.959385724,66.024212673,64.680526828,2055457.0
2008-12-10 00:00:00,65.340583032,65.800265032,65.800265032,65.193249058,2414870.0
2008-12-11 00:00:00,65.817945109,65.929918929,65.965279083,65.045915084,2417249.0
2008-12-12 00:00:00,66.030106032,65.929918929,66.04189275,64.733567058,2547014.0
2008-12-15 00:00:00,65.918132211,66.684268878,66.855176288,65.741331442,1707653.0
2008-12-16 00:00:00,66.949470031,68.340302748,68.599610543,66.872856365,4015018.0
2008-12-17 00:00:00,70.880340464,70.202604183,71.092501387,69.99044326,6432079.0
2008-12-18 00:00:00,70.862660387,71.681837284,72.282959899,70.691752977,4441969.0
2008-12-19 00:00:00,71.275195515,71.758450951,72.188666156,71.180901772,2668416.0
2008-12-22 00:00:00,71.835064617,71.204475208,71.835064617,70.856767028,2222727.0
2008-12-23 00:00:00,70.509058849,71.110181464,71.310555669,70.367618234,1747467.0
2008-12-24 00:00:00,70.856767028,70.956954131,71.204475208,70.79194008,717452.0
2008-12-26 00:00:00,71.3635959,71.19268849,71.587484607,71.1337549,454387.0
2008-12-29 00:00:00,71.509116813,71.107025457,71.852077088,71.024241942,1415906.0
2008-12-30 00:00:00,70.953284644,71.787032898,71.798859114,70.704934101,2590483.0
2008-12-31 00:00:00,71.497290597,70.279190312,71.84616398,69.983534903,2737980.0
2009-01-02 00:00:00,70.693107884,68.505257858,70.929632212,68.505257858,3464102.0
2009-01-05 00:00:00,68.061774744,66.731325404,68.392908802,66.28784229,5395492.0
2009-01-06 00:00:00,65.708357689,66.057231071,66.67810743,65.341744982,4110015.0
2009-01-07 00:00:00,65.909403367,66.317407831,66.335147156,65.578269309,2548854.0
2009-01-08 00:00:00,66.311494723,66.264189858,66.477061752,65.927142691,2603599.0
2009-01-09 00:00:00,65.613747958,66.364712697,66.731325404,65.501398902,2727805.0
2009-01-12 00:00:00,65.678792148,67.056546354,67.145242976,65.678792148,2462793.0
2009-01-13 00:00:00,66.820022027,67.127503652,67.162982301,66.500714185,1767358.0
2009-01-14 00:00:00,67.500029467,68.23916799,68.321951504,67.500029467,2494759.0
2009-01-15 00:00:00,68.416561235,68.351517045,68.842305024,68.047938071,2827282.0
2009-01-16 00:00:00,66.772717161,67.293070681,68.351517045,66.737297643,2994707.0
2009-01-20 00:00:00,66.104535937,67.281244465,67.488203251,66.069057288,3268419.0
2009-01-21 00:00:00,65.891664042,65.146612412,66.54801905,64.986958491,2838093.0
2009-01-22 00:00:00,65.105220654,63.887120369,65.205743493,63.496855229,4016596.0
2009-01-23 00:00:00,63.520507662,63.384506174,63.757031989,62.793195356,2676196.0
2009-01-26 00:00:00,63.230765361,62.828674005,63.46137658,62.562584137,2240814.0
2009-01-27 00:00:00,63.449550364,64.312864158,64.507996728,63.349027525,3421407.0
2009-01-28 00:00:00,64.342429699,62.698585625,64.638085108,62.219623862,4348083.0
2009-01-29 00:00:00,62.125014132,61.249874121,62.568497245,61.001523577,3724397.0
2009-01-30 00:00:00,61.527790205,61.054741551,61.717009667,60.871435197,2630588.0
2009-02-02 00:00:00,61.383971996,62.196301232,62.368254136,61.010419136,2700122.0
2009-02-03 00:00:00,61.54999549,60.708019202,61.864254245,60.630936866,2846354.0
2009-02-04 00:00:00,60.630936866,60.494560424,60.702089791,59.960913481,2305310.0
2009-02-05 00:00:00,60.921477979,60.547925119,61.30096025,60.308376935,2279433.0
2009-02-06 00:00:00,60.334466342,60.358183983,60.696160381,60.126936975,1667494.0
2009-02-09 00:00:00,60.002419355,60.553854529,60.583501582,59.628866494,2257935.0
2009-02-10 00:00:00,61.437336691,61.876113066,61.941336582,61.045995599,3783001.0
2009-02-11 00:00:00,62.386042368,62.682512892,62.854465796,62.279312979,2774154.0
2009-02-12 00:00:00,62.546136451,62.089571844,62.66472466,61.810889551,1818492.0
2009-02-13 00:00:00,61.342466123,60.429336909,61.342466123,60.322607521,2468301.0
2009-02-17 00:00:00,61.698230752,62.320818852,62.356395315,61.579642542,2813822.0
2009-02-18 00:00:00,62.593571734,61.787171909,62.890042258,61.54999549,2768774.0
2009-02-19 00:00:00,60.595360403,60.731736844,61.407689638,60.322607521,3220161.0
2009-02-20 00:00:00,61.532207258,61.324677892,62.059924791,60.957054442,4272002.0
2009-02-23 00:00:00,61.134936756,61.893901298,61.893901298,60.879972106,2688638.0
2009-02-24 00:00:00,62.380112957,61.828677782,62.961195184,61.828677782,4197010.0
2009-02-25 00:00:00,62.107360075,61.111219114,62.255595337,60.796960359,3908158.0
2009-02-26 00:00:00,60.702089791,60.464913372,60.9333368,60.174372259,2611147.0
2009-02-27 00:00:00,60.524207477,60.115078154,60.785101538,59.717807652,3267743.0
2009-03-02 00:00:00,60.485001024,61.115264008,61.115264008,60.40770462,3301952.0
2009-03-03 00:00:00,60.490946901,60.704998481,61.287694447,60.241220059,3084808.0
2009-03-04 00:00:00,60.050951988,60.425542252,60.502838656,59.85473804,3178305.0
2009-03-05 00:00:00,61.555258922,62.11417138,62.399573486,61.210398044,4562360.0
2009-03-06 00:00:00,61.697959975,61.697959975,62.714704978,61.596880062,3126181.0
2009-03-09 00:00:00,61.846606905,61.335261465,61.870390414,61.020129973,2070419.0
2009-03-10 00:00:00,60.609864446,60.1520319,60.800132516,60.062843742,2602554.0
2009-03-11 00:00:00,59.932034444,60.806078393,60.806078393,59.717982864,3101569.0
2009-03-12 00:00:00,60.746619621,61.097426377,61.525529536,60.538513919,3558831.0
2009-03-13 00:00:00,60.800132516,60.788240762,61.472016641,60.550405673,2503935.0
2009-03-16 00:00:00,59.652578215,59.825008654,60.027168479,59.462310144,3265568.0
2009-03-17 00:00:00,60.187707164,59.497985407,60.550405673,59.395478484,3076121.0
2009-03-18 00:00:00,59.830954531,61.763364624,63.963339192,59.700145232,8579974.0
2009-03-19 00:00:00,62.506599276,61.840661028,62.530382784,61.674176466,3650881.0
2009-03-20 00:00:00,61.912011555,61.49580015,62.137954889,61.412617328,3479670.0
2009-03-23 00:00:00,61.715797607,60.960671201,61.79309401,60.930941815,2096968.0
2009-03-24 00:00:00,60.467163392,61.543367168,62.233088924,60.312630044,5477152.0
2009-03-25 00:00:00,61.121209886,60.710944358,61.376882606,60.538513919,2549522.0
2009-03-26 00:00:00,60.615810323,61.418503746,61.579042431,60.449325761,2385217.0
2009-03-27 00:00:00,61.632555326,61.876336291,62.096333748,61.28174857,1853877.0
2009-03-30 00:00:00,62.399573486,62.11417138,62.655246206,61.507691904,2300003.0
2009-03-31 00:00:00,62.161738397,62.56011217,62.613625065,62.137954889,1094525.0
2009-04-01 00:00:00,62.984749526,63.133822522,63.247117999,62.631327267,2383328.0
2009-04-02 00:00:00,62.847602369,62.358642942,62.954934926,62.221495786,1766293.0
2009-04-03 00:00:00,62.263236225,61.076615177,62.412309221,60.921579261,3316754.0
2009-04-06 00:00:00,61.446316207,60.814246704,61.476130806,60.659210788,1418006.0
2009-04-07 00:00:00,60.850024223,60.96928262,61.309169051,60.814246704,1312593.0
2009-04-08 00:00:00,61.166058974,61.511908325,61.637129642,61.094503936,1007779.0
2009-04-09 00:00:00,60.808283784,60.736728746,61.231651093,60.516100712,1088784.0
2009-04-13 00:00:00,61.100466856,61.297243211,61.428427447,61.082578097,946563.0
2009-04-14 00:00:00,61.273391532,61.619240882,61.845831836,61.082578097,1335976.0
2009-04-15 00:00:00,61.798128477,61.511908325,61.899498115,61.052763497,1152418.0
2009-04-16 00:00:00,61.034874738,61.022948898,61.392649928,60.993134299,1055573.0
2009-04-17 00:00:00,60.808283784,60.349138956,60.95139386,60.152362602,2582707.0
2009-04-20 00:00:00,60.903690501,61.267428612,61.364326059,60.796357944,1714341.0
2009-04-21 00:00:00,61.744462199,60.659210788,61.845831836,60.659210788,1802538.0
2009-04-22 00:00:00,60.796357944,60.289509758,60.861950063,59.997326686,2278060.0
2009-04-23 00:00:00,60.140436762,60.283546838,60.378953556,59.895957048,1688281.0
2009-04-24 00:00:00,59.806513251,59.675329014,59.919808728,59.395071782,2829905.0
2009-04-27 00:00:00,59.973475006,59.931734568,60.045030044,59.371220103,2294515.0
2009-04-28 00:00:00,60.22988056,58.947852794,60.277583918,58.792816878,2332548.0
2009-04-29 00:00:00,59.138666229,58.423115848,59.383145942,58.232302413,3752505.0
2009-04-30 00:00:00,58.130932776,58.190561974,58.35752373,57.779120505,2778208.0
2009-05-01 00:00:00,57.79382962,57.787848608,57.895506818,57.464873977,2772133.0
2009-05-04 00:00:00,57.9373739,57.979240982,58.212500437,57.596456234,2246608.0
2009-05-05 00:00:00,57.997184017,57.907468842,58.218481449,57.578513199,1368959.0
2009-05-06 00:00:00,57.79382962,57.769905573,58.320158648,57.72205748,2045866.0
2009-05-07 00:00:00,57.088070241,56.352405805,57.542627129,56.125127361,5756391.0
2009-05-08 00:00:00,56.537817167,56.489969073,56.759114599,56.313529229,2193360.0
2009-05-11 00:00:00,57.15386137,57.29740565,57.393101837,56.998355066,2169932.0
2009-05-12 00:00:00,57.231614522,57.506741059,57.734019503,57.005711711,2304726.0
2009-05-13 00:00:00,57.9373739,58.134747285,58.278291566,57.86560176,1917455.0
2009-05-14 00:00:00,58.08091818,58.362025729,58.46968394,57.90148783,1704583.0
2009-05-15 00:00:00,58.320158648,58.344082694,58.350063706,57.997184017,2306504.0
2009-05-18 00:00:00,58.326139659,57.434968919,58.385949776,57.345253744,2234609.0
2009-05-19 00:00:00,57.237595533,57.129937323,57.40506386,56.950506973,1624222.0
2009-05-20 00:00:00,57.08208923,57.734019503,57.817753666,57.022279113,2825795.0
2009-05-21 00:00:00,58.051013122,56.274652653,58.104842227,56.137089384,4771832.0
2009-05-22 00:00:00,55.820095765,55.646646427,56.220823548,55.538988216,4484644.0
2009-05-26 00:00:00,55.957659034,54.80332378,55.987564092,54.80332378,3635200.0
2009-05-27 00:00:00,54.87509592,53.829615078,55.078450317,53.762627747,7490809.0
2009-05-28 00:00:00,54.593988371,54.611931406,54.719589616,53.672912572,9826336.0
2009-05-29 00:00:00,54.552121289,56.029431174,56.065317244,54.516235219,4746612.0
2009-06-01 00:00:00,55.114611034,54.364551921,55.138612926,54.052527329,6986934.0
2009-06-02 00:00:00,54.676576512,54.658575093,54.772584079,54.17853726,5064098.0
2009-06-03 00:00:00,54.886593064,55.174615764,55.276623803,54.508563271,6727244.0
2009-06-04 00:00:00,54.568568,54.028525438,54.742581714,53.854511723,5438563.0
2009-06-05 00:00:00,53.656496117,53.614492807,54.250542935,53.440479093,8441002.0
2009-06-08 00:00:00,53.956519763,53.47648193,54.148534896,53.398475782,4084816.0
2009-06-09 00:00:00,53.824509359,53.470481457,53.896515034,53.260464905,6046596.0
2009-06-10 00:00:00,53.032446935,52.624414777,53.368473418,52.246384983,12143036.0
2009-06-11 00:00:00,52.366394442,53.212461122,53.422477674,52.324391131,10693783.0
2009-06-12 00:00:00,53.362472945,53.692498955,54.100531113,53.362472945,6607128.0
2009-06-15 00:00:00,54.034525911,54.17853726,54.400554758,53.998523073,4518630.0
2009-06-16 00:00:00,54.286545773,55.12661198,55.168615291,54.190538206,5376949.0
2009-06-17 00:00:00,55.180616236,54.814587389,55.708657853,54.814587389,7197109.0
2009-06-18 00:00:00,54.460559487,53.980521654,54.658575093,53.776505576,6794601.0
2009-06-19 00:00:00,53.90851598,54.724580295,54.730580768,53.836510305,4750877.0
2009-06-22 00:00:00,55.174615764,55.258622384,55.45663799,54.946597793,3952348.0
2009-06-23 00:00:00,55.37263137,55.912673931,55.996680552,55.258622384,5359875.0
2009-06-24 00:00:00,55.900672986,55.348629478,56.152692848,55.306626168,6556727.0
2009-06-25 00:00:00,55.642652651,56.368709873,56.410713183,55.31262664,7140032.0
2009-06-26 00:00:00,56.482718858,56.464717439,56.650732099,56.236699469,4050306.0
2009-06-29 00:00:00,56.752740139,56.54872406,56.932754326,56.458716966,4334831.0
2009-06-30 00:00:00,56.224698523,56.452716493,56.776742031,55.996680552,3743764.0
2009-07-01 00:00:00,55.943027822,56.340333295,56.346353074,55.834671785,3379993.0
2009-07-02 00:00:00,56.490827792,56.472768452,56.659381628,56.292175056,2645005.0
2009-07-06 00:00:00,56.322273955,56.364412414,56.466748672,55.924968483,1886697.0
2009-07-07 00:00:00,56.06342342,56.743658547,56.821915685,56.05740364,2592443.0
2009-07-08 00:00:00,56.966390402,57.797120026,57.983733202,56.827995663,7912835.0
2009-07-09 00:00:00,57.104845339,57.104845339,57.333596975,56.56306515,5250766.0
2009-07-10 00:00:00,57.267379396,57.634585969,57.69634891,57.153003578,3981804.0
2009-07-13 00:00:00,57.688763988,57.309517855,57.857317824,57.231260717,2604382.0
2009-07-14 00:00:00,56.749678326,56.352372854,56.972410182,56.111581659,3629073.0
2009-07-15 00:00:00,55.485524552,54.895586123,55.690197068,54.889566343,4669206.0
2009-07-16 00:00:00,55.57582125,55.491544331,55.798553105,55.389208074,4225157.0
2009-07-17 00:00:00,55.028021281,54.630715809,55.304931155,54.630715809,3845658.0
2009-07-20 00:00:00,54.395944393,54.919665243,55.383188294,54.365845494,4436505.0
2009-07-21 00:00:00,54.757131186,56.021284961,56.111581659,54.660814708,3895225.0
2009-07-22 00:00:00,55.930988263,55.515623451,56.006656896,55.304931155,1986706.0
2009-07-23 00:00:00,55.54572235,54.492260871,55.56980147,54.227390557,3819859.0
2009-07-24 00:00:00,54.486241092,54.757131186,54.757131186,54.347786154,1765276.0
2009-07-27 00:00:00,54.022718041,54.125054299,54.281568576,53.848144424,2756169.0
2009-07-28 00:00:00,54.317687255,54.606636689,54.979863042,54.143053441,3324934.0
2009-07-29 00:00:00,55.190555337,54.907625683,55.262792696,54.450122412,2911690.0
2009-07-30 00:00:00,54.811309205,55.690197068,55.780493766,54.624696029,4040621.0
2009-07-31 00:00:00,56.201878357,56.779777226,56.809876125,55.858750904,5697633.0
2009-08-03 00:00:00,56.368134381,55.915129182,56.404374796,55.643326063,4030110.0
2009-08-04 00:00:00,56.259413133,55.468164053,56.313773757,55.075559548,3832186.0
2009-08-05 00:00:00,54.858117053,54.634634489,55.727887034,54.592354003,4458231.0
2009-08-06 00:00:00,54.610474211,54.821876637,55.208441073,54.320550885,3228611.0
2009-08-07 00:00:00,54.320550885,54.36283137,54.628594419,54.199145491,3543111.0
2009-08-10 00:00:00,54.374911508,55.045359202,55.05743934,54.314510815,3150534.0
2009-08-11 00:00:00,55.510444539,55.685606549,55.798737047,55.268841766,3677733.0
2009-08-12 00:00:00,55.84868842,55.087639687,55.921169252,54.725235528,4729247.0
2009-08-13 00:00:00,55.154080449,55.872848697,55.969489806,54.97287837,3922266.0
2009-08-14 00:00:00,56.060090846,56.090291192,56.603697084,56.005730222,4410327.0
2009-08-17 00:00:00,56.452695351,56.923820757,56.935900896,56.404374796,3570338.0
2009-08-18 00:00:00,56.881540272,56.591616945,56.94761863,56.488935767,2557827.0
2009-08-19 00:00:00,57.189583807,57.062742351,57.310385193,56.73144455,3518280.0
2009-08-20 00:00:00,57.316425262,57.533867757,57.612388658,56.952511086,3282655.0
2009-08-21 00:00:00,57.473467064,56.343974103,57.527827688,56.331893965,6260647.0
2009-08-24 00:00:00,56.174852163,57.370785886,57.370785886,56.156731955,4460290.0
2009-08-25 00:00:00,57.310385193,57.696949629,57.745270183,57.032542005,3359651.0
2009-08-26 00:00:00,57.799630807,57.962712678,58.023113372,57.636548936,3225758.0
2009-08-27 00:00:00,57.799630807,57.733190045,58.065393857,57.527827688,2513928.0
2009-08-28 00:00:00,57.352665678,57.998953094,57.999013495,57.274144777,2072461.0
2009-08-31 00:00:00,57.908352055,58.053313718,58.21035552,57.545947896,2899866.0
2009-09-01 00:00:00,57.766991076,57.912415614,58.227562707,57.354954884,3304132.0
2009-09-02 00:00:00,58.166908556,58.76072542,58.881912536,58.021484018,4344949.0
2009-09-03 00:00:00,58.385045363,58.397164075,58.554707325,58.209324046,2703715.0
2009-09-04 00:00:00,58.142671133,57.397370374,58.239136077,57.306480038,3642929.0
2009-09-08 00:00:00,56.955037404,56.991393539,57.494320067,56.882325135,2468889.0
2009-09-09 00:00:00,56.597535414,56.924740625,56.924740625,56.373339251,3182346.0
2009-09-10 00:00:00,57.227708413,57.979068527,58.306273738,57.215589702,4417337.0
2009-09-11 00:00:00,58.372926652,58.300214383,58.894031247,58.239620825,4826128.0
2009-09-14 00:00:00,57.888178191,57.71851623,58.281733348,57.663982028,2119468.0
2009-09-15 00:00:00,57.385251663,57.421607798,57.736694297,57.312539394,2187812.0
2009-09-16 00:00:00,57.476141999,57.524616845,57.845762701,57.027749673,3734217.0
2009-09-17 00:00:00,57.688219451,58.251739537,58.31839245,57.373314732,2831914.0
2009-09-18 00:00:00,57.997246595,57.730634941,58.197205335,57.676100739,2813277.0
2009-09-21 00:00:00,57.936653037,57.863940768,58.172967912,57.488260711,3050152.0
2009-09-22 00:00:00,57.663982028,57.985127883,58.100255643,57.579090454,2067965.0
2009-09-23 00:00:00,57.839703345,58.1608492,58.227502114,57.391311019,5711910.0
2009-09-24 00:00:00,58.179027268,58.330511162,58.536529257,57.979068527,4658339.0
2009-09-25 00:00:00,58.700131863,59.07581192,59.124286766,58.342629873,3855025.0
2009-09-28 00:00:00,59.281830016,59.596916515,59.651450717,59.154583545,4264840.0
2009-09-29 00:00:00,59.281830016,59.542382314,59.796875255,59.178820968,3123132.0
2009-09-30 00:00:00,59.427254554,59.487848112,59.772637832,59.306067439,2744798.0
2009-10-01 00:00:00,59.856964221,60.306757398,60.525575701,59.760684168,5755859.0
2009-10-02 00:00:00,60.659297997,59.887355652,60.677532855,59.808337931,4827652.0
2009-10-05 00:00:00,60.166956816,59.893433938,60.282444253,59.741476783,2910061.0
2009-10-06 00:00:00,59.735398497,59.297761892,59.759711642,59.261292175,3936124.0
2009-10-07 00:00:00,59.680693922,59.996764803,60.081860809,59.638145918,3591239.0
2009-10-08 00:00:00,60.312835684,59.36462304,60.343227115,59.07894359,5871552.0
2009-10-09 00:00:00,59.042473873,57.99700865,59.097178448,57.753877203,8135818.0
2009-10-12 00:00:00,58.07602637,58.088182942,58.258374955,57.814660064,1939612.0
2009-10-13 00:00:00,58.434645255,58.392097251,58.574445837,58.215826952,2886494.0
2009-10-14 00:00:00,57.759955489,57.522902328,58.118574373,57.389180032,5420948.0
2009-10-15 00:00:00,57.188596588,57.255457736,57.705250913,57.067030864,3737309.0
2009-10-16 00:00:00,57.565450331,57.723485772,57.772112061,57.285849167,3716781.0
2009-10-19 00:00:00,57.808581778,58.179357235,58.185435521,57.680937768,3163768.0
2009-10-20 00:00:00,58.677776702,58.495428116,58.814538141,58.386140531,2912315.0
2009-10-21 00:00:00,58.15504409,58.142887518,58.185435521,57.759955489,3355106.0
2009-10-22 00:00:00,57.680937768,57.857208068,57.954460646,57.65188356,2572169.0
2009-10-23 00:00:00,57.377023459,57.419571463,57.705250913,57.370945173,2996179.0
2009-10-26 00:00:00,57.109578867,56.671942262,57.152126871,56.568611397,4128830.0
2009-10-27 00:00:00,56.823899417,57.449962894,57.516824041,56.793507986,4476264.0
2009-10-28 00:00:00,57.5350589,57.723485772,57.936225788,57.425649749,4585349.0
2009-10-29 00:00:00,57.340553742,57.091344009,57.486371828,56.811742845,4645491.0
2009-10-30 00:00:00,57.510745755,57.924069216,58.063869798,57.370945173,5117998.0
2009-11-02 00:00:00,57.947424236,57.666920175,57.990109636,57.514472316,3463730.0
2009-11-03 00:00:00,57.807172206,57.087618311,57.85595552,57.026639168,4471119.0
2009-11-04 00:00:00,56.788820507,56.563197676,57.069324568,56.294889444,5349708.0
2009-11-05 00:00:00,56.337574845,56.563197676,56.563197676,56.294889444,2852043.0
2009-11-06 00:00:00,56.648568477,56.618078905,56.691253878,56.087560356,3381038.0
2009-11-09 00:00:00,56.587589334,56.685155963,56.843701737,56.496120618,1697715.0
2009-11-10 00:00:00,57.057128739,56.581491419,57.087618311,56.361966502,2549848.0
2009-11-11 00:00:00,56.801016336,56.819310079,57.124205797,56.709547621,1771032.0
2009-11-12 00:00:00,56.563197676,56.715645535,56.776624679,56.081462442,3431281.0
2009-11-13 00:00:00,56.922974623,56.977855853,57.063226654,56.691253878,1594173.0
2009-11-16 00:00:00,57.423003601,57.648626432,57.91083675,57.343730714,5175649.0
2009-11-17 00:00:00,57.630332689,57.959620065,58.124263752,57.520570231,3174312.0
2009-11-18 00:00:00,57.904738835,57.61813686,57.959620065,57.47788483,2413548.0
2009-11-19 00:00:00,57.782780548,57.721801405,58.136459581,57.581549374,2969787.0
2009-11-20 00:00:00,57.636430604,57.709605576,57.862053435,57.386416115,4136249.0
2009-11-23 00:00:00,57.355926543,57.636430604,57.697409747,57.233968256,3219280.0
2009-11-24 00:00:00,57.703507661,58.002305465,58.063284609,57.630332689,2895637.0
2009-11-25 00:00:00,57.935228407,58.270613697,58.386413091,57.61813686,2789426.0
2009-11-27 00:00:00,58.490138614,58.490138614,58.587705244,58.301103269,2249046.0
2009-11-30 00:00:00,58.368180327,58.630390644,58.691369788,58.24622204,3115775.0
2009-12-01 00:00:00,58.285728465,57.973744997,58.389722955,57.937041059,3979501.0
2009-12-02 00:00:00,57.998214288,58.02268358,58.408074924,57.814694601,2193898.0
2009-12-03 00:00:00,57.472124517,57.417068611,57.722934757,57.355895382,3947274.0
2009-12-04 00:00:00,56.774749704,56.805336319,56.994973329,56.542291433,6108059.0
2009-12-07 00:00:00,56.762515058,56.878744194,57.050029236,56.652403246,2774138.0
2009-12-08 00:00:00,57.239666246,56.964386715,57.43542058,56.823688288,2378629.0
2009-12-09 00:00:00,57.019442621,56.701341829,57.239666246,56.401593006,3494456.0
2009-12-10 00:00:00,56.407710329,56.046788277,56.475000881,55.955028433,4446283.0
2009-12-11 00:00:00,55.887737881,56.040670954,56.144665443,55.563519766,3053364.0
2009-12-14 00:00:00,56.19972135,56.107961506,56.291481194,56.016201662,2380313.0
2009-12-15 00:00:00,55.722570162,55.857151266,55.985615048,55.673631579,2993879.0
2009-12-16 00:00:00,55.942793787,55.789860714,56.138609294,55.594106381,3301591.0
2009-12-17 00:00:00,56.291481194,56.713576475,56.738045767,56.101905356,4428864.0
2009-12-18 00:00:00,56.719693798,56.468883558,56.903213486,56.383241037,3789478.0
2009-12-21 00:00:00,56.022318985,55.459525276,56.107961506,55.459525276,3523999.0
2009-12-22 00:00:00,55.251536297,55.147541807,55.294357558,55.019689758,3078813.0
2009-12-23 00:00:00,55.349413464,55.159776453,55.612458349,55.06801661,2335992.0
2009-12-24 00:00:00,54.96402212,54.584748099,54.982374089,54.560278807,1698812.0
2009-12-28 00:00:00,54.431815026,54.431815026,54.535809515,54.333937859,3170825.0
2009-12-29 00:00:00,54.504367599,54.79290802,54.891134547,54.467532652,2616955.0
2009-12-30 00:00:00,54.90955202,55.155118336,55.253344863,54.875786652,1919066.0
2009-12-31 00:00:00,54.811325494,54.891134547,55.02619602,54.375445283,3242447.0
2010-01-04 00:00:00,54.860438757,54.842021283,55.020056863,54.700820652,2829018.0
2010-01-05 00:00:00,54.989361073,55.198092442,55.346046147,54.958665284,2841589.0
2010-01-06 00:00:00,55.063030968,54.455254336,55.118283389,54.418419388,4099754.0
2010-01-07 00:00:00,54.479810967,54.547341704,54.739006214,54.418419388,2794417.0
2010-01-08 00:00:00,54.657846546,54.522785073,54.688542336,54.197409704,2910649.0
2010-01-11 00:00:00,54.338610336,54.221966336,54.565759178,54.203548862,2182206.0
2010-01-12 00:00:00,55.05689181,55.155118336,55.198092442,54.861973547,4321155.0
2010-01-13 00:00:00,54.915691178,54.510506757,55.130561705,54.479810967,4754916.0
2010-01-14 00:00:00,54.768351389,55.277901494,55.277901494,54.67626402,4188789.0
2010-01-15 00:00:00,55.590998547,55.621694337,55.775173284,55.560302758,4142729.0
2010-01-19 00:00:00,55.400684652,55.462076231,55.6474788,55.216509915,2496039.0
2010-01-20 00:00:00,55.769034126,56.026878758,56.045357623,55.738338337,2800568.0
2010-01-21 00:00:00,55.910234758,56.28472339,56.425924022,55.854982337,4363028.0
2010-01-22 00:00:00,56.241749285,56.186496864,56.376810758,56.042226653,3667182.0
2010-01-25 00:00:00,55.9040956,55.928652232,56.1373836,55.873399811,2419434.0
2010-01-26 00:00:00,56.198775179,55.947069705,56.2540276,55.762894968,3138034.0
2010-01-27 00:00:00,56.033017916,55.916373916,56.241749285,55.799729916,3325650.0
2010-01-28 00:00:00,55.652390126,55.885678126,56.002322127,55.609416021,3058736.0
2010-01-29 00:00:00,55.824286547,56.376810758,56.407506548,55.726060021,4930563.0
2010-02-01 00:00:00,56.207258484,55.862251745,56.219580153,55.800643399,3598531.0
2010-02-02 00:00:00,55.880734249,56.022433445,56.047076783,55.794482564,3047441.0
2010-02-03 00:00:00,55.652783368,55.369384975,55.751356722,55.320098298,5343606.0
2010-02-04 00:00:00,55.763678391,56.250384326,56.275027664,55.708230879,6095145.0
2010-02-05 00:00:00,55.997790106,56.373601018,56.644677742,55.898908711,6876508.0
2010-02-08 00:00:00,56.305831837,56.447531034,56.478335207,56.170293476,3385933.0
2010-02-09 00:00:00,56.225740987,55.880734249,56.521461049,55.85609091,4789948.0
2010-02-10 00:00:00,55.966985933,55.344741637,56.139489303,55.276972456,5068022.0
2010-02-11 00:00:00,55.276972456,55.04286074,55.326259133,54.772153667,5087405.0
2010-02-12 00:00:00,55.344741637,55.270811621,55.412510818,55.12295159,2833791.0
2010-02-16 00:00:00,54.987413229,55.37554581,55.424832487,54.987413229,2440817.0
2010-02-17 00:00:00,55.104469087,54.740979844,55.209203275,54.586958978,4368839.0
2010-02-18 00:00:00,54.821070694,54.519189798,54.845714033,54.235791405,5121834.0
2010-02-19 00:00:00,54.685532332,54.814909859,54.851874867,54.476063955,3502421.0
2010-02-22 00:00:00,54.611602317,54.586958978,54.734819009,54.488385625,3382558.0
2010-02-23 00:00:00,54.747140679,55.443314991,55.486440833,54.72249734,5476379.0
2010-02-24 00:00:00,55.492601668,55.578853352,55.69590921,55.264650787,4423881.0
2010-02-25 00:00:00,55.880734249,55.893055918,55.948503429,55.708230879,3707697.0
2010-02-26 00:00:00,56.053237618,56.182615145,56.422887695,56.022433445,4349028.0
2010-03-01 00:00:00,56.151490877,56.15767124,56.275098119,55.922817481,2415171.0
2010-03-02 00:00:00,55.873374585,56.083506895,56.117498886,55.762128068,2260576.0
2010-03-03 00:00:00,55.953719292,55.941358567,55.996981826,55.762128068,2156414.0
2010-03-04 00:00:00,55.922817481,56.238015946,56.36780355,55.842472774,2374728.0
2010-03-05 00:00:00,55.842472774,55.496372499,55.867194223,55.403667068,3823122.0
2010-03-08 00:00:00,55.267699103,55.205895482,55.310961637,55.144030058,2850302.0
2010-03-09 00:00:00,55.317141999,55.218256206,55.329564527,54.958681,2573667.0
2010-03-10 00:00:00,55.014304258,55.076107879,55.144091862,54.828893397,3216171.0
2010-03-11 00:00:00,54.952500638,55.280059827,55.416027792,54.940139914,2621503.0
2010-03-12 00:00:00,55.187354396,55.626160102,55.731226257,55.162694752,3099362.0
2010-03-15 00:00:00,55.545815396,55.551995758,55.61997974,55.360404534,1936779.0
2010-03-16 00:00:00,55.675602999,55.996981826,56.003162188,55.663242275,3932548.0
2010-03-17 00:00:00,56.139130153,56.238015946,56.238015946,55.990801464,3481160.0
2010-03-18 00:00:00,56.207114136,56.052605085,56.244196308,55.953719292,2750298.0
2010-03-19 00:00:00,55.898096033,56.108228343,56.305999929,55.867194223,2976273.0
2010-03-22 00:00:00,56.163851602,56.170031964,56.25037667,56.083506895,2452341.0
2010-03-23 00:00:00,55.990801464,55.904276395,56.145310515,55.891915671,2909928.0
2010-03-24 00:00:00,55.230616931,54.878336293,55.484011775,54.748239672,8049821.0
2010-03-25 00:00:00,54.791811224,54.526055656,54.859795207,54.322103708,8268492.0
2010-03-26 00:00:00,54.427169863,54.680564707,54.785630862,54.396268052,4111700.0
2010-03-29 00:00:00,54.575498552,54.470432397,54.618761087,54.285021535,3245248.0
2010-03-30 00:00:00,54.414809139,54.643482535,54.680564707,54.260300087,3254599.0
2010-03-31 00:00:00,54.847434483,55.020484621,55.032845345,54.680564707,4263866.0
2010-04-01 00:00:00,54.773386661,54.88504697,54.934673774,54.562472743,2912399.0
2010-04-05 00:00:00,54.28332197,53.966951094,54.382513545,53.929730991,5652112.0
2010-04-06 00:00:00,54.171661661,54.053798002,54.202678414,53.892510888,3584555.0
2010-04-07 00:00:00,53.954544393,54.748573259,54.866436918,53.861494136,6389806.0
2010-04-08 00:00:00,54.847826867,54.773386661,54.996707279,54.593489496,3797833.0
2010-04-09 00:00:00,54.674133053,54.903657021,54.95018215,54.550066042,2311262.0
2010-04-12 00:00:00,55.021520681,55.195214495,55.263451351,54.971893877,2939571.0
2010-04-13 00:00:00,55.468161918,55.37511166,55.505382021,55.238637949,3090843.0
2010-04-14 00:00:00,55.387518361,54.984300578,55.455755217,54.984300578,3570297.0
2010-04-15 00:00:00,54.823013465,55.046334083,55.226231248,54.717556506,3697982.0
2010-04-16 00:00:00,55.164197743,55.449551866,55.530195423,55.064944135,8305705.0
2010-04-19 00:00:00,55.455755217,55.313078155,55.555008825,55.238637949,3211477.0
2010-04-20 00:00:00,55.443348516,55.511585371,55.530195423,55.315869663,2284968.0
2010-04-21 00:00:00,55.703889237,55.970633309,56.051276866,55.697685887,4162429.0
2010-04-22 00:00:00,56.094700319,55.803142845,56.211447376,55.74110934,4606513.0
2010-04-23 00:00:00,55.666669134,55.604635629,55.762821067,55.455755217,4775946.0
2010-04-26 00:00:00,55.85276965,55.666669134,55.939616557,55.49917867,4753864.0
2010-04-27 00:00:00,56.063683567,56.454494649,56.727442071,55.970633309,13199242.0
2010-04-28 00:00:00,56.237377381,55.970633309,56.373851092,55.834779933,8379444.0
2010-04-29 00:00:00,56.069886917,56.206360629,56.294758373,55.858973,4067153.0
2010-04-30 00:00:00,56.330427639,56.857712432,56.882525834,56.22497068,6924749.0
2010-05-03 00:00:00,56.614963348,56.783037666,56.988461833,56.527813702,4211801.0
2010-05-04 00:00:00,57.480234838,57.8101585,57.891083172,57.32461047,11059904.0
2010-05-05 00:00:00,58.258356682,58.152532111,58.750129687,57.816383475,12219043.0
2010-05-06 00:00:00,58.32060643,59.957774789,61.955991684,58.084057389,19579051.0
2010-05-07 00:00:00,59.391302087,59.204552844,60.767021506,59.011578627,18740522.0
2010-05-10 00:00:00,57.698108955,57.972007844,58.183656985,57.651421644,10240306.0
2010-05-11 00:00:00,58.208556884,57.82260845,58.233456783,57.592284384,7729048.0
2010-05-12 00:00:00,57.685659005,57.380635242,57.760358702,57.355735343,5530849.0
2010-05-13 00:00:00,57.760358702,57.760358702,57.94088297,57.099577632,6849744.0
2010-05-14 00:00:00,58.295706531,58.768804612,59.154753046,58.277031606,9796599.0
2010-05-17 00:00:00,58.669205016,58.550930495,59.285477516,58.513580647,6302355.0
2010-05-18 00:00:00,58.781254561,59.453551834,59.571826354,58.700329889,9904647.0
2010-05-19 00:00:00,59.428651935,59.652751026,60.057374385,59.42242696,14121236.0
2010-05-20 00:00:00,60.654971961,60.9164209,61.065820294,60.41842292,17667742.0
2010-05-21 00:00:00,61.713217668,60.978670648,61.800367315,60.623847087,18671087.0
2010-05-24 00:00:00,61.171644865,60.767021506,61.252569537,60.648746986,7721043.0
2010-05-25 00:00:00,61.738117567,61.065820294,61.887516961,60.959995724,12953072.0
2010-05-26 00:00:00,60.847946178,60.891521001,60.961178469,60.337560498,12644854.0
2010-05-27 00:00:00,59.982674688,59.503351632,60.082274284,59.391302087,7653111.0
2010-05-28 00:00:00,59.771025546,59.777250521,59.951549814,59.475339246,5805433.0
2010-06-01 00:00:00,60.436735054,60.19938458,60.474211444,59.824620675,5536329.0
2010-06-02 00:00:00,60.286829491,59.624746592,60.411750793,59.556039876,5656398.0
2010-06-03 00:00:00,59.175029905,59.187522036,59.612254462,59.106323189,8499473.0
2010-06-04 00:00:00,60.255599166,60.786514699,60.88645174,60.105693604,7479657.0
2010-06-07 00:00:00,60.617870941,61.25496958,61.286199906,60.499195704,5288171.0
2010-06-08 00:00:00,60.87395961,60.948912391,61.236231385,60.767776503,5510785.0
2010-06-09 00:00:00,60.667839462,60.880205675,60.992634847,60.424242923,5598095.0
2010-06-10 00:00:00,60.417996858,59.787144284,60.474211444,59.724683633,6075043.0
2010-06-11 00:00:00,60.349290142,60.549164225,60.799006829,60.049479018,6266861.0
2010-06-14 00:00:00,59.86834313,60.236860971,60.318059817,59.805882479,5310307.0
2010-06-15 00:00:00,60.361782272,59.987018367,60.449227184,59.699699373,4920038.0
2010-06-16 00:00:00,60.411750793,60.330551947,60.430488988,59.912065586,4011079.0
2010-06-17 00:00:00,60.386766533,60.823991089,61.061341563,60.336798012,5650874.0
2010-06-18 00:00:00,60.84897535,60.724054048,60.986388781,60.649101267,4171631.0
2010-06-21 00:00:00,59.955788042,60.549164225,60.636609136,59.924557716,5740875.0
2010-06-22 00:00:00,60.717807983,61.273707776,61.292445971,60.55541029,5661562.0
2010-06-23 00:00:00,61.298692036,61.692194137,61.898314285,61.273707776,9137828.0
2010-06-24 00:00:00,61.760900853,61.323676296,61.910806415,61.136294344,6184567.0
2010-06-25 00:00:00,61.117556148,61.5735189,61.748408722,61.017619107,5148464.0
2010-06-28 00:00:00,61.91705248,62.154402953,62.166895084,61.80287441,5437428.0
2010-06-29 00:00:00,62.366769166,62.835224048,62.869577406,62.266832125,7340714.0
2010-06-30 00:00:00,63.047590261,63.259956474,63.284940735,62.666580291,7205937.0
2010-07-01 00:00:00,63.341108651,63.359904024,64.024007168,63.222071296,12893782.0
2010-07-02 00:00:00,63.052912948,62.85242898,63.25966204,62.457726168,6297545.0
2010-07-06 00:00:00,62.877489476,63.372434272,63.453880884,62.82110336,6620321.0
2010-07-07 00:00:00,63.272192287,62.626884516,63.303517908,62.5704984,5727793.0
2010-07-08 00:00:00,62.244711951,62.22591658,62.457726168,62.075616255,6260593.0
2010-07-09 00:00:00,61.981576744,61.868804512,62.13193972,61.843744016,4286009.0
2010-07-12 00:00:00,61.937720876,61.843744016,62.2572422,61.75603228,4062097.0
2010-07-13 00:00:00,61.636994924,61.311208476,61.66205542,61.217231616,5842456.0
2010-07-14 00:00:00,61.555548312,61.931455751,62.03796286,61.34879922,5417267.0
2010-07-15 00:00:00,62.19459096,62.551703028,62.7271265,62.169530464,6996382.0
2010-07-16 00:00:00,62.551703028,62.858694104,63.065443196,62.526642532,7512361.0
2010-07-19 00:00:00,62.708331128,62.470256416,62.827368484,62.344953936,4305778.0
2010-07-20 00:00:00,62.777247492,62.564233276,62.921345344,62.470256416,5077056.0
2010-07-21 00:00:00,62.639414764,63.629304356,63.785932456,62.614354268,7894192.0
2010-07-22 00:00:00,63.303517908,62.890019724,63.309783032,62.871224351,5760084.0
2010-07-23 00:00:00,62.858694104,62.219651456,62.965201212,62.16326534,6259014.0
2010-07-26 00:00:00,62.125674596,62.113144348,62.238446828,61.730971784,4856312.0
2010-07-27 00:00:00,61.593139056,61.511692444,61.843117503,61.4615088,5329302.0
2010-07-28 00:00:00,61.41145046,61.712176412,61.85000914,61.273617732,5507139.0
2010-07-29 00:00:00,61.167110624,61.69338104,61.743502032,61.054338392,6306476.0
2010-07-30 00:00:00,62.482786664,62.658210136,62.739656748,62.263507324,7683171.0
2010-08-02 00:00:00,62.082729935,61.774744465,62.139298694,61.774744465,5769206.0
2010-08-03 00:00:00,62.057588264,62.133013276,62.34671748,61.887881984,4363423.0
2010-08-04 00:00:00,62.246150796,61.655321528,62.252436214,61.655321528,3820360.0
2010-08-05 00:00:00,62.145584112,61.944450744,62.239865378,61.831313225,3704154.0
2010-08-06 00:00:00,62.428427911,62.623275861,62.692415456,62.239865378,6042386.0
2010-08-09 00:00:00,62.397000822,62.390715404,62.547850848,62.315290391,2578456.0
2010-08-10 00:00:00,62.59813419,62.522709177,63.195248876,62.227294543,11250994.0
2010-08-11 00:00:00,62.755269634,63.364955156,63.434157605,62.755269634,6778331.0
2010-08-12 00:00:00,63.553517688,63.207819712,63.779792727,63.107253028,7590006.0
2010-08-13 00:00:00,63.578659359,63.999782348,64.100349032,63.490663511,7844008.0
2010-08-16 00:00:00,65.206582556,65.608849292,65.633990963,65.118586708,7980454.0
2010-08-17 00:00:00,65.608849292,65.231724227,65.615071856,65.074588784,6756766.0
2010-08-18 00:00:00,65.703130559,65.407715924,66.111682712,65.382574253,7721936.0
2010-08-19 00:00:00,65.571136786,66.432239018,66.715082816,65.47685552,13128468.0
2010-08-20 00:00:00,66.589374461,66.356814005,66.853362007,66.23110565,7040203.0
2010-08-23 00:00:00,66.111682712,66.36938484,66.451095271,65.860266002,6360209.0
2010-08-24 00:00:00,66.98535578,67.437905858,67.670466314,66.752795323,9813383.0
2010-08-25 00:00:00,68.091589304,67.217916236,68.431001862,67.004212033,13305263.0
2010-08-26 00:00:00,67.312197503,67.852743429,67.896741353,67.142491223,7040673.0
2010-08-27 00:00:00,67.444191275,65.92312018,67.796174669,65.828838914,13514371.0
2010-08-30 00:00:00,66.463666106,67.190260398,67.211630819,66.218534814,5535935.0
2010-08-31 00:00:00,67.727035074,67.940739278,67.997308037,67.349910009,8397291.0
2010-09-01 00:00:00,67.17304751,66.530026212,67.191959901,65.956350347,12480911.0
2010-09-02 00:00:00,66.025695781,65.823963609,66.088737085,65.521365351,8168089.0
2010-09-03 00:00:00,64.462271447,65.00442666,65.231375353,64.449663186,9210650.0
2010-09-07 00:00:00,65.956350347,66.3409023,66.391335343,65.779834696,6018384.0
2010-09-08 00:00:00,65.956350347,65.811355348,66.031999911,65.496148829,6698350.0
2010-09-09 00:00:00,65.080076224,64.50640036,65.168334049,64.411838404,8588826.0
2010-09-10 00:00:00,64.165977319,64.210106232,64.449663186,63.913812104,6910446.0
2010-09-13 00:00:00,63.882291452,64.528464816,64.670307749,63.863379061,7055086.0
2010-09-14 00:00:00,64.657699489,65.149421658,65.155725789,64.619874706,5978667.0
2010-09-15 00:00:00,64.481183838,64.17858558,64.802694487,64.096631885,7925069.0
2010-09-16 00:00:00,63.712079932,63.541868411,63.894899713,63.283399066,17124897.0
2010-09-17 00:00:00,63.901203843,63.800337757,64.108042361,63.579693194,9203852.0
2010-09-20 00:00:00,64.102936015,64.172281449,64.292059927,63.812882976,5277734.0
2010-09-21 00:00:00,64.430750795,65.067467963,65.281808396,64.172281449,12665916.0
2010-09-22 00:00:00,65.615927306,65.653752089,65.943742086,65.17463818,8229358.0
2010-09-23 00:00:00,66.158082519,65.844136826,66.186451106,65.420499265,7412180.0
2010-09-24 00:00:00,65.243983614,64.953993617,65.341697635,64.953993617,8942492.0
2010-09-27 00:00:00,65.603256004,66.088737085,66.180146975,65.571798394,7061568.0
2010-09-28 00:00:00,66.139170128,66.542634472,66.731758384,66.113953606,8262812.0
2010-09-29 00:00:00,66.637196428,66.265252736,66.700237732,66.120572943,5507043.0
2010-09-30 00:00:00,66.151778389,66.221123823,66.268404801,65.288112527,10618386.0
2010-10-01 00:00:00,65.6593738,65.899824623,66.235190244,65.501182469,9368358.0
2010-10-04 00:00:00,65.906152276,66.07067126,66.102309526,65.773271558,4422639.0
2010-10-05 00:00:00,65.975756461,65.672029106,66.026377687,65.469544203,8491718.0
2010-10-06 00:00:00,66.083326566,66.500951679,66.842644954,66.058015953,6476072.0
2010-10-07 00:00:00,66.254173203,65.944118195,66.387053921,65.937790542,5780957.0
2010-10-08 00:00:00,66.064343607,65.653046147,66.437611871,65.653046147,6128648.0
2010-10-11 00:00:00,65.583441961,65.665701453,65.785926864,65.475871856,1474151.0
2010-10-12 00:00:00,65.773271558,65.01395317,65.994739421,64.994970211,6122694.0
2010-10-13 00:00:00,64.469774993,64.912710719,64.957004291,64.273617742,8168337.0
2010-10-14 00:00:00,65.064574396,63.936986591,65.292369912,63.912941508,10947068.0
2010-10-15 00:00:00,63.362435677,63.153623121,63.647180073,62.916336125,12694727.0
2010-10-18 00:00:00,63.742094871,63.666163032,63.900286202,63.476333435,5592388.0
2010-10-19 00:00:00,63.349780371,64.052149879,64.305192732,63.330797411,8017617.0
2010-10-20 00:00:00,63.849664976,64.19135825,64.425544696,63.748422524,5515783.0
2010-10-21 00:00:00,64.052149879,63.42571221,64.19135825,63.419384556,6836182.0
2010-10-22 00:00:00,63.261193226,63.855992629,63.912941508,63.243475797,4770791.0
2010-10-25 00:00:00,64.324238968,64.039494573,64.431809073,63.963562734,5632251.0
2010-10-26 00:00:00,63.526954661,63.046053016,63.653507726,63.01441475,8434427.0
2010-10-27 00:00:00,62.780354857,62.489219532,63.090346588,62.489219532,9245390.0
2010-10-28 00:00:00,62.717015048,62.660066169,62.875206379,62.451253612,8052596.0
2010-10-29 00:00:00,62.868878725,63.248537919,63.273911809,62.742325661,6753774.0
2010-11-01 00:00:00,63.69251251,62.975206129,63.698860354,62.860944935,5921583.0
2010-11-02 00:00:00,63.476685811,63.806773703,63.876599988,63.451294435,6537348.0
2010-11-03 00:00:00,64.282862009,62.499117823,64.62564559,62.188073463,25543437.0
2010-11-04 00:00:00,62.657813925,62.987901817,63.102480403,62.600683328,13247459.0
2010-11-05 00:00:00,62.13729071,61.902420479,62.422943694,61.902420479,12434996.0
2010-11-08 00:00:00,62.289638968,62.181725619,62.499117823,61.80060106,6795528.0
2010-11-09 00:00:00,62.226160527,60.804243454,62.24520406,60.766156389,15064277.0
2010-11-10 00:00:00,60.867721894,60.886765427,61.115287813,60.010762944,18540491.0
2010-11-11 00:00:00,60.931200335,60.855026206,61.045461529,60.734417169,3370330.0
2010-11-12 00:00:00,60.778852077,60.524938314,61.115287813,60.524938314,11739584.0
2010-11-15 00:00:00,60.220241798,59.255369498,60.467807717,59.255369498,14978633.0
2010-11-16 00:00:00,59.953632347,60.7331476,60.804243454,59.369630691,19913474.0
2010-11-17 00:00:00,60.51859047,60.397981432,61.127983502,60.226589642,9915562.0
2010-11-18 00:00:00,60.442416341,60.645547352,60.645547352,59.883806062,12425314.0
2010-11-19 00:00:00,60.702677948,61.020070152,61.020070152,60.512242626,8359478.0
2010-11-22 00:00:00,61.51520199,61.28033176,61.673898092,60.797895609,10414365.0
2010-11-23 00:00:00,61.705637313,61.585028275,61.883376947,61.432680017,9566845.0
2010-11-24 00:00:00,61.159722722,60.480503405,61.273983915,60.3789379,11467563.0
2010-11-26 00:00:00,61.102592125,61.29048831,61.356505888,60.994678776,4848875.0
2010-11-29 00:00:00,61.635811028,61.851637727,61.880203025,61.337462356,8950043.0
2010-11-30 00:00:00,62.683205301,62.175377775,62.721292366,61.984942452,11947581.0
2010-12-01 00:00:00,61.270714536,60.789154892,61.563727018,60.786606957,15445893.0
2010-12-02 00:00:00,60.831195813,60.627361043,61.200646334,60.55735654,9319200.0
2010-12-03 00:00:00,61.035030583,60.149623301,61.066879766,60.124143955,10195108.0
2010-12-06 00:00:00,60.550923005,61.0031814,61.015921074,60.417156437,7004488.0
2010-12-07 00:00:00,60.04133608,59.690995069,60.168732811,59.047641576,18536791.0
2010-12-08 00:00:00,59.404352424,59.111339942,59.455311116,58.378808738,19276636.0
2010-12-09 00:00:00,59.327914385,59.404352424,59.754693435,58.773738604,17477335.0
2010-12-10 00:00:00,59.130449452,59.04127174,59.493530136,59.034901903,7079466.0
2010-12-13 00:00:00,58.977573374,59.26421602,59.601817357,58.665451383,12400422.0
2010-12-14 00:00:00,58.563533998,58.394733329,58.958463865,57.952029688,23519383.0
2010-12-15 00:00:00,58.359699228,57.63353786,58.461616613,57.334155542,26088724.0
2010-12-16 00:00:00,57.690866389,58.034837563,58.0412074,57.397853907,17939176.0
2010-12-17 00:00:00,58.232302497,59.098600269,59.436201607,58.219562824,16850636.0
2010-12-20 00:00:00,59.423461934,59.034901903,59.729214088,58.716410075,13703967.0
2010-12-21 00:00:00,59.028532067,59.44894128,59.44894128,58.620862527,8985008.0
2010-12-22 00:00:00,59.24510651,59.02216223,59.296065202,58.901135336,6440844.0
2010-12-23 00:00:00,59.06038125,58.901135336,59.092230432,58.646341873,7091738.0
2010-12-27 00:00:00,58.792848114,59.42983177,59.506269809,58.499835632,5286378.0
2010-12-28 00:00:00,59.104111833,58.260410281,59.193595332,58.068659928,13976189.0
2010-12-29 00:00:00,58.356285457,59.251120437,59.481220861,58.170926783,13115972.0
2010-12-30 00:00:00,59.072153441,59.206378688,59.327820579,58.771744555,7030273.0
2010-12-31 00:00:00,59.474829182,59.864721567,60.235438916,59.430087433,8515951.0
2011-01-03 00:00:00,59.276687151,59.410912398,59.986163457,59.11689519,13799678.0
2011-01-04 00:00:00,59.410912398,59.481220861,59.637816982,59.091328477,10467657.0
2011-01-05 00:00:00,58.822877983,58.164535104,58.950711551,57.991959787,17569203.0
2011-01-06 00:00:00,58.215668532,58.420202241,58.586385881,57.972784751,9317430.0
2011-01-07 00:00:00,58.196493496,58.733394485,58.912361481,57.889692932,12694672.0
2011-01-10 00:00:00,58.880403088,59.052978406,59.142461904,58.624735951,8295357.0
2011-01-11 00:00:00,58.822877983,58.720611128,58.893186445,58.311543708,9495365.0
2011-01-12 00:00:00,58.3435021,58.260410281,58.618344273,58.158143426,9524134.0
2011-01-13 00:00:00,58.266801959,58.784527912,59.001844979,58.158143426,14502335.0
2011-01-14 00:00:00,59.008236657,58.404223045,59.084936798,58.356285457,8960673.0
2011-01-18 00:00:00,58.055876571,58.132576712,58.324327065,57.697942579,10663684.0
2011-01-19 00:00:00,58.132576712,58.554427489,58.554427489,58.10061832,8888029.0
2011-01-20 00:00:00,58.190101818,57.742684328,58.26360612,57.480625512,14203347.0
2011-01-21 00:00:00,57.672375865,58.202885175,58.202885175,57.557325653,9085822.0
2011-01-24 00:00:00,58.42659392,58.228451889,58.445768955,58.113401677,7700336.0
2011-01-25 00:00:00,58.471335669,58.784527912,59.084936798,58.075051606,13442365.0
2011-01-26 00:00:00,58.650302665,57.889692932,58.675869379,57.800209434,13324349.0
2011-01-27 00:00:00,57.915259646,58.151751747,58.285976994,57.659592508,10869313.0
2011-01-28 00:00:00,57.749076006,58.458552312,58.688652736,57.723509293,11993173.0
2011-01-31 00:00:00,58.292368673,58.011134822,58.496902383,57.902476289,8649186.0
2011-02-01 00:00:00,57.786606596,57.722464837,57.972617696,57.523625386,11508315.0
2011-02-02 00:00:00,58.011102751,57.735293189,58.07524451,57.369685165,13624781.0
2011-02-03 00:00:00,57.40817022,57.254229999,57.799434948,57.247815824,12793464.0
2011-02-04 00:00:00,57.113118131,56.670539996,57.209330768,56.644883293,17172135.0
2011-02-07 00:00:00,56.599984062,56.965592086,56.984834613,56.516599776,8554880.0
2011-02-08 00:00:00,56.991248789,56.439629665,57.138774834,56.381902082,10461619.0
2011-02-09 00:00:00,56.593569886,56.933521206,57.215744944,56.240790214,13081570.0
2011-02-10 00:00:00,56.728267579,56.272861093,56.8822078,56.266446917,10492806.0
2011-02-11 00:00:00,56.811651865,57.087461427,57.132360658,56.625640765,11333803.0
2011-02-14 00:00:00,56.991248789,57.1265879,57.388927692,56.991248789,8034044.0
2011-02-15 00:00:00,57.151603186,57.382513517,57.414584396,57.029733844,7300325.0
2011-02-16 00:00:00,57.350442637,57.196502417,57.639080551,57.010491317,8446771.0
2011-02-17 00:00:00,57.446655275,57.286300879,57.549282089,57.215744944,6740716.0
2011-02-18 00:00:00,57.061804724,57.106703955,57.14518901,56.843722744,6082607.0
2011-02-22 00:00:00,57.376099341,57.96620352,58.036759454,57.247815824,11912278.0
2011-02-23 00:00:00,58.139386268,58.177871323,58.428024182,57.908475937,14522987.0
2011-02-24 00:00:00,58.479337589,58.549893523,58.742318799,58.357468247,12111667.0
2011-02-25 00:00:00,58.549893523,58.89625902,58.89625902,58.485815906,6841966.0
2011-02-28 00:00:00,58.909087371,58.97322913,59.05019924,58.767975502,9683135.0
2011-03-01 00:00:00,58.598006576,59.144968967,59.164273522,58.565832318,8049413.0
2011-03-02 00:00:00,58.803921829,58.231220031,58.900444604,58.22478518,8529267.0
2011-03-03 00:00:00,57.960956261,57.658518233,58.121891901,57.60703942,10608010.0
2011-03-04 00:00:00,57.68425764,58.141132108,58.166871515,57.619909124,9319657.0
2011-03-07 00:00:00,57.632778827,57.767910712,58.173306366,57.524673319,7525397.0
2011-03-08 00:00:00,57.690692492,57.41399387,57.83869408,57.394689315,8500342.0
2011-03-09 00:00:00,57.677822788,57.973825965,58.14756696,57.523386349,8906639.0
2011-03-10 00:00:00,58.179741218,58.955140843,58.971227972,58.03173963,13389860.0
2011-03-11 00:00:00,58.932618862,58.617311131,58.958358269,58.475744394,8421153.0
2011-03-14 00:00:00,58.572267169,58.591571724,58.855400642,58.469309543,6767868.0
2011-03-15 00:00:00,59.421667588,59.473146402,59.58253888,59.138534115,14895980.0
2011-03-16 00:00:00,59.788454133,60.148805826,60.798725844,59.601843435,24313025.0
2011-03-17 00:00:00,59.704801061,59.685496506,59.942890573,59.395928182,10531038.0
2011-03-18 00:00:00,59.38949333,59.846367798,59.859237501,59.35088422,7262989.0
2011-03-21 00:00:00,59.634017693,59.492450957,59.666191951,59.273666,10545515.0
2011-03-22 00:00:00,59.42810244,59.691931358,59.73697532,59.38299413,6905503.0
2011-03-23 00:00:00,60.097327013,59.614713138,60.116631568,59.50532066,8358941.0
2011-03-24 00:00:00,59.395928182,59.164273522,59.473146402,59.15783867,9478934.0
2011-03-25 00:00:00,59.460276698,59.016271934,59.524625215,58.919749159,6447169.0
2011-03-28 00:00:00,58.984097675,59.099925005,59.338014517,58.906879456,3997481.0
2011-03-29 00:00:00,58.894009752,58.643050537,59.228622039,58.630180834,6489272.0
2011-03-30 00:00:00,58.726703609,59.112794709,59.112794709,58.623745982,5048451.0
2011-03-31 00:00:00,59.338014517,58.990532527,59.370188775,58.655920241,9655061.0
2011-04-01 00:00:00,58.832745572,59.278617549,59.330312851,58.78105027,7860305.0
2011-04-04 00:00:00,59.285079462,59.343236676,59.530632145,59.239781454,4471203.0
2011-04-05 00:00:00,59.259231811,59.104145906,59.401393891,58.942598088,9952765.0
2011-04-06 00:00:00,59.007217215,58.21240195,59.02014104,58.21240195,9093586.0
2011-04-07 00:00:00,58.205940038,58.096087521,58.35456403,57.947463529,9266180.0
2011-04-08 00:00:00,57.818225274,57.785915711,58.070239871,57.766529973,7606271.0
2011-04-11 00:00:00,57.753606147,57.837611013,58.005620743,57.637291718,5735731.0
2011-04-12 00:00:00,58.257635339,58.464416546,58.664735841,58.225325776,7686439.0
2011-04-13 00:00:00,58.21240195,58.832745572,58.832745572,58.147782823,7962543.0
2011-04-14 00:00:00,58.858593222,58.787512182,59.007217215,58.651812015,7610371.0
2011-04-15 00:00:00,59.323850938,59.58878936,59.614637011,59.201074597,10223053.0
2011-04-18 00:00:00,59.149379295,59.724489527,59.866651607,58.800436008,12038393.0
2011-04-19 00:00:00,59.711565701,59.982966036,59.982966036,59.646946574,5295431.0
2011-04-20 00:00:00,59.847265869,59.595251272,59.97004221,59.550017883,6759430.0
2011-04-21 00:00:00,59.73095144,59.543555971,59.950656472,59.51770832,3372139.0
2011-04-25 00:00:00,59.562941709,59.769722916,59.785877698,59.478936844,3626878.0
2011-04-26 00:00:00,59.976504123,60.351295061,60.364218886,59.918346908,7507239.0
2011-04-27 00:00:00,60.086356639,59.73095144,60.170361505,59.640484662,8869597.0
2011-04-28 00:00:00,59.944194559,60.189747243,60.189747243,59.782646741,8110154.0
2011-04-29 00:00:00,60.105742377,60.377142712,60.39652845,60.028199425,5905380.0
2011-05-02 00:00:00,60.266878575,60.474544702,60.500502968,60.169535078,5286363.0
2011-05-03 00:00:00,60.68221083,60.818491726,60.818491726,60.435607303,6486855.0
2011-05-04 00:00:00,60.909345656,61.091053518,61.175417882,60.88338739,7419160.0
2011-05-05 00:00:00,61.305209212,61.675114501,61.765968432,61.233175024,9588272.0
2011-05-06 00:00:00,61.039136986,61.402552709,61.675114501,60.935303922,9460654.0
2011-05-09 00:00:00,61.292230079,61.337657044,61.486917073,61.25329268,3735127.0
2011-05-10 00:00:00,61.162438749,60.896366523,61.285740512,60.896366523,5458553.0
2011-05-11 00:00:00,60.915835223,61.246803113,61.415531842,60.824981292,6079014.0
2011-05-12 00:00:00,61.324677911,60.857429125,61.428510975,60.649762997,8017425.0
2011-05-13 00:00:00,61.129990917,61.409042275,61.675114501,61.052116119,8382610.0
2011-05-16 00:00:00,61.376594443,61.752989299,61.869801495,61.201376148,6053863.0
2011-05-17 00:00:00,62.025551091,62.388966814,62.39545638,61.993103259,9828200.0
2011-05-18 00:00:00,62.181300686,61.558302304,62.259175484,61.538833605,7707846.0
2011-05-19 00:00:00,61.006689154,61.532344038,61.564791871,61.006689154,8067370.0
2011-05-20 00:00:00,61.370104876,61.564791871,61.623197969,61.17574236,5602558.0
2011-05-23 00:00:00,61.830864097,61.863311929,62.129384155,61.740010166,6346041.0
2011-05-24 00:00:00,61.772457998,62.096936322,62.096936322,61.655645802,5549151.0
2011-05-25 00:00:00,62.103425889,61.804905831,62.187790253,61.707562333,5665370.0
2011-05-26 00:00:00,61.986613692,62.337050282,62.363008548,61.93469716,8311586.0
2011-05-27 00:00:00,62.090446756,62.311092016,62.337050282,61.928207594,5390680.0
2011-05-31 00:00:00,62.122894588,62.453862479,62.499289444,62.064423594,7004589.0
2011-06-01 00:00:00,62.832935238,63.301891259,63.352694828,62.813395404,12747959.0
2011-06-02 00:00:00,62.552864281,62.090421538,62.82642196,62.090421538,15738781.0
2011-06-03 00:00:00,62.611483784,62.448651832,62.62451034,61.953642698,10644188.0
2011-06-06 00:00:00,61.888509918,61.973182533,62.227200377,61.719164688,8776818.0
2011-06-07 00:00:00,61.732191244,62.259766768,62.272793324,61.660545185,7407540.0
2011-06-08 00:00:00,62.403058885,62.748262623,62.780829013,62.344439383,8928072.0
2011-06-09 00:00:00,62.950174243,62.494244778,63.099979639,62.188120709,9962913.0
2011-06-10 00:00:00,62.82642196,62.976227355,63.139059307,62.754775901,7710729.0
2011-06-13 00:00:00,62.715696233,62.65707673,63.073926527,62.650563452,5540140.0
2011-06-14 00:00:00,62.064368426,61.706138132,62.168580875,61.667058463,8672662.0
2011-06-15 00:00:00,61.829890415,62.832935238,62.845961794,61.823377137,12979052.0
2011-06-16 00:00:00,62.950174243,63.119519473,63.2302452,62.754775901,10961212.0
2011-06-17 00:00:00,62.79385557,62.819908682,62.982740634,62.650563452,9622850.0
2011-06-20 00:00:00,63.099979639,62.898068019,63.119519473,62.614740423,6613995.0
2011-06-21 00:00:00,62.68964312,62.617997062,62.904581297,62.409572163,7898711.0
2011-06-22 00:00:00,62.85898835,62.65707673,62.924121131,62.500758056,5505637.0
2011-06-23 00:00:00,63.041360136,63.139059307,63.36702404,62.982740634,8587584.0
2011-06-24 00:00:00,63.119519473,62.872014906,63.334522782,62.872014906,7960827.0
2011-06-27 00:00:00,62.787342291,62.005748923,62.800368848,61.940616142,9331437.0
2011-06-28 00:00:00,61.895023196,61.504226512,62.025288757,61.400014063,12634249.0
2011-06-29 00:00:00,61.549819458,61.093889993,61.711739551,60.944084598,11084827.0
2011-06-30 00:00:00,61.080863437,60.996190822,61.132969662,60.370916127,11555558.0
2011-07-01 00:00:00,61.224710458,60.897936495,61.29006525,60.724746294,6637186.0
2011-07-05 00:00:00,61.165891145,61.035181559,61.250852375,60.93714937,4615755.0
2011-07-06 00:00:00,61.263923333,61.348884564,61.433845794,61.035116205,5653198.0
2011-07-07 00:00:00,61.027273629,61.165891145,61.234513677,60.845652661,6824639.0
2011-07-08 00:00:00,61.688729485,62.035109886,62.191961388,61.682194006,12129235.0
2011-07-11 00:00:00,62.472986997,62.96968342,62.96968342,62.283523453,9760755.0
2011-07-12 00:00:00,63.296457383,63.185354236,63.302992863,62.812831918,9090769.0
2011-07-13 00:00:00,62.910864107,63.361812176,63.381418614,62.518735351,13119566.0
2011-07-14 00:00:00,62.852044794,62.453380559,63.688586139,62.453380559,11472107.0
2011-07-15 00:00:00,61.982826052,62.557948227,62.577554665,61.95047543,7086625.0
2011-07-18 00:00:00,62.486057955,61.950148656,62.557948227,61.924006739,8206444.0
2011-07-19 00:00:00,62.00243249,63.244173549,63.276850946,61.904400301,15249365.0
2011-07-20 00:00:00,62.917399586,62.492593434,62.995825337,62.359269657,9673214.0
2011-07-21 00:00:00,61.950148656,62.008967969,62.35534837,61.727942361,11095802.0
2011-07-22 00:00:00,62.244245222,62.479522476,62.505664393,62.139677554,4974442.0
2011-07-25 00:00:00,61.773690716,61.793297154,62.479522476,61.682194006,10869366.0
2011-07-26 00:00:00,61.989361531,62.218103305,62.361883849,61.950148656,7682708.0
2011-07-27 00:00:00,62.015503448,62.224638785,62.342277411,61.858651946,11229120.0
2011-07-28 00:00:00,62.518735351,62.459916038,62.649444937,62.257316181,7081715.0
2011-07-29 00:00:00,63.028502734,63.701657097,64.100321332,62.956612462,19582350.0
2011-08-01 00:00:00,63.567338357,64.347651552,64.583712687,63.541109342,14348408.0
2011-08-02 00:00:00,64.767315792,66.288598659,66.308270421,64.550926418,20850511.0
2011-08-03 00:00:00,66.308270421,66.419743734,67.521362363,66.170568092,21180047.0
2011-08-04 00:00:00,66.839407974,68.793469588,68.918057409,66.767278182,34077770.0
2011-08-05 00:00:00,67.53447687,66.800064451,68.885271141,66.773835436,41677899.0
2011-08-08 00:00:00,67.363988273,68.918057409,69.075431499,67.213171437,38266001.0
2011-08-09 00:00:00,68.563965707,69.127889529,71.422928338,67.245957706,39882328.0
2011-08-10 00:00:00,70.281966187,71.193424457,71.226210726,69.829515679,46221042.0
2011-08-11 00:00:00,70.091805829,67.5869349,70.399996754,67.37710278,37790247.0
2011-08-12 00:00:00,68.190202244,68.931171917,68.9901872,67.947583856,15590705.0
2011-08-15 00:00:00,68.518064931,68.229545767,68.872156633,68.209874005,10051650.0
2011-08-16 00:00:00,68.334461826,69.363950664,69.632798067,68.316429379,15993120.0
2011-08-17 00:00:00,69.422965947,70.583599859,70.590157113,69.062316991,15906542.0
2011-08-18 00:00:00,71.895050607,72.039310189,73.239287624,71.363913054,27274526.0
2011-08-19 00:00:00,72.262256817,72.622905772,72.760608101,71.98685216,15708896.0
2011-08-22 00:00:00,72.137668996,72.439302668,72.662249295,72.091768219,13160193.0
2011-08-23 00:00:00,71.678661234,71.436042845,72.603234011,71.40981383,16017895.0
2011-08-24 00:00:00,71.370470308,69.396736932,71.449157353,69.311492634,14621994.0
2011-08-25 00:00:00,69.665584336,70.150821112,70.459012038,69.449194962,10566794.0
2011-08-26 00:00:00,70.977035084,70.845890009,71.3573558,70.085248575,11504781.0
2011-08-29 00:00:00,69.672141589,69.862301948,70.131149351,69.606569052,6764296.0
2011-08-30 00:00:00,70.806546486,70.990149591,71.278668756,70.688515919,9508630.0
2011-08-31 00:00:00,71.055722128,69.888530963,71.154080935,69.888530963,12186520.0
2011-09-01 00:00:00,70.389999568,71.376559846,71.383136914,69.475787044,10686617.0
2011-09-02 00:00:00,72.968210428,73.704842102,73.750881582,72.488084426,16557316.0
2011-09-06 00:00:00,74.961062189,74.474359119,75.296492684,74.283624132,14016833.0
2011-09-07 00:00:00,73.553569526,73.04713525,73.612763143,72.91559388,11524280.0
2011-09-08 00:00:00,73.566723663,73.704842102,73.783766924,72.935325085,11481570.0
2011-09-09 00:00:00,73.724573308,74.494090324,74.803212545,73.507530046,11492630.0
2011-09-12 00:00:00,74.402011365,74.573015147,74.849252025,74.092889145,7602169.0
2011-09-13 00:00:00,74.2902012,73.507530046,74.415165502,73.441759361,9282360.0
2011-09-14 00:00:00,73.349680402,74.132351556,74.257315858,73.251024374,11952411.0
2011-09-15 00:00:00,73.35625747,72.994518702,73.691687965,72.994518702,8883989.0
2011-09-16 00:00:00,72.91559388,73.527261252,73.757327109,72.876131469,10053417.0
2011-09-19 00:00:00,74.816366682,74.934753915,75.467496465,74.763750134,13033666.0
2011-09-20 00:00:00,74.928176847,75.250453204,75.257096043,74.717710654,6360590.0
2011-09-21 00:00:00,75.099180628,77.749739242,77.832741847,74.816366682,18687066.0
2011-09-22 00:00:00,79.558433085,80.683111802,81.176391941,79.440045851,25043267.0
2011-09-23 00:00:00,80.683111802,79.176963111,80.840961446,79.176963111,15173754.0
2011-09-26 00:00:00,78.709991246,77.901011818,79.005959329,77.697122694,15111436.0
2011-09-27 00:00:00,76.493519155,76.703985347,76.855257923,76.171242797,13589514.0
2011-09-28 00:00:00,76.592175182,76.677677073,76.730293621,75.842389371,12642847.0
2011-09-29 00:00:00,77.059147047,77.210419623,77.854972338,76.717139484,12341897.0
2011-09-30 00:00:00,78.644220561,79.157231905,79.229579659,77.966782503,13547246.0
2011-10-03 00:00:00,80.071061876,81.343658677,81.343658677,79.56611129,15882645.0
2011-10-04 00:00:00,81.712909562,80.308437445,82.148098106,80.26887485,17301564.0
2011-10-05 00:00:00,79.925999028,79.728186054,80.005124218,79.266622447,14275349.0
2011-10-06 00:00:00,79.253434915,78.251182512,79.49740425,78.251182512,9682402.0
2011-10-07 00:00:00,77.347836596,77.670931121,78.205026152,76.754397673,11564527.0
2011-10-10 00:00:00,76.734616376,76.569772231,76.793960268,76.062052263,3567730.0
2011-10-11 00:00:00,77.044523369,76.312615364,77.09067973,76.127989921,7520113.0
2011-10-12 00:00:00,75.336738024,75.198268942,75.613676188,74.532298595,14033398.0
2011-10-13 00:00:00,75.554398234,75.949958245,76.556584699,75.508175935,11264000.0
2011-10-14 00:00:00,74.796049228,74.842205588,75.277394132,74.618017551,8410961.0
2011-10-17 00:00:00,75.072987392,76.141177453,76.174146282,75.020237265,9668809.0
2011-10-18 00:00:00,76.286240301,75.666426315,76.733297623,75.072987392,12495570.0
2011-10-19 00:00:00,75.231237771,75.640051251,76.022489668,74.98067467,6629256.0
2011-10-20 00:00:00,75.178487645,75.099362455,75.976333308,74.921330778,7832019.0
2011-10-21 00:00:00,74.782861696,74.301516792,75.007049734,74.301516792,9906282.0
2011-10-24 00:00:00,74.829018057,74.426798342,74.927924544,74.248766666,6344484.0
2011-10-25 00:00:00,74.466360937,76.325802896,76.424709383,74.44657964,11791365.0
2011-10-26 00:00:00,75.791707865,74.987268436,76.332396662,74.921330778,12746920.0
2011-10-27 00:00:00,73.899956454,72.435481068,74.116891349,72.118980309,19390535.0
2011-10-28 00:00:00,72.831107016,73.200357902,73.530046192,72.738794295,10127838.0
2011-10-31 00:00:00,74.618017551,76.11480239,76.11480239,74.519111064,15242448.0
2011-11-01 00:00:00,78.183641447,78.672844328,78.699287727,77.165570587,24400680.0
2011-11-02 00:00:00,76.808584701,77.687827717,77.952261706,76.669756857,13181685.0
2011-11-03 00:00:00,76.616870059,76.616870059,77.284565882,76.385490318,8386678.0
2011-11-04 00:00:00,76.206997375,76.709421955,77.086306499,76.08139123,7583667.0
2011-11-07 00:00:00,76.815195551,77.198624836,77.945650856,76.603648359,9279668.0
2011-11-08 00:00:00,76.887914898,76.206997375,77.410172027,76.061558681,7539784.0
2011-11-09 00:00:00,77.886153209,77.793601312,78.461297136,77.09946209,13004493.0
2011-11-10 00:00:00,76.907747447,76.630091758,77.456447976,75.869844038,11644981.0
2011-11-11 00:00:00,76.279716722,76.160721427,76.501312405,76.061558681,2483889.0
2011-11-14 00:00:00,76.649924307,77.390339478,77.446531701,76.530929012,9252519.0
2011-11-15 00:00:00,77.512640198,77.284565882,78.018370204,76.868082349,7587448.0
2011-11-16 00:00:00,77.687827717,77.991926805,77.998537654,77.172181437,7469974.0
2011-11-17 00:00:00,77.740714514,78.61995753,79.142875744,77.740714514,9907881.0
2011-11-18 00:00:00,78.494417493,78.600124981,78.738952825,77.925818307,6794440.0
2011-11-21 00:00:00,79.287653354,79.069495312,79.519033095,78.976943416,7345739.0
2011-11-22 00:00:00,79.267820804,79.955349177,79.968570877,78.937278317,7866399.0
2011-11-23 00:00:00,79.803299633,80.742040296,81.052750234,79.717358587,10129292.0
2011-11-25 00:00:00,80.226394017,79.565309043,80.272669965,79.525643944,4311861.0
2011-11-28 00:00:00,78.130754649,79.525643944,79.796688784,78.0977004,7661838.0
2011-11-29 00:00:00,79.056273613,78.87116982,79.64463924,78.428242887,8952729.0
2011-11-30 00:00:00,77.939040007,77.634940919,78.084478701,77.225068235,11806772.0
2011-12-01 00:00:00,76.773293038,77.243820209,77.402208932,76.448563019,9647137.0
2011-12-02 00:00:00,76.991988765,78.330671702,78.357180275,76.952225906,7764842.0
2011-12-05 00:00:00,77.243820209,78.171620264,78.456587423,77.166282632,7862774.0
2011-12-06 00:00:00,77.780618812,77.422753076,78.098721688,77.091395914,8506263.0
2011-12-07 00:00:00,77.462515936,77.701093093,78.065585972,77.14441306,6588269.0
2011-12-08 00:00:00,77.720974523,78.675283151,78.787944586,77.515533082,8800733.0
2011-12-09 00:00:00,78.615638861,77.051633054,78.655401721,76.998615908,9855172.0
2011-12-12 00:00:00,77.846890244,77.913161677,78.231264553,77.648075947,5734508.0
2011-12-13 00:00:00,77.42938022,78.642147434,78.986758883,77.349854501,8905182.0
2011-12-14 00:00:00,79.092859447,80.133254666,80.153136095,78.896629735,11247671.0
2011-12-15 00:00:00,79.669354638,79.835033219,80.106746093,79.477167484,5438609.0
2011-12-16 00:00:00,80.146508952,80.769460418,80.968340986,80.086864663,9321865.0
2011-12-19 00:00:00,80.769460418,81.796667621,81.89607477,80.729697558,7845311.0
2011-12-20 00:00:00,80.994783288,79.748880357,81.001410431,79.636218922,13946803.0
2011-12-21 00:00:00,79.649473208,78.635520291,79.782016073,78.615638861,11600084.0
2011-12-22 00:00:00,79.231963184,78.966877454,79.5103032,78.801198872,5247376.0
2011-12-23 00:00:00,78.277588284,78.085467401,78.377061704,77.734228809,5409903.0
2011-12-27 00:00:00,78.118616858,78.457690201,78.457690201,77.905864957,4270459.0
2011-12-28 00:00:00,78.650496612,79.913711026,80.1862994,78.457690201,8302411.0
2011-12-29 00:00:00,79.807335076,80.059977959,80.212893388,79.528098205,4304960.0
2011-12-30 00:00:00,80.226190382,80.319269339,80.658342681,80.07806187,5948796.0
2012-01-03 00:00:00,79.102594402,79.109242899,79.621177162,78.776818053,9076885.0
2012-01-04 00:00:00,78.996218451,78.165156336,79.009515445,77.945755938,8417068.0
2012-01-05 00:00:00,78.271532287,78.025537901,78.889842501,77.872622472,6465775.0
2012-01-06 00:00:00,77.992295417,78.643848115,78.796763544,77.965701429,7348438.0
2012-01-09 00:00:00,78.470987195,78.504229679,79.182376365,78.357962747,5582580.0
2012-01-10 00:00:00,77.978998423,78.371259741,78.736927072,77.945755938,8932484.0
2012-01-11 00:00:00,78.849951519,79.395128267,79.528098205,78.810060538,8634406.0
2012-01-12 00:00:00,79.454964739,79.282103819,79.614528665,78.982921458,7205319.0
2012-01-13 00:00:00,80.219541885,80.073274952,80.578560718,80.026735474,9818911.0
2012-01-17 00:00:00,80.119814431,80.44559078,80.571912221,80.037373069,5449836.0
2012-01-18 00:00:00,80.505427252,79.468261733,80.559944927,79.428370751,5803975.0
2012-01-19 00:00:00,79.04275793,78.371259741,79.195008509,78.105319864,8626694.0
2012-01-20 00:00:00,77.965701429,77.480361154,78.131913852,77.473712657,6548394.0
2012-01-23 00:00:00,76.915238915,76.988372382,77.254312258,76.529626094,7274802.0
2012-01-24 00:00:00,77.300851737,77.127990817,77.300851737,76.682541523,5776852.0
2012-01-25 00:00:00,76.868699437,76.941832903,78.510878176,76.755674989,12867571.0
2012-01-26 00:00:00,77.260960755,77.965701429,77.965701429,77.221069774,7638469.0
2012-01-27 00:00:00,78.045483392,78.211695815,78.377908238,77.500306644,5165361.0
2012-01-30 00:00:00,79.381831273,79.135836887,79.747498603,79.049406427,8388363.0
2012-01-31 00:00:00,78.996218451,80.053329462,80.093220443,78.949678973,7998257.0
2012-02-01 00:00:00,79.512704819,79.13283273,79.612671158,78.886915536,7926220.0
2012-02-02 00:00:00,78.986215433,79.099510617,79.332765408,78.77295391,5596854.0
2012-02-03 00:00:00,77.320109783,77.393418432,77.546700152,76.993553076,12467695.0
2012-02-06 00:00:00,77.473391503,78.166491453,78.213142412,77.240136712,6182944.0
2012-02-07 00:00:00,77.426740545,77.193485754,77.600015532,76.860264624,8803036.0
2012-02-08 00:00:00,77.146834796,77.253465557,77.540035729,77.000217498,7614647.0
2012-02-09 00:00:00,76.920244427,76.673660791,77.040204034,76.093856025,11477841.0
2012-02-10 00:00:00,77.546700152,77.673324181,77.899914549,77.360096319,7193085.0
2012-02-13 00:00:00,77.4134117,77.77329052,77.92657224,77.303448727,6422849.0
2012-02-14 00:00:00,77.973223198,78.186484721,78.533034696,77.833270323,8271310.0
2012-02-15 00:00:00,78.119840495,78.046531847,78.526370274,78.006545311,6846276.0
2012-02-16 00:00:00,77.859928014,77.420076122,78.07985396,77.100183837,9036469.0
2012-02-17 00:00:00,76.920244427,77.400082854,77.420076122,76.853600201,6338146.0
2012-02-21 00:00:00,76.860264624,76.540372339,76.960230963,76.313781971,8341017.0
2012-02-22 00:00:00,76.940237695,77.5080465,77.520042461,76.886922314,7736910.0
2012-02-23 00:00:00,77.10684826,77.504047847,77.826605901,76.966895385,5164243.0
2012-02-24 00:00:00,77.833270323,78.013209734,78.066525114,77.646666491,5676829.0
2012-02-27 00:00:00,78.679651994,78.706309684,78.912906785,78.426403935,8181453.0
2012-02-28 00:00:00,78.92623563,78.446397203,79.10617504,78.306444328,6615652.0
2012-02-29 00:00:00,78.5930145,77.966558775,78.626336613,77.653330913,14236458.0
2012-03-01 00:00:00,77.303127876,77.229652304,77.643787347,76.882313236,12265622.0
2012-03-02 00:00:00,77.590350567,77.957728427,78.178155144,77.55695258,6669512.0
2012-03-05 00:00:00,77.830816076,77.336525864,78.151369958,77.336525864,6923588.0
2012-03-06 00:00:00,78.158116351,78.278349105,78.598969784,78.151436754,6299634.0
2012-03-07 00:00:00,78.164795949,77.797418088,78.264989911,77.730555318,5567472.0
2012-03-08 00:00:00,77.403321838,77.015905186,77.570311775,76.949109211,7982219.0
2012-03-09 00:00:00,76.848915249,77.169535927,77.182895122,76.454818999,6975597.0
2012-03-12 00:00:00,77.403321838,77.156176732,77.536913787,77.102739953,5280557.0
2012-03-13 00:00:00,76.701964105,75.79353885,76.795478469,75.780179655,14414919.0
2012-03-14 00:00:00,74.985307558,73.876494379,75.018705545,73.816378002,24515309.0
2012-03-15 00:00:00,73.782980015,73.990047536,74.344066202,73.76962082,14155006.0
2012-03-16 00:00:00,73.515796117,74.13699868,74.143678278,73.315408193,13427701.0
2012-03-19 00:00:00,74.090241498,73.248612218,74.170396668,72.974748722,14011855.0
2012-03-20 00:00:00,73.469038934,73.542514506,73.763876366,73.081622282,9444099.0
2012-03-21 00:00:00,73.756261625,74.377464189,74.444260163,73.722863638,10242229.0
2012-03-22 00:00:00,74.711444062,74.617929697,74.764880842,74.430900969,8009886.0
2012-03-23 00:00:00,74.97862796,75.325967028,75.446199782,74.958589168,8465542.0
2012-03-26 00:00:00,75.072142325,74.938550375,75.192375079,74.384143786,8118600.0
2012-03-27 00:00:00,75.038744337,75.47959777,75.653267304,74.985307558,6972602.0
2012-03-28 00:00:00,75.132258702,75.37272421,75.813577643,75.08550152,7885996.0
2012-03-29 00:00:00,75.867014422,75.940489994,75.980567579,75.573112134,7692976.0
2012-03-30 00:00:00,75.993926774,74.651327685,76.034004359,74.644648087,9467448.0
2012-04-02 00:00:00,75.381283792,75.066529202,75.582190976,74.845531299,8944053.0
2012-04-03 00:00:00,75.387980698,73.760632501,75.675947663,73.753935595,14774279.0
2012-04-04 00:00:00,74.557564334,74.778629206,74.791956049,74.316475712,10095599.0
2012-04-05 00:00:00,75.381283792,75.321011636,75.428162135,74.932591079,6364219.0
2012-04-09 00:00:00,77.082297956,77.088994862,77.236326798,76.881390771,14379611.0
2012-04-10 00:00:00,77.356871109,77.9662226,78.254256534,77.243023704,14421422.0
2012-04-11 00:00:00,77.196145361,77.028722707,77.430537076,76.955056739,8712928.0
2012-04-12 00:00:00,77.169357736,76.707271211,77.222932986,76.600120713,9008577.0
2012-04-13 00:00:00,77.490809232,77.952895757,77.993077194,77.470718513,8607985.0
2012-04-16 00:00:00,77.859139071,77.839048352,78.461860625,77.772079291,7734950.0
2012-04-17 00:00:00,77.745291666,77.792170009,77.944926439,77.557778294,5398578.0
2012-04-18 00:00:00,78.093530786,78.019864819,78.140409129,77.879229789,4074331.0
2012-04-19 00:00:00,78.22746891,78.093530786,78.374800845,78.073440068,5374260.0
2012-04-20 00:00:00,77.765382384,78.106924599,78.147106036,77.611353543,5044169.0
2012-04-23 00:00:00,78.803402839,78.676161622,79.004310024,78.592450295,5170664.0
2012-04-24 00:00:00,78.468557531,78.120318411,78.569011124,78.113621505,4336567.0
2012-04-25 00:00:00,77.664928792,77.718504041,78.274347253,77.182751549,8859429.0
2012-04-26 00:00:00,78.341316314,78.187287473,78.368103939,77.785473103,5134789.0
2012-04-27 00:00:00,78.073440068,78.254256534,78.301134877,77.919411226,3112817.0
2012-04-30 00:00:00,78.441769907,78.274347253,78.562314218,78.187287473,4198334.0
2012-05-01 00:00:00,78.538502177,77.867189412,78.666051603,77.626456655,7215001.0
2012-05-02 00:00:00,78.397526497,78.41766588,78.464657773,78.115575136,3565869.0
2012-05-03 00:00:00,78.008165093,78.397526497,78.498223412,77.954460072,3522807.0
2012-05-04 00:00:00,78.572067816,79.015134241,79.048699879,78.518362795,6367227.0
2012-05-07 00:00:00,79.135970538,79.028560496,79.229954325,78.934576709,3228158.0
2012-05-08 00:00:00,79.384356261,79.451487538,79.934832729,79.364216878,6051598.0
2012-05-09 00:00:00,79.894553963,79.505192559,79.975111495,79.21652807,5828828.0
2012-05-10 00:00:00,78.934576709,79.270233091,79.337364368,78.545215305,6303209.0
2012-05-11 00:00:00,79.921406473,79.928119601,79.995250878,79.565610708,5236222.0
2012-05-14 00:00:00,80.847818089,81.049211919,81.136482578,80.666496511,8789541.0
2012-05-15 00:00:00,80.995506897,81.378155173,81.425147067,80.814252451,6766374.0
2012-05-16 00:00:00,80.921662493,81.613114641,81.727237811,80.747121174,6465152.0
2012-05-17 00:00:00,81.626540896,83.063150214,83.136994618,81.619827769,14863875.0
2012-05-18 00:00:00,82.458968725,83.083356728,83.24440466,82.351558683,10137901.0
2012-05-21 00:00:00,82.881895767,82.908748278,83.251117788,82.693928193,9585766.0
2012-05-22 00:00:00,82.109886087,81.982336662,82.197156747,81.646680279,12476766.0
2012-05-23 00:00:00,82.646936299,82.552952512,83.298109681,82.519386874,11744890.0
2012-05-24 00:00:00,82.432116214,82.237435513,82.808051363,82.109886087,10257193.0
2012-05-25 00:00:00,82.566378767,82.546239385,82.640223172,82.371698066,4723541.0
2012-05-29 00:00:00,82.539526257,82.291140534,82.821477618,82.277714279,5874172.0
2012-05-30 00:00:00,83.835159893,84.385636361,84.506472658,83.821733638,17171367.0
2012-05-31 00:00:00,84.983104721,85.365752998,86.35929589,84.741432126,31176344.0
2012-06-01 00:00:00,86.396762761,87.39908194,87.412535889,86.168045633,23526832.0
2012-06-04 00:00:00,86.692749633,86.706203581,87.277996402,86.443851581,11681948.0
2012-06-05 00:00:00,86.168045633,85.542437017,86.242042351,85.535710043,12483509.0
2012-06-06 00:00:00,85.51552912,83.827058555,85.542437017,83.827058555,20808310.0
2012-06-07 00:00:00,83.557979581,83.954871068,84.291219786,83.383078248,18901313.0
2012-06-08 00:00:00,84.970644197,83.934690145,85.105183684,83.504163786,11239640.0
2012-06-11 00:00:00,83.652157222,84.318127684,84.607387581,83.638703273,10693793.0
2012-06-12 00:00:00,83.77324276,83.544525632,84.217223068,83.457074966,10921679.0
2012-06-13 00:00:00,83.692519068,84.371943478,84.654476402,83.376351273,11100169.0
2012-06-14 00:00:00,84.432486248,84.264311889,84.654476402,83.921236196,7688149.0
2012-06-15 00:00:00,84.856285632,84.735200094,85.03791394,84.560298761,6421386.0
2012-06-18 00:00:00,85.239723171,85.19263435,85.367535684,84.641022453,6698323.0
2012-06-19 00:00:00,84.651112914,84.075956607,84.715019171,84.014202982,8233200.0
2012-06-20 00:00:00,83.507527273,84.493029017,84.809196812,83.181269017,13721109.0
2012-06-21 00:00:00,84.432486248,84.943736299,85.306992915,84.392124402,9777395.0
2012-06-22 00:00:00,84.398851376,83.806877632,84.614114555,83.800150658,7830552.0
2012-06-25 00:00:00,84.708292196,85.031186966,85.152272504,84.647749427,6114752.0
2012-06-26 00:00:00,84.540117837,84.694838248,85.105183684,84.425759273,5359664.0
2012-06-27 00:00:00,84.842831684,84.829377735,84.996206699,84.487647437,5860922.0
2012-06-28 00:00:00,85.340627786,85.03791394,85.461713325,84.997552094,5257890.0
2012-06-29 00:00:00,83.813604607,83.927963171,84.217223068,83.544525632,8882175.0
2012-07-02 00:00:00,84.277723018,84.796814597,85.464218057,84.223858839,7818429.0
2012-07-03 00:00:00,84.614795472,84.142894036,84.648502718,84.115928239,5773778.0
2012-07-05 00:00:00,84.210308527,84.574346778,84.864229088,84.142894036,5977153.0
2012-07-06 00:00:00,85.100179807,85.363096321,85.460847333,85.059731112,5819078.0
2012-07-09 00:00:00,85.578822692,86.118138619,86.172070212,85.396803566,5646969.0
2012-07-10 00:00:00,85.902412248,86.293416295,86.495659768,85.808031961,4288087.0
2012-07-11 00:00:00,86.394538032,86.401279481,86.987785552,86.172070212,5960873.0
2012-07-12 00:00:00,86.70464469,87.014751348,87.048458594,86.603522954,6421874.0
2012-07-13 00:00:00,86.825990774,86.785542079,86.832732223,86.401279481,4175473.0
2012-07-16 00:00:00,87.547325826,87.190029024,87.756310748,87.082165839,5283451.0
2012-07-17 00:00:00,86.846215121,86.502401217,87.22373627,86.428245277,5591917.0
2012-07-18 00:00:00,86.846215121,86.549591361,86.898124279,86.529367014,4012171.0
2012-07-19 00:00:00,86.306899194,86.327123541,86.738351935,86.070948475,5246268.0
2012-07-20 00:00:00,87.07542439,87.385531048,87.547325826,86.954078306,6366359.0
2012-07-23 00:00:00,88.228212184,87.877656832,88.315851022,87.688896257,6141343.0
2012-07-24 00:00:00,87.581033072,88.572026088,88.720337968,87.533842928,6749386.0
2012-07-25 00:00:00,88.443938555,88.801235357,88.838313327,88.342816819,5327969.0
2012-07-26 00:00:00,88.376524064,87.985520017,88.545060292,87.951812772,6606220.0
2012-07-27 00:00:00,87.270926414,86.320382092,87.351823803,85.29568183,14685589.0
2012-07-30 00:00:00,86.25970905,86.967561204,86.994527001,86.165328763,6025442.0
2012-07-31 00:00:00,87.216994821,87.142838881,87.264184964,86.387796583,7448593.0
2012-08-01 00:00:00,86.536520064,86.705411132,87.353952833,86.27980564,7972052.0
2012-08-02 00:00:00,87.252618192,87.19857305,87.995738891,86.941858627,7971931.0
2012-08-03 00:00:00,86.070380716,85.786643722,86.198737928,85.347526945,9084768.0
2012-08-06 00:00:00,85.95553479,85.820421935,86.273049998,85.752865508,3673529.0
2012-08-07 00:00:00,84.800319885,84.712496529,84.915165811,84.44227082,6613817.0
2012-08-08 00:00:00,84.935432739,84.259868467,85.090812522,84.178800754,7251608.0
2012-08-09 00:00:00,83.996398401,84.199067683,84.354447465,83.307322844,7557271.0
2012-08-10 00:00:00,84.96245531,84.624673174,85.043523023,84.557116747,4672304.0
2012-08-13 00:00:00,84.901654525,84.482804677,85.084056879,84.482804677,3547652.0
2012-08-14 00:00:00,83.449191341,83.334345414,83.753195263,83.307322844,7994037.0
2012-08-15 00:00:00,82.814160925,82.158863581,82.935762494,82.05752894,11191512.0
2012-08-16 00:00:00,82.266953865,81.456276738,82.462867504,81.125250245,13239987.0
2012-08-17 00:00:00,81.719746804,81.854859659,82.20615308,81.665701663,6341050.0
2012-08-20 00:00:00,81.821081445,82.023750727,82.253442579,81.787303232,4427123.0
2012-08-21 00:00:00,81.767036303,82.388555434,82.42908929,81.219829243,9532673.0
2012-08-22 00:00:00,83.151943061,83.753195263,83.82075169,82.942518137,11384322.0
2012-08-23 00:00:00,83.976131473,84.104488684,84.246357182,83.915330688,7139013.0
2012-08-24 00:00:00,84.469293391,84.023420972,84.530094176,83.928841974,5001658.0
2012-08-27 00:00:00,84.381470036,84.51658289,84.692229601,84.334180537,3906691.0
2012-08-28 00:00:00,84.658451388,84.719252172,85.070545593,84.550361104,3412537.0
2012-08-29 00:00:00,84.563872389,84.347691822,84.577383675,84.11799997,3762842.0
2012-08-30 00:00:00,85.009744809,84.786808599,85.124590735,84.644940102,3886374.0
2012-08-31 00:00:00,84.678718316,85.989313003,85.989313003,84.644940102,9192610.0
2012-09-04 00:00:00,85.631671823,85.902473675,86.11234511,85.523351082,6009260.0
2012-09-05 00:00:00,85.56397136,85.496270897,85.814463073,85.38118011,3466654.0
2012-09-06 00:00:00,84.690635387,84.067791128,84.690635387,84.02717085,6505163.0
2012-09-07 00:00:00,85.103608212,83.675128442,85.130688397,83.600657933,7335293.0
2012-09-10 00:00:00,83.444946868,83.878229831,83.878229831,83.323086035,4912087.0
2012-09-11 00:00:00,83.668358396,83.35016622,83.722518767,83.174145016,3523500.0
2012-09-12 00:00:00,82.449750062,82.30757909,82.578380942,82.084167562,7040901.0
2012-09-13 00:00:00,82.564840849,81.982616867,83.03874409,81.129591034,12280179.0
2012-09-14 00:00:00,80.784318672,79.795891913,80.845249089,79.626640755,16871543.0
2012-09-17 00:00:00,80.181784552,80.757238487,80.879099321,80.134394228,5573250.0
2012-09-18 00:00:00,81.427473071,81.163441265,81.556103951,80.919719598,5366694.0
2012-09-19 00:00:00,81.853985988,81.698274923,81.881066173,81.359772608,5903699.0
2012-09-20 00:00:00,82.395589692,81.901376312,82.517450525,81.610264321,4604257.0
2012-09-21 00:00:00,81.454553256,81.99615696,82.057087377,81.400392886,4144263.0
2012-09-24 00:00:00,82.470060201,82.639311359,82.774712285,82.422669877,3627471.0
2012-09-25 00:00:00,82.842412748,83.458486961,83.4787971,82.388819645,5894556.0
2012-09-26 00:00:00,84.033940896,84.358903119,84.39275335,83.959470387,7193305.0
2012-09-27 00:00:00,84.02717085,83.756368998,84.196422008,83.499107239,5147680.0
2012-09-28 00:00:00,84.162571776,83.803759322,84.491189823,83.522802401,7173350.0
2012-10-01 00:00:00,83.810326386,84.115616674,84.149537817,83.410056897,4842566.0
2012-10-02 00:00:00,83.769621014,84.000284787,84.182102114,83.701778728,3540098.0
2012-10-03 00:00:00,83.735699871,84.027421701,84.03420593,83.572878384,3800831.0
2012-10-04 00:00:00,83.464330726,82.975866265,83.694994499,82.860534379,6214730.0
2012-10-05 00:00:00,82.182111517,81.897173915,82.256738032,81.741136657,8341111.0
2012-10-08 00:00:00,82.46026489,82.589165234,82.65700752,82.260808569,1568391.0
2012-10-09 00:00:00,82.114269231,82.439912204,82.599341577,82.053211173,4753101.0
2012-10-10 00:00:00,82.107485002,83.023355866,83.125119295,81.97180043,5430204.0
2012-10-11 00:00:00,82.446696433,83.600015298,83.600015298,82.399206833,5194434.0
2012-10-12 00:00:00,83.878168672,83.810326386,84.359848904,83.681426042,4934839.0
2012-10-15 00:00:00,83.681426042,83.620367984,83.925658272,83.44397804,3036046.0
2012-10-16 00:00:00,83.084413923,82.460468417,83.111550838,82.433127976,5398643.0
2012-10-17 00:00:00,81.910742372,81.693647056,81.97180043,81.503688655,6932539.0
2012-10-18 00:00:00,81.876821229,81.191614138,82.154974602,81.028792651,8558559.0
2012-10-19 00:00:00,81.347651397,82.297443403,82.344933004,81.306946025,7618211.0
2012-10-22 00:00:00,82.087132316,81.768273571,82.36528569,81.754705114,6910526.0
2012-10-23 00:00:00,82.541675634,82.941945122,82.969082037,82.488555124,5760796.0
2012-10-24 00:00:00,82.378854147,82.121053459,82.669422659,82.121053459,6824490.0
2012-10-25 00:00:00,81.496904426,81.700431285,82.161758831,81.340867168,5292472.0
2012-10-26 00:00:00,82.093916545,82.908023979,82.914808208,81.978584658,5889484.0
2012-10-31 00:00:00,82.935160894,83.39648844,83.629865904,82.901239751,5025519.0
2012-11-01 00:00:00,83.178611833,82.89305026,83.253401769,82.709474962,3659628.0
2012-11-02 00:00:00,82.165548155,82.831858494,82.865853919,82.138351815,3527781.0
2012-11-05 00:00:00,83.212607259,83.300995365,83.504967918,83.192210004,2935974.0
2012-11-06 00:00:00,83.029031961,82.512301495,83.239803599,82.50550241,4484592.0
2012-11-07 00:00:00,83.980903874,84.0148993,84.375930718,83.851721257,10070915.0
2012-11-08 00:00:00,83.872118513,85.265930956,85.279529126,83.627351449,8580376.0
2012-11-09 00:00:00,85.123150169,85.361118147,85.361118147,84.81719134,5036872.0
2012-11-12 00:00:00,85.265930956,85.503898934,85.633081551,85.231935531,2072128.0
2012-11-13 00:00:00,85.918643125,85.789460508,85.932241295,85.367917232,2863861.0
2012-11-14 00:00:00,85.184341935,85.871049529,85.91184404,85.102752914,4694693.0
2012-11-15 00:00:00,85.442707168,85.704063999,86.068222997,85.374716318,5550929.0
2012-11-16 00:00:00,85.619483381,85.626282466,86.183807443,85.5650907,4592415.0
2012-11-19 00:00:00,85.007565723,85.143547424,85.245533701,84.898780361,3623180.0
2012-11-20 00:00:00,85.021163893,84.286862703,85.15034651,84.273264533,4659214.0
2012-11-21 00:00:00,84.144081916,84.239269107,84.300460873,84.02849747,2424159.0
2012-11-23 00:00:00,84.218871852,84.157680086,84.320858129,84.089689235,987173.0
2012-11-26 00:00:00,84.80359317,84.558826107,85.048360233,84.524830681,2799647.0
2012-11-27 00:00:00,84.654013298,84.891981276,84.959972127,84.490835256,2544314.0
2012-11-28 00:00:00,85.354319062,84.769597744,85.510698019,84.755999574,3570175.0
2012-11-29 00:00:00,84.599620617,84.783195915,84.993967552,84.463638915,2760924.0
2012-11-30 00:00:00,85.021163893,84.552027022,85.061958403,84.497634341,3702398.0
2012-12-03 00:00:00,83.989877316,84.630247629,84.718809481,83.921752814,5427904.0
2012-12-04 00:00:00,84.875495834,85.120744039,85.141181389,84.752871731,2586243.0
2012-12-05 00:00:00,85.134368939,85.079869338,85.413679395,84.977682586,1978111.0
2012-12-06 00:00:00,85.447741646,85.263805492,85.597615549,85.209305891,2301120.0
2012-12-07 00:00:00,84.521248427,84.473561276,84.834621133,84.412249224,4020831.0
2012-12-10 00:00:00,84.834621133,84.848246033,84.916438659,84.548498227,2134231.0
2012-12-11 00:00:00,84.357749623,84.201267643,84.391811874,84.064814267,3777883.0
2012-12-12 00:00:00,84.064814267,83.22007045,84.412249224,83.206445549,7119692.0
2012-12-13 00:00:00,83.015696946,83.281382501,83.622005008,82.906697743,6381446.0
2012-12-14 00:00:00,83.628817458,83.908127914,83.983064865,83.554561752,3833049.0
2012-12-17 00:00:00,83.840003413,82.647824638,83.853628313,82.620574837,6869984.0
2012-12-18 00:00:00,82.409388883,81.803080821,82.668261988,81.387521362,12024123.0
2012-12-19 00:00:00,82.116453527,82.075578826,82.579700137,81.946142274,4880495.0
2012-12-20 00:00:00,82.334451932,82.089203727,82.572887686,81.878017772,4567812.0
2012-12-21 00:00:00,83.029321846,82.988447145,83.111071248,82.784073641,6087603.0
2012-12-24 00:00:00,82.818135892,82.838573242,82.872635493,82.72957404,1071090.0
2012-12-26 00:00:00,82.967100103,83.137786565,83.144614023,82.871515685,2247827.0
2012-12-27 00:00:00,82.919307894,83.417712362,83.881979537,82.885170602,4262619.0
2012-12-28 00:00:00,83.77956766,83.895634454,83.916116829,83.533779155,3928559.0
2012-12-31 00:00:00,83.595226282,82.441385802,83.663500866,82.257727169,6422918.0
2013-01-02 00:00:00,81.4718867,81.335337531,81.567471119,81.232925654,7473685.0
2013-01-03 00:00:00,81.212443279,80.229289261,81.287545322,80.201979427,10005682.0
2013-01-04 00:00:00,80.038120424,80.54335235,80.570662184,79.83329667,9574607.0
2013-01-07 00:00:00,80.522869975,80.577421368,80.768658479,80.270254012,4196169.0
2013-01-08 00:00:00,80.980309691,81.110031402,81.150996153,80.830105605,4380803.0
2013-01-09 00:00:00,81.123686319,81.034929359,81.321682614,80.864242898,3870220.0
2013-01-10 00:00:00,80.700383894,80.80962323,81.157823611,80.516042516,5603077.0
2013-01-11 00:00:00,80.625281851,81.533333827,81.540161285,80.509215058,4773149.0
2013-01-14 00:00:00,81.663055537,81.308027697,81.82691454,81.205615821,3067158.0
2013-01-15 00:00:00,82.05222067,81.683537913,82.113667796,81.615263328,5358533.0
2013-01-16 00:00:00,82.065875586,81.854224374,82.102743862,81.642573162,4286085.0
2013-01-17 00:00:00,81.178305987,81.034929359,81.328510073,80.782313396,7019198.0
2013-01-18 00:00:00,81.34216499,81.663055537,81.779122331,81.267131221,4659908.0
2013-01-22 00:00:00,81.328510073,81.820087082,81.840569457,81.212443279,3874061.0
2013-01-23 00:00:00,81.867879291,81.69719283,82.031738294,81.601608411,2849315.0
2013-01-24 00:00:00,81.546988744,81.410439574,81.615263328,81.130513777,4178881.0
2013-01-25 00:00:00,80.557007267,80.290736387,80.679901519,80.113222467,8750604.0
2013-01-28 00:00:00,79.601163082,79.997155673,80.079085175,79.587508166,6060021.0
2013-01-29 00:00:00,80.01081059,79.553370873,80.324941954,79.498751206,5553869.0
2013-01-30 00:00:00,79.362202036,79.416821704,79.560198332,79.014001655,9587366.0
2013-01-31 00:00:00,79.607990541,79.805986836,79.819641753,79.281638026,6789172.0
2013-02-01 00:00:00,80.264566495,78.766029794,80.346678095,78.745501894,10931086.0
2013-02-04 00:00:00,79.484506295,79.778739528,79.956647995,79.368181528,9292144.0
2013-02-05 00:00:00,79.265542028,79.067105661,79.375024161,78.988415377,6676433.0
2013-02-06 00:00:00,79.436607861,79.717155828,79.744526361,79.115004094,5891951.0
2013-02-07 00:00:00,79.607673695,79.539247361,80.168769629,79.505034195,5951708.0
2013-02-08 00:00:00,79.628201595,79.847165862,79.874536395,79.238171494,5603353.0
2013-02-11 00:00:00,79.799267428,79.785582162,80.025074328,79.713050248,3679862.0
2013-02-12 00:00:00,79.552932628,79.587145795,79.778739528,79.395552061,4513646.0
2013-02-13 00:00:00,78.943938261,78.937095627,79.265542028,78.772872427,6586316.0
2013-02-14 00:00:00,79.279227294,79.655572128,79.792424795,79.073948294,7095959.0
2013-02-15 00:00:00,79.532404728,79.422922595,79.587145795,79.128689361,5861727.0
2013-02-19 00:00:00,79.669257395,79.026049861,79.696627928,78.971308794,7383515.0
2013-02-20 00:00:00,78.868669294,79.265542028,79.333968361,78.786557694,9603842.0
2013-02-21 00:00:00,79.696627928,79.730841095,79.977175895,79.587145795,8297365.0
2013-02-22 00:00:00,79.751368995,79.785582162,79.997703795,79.682942661,5316978.0
2013-02-25 00:00:00,79.320283094,81.35938783,81.373073096,79.279227294,15950542.0
2013-02-26 00:00:00,80.948829829,80.887246129,81.592037363,80.853032963,9822075.0
2013-02-27 00:00:00,81.468869963,80.647753962,81.50308313,80.449317596,7459783.0
2013-02-28 00:00:00,80.743550829,80.798291896,80.900931396,80.435632329,6023419.0
2013-03-01 00:00:00,81.198656692,81.239800623,81.4523776,80.992937038,7786708.0
2013-03-04 00:00:00,81.164370083,80.807789349,81.287801876,80.800932027,4511507.0
2013-03-05 00:00:00,80.670642912,80.574640407,80.759788096,80.403207361,6539510.0
2013-03-06 00:00:00,80.012340018,79.840906972,80.279775569,79.83404965,6516384.0
2013-03-07 00:00:00,79.53232749,79.223748008,79.600900708,79.189461399,8529824.0
2013-03-08 00:00:00,78.47629993,78.394012068,78.812994431,78.304935458,15423563.0
2013-03-11 00:00:00,78.647732975,78.469442608,78.721792051,78.387154746,5816048.0
2013-03-12 00:00:00,78.736878159,79.038600319,79.107173537,78.723163515,9264266.0
2013-03-13 00:00:00,78.730020837,78.956312457,79.072886928,78.586017079,7371420.0
2013-03-14 00:00:00,78.62716101,78.716306194,79.00431371,78.55173047,9353089.0
2013-03-15 00:00:00,78.791736734,79.086601572,79.168889434,78.771164768,9673395.0
2013-03-18 00:00:00,79.820335007,79.690045892,79.854621616,79.354037123,9152175.0
2013-03-19 00:00:00,79.786048397,80.231774316,80.547211119,79.731189823,11987175.0
2013-03-20 00:00:00,79.738047145,79.333465157,79.930120729,79.30603587,8544030.0
2013-03-21 00:00:00,79.840906972,80.101485201,80.108342523,79.614615352,6119489.0
2013-03-22 00:00:00,80.142629132,80.163201098,80.279775569,79.779191076,6323721.0
2013-03-25 00:00:00,79.779191076,80.087770558,80.471780579,79.710617857,5839792.0
2013-03-26 00:00:00,79.847764294,80.183773063,80.560925763,79.786048397,5093190.0
2013-03-27 00:00:00,80.828361314,80.869505245,81.15065544,80.746073452,7742886.0
2013-03-28 00:00:00,80.704929521,80.458065936,80.931221141,80.403207361,5826335.0
2013-04-01 00:00:00,80.468463742,81.066346069,81.087649922,80.44784711,6113747.0
2013-04-02 00:00:00,80.846435328,80.736479958,80.894540803,80.626524587,5437907.0
2013-04-03 00:00:00,81.011368384,81.464247065,81.686219469,80.97013512,9527382.0
2013-04-04 00:00:00,81.891011347,82.440788199,82.45453262,81.808544819,9367035.0
2013-04-05 00:00:00,84.151968651,84.110735387,84.529940236,83.980163384,18628186.0
2013-04-08 00:00:00,84.007652227,83.464747586,84.145165162,83.396025479,8020245.0
2013-04-09 00:00:00,83.567830745,83.258581266,83.712147169,83.121068331,7176656.0
2013-04-10 00:00:00,82.578232412,82.110922088,82.626337886,82.104049877,10765547.0
2013-04-11 00:00:00,82.289599565,82.268982933,82.509510305,82.093741561,7502145.0
2013-04-12 00:00:00,83.086776,83.499108639,83.50598085,82.789552889,9254725.0
2013-04-15 00:00:00,83.636552852,84.227562968,84.25505181,83.457875375,12948302.0
2013-04-16 00:00:00,83.492236428,83.533469692,83.904569067,83.467084137,6554363.0
2013-04-17 00:00:00,83.753380433,84.090118755,84.595226238,83.753380433,9020829.0
2013-04-18 00:00:00,84.103863176,84.296285074,84.385623813,83.959546753,7010053.0
2013-04-19 00:00:00,84.193201915,84.117607597,84.220690757,83.980163384,5474711.0
2013-04-22 00:00:00,84.124479808,84.179457493,84.433729287,84.007652227,4519327.0
2013-04-23 00:00:00,84.413112655,83.883952435,84.77733982,83.808358118,8043281.0
2013-04-24 00:00:00,83.870208014,84.096990966,84.110735387,83.753380433,3673536.0
2013-04-25 00:00:00,83.718744491,83.732763801,83.801485908,83.61593622,4297745.0
2013-04-26 00:00:00,84.371879392,84.502451394,84.584917922,84.241307389,4899037.0
2013-04-29 00:00:00,84.633023396,84.193201915,84.736175278,84.069502123,4915923.0
2013-04-30 00:00:00,84.413112655,84.241307389,84.708617713,84.007652227,4477344.0
2013-05-01 00:00:00,84.730662662,85.10936773,85.281606569,84.710002266,10724568.0
2013-05-02 00:00:00,84.820191047,84.999247817,85.081889403,84.765096656,4171750.0
2013-05-03 00:00:00,83.835378813,82.988302556,83.856039209,82.919434567,11283678.0
2013-05-06 00:00:00,83.13981213,82.78169859,83.212123518,82.568207826,5121954.0
2013-05-07 00:00:00,82.478679441,82.458019045,82.692170206,82.382264258,5050718.0
2013-05-08 00:00:00,82.533773832,82.588868223,82.919434567,82.464905844,5732883.0
2013-05-09 00:00:00,82.699057004,82.375377459,83.25688771,82.334056666,7526916.0
2013-05-10 00:00:00,82.182547091,81.486980409,82.199764088,80.867168513,11690509.0
2013-05-13 00:00:00,80.887760041,80.860281714,81.101319673,80.715658938,8051126.0
2013-05-14 00:00:00,81.211508455,79.978771463,81.273489644,79.964997865,9236243.0
2013-05-15 00:00:00,80.64679095,80.516630452,80.777640128,79.883044959,14608535.0
2013-05-16 00:00:00,80.949810099,81.356131231,81.617829586,80.925706303,8460576.0
2013-05-17 00:00:00,80.936036501,80.323111405,81.073772478,80.268017014,7435806.0
2013-05-20 00:00:00,80.715658938,80.228073581,80.743206134,80.137167836,5839704.0
2013-05-21 00:00:00,80.23358302,80.860281714,80.880942111,79.882356279,7782074.0
2013-05-22 00:00:00,80.984244093,79.655091917,81.349244432,79.455374751,18361834.0
2013-05-23 00:00:00,80.385092594,80.033865853,80.447073784,79.434714354,9207043.0
2013-05-24 00:00:00,80.268017014,80.144054635,80.571036163,80.085447977,5357595.0
2013-05-28 00:00:00,79.655091917,78.104184818,79.779054296,78.09178858,13567727.0
2013-05-29 00:00:00,78.642732488,78.98569507,79.031836622,78.532543706,11298927.0
2013-05-30 00:00:00,79.076600815,78.794242062,79.159242401,78.58068243,10011762.0
2013-05-31 00:00:00,78.883770447,78.525656907,78.918204441,77.644146656,18158705.0
2013-06-03 00:00:00,78.253028233,78.943367344,79.433508113,78.197801104,15564441.0
2013-06-04 00:00:00,78.377289273,78.211607886,78.743169002,78.17018754,7504245.0
2013-06-05 00:00:00,78.60510118,79.295440291,79.316150464,78.494646922,8056963.0
2013-06-06 00:00:00,79.012401255,79.247116553,80.327497262,78.687941873,8925982.0
2013-06-07 00:00:00,78.556777442,77.825017984,78.977815266,77.825017984,10459370.0
2013-06-10 00:00:00,77.507461993,77.452234864,77.79740442,77.286553478,7892554.0
2013-06-11 00:00:00,77.210616175,78.377289273,78.377289273,77.107065309,12846675.0
2013-06-12 00:00:00,77.714563727,77.252036522,78.287545189,77.210616175,10193694.0
2013-06-13 00:00:00,77.762887464,78.467033357,78.522260486,77.638626424,12509284.0
2013-06-14 00:00:00,78.473936749,78.280641798,78.860526651,78.280641798,6679558.0
2013-06-17 00:00:00,78.41870962,77.866438331,78.460129966,77.714563727,5982073.0
2013-06-18 00:00:00,77.61101286,77.907858678,78.187446018,77.521268775,5192646.0
2013-06-19 00:00:00,78.225414669,77.100161918,78.259931624,76.761895753,17141072.0
2013-06-20 00:00:00,76.161300727,75.829937953,76.478166379,75.146502234,27901249.0
2013-06-21 00:00:00,75.74709726,74.540384494,75.926585429,74.518293643,19783702.0
2013-06-24 00:00:00,74.145510523,74.849656416,75.21898784,74.097186785,24588949.0
2013-06-25 00:00:00,74.884173371,74.180027478,74.967014065,74.166220696,11082695.0
2013-06-26 00:00:00,74.953207283,74.663264856,74.987724238,74.290481736,13582107.0
2013-06-27 00:00:00,75.325990402,75.429541269,75.62283622,74.918690327,12026600.0
2013-06-28 00:00:00,74.960110674,75.947295602,75.974909167,74.759843298,12017001.0
2013-07-01 00:00:00,75.630128487,76.100631005,76.162903398,75.422553847,5500732.0
2013-07-02 00:00:00,76.162903398,76.052196923,76.370478038,75.983005376,5333892.0
2013-07-03 00:00:00,76.031439459,75.823864818,76.266690718,75.823864818,3842216.0
2013-07-05 00:00:00,73.934935591,73.229181813,74.087156994,73.166909421,14513511.0
2013-07-08 00:00:00,73.789633342,73.941854745,74.128671922,73.706603486,8044167.0
2013-07-09 00:00:00,74.080237839,74.017965447,74.17018685,73.789633342,4700763.0
2013-07-10 00:00:00,74.011046292,73.433296876,74.011046292,73.258934178,10792107.0
2013-07-11 00:00:00,74.05256122,74.301650789,74.343165717,73.699684331,10035448.0
2013-07-12 00:00:00,74.668365987,74.239378396,74.758314997,73.976450519,4730803.0
2013-07-15 00:00:00,74.294731634,74.633770213,74.654527677,74.225540087,4574779.0
2013-07-16 00:00:00,74.730638379,74.889778936,74.958970483,74.619931904,3650166.0
2013-07-17 00:00:00,75.256494134,75.02816203,75.374119764,74.889778936,5931913.0
2013-07-18 00:00:00,74.855183163,74.087156994,74.896698091,74.073318684,9066875.0
2013-07-19 00:00:00,74.647608523,75.263413289,75.270332444,74.609553172,8523728.0
2013-07-22 00:00:00,75.374119764,75.374119764,75.601344804,75.214910015,3972518.0
2013-07-23 00:00:00,74.896698091,75.055838649,75.125030196,74.654527677,5015436.0
2013-07-24 00:00:00,74.190944314,74.100995303,74.357004026,73.595897011,8853022.0
2013-07-25 00:00:00,73.720441795,74.073318684,74.15634854,73.609735321,6443388.0
2013-07-26 00:00:00,74.460791346,74.529982893,74.626851059,74.184025159,6795438.0
2013-07-29 00:00:00,74.190944314,73.983369673,74.308569943,73.789633342,6397790.0
2013-07-30 00:00:00,74.232459242,73.955693055,74.267055015,73.775795033,3635903.0
2013-07-31 00:00:00,73.09079872,74.225540087,74.37776149,72.945496471,10483288.0
2013-08-01 00:00:00,73.573491229,72.789731229,73.573491229,72.539946314,13568578.0
2013-08-02 00:00:00,73.240537163,73.594300859,73.656799112,73.219727533,9570793.0
2013-08-05 00:00:00,73.365394938,73.025504328,73.405210695,72.914519639,6611758.0
2013-08-06 00:00:00,72.907583096,73.240537163,73.240537163,72.775788778,4590636.0
2013-08-07 00:00:00,73.351521852,73.788524064,73.885635667,73.351521852,7183382.0
2013-08-08 00:00:00,73.913381839,73.989683813,74.343447509,73.781587521,5510944.0
2013-08-09 00:00:00,73.649793203,74.107605045,74.111073317,73.566554686,3623454.0
2013-08-12 00:00:00,74.350384052,73.601237402,74.364187773,73.559618143,7562770.0
2013-08-13 00:00:00,72.768852234,72.53300977,72.789661864,72.401215452,11485791.0
2013-08-14 00:00:00,72.498327055,72.643994459,72.789661864,72.449771254,6433480.0
2013-08-15 00:00:00,71.915657438,71.659005345,72.28329422,71.631259173,11847509.0
2013-08-16 00:00:00,71.818545835,71.409289795,71.825551744,70.923731781,10176453.0
2013-08-19 00:00:00,71.1040819,70.785000919,71.159574245,70.6046508,9022473.0
2013-08-20 00:00:00,71.076335728,71.332987821,71.402353252,71.048589556,10050089.0
2013-08-21 00:00:00,70.993097211,70.549158455,71.291368563,70.535285369,13250259.0
2013-08-22 00:00:00,70.778064376,71.270558934,71.312178192,70.625460429,8751942.0
2013-08-23 00:00:00,71.159574245,72.047451756,72.116817187,70.972287582,17441179.0
2013-08-26 00:00:00,72.234738419,72.408151995,72.46364434,72.075197928,5886443.0
2013-08-27 00:00:00,72.741106062,73.323775679,73.407014196,72.567692486,11573243.0
2013-08-28 00:00:00,72.824344579,72.727232976,72.935329268,72.498327055,7498069.0
2013-08-29 00:00:00,72.456707797,73.309902593,73.4479398,72.394278909,6672433.0
2013-08-30 00:00:00,73.247473706,73.226664076,73.705285548,73.0532505,8988000.0
2013-09-03 00:00:00,72.447045958,72.189716417,72.502684778,71.695921893,12084368.0
2013-09-04 00:00:00,72.349678024,72.029754811,72.488775073,72.001935401,4579633.0
2013-09-05 00:00:00,71.668102484,71.021301206,71.758515566,71.014346353,12290993.0
2013-09-06 00:00:00,71.51509573,71.375998681,71.911522319,71.209082222,9478829.0
2013-09-09 00:00:00,71.897612615,71.410772943,71.904637015,71.396863238,6875104.0
2013-09-10 00:00:00,71.153443402,70.910023567,71.577689402,70.899591288,8071190.0
2013-09-11 00:00:00,71.285585599,71.54291514,71.556824844,70.77788137,8963540.0
2013-09-12 00:00:00,71.932386877,71.445547205,72.036709664,71.382953533,6254696.0
2013-09-13 00:00:00,71.695921893,71.723741303,71.918477172,71.501186025,6107612.0
2013-09-16 00:00:00,72.266219794,71.243856484,72.321858614,71.236901632,8737467.0
2013-09-17 00:00:00,71.598553959,71.835018942,71.8558835,71.320359861,8795570.0
2013-09-18 00:00:00,71.779380123,72.725240056,73.114711793,71.327314714,19749126.0
2013-09-19 00:00:00,72.766969171,72.294039204,72.794788581,72.147987303,11627751.0
2013-09-20 00:00:00,72.516594483,72.680033515,72.857382253,72.349678024,8423126.0
2013-09-23 00:00:00,72.87824681,73.212079728,73.239899137,72.808698285,10242010.0
2013-09-24 00:00:00,73.420725301,74.004932907,74.011887759,73.319879941,11447619.0
2013-09-25 00:00:00,73.803242186,74.157939661,74.317205782,73.698919399,8130878.0
2013-09-26 00:00:00,73.761513071,73.636325727,73.858881005,73.55982235,5117071.0
2013-09-27 00:00:00,73.629370875,73.817151891,73.997978054,73.60085598,6461748.0
2013-09-30 00:00:00,73.886700415,73.705874252,74.053616874,73.552797949,8439805.0
2013-10-01 00:00:00,73.550877254,73.481146722,73.641526945,73.292874287,7593191.0
2013-10-02 00:00:00,73.571796413,73.592715573,73.955314338,73.453254509,5967420.0
2013-10-03 00:00:00,73.446281456,73.474173669,73.906502965,73.41141619,6649297.0
2013-10-04 00:00:00,73.390497031,73.418389244,73.467200616,73.167359329,5547172.0
2013-10-07 00:00:00,73.760068849,73.71823053,73.8716377,73.606661679,5761236.0
2013-10-08 00:00:00,73.606591949,73.739149689,73.976163767,73.500671271,5904709.0
2013-10-09 00:00:00,73.529958094,73.14644017,73.578769466,73.129007537,8439196.0
2013-10-10 00:00:00,72.783841405,73.264982074,73.292874287,72.581622863,9946474.0
2013-10-11 00:00:00,73.732176636,73.240576388,73.780988008,73.209197648,6501164.0
2013-10-14 00:00:00,73.195251542,72.651353395,73.369577871,72.456107906,4205714.0
2013-10-15 00:00:00,73.027898266,72.602542023,73.132494064,72.59556897,8291477.0
2013-10-16 00:00:00,72.55373065,73.516011988,73.522985041,72.414269587,14461015.0
2013-10-17 00:00:00,73.98320655,74.185425092,74.401589741,73.822826327,11306167.0
2013-10-18 00:00:00,74.394616687,74.345805315,74.652619655,74.303966996,9487800.0
2013-10-21 00:00:00,74.255155624,74.108721507,74.262128677,73.940670926,6162621.0
2013-10-22 00:00:00,74.736226562,74.938514835,75.098895058,74.70840408,9708542.0
2013-10-23 00:00:00,75.064029792,75.231383068,75.524251301,75.039624106,9165579.0
2013-10-24 00:00:00,75.440574663,74.938514835,75.482412982,74.924568728,7631370.0
2013-10-25 00:00:00,75.105868111,75.217436961,75.329005812,75.071002845,4429545.0
2013-10-28 00:00:00,75.022191473,74.959433994,75.28026417,74.952460941,6469344.0
2013-10-29 00:00:00,74.750242399,75.057056739,75.064029792,74.673538814,5270646.0
2013-10-30 00:00:00,74.966407047,74.603808282,75.161652536,74.464347219,10200010.0
2013-10-31 00:00:00,74.952460941,74.764188505,75.022191473,74.415605577,11452117.0
2013-11-01 00:00:00,74.497005807,73.951649221,74.517981061,73.916690465,11349769.0
2013-11-04 00:00:00,74.147418252,74.021566732,74.287253274,73.972624474,4733187.0
2013-11-05 00:00:00,73.671979176,73.133614341,73.699946181,73.112639087,8754722.0
2013-11-06 00:00:00,73.077680332,73.168573096,73.217515354,72.902886554,5643041.0
2013-11-07 00:00:00,73.154589594,73.790838945,73.853764705,73.098725503,7893771.0
2013-11-08 00:00:00,72.399480474,72.007942412,72.49736499,71.99395891,16889902.0
2013-11-11 00:00:00,72.091843425,71.735264119,72.126802181,71.693313612,4927178.0
2013-11-12 00:00:00,71.86810739,72.070868172,72.133793932,71.847132136,4840369.0
2013-11-13 00:00:00,72.329562963,72.336554714,72.448422732,72.238670199,5783944.0
2013-11-14 00:00:00,72.637200012,72.784026785,73.203531852,72.525331994,8895490.0
2013-11-15 00:00:00,72.881911301,72.930853559,72.93784531,72.638598362,6344845.0
2013-11-18 00:00:00,72.87491955,73.371333878,73.406292634,72.87491955,5451405.0
2013-11-19 00:00:00,73.084672083,72.81199379,73.217515354,72.707117523,7251137.0
2013-11-20 00:00:00,72.714109274,71.567462092,73.007762821,71.475170977,14191987.0
2013-11-21 00:00:00,71.378684812,71.686321861,71.854123888,71.133973523,8903032.0
2013-11-22 00:00:00,72.063876421,72.357529968,72.511418409,72.05688467,7950686.0
2013-11-25 00:00:00,72.30858771,72.567282501,72.714109274,72.30858771,3756285.0
2013-11-26 00:00:00,72.763051532,72.839960794,73.070688581,72.756059781,6659203.0
2013-11-27 00:00:00,72.895894803,72.714109274,72.909878305,72.392488723,6063360.0
2013-11-29 00:00:00,72.476389736,72.735084527,72.839960794,72.385496972,5084399.0
2013-12-02 00:00:00,72.496657362,72.167066859,72.573795564,72.089928656,7527817.0
2013-12-03 00:00:00,72.426531723,72.433544287,72.608858384,72.258230189,5076896.0
2013-12-04 00:00:00,71.760338153,71.739300462,71.97071507,71.500873289,8502926.0
2013-12-05 00:00:00,71.570998928,71.535936109,71.830463792,71.388672267,7446004.0
2013-12-06 00:00:00,71.627099439,71.879551739,71.928639687,71.486848162,7351950.0
2013-12-09 00:00:00,71.865526612,72.047853273,72.09694122,71.816438664,5679779.0
2013-12-10 00:00:00,72.524707617,72.566783001,72.60184582,72.251217626,7040362.0
2013-12-11 00:00:00,72.321343264,72.005777889,72.47561967,71.949677378,8190914.0
2013-12-12 00:00:00,71.956689942,71.732287898,72.047853273,71.672681105,6208704.0
2013-12-13 00:00:00,72.033828145,72.082916092,72.146029167,71.788388409,6471352.0
2013-12-16 00:00:00,72.342380956,71.816438664,72.419519159,71.746313025,6376381.0
2013-12-17 00:00:00,71.662162259,72.139016603,72.216154806,71.648137131,6015838.0
2013-12-18 00:00:00,71.816438664,71.774363281,72.440556851,71.5569738,12974216.0
2013-12-19 00:00:00,71.837476356,71.704237642,71.942664814,71.549961237,6708383.0
2013-12-20 00:00:00,72.440556851,72.812222737,72.840272992,72.146029167,12425975.0
2013-12-23 00:00:00,72.671971459,72.398481467,72.924423759,72.398481467,6378597.0
2013-12-24 00:00:00,72.09694122,71.816438664,72.181091987,71.795400973,4897009.0
2013-12-26 00:00:00,71.714199391,71.538312837,71.721234853,71.474993678,4645323.0
2013-12-27 00:00:00,71.517206451,71.334284434,71.686057542,71.249858889,4755262.0
2013-12-30 00:00:00,71.573490148,71.826766786,71.876015021,71.524241913,4491711.0
2013-12-31 00:00:00,71.671986618,71.369461745,71.854908634,70.884014856,7219195.0
2014-01-02 00:00:00,71.270965275,71.587561072,71.74234124,71.249858889,8580808.0
2014-01-03 00:00:00,71.334284434,71.587561072,71.784554013,71.299107124,4083831.0
2014-01-06 00:00:00,71.735305778,71.890085945,72.171504432,71.728270315,7796228.0
2014-01-07 00:00:00,72.044866113,72.073007961,72.164468969,71.861944096,4428082.0
2014-01-08 00:00:00,71.784554013,71.876015021,71.953405105,71.538312837,8512987.0
2014-01-09 00:00:00,72.150398045,72.29814275,72.315731406,71.826766786,6991080.0
2014-01-10 00:00:00,72.713235018,73.163504596,73.25672447,72.656951321,13197803.0
2014-01-13 00:00:00,73.233859218,73.529348628,73.677093334,73.202199638,9671509.0
2014-01-14 00:00:00,73.332355688,73.191646445,73.458994007,73.149433672,10343500.0
2014-01-15 00:00:00,72.903192496,73.114256361,73.233859218,72.825802412,7507464.0
2014-01-16 00:00:00,73.473064931,73.606738712,73.627845099,73.381603923,7137813.0
2014-01-17 00:00:00,73.480100393,73.916299047,73.944440896,73.430852158,7590772.0
2014-01-21 00:00:00,73.895192661,73.972582744,74.099150709,73.86001535,6435954.0
2014-01-22 00:00:00,73.838908963,73.789660728,74.106256526,73.747447955,4646691.0
2014-01-23 00:00:00,74.197717534,74.83794459,75.049008455,74.197717534,12960976.0
2014-01-24 00:00:00,75.119363077,75.323391479,75.330426941,74.978442769,11514538.0
2014-01-27 00:00:00,75.140469463,74.795731817,75.407817025,74.774625431,9222620.0
2014-01-28 00:00:00,74.922370136,74.978653833,74.978653833,74.669093498,5666819.0
2014-01-29 00:00:00,75.246001395,75.597774503,75.794767444,74.978653833,11718542.0
2014-01-30 00:00:00,75.316356017,75.379675176,75.453547529,75.063079379,5956881.0
2014-01-31 00:00:00,75.829944755,75.886228452,75.97768946,75.583703579,14691208.0
2014-02-03 00:00:00,75.734904615,76.814147228,76.828254053,75.608013729,20781789.0
2014-02-04 00:00:00,76.249874246,75.995951404,76.35567543,75.861936571,9573468.0
2014-02-05 00:00:00,75.664441027,75.290610176,75.727921737,75.184808992,10312498.0
2014-02-06 00:00:00,75.156595343,74.966153211,75.191862404,74.83919179,5708710.0
2014-02-07 00:00:00,74.796871316,75.029633922,75.33293065,74.782764492,7092838.0
2014-02-10 00:00:00,74.902672501,75.24123629,75.262396527,74.874458851,4370474.0
2014-02-11 00:00:00,74.902672501,74.803924729,74.959099799,74.585268948,5904855.0
2014-02-12 00:00:00,74.59232236,74.415987053,74.620465475,74.204384685,6723271.0
2014-02-13 00:00:00,74.888565676,74.83919179,74.987313448,74.68077215,6874873.0
2014-02-14 00:00:00,74.874458851,74.881512264,74.923832737,74.662856483,4999982.0
2014-02-18 00:00:00,74.937939562,75.050794158,75.318823825,74.909725913,4855814.0
2014-02-19 00:00:00,75.304717001,74.733390606,75.304717001,74.68401672,5522754.0
2014-02-20 00:00:00,74.698123544,74.550001887,74.916779325,74.253758571,5103383.0
2014-02-21 00:00:00,74.43714729,74.944992974,74.952046387,74.43714729,5250670.0
2014-02-24 00:00:00,74.966153211,74.754550843,74.99436686,74.588795654,3816733.0
2014-02-25 00:00:00,75.114274869,75.424625009,75.431678422,75.100168044,6225905.0
2014-02-26 00:00:00,75.39641136,75.826669509,75.826669509,75.347037474,7226557.0
2014-02-27 00:00:00,76.080592351,76.242820834,76.278087895,75.95363093,5394718.0
2014-02-28 00:00:00,76.080592351,76.285141307,76.405049316,75.727921737,8463065.0
2014-03-03 00:00:00,76.690482301,76.796540674,76.902599048,76.520788903,11099175.0
2014-03-04 00:00:00,76.315742714,75.636969123,76.315742714,75.615757448,8068066.0
2014-03-05 00:00:00,75.601616332,75.799591962,75.912720894,75.502628516,4798744.0
2014-03-06 00:00:00,75.191523954,75.050112789,75.339298621,75.021830556,7418274.0
2014-03-07 00:00:00,74.399621431,74.576385387,74.774361018,74.371339198,8270425.0
2014-03-10 00:00:00,74.611738178,74.68244376,74.728402389,74.495073967,3744495.0
2014-03-11 00:00:00,74.640020411,74.880419391,74.894560508,74.498538541,3815873.0
2014-03-12 00:00:00,75.304652886,75.403640701,75.545051866,75.20566507,6430504.0
2014-03-13 00:00:00,75.149100604,76.421801088,76.443012762,75.113747813,11815519.0
2014-03-14 00:00:00,76.754117325,76.435942204,76.761187883,76.294531039,9238004.0
2014-03-17 00:00:00,76.195543224,75.863226987,76.280389923,75.834944754,7382327.0
2014-03-18 00:00:00,75.842015312,76.138978758,76.174260844,75.785450846,4819536.0
2014-03-19 00:00:00,76.01170871,75.545051866,76.054132059,75.226876745,11557635.0
2014-03-20 00:00:00,75.424852376,75.410711259,75.806662521,75.354146793,5224411.0
2014-03-21 00:00:00,75.651110239,76.230896015,76.294531039,75.622828006,8986860.0
2014-03-24 00:00:00,76.103625967,76.775329,76.838964024,76.032920384,7537423.0
2014-03-25 00:00:00,76.358166063,76.485436112,76.648058951,76.188472666,5032172.0
2014-03-26 00:00:00,76.457153879,77.086433562,77.111180516,76.407659971,7147736.0
2014-03-27 00:00:00,77.227844727,77.475314265,77.758136595,77.072292446,9773185.0
2014-03-28 00:00:00,77.383397008,77.036939654,77.406022795,76.789470116,6027026.0
2014-03-31 00:00:00,76.591494485,76.846034582,78.238934555,76.308672156,7488392.0
2014-04-01 00:00:00,76.449219703,76.186935379,76.520107358,76.151491551,9067266.0
2014-04-02 00:00:00,75.832497103,75.747431917,75.945917351,75.676544261,6887212.0
2014-04-03 00:00:00,75.924651055,76.080603896,76.218834824,75.86794093,4937393.0
2014-04-04 00:00:00,76.172757848,76.590995013,76.75403662,76.158509429,8977484.0
2014-04-07 00:00:00,76.704415262,77.051764772,77.179362552,76.690237731,7562895.0
2014-04-08 00:00:00,76.995054648,77.236072676,77.306960331,76.775302917,4213806.0
2014-04-09 00:00:00,76.888723165,76.853279338,77.221895145,76.718592793,5771491.0
2014-04-10 00:00:00,76.917078227,77.569244655,77.838617745,76.902900696,12706388.0
2014-04-11 00:00:00,78.065458242,78.200144786,78.24267738,77.774818855,10267141.0
2014-04-14 00:00:00,78.022925648,77.994570586,78.17887849,77.895327869,4142596.0
2014-04-15 00:00:00,78.1150796,78.483695407,78.753068497,77.930771697,7752014.0
2014-04-16 00:00:00,77.987481821,78.582938125,78.582938125,77.954873499,5523220.0
2014-04-17 00:00:00,78.65382578,77.718108731,78.710535904,77.470001938,8622740.0
2014-04-21 00:00:00,77.944949228,77.654309841,78.122168366,77.569244655,4316275.0
2014-04-22 00:00:00,77.441646876,77.916594166,78.030014414,77.406203048,5748723.0
2014-04-23 00:00:00,78.107990835,78.363186393,78.426985283,78.058369476,5748971.0
2014-04-24 00:00:00,78.001659352,78.512050469,78.540405531,78.001659352,6337810.0
2014-04-25 00:00:00,78.738890966,78.625470718,79.093329242,78.618381952,5976534.0
2014-04-28 00:00:00,78.469517876,78.24267738,78.59002689,78.072547007,7606297.0
2014-04-29 00:00:00,77.803173917,78.136345897,78.200144786,77.711019966,5235169.0
2014-04-30 00:00:00,78.193056021,78.462429111,78.575849359,77.952037993,7721499.0
2014-05-01 00:00:00,78.497468843,79.307551781,79.350187725,78.469044881,11558661.0
2014-05-02 00:00:00,78.966464228,79.797865138,80.074998774,78.795920452,12702096.0
2014-05-05 00:00:00,79.833395091,79.314657772,79.868925045,79.215173902,8042997.0
2014-05-06 00:00:00,79.371505697,79.634427352,79.790759147,79.321763762,6522638.0
2014-05-07 00:00:00,79.513625511,79.350187725,79.698381268,79.250703855,8199164.0
2014-05-08 00:00:00,79.534943483,79.009100172,79.833395091,78.909616303,10878828.0
2014-05-09 00:00:00,78.959358238,78.753284508,79.158325977,78.56852875,6000569.0
2014-05-12 00:00:00,78.589846722,78.433514927,78.67511861,78.25586516,4564276.0
2014-05-13 00:00:00,78.895404321,79.115690033,79.115690033,78.817238424,5501018.0
2014-05-14 00:00:00,79.741017212,79.975514905,80.167376653,79.691275278,8853212.0
2014-05-15 00:00:00,80.558206141,80.615054066,81.005883553,80.430298308,12627912.0
2014-05-16 00:00:00,80.437404299,80.387662364,80.714537936,80.302390476,5019196.0
2014-05-19 00:00:00,80.664796001,79.790759147,80.686113973,79.733911222,7403492.0
2014-05-20 00:00:00,79.71969924,79.968408914,80.34502642,79.71259325,6549776.0
2014-05-21 00:00:00,79.449671594,79.478095557,79.577579427,79.200961921,8225046.0
2014-05-22 00:00:00,79.478095557,79.364399706,79.577579427,79.144113995,6495711.0
2014-05-23 00:00:00,79.662851315,79.790759147,79.939984951,79.61310938,3835231.0
2014-05-27 00:00:00,79.897349007,80.259754532,80.288178495,79.577579427,6659270.0
2014-05-28 00:00:00,80.785597842,81.254593227,81.311441153,80.778491852,10360973.0
2014-05-29 00:00:00,81.332759125,80.821127796,81.560150826,80.806915814,10692041.0
2014-05-30 00:00:00,80.686113973,80.785597842,80.998777563,80.579168813,6519281.0
2014-06-02 00:00:00,80.239759579,80.182764876,80.695717203,79.890667023,11728400.0
2014-06-03 00:00:00,79.790926293,79.192481911,79.883542685,79.149735883,12694684.0
2014-06-04 00:00:00,79.32784433,79.171108897,79.370590358,78.978751774,7884222.0
2014-06-05 00:00:00,78.879011044,79.206730586,79.477455426,78.797081158,6915766.0
2014-06-06 00:00:00,79.591444832,79.206730586,79.790926293,79.135487208,7832984.0
2014-06-09 00:00:00,79.106989856,79.09274118,79.242352276,78.928881409,5167639.0
2014-06-10 00:00:00,78.814892003,78.800643327,78.978751774,78.665280908,5990158.0
2014-06-11 00:00:00,78.971627436,78.943130085,79.171108897,78.679529583,5575789.0
2014-06-12 00:00:00,79.000124788,79.648439535,79.748180265,78.786394652,9775925.0
2014-06-13 00:00:00,79.192481911,79.605693508,79.940537388,79.163984559,5413846.0
2014-06-16 00:00:00,79.648439535,79.805174968,79.947661726,79.570071818,5184901.0
2014-06-17 00:00:00,79.548698805,79.171108897,79.56294748,79.12836287,6669215.0
2014-06-18 00:00:00,79.356341682,79.783801955,80.040278118,79.185357573,11256460.0
2014-06-19 00:00:00,79.862169671,78.7578973,79.897791361,78.601161867,14217289.0
2014-06-20 00:00:00,78.765021638,79.356341682,79.356341682,78.715151273,7319071.0
2014-06-23 00:00:00,79.555823143,79.106989856,79.627066521,79.078492505,5822220.0
2014-06-24 00:00:00,79.605693508,79.912040037,79.961910402,79.367028189,9698714.0
2014-06-25 00:00:00,80.282505606,80.118645835,80.467738391,79.986845584,5699273.0
2014-06-26 00:00:00,80.360873323,80.503360081,80.781209258,80.360873323,6628920.0
2014-06-27 00:00:00,80.695717203,80.382246337,80.795457934,80.332375971,7216735.0
2014-06-30 00:00:00,80.610225149,80.581727797,80.781209258,80.275381268,5593063.0
2014-07-01 00:00:00,80.061596571,79.904457215,80.233021323,79.847315631,8019205.0
2014-07-02 00:00:00,79.440181846,79.047333456,79.468752638,78.968763779,9383047.0
2014-07-03 00:00:00,78.547344597,78.761625537,78.890194101,78.518773805,6173946.0
2014-07-07 00:00:00,79.183044718,79.340184074,79.56875041,79.154473926,5928870.0
2014-07-08 00:00:00,79.875886423,80.233021323,80.318733699,79.875886423,6353288.0
2014-07-09 00:00:00,80.175879739,80.297305605,80.518729242,79.975884195,6395169.0
2014-07-10 00:00:00,80.804437162,80.318733699,80.890149538,80.290162907,7196938.0
2014-07-11 00:00:00,80.6687259,80.833007954,80.904434934,80.618727014,4676510.0
2014-07-14 00:00:00,80.618727014,80.483015752,80.711582088,80.368732585,4743333.0
2014-07-15 00:00:00,80.297305605,80.318733699,80.754438276,80.064025088,7720027.0
2014-07-16 00:00:00,80.418731471,80.747295578,80.833007954,80.375875283,4615817.0
2014-07-17 00:00:00,81.297283323,81.768701391,81.882984558,81.090145082,10906396.0
2014-07-18 00:00:00,81.761558693,81.504421565,81.818700277,81.211570947,6678134.0
2014-07-21 00:00:00,81.854413766,81.91155535,82.297261042,81.854413766,5726280.0
2014-07-22 00:00:00,81.91155535,82.082980102,82.175835176,81.597348066,5753405.0
2014-07-23 00:00:00,82.211548666,81.975839632,82.297261042,81.968696934,3490746.0
2014-07-24 00:00:00,81.504421565,81.361567605,81.547277753,81.311568719,6608996.0
2014-07-25 00:00:00,82.0901228,82.325831834,82.332974532,81.961554236,7043382.0
2014-07-28 00:00:00,82.26869025,82.211548666,82.490113888,81.932983444,5138315.0
2014-07-29 00:00:00,82.468685794,82.511541982,82.611539753,82.147264384,6579517.0
2014-07-30 00:00:00,81.954411538,81.361567605,82.118693592,81.254427135,12260525.0
2014-07-31 00:00:00,80.797294464,81.118715874,81.547277753,80.754438276,18254147.0
2014-08-01 00:00:00,81.046957464,81.748787883,81.970795465,80.667396115,14951150.0
2014-08-04 00:00:00,81.727303279,81.533941837,81.927826256,81.533941837,5183753.0
2014-08-05 00:00:00,81.397872674,81.798918628,81.920664721,81.118572813,8037302.0
2014-08-06 00:00:00,82.400487558,81.849049372,82.400487558,81.777434023,7289215.0
2014-08-07 00:00:00,81.94931086,82.615333605,82.615333605,81.755949418,9750472.0
2014-08-08 00:00:00,82.729918163,82.436295233,83.080833373,82.336033744,9536664.0
2014-08-11 00:00:00,82.529395186,82.429133698,82.651141279,82.27157993,6669325.0
2014-08-12 00:00:00,82.357518349,81.892018581,82.379002954,81.870533976,8125463.0
2014-08-13 00:00:00,81.970795465,82.429133698,82.436295233,81.906341651,8210642.0
2014-08-14 00:00:00,82.729918163,83.095156443,83.138125652,82.343195279,9028616.0
2014-08-15 00:00:00,83.288517885,84.004671374,84.470171142,83.274194815,17606660.0
2014-08-18 00:00:00,83.646594629,83.166771792,83.711048443,83.059348768,7595663.0
2014-08-19 00:00:00,83.553494676,82.908956536,83.60362542,82.765725838,5936871.0
2014-08-20 00:00:00,82.808695047,82.772887373,82.858825791,82.472174523,7277519.0
2014-08-21 00:00:00,82.830179652,83.23838714,83.324325559,82.794371977,6791654.0
2014-08-22 00:00:00,83.310002489,83.703886908,83.804148397,82.93044114,10149859.0
2014-08-25 00:00:00,83.818471467,84.018994443,84.054802118,83.646523014,5764713.0
2014-08-26 00:00:00,84.169386676,83.746856118,84.205194351,83.646594629,5487657.0
2014-08-27 00:00:00,83.997509839,84.463009607,84.505262663,83.782663792,7266000.0
2014-08-28 00:00:00,85.021609328,84.90702477,85.193486165,84.692178723,9463642.0
2014-08-29 00:00:00,84.871217095,84.964317049,85.236455375,84.749471002,8513461.0
2014-09-02 00:00:00,83.888367813,83.493584662,83.960074789,83.472051035,10506576.0
2014-09-03 00:00:00,83.256714771,83.960146568,83.960146568,83.192113891,6554847.0
2014-09-04 00:00:00,83.414628031,82.933710374,83.601252794,82.919354623,12534367.0
2014-09-05 00:00:00,83.285426273,82.775797114,83.40027228,82.567638725,6886317.0
2014-09-08 00:00:00,83.263892646,82.811686491,83.421805907,82.5748166,9331233.0
2014-09-09 00:00:00,82.603528102,82.747085612,82.890643121,82.5748166,5355366.0
2014-09-10 00:00:00,82.230278577,82.223100702,82.337946709,82.101076818,8729422.0
2014-09-11 00:00:00,82.438436966,81.950341433,82.639417479,81.943163558,9274904.0
2014-09-12 00:00:00,81.311510516,81.088996376,81.476601652,80.974150368,11115097.0
2014-09-15 00:00:00,81.426356523,81.211020259,81.584269784,81.074640625,5513040.0
2014-09-16 00:00:00,81.254087512,80.880837987,81.433534399,80.873660111,9305931.0
2014-09-17 00:00:00,81.196664508,80.672679598,81.412000772,80.62243447,12917553.0
2014-09-18 00:00:00,80.945438866,80.931083115,81.160775131,80.708568975,7031549.0
2014-09-19 00:00:00,81.232553885,81.964697184,82.022120188,80.959794617,13237138.0
2014-09-22 00:00:00,82.007764437,82.065187441,82.280523705,81.850568964,6617434.0
2014-09-23 00:00:00,82.187211324,82.5748166,82.589172351,82.086721067,6365250.0
2014-09-24 00:00:00,82.459970592,82.115432569,82.646595355,81.993408686,5223623.0
2014-09-25 00:00:00,82.474326343,83.091623635,83.09880151,82.474326343,8949883.0
2014-09-26 00:00:00,82.983955502,82.969599752,83.174169203,82.696840483,7800462.0
2014-09-29 00:00:00,83.6873873,83.637142171,83.805822245,83.443339533,6791793.0
2014-09-30 00:00:00,83.443339533,83.163402389,83.716098801,83.062912133,7277543.0
2014-10-01 00:00:00,83.81776558,84.782000662,84.803588014,83.774590875,17194898.0
2014-10-02 00:00:00,84.494169294,84.04083489,84.760413309,83.997660185,8253062.0
2014-10-03 00:00:00,83.896919207,84.4006241,84.450994589,83.770992983,8561520.0
2014-10-06 00:00:00,84.343057826,84.450994589,84.753217525,84.155967437,4486451.0
2014-10-07 00:00:00,84.839566935,85.595124275,85.645494765,84.746021741,8841306.0
2014-10-08 00:00:00,85.659886333,85.616711628,85.710256822,84.985353523,9391292.0
2014-10-09 00:00:00,85.530362218,85.24253085,85.818193585,85.177768792,10293812.0
2014-10-10 00:00:00,85.710256822,86.091633384,86.113220737,85.559145354,8778325.0
2014-10-13 00:00:00,86.170787011,86.61692563,86.897561214,86.091633384,6452384.0
2014-10-14 00:00:00,86.998302192,87.185392581,87.336504049,86.544967788,11285617.0
2014-10-15 00:00:00,89.351323623,87.876187864,91.582016721,87.379678754,37408948.0
2014-10-16 00:00:00,89.02031755,87.314916697,89.027513334,87.091847387,18098188.0
2014-10-17 00:00:00,86.911952782,86.825603372,87.28613356,86.401052105,8524257.0
2014-10-20 00:00:00,87.336504049,87.142217876,87.383276647,86.732058177,7742600.0
2014-10-21 00:00:00,86.660100335,86.44422681,86.947931703,86.437031026,9758010.0
2014-10-22 00:00:00,86.39385632,86.537772004,86.66729612,86.213961716,9262018.0
2014-10-23 00:00:00,86.0844376,85.767823096,86.185178579,85.37925075,10936825.0
2014-10-24 00:00:00,86.005283974,85.854172506,86.350681615,85.674277901,5704911.0
2014-10-27 00:00:00,85.976500837,86.012479758,86.246342745,85.810997801,3392027.0
2014-10-28 00:00:00,85.681473686,85.472795944,85.803802017,85.393642318,5141976.0
2014-10-29 00:00:00,85.307292908,85.667082117,85.926130348,84.918720561,9106612.0
2014-10-30 00:00:00,86.285919558,85.739039959,86.386660536,85.703061038,7024366.0
2014-10-31 00:00:00,85.580732707,85.515970649,85.846976722,85.213747713,6664380.0
2014-11-03 00:00:00,85.472683427,85.51596338,85.660229888,84.975685306,9726839.0
2014-11-04 00:00:00,85.847776349,85.78285642,86.201229295,85.602523285,3664808.0
2014-11-05 00:00:00,85.479896753,85.660229888,85.811637589,85.414976824,4799628.0
2014-11-06 00:00:00,85.256283665,85.104803831,85.49425127,85.043490565,5901871.0
2014-11-07 00:00:00,85.34284357,86.085816088,86.085816088,85.313990268,8550548.0
2014-11-10 00:00:00,85.963189556,85.292350292,85.963189556,85.227430363,4787298.0
2014-11-11 00:00:00,85.16972376,85.350056895,85.407763499,85.068737204,2416470.0
2014-11-12 00:00:00,85.68908319,85.277923641,85.927122929,85.144477121,4040793.0
2014-11-13 00:00:00,85.328416919,85.479896753,85.674656539,85.137263795,4475902.0
2014-11-14 00:00:00,85.429403475,85.898269627,85.970402881,85.313990268,5191200.0
2014-11-17 00:00:00,86.107456064,85.681869864,86.11466939,85.458256776,4726190.0
2014-11-18 00:00:00,85.775643095,85.919909603,85.963189556,85.660229888,4471230.0
2014-11-19 00:00:00,85.458256776,85.371696871,85.963189556,85.371696871,5792474.0
2014-11-20 00:00:00,86.194015969,85.818923047,86.230082596,85.588096634,5683570.0
2014-11-21 00:00:00,85.95597623,86.338282478,86.38156243,85.919909603,3640144.0
2014-11-24 00:00:00,86.028109485,86.410415732,86.46090901,85.94154958,4033915.0
2014-11-25 00:00:00,86.533042264,87.131748274,87.182241552,86.489762312,6770006.0
2014-11-26 00:00:00,87.449134592,87.369788013,87.612588546,87.32650806,4339146.0
2014-11-28 00:00:00,87.802587538,88.062267253,88.192107111,87.802587538,4562187.0
2014-12-01 00:00:00,88.399566584,87.546468113,88.493552008,87.51754952,7728556.0
2014-12-02 00:00:00,87.069311341,86.693369641,87.076540989,86.671680697,5757162.0
2014-12-03 00:00:00,86.678910345,87.0331631,87.040392748,86.556006328,4868551.0
2014-12-04 00:00:00,87.004244508,87.763357554,87.763357554,86.910259083,4250485.0
2014-12-05 00:00:00,87.597075649,87.250052542,87.618764593,86.837962603,8030737.0
2014-12-08 00:00:00,87.488630928,88.320040455,88.511626129,87.284899446,6021774.0
2014-12-09 00:00:00,89.064694205,88.775508283,89.332191183,88.601996729,6639727.0
2014-12-10 00:00:00,88.761048987,89.426176608,89.64306605,88.688752506,6439191.0
2014-12-11 00:00:00,89.165909278,89.794888659,89.794888659,88.840575115,7863455.0
2014-12-12 00:00:00,90.402179096,91.016699181,91.052847422,90.09130423,9317388.0
2014-12-15 00:00:00,90.539542409,90.828728332,91.305885104,90.3877198,9387414.0
2014-12-16 00:00:00,91.783041876,91.956553429,92.043309206,91.06007707,7426434.0
2014-12-17 00:00:00,91.457707713,91.125071606,91.660137859,90.582920298,11558786.0
2014-12-18 00:00:00,90.026237397,89.498473089,90.149141414,89.498473089,12758214.0
2014-12-19 00:00:00,89.773199715,90.705824315,90.763661499,89.671984642,7894461.0
2014-12-22 00:00:00,90.402179096,90.828728332,90.937173053,90.308193671,4118783.0
2014-12-23 00:00:00,90.402179096,89.021316317,90.510623817,88.985168076,7406146.0
2014-12-24 00:00:00,88.862861617,89.507664067,89.587358752,88.768676989,4871374.0
2014-12-26 00:00:00,89.942362348,89.840932749,89.971342233,89.558378866,2921323.0
2014-12-29 00:00:00,90.203181316,90.514715084,90.746554168,90.130731603,4070721.0
2014-12-30 00:00:00,90.978393251,90.76104411,91.145100042,90.65236954,4372557.0
2014-12-31 00:00:00,90.775534053,90.934923423,91.112425221,90.739309196,4993301.0
2015-01-02 00:00:00,91.202987363,91.949219412,92.195548438,91.101557764,9431997.0
2015-01-05 00:00:00,92.449122435,93.398213682,93.622807794,92.412897578,9789519.0
2015-01-06 00:00:00,94.398019728,95.086292006,95.6948696,94.028526189,18331287.0
2015-01-07 00:00:00,94.398019728,94.897922751,95.318131089,94.014036246,9762919.0
2015-01-08 00:00:00,94.151690702,93.637297736,94.158935673,93.470663395,8055253.0
2015-01-09 00:00:00,93.311274025,94.666083668,94.695063553,93.195354484,9398821.0
2015-01-12 00:00:00,94.615368869,95.209456519,95.564387666,94.557409098,6658148.0
2015-01-13 00:00:00,94.897922751,95.209456519,95.781809256,94.716798467,8260840.0
2015-01-14 00:00:00,96.586001076,95.933953654,96.87579993,95.847013998,12324546.0
2015-01-15 00:00:00,95.955688568,97.448152666,97.535092323,95.832524055,11454237.0
2015-01-16 00:00:00,97.027944328,96.202017594,97.281518325,96.086098053,9390473.0
2015-01-20 00:00:00,96.883044901,97.484377523,97.593052093,96.839575073,7758724.0
2015-01-21 00:00:00,97.658256835,96.354161993,97.937188232,96.031760767,9803896.0
2015-01-22 00:00:00,96.788860274,96.006403368,96.919269758,95.542725201,10200015.0
2015-01-23 00:00:00,97.006209414,97.346723067,97.600297065,96.897534844,7334591.0
2015-01-26 00:00:00,97.397437867,97.049679242,97.651011864,96.82508513,5966478.0
2015-01-27 00:00:00,98.042240317,97.20182364,98.332039171,96.897534844,8079582.0
2015-01-28 00:00:00,97.332233125,98.795717337,99.259395504,97.296008268,12230298.0
2015-01-29 00:00:00,98.3247942,98.143669916,98.723267624,97.84669854,8881399.0
2015-01-30 00:00:00,99.476744644,99.889708011,100.049097381,99.092761163,14871221.0
2015-02-02 00:00:00,98.945245893,99.511496232,99.8309195,98.916207414,13689942.0
2015-02-03 00:00:00,98.182985821,97.39894689,98.281063284,97.253754496,14008703.0
2015-02-04 00:00:00,96.614907959,97.565918144,97.703850919,96.346374625,11360416.0
2015-02-05 00:00:00,96.985148566,96.491494424,97.152119819,96.33904241,8334585.0
2015-02-06 00:00:00,95.569522718,94.778224168,95.78731131,94.509618238,13685553.0
2015-02-09 00:00:00,95.51144576,94.625772153,95.51870538,94.625772153,8025546.0
2015-02-10 00:00:00,94.18293535,93.870771701,94.422502801,93.674761969,8290732.0
2015-02-11 00:00:00,93.863512082,94.045002575,94.277310406,93.329204069,6506362.0
2015-02-12 00:00:00,93.834473603,93.732838926,94.474046101,93.682021588,12548329.0
2015-02-13 00:00:00,93.725579307,92.767309502,93.740098546,92.694713305,8325223.0
2015-02-17 00:00:00,92.484184333,91.366202894,92.578559389,91.119375824,14968830.0
2015-02-18 00:00:00,91.772741599,91.910674374,92.440626615,91.518654909,14009187.0
2015-02-19 00:00:00,91.74370312,91.300866317,92.226467832,91.300866317,8584765.0
2015-02-20 00:00:00,91.939712853,91.569472247,92.636636347,91.177452782,12502546.0
2015-02-23 00:00:00,92.041347529,92.622117108,92.752790263,92.01956867,7500542.0
2015-02-24 00:00:00,92.375290037,93.841733222,93.928848659,92.03408791,11958343.0
2015-02-25 00:00:00,93.689281208,94.248271927,94.360796033,93.413415658,8019820.0
2015-02-26 00:00:00,93.863512082,92.956059615,94.299016669,92.919761517,11020500.0
2015-02-27 00:00:00,93.36985794,93.740098546,93.805435124,92.82538646,9225087.0
2015-03-02 00:00:00,93.537945812,91.988631668,93.588862239,91.915893915,11323970.0
2015-03-03 00:00:00,92.003179219,91.654038004,92.352320434,91.632216678,8599004.0
2015-03-04 00:00:00,92.039548096,91.683133105,92.112285849,91.472193621,6478887.0
2015-03-05 00:00:00,91.741323307,91.5667527,91.995905444,91.283075462,6044998.0
2015-03-06 00:00:00,90.388401098,89.537369386,90.504781503,89.151859294,20022904.0
2015-03-09 00:00:00,90.395674873,90.366579772,90.533876604,89.995617231,8889065.0
2015-03-10 00:00:00,91.33399189,91.559478924,91.67585933,91.181242608,9277945.0
2015-03-11 00:00:00,91.544931374,92.228666254,92.417784412,91.443098519,6663085.0
2015-03-12 00:00:00,92.956043786,92.163202276,92.956043786,91.879525039,10295863.0
2015-03-13 00:00:00,91.90862014,91.879525039,92.512343491,91.712228206,7247189.0
2015-03-16 00:00:00,92.766925628,92.766925628,92.919674909,92.279582681,6374608.0
2015-03-17 00:00:00,93.210625922,93.537945812,93.617884602,93.014233988,6313964.0
2015-03-18 00:00:00,94.199859366,95.349115866,95.378210967,93.254341312,13981903.0
2015-03-19 00:00:00,95.138176382,94.86177292,95.443674945,94.461715277,9543795.0
2015-03-20 00:00:00,95.152723933,95.363663417,95.501865148,95.09453373,5953751.0
2015-03-23 00:00:00,95.501865148,95.247283012,95.538234025,94.9854271,5555506.0
2015-03-24 00:00:00,95.596424227,96.171052477,96.185600028,95.341842091,6713032.0
2015-03-25 00:00:00,96.243790231,95.356389642,96.272885332,95.32729454,5635768.0
2015-03-26 00:00:00,95.029069752,93.865265701,95.09453373,93.669601145,9536292.0
2015-03-27 00:00:00,94.287144669,95.036343527,95.087259955,94.250775793,7907909.0
2015-03-30 00:00:00,94.919963122,94.563548132,94.992700876,94.330787321,7010587.0
2015-03-31 00:00:00,94.439893951,94.767213841,94.963605774,94.199859366,6844288.0
2015-04-01 00:00:00,95.432758406,96.015878876,96.270994082,95.410891388,9273941.0
2015-04-02 00:00:00,95.870098758,94.995418053,95.899254782,94.907949982,6663396.0
2015-04-06 00:00:00,95.505648464,94.463320624,95.542093494,94.259228459,5923761.0
2015-04-07 00:00:00,94.630967759,95.257822264,95.352579341,94.353985535,4764948.0
2015-04-08 00:00:00,95.206799223,95.286978288,95.454625423,94.479720887,5378896.0
2015-04-09 00:00:00,95.097464135,94.047847288,95.133909164,93.829250002,6484206.0
2015-04-10 00:00:00,94.696568812,94.1863384,94.791325888,94.135315359,4842983.0
2015-04-13 00:00:00,94.120737347,94.317540506,94.448742612,94.018691265,4010619.0
2015-04-14 00:00:00,95.418180394,94.988129047,95.819075717,94.813192906,6075465.0
2015-04-15 00:00:00,95.228666241,94.907949982,95.38902437,94.696568812,4425222.0
2015-04-16 00:00:00,95.068308112,94.4341646,95.090175129,94.033269277,7085505.0
2015-04-17 00:00:00,94.295673488,95.520226476,95.702451623,94.244650447,7268774.0
2015-04-20 00:00:00,95.148487176,94.674701794,95.199510217,94.412297582,4949441.0
2015-04-21 00:00:00,94.630967759,94.244650447,94.791325888,94.142604365,4563763.0
2015-04-22 00:00:00,94.09887033,92.801427283,94.135315359,92.670225177,9707563.0
2015-04-23 00:00:00,92.85973933,93.202322606,93.625084947,92.721248218,6843409.0
2015-04-24 00:00:00,93.472015824,93.785443077,94.047847288,93.435570794,4773030.0
2015-04-27 00:00:00,93.785443077,93.785443077,94.09887033,93.275212665,4334926.0
2015-04-28 00:00:00,93.129432547,92.48800003,93.544905883,92.466133012,7464325.0
2015-04-29 00:00:00,91.40922716,91.350915113,91.86843453,91.022909848,11554821.0
2015-04-30 00:00:00,90.847973707,91.511273242,91.671631371,90.461656395,12875959.0
2015-05-01 00:00:00,90.808704028,90.275513972,91.035127202,90.049090797,12378465.0
2015-05-04 00:00:00,90.494633173,89.420949087,90.66262456,89.34060538,9144659.0
2015-05-05 00:00:00,89.442861007,89.29678154,89.567028555,88.588296123,13935494.0
2015-05-06 00:00:00,88.807415324,87.762947132,88.858543138,87.624171638,14355025.0
2015-05-07 00:00:00,88.398392815,88.946190818,89.23104578,88.339961028,11933674.0
2015-05-08 00:00:00,89.822667623,89.187221939,89.94683517,89.041142472,11716437.0
2015-05-11 00:00:00,88.537168309,87.010637875,88.559810627,86.988725955,13738591.0
2015-05-12 00:00:00,86.725782914,87.23706105,87.814074946,86.492055766,15861707.0
2015-05-13 00:00:00,87.828682893,86.535879606,87.879810706,86.360584245,15759976.0
2015-05-14 00:00:00,86.5650955,86.769606754,87.229757076,86.397104112,9128441.0
2015-05-15 00:00:00,87.631475612,88.515256389,88.748983537,87.565739851,12630621.0
2015-05-18 00:00:00,87.587651771,87.025245822,87.667995478,86.969151306,10208341.0
2015-05-19 00:00:00,86.09033723,86.251024645,87.23706105,85.988081603,8435326.0
2015-05-20 00:00:00,86.455535899,86.397104112,86.952206088,86.02460147,7789665.0
2015-05-21 00:00:00,87.047157742,87.609563691,87.799466999,86.952206088,11760652.0
2015-05-22 00:00:00,87.828682893,87.646083558,87.901722626,87.207845156,5417933.0
2015-05-26 00:00:00,87.967458387,89.150702073,89.216510873,87.894418653,10469658.0
2015-05-27 00:00:00,88.946190818,89.355213327,89.442861007,88.526358429,6490255.0
2015-05-28 00:00:00,89.179917966,89.136094126,89.567028555,88.975406712,6237616.0
2015-05-29 00:00:00,89.713108022,89.333301407,89.961443117,89.187221939,7911982.0
2015-06-01 00:00:00,89.087621683,88.370286903,89.285254734,88.048218226,13108065.0
2015-06-02 00:00:00,87.667591609,87.133250395,87.733469292,86.891698888,10076179.0
2015-06-03 00:00:00,86.364677417,85.727859806,86.518392013,85.48996817,14810887.0
2015-06-04 00:00:00,86.269520762,86.847780432,87.023454255,86.181683851,10859277.0
2015-06-05 00:00:00,85.962091571,85.786417748,86.496432785,85.625383409,11200153.0
2015-06-08 00:00:00,86.049928483,85.691261093,86.196323336,85.618063667,5333972.0
2015-06-09 00:00:00,85.391151644,85.010525027,85.442389843,84.695776093,12393893.0
2015-06-10 00:00:00,84.556700982,84.263911276,84.710415578,84.072865993,12183562.0
2015-06-11 00:00:00,85.025164512,86.04260874,86.057248226,84.790932747,13849269.0
2015-06-12 00:00:00,85.779098005,86.04260874,86.862419917,85.749819034,7863117.0
2015-06-15 00:00:00,86.730664549,86.181683851,86.855100174,85.888894145,8194180.0
2015-06-16 00:00:00,86.525711755,86.862419917,86.86973966,86.035288998,7046378.0
2015-06-17 00:00:00,86.445194586,86.189003593,86.54035124,85.530226755,13626103.0
2015-06-18 00:00:00,85.618063667,85.76445852,85.888894145,85.164239622,10123276.0
2015-06-19 00:00:00,86.452514329,86.86973966,86.946596958,86.437874843,10439248.0
2015-06-22 00:00:00,85.962091571,85.091042196,86.181683851,85.04712374,9768973.0
2015-06-23 00:00:00,84.417625872,84.57866021,85.317954218,84.388346901,8945108.0
2015-06-24 00:00:00,84.988565799,85.310634475,85.471668814,84.732374806,8600392.0
2015-06-25 00:00:00,85.04712374,85.010525027,85.40579113,84.754334034,8287821.0
2015-06-26 00:00:00,84.373707416,84.051638739,84.520102269,83.795447747,11672979.0
2015-06-29 00:00:00,85.317954218,86.284160248,86.569630211,84.951967085,17132910.0
2015-06-30 00:00:00,85.640022895,85.68394135,86.591589439,85.588784696,13469011.0
2015-07-01 00:00:00,84.670249292,84.523531963,85.066386079,84.3841505,12451476.0
2015-07-02 00:00:00,85.037042614,84.802294888,85.286462073,84.71426449,6682132.0
2015-07-06 00:00:00,86.306147508,86.379506172,86.746299494,85.57989673,10605806.0
2015-07-07 00:00:00,87.487222005,87.193787347,88.096098919,86.966375487,16160105.0
2015-07-08 00:00:00,87.751313196,87.94938159,88.151117917,87.369848142,9951815.0
2015-07-09 00:00:00,86.782978826,86.210781244,87.091085217,86.156202398,11108879.0
2015-07-10 00:00:00,84.831638353,84.83897422,85.330477271,84.626234093,13636624.0
2015-07-13 00:00:00,84.354807035,84.574883028,85.139744744,84.354807035,8006723.0
2015-07-14 00:00:00,84.81696662,84.853645953,85.000363281,84.552875429,4227782.0
2015-07-15 00:00:00,84.882989418,85.755957525,85.939354186,84.831638353,8720406.0
2015-07-16 00:00:00,85.455187001,86.350162706,86.386842039,85.440515268,7306517.0
2015-07-17 00:00:00,86.540895234,86.797650559,86.922360289,86.533559367,7404940.0
2015-07-20 00:00:00,86.482208302,86.430857237,86.742631561,86.196109511,5940984.0
2015-07-21 00:00:00,86.034720449,86.900352689,86.951703754,86.020048717,5627455.0
2015-07-22 00:00:00,87.010390686,87.443206806,87.663282799,86.966375487,6228919.0
2015-07-23 00:00:00,87.443206806,88.536250905,88.616872078,87.333168809,9087712.0
2015-07-24 00:00:00,88.83702143,88.756326899,88.873700762,88.411541176,7307882.0
2015-07-27 00:00:00,89.343196214,89.233158217,89.412886945,88.822349697,8171957.0
2015-07-28 00:00:00,88.587601971,88.580266104,88.884704561,88.396869443,9128181.0
2015-07-29 00:00:00,88.48489984,88.250152114,88.594937837,88.041740149,6706432.0
2015-07-30 00:00:00,88.624281303,88.932387693,89.15613162,88.580266104,6146626.0
2015-07-31 00:00:00,89.526592875,89.592615673,89.864042731,89.24782995,9178422.0
2015-08-03 00:00:00,89.634837761,90.539122997,90.686161247,89.634837761,11753736.0
2015-08-04 00:00:00,90.25239841,89.818635573,90.366353054,89.737764536,6448757.0
2015-08-05 00:00:00,89.230482574,89.142259624,89.333409349,88.80407165,7574389.0
2015-08-06 00:00:00,89.399576562,89.936266173,90.039192948,89.399576562,6118061.0
2015-08-07 00:00:00,90.355325185,91.119924084,91.23704005,90.31121371,8316980.0
2015-08-10 00:00:00,90.436196223,89.987729561,90.553826822,89.781876011,7461656.0
2015-08-11 00:00:00,91.090516434,91.421352496,91.700725171,90.987589659,11145702.0
2015-08-12 00:00:00,91.553686921,90.921422447,92.127136095,90.86995906,8455249.0
2015-08-13 00:00:00,90.744976547,90.627345947,91.178739384,90.296509885,7691434.0
2015-08-14 00:00:00,90.480307698,90.84055141,91.141979822,90.28180606,4324742.0
2015-08-17 00:00:00,91.391944846,91.252258509,91.678669433,91.156683647,7880324.0
2015-08-18 00:00:00,90.72292081,90.531771085,91.083164522,90.414140485,5024294.0
2015-08-19 00:00:00,90.178879285,91.428704409,91.553686921,90.127415898,10735974.0
2015-08-20 00:00:00,91.877171071,92.355045382,92.413860682,91.737484733,9078313.0
2015-08-21 00:00:00,92.457972157,92.634418057,92.884383082,92.038913145,10718318.0
2015-08-24 00:00:00,94.038633343,92.605010407,94.487100005,92.208007133,16663414.0
2015-08-25 00:00:00,91.274314246,91.112572172,91.450760146,90.54647491,15354785.0
2015-08-26 00:00:00,90.134767811,89.348113174,90.509715347,88.929054162,16429934.0
2015-08-27 00:00:00,89.267242137,89.399576562,90.039192948,89.142259624,9126952.0
2015-08-28 00:00:00,90.245046498,89.664245411,90.480307698,89.568670549,9946158.0
2015-08-31 00:00:00,90.39943666,88.973165637,90.480307698,88.914350337,8617562.0
2015-09-01 00:00:00,89.32878983,89.616136038,89.660343147,88.842511631,15298248.0
2015-09-02 00:00:00,89.166697097,88.842511631,89.579296781,88.754097413,9515229.0
2015-09-03 00:00:00,89.137225691,89.277214869,89.350893384,88.64357964,7042492.0
2015-09-04 00:00:00,89.925585801,90.095046386,90.275558747,89.461411157,7951303.0
2015-09-08 00:00:00,89.137225691,88.761465264,89.269847018,88.680418898,7049499.0
2015-09-09 00:00:00,87.847851678,89.188800651,89.376680864,87.796276718,7441863.0
2015-09-10 00:00:00,88.871983037,88.584636828,88.997236512,88.452015501,6789671.0
2015-09-11 00:00:00,89.203536354,89.144593542,89.652975296,89.100386433,5890921.0
2015-09-14 00:00:00,89.557193226,89.284582721,89.70086633,89.063547176,4221733.0
2015-09-15 00:00:00,88.776200967,87.567873321,88.894012912,87.472091252,11894974.0
2015-09-16 00:00:00,87.354205628,87.236320004,87.7078625,87.052123716,6949781.0
2015-09-17 00:00:00,87.295262816,88.304658471,88.393072689,87.184745043,19843582.0
2015-09-18 00:00:00,89.011972215,89.667710999,89.741389514,88.953029403,14963338.0
2015-09-21 00:00:00,88.864615185,88.20150855,88.9382937,87.958369451,10085551.0
2015-09-22 00:00:00,89.1814328,89.431939751,89.881378692,88.960397255,9968204.0
2015-09-23 00:00:00,89.314054127,89.424571899,89.645607444,88.849879482,6769859.0
2015-09-24 00:00:00,90.456071109,90.036103574,90.831831536,89.955057207,9605760.0
2015-09-25 00:00:00,89.336157681,89.255111315,89.542457523,89.056105645,8383733.0
2015-09-28 00:00:00,89.741389514,90.787624427,90.898142199,89.740652728,9833354.0
2015-09-29 00:00:00,90.728681615,91.045499229,91.281270477,90.515013921,9006123.0
2015-09-30 00:00:00,90.632899545,90.728681615,90.920245754,90.419231852,9832571.0
2015-10-01 00:00:00,91.316573619,91.117228125,91.641432943,91.006480628,9069447.0
2015-10-02 00:00:00,92.431431755,91.670965609,92.889188075,91.390405284,13000403.0
2015-10-05 00:00:00,91.050779627,90.423210478,91.131994458,90.356761979,11362675.0
2015-10-06 00:00:00,90.186949151,90.8145183,90.962181629,90.083658652,5687786.0
2015-10-07 00:00:00,90.378911479,90.511808475,90.762836135,90.157416485,6712790.0
2015-10-08 00:00:00,90.733303469,89.75134233,90.792368801,89.529847336,12882333.0
2015-10-09 00:00:00,89.758725496,89.987603656,90.253397649,89.707043331,9038104.0
2015-10-12 00:00:00,90.541341141,90.674238137,90.832976216,90.45348146,4214848.0
2015-10-13 00:00:00,90.910499464,90.829284633,90.962181629,90.371528312,6132909.0
2015-10-14 00:00:00,91.036013294,91.626666611,91.65989086,90.740686635,9358749.0
2015-10-15 00:00:00,91.486386448,91.176293456,91.597133945,91.095078625,6629886.0
2015-10-16 00:00:00,91.442087449,91.205826122,91.604517111,91.161527124,7945232.0
2015-10-19 00:00:00,91.102461792,90.954798463,91.235358788,90.452743143,6081315.0
2015-10-20 00:00:00,90.371528312,90.393677812,90.497042142,90.186949151,5969805.0
2015-10-21 00:00:00,90.969564796,91.29442412,91.41993795,90.866200465,6603844.0
2015-10-22 00:00:00,91.331339952,91.449470615,91.833395271,90.895733131,6934112.0
2015-10-23 00:00:00,90.593023306,90.666854971,90.855125715,90.408444145,7058213.0
2015-10-26 00:00:00,91.161527124,91.27227462,91.405171617,91.117228125,5859785.0
2015-10-27 00:00:00,91.634049777,91.501152781,91.921993269,91.375638951,7156769.0
2015-10-28 00:00:00,91.456853782,91.131994458,91.508535947,90.740686635,8468672.0
2015-10-29 00:00:00,90.652088638,89.677510665,90.681621304,89.559380002,12107974.0
2015-10-30 00:00:00,89.958070991,90.356761979,90.378911479,89.795641328,11861389.0
2015-11-02 00:00:00,89.814102318,89.939889277,90.110071634,89.740109989,8751010.0
2015-11-03 00:00:00,89.71791229,89.199965988,89.784505386,89.081578262,8921581.0
2015-11-04 00:00:00,89.310954481,89.303555249,89.636520729,89.014985166,5980819.0
2015-11-05 00:00:00,89.273958317,89.066779796,89.28135755,88.71901585,7268407.0
2015-11-06 00:00:00,88.119677986,87.757115575,88.145575301,87.561035903,10604737.0
2015-11-09 00:00:00,87.091184614,87.261366971,87.683123246,87.017192286,9159480.0
2015-11-10 00:00:00,87.38715393,87.520340122,87.912499465,87.298363135,6712535.0
2015-11-11 00:00:00,87.276165437,87.3353593,87.446347793,87.216971574,2857898.0
2015-11-12 00:00:00,87.572134752,87.757115575,88.082681822,87.535138588,6805727.0
2015-11-13 00:00:00,87.993891027,88.260263411,88.421566688,87.919898698,7906585.0
2015-11-16 00:00:00,88.341654973,88.178871849,88.497038864,87.853305602,5485337.0
2015-11-17 00:00:00,87.757115575,88.326856507,88.593228891,87.505541656,5122919.0
2015-11-18 00:00:00,88.186271082,88.511837329,88.636884365,88.023487959,5233883.0
2015-11-19 00:00:00,89.148171358,89.10377596,89.347950646,88.996487084,6643031.0
2015-11-20 00:00:00,89.185167522,88.830004344,89.266559084,88.704217384,5971025.0
2015-11-23 00:00:00,88.889198207,89.10377596,89.325752947,88.733814316,5436264.0
2015-11-24 00:00:00,89.162969824,89.096376728,89.38494681,88.926194371,3371479.0
2015-11-25 00:00:00,89.362749112,89.303555249,89.547729934,89.196266372,3280898.0
2015-11-27 00:00:00,89.421942975,89.214764454,89.473737605,89.207365221,2570644.0
2015-11-30 00:00:00,89.310954481,89.569927633,89.629121496,89.28135755,5179764.0
2015-12-01 00:00:00,89.619251495,90.783389888,90.798219676,89.619251495,12766590.0
2015-12-02 00:00:00,90.657336686,90.813049465,90.939102666,90.308836658,7345805.0
2015-12-03 00:00:00,89.693400437,88.336474795,89.723060014,87.936070507,16612180.0
2015-12-04 00:00:00,88.336474795,89.115038688,89.374559986,88.29198543,11843829.0
2015-12-07 00:00:00,89.285581255,89.982581312,90.509038802,89.278166361,9016691.0
2015-12-08 00:00:00,90.375570706,90.027070677,90.486794119,89.760134485,7257521.0
2015-12-09 00:00:00,89.685985543,89.930677052,90.275469634,89.063134429,8993896.0
2015-12-10 00:00:00,90.012240889,90.04931536,90.19019835,89.789794062,5605893.0
2015-12-11 00:00:00,90.931687772,91.47297505,91.725081454,90.813049465,12300038.0
2015-12-14 00:00:00,90.968762243,90.286591975,91.020666503,89.982581312,10661052.0
2015-12-15 00:00:00,89.441294034,89.752719591,89.871357899,89.300411044,8795455.0
2015-12-16 00:00:00,89.478368505,89.559932341,90.294006869,89.055719535,10988572.0
2015-12-17 00:00:00,90.004825995,90.57577285,90.746315417,89.901017476,9922991.0
2015-12-18 00:00:00,90.968762243,91.079985657,91.295017589,90.775974994,10171700.0
2015-12-21 00:00:00,91.228283541,91.057740974,91.487804839,90.850123936,7494943.0
2015-12-22 00:00:00,90.649921792,90.397815388,90.761145205,90.161280263,5445763.0
2015-12-23 00:00:00,89.597006813,89.71564512,89.878772793,89.330070621,7287134.0
2015-12-24 00:00:00,89.963836884,90.231332836,90.261054609,89.911823782,3364567.0
2015-12-28 00:00:00,90.350219926,90.498828789,90.855490059,90.246193723,7586564.0
2015-12-29 00:00:00,90.127306632,88.990448834,90.164458848,88.878992187,7787496.0
2015-12-30 00:00:00,88.812118198,88.901283516,89.272805673,88.62635712,5508875.0
2015-12-31 00:00:00,89.295097002,89.302527445,89.511322897,89.057322822,7897690.0
2016-01-04 00:00:00,90.305637268,89.948975997,90.69202031,89.852380237,10591941.0
2016-01-05 00:00:00,89.525440739,89.584884284,89.986128213,89.36197099,6242567.0
2016-01-06 00:00:00,90.580563663,90.796046514,90.818337844,90.394802585,8916942.0
2016-01-07 00:00:00,90.862920502,90.959516263,91.048681581,90.197895842,10202158.0
2016-01-08 00:00:00,90.677159424,91.368190635,91.446210288,90.529293606,9577237.0
2016-01-11 00:00:00,90.387372142,90.365080813,90.944655377,90.253624166,10040254.0
2016-01-12 00:00:00,90.610285436,91.672838804,92.081513176,90.469107016,12897720.0
2016-01-13 00:00:00,91.494508168,92.579352865,92.954590243,91.301316647,15577552.0
2016-01-14 00:00:00,92.192969823,91.709991019,92.560776758,91.353329749,12873776.0
2016-01-15 00:00:00,92.884001034,93.145552632,93.300105849,92.646226854,13976332.0
2016-01-19 00:00:00,92.683379069,92.854279261,93.381840723,92.549631093,8926594.0
2016-01-20 00:00:00,94.058011048,93.835097754,94.756472702,93.641906233,17283292.0
2016-01-21 00:00:00,94.028289276,93.196079645,94.286868697,93.084622998,11001621.0
2016-01-22 00:00:00,92.51990932,92.839418375,92.980596794,92.230122038,10164328.0
2016-01-25 00:00:00,93.292675406,93.344688508,93.530449586,93.069762112,5738192.0
2016-01-26 00:00:00,93.322397178,93.389271167,93.671628005,93.144066543,5692621.0
2016-01-27 00:00:00,93.144066543,93.366979837,93.545310472,92.727961728,7957753.0
2016-01-28 00:00:00,92.988027238,93.500727813,93.63447579,92.928583692,10575351.0
2016-01-29 00:00:00,94.377520103,94.295785228,94.711890044,94.009713168,13170724.0
2016-02-01 00:00:00,94.095549473,94.00621501,94.303996555,93.723322542,9948356.0
2016-02-02 00:00:00,95.078228572,95.755681588,95.770570665,94.996338648,10399965.0
2016-02-03 00:00:00,95.204785729,94.959115954,96.440579142,94.936782338,13308995.0
2016-02-04 00:00:00,95.160118497,95.420677349,95.435566427,94.631556255,9953521.0
2016-02-05 00:00:00,94.914448723,95.532345429,95.740792511,94.691112564,9200847.0
2016-02-08 00:00:00,96.276799292,97.594482629,97.697961716,96.247021137,14452163.0
2016-02-09 00:00:00,98.003932254,97.69870617,98.018821331,97.199922082,15232056.0
2016-02-10 00:00:00,97.750817941,98.562272651,98.599495344,97.311590161,12797068.0
2016-02-11 00:00:00,99.790621525,99.254614744,100.393629154,98.726052501,21620249.0
2016-02-12 00:00:00,98.450604572,97.601927168,98.815386965,97.177588466,13888427.0
2016-02-16 00:00:00,97.021253155,96.567136298,97.043586771,96.34007787,11766006.0
2016-02-17 00:00:00,96.217242983,95.971573208,96.358689217,95.52490089,13157299.0
2016-02-18 00:00:00,96.046018594,97.15525485,97.229700237,96.008795901,10196700.0
2016-02-19 00:00:00,97.185033005,97.233422506,97.840152404,97.028697693,8188740.0
2016-02-22 00:00:00,97.304145623,97.185033005,97.311590161,97.006364078,5054326.0
2016-02-23 00:00:00,96.39591191,97.579593552,97.780596095,96.321466524,8320727.0
2016-02-24 00:00:00,98.271935645,97.386035548,99.008944969,97.192477543,9091189.0
2016-02-25 00:00:00,97.587038091,97.735928863,98.387325993,97.467925473,6097222.0
2016-02-26 00:00:00,96.716027071,96.790472457,97.088254003,96.515024528,9244954.0
2016-02-29 00:00:00,96.835139689,97.214811159,97.356257393,96.797916996,8016109.0
2016-03-01 00:00:00,97.280745917,95.498120484,97.303121968,95.416074962,13729116.0
2016-03-02 00:00:00,95.416074962,95.893430726,95.90088941,95.33402944,7047705.0
2016-03-03 00:00:00,95.975476248,96.243988866,96.624381741,95.751715734,6395336.0
2016-03-04 00:00:00,95.736798366,95.624918109,96.020228351,94.998388668,8687010.0
2016-03-07 00:00:00,95.513037851,95.595083373,95.677128895,95.214690499,5493336.0
2016-03-08 00:00:00,96.930187777,96.654216476,97.407543542,96.631840424,7175371.0
2016-03-09 00:00:00,95.982934932,96.064980454,96.437914645,95.781550469,7194693.0
2016-03-10 00:00:00,96.296199653,95.669670212,96.549794902,95.117727609,10092026.0
2016-03-11 00:00:00,95.789009153,94.700041315,95.830031914,94.588161058,8927006.0
2016-03-14 00:00:00,95.043140771,94.998388668,95.468285748,94.92380183,5176989.0
2016-03-15 00:00:00,95.550331271,95.087892874,95.669670212,94.886508411,6413224.0
2016-03-16 00:00:00,94.990929984,95.371322859,95.565248638,94.707499999,9728881.0
2016-03-17 00:00:00,95.557789954,95.766633101,96.176860711,95.542872587,7805464.0
2016-03-18 00:00:00,95.953100197,95.968017564,96.303658336,95.699504947,8198622.0
2016-03-21 00:00:00,95.363864175,95.229607866,95.639835476,94.987200642,5514849.0
2016-03-22 00:00:00,95.796467837,95.207231815,95.938182829,95.118473477,4997933.0
2016-03-23 00:00:00,95.483203116,96.288740969,96.534877535,95.389969568,10628207.0
2016-03-24 00:00:00,97.101737505,96.326034388,97.148727213,95.923265462,6343287.0
2016-03-28 00:00:00,96.206695447,96.452832013,96.788472785,96.132108608,5058676.0
2016-03-29 00:00:00,96.952563829,97.467213012,97.48213038,96.684051211,9396659.0
2016-03-30 00:00:00,96.691509895,96.437914645,96.72134463,95.906856357,8478718.0
2016-03-31 00:00:00,96.654216476,97.124113557,97.269557891,96.512501483,7832575.0
2016-04-01 00:00:00,97.602736066,97.378511394,97.714848402,96.795527246,9341350.0
2016-04-04 00:00:00,97.460727107,97.43830464,97.59526191,97.072071008,5145057.0
2016-04-05 00:00:00,98.372574107,98.507108911,98.634169558,98.200668525,6482810.0
2016-04-06 00:00:00,98.013814632,97.78958996,98.118452812,97.423356328,6393875.0
2016-04-07 00:00:00,98.507108911,99.000403189,99.10504137,98.376311185,5963282.0
2016-04-08 00:00:00,98.492160599,98.372574107,98.664066181,98.092293267,5585183.0
2016-04-11 00:00:00,97.856857361,98.24551346,98.499634755,97.699900091,4805494.0
2016-04-12 00:00:00,97.677477623,97.565365287,98.028762943,97.26266198,4276037.0
2016-04-13 00:00:00,97.38598555,97.909176451,98.05118541,97.258924902,5207859.0
2016-04-14 00:00:00,97.550416976,97.43830464,97.849383205,97.236502435,6966979.0
2016-04-15 00:00:00,97.834434894,98.275410083,98.484686443,97.804538271,5831142.0
2016-04-18 00:00:00,97.864331517,97.849383205,97.94654723,97.363563082,4486643.0
2016-04-19 00:00:00,97.677477623,97.54294282,97.845646128,97.08701932,5212335.0
2016-04-20 00:00:00,97.737270869,96.466664394,98.103504501,96.324655434,10920713.0
2016-04-21 00:00:00,95.704300508,95.891154402,96.17517232,95.592188172,11154216.0
2016-04-22 00:00:00,96.010740893,95.644507262,96.055585828,95.554817393,5826383.0
2016-04-25 00:00:00,95.42028259,95.248377008,95.764093754,95.248377008,5539464.0
2016-04-26 00:00:00,95.196057918,94.814875975,95.196057918,94.71771195,7839962.0
2016-04-27 00:00:00,95.31564441,95.764093754,95.988318426,95.091419737,8380065.0
2016-04-28 00:00:00,95.532394926,96.160224008,96.22749141,95.405334278,7974606.0
2016-04-29 00:00:00,95.711774664,96.406871148,96.653518287,95.521183692,7416314.0
2016-05-02 00:00:00,96.062502129,95.433407953,96.238498714,95.41842952,11035175.0
2016-05-03 00:00:00,96.729042386,96.63917179,97.081035556,96.579258059,10736651.0
2016-05-04 00:00:00,96.826402199,97.170906153,97.193373802,96.459430597,7211166.0
2016-05-05 00:00:00,97.110992422,97.822467978,97.867403276,96.841380632,7870447.0
2016-05-06 00:00:00,97.702640516,97.403071861,97.710129732,97.286989007,7232476.0
2016-05-09 00:00:00,97.410561077,97.710129732,97.732597381,97.305712048,4950805.0
2016-05-10 00:00:00,97.702640516,97.717618949,97.904849358,97.552856188,4331861.0
2016-05-11 00:00:00,97.687662083,98.271820961,98.5639004,97.560345405,9256048.0
2016-05-12 00:00:00,97.560345405,97.822467978,97.94229544,97.50792089,6087364.0
2016-05-13 00:00:00,98.174461148,98.773598458,98.803555324,97.987230738,8707286.0
2016-05-16 00:00:00,98.29428861,97.919827791,98.309267043,97.800000329,5137039.0
2016-05-17 00:00:00,97.972252305,98.084590551,98.436583721,97.972252305,4449130.0
2016-05-18 00:00:00,97.67268365,96.684107088,97.702640516,96.249732538,12680973.0
2016-05-19 00:00:00,96.826402199,97.103503205,97.313201264,96.80393455,6209379.0
2016-05-20 00:00:00,96.80393455,97.178395369,97.365625779,96.729042386,5348879.0
2016-05-23 00:00:00,97.335668913,97.395582644,97.612769919,97.006143392,6979730.0
2016-05-24 00:00:00,97.043589474,96.961208094,97.208352235,96.496876679,5968275.0
2016-05-25 00:00:00,96.938740445,96.594236492,97.249542925,96.549301193,6367396.0
2016-05-26 00:00:00,96.923762012,97.096013989,97.403071861,96.916272796,5419303.0
2016-05-27 00:00:00,97.118481638,96.953718878,97.260776749,96.841380632,5267595.0
2016-05-31 00:00:00,96.332113918,97.185884586,97.395582644,96.302157053,8344257.0
2016-06-01 00:00:00,97.739178194,97.58158104,98.21947428,97.348937623,9874878.0
2016-06-02 00:00:00,97.941803105,98.287015917,98.534668587,97.919289226,5835531.0
2016-06-03 00:00:00,99.41270987,99.690381045,99.690381045,99.217589585,11077213.0
2016-06-06 00:00:00,99.352672859,98.947423036,99.435223749,98.84611058,7573732.0
2016-06-07 00:00:00,99.24760809,99.187571079,99.502765386,99.172561826,4680203.0
2016-06-08 00:00:00,99.420214496,99.72039955,99.840473572,99.300140474,5313151.0
2016-06-09 00:00:00,100.508385317,100.365797416,100.673487096,100.215704889,6820290.0
2016-06-10 00:00:00,100.861102755,100.853598129,101.266352578,100.466359409,6984577.0
2016-06-13 00:00:00,101.086241546,101.30387571,101.311380336,100.846093502,7688936.0
2016-06-14 00:00:00,101.911750444,101.228829446,101.934264323,101.183801688,9012488.0
2016-06-15 00:00:00,101.408940479,101.619070017,101.94176895,101.251343325,7953205.0
2016-06-16 00:00:00,102.324504893,102.114375356,102.939884254,101.904245818,10372653.0
2016-06-17 00:00:00,101.91925507,101.476482116,101.971787455,101.213820194,8489852.0
2016-06-20 00:00:00,100.448348306,100.388311295,100.680991723,100.2757419,7365885.0
2016-06-21 00:00:00,100.485871438,99.923024461,100.703505602,99.862987451,6005848.0
2016-06-22 00:00:00,99.893005956,100.088126241,100.260732647,99.708392148,5773676.0
2016-06-23 00:00:00,99.225094211,98.93991841,99.757922682,98.827349014,9029115.0
2016-06-24 00:00:00,102.226944751,101.604060764,102.226944751,101.243838699,17155023.0
2016-06-27 00:00:00,103.600291373,104.148129096,104.463323403,103.570272868,17573865.0
2016-06-28 00:00:00,104.350754008,104.365763261,104.692214507,103.930494932,14006412.0
2016-06-29 00:00:00,104.53086504,103.562768241,104.868573226,103.465208099,12999793.0
2016-06-30 00:00:00,103.877962548,103.945504185,104.725985325,103.333877137,14698513.0
2016-07-01 00:00:00,105.57338163,105.392939098,105.580900069,104.355394537,15430178.0
2016-07-05 00:00:00,106.355299271,106.716184336,107.152253789,106.242522688,8840774.0
2016-07-06 00:00:00,107.062032523,106.889108429,107.219919739,106.438002098,14352847.0
2016-07-07 00:00:00,106.535741803,106.88158999,107.362770077,106.302670199,9676415.0
2016-07-08 00:00:00,107.159772228,107.67102607,107.686062947,106.738739652,10355253.0
2016-07-11 00:00:00,107.257511933,106.723702774,107.569527145,106.648518386,8099048.0
2016-07-12 00:00:00,105.280162515,104.964388084,105.610973825,104.693724285,15810639.0
2016-07-13 00:00:00,105.994414206,106.204930494,106.29515176,105.678639774,8181672.0
2016-07-14 00:00:00,104.423060486,104.656132091,104.844093062,104.280210148,10817019.0
2016-07-15 00:00:00,104.129841371,103.753919429,104.295247026,103.596032213,9958624.0
2016-07-18 00:00:00,104.26517327,103.656179724,104.408023609,103.257702465,5955878.0
2016-07-19 00:00:00,104.167433565,104.242617954,104.445615803,103.761437868,8073906.0
2016-07-20 00:00:00,103.633624407,103.671216601,103.844140695,103.393034364,6942471.0
2016-07-21 00:00:00,102.738930184,103.881732889,103.926843522,102.69757877,10398437.0
2016-07-22 00:00:00,103.408071242,104.062175422,104.392986731,103.362960608,5811415.0
2016-07-25 00:00:00,104.167433565,103.986991033,104.408023609,103.902032674,4243800.0
2016-07-26 00:00:00,104.603503019,104.152396688,104.603503019,103.806548501,5243406.0
2016-07-27 00:00:00,104.626058335,105.453086609,105.453086609,104.513281753,8508125.0
2016-07-28 00:00:00,104.814019307,105.257607199,105.592177727,104.746353357,7336072.0
2016-07-29 00:00:00,105.302717832,106.137264544,106.22748581,105.129793738,8766743.0
2016-08-01 00:00:00,104.990980603,104.983448428,105.533297173,104.862933634,9809348.0
2016-08-02 00:00:00,103.522206557,103.898815287,104.599307524,103.273644796,10051207.0
2016-08-03 00:00:00,104.102184001,103.959072684,104.237763144,103.582463954,4930593.0
2016-08-04 00:00:00,104.749951016,104.742418841,105.277203237,104.607592916,5644955.0
2016-08-05 00:00:00,104.441131857,103.650253526,104.539050127,103.51844047,7778635.0
2016-08-08 00:00:00,103.348966542,103.846090065,104.056990953,103.138065653,5185234.0
2016-08-09 00:00:00,104.185037921,104.870465809,104.945787555,104.11724835,5503166.0
2016-08-10 00:00:00,105.081366698,105.277203237,105.540829348,104.75748319,5843487.0
2016-08-11 00:00:00,105.201881491,104.335681413,105.21694584,104.056990953,7624622.0
2016-08-12 00:00:00,105.465507602,105.21694584,105.804455458,105.058770174,7989640.0
2016-08-15 00:00:00,104.659564921,104.222698794,104.877997984,104.21516662,5108563.0
2016-08-16 00:00:00,104.388406635,103.944008335,104.516453603,103.823493541,6182739.0
2016-08-17 00:00:00,104.124780525,104.569178825,104.734886666,104.026862255,5001992.0
2016-08-18 00:00:00,104.554114476,104.734886666,104.979682341,104.245295318,3805233.0
2016-08-19 00:00:00,104.132312699,104.185037921,104.441131857,103.725575271,5516269.0
2016-08-22 00:00:00,104.893062333,105.066302348,105.262138888,104.681408227,5549684.0
2016-08-23 00:00:00,105.360057157,105.179284967,105.601086744,104.908126682,6841393.0
2016-08-24 00:00:00,105.232010189,104.930723206,105.299799761,104.697225794,6027834.0
2016-08-25 00:00:00,104.599307524,104.531517953,104.990980603,104.373342286,5855464.0
2016-08-26 00:00:00,104.95331973,103.921411811,105.67640849,103.815961366,12962524.0
2016-08-29 00:00:00,104.689693619,105.31486411,105.420314554,104.561646651,7310409.0
2016-08-30 00:00:00,105.284735412,104.908126682,105.352524983,104.908126682,5161769.0
2016-08-31 00:00:00,104.900594507,105.058770174,105.284735412,104.659564921,7349658.0
2016-09-01 00:00:00,104.307328114,105.175105105,105.424119372,104.26959868,9149133.0
2016-09-02 00:00:00,104.563888268,104.314874001,104.632555839,103.967763204,8396973.0
2016-09-06 00:00:00,104.375241096,105.077008576,105.409027599,104.224323358,8542625.0
2016-09-07 00:00:00,105.627858318,105.001549707,105.665587752,105.001549707,5421827.0
2016-09-08 00:00:00,104.488429399,103.681019503,104.797810761,103.281087498,14301465.0
2016-09-09 00:00:00,102.38312696,101.968103181,102.420856394,101.885098426,13347664.0
2016-09-12 00:00:00,101.817185444,102.020924389,102.202025675,101.696451254,9096573.0
2016-09-13 00:00:00,102.232209222,100.85885781,102.330305752,100.338191615,15645423.0
2016-09-14 00:00:00,100.85885781,101.009775548,101.507804082,100.85885781,7037670.0
2016-09-15 00:00:00,100.526838787,100.572114108,100.85885781,100.089177348,10234190.0
2016-09-16 00:00:00,101.258789815,101.387069892,101.432345213,100.987137887,7507901.0
2016-09-19 00:00:00,101.213514493,101.055050869,101.477620534,101.009775548,7105887.0
2016-09-20 00:00:00,101.688905367,101.409707552,102.013378503,101.326702796,6054765.0
2016-09-21 00:00:00,101.273881588,102.232209222,102.247300996,100.956954339,10698125.0
2016-09-22 00:00:00,102.835880172,103.047165005,103.303725159,102.707600096,12426243.0
2016-09-23 00:00:00,103.1075321,102.949068476,103.341454593,102.86606372,5928833.0
2016-09-26 00:00:00,103.137715648,103.605560634,103.714221405,103.099986213,8661318.0
2016-09-27 00:00:00,104.284690453,104.367695209,104.443154078,103.801753693,9450445.0
2016-09-28 00:00:00,104.216777472,104.141318603,104.707260119,104.005492639,7958732.0
2016-09-29 00:00:00,103.507464105,104.405424644,104.646893024,103.424459349,8319793.0
2016-09-30 00:00:00,104.254506906,103.46973467,104.322419888,102.98679791,11747119.0
2016-10-03 00:00:00,103.785017644,103.127343814,103.853052867,103.089546467,7588816.0
2016-10-04 00:00:00,102.983713897,101.917828724,103.150022222,101.880031377,12048727.0
2016-10-05 00:00:00,101.774198807,101.441582157,101.819555623,101.093846569,8917655.0
2016-10-06 00:00:00,100.98045453,100.874621959,101.52473632,100.76122992,7839909.0
2016-10-07 00:00:00,100.950216652,100.942657183,101.218577813,100.31522123,9953220.0
2016-10-10 00:00:00,100.133793967,100.345459108,100.368137515,99.87677201,6089117.0
2016-10-11 00:00:00,100.141353436,100.118675028,100.662956819,99.922128826,9670399.0
2016-10-12 00:00:00,99.997723519,100.216948129,100.262304945,99.672666339,7582449.0
2016-10-13 00:00:00,100.730992042,100.594921595,100.950216652,100.526886371,7080582.0
2016-10-14 00:00:00,99.695344747,99.181300834,100.20938866,99.135944018,11415109.0
2016-10-17 00:00:00,99.566833769,99.816296256,100.050639804,99.559274299,10595886.0
2016-10-18 00:00:00,99.385406505,100.141353436,100.164031844,99.362728097,7151001.0
2016-10-19 00:00:00,99.77093944,100.224507599,100.451291678,99.733142093,6941279.0
2016-10-20 00:00:00,100.730992042,100.330340169,100.816414046,100.171591313,6082274.0
2016-10-21 00:00:00,100.640278411,100.481529555,100.791467797,100.148912905,9222747.0
2016-10-24 00:00:00,100.557124248,100.043080335,100.587362125,99.710463685,6507489.0
2016-10-25 00:00:00,99.891890949,100.307661761,100.666736553,99.861653072,5134728.0
2016-10-26 00:00:00,99.838974664,99.627309523,100.09599662,99.483679606,5842548.0
2016-10-27 00:00:00,98.78820843,98.538745942,98.78820843,98.028481764,10044665.0
2016-10-28 00:00:00,98.274164517,98.319521332,98.682375859,98.228807701,7540950.0
2016-10-31 00:00:00,98.652137982,98.924278877,98.954516754,98.516067535,7047470.0
2016-11-01 00:00:00,98.287966357,98.93174681,99.378606184,98.075897501,12622367.0
2016-11-02 00:00:00,99.151389553,99.363458409,99.764874456,98.946894586,8666228.0
2016-11-03 00:00:00,98.73482573,98.598495752,98.962042361,98.500035212,6085408.0
2016-11-04 00:00:00,99.12866789,99.484640612,99.52251005,99.022633462,7622582.0
2016-11-07 00:00:00,98.73482573,98.63636519,98.924172923,98.500035212,5386725.0
2016-11-08 00:00:00,98.939320698,98.234949143,99.083224564,97.94714141,7576518.0
2016-11-09 00:00:00,96.061243376,94.054163138,96.174851691,93.789077069,31233486.0
2016-11-10 00:00:00,93.599729876,92.660567803,94.349544758,92.652993915,22961169.0
2016-11-11 00:00:00,92.83476722,92.137969552,92.902932209,91.842587932,10040165.0
2016-11-14 00:00:00,91.562354088,91.585075751,92.607550589,91.145790265,21174373.0
2016-11-15 00:00:00,92.274299531,92.039509012,92.721158904,91.941048472,11963704.0
2016-11-16 00:00:00,92.334890632,92.872636658,92.971097198,92.236430092,9149498.0
2016-11-17 00:00:00,92.069804563,91.501762986,92.190986766,91.342711345,11221604.0
2016-11-18 00:00:00,91.827440157,91.236676917,92.084952338,90.850408645,13577732.0
2016-11-21 00:00:00,91.509336874,91.463893548,91.710044898,91.266972468,6488066.0
2016-11-22 00:00:00,91.85016182,91.433597997,91.925900697,91.25939858,9989917.0
2016-11-23 00:00:00,90.585322576,91.077625276,91.282120243,90.024854887,13563514.0
2016-11-25 00:00:00,91.494189099,91.213955254,91.569927976,90.895851971,3126273.0
2016-11-28 00:00:00,91.660814628,91.888031258,91.903179034,91.418450222,8554998.0
2016-11-29 00:00:00,91.683536291,92.274299531,92.410629509,91.509336874,8363000.0
2016-11-30 00:00:00,90.5701748,90.774669768,91.35785912,90.199054304,21163537.0
2016-12-01 00:00:00,89.645912164,89.812874674,90.010194003,88.985651333,21715714.0
2016-12-02 00:00:00,90.146799692,90.473135505,90.936077008,90.124032077,12487458.0
2016-12-05 00:00:00,89.964658773,90.374475841,91.078754061,89.600376935,12100125.0
2016-12-06 00:00:00,90.549027555,90.306172996,90.731168474,90.108853667,11526642.0
2016-12-07 00:00:00,90.640098014,91.080271902,91.247234411,90.640098014,10392180.0
2016-12-08 00:00:00,90.131621282,90.002604798,90.253048561,89.850820698,12041139.0
2016-12-09 00:00:00,89.744571829,88.879402464,89.911534338,88.712439954,14646449.0
2016-12-12 00:00:00,88.704850749,89.046364973,89.107078612,88.408871756,9496347.0
2016-12-13 00:00:00,89.56243091,89.365111581,89.630733755,88.833867234,12189195.0
2016-12-14 00:00:00,90.078496847,88.363336526,90.177156512,88.348158116,16618386.0
2016-12-15 00:00:00,88.924937693,88.811099619,89.478949655,88.52270983,12400456.0
2016-12-16 00:00:00,88.962883718,88.606191085,89.194354469,88.348158116,14924640.0
2016-12-19 00:00:00,89.243684302,89.56243091,89.699036599,89.061543383,10868274.0
2016-12-20 00:00:00,88.978062128,89.114667817,89.182970662,88.788332004,7030613.0
2016-12-21 00:00:00,89.198149072,89.509306475,89.56243091,89.05698986,4624709.0
2016-12-22 00:00:00,89.135375102,89.348428422,89.493000318,89.112547961,5177794.0
2016-12-23 00:00:00,89.675617449,89.531045553,89.789753156,89.454955082,4461570.0
2016-12-27 00:00:00,89.051675584,89.241901762,89.264728904,88.907103688,5276560.0
2016-12-28 00:00:00,89.386473658,89.896279815,90.162596465,89.264728904,7578597.0
2016-12-29 00:00:00,90.101724088,90.215859795,90.463153827,89.995197428,8581375.0
2016-12-30 00:00:00,90.086505994,90.352822643,90.748493094,90.040851711,10613914.0
2017-01-03 00:00:00,89.80497125,90.740884047,91.007200696,89.629963166,13217317.0
2017-01-04 00:00:00,90.832192612,91.090900215,91.197426875,90.596312151,6699562.0
2017-01-05 00:00:00,91.357216864,92.521401075,92.559446311,91.144163545,13265820.0
2017-01-06 00:00:00,91.874632069,91.669187797,92.187363906,91.585488278,8369334.0
2017-01-09 00:00:00,92.445310604,92.407265368,92.53661917,92.125730624,8839108.0
2017-01-10 00:00:00,92.194212049,92.346392991,92.468137745,91.988767776,8417941.0
2017-01-11 00:00:00,92.490964887,92.658363924,93.061643421,92.087685389,9402523.0
2017-01-12 00:00:00,93.14534294,92.452919651,93.404050542,92.407265368,9977612.0
2017-01-13 00:00:00,92.026813012,92.011594918,92.346392991,91.486570666,9820003.0
2017-01-17 00:00:00,93.152951987,92.977943903,93.2518696,92.529010122,7853301.0
2017-01-18 00:00:00,92.361611086,91.783323504,92.506182981,91.707233032,9064689.0
2017-01-19 00:00:00,91.387653053,91.151772592,91.456134477,90.672402623,11795591.0
2017-01-20 00:00:00,90.893064989,90.969155461,91.250690205,90.474567397,16953217.0
2017-01-23 00:00:00,91.273517346,91.882241116,92.437701557,91.030027838,13118414.0
2017-01-24 00:00:00,91.600706373,91.250690205,91.87158845,90.862628801,8394978.0
2017-01-25 00:00:00,90.46695835,90.101724088,90.710447858,89.919106957,11115069.0
2017-01-26 00:00:00,90.185423606,90.406085973,90.447935732,89.740294349,7827932.0
2017-01-27 00:00:00,90.558266916,90.733275,90.885455942,90.444131209,7197762.0
2017-01-30 00:00:00,90.588703104,90.459349303,90.919696654,90.406085973,6569509.0
2017-01-31 00:00:00,90.505003586,91.090900215,91.319171629,90.444131209,13298521.0
2017-02-01 00:00:00,90.525972527,90.525972527,90.853869111,90.129446425,10975521.0
2017-02-02 00:00:00,91.15888919,90.449717508,91.31521198,90.449717508,6978567.0
2017-02-03 00:00:00,90.785239594,90.449717508,91.113136178,90.048616104,10275574.0
2017-02-06 00:00:00,91.029255656,90.998753649,91.311399229,90.541223531,8433772.0
2017-02-07 00:00:00,91.04450666,91.669797821,91.982443401,90.8081161,8418420.0
2017-02-08 00:00:00,92.295088982,92.920380143,92.943256648,92.28746348,15734201.0
2017-02-09 00:00:00,92.28746348,91.845184366,92.424722515,91.715550833,16890586.0
2017-02-10 00:00:00,91.296148225,91.791805852,91.93669039,91.296148225,7978462.0
2017-02-13 00:00:00,91.402905253,91.502036778,91.524913284,91.12076168,11536780.0
2017-02-14 00:00:00,91.395279751,90.838618107,91.441032762,90.320083974,13210451.0
2017-02-15 00:00:00,90.26670546,90.4192155,90.617478551,90.182824939,8481015.0
2017-02-16 00:00:00,90.617478551,90.914873127,91.372403245,90.541223531,10005829.0
2017-02-17 00:00:00,91.677423323,91.456283766,91.746052841,91.311399229,7886448.0
2017-02-21 00:00:00,90.968251641,91.296148225,91.677423323,90.907247625,8703755.0
2017-02-22 00:00:00,91.82230786,91.448658264,91.837558864,90.899622123,8101522.0
2017-02-23 00:00:00,91.646921315,91.723176335,91.776554849,91.463909268,5330784.0
2017-02-24 00:00:00,92.241710468,92.706866088,92.844125123,92.17308095,11335989.0
2017-02-27 00:00:00,92.592483558,92.195957456,92.661113076,92.146391694,11039831.0
2017-02-28 00:00:00,92.356092998,92.539105045,92.79455936,92.218833962,8410508.0
2017-03-01 00:00:00,90.960552312,90.983472851,91.04459429,90.586183499,10717113.0
2017-03-02 00:00:00,90.632024578,90.654945118,90.784828175,90.330237474,8201247.0
2017-03-03 00:00:00,90.800108535,90.891790693,90.891790693,90.281340323,9515219.0
2017-03-06 00:00:00,90.716066557,90.456300442,90.716066557,90.257655766,4489229.0
2017-03-07 00:00:00,90.227095046,90.181253967,90.379898643,90.05137091,7080088.0
2017-03-08 00:00:00,89.333194004,89.692282457,89.822165514,89.272072565,11336336.0
2017-03-09 00:00:00,89.356114543,88.974105551,89.463077061,88.920624292,10575439.0
2017-03-10 00:00:00,89.203310946,89.287352925,89.340834184,88.851862673,9218505.0
2017-03-13 00:00:00,88.966465371,88.721979616,89.165110047,88.706699256,6993071.0
2017-03-14 00:00:00,88.920624292,89.149829687,89.363754723,88.874783213,9869230.0
2017-03-15 00:00:00,89.5241985,90.242375406,90.494501341,89.424876162,14600488.0
2017-03-16 00:00:00,89.852726234,89.783964615,89.974969111,89.577679759,8018165.0
2017-03-17 00:00:00,89.944408392,90.349337924,90.433379902,89.883286953,7266766.0
2017-03-20 00:00:00,90.280576305,90.738987096,90.800108535,90.242375406,5497756.0
2017-03-21 00:00:00,90.662585298,91.495364901,91.617607779,90.639664758,12540662.0
2017-03-22 00:00:00,91.938495333,91.862093534,92.282303426,91.716930117,11661374.0
2017-03-23 00:00:00,92.022537311,91.732210477,92.167700728,91.434243463,6746461.0
2017-03-24 00:00:00,91.793331916,92.06073821,92.228822167,91.694009578,5819630.0
2017-03-27 00:00:00,92.786555296,92.480948102,92.893517814,92.297583786,6878473.0
2017-03-28 00:00:00,92.755994577,91.862093534,92.778915116,91.766591286,6811244.0
2017-03-29 00:00:00,92.106579289,92.412186483,92.441983185,92.06073821,6291020.0
2017-03-30 00:00:00,92.205901627,91.663448858,92.221181987,91.632888139,7042448.0
2017-03-31 00:00:00,91.602327419,91.930855153,92.007256951,91.54884616,5144760.0
2017-04-03 00:00:00,91.926690131,92.860761895,93.013888414,91.888408501,12996495.0
2017-04-04 00:00:00,92.631072117,92.355444383,92.799511288,92.309506428,6976660.0
2017-04-05 00:00:00,92.010909716,92.638728443,92.745917006,91.857783197,8555235.0
2017-04-06 00:00:00,92.53153988,92.500914576,92.661697421,91.980284412,6496995.0
2017-04-07 00:00:00,92.990919436,92.125754605,93.3048288,92.110441953,10270017.0
2017-04-10 00:00:00,92.454976621,92.554508858,92.822480266,92.347788058,5314493.0
2017-04-11 00:00:00,92.960294133,93.434986341,93.611081838,92.899043525,11297362.0
2017-04-12 00:00:00,93.503893274,93.947960179,94.020695275,93.335454104,11532463.0
2017-04-13 00:00:00,94.223587913,94.238900565,94.445621365,93.810146312,8396661.0
2017-04-17 00:00:00,94.231244239,93.947960179,94.300151172,93.771864682,8015015.0
2017-04-18 00:00:00,94.537497276,95.180628655,95.395005782,94.300151172,11529704.0
2017-04-19 00:00:00,94.721249099,94.659998491,94.774077748,94.414996061,7343991.0
2017-04-20 00:00:00,94.437965039,94.292494846,94.583435232,93.982413646,7932918.0
2017-04-21 00:00:00,94.506871973,94.292494846,94.828437662,94.254213217,9798520.0
2017-04-24 00:00:00,93.534518578,93.825458964,94.001554461,93.465611645,8066371.0
2017-04-25 00:00:00,93.274203496,92.692322725,93.465611645,92.638728443,8122253.0
2017-04-26 00:00:00,92.745917006,93.205296563,93.220609215,92.677010073,5766213.0
2017-04-27 00:00:00,92.922012503,93.174671259,93.381392059,92.791854962,4978328.0
2017-04-28 00:00:00,92.807167614,93.381392059,93.44647083,92.768885984,8166295.0
2017-05-01 00:00:00,93.070510343,92.602499805,93.415764018,92.31862456,8795929.0
2017-05-02 00:00:00,92.518104462,93.078182647,93.139561078,92.49508755,6727813.0
2017-05-03 00:00:00,93.477142449,93.139561078,93.607571616,92.963098088,8932912.0
2017-05-04 00:00:00,92.548793677,92.679222844,92.709912059,92.284099193,9707211.0
2017-05-05 00:00:00,92.832668922,92.763618187,92.901719657,92.456726031,5605412.0
2017-05-08 00:00:00,92.625516716,92.257246129,92.648533628,92.18052309,8057780.0
2017-05-09 00:00:00,92.065438532,92.249573825,92.257246129,91.881303238,5536746.0
2017-05-10 00:00:00,92.472070638,92.142161571,92.587155197,91.896647846,6517131.0
2017-05-11 00:00:00,91.773890984,92.142161571,92.211212306,91.704840248,7479834.0
2017-05-12 00:00:00,92.548793677,92.840341226,92.917064265,92.525776766,7464184.0
2017-05-15 00:00:00,92.587155197,92.587155197,92.702239755,92.349313776,5173188.0
2017-05-16 00:00:00,92.625516716,92.932408872,93.223956421,92.621680564,6722728.0
2017-05-17 00:00:00,93.791706909,94.290406663,94.489886564,93.603735464,11236435.0
2017-05-18 00:00:00,94.651004946,94.397818917,94.79677872,94.221355928,8350484.0
2017-05-19 00:00:00,94.351785094,94.62031573,94.670185706,94.083254457,11277436.0
2017-05-22 00:00:00,94.390146613,94.359457398,94.505231172,94.275062055,4063071.0
2017-05-23 00:00:00,94.466869652,93.722656174,94.551264995,93.676622351,7901311.0
2017-05-24 00:00:00,93.922136076,94.252045143,94.275062055,93.722656174,7468346.0
2017-05-25 00:00:00,94.090926761,94.282734359,94.290406663,93.89144686,6464812.0
2017-05-26 00:00:00,94.497558868,94.443852741,94.643332642,94.267389751,2963919.0
2017-05-30 00:00:00,94.865829455,94.911863279,94.950224798,94.643332642,4819358.0
2017-05-31 00:00:00,94.881174063,95.1497047,95.337676145,94.865829455,8000164.0
2017-06-01 00:00:00,94.813707138,95.15969225,95.190446482,94.782952906,9037271.0
2017-06-02 00:00:00,95.98236796,96.289910282,96.403700941,95.851662474,13245037.0
2017-06-05 00:00:00,95.736334103,95.690202755,95.936236612,95.644071407,6775466.0
2017-06-06 00:00:00,96.343730188,96.213024702,96.482124233,96.120762005,12841474.0
2017-06-07 00:00:00,95.997745076,95.751711219,96.213024702,95.651759965,12852353.0
2017-06-08 00:00:00,95.720956987,95.497988804,95.720956987,95.275020621,8758621.0
2017-06-09 00:00:00,95.105872344,95.351906201,95.536431594,95.028986763,5130548.0
2017-06-12 00:00:00,95.205823598,95.321151969,95.805531125,95.151234836,4335780.0
2017-06-13 00:00:00,95.052052438,95.336529085,95.444168898,95.036675321,4742571.0
2017-06-14 00:00:00,96.520567023,96.812732229,97.127963108,96.37448442,20212287.0
2017-06-15 00:00:00,96.65127251,96.658961068,96.835797903,96.451370001,5863708.0
2017-06-16 00:00:00,96.643583952,96.851175019,96.920372041,96.589764046,6672543.0
2017-06-19 00:00:00,96.828109345,96.712780974,96.947281994,96.605141162,5641338.0
2017-06-20 00:00:00,97.189471573,97.581588033,97.658473613,97.189471573,8405680.0
2017-06-21 00:00:00,97.43550543,97.781490542,97.846843285,97.274045711,5914825.0
2017-06-22 00:00:00,97.896818912,97.996770167,98.019835841,97.589276591,6608055.0
2017-06-23 00:00:00,97.712293519,97.950638819,98.042901515,97.658473613,4329910.0
2017-06-26 00:00:00,98.327378163,98.319689605,98.558034904,98.242804024,5541628.0
2017-06-27 00:00:00,97.681539287,97.266357153,97.727670635,97.058766086,8354227.0
2017-06-28 00:00:00,97.097208876,96.943437715,97.127963108,96.566698371,7357931.0
2017-06-29 00:00:00,95.820908242,96.128450563,96.366795862,95.736334103,9116011.0
2017-06-30 00:00:00,95.959302286,95.90548238,96.113073447,95.697891313,10189811.0
2017-07-03 00:00:00,96.011518434,95.595479649,96.042336121,95.256485083,11021117.0
2017-07-05 00:00:00,95.395164678,95.618592915,95.741863666,95.329677092,11394119.0
2017-07-06 00:00:00,94.871263986,94.825037455,94.96371705,94.416703092,10853050.0
2017-07-07 00:00:00,94.347363294,94.254910231,94.493747311,94.150900535,9401813.0
2017-07-10 00:00:00,94.37047656,94.393589826,94.547678265,94.224092543,3859189.0
2017-07-11 00:00:00,94.362772138,94.555382687,94.72487997,94.247205809,4425579.0
2017-07-12 00:00:00,95.156327598,95.210258552,95.271893927,94.848150721,7839923.0
2017-07-13 00:00:00,94.932899362,94.60931364,94.971421472,94.324250029,7449253.0
2017-07-14 00:00:00,95.318120459,94.732584391,95.364346991,94.563087109,6566826.0
2017-07-17 00:00:00,94.72487997,94.986830315,95.233371818,94.678653438,4737647.0
2017-07-18 00:00:00,95.572366383,95.818907885,95.834316729,95.418277944,9163037.0
2017-07-19 00:00:00,95.842021151,95.857429995,96.019222855,95.695637134,5140862.0
2017-07-20 00:00:00,96.389035109,96.134789185,96.573941235,95.991486936,12239091.0
2017-07-21 00:00:00,96.573941235,96.543123547,96.805073893,96.450670484,6201481.0
2017-07-24 00:00:00,96.358217421,96.165606872,96.520010282,96.134789185,5378534.0
2017-07-25 00:00:00,95.348938147,94.909786096,95.387460256,94.832741877,9743266.0
2017-07-26 00:00:00,94.678653438,95.063874535,95.310416037,94.532269421,8459547.0
2017-07-27 00:00:00,94.555382687,94.593904797,94.763402079,94.331954451,6390798.0
2017-07-28 00:00:00,94.678653438,95.156327598,95.233371818,94.670949016,5491761.0
2017-07-31 00:00:00,94.825037455,95.271893927,95.279598349,94.778810923,5464596.0
2017-08-01 00:00:00,94.815303982,95.942591101,95.996639114,94.799861693,9676842.0
2017-08-02 00:00:00,96.042965982,95.996639114,96.351811768,95.97347568,5745622.0
2017-08-03 00:00:00,96.444465503,96.992666774,97.008109063,96.421302069,10324510.0
2017-08-04 00:00:00,96.336369478,96.166504296,96.359532912,95.788168208,8485492.0
2017-08-07 00:00:00,96.097013994,96.259158032,96.297763755,95.917111324,4684576.0
2017-08-08 00:00:00,96.120177428,95.927148812,96.205110019,95.564255013,6197386.0
2017-08-09 00:00:00,96.934758189,96.452186648,96.95406105,96.374975202,9221830.0
2017-08-10 00:00:00,96.699263277,97.278349126,97.332397138,96.62205183,10378215.0
2017-08-11 00:00:00,96.815080447,97.324675993,97.347839427,96.645215264,5717807.0
2017-08-14 00:00:00,96.984945629,96.822801591,97.204998251,96.784195868,5111040.0
2017-08-15 00:00:00,96.012081403,96.413580925,96.633633547,95.996639114,7473231.0
2017-08-16 00:00:00,96.089292849,96.768753579,97.008109063,96.069989988,5283779.0
2017-08-17 00:00:00,96.761032434,97.494541176,97.513844037,96.614330686,9364681.0
2017-08-18 00:00:00,97.749338949,97.471377742,97.880598408,97.193416534,8382502.0
2017-08-21 00:00:00,97.587194912,97.710733226,97.780223528,97.378724006,7669826.0
2017-08-22 00:00:00,97.602637201,97.332397138,97.614218918,97.201137679,6140708.0
2017-08-23 00:00:00,97.795665817,97.996415578,98.004136723,97.579473767,7446363.0
2017-08-24 00:00:00,97.672127503,97.633521779,98.004136723,97.548589188,5569401.0
2017-08-25 00:00:00,97.780223528,98.011857867,98.112232748,97.664406358,7303300.0
2017-08-28 00:00:00,97.703012081,97.95008871,98.06590588,97.556310333,4448548.0
2017-08-29 00:00:00,98.892068357,98.266655641,98.940711569,98.004136723,7659555.0
2017-08-30 00:00:00,98.119953892,98.235771062,98.336145943,98.027300157,4735194.0
2017-08-31 00:00:00,98.258934496,98.529174559,98.560059137,98.204886484,7978406.0
2017-09-01 00:00:00,98.206262354,97.772989161,98.229473418,97.525404479,14128576.0
2017-09-05 00:00:00,98.500269163,99.328130442,99.359078528,98.500269163,15220687.0
2017-09-06 00:00:00,99.297182357,98.71690576,99.513818954,98.53895427,9066915.0
2017-09-07 00:00:00,98.995438526,99.73045555,99.950960657,98.995438526,13618862.0
2017-09-08 00:00:00,99.598926188,99.513818954,99.637611294,99.181127038,9808531.0
2017-09-11 00:00:00,98.639535547,98.322317673,98.77880193,98.167577247,17856690.0
2017-09-12 00:00:00,98.001231289,97.803937246,98.035274183,97.602774692,7557437.0
2017-09-13 00:00:00,97.896781502,97.417086181,97.904518523,97.40934916,6740040.0
2017-09-14 00:00:00,97.478982352,97.819411289,97.834885331,97.448034266,6674530.0
2017-09-15 00:00:00,97.966414694,97.858096395,97.974151715,97.610511714,9769178.0
2017-09-18 00:00:00,97.579563629,97.29329384,97.633722778,97.068920223,6862991.0
2017-09-19 00:00:00,97.40934916,97.05344618,97.432560224,96.983812988,5554948.0
2017-09-20 00:00:00,97.1695015,97.123079372,97.23139767,96.674332136,8036991.0
2017-09-21 00:00:00,97.316504904,97.068920223,97.622117246,97.05344618,6147895.0
2017-09-22 00:00:00,97.579563629,97.34745299,97.757515118,97.239134691,5660664.0
2017-09-25 00:00:00,97.440297245,97.958677672,98.175314269,97.34745299,9679004.0
2017-09-26 00:00:00,97.788463204,97.780726182,97.877438949,97.525404479,7251877.0
2017-09-27 00:00:00,96.318429157,96.302955114,96.651121073,96.117266603,12145700.0
2017-09-28 00:00:00,95.807785751,96.016685326,96.148214688,95.62209724,8883733.0
2017-09-29 00:00:00,96.233321922,96.233321922,96.442221497,95.854207879,11285465.0
2017-10-02 00:00:00,96.467748299,96.056854964,96.615049684,96.025844146,7860723.0
2017-10-03 00:00:00,95.777757604,96.149887417,96.235167166,95.773881252,6219818.0
2017-10-04 00:00:00,96.250672575,96.157640122,96.297188801,95.746746786,7446965.0
2017-10-05 00:00:00,96.049102259,95.793263013,96.072360373,95.599445402,8180271.0
2017-10-06 00:00:00,95.289337224,95.521918357,95.917306284,95.087766909,10375026.0
2017-10-09 00:00:00,95.669219742,95.824273831,95.886295466,95.56068188,3590926.0
2017-10-10 00:00:00,95.948317102,95.979327919,96.514264526,95.855284648,6666768.0
2017-10-11 00:00:00,96.281683393,96.165392826,96.351457733,96.041349555,4385859.0
2017-10-12 00:00:00,96.266177984,96.576286161,96.599544275,96.025844146,7141586.0
2017-10-13 00:00:00,97.064706541,97.274029561,97.343803901,96.742969307,7747000.0
2017-10-16 00:00:00,97.025943019,97.204255221,97.312793083,96.909652452,5737322.0
2017-10-17 00:00:00,96.917405157,97.328298492,97.460094467,96.917405157,4969626.0
2017-10-18 00:00:00,96.653813206,96.684824023,96.754598363,96.366963141,5943823.0
2017-10-19 00:00:00,97.188749812,96.855383521,97.398072832,96.824372703,8966467.0
2017-10-20 00:00:00,95.83977924,95.824273831,96.056854964,95.56068188,12326907.0
2017-10-23 00:00:00,95.963822511,95.994833328,96.219661757,95.855284648,6871125.0
2017-10-24 00:00:00,95.35135886,95.397875086,95.599445402,95.180799362,6842843.0
2017-10-25 00:00:00,94.700131687,94.940465524,95.049003387,94.614851938,9961406.0
2017-10-26 00:00:00,95.111025022,94.622604642,95.111025022,94.622604642,8179440.0
2017-10-27 00:00:00,95.017992569,95.250573702,95.31647169,94.870691185,10480857.0
2017-10-30 00:00:00,95.731241377,96.165392826,96.196403644,95.498660244,9051612.0
2017-10-31 00:00:00,96.250672575,96.196403644,96.350682462,96.149887417,4424322.0
2017-11-01 00:00:00,96.315325745,96.626090784,96.929086697,96.276480115,8940443.0
2017-11-02 00:00:00,96.820318934,97.053392713,97.224313484,96.758165926,7222693.0
2017-11-03 00:00:00,97.185467855,97.317542996,97.364157752,96.929086697,10984056.0
2017-11-06 00:00:00,97.54284765,97.682691917,97.768152303,97.378919091,6246719.0
2017-11-07 00:00:00,97.775921429,98.094455594,98.203223358,97.698230169,6422666.0
2017-11-08 00:00:00,98.055609964,97.876920067,98.21876161,97.760383177,3356399.0
2017-11-09 00:00:00,97.496232894,97.597231532,97.783690555,97.247620862,6280364.0
2017-11-10 00:00:00,96.59501428,96.121097595,96.696012918,96.012329832,11980950.0
2017-11-13 00:00:00,96.664936414,96.323094871,96.67270554,96.284249241,5880784.0
2017-11-14 00:00:00,96.641629036,96.975701453,97.006777957,96.641629036,6195891.0
2017-11-15 00:00:00,97.643846287,98.032302586,98.113878409,97.317542996,9568163.0
2017-11-16 00:00:00,97.605000657,97.177698729,97.853612689,97.16604504,5894944.0
2017-11-17 00:00:00,97.651615413,97.900227445,97.939073075,97.566155028,6938792.0
2017-11-20 00:00:00,97.527309398,97.861381815,97.892458319,97.527309398,4232349.0
2017-11-21 00:00:00,98.444066263,98.172146854,98.599448783,97.838074437,5818422.0
2017-11-22 00:00:00,98.078917342,98.490681019,98.533411212,97.993456956,4140708.0
2017-11-24 00:00:00,98.319760248,98.21876161,98.397451507,98.133301224,3141388.0
2017-11-27 00:00:00,98.265376366,98.078917342,98.412989759,97.923534823,6079853.0
2017-11-28 00:00:00,98.195454232,98.210992484,98.513988397,97.962380453,5983021.0
2017-11-29 00:00:00,97.255389988,97.239851736,97.3486195,96.900340931,14547146.0
2017-11-30 00:00:00,97.061161839,96.913548445,97.224313484,96.385247879,9630008.0
2017-12-01 00:00:00,97.695688887,98.225066995,99.112553822,97.09624603,24583127.0
2017-12-04 00:00:00,97.734613748,98.271776828,98.318486661,97.648979054,9609316.0
2017-12-05 00:00:00,98.162787217,98.762230075,98.964639351,98.147217273,10958930.0
2017-12-06 00:00:00,99.252683321,99.10476885,99.532942319,99.08530642,11834449.0
2017-12-07 00:00:00,99.299393154,98.326271633,99.431737681,98.030442691,13056807.0
2017-12-08 00:00:00,98.256206884,98.334056605,98.372981466,97.979840371,4786306.0
2017-12-11 00:00:00,98.466401132,98.131647329,98.641563006,98.116077384,3863802.0
2017-12-12 00:00:00,97.929238052,98.092722468,98.116077384,97.539989444,7502439.0
2017-12-13 00:00:00,98.427476271,98.832294824,98.879004657,98.256206884,8532859.0
2017-12-14 00:00:00,98.614315603,99.252683321,99.338318015,98.409570835,6884986.0
2017-12-15 00:00:00,99.205973488,99.626361985,99.809308831,99.011349184,7239398.0
2017-12-18 00:00:00,99.330533043,98.715520242,99.35388796,98.505325993,7239706.0
2017-12-19 00:00:00,98.046012635,97.430999834,98.092722468,97.072891114,11045782.0
2017-12-20 00:00:00,96.481233229,96.348888702,96.792632116,96.200974231,10005783.0
2017-12-21 00:00:00,96.467119018,96.911799327,97.114635959,96.443714792,7026878.0
2017-12-22 00:00:00,96.989813416,97.044423278,97.099033141,96.857189464,3974571.0
2017-12-26 00:00:00,97.208252866,97.333075408,97.637330356,97.200451457,3168442.0
2017-12-27 00:00:00,97.777755717,98.604705062,98.769314791,97.769954308,9059659.0
2017-12-28 00:00:00,98.417471248,98.518889564,98.651513516,98.292648706,5297264.0
2017-12-29 00:00:00,98.394067022,98.674917743,98.877754375,98.374563499,7580515.0
2018-01-02 00:00:00,98.386265613,97.606124721,98.40186843,97.278465546,16238206.0
2018-01-03 00:00:00,98.003996576,98.074209256,98.160024754,97.606124721,8605121.0
2018-01-04 00:00:00,97.730947263,98.058606438,98.128819118,97.512507814,9217876.0
2018-01-05 00:00:00,97.90257826,97.777755717,98.144421936,97.504706405,10915437.0
2018-01-08 00:00:00,97.996195167,97.715344445,98.027400802,97.356479635,8850576.0
2018-01-09 00:00:00,97.075628914,96.404707747,97.091231732,96.295488022,16226402.0
2018-01-10 00:00:00,95.51534713,96.287686613,96.389104929,95.398325996,14302604.0
2018-01-11 00:00:00,96.061445754,96.685558468,96.903997918,95.905417576,12511001.0
2018-01-12 00:00:00,96.521728881,96.849388055,97.060026096,96.373502111,9987129.0
2018-01-16 00:00:00,97.356479635,97.255061319,97.442295133,96.880593691,9125890.0
2018-01-17 00:00:00,97.286266955,97.122437368,97.723145854,96.907898622,8326973.0
2018-01-18 00:00:00,96.389104929,96.217473933,96.654352832,96.080949277,10843892.0
2018-01-19 00:00:00,95.975630256,95.710382353,96.100452799,95.647971082,11374309.0
2018-01-22 00:00:00,96.014637301,95.80399926,96.217473933,95.655772491,8985125.0
2018-01-23 00:00:00,96.295488022,96.217473933,96.59974297,95.850807714,12325687.0
2018-01-24 00:00:00,95.546552766,95.694779535,95.764992215,95.300808385,9038909.0
2018-01-25 00:00:00,95.788396442,96.482721836,96.560735925,95.507545721,12173297.0
2018-01-26 00:00:00,96.350097884,96.123857026,96.373502111,95.741587989,6462945.0
2018-01-29 00:00:00,95.640169673,95.452935859,95.640169673,95.117475275,12223038.0
2018-01-30 00:00:00,95.101872457,94.891234416,95.172085138,94.64939074,12064454.0
2018-01-31 00:00:00,95.562155584,95.452935859,95.608964037,94.836624554,18045079.0
2018-02-01 00:00:00,95.456493015,94.064956087,95.495581131,94.006323913,18632780.0
2018-02-02 00:00:00,93.634986811,93.18938229,93.720980666,92.923583101,23944423.0
2018-02-05 00:00:00,92.868859739,94.07277371,94.940529884,92.45452571,28606241.0
2018-02-06 00:00:00,93.846062637,93.486451971,94.197855681,93.298829014,10935439.0
2018-02-07 00:00:00,93.619351565,92.595242927,93.775704029,92.391984724,16271063.0
2018-02-08 00:00:00,91.962015449,92.493613826,92.876677362,91.836933478,15155094.0
2018-02-09 00:00:00,92.040191681,91.907292086,92.806318753,91.790027739,15661576.0
2018-02-12 00:00:00,92.391984724,92.313808492,92.97048884,92.102732666,10944598.0
2018-02-13 00:00:00,92.43107284,92.728142521,92.743777768,92.25908513,8157569.0
2018-02-14 00:00:00,92.313808492,91.69621626,92.376349478,91.539863796,12043313.0
2018-02-15 00:00:00,92.102732666,92.008921188,92.576480631,91.946380202,8222416.0
2018-02-16 00:00:00,92.767230637,92.509249072,92.900130231,92.219997014,8454089.0
2018-02-20 00:00:00,92.173091275,92.102732666,92.352896608,91.782210115,8268822.0
2018-02-21 00:00:00,92.141820782,90.969177304,92.180908898,90.78937197,12054315.0
2018-02-22 00:00:00,91.360058463,91.242794115,91.688398637,91.172435507,9317852.0
2018-02-23 00:00:00,91.860386347,92.055826927,92.196544144,91.735304376,9072850.0
2018-02-26 00:00:00,92.485796202,92.08709742,92.665601536,91.985468318,8771646.0
2018-02-27 00:00:00,92.360714231,91.954197826,92.470160956,91.375693709,12525659.0
2018-02-28 00:00:00,92.321626115,92.571790058,92.60306055,92.149638405,9311606.0
2018-03-01 00:00:00,92.47705353,93.174225027,93.409226655,92.257718678,12287700.0
2018-03-02 00:00:00,92.80605581,92.41438643,92.86872291,92.235001853,10064302.0
2018-03-05 00:00:00,92.727721934,92.163718026,92.766888872,91.850382522,5658174.0
2018-03-06 00:00:00,92.422219817,92.24988529,92.67288822,92.234218515,5452045.0
2018-03-07 00:00:00,92.586720957,92.148051251,92.67288822,92.104967619,4461757.0
2018-03-08 00:00:00,92.383052879,92.680721608,92.915723236,92.343885941,7086716.0
2018-03-09 00:00:00,92.132384476,92.069717375,92.35093599,91.819048972,6570366.0
2018-03-12 00:00:00,92.383052879,92.602387732,92.657221445,92.289052228,5801739.0
2018-03-13 00:00:00,92.907889848,93.072390988,93.211825287,92.531887244,7455302.0
2018-03-14 00:00:00,93.236892128,93.894896686,94.020230888,93.213391965,10175049.0
2018-03-15 00:00:00,93.840062973,93.894896686,94.090731376,93.65206167,6757935.0
2018-03-16 00:00:00,93.550227632,93.558061019,93.714728771,93.354392942,6084329.0
2018-03-19 00:00:00,93.088057763,93.26039229,93.683395221,93.080224376,8491173.0
2018-03-20 00:00:00,92.853056135,92.884389686,93.095891151,92.790389034,5445971.0
2018-03-21 00:00:00,92.657221445,92.986223724,93.252558903,92.226385127,9742409.0
2018-03-22 00:00:00,93.949730399,93.910563461,94.349233167,93.448393593,12136574.0
2018-03-23 00:00:00,93.45622698,93.840062973,93.949730399,93.409226655,7250408.0
2018-03-26 00:00:00,93.706895384,93.479727143,94.059397826,93.448393593,8237947.0
2018-03-27 00:00:00,93.573727794,94.482400756,94.584234795,93.558061019,9168508.0
2018-03-28 00:00:00,94.842736586,94.733069159,94.99157095,94.447150512,7412538.0
2018-03-29 00:00:00,94.913237074,95.195239028,95.500741144,94.889736911,9694323.0
2018-04-02 00:00:00,94.967922071,95.383980491,95.758433069,94.818769052,12036489.0
2018-04-03 00:00:00,94.97577223,94.646065557,95.066049057,94.55971381,9855032.0
2018-04-04 00:00:00,94.967922071,94.449811586,95.054273819,94.379160156,6654312.0
2018-04-05 00:00:00,93.986652212,93.743297287,94.120104913,93.727596969,7603733.0
2018-04-06 00:00:00,94.426261109,94.771668099,94.810918894,94.080854119,8831225.0
2018-04-09 00:00:00,94.410560791,94.928671277,94.928671277,94.182906184,6307525.0
2018-04-10 00:00:00,94.850169688,94.755967781,94.991472548,94.520463015,6048601.0
2018-04-11 00:00:00,95.360430014,95.093524613,95.39183065,94.9051208,5901296.0
2018-04-12 00:00:00,94.724567146,94.394860473,94.748117623,94.230007137,6622829.0
2018-04-13 00:00:00,94.316358885,94.614664922,94.795218576,94.300658567,4963954.0
2018-04-16 00:00:00,94.088704278,94.646065557,94.669616034,94.049453483,4491254.0
2018-04-17 00:00:00,94.63036524,94.9051208,95.148475725,94.551863651,5590360.0
2018-04-18 00:00:00,94.920821118,94.14365539,94.960071912,94.127955072,8138401.0
2018-04-19 00:00:00,93.452841409,93.37433982,93.539193157,92.973981718,9875870.0
2018-04-20 00:00:00,93.036782989,92.699226158,93.225186802,92.676460697,7579370.0
2018-04-23 00:00:00,92.597174092,92.722776634,92.824828699,92.40092012,7073216.0
2018-04-24 00:00:00,92.502972186,92.298868055,92.691375999,92.150500053,8190786.0
2018-04-25 00:00:00,91.874959476,91.678705504,92.063363289,91.506002009,6603780.0
2018-04-26 00:00:00,92.12616456,92.322418532,92.440170915,92.016262336,6528572.0
2018-04-27 00:00:00,92.707076316,93.036782989,93.083883942,92.68352584,5402102.0
2018-04-30 00:00:00,93.185936007,93.201636325,93.562743633,93.076033783,8321071.0
2018-05-01 00:00:00,93.148192618,92.864963677,93.203264913,92.723349206,7979321.0
2018-05-02 00:00:00,93.045915501,92.762686559,93.226080578,92.746951617,4644051.0
2018-05-03 00:00:00,93.203264913,93.179662501,93.573036031,93.077385383,6345335.0
2018-05-04 00:00:00,93.510096267,93.321276972,93.510096267,92.927903441,4283487.0
2018-05-07 00:00:00,93.305542031,93.17179503,93.341102998,93.120656471,3647906.0
2018-05-08 00:00:00,92.975108265,93.085252854,93.329144443,92.7784215,6091243.0
2018-05-09 00:00:00,92.636807029,92.52666244,92.872831147,92.52666244,7832538.0
2018-05-10 00:00:00,92.975108265,93.274072148,93.313409501,92.817758853,7101525.0
2018-05-11 00:00:00,93.580903502,93.510096267,93.612373384,93.187529972,4273364.0
2018-05-14 00:00:00,93.17179503,93.014445618,93.321276972,93.006578147,4996183.0
2018-05-15 00:00:00,92.196228675,91.952337086,92.211963616,91.519626202,12901003.0
2018-05-16 00:00:00,92.086084086,91.598300908,92.172626263,91.590433438,6518040.0
2018-05-17 00:00:00,91.464553908,91.134120142,91.61403585,91.039710495,7330707.0
2018-05-18 00:00:00,91.370144261,91.920867203,91.983806968,91.370144261,9606468.0
2018-05-21 00:00:00,91.857927438,91.968072027,92.054614204,91.716312967,4448525.0
2018-05-22 00:00:00,91.983806968,91.826457556,92.027078057,91.638425008,4700736.0
2018-05-23 00:00:00,92.345710616,92.495192558,92.628939558,92.271126995,9633993.0
2018-05-24 00:00:00,93.085252854,93.234734795,93.372415531,93.046544898,8204131.0
2018-05-25 00:00:00,93.769722797,93.81692762,93.990011974,93.694981826,8482823.0
2018-05-29 00:00:00,94.737421682,95.87820492,96.098494097,94.451124426,21668143.0
2018-05-30 00:00:00,94.902638565,95.23307233,95.280198479,94.698084329,11616340.0
2018-05-31 00:00:00,95.343216919,95.075722918,95.673650684,94.863301211,10769941.0
2018-06-01 00:00:00,94.469057988,94.571572475,94.890944527,94.216714638,8718753.0
2018-06-04 00:00:00,94.42174361,93.885513991,94.445400799,93.838199612,7156542.0
2018-06-05 00:00:00,94.303457665,94.106314422,94.461172259,94.035342855,5635865.0
2018-06-06 00:00:00,93.609513451,93.341398641,93.625284911,93.089055291,7813347.0
2018-06-07 00:00:00,93.301969993,94.248257557,94.721401339,93.294084263,13238306.0
2018-06-08 00:00:00,93.988028477,93.964371288,94.216714638,93.89339972,6790574.0
2018-06-11 00:00:00,93.601627721,93.790885234,93.854759645,93.499113235,6844224.0
2018-06-12 00:00:00,93.491227506,93.814542423,93.90917118,93.459684587,6048154.0
2018-06-13 00:00:00,93.90128545,93.767228045,94.051114314,93.254655615,8834656.0
2018-06-14 00:00:00,94.16151453,94.547915285,94.571572475,93.924942639,10078771.0
2018-06-15 00:00:00,94.989516149,94.634658312,95.194545121,94.571572475,7992758.0
2018-06-18 00:00:00,94.713515609,94.547915285,94.776601447,94.366543502,4893710.0
2018-06-19 00:00:00,95.099916364,95.099916364,95.304945337,94.887001663,6133301.0
2018-06-20 00:00:00,94.94220177,94.264029016,94.956396084,94.256143287,6879114.0
2018-06-21 00:00:00,94.618886853,94.760829987,94.926430311,94.508486637,7235850.0
2018-06-22 00:00:00,94.405972151,94.752944258,94.823915825,94.382314962,4082473.0
2018-06-25 00:00:00,94.855458744,94.96585896,95.21031658,94.839687284,8363674.0
2018-06-26 00:00:00,94.94220177,95.099916364,95.147151885,94.855458744,5450031.0
2018-06-27 00:00:00,95.715003281,95.99888955,96.054089658,95.557288687,8173837.0
2018-06-28 00:00:00,96.01466101,96.022546739,96.105504616,95.778089119,7109543.0
2018-06-29 00:00:00,96.046203928,95.691346092,96.306433009,95.636145984,11164777.0
2018-07-02 00:00:00,95.924454373,95.616214666,95.932357956,95.568872208,9661972.0
2018-07-03 00:00:00,95.758479146,96.129947512,96.153658258,95.758479146,3808806.0
2018-07-05 00:00:00,96.177369005,96.40657289,96.54883737,96.137851094,3860359.0
2018-07-06 00:00:00,96.72271618,96.72271618,96.857077078,96.509319459,4679906.0
2018-07-09 00:00:00,96.185272587,96.098333183,96.295922739,96.050911689,5952743.0
2018-07-10 00:00:00,96.027200942,96.0904296,96.232694081,95.979779449,5759682.0
2018-07-11 00:00:00,96.485608712,96.461897966,96.564644535,96.201079752,6869150.0
2018-07-12 00:00:00,96.26430841,96.453994383,96.501415877,96.240597663,4824734.0
2018-07-13 00:00:00,96.612066028,96.699005433,96.817559166,96.501415877,4078970.0
2018-07-16 00:00:00,96.295922739,96.295922739,96.355199605,95.844628193,5517099.0
2018-07-17 00:00:00,96.359151396,96.114140347,96.438187219,96.050911689,3764341.0
2018-07-18 00:00:00,96.145754676,95.726864817,96.16156184,95.647828995,6329961.0
2018-07-19 00:00:00,95.971875867,96.33544065,96.485608712,95.94816512,6166739.0
2018-07-20 00:00:00,95.797997057,95.149903314,95.80590064,95.10248182,10469693.0
2018-07-23 00:00:00,94.849567189,93.97226956,94.849567189,93.90113732,11571846.0
2018-07-24 00:00:00,93.980173142,94.296316432,94.403014792,93.869522991,9053492.0
2018-07-25 00:00:00,94.565038228,94.146148369,94.754724202,93.964365978,7357068.0
2018-07-26 00:00:00,94.320027179,93.964365978,94.454388077,93.885330155,6821057.0
2018-07-27 00:00:00,94.43067733,94.122437623,94.446484494,94.075016129,4542059.0
2018-07-30 00:00:00,93.750969257,93.798390751,94.07896792,93.735162093,7111165.0
2018-07-31 00:00:00,94.383255836,94.312123596,94.438580912,94.197521654,6797432.0
2018-08-01 00:00:00,93.402614964,93.541236639,93.838283087,93.232308334,13312687.0
2018-08-02 00:00:00,93.667976457,93.675897695,93.76303132,93.414496822,4451078.0
2018-08-03 00:00:00,93.834322467,94.143250773,94.198699443,93.81847999,6162443.0
2018-08-06 00:00:00,94.396730408,94.198699443,94.634367566,94.182856966,4200296.0
2018-08-07 00:00:00,93.992747239,93.70758265,94.04819591,93.628370264,5346872.0
2018-08-08 00:00:00,93.699661411,93.802637513,93.98878662,93.660055218,5641629.0
2018-08-09 00:00:00,94.151172011,94.594761373,94.626446327,94.064038387,7144257.0
2018-08-10 00:00:00,95.054193212,95.283909131,95.592837437,94.982902064,8457940.0
2018-08-13 00:00:00,94.959138349,95.085878166,95.315594086,94.927453394,7923199.0
2018-08-14 00:00:00,95.188854268,94.872004724,95.204696745,94.784871099,4251313.0
2018-08-15 00:00:00,95.283909131,95.426491426,95.656207345,95.212617984,7649988.0
2018-08-16 00:00:00,95.40272771,95.418570187,95.497782573,94.982902064,5400385.0
2018-08-17 00:00:00,95.624522391,95.537388766,95.858832629,95.355200279,3537626.0
2018-08-20 00:00:00,96.060190514,96.179009093,96.274063956,95.977017509,5604121.0
2018-08-21 00:00:00,95.846317072,95.85423831,95.973056889,95.604719294,4695004.0
2018-08-22 00:00:00,96.345355104,96.234457763,96.38773373,96.012663082,5309599.0
2018-08-23 00:00:00,96.345355104,96.384961297,96.448331205,96.171087854,5329024.0
2018-08-24 00:00:00,96.044348037,96.575071023,96.606755977,95.941371935,6092150.0
2018-08-27 00:00:00,96.171087854,96.020584321,96.242379002,95.965135651,6407403.0
2018-08-28 00:00:00,95.553231244,95.442333903,95.624522391,95.300702157,4929337.0
2018-08-29 00:00:00,95.505703812,95.569073721,95.668089203,95.248263557,5613329.0
2018-08-30 00:00:00,95.79878964,95.775025924,95.917608219,95.616601152,5302865.0
2018-08-31 00:00:00,96.258221479,95.549270624,96.281985195,95.466097619,9677540.0
2018-09-04 00:00:00,94.943778833,94.999352586,95.050956786,94.777057574,18343553.0
2018-09-05 00:00:00,94.784996681,94.745301143,94.896144188,94.615417343,9422630.0
2018-09-06 00:00:00,94.784996681,95.094621877,95.293099567,94.733154309,9566047.0
2018-09-07 00:00:00,94.443615055,94.284832903,94.499188808,94.173685397,11212607.0
2018-09-10 00:00:00,94.316589334,94.634153637,94.65797096,94.316589334,6386352.0
2018-09-11 00:00:00,94.245137365,93.911694846,94.316589334,93.864060201,5440021.0
2018-09-12 00:00:00,94.221320042,94.133989859,94.316589334,94.102233429,3347210.0
2018-09-13 00:00:00,94.451554163,94.276893796,94.634153637,94.165746289,4833033.0
2018-09-14 00:00:00,93.713217157,93.824364663,94.110172536,93.625807582,5579455.0
2018-09-17 00:00:00,93.530617682,93.824364663,94.038720568,93.482983037,5432961.0
2018-09-18 00:00:00,93.435348391,92.839915322,93.439317945,92.720828708,10182303.0
2018-09-19 00:00:00,92.677163616,92.28417779,92.68113317,91.950735272,13379645.0
2018-09-20 00:00:00,92.260360468,92.7128896,92.831976214,92.173030284,8657325.0
2018-09-21 00:00:00,92.490594588,92.673194062,92.812128445,92.466777265,6173846.0
2018-09-24 00:00:00,92.387386189,92.435020835,92.808158891,92.371507974,5505769.0
2018-09-25 00:00:00,92.180969392,92.339751544,92.387386189,92.117456531,6650853.0
2018-09-26 00:00:00,92.538229233,92.990758366,93.054271227,92.323873328,9512864.0
2018-09-27 00:00:00,92.784341569,93.054271227,93.10984498,92.673194062,5758577.0
2018-09-28 00:00:00,93.268627132,92.808158891,93.316261777,92.768463353,12807703.0
2018-10-01 00:00:00,92.530347063,92.124549939,92.665612771,92.10067952,22442374.0
2018-10-02 00:00:00,92.538303869,92.68948319,92.904316961,92.482606225,8266949.0
2018-10-03 00:00:00,92.220031615,91.074251501,92.291642872,90.604799926,20829180.0
2018-10-04 00:00:00,90.517275056,90.429750186,90.724152021,90.183089189,16207617.0
2018-10-05 00:00:00,89.928471386,89.649983164,90.191045996,89.315797297,18096505.0
2018-10-08 00:00:00,89.610199132,89.347624523,89.705680808,89.33171091,5855890.0
2018-10-09 00:00:00,89.729551227,90.254700447,90.294484478,89.673853583,11530860.0
2018-10-10 00:00:00,89.729551227,90.00803945,90.075672304,89.447084602,15290066.0
2018-10-11 00:00:00,90.413836574,91.106078726,91.328869304,90.24674364,16087021.0
2018-10-12 00:00:00,90.724152021,90.787806472,91.217474015,90.636627151,6794138.0
2018-10-15 00:00:00,90.938985793,90.74802244,91.063748516,90.644583958,7146281.0
2018-10-16 00:00:00,90.724152021,90.954899405,90.986726631,90.541145475,4762322.0
2018-10-17 00:00:00,90.938985793,90.413836574,91.038445872,90.397922961,5880696.0
2018-10-18 00:00:00,90.111477932,90.382009348,90.724152021,90.055780288,5728828.0
2018-10-19 00:00:00,90.294484478,90.183089189,90.374052542,89.944623703,10892437.0
2018-10-22 00:00:00,90.374052542,90.063737094,90.477491024,90.039866675,3244179.0
2018-10-23 00:00:00,91.018553856,90.350182123,91.225430821,90.286527672,10330735.0
2018-10-24 00:00:00,90.700281602,91.034467469,91.066294694,90.604799926,16008012.0
2018-10-25 00:00:00,90.843504116,90.652540764,91.002640243,90.59684312,12613470.0
2018-10-26 00:00:00,91.153819564,91.201560402,91.464135012,91.042424275,18582470.0
2018-10-29 00:00:00,91.082208307,90.994683437,91.225430821,90.620713539,7679887.0
2018-10-30 00:00:00,90.620713539,90.541145475,90.843504116,90.429750186,9939616.0
2018-10-31 00:00:00,90.206959608,90.079650707,90.382009348,89.785248872,8706583.0
2018-11-01 00:00:00,89.716491042,90.163152435,90.28279388,89.708435185,6100276.0
2018-11-02 00:00:00,89.971726124,89.038522856,90.043510991,88.958761892,11315059.0
2018-11-05 00:00:00,89.421375478,89.389471093,89.604825694,89.317686226,4760223.0
2018-11-06 00:00:00,89.517088634,89.333638419,89.620777886,89.304366146,3159875.0
2018-11-07 00:00:00,89.987678316,89.453279864,90.155176339,89.364745195,9313311.0
2018-11-08 00:00:00,89.804228101,89.445303767,89.812204198,89.365542804,6905193.0
2018-11-09 00:00:00,89.636730079,90.115295857,90.23230519,89.61280179,6465323.0
2018-11-12 00:00:00,90.593861636,90.705526984,90.881001103,90.561957251,6840265.0
2018-11-13 00:00:00,90.402435325,90.64969431,90.64969431,90.222574353,6525830.0
2018-11-14 00:00:00,90.218985109,90.705526984,91.048499126,90.075415376,8690822.0
2018-11-15 00:00:00,90.984690355,90.665646503,91.064451318,90.378507036,7879799.0
2018-11-16 00:00:00,90.793264044,91.192068859,91.279805919,90.569933347,9236764.0
2018-11-19 00:00:00,90.960762066,91.447303941,91.447303941,90.960762066,7027204.0
2018-11-20 00:00:00,91.62277806,91.479208326,91.798252179,91.375519074,6332804.0
2018-11-21 00:00:00,91.343614689,91.447303941,91.503136615,91.064451318,4951058.0
2018-11-23 00:00:00,91.965750201,91.543017097,92.037535068,91.503136615,3027861.0
2018-11-26 00:00:00,91.3196864,91.335638593,91.479208326,91.25587763,6599041.0
2018-11-27 00:00:00,91.279805919,91.439327845,91.630754156,91.239925437,5967245.0
2018-11-28 00:00:00,91.311710304,90.992666451,91.447303941,90.920881585,7814288.0
2018-11-29 00:00:00,91.367542978,91.351590785,91.630754156,91.1043318,7295627.0
2018-11-30 00:00:00,91.678610734,91.694562927,91.766347794,91.415399556,9126693.0
2018-12-03 00:00:00,91.388234185,92.347585318,92.347585318,91.372244999,9763851.0
2018-12-04 00:00:00,93.091082447,93.898536317,94.578076704,92.94318248,18100549.0
2018-12-06 00:00:00,94.474146998,94.19433625,95.001790121,94.146368694,15319440.0
2018-12-07 00:00:00,93.890541725,94.370217291,94.466152405,93.658698534,8608467.0
2018-12-10 00:00:00,94.737968559,94.761952338,95.065746863,94.39420107,8777672.0
2018-12-11 00:00:00,94.817914487,94.745963152,95.145692791,94.530109147,8071952.0
2018-12-12 00:00:00,94.506125369,94.322249735,94.618049668,94.234309214,6182206.0
2018-12-13 00:00:00,94.410190255,94.098401137,94.506125369,94.026449802,5564328.0
2018-12-14 00:00:00,94.48214159,94.426179441,94.658022632,94.218320029,8169221.0
2018-12-17 00:00:00,94.514119962,94.977806343,95.081736049,94.506125369,9726781.0
2018-12-18 00:00:00,95.123556766,95.548274795,95.696525428,95.019380646,10019103.0
2018-12-19 00:00:00,95.956965728,96.814415333,97.199065623,95.804708322,23046272.0
2018-12-20 00:00:00,97.479539793,96.461819234,97.495566889,96.4057244,18543731.0
2018-12-21 00:00:00,96.782361142,96.445792139,96.838455976,96.181345064,9945103.0
2018-12-24 00:00:00,96.774347595,96.926605001,97.006740478,96.598049545,8377482.0
2018-12-26 00:00:00,96.662157927,95.884843799,96.982699835,95.84477606,11700412.0
2018-12-27 00:00:00,96.878523715,95.900870894,96.974686287,95.852789608,12146772.0
2018-12-28 00:00:00,96.189358612,96.710239213,96.710239213,96.101209587,9879116.0
2018-12-31 00:00:00,96.389697305,97.078862408,97.118930146,96.237439898,17408971.0
2019-01-02 00:00:00,97.199065623,97.591729461,97.599743009,96.942712232,19841527.0
2019-01-03 00:00:00,97.703919129,98.705612593,98.96204612,97.653193372,21187045.0
2019-01-04 00:00:00,97.743986868,97.55967527,97.920284917,97.191052076,12970226.0
2019-01-07 00:00:00,97.968366204,97.271187553,97.992406847,97.167011433,8498104.0
2019-01-08 00:00:00,97.223106266,97.014754026,97.423444959,96.982699835,7737103.0
2019-01-09 00:00:00,96.878523715,96.86249662,97.014754026,96.505893746,9349245.0
2019-01-10 00:00:00,96.89455081,96.237439898,96.998726931,96.141277326,8222860.0
2019-01-11 00:00:00,96.533941163,96.614076641,96.886537263,96.413737948,5786934.0
2019-01-14 00:00:00,96.590035997,96.253466994,96.678185022,96.062424016,6730681.0
2019-01-15 00:00:00,96.317575375,95.900870894,96.325588923,95.828748965,8997352.0
2019-01-16 00:00:00,95.540261247,95.997033467,96.181345064,95.476152866,6048446.0
2019-01-17 00:00:00,96.045114753,96.02107411,96.293534732,95.780667679,8153350.0
2019-01-18 00:00:00,95.74059994,95.516220604,95.964979276,95.375983519,14106447.0
2019-01-22 00:00:00,96.117236683,96.165317969,96.445792139,95.924911537,8881133.0
2019-01-23 00:00:00,95.772654131,96.12525023,96.365656662,95.732586392,5776907.0
2019-01-24 00:00:00,96.598049545,96.758320499,96.878523715,96.437778591,7121480.0
2019-01-25 00:00:00,96.341616018,96.293534732,96.469832782,96.12525023,6460820.0
2019-01-28 00:00:00,96.30154828,96.19737216,96.622090188,96.19737216,6435820.0
2019-01-29 00:00:00,96.293534732,96.68619857,96.702225665,96.181345064,5750177.0
2019-01-30 00:00:00,96.541954711,96.614076641,96.654144379,96.133263778,10571325.0
2019-01-31 00:00:00,97.110916599,97.447485602,97.615770104,97.07084886,11843413.0
2019-02-01 00:00:00,97.274668737,96.857023192,97.346953543,96.764338008,12024576.0
2019-02-04 00:00:00,96.439377647,96.423314357,96.527725743,96.102048554,8966375.0
2019-02-05 00:00:00,96.672295355,96.865054837,97.07387761,96.616073839,6983255.0
2019-02-06 00:00:00,97.178288996,96.913244708,97.218447221,96.672295355,5184018.0
2019-02-07 00:00:00,97.258605447,97.555776315,97.620029476,97.07387761,8781040.0
2019-02-08 00:00:00,97.901137054,97.97342186,98.069801601,97.748535797,5885427.0
2019-02-11 00:00:00,97.57987125,97.587902895,97.836883893,97.491523154,4353004.0
2019-02-12 00:00:00,97.419238348,97.334906075,97.491523154,97.049782674,7939591.0
2019-02-13 00:00:00,97.009624449,96.969466223,97.202383931,96.816864967,4757681.0
2019-02-14 00:00:00,97.804757313,97.523649735,97.852947183,97.354985188,5868918.0
2019-02-15 00:00:00,97.338921898,97.676250991,97.708377572,97.322858607,5527244.0
2019-02-19 00:00:00,98.029643375,97.925231989,98.126023116,97.652156056,5872819.0
2019-02-20 00:00:00,97.652156056,97.644124411,97.756567442,97.363016833,4455832.0
2019-02-21 00:00:00,96.945371288,96.768675096,97.017656094,96.64820042,7382942.0
2019-02-22 00:00:00,97.266637092,97.346953543,97.648140234,97.226478866,6374560.0
2019-02-25 00:00:00,97.025687739,97.057814319,97.130099125,96.824896612,6293534.0
2019-02-26 00:00:00,97.475459864,97.539713025,97.54774467,97.178288996,6028892.0
2019-02-27 00:00:00,96.985529514,96.431346002,96.993561159,96.31079101,7737411.0
2019-02-28 00:00:00,96.535757389,96.102048554,96.583947259,95.853067556,9533457.0
2019-03-01 00:00:00,95.750556833,95.211298562,95.911529451,95.1952013,13541090.0
2019-03-04 00:00:00,95.718362309,95.959821236,96.104696593,95.533243798,9808468.0
2019-03-05 00:00:00,95.710313678,96.161037009,96.185182902,95.702265047,5595345.0
2019-03-06 00:00:00,96.225426056,96.515176769,96.708343911,96.201280163,7766707.0
2019-03-07 00:00:00,96.804927482,97.14296998,97.303942598,96.780781589,8187227.0
2019-03-08 00:00:00,97.191261765,97.553450156,97.650033727,96.969924415,7517600.0
2019-03-11 00:00:00,97.416623431,97.263699444,97.432720693,97.078580933,5158011.0
2019-03-12 00:00:00,97.336137122,97.947833071,98.084659796,97.299918283,6422386.0
2019-03-13 00:00:00,97.625887835,97.76271456,97.867346762,97.593693311,4386732.0
2019-03-14 00:00:00,97.650033727,97.05443504,97.706374144,97.030289147,8188564.0
2019-03-15 00:00:00,97.690276882,97.698325513,97.859298131,97.416623431,4302045.0
2019-03-18 00:00:00,97.553450156,97.641985096,97.794909084,97.510711926,3893364.0
2019-03-19 00:00:00,97.167115873,97.424672062,97.589668995,97.006143254,5220325.0
2019-03-20 00:00:00,97.690276882,98.446848187,98.583674913,97.682228251,10123663.0
2019-03-21 00:00:00,98.672209853,98.664161222,98.776842055,98.495139973,7182572.0
2019-03-22 00:00:00,99.678288717,100.201449726,100.539492224,99.557559253,13077043.0
2019-03-25 00:00:00,100.161206571,100.362422344,101.070701864,99.919667158,9736593.0
2019-03-26 00:00:00,100.072671631,100.289984666,100.547540855,100.008282584,7502260.0
2019-03-27 00:00:00,100.652173057,101.21557722,101.3926471,100.563638117,14207179.0
2019-03-28 00:00:00,101.320209422,101.56971698,101.674349182,101.12704228,9143238.0
2019-03-29 00:00:00,100.86143746,101.47313341,101.497279302,100.829242937,10841631.0
2019-04-01 00:00:00,100.769898531,100.027791722,100.823539947,99.882596912,16501475.0
2019-04-02 00:00:00,100.116521884,100.213318425,100.323747144,99.926961993,9725032.0
2019-04-03 00:00:00,99.414746968,99.342149563,99.624472805,99.221153887,10407417.0
2019-04-04 00:00:00,99.40668059,99.624472805,99.640605562,99.277618536,7503361.0
2019-04-05 00:00:00,99.422813346,99.753534859,99.866464155,99.390547833,6322026.0
2019-04-08 00:00:00,99.592207292,99.398614211,99.689003832,99.342149563,4446429.0
2019-04-09 00:00:00,99.906796047,99.713202967,99.999559398,99.543809021,7020320.0
2019-04-10 00:00:00,99.947127939,99.955194317,100.148787398,99.809999507,7519916.0
2019-04-11 00:00:00,99.672871075,99.366348698,99.74546848,99.253419401,8679319.0
2019-04-12 00:00:00,98.833967727,98.656507403,98.971096159,98.62424189,7005541.0
2019-04-15 00:00:00,98.741204376,98.906565132,98.91463151,98.696839295,3070036.0
2019-04-16 00:00:00,98.527445349,98.285453999,98.62424189,98.22898935,8927558.0
2019-04-17 00:00:00,98.220922972,98.325785891,98.575924283,98.204790215,6118702.0
2019-04-18 00:00:00,98.7694367,98.842034105,99.003361672,98.745237565,27589692.0
2019-04-22 00:00:00,98.495179836,98.366117782,98.575843619,98.305619945,6241353.0
2019-04-23 00:00:00,98.608109133,98.575843619,98.680706538,98.430648809,6239726.0
2019-04-24 00:00:00,99.01142805,99.382481454,99.398614211,98.995295294,7302206.0
2019-04-25 00:00:00,99.317950428,99.237286644,99.422813346,99.003361672,5380867.0
2019-04-26 00:00:00,99.713202967,99.576074535,99.74546848,99.438946103,5950651.0
2019-04-29 00:00:00,99.108224591,98.938830645,99.205021131,98.801702213,10246172.0
2019-04-30 00:00:00,98.882365997,99.447012481,99.519609886,98.86623324,7957662.0
2019-05-01 00:00:00,99.688622454,99.858371823,100.302953503,99.615872724,14372113.0
2019-05-02 00:00:00,99.680539151,99.381456929,99.785622093,99.163207741,6613062.0
2019-05-03 00:00:00,99.664372544,99.664372544,99.838163565,99.429956749,6191750.0
2019-05-06 00:00:00,100.189787257,99.939204856,100.24637038,99.878580081,4482690.0
2019-05-07 00:00:00,100.367619929,100.707118667,100.860701429,100.254453683,8984929.0
2019-05-08 00:00:00,100.868784733,100.27062029,100.989953449,100.181703954,6907690.0
2019-05-09 00:00:00,100.83645152,100.682868757,100.990034282,100.189787257,9412288.0
2019-05-10 00:00:00,100.658618847,100.545452602,101.111283831,100.416119749,6037925.0
2019-05-13 00:00:00,101.070867315,101.337616323,101.499282389,100.949617766,10501611.0
2019-05-14 00:00:00,101.159783651,101.038534102,101.272949897,100.909201249,5690447.0
2019-05-15 00:00:00,101.72561488,101.660948454,101.7741147,101.369949536,9566544.0
2019-05-16 00:00:00,101.402282749,101.321449716,101.418449356,101.175950257,7666369.0
2019-05-17 00:00:00,101.782198003,101.547782208,101.79836461,101.30528311,4747076.0
2019-05-20 00:00:00,101.652865151,101.337616323,101.863031036,101.272949897,6043112.0
2019-05-21 00:00:00,101.23253338,101.175950257,101.32953302,100.990034282,4022162.0
2019-05-22 00:00:00,101.369949536,101.757948094,101.82261452,101.32953302,5675312.0
2019-05-23 00:00:00,102.275279503,102.905777159,103.245275897,102.2671962,9743687.0
2019-05-24 00:00:00,102.816860823,102.994693495,102.994693495,102.679444667,4981893.0
2019-05-28 00:00:00,103.390775356,103.811107127,103.900023463,103.241234245,8098871.0
2019-05-29 00:00:00,104.522437815,104.053606225,104.708353791,103.980856496,13260571.0
2019-05-30 00:00:00,104.247605504,104.950852889,104.975102799,103.888060174,13024761.0
2019-05-31 00:00:00,105.516684119,106.268431324,106.325014447,105.443934389,18933634.0
2019-06-03 00:00:00,106.551545986,106.980838761,107.094236853,106.259950894,17822448.0
2019-06-04 00:00:00,106.130353075,105.757759346,106.430048031,105.449964526,14250018.0
2019-06-05 00:00:00,105.425664935,105.158369433,105.773959073,105.101670388,8815195.0
2019-06-06 00:00:00,105.7901588,105.498563708,106.292350349,105.263667661,9621094.0
2019-06-07 00:00:00,106.454347622,106.413848304,106.681143805,106.169232421,11378665.0
2019-06-10 00:00:00,105.555262754,105.409465208,105.574702427,105.263667661,8289092.0
2019-06-11 00:00:00,105.344666298,105.474264117,105.620061663,105.263667661,5115128.0
2019-06-12 00:00:00,105.320366707,105.555262754,105.6119618,105.247467934,5278799.0
2019-06-13 00:00:00,105.652461118,105.919756619,106.016954984,105.644361254,5560844.0
2019-06-14 00:00:00,105.895457028,106.187052121,106.389548713,105.887357165,5838794.0
2019-06-17 00:00:00,106.130353075,106.373348985,106.430048031,105.919756619,6046416.0
2019-06-18 00:00:00,107.223834672,106.907939988,107.321033036,106.579895509,10320696.0
2019-06-19 00:00:00,106.511046668,107.061837398,107.207634944,106.284250485,11962501.0
2019-06-20 00:00:00,107.361532354,107.345332627,107.843474243,107.102336717,10721526.0
2019-06-21 00:00:00,107.037537807,106.16275253,107.053737535,106.11820328,14495149.0
2019-06-24 00:00:00,106.754042578,106.95653917,107.053737535,106.688433683,6378869.0
2019-06-25 00:00:00,107.26433399,107.288633581,107.507329901,107.207634944,9604623.0
2019-06-26 00:00:00,107.17523549,106.600145168,107.191435217,106.527246395,12766810.0
2019-06-27 00:00:00,106.875540534,107.353432491,107.507329901,106.616344896,9724166.0
2019-06-28 00:00:00,107.094236853,107.280533718,107.499230037,106.985536682,8149205.0
2019-07-01 00:00:00,107.296895184,107.029075053,107.442978893,106.502362128,14141551.0
2019-07-02 00:00:00,107.296895184,107.856882732,107.962387632,107.207621807,10495462.0
2019-07-03 00:00:00,108.067892533,108.62788008,108.692806173,108.059776771,5380269.0
2019-07-05 00:00:00,107.2725479,107.183274523,107.280663661,106.566476644,12180126.0
2019-07-08 00:00:00,107.686451739,107.329358231,107.824419686,107.329358231,6489997.0
2019-07-09 00:00:00,107.386168562,107.288779423,107.410515846,106.96414896,6216115.0
2019-07-10 00:00:00,107.11834843,106.696328829,107.187332403,106.436624459,9470193.0
2019-07-11 00:00:00,106.274309228,105.267954794,106.355466843,105.016366186,14126804.0
2019-07-12 00:00:00,105.146218371,105.389691218,105.576353734,104.951440094,6992095.0
2019-07-15 00:00:00,105.576353734,105.998373335,106.063299427,105.576353734,6055917.0
2019-07-16 00:00:00,105.34911241,105.681858634,105.698090157,105.174623536,6172721.0
2019-07-17 00:00:00,106.071415189,106.826181014,106.849229777,106.063299427,9662156.0
2019-07-18 00:00:00,106.404161413,106.834296776,107.094001145,106.217498897,5725713.0
2019-07-19 00:00:00,106.501550552,106.582708167,106.777486445,106.432566578,5804843.0
2019-07-22 00:00:00,107.215737569,106.785602206,107.231969092,106.626452122,5204504.0
2019-07-23 00:00:00,106.509666313,106.201267374,106.623286975,105.994315454,8108940.0
2019-07-24 00:00:00,106.509666313,106.663865783,106.750704431,106.400103532,6389664.0
2019-07-25 00:00:00,106.225614659,106.152572804,106.355466843,105.625048303,8893057.0
2019-07-26 00:00:00,106.590823929,106.404161413,106.655750021,106.225614659,6188692.0
2019-07-29 00:00:00,106.688213067,106.436624459,106.79363681,106.343293201,6231836.0
2019-07-30 00:00:00,106.834296776,106.696328829,106.915454391,106.371698367,5678475.0
2019-07-31 00:00:00,106.590823929,107.556599554,107.913693063,106.558360882,15798745.0
2019-08-01 00:00:00,108.177837159,109.698504967,109.804219841,108.072122285,26665016.0
2019-08-02 00:00:00,110.023781504,110.714994143,110.714994143,109.812351755,15143050.0
2019-08-05 00:00:00,112.040496029,112.634125708,112.650389535,111.650164186,18542993.0
2019-08-06 00:00:00,112.08928751,113.536768097,113.536768097,111.995770505,12747356.0
2019-08-07 00:00:00,115.504691142,113.577427664,116.041397427,113.374129828,32582045.0
2019-08-08 00:00:00,112.85368737,113.821385066,113.9027042,111.910385415,14745985.0
2019-08-09 00:00:00,114.097870122,113.593691491,114.813478502,113.447317049,10625972.0
2019-08-12 00:00:00,114.95172103,115.968210206,116.342278223,114.782170635,14094307.0
2019-08-13 00:00:00,116.651290933,115.569746449,116.733911173,115.138755038,16099485.0
2019-08-14 00:00:00,117.749099243,118.180090654,118.209446861,117.38316314,15068949.0
2019-08-15 00:00:00,118.391520402,119.497460626,120.546477456,118.090639606,23732522.0
2019-08-16 00:00:00,118.48097145,118.537894844,118.846907553,117.488878014,17649776.0
2019-08-19 00:00:00,116.456125011,116.838324941,117.342503573,116.411399487,13615286.0
2019-08-20 00:00:00,117.846682204,118.049980039,118.125200238,117.488878014,7451608.0
2019-08-21 00:00:00,117.391295053,117.261184438,118.261409788,117.03755682,9372115.0
2019-08-22 00:00:00,116.805797288,116.480520751,117.375031226,116.38293779,13880305.0
2019-08-23 00:00:00,116.415465444,118.399652316,118.651741632,116.342278223,16194116.0
2019-08-26 00:00:00,118.326465095,117.919869425,118.668005458,117.854814117,12174799.0
2019-08-27 00:00:00,118.944490514,119.741418029,119.830869076,118.822511813,11332754.0
2019-08-28 00:00:00,120.692851897,119.895924383,120.790434858,119.782077596,10097776.0
2019-08-29 00:00:00,119.448669146,119.440537232,119.521856366,118.537894844,8884955.0
2019-08-30 00:00:00,118.928226688,119.473064886,119.635703154,118.724928852,13550909.0
2019-09-03 00:00:00,119.53023575,119.627991403,120.817351847,119.106627921,15662954.0
2019-09-04 00:00:00,119.074042703,119.8072101,119.961989884,119.033311181,7962232.0
2019-09-05 00:00:00,118.36531422,117.632146823,118.479362481,116.923418339,19386357.0
2019-09-06 00:00:00,118.039462043,118.471216177,118.666727483,117.892828564,9466371.0
2019-09-09 00:00:00,116.874540513,116.361323335,117.013027688,116.35317703,15862660.0
2019-09-10 00:00:00,116.068056376,114.316600928,116.434640074,114.292162015,13851422.0
2019-09-11 00:00:00,114.0803581,114.112943318,114.691330931,114.072211795,10941748.0
2019-09-12 00:00:00,114.976451585,113.363483312,115.220840717,112.992582072,19163308.0
2019-09-13 00:00:00,112.353341565,110.935884598,112.703632655,110.935884598,18922161.0
2019-09-16 00:00:00,112.027489389,112.353341565,112.589584393,111.517856585,10971572.0
2019-09-17 00:00:00,112.418512,112.964314396,113.428653747,112.14153765,9287893.0
2019-09-18 00:00:00,113.697481793,113.444946356,114.292162015,113.371629616,11106841.0
2019-09-19 00:00:00,114.373625059,113.787091141,114.56099006,113.73006701,13434396.0
2019-09-20 00:00:00,114.381771363,115.294157457,115.367474197,114.112943318,13377236.0
2019-09-23 00:00:00,115.579278111,115.269718544,116.324664965,115.139377673,15402596.0
2019-09-24 00:00:00,115.725911591,116.662736598,116.886759969,115.717765286,12947855.0
2019-09-25 00:00:00,116.410201161,114.952012672,116.646443989,114.683184626,14520656.0
2019-09-26 00:00:00,115.603717025,115.693326373,116.190250942,115.298230609,10775214.0
2019-09-27 00:00:00,115.644448547,115.978447027,116.178031485,115.497815067,10387398.0
2019-09-30 00:00:00,115.286011153,116.263567682,116.271713986,115.253425935,8410379.0
2019-10-01 00:00:00,114.982423937,116.614537483,117.144974386,114.884497125,16869140.0
2019-10-02 00:00:00,116.777748838,116.900157354,117.438754824,116.598216348,12896884.0
2019-10-03 00:00:00,117.20209836,117.969191727,118.581234306,117.153134954,13526957.0
2019-10-04 00:00:00,118.320096139,118.842372474,118.875014745,118.197687623,11936986.0
2019-10-07 00:00:00,118.165045352,117.854943778,118.466986358,117.797819804,11751551.0
2019-10-08 00:00:00,118.703642822,118.17320592,118.793409067,117.724374695,14540249.0
2019-10-09 00:00:00,117.708053559,117.504039366,117.716214127,117.055208141,8933140.0
2019-10-10 00:00:00,116.500289535,115.749517304,116.549252942,115.365970621,15057081.0
2019-10-11 00:00:00,114.753928041,114.313257384,114.851854854,113.717535939,28513340.0
2019-10-14 00:00:00,115.161956428,115.145635292,115.182357847,114.835533718,5937726.0
2019-10-15 00:00:00,114.500950441,113.75017821,114.725366054,113.586966856,12663622.0
2019-10-16 00:00:00,113.660411965,113.888907862,114.00315581,113.423755501,8645282.0
2019-10-17 00:00:00,113.562485152,113.611448559,114.264293977,113.380259675,6558397.0
2019-10-18 00:00:00,113.799141617,113.611448559,114.141885461,113.505361178,6456407.0
2019-10-21 00:00:00,112.787231218,112.754588947,113.129975063,112.505691631,8189288.0
2019-10-22 00:00:00,113.448237204,113.415594933,113.569829663,112.840274908,6690041.0
2019-10-23 00:00:00,113.978674107,113.529842882,114.210271019,113.431916069,5999896.0
2019-10-24 00:00:00,113.693054236,113.301346985,114.150046029,113.162617334,6830080.0
2019-10-25 00:00:00,113.57064572,112.746428379,113.586966856,112.575056457,5669966.0
2019-10-28 00:00:00,111.979335013,111.718196845,111.979335013,111.497861517,11402050.0
2019-10-29 00:00:00,112.011977284,111.791641955,112.109904097,111.644751736,5296576.0
2019-10-30 00:00:00,112.1343858,113.431916069,113.505361178,112.1343858,10914151.0
2019-10-31 00:00:00,114.345899655,114.966102802,115.322719612,114.305096816,15835800.0
2019-11-01 00:00:00,114.74998603,114.611014694,115.191424391,113.98155629,11425486.0
2019-11-04 00:00:00,113.311223963,113.098679567,113.450195299,112.951533446,11134604.0
2019-11-05 00:00:00,111.880636681,111.82341319,112.060481939,111.480072242,13496331.0
2019-11-06 00:00:00,112.534619438,112.501920301,112.853436033,111.978734094,9353012.0
2019-11-07 00:00:00,111.169430432,110.458224183,111.177605216,109.616221383,19214106.0
2019-11-08 00:00:00,110.188456296,109.992261468,110.842439053,109.88598927,10227217.0
2019-11-11 00:00:00,110.376476338,110.065834529,110.384651123,109.771542288,4578098.0
2019-11-12 00:00:00,110.294728494,110.572671166,110.842357305,109.892529098,5773630.0
2019-11-13 00:00:00,111.545470518,111.292052199,111.668092285,111.018196919,6751842.0
2019-11-14 00:00:00,112.35477418,112.444696809,112.877960386,112.248501982,10272804.0
2019-11-15 00:00:00,112.093181077,112.322075042,112.649066421,112.052307155,4657758.0
2019-11-18 00:00:00,112.689940343,112.526444654,113.016931722,112.461046378,5944030.0
2019-11-19 00:00:00,112.820736895,113.466544868,113.531943144,112.820736895,7893300.0
2019-11-20 00:00:00,114.079653703,114.643713832,114.643713832,113.965206721,7909901.0
2019-11-21 00:00:00,113.858934523,113.924332798,114.218625039,113.43384573,5981899.0
2019-11-22 00:00:00,114.234974608,114.071478919,114.382120729,113.89163366,4666026.0
2019-11-25 00:00:00,114.398470298,114.406645082,114.58649034,114.300372884,4157476.0
2019-11-26 00:00:00,114.970705211,115.076977409,115.224123529,114.921656504,4281650.0
2019-11-27 00:00:00,114.643713832,114.741811245,114.89713215,114.496567711,4096955.0
2019-11-29 00:00:00,114.660063401,114.496567711,114.709112107,113.973381505,6251071.0
2019-12-02 00:00:00,112.826468148,112.965677921,113.260475088,112.670880755,17705004.0
2019-12-03 00:00:00,114.382342084,115.340432876,115.799006247,114.292265172,13323804.0
2019-12-04 00:00:00,114.62800639,114.18581064,114.759027353,113.702670838,8588810.0
2019-12-05 00:00:00,113.252286278,113.628971547,113.891013473,113.203153417,7274024.0
2019-12-06 00:00:00,112.736391236,112.998433162,113.628971547,112.597181463,7931904.0
2019-12-09 00:00:00,113.522517014,113.244097468,113.620782737,113.178586986,4155592.0
2019-12-10 00:00:00,113.678104408,113.252286278,113.817314181,113.047566023,4947745.0
2019-12-11 00:00:00,113.77637013,114.144866589,114.464230186,113.719048459,6257375.0
2019-12-12 00:00:00,113.686293218,112.261440245,113.763759363,111.573580189,14868125.0
2019-12-13 00:00:00,112.810090528,113.563461065,114.030223246,112.081286421,11335349.0
2019-12-16 00:00:00,113.039377213,112.539859792,113.088510074,112.245062625,9160997.0
2019-12-17 00:00:00,112.883789819,112.384272398,112.990244352,112.0649088,6179893.0
2019-12-18 00:00:00,112.138608092,111.458936846,112.261440245,111.303349453,6244828.0
2019-12-19 00:00:00,111.251929416,111.637418181,111.957291837,111.055166108,6591083.0
2019-12-20 00:00:00,111.358553968,111.785052176,111.81785973,111.194516195,5455919.0
2019-12-23 00:00:00,111.916282394,111.621014403,112.046446366,111.251929416,5175177.0
2019-12-24 00:00:00,111.186314307,111.94088806,112.121329609,111.161708641,4667428.0
2019-12-26 00:00:00,111.99830128,112.211550384,112.252559827,111.670225735,5290981.0
2019-12-27 00:00:00,112.433001377,112.334578713,112.588837261,112.309973047,7300695.0
2019-12-30 00:00:00,111.161708641,111.924484282,111.990099391,110.973065202,7979841.0
2019-12-31 00:00:00,111.424169077,110.825431207,111.629216292,110.743412321,10707518.0
2020-01-02 00:00:00,111.899878616,112.08442111,112.506818374,111.797355009,11034459.0
2020-01-03 00:00:00,113.113758132,113.810918665,113.843726219,112.793884476,12366830.0
2020-01-06 00:00:00,114.278426316,113.162969464,114.294830094,113.015335469,11370199.0
2020-01-07 00:00:00,113.072748689,112.601140093,113.277795905,112.597039149,8456431.0
2020-01-08 00:00:00,112.834893919,111.858869173,113.146565687,111.514389851,10626391.0
2020-01-09 00:00:00,111.251929416,112.252559827,112.428900432,111.174011474,7412990.0
2020-01-10 00:00:00,112.621644815,113.253190239,113.277795905,112.588755242,8776937.0
2020-01-13 00:00:00,112.793884476,112.908710917,112.966124137,112.391991934,5967295.0
2020-01-14 00:00:00,113.039941135,113.491045009,113.564862006,113.003032636,13921031.0
2020-01-15 00:00:00,114.13899421,114.245618762,114.335839537,113.728899779,6290520.0
2020-01-16 00:00:00,113.925745106,113.884735663,114.147196098,113.499246897,6798593.0
2020-01-17 00:00:00,112.547827817,112.908710917,113.00713358,112.367386268,9693280.0
2020-01-21 00:00:00,113.556660118,114.097984767,114.245618762,113.523852563,6794885.0
2020-01-22 00:00:00,114.303031982,114.499877309,114.647511304,114.19640743,6317029.0
2020-01-23 00:00:00,115.225744452,115.303662394,115.664545493,115.172432176,9747418.0
2020-01-24 00:00:00,115.697353048,116.238677696,116.624166462,115.598930384,8584952.0
2020-01-27 00:00:00,117.772430868,118.051295081,118.051295081,117.403673956,10935243.0
2020-01-28 00:00:00,117.751926147,117.124481667,117.883156365,116.845617454,10612917.0
2020-01-29 00:00:00,117.354134549,118.272746074,118.387572515,117.34593266,9567654.0
2020-01-30 00:00:00,118.551610287,118.289149851,119.183155711,118.051295081,14711787.0
2020-01-31 00:00:00,118.77306128,119.371799149,119.445616147,118.707446171,14538096.0
2020-02-03 00:00:00,118.786000261,119.274823296,119.45145683,118.108220422,15310744.0
2020-02-04 00:00:00,118.00141875,117.664582709,118.124651448,117.237376023,11388275.0
2020-02-05 00:00:00,116.61299702,116.374747137,116.941617547,116.284376492,10782161.0
2020-02-06 00:00:00,116.514410861,116.900539982,117.089496785,116.366531624,6683128.0
2020-02-07 00:00:00,118.190375554,118.362901331,118.61758224,117.902832592,11374834.0
2020-02-10 00:00:00,118.913340716,118.691521859,119.036573414,118.568289161,6699265.0
2020-02-11 00:00:00,118.494349542,118.091789396,118.601151214,117.960341184,7784102.0
2020-02-12 00:00:00,117.492056932,117.492056932,117.63993617,117.17986743,5595525.0
2020-02-13 00:00:00,117.549565524,117.943910158,118.173944527,117.4099018,7883440.0
2020-02-14 00:00:00,118.634013267,118.46148749,118.896909689,118.379332357,7137363.0
2020-02-18 00:00:00,119.110513032,119.274823296,119.69381447,118.765461478,6912053.0
2020-02-19 00:00:00,118.929771742,119.266607783,119.340547402,118.814754557,5707712.0
2020-02-20 00:00:00,119.718461009,120.203176288,120.424995144,119.651504577,9332916.0
2020-02-21 00:00:00,121.13152928,121.328701596,122.018804705,121.008296582,13861573.0
2020-02-24 00:00:00,123.620829779,123.144330014,123.727631451,122.938942184,15929281.0
2020-02-25 00:00:00,123.111467961,123.80157107,124.381011215,123.053959368,20802922.0
2020-02-26 00:00:00,122.897864617,123.144330014,124.352010454,122.593890629,22599515.0
2020-02-27 00:00:00,125.157130747,124.483458665,125.469320249,123.620829779,30687929.0
2020-02-28 00:00:00,126.594845557,127.301379693,127.851736922,126.356595675,45010774.0
2020-03-02 00:00:00,127.481762829,126.362801429,128.469081711,126.214703597,28152383.0
2020-03-03 00:00:00,126.255841884,128.329211536,131.101932063,125.062831568,38608024.0
2020-03-04 00:00:00,128.395032795,126.963420416,129.168432586,126.568492863,23463690.0
2020-03-05 00:00:00,128.987424124,130.131068496,130.377898216,128.724139089,17786220.0
2020-03-06 00:00:00,137.354951649,136.918885809,139.025166091,134.730328954,76288337.0
2020-03-09 00:00:00,147.063587322,140.637786932,147.557246763,139.856159483,41552819.0
2020-03-10 00:00:00,139.27610964,133.413903778,141.987122737,133.018976226,37728253.0
2020-03-11 00:00:00,135.816379725,128.493764683,137.132804901,127.753275522,29594066.0
2020-03-12 00:00:00,134.236669513,129.291847446,136.581551858,127.777958494,24361836.0
2020-03-13 00:00:00,127.234933109,126.362801429,129.86778346,124.922961393,19812859.0
2020-03-16 00:00:00,131.661412763,134.565775807,136.408771054,129.546904824,30496696.0
2020-03-17 00:00:00,134.228441856,125.572946324,135.980932872,125.350799575,18570872.0
2020-03-18 00:00:00,125.457759121,118.472478031,126.527354576,114.079320389,47060975.0
2020-03-19 00:00:00,120.611668942,121.705947369,125.959646219,119.212967192,21175266.0
2020-03-20 00:00:00,125.836231359,130.879785315,130.879785315,124.857140134,20863060.0
2020-03-23 00:00:00,129.291847446,136.285356194,136.853064551,128.526675312,19971809.0
2020-03-24 00:00:00,132.377218952,133.743010072,135.832835039,131.686095735,11948557.0
2020-03-25 00:00:00,134.302490772,133.43858675,136.844836893,132.681642274,10750564.0
2020-03-26 00:00:00,134.635710895,134.096799338,136.022071158,133.216440002,10576587.0
2020-03-27 00:00:00,135.890428641,137.684057943,138.136579097,135.125256507,12550007.0
2020-03-30 00:00:00,138.177717384,136.548641229,139.666923364,136.235990249,13473205.0
2020-03-31 00:00:00,136.038526473,135.437907486,137.04230067,135.100573535,11464935.0
2020-04-01 00:00:00,138.526097333,137.339602861,138.92159549,136.812271985,11334698.0
2020-04-02 00:00:00,138.814481406,138.212994625,139.135823658,137.52087285,5771227.0
2020-04-03 00:00:00,138.583774147,138.542576423,140.050413147,138.245952805,6570840.0
2020-04-06 00:00:00,137.306644682,138.180036445,138.353066889,136.919386069,9434786.0
2020-04-07 00:00:00,135.625777514,136.729876536,136.828751075,134.595834396,13811848.0
2020-04-08 00:00:00,135.749370688,135.732891598,136.639241541,134.941895284,10147077.0
2020-04-09 00:00:00,135.065488458,135.980077946,136.309659744,134.653511211,14260806.0
2020-04-13 00:00:00,135.45274707,134.73590666,136.243743384,134.73590666,8750297.0
2020-04-14 00:00:00,134.70294848,134.70294848,135.444507525,134.406324863,9019531.0
2020-04-15 00:00:00,137.141853783,138.278910984,138.624971872,137.092416513,10027752.0
2020-04-16 00:00:00,139.168781838,139.852664068,140.038053829,138.96740736,8265414.0
2020-04-17 00:00:00,139.630196355,137.974047822,140.470629938,137.529112395,8612119.0
2020-04-20 00:00:00,138.493139153,139.086386389,139.193500473,138.097640996,6462639.0
2020-04-21 00:00:00,141.368740337,140.841409461,141.550010326,140.421192669,7850725.0
2020-04-22 00:00:00,139.753789529,139.399489096,140.099850416,138.711487094,6230495.0
2020-04-23 00:00:00,139.671394079,140.141048141,140.544785843,139.453046138,5968584.0
2020-04-24 00:00:00,139.457165911,140.470629938,140.470629938,139.424207731,6211804.0
2020-04-27 00:00:00,139.498363636,137.850454648,139.57251954,137.669184659,9039484.0
2020-04-28 00:00:00,138.583774147,139.440686821,139.654914989,138.501378698,9905415.0
2020-04-29 00:00:00,139.391249551,138.715606866,139.992736332,138.097640996,8619566.0
2020-04-30 00:00:00,138.740325501,137.092416513,139.144063203,137.067697878,11606074.0
2020-05-01 00:00:00,137.897805221,138.269066131,138.40107001,137.023279521,10209421.0
2020-05-04 00:00:00,137.947306676,137.617296978,138.046309585,137.056280491,8300923.0
2020-05-05 00:00:00,136.305508428,136.734521036,136.8830254,136.058001155,7831916.0
2020-05-06 00:00:00,134.374951695,134.523456059,134.713211635,133.401423086,14721518.0
2020-05-07 00:00:00,134.647209696,136.775772248,136.965527824,134.465704362,9165455.0
2020-05-08 00:00:00,135.414482244,134.993719879,136.165254307,134.746212605,8130474.0
2020-05-11 00:00:00,134.72971212,133.937688845,135.191725697,133.438549177,8713747.0
2020-05-12 00:00:00,134.317199998,135.315479334,135.777492911,134.29244927,10057348.0
2020-05-13 00:00:00,135.909496791,136.264257216,136.899525885,135.692680419,13305576.0
2020-05-14 00:00:00,137.749300857,137.600796493,138.43407098,137.526544311,10080361.0
2020-05-15 00:00:00,138.557824617,137.246036067,138.714579224,136.932526854,7225634.0
2020-05-18 00:00:00,135.777492911,134.226447331,135.880620942,133.706682056,10073986.0
2020-05-19 00:00:00,133.789184481,134.72971212,134.76271309,133.756183511,8639263.0
2020-05-20 00:00:00,134.32545024,135.133974,135.587737335,134.086193209,10927274.0
2020-05-21 00:00:00,135.719741214,135.472233941,136.132253337,135.249477395,8920309.0
2020-05-22 00:00:00,135.60423782,136.289007943,136.396261095,135.513485153,4956814.0
2020-05-26 00:00:00,134.770963332,134.457454119,134.836965272,134.164570512,8098939.0
2020-05-27 00:00:00,134.007815906,134.209946846,134.935968181,133.846936178,8047360.0
2020-05-28 00:00:00,133.327170904,133.714932299,133.830435693,133.07966363,10276172.0
2020-05-29 00:00:00,133.945939087,134.671960423,135.084472546,133.65305548,14662054.0
2020-06-01 00:00:00,133.614719619,133.763415027,133.895588723,133.259502812,13353301.0
2020-06-02 00:00:00,133.259502812,133.276024524,133.60893702,132.912546861,11517053.0
2020-06-03 00:00:00,132.028635271,131.499940488,132.152548111,131.00428913,12255736.0
2020-06-04 00:00:00,130.987767418,129.591682757,131.062115121,129.554508905,14038570.0
2020-06-05 00:00:00,127.42733849,128.666466887,128.707771167,126.229514373,17778549.0
2020-06-08 00:00:00,127.807337865,129.162118246,129.27777023,127.790816153,10346680.0
2020-06-09 00:00:00,131.095158545,130.632550611,131.582549048,130.475594347,9095265.0
2020-06-10 00:00:00,131.252114809,132.573851766,132.623416902,131.095158545,13135518.0
2020-06-11 00:00:00,134.560587629,135.085151984,135.374281943,134.052544986,17086373.0
2020-06-12 00:00:00,133.870806155,133.779936739,134.903413152,133.573415339,9716433.0
2020-06-15 00:00:00,135.09341284,133.854284443,135.366021087,133.647763043,7760836.0
2020-06-16 00:00:00,131.392549361,131.797331304,132.896025149,130.806028586,13701298.0
2020-06-17 00:00:00,132.102982975,132.342547798,132.516025774,131.334723369,7113900.0
2020-06-18 00:00:00,133.565154483,133.746893315,133.928632147,133.209937676,7691375.0
2020-06-19 00:00:00,132.706025462,133.854284443,133.945153859,132.631677758,8565778.0
2020-06-22 00:00:00,134.515152921,133.870806155,134.703830872,133.589937051,9319961.0
2020-06-23 00:00:00,133.102546549,132.953851141,133.581676195,132.805155733,9088580.0
2020-06-24 00:00:00,133.143850828,134.382979225,134.432544361,133.135589972,11436501.0
2020-06-25 00:00:00,135.357760231,134.771239457,135.473412215,134.688630897,10967984.0
2020-06-26 00:00:00,135.390803655,136.216889253,136.274715245,135.332977663,12119310.0
2020-06-29 00:00:00,135.886455014,135.787324742,136.233410965,135.498194783,7274571.0
2020-06-30 00:00:00,136.200367541,135.126456264,136.249932677,134.754717745,14841678.0
2020-07-01 00:00:00,134.358662197,134.863164224,134.978951574,133.812807545,13181262.0
2020-07-02 00:00:00,134.267686422,135.003763149,135.127821025,133.88724227,7599940.0
2020-07-06 00:00:00,133.961676995,134.449637972,134.532343223,133.481986544,7972668.0
2020-07-07 00:00:00,134.863164224,136.343588204,136.45110503,134.681212673,12791945.0
2020-07-08 00:00:00,135.607511476,135.797733552,136.103742978,135.20225575,7253883.0
2020-07-09 00:00:00,135.888709327,137.96461111,138.196185811,135.839086177,13373095.0
2020-07-10 00:00:00,138.609712062,137.269887007,138.824745713,137.129288082,8478375.0
2020-07-13 00:00:00,136.58343343,137.724765884,137.790930084,136.360129254,8054011.0
2020-07-14 00:00:00,138.593171012,137.923258485,138.766852038,137.807471134,11344635.0
2020-07-15 00:00:00,136.930795481,137.278157533,137.778524297,136.855616409,7840586.0
2020-07-16 00:00:00,138.154833186,137.93152901,138.460842612,137.857094285,9107383.0
2020-07-17 00:00:00,138.04731636,137.642060634,138.154833186,137.385674358,8550164.0
2020-07-20 00:00:00,138.245808961,137.98115216,138.336784736,137.658601684,6907518.0
2020-07-21 00:00:00,138.072127935,138.06385741,138.419489987,137.886041122,8455112.0
2020-07-22 00:00:00,138.866098338,138.477383662,139.031508839,138.394678412,6592084.0
2020-07-23 00:00:00,139.41195299,140.098406568,140.205923393,139.048049889,10471802.0
2020-07-24 00:00:00,139.486387716,140.090136043,140.239005493,139.370186839,7520837.0
2020-07-27 00:00:00,140.511932819,139.569092966,140.553285444,139.469846665,6146734.0
2020-07-28 00:00:00,139.924725542,140.536744394,140.586367545,139.833749767,8520714.0
2020-07-29 00:00:00,140.346522319,140.296899168,140.62772017,139.46157614,6733733.0
2020-07-30 00:00:00,141.173574822,141.223197972,141.347255847,140.925459071,9376128.0
2020-07-31 00:00:00,140.429227569,141.132222197,141.508861906,140.255546543,8886264.0
2020-08-03 00:00:00,139.832420259,140.420281196,140.453400122,139.608867508,9067756.0
2020-08-04 00:00:00,141.148897569,141.761597701,141.769877432,141.057820522,9878888.0
2020-08-05 00:00:00,140.511358243,140.519637974,140.925344818,140.205008177,6954183.0
2020-08-06 00:00:00,141.604282802,141.306212468,142.324619443,140.975023207,9481800.0
2020-08-07 00:00:00,141.521485487,140.362323075,141.70363958,140.11393113,8176856.0
2020-08-10 00:00:00,140.643833947,139.733063481,140.668673141,139.691664823,6408461.0
2020-08-11 00:00:00,138.118515836,138.064697581,138.383467244,137.046290606,19234202.0
2020-08-12 00:00:00,136.901395304,136.810318258,137.203605504,136.313534367,11745839.0
2020-08-13 00:00:00,136.578485775,135.34480578,136.802038526,134.802483366,12744712.0
2020-08-14 00:00:00,135.336526049,134.814902964,135.61803692,134.798343501,6398178.0
2020-08-17 00:00:00,135.469001753,135.154371956,135.874708597,135.021896251,6901480.0
2020-08-18 00:00:00,135.791911282,136.123100542,136.214177589,135.564218665,8140643.0
2020-08-19 00:00:00,136.628164164,135.270288197,136.826960518,134.914259742,12497748.0
2020-08-20 00:00:00,136.644723627,136.49568846,136.859996647,136.263855978,10320126.0
2020-08-21 00:00:00,136.959353425,137.31538188,137.423018389,136.33009383,6836242.0
2020-08-24 00:00:00,137.414738658,137.091829129,137.952921206,137.033871008,6490666.0
2020-08-25 00:00:00,135.78363155,136.040303227,136.396331682,135.353085512,10518301.0
2020-08-26 00:00:00,135.535239605,135.518680142,135.762932222,134.897700279,8276618.0
2020-08-27 00:00:00,136.123100542,133.208635051,136.172778931,133.142397199,19860113.0
2020-08-28 00:00:00,133.647460821,133.109278273,133.879293303,132.71185116,8415402.0
2020-08-31 00:00:00,133.506705385,133.995209544,134.872861084,133.473586459,11388108.0
2020-09-01 00:00:00,133.790403072,135.531109883,135.705180564,133.309636429,10587634.0
2020-09-02 00:00:00,135.240992081,136.824206371,136.940253491,135.224413921,15167718.0
2020-09-03 00:00:00,137.097746012,137.213793133,138.33281894,136.840784531,16416624.0
2020-09-04 00:00:00,135.987009286,134.602732917,136.226066354,134.362349596,13780313.0
2020-09-08 00:00:00,135.953852965,135.431640922,136.69158109,135.431640922,13790421.0
2020-09-09 00:00:00,135.597422523,135.0669214,135.854384005,134.617819043,9559005.0
2020-09-10 00:00:00,134.370638676,135.754915044,135.937274805,133.947895593,8847742.0
2020-09-11 00:00:00,135.904118485,136.045032846,136.119634566,135.713469644,5458222.0
2020-09-14 00:00:00,136.301994327,136.036743766,136.542377649,135.837805845,4274947.0
2020-09-15 00:00:00,135.788071364,135.705180564,136.036743766,135.473086322,6928498.0
2020-09-16 00:00:00,136.293705247,135.299015641,136.384885128,134.802002402,8816914.0
2020-09-17 00:00:00,136.393174208,135.713469644,136.442908688,135.482204311,7813922.0
2020-09-18 00:00:00,135.788071364,135.290726561,135.846094925,135.10007772,7246282.0
2020-09-21 00:00:00,136.384885128,135.978720206,136.807628211,135.759059584,11086895.0
2020-09-22 00:00:00,136.011876526,135.870962165,136.376596048,135.539398963,10524495.0
2020-09-23 00:00:00,135.895829405,136.053321926,136.086478246,135.216124841,6224763.0
2020-09-24 00:00:00,136.442908688,136.575533969,136.575533969,136.161079967,8278072.0
2020-09-25 00:00:00,136.567244889,136.575533969,136.824206371,136.235681687,5140298.0
2020-09-28 00:00:00,136.368306968,136.185947207,136.393174208,135.953852965,4470504.0
2020-09-29 00:00:00,136.310283408,136.343439728,136.67500293,136.111345486,10297950.0
2020-09-30 00:00:00,135.647157004,135.03376508,135.647157004,134.445240396,12970989.0
2020-10-01 00:00:00,134.551720306,135.25702247,135.572417003,134.211515733,11523874.0
2020-10-02 00:00:00,135.464464283,134.750864447,135.514250318,134.277897113,8829140.0
2020-10-05 00:00:00,133.257283393,132.112204585,133.257283393,132.070716223,14726045.0
2020-10-06 00:00:00,131.913060445,132.825804422,133.634827493,131.373711731,22419358.0
2020-10-07 00:00:00,132.103906913,131.854976737,132.815017448,131.523069836,9429580.0
2020-10-08 00:00:00,132.444111486,132.568576574,132.676446317,132.182734802,8431544.0
2020-10-09 00:00:00,132.070716223,132.543683556,132.693041662,131.481581474,8441506.0
2020-10-12 00:00:00,132.825804422,132.966864855,133.033246235,132.560278901,3962045.0
2020-10-13 00:00:00,133.473022878,133.921097195,133.987478575,133.448129861,7914641.0
2020-10-14 00:00:00,134.402362201,134.228111078,134.750864447,134.101488595,6956736.0
2020-10-15 00:00:00,134.99149695,133.995776247,135.115962037,133.829822797,9458911.0
2020-10-16 00:00:00,133.846418142,133.622380984,134.394064528,133.381748481,8418197.0
2020-10-19 00:00:00,132.88388813,133.11622296,133.28217641,132.510492866,9286787.0
2020-10-20 00:00:00,132.352837088,131.846679065,132.477302176,131.597748889,11189208.0
2020-10-21 00:00:00,131.464986129,131.390307076,131.946251135,131.116483883,10453705.0
2020-10-22 00:00:00,131.050102503,130.02119111,131.332223368,129.95480973,12665822.0
2020-10-23 00:00:00,129.82204697,130.817767672,130.983721122,129.772260935,8784136.0
2020-10-26 00:00:00,131.813488374,132.037525532,132.485599849,131.647534924,7227337.0
2020-10-27 00:00:00,132.659850971,132.925376492,133.04984158,132.381878942,6062330.0
2020-10-28 00:00:00,133.614083311,133.04984158,133.680464691,132.634957954,11765784.0
2020-10-29 00:00:00,133.074734597,131.755404667,133.157711323,131.199460608,11932379.0
2020-10-30 00:00:00,131.664130269,130.452670081,131.92965579,130.452670081,13095938.0
2020-11-02 00:00:00,131.53207204,131.432392775,131.939095705,131.22472764,10810494.0
2020-11-03 00:00:00,130.82601058,130.668185078,130.933996451,130.153175542,16228695.0
2020-11-04 00:00:00,133.974214031,133.509044128,134.414464117,133.060487436,21570835.0
2020-11-05 00:00:00,133.974214031,133.741629079,134.057280085,133.093713857,18537530.0
2020-11-06 00:00:00,132.294618417,132.121841024,132.541324598,131.73143057,12408432.0
2020-11-09 00:00:00,129.264368763,129.339128212,129.413887661,128.147130336,23245038.0
2020-11-10 00:00:00,128.425401617,128.591533725,129.131463077,128.275882719,12560977.0
2020-11-11 00:00:00,128.475241249,129.056703628,129.239448947,128.433708222,5888233.0
2020-11-12 00:00:00,130.070109488,131.257954062,131.282873878,129.879057564,16001553.0
2020-11-13 00:00:00,131.249647456,131.083515348,131.365939932,130.875850213,7345549.0
2020-11-16 00:00:00,130.726331315,130.767864342,131.183194613,130.626652051,6310397.0
2020-11-17 00:00:00,131.590218278,131.6234447,131.914175889,131.440699381,7444575.0
2020-11-18 00:00:00,132.146760841,132.005548549,132.254746711,131.241340851,10333345.0
2020-11-19 00:00:00,132.587010927,132.686690192,133.210006333,132.479025057,10623316.0
2020-11-20 00:00:00,133.048027528,133.86622816,133.891147977,132.935888354,7247351.0
2020-11-23 00:00:00,133.293072387,133.25153936,133.434284679,132.844515695,11304789.0
2020-11-24 00:00:00,132.603624138,131.922482494,132.630039143,131.789576808,10892973.0
2020-11-25 00:00:00,131.988935338,131.515458829,132.537171295,131.465619197,9146000.0
2020-11-27 00:00:00,132.287973133,132.794676063,132.83620909,132.263053316,4708153.0
2020-11-30 00:00:00,132.63685056,132.628543954,133.05218083,132.412572214,13071557.0
2020-12-01 00:00:00,131.541763541,130.668680631,131.699749972,129.986844454,13663889.0
2020-12-02 00:00:00,130.153145961,129.629296215,130.194721337,128.989035414,12114580.0
2020-12-03 00:00:00,130.203036413,130.676995706,130.934763042,129.903693701,9626457.0
2020-12-04 00:00:00,129.163651996,128.756213305,129.242645212,128.398665066,12734642.0
2020-12-07 00:00:00,129.712446968,129.920323851,130.153145961,129.571090687,9316138.0
2020-12-08 00:00:00,130.726886158,130.535639426,131.142639925,130.419228371,7397240.0
2020-12-09 00:00:00,129.878748475,130.103255509,130.519009275,129.433891944,7750059.0
2020-12-10 00:00:00,130.452488672,131.259050979,131.325571582,130.111570584,10025124.0
2020-12-11 00:00:00,131.624914294,131.724695198,132.240229868,131.350516808,8136090.0
2020-12-14 00:00:00,130.660365556,131.358831883,131.658174595,130.344392693,7535875.0
2020-12-15 00:00:00,130.90150274,130.918132891,131.408722335,130.5106942,6847676.0
2020-12-16 00:00:00,129.903693701,130.568899727,130.992968569,129.745707269,9954190.0
2020-12-17 00:00:00,131.329623552,130.22256547,131.604307137,129.914586906,9422697.0
2020-12-18 00:00:00,130.488925309,129.831349456,130.705342679,129.706493281,6505271.0
2020-12-21 00:00:00,130.555515269,130.347421645,130.672047699,129.931234396,8988176.0
2020-12-22 00:00:00,130.858000162,131.021644988,131.079911203,130.455630329,7378508.0
2020-12-23 00:00:00,130.07273806,130.114356785,130.131004275,129.107183643,9266649.0
2020-12-24 00:00:00,130.30580292,130.630428974,130.746961404,130.264184195,3117104.0
2020-12-28 00:00:00,129.872968181,130.688695189,130.763608894,129.635741449,7791093.0
2020-12-29 00:00:00,129.881291926,130.522220289,130.630428974,129.856320691,9030948.0
2020-12-30 00:00:00,130.23921296,130.805227619,130.830198853,130.12268053,9097313.0
2020-12-31 00:00:00,130.771932639,130.996673753,131.288004827,130.763608894,7742413.0
2021-01-04 00:00:00,130.114356785,130.838522598,131.371242277,130.001986228,13152865.0
2021-01-05 00:00:00,130.347421645,129.864644436,130.347421645,129.273658542,10458065.0
2021-01-06 00:00:00,127.742089466,127.192722297,127.767060701,126.468556484,22827290.0
2021-01-07 00:00:00,126.052369235,126.069016725,126.368671544,125.611210751,14651882.0
2021-01-08 00:00:00,125.794333141,125.661153221,126.1938729,125.111786052,13622819.0
2021-01-11 00:00:00,125.394793382,125.453059596,125.569592026,124.970282388,8380898.0
2021-01-12 00:00:00,125.219994737,125.353174657,125.527973301,124.499990796,12186305.0
2021-01-13 00:00:00,125.94416055,126.768211303,127.117808592,125.869246845,12533256.0
2021-01-14 00:00:00,126.709945088,125.577915771,126.759887558,125.219994737,14835458.0
2021-01-15 00:00:00,126.381157162,126.07734047,126.526822699,125.786009396,11624672.0
2021-01-19 00:00:00,125.91086557,126.485203974,126.526822699,125.815142503,9575571.0
2021-01-20 00:00:00,126.214682262,126.610060149,126.626707639,126.052369235,5368933.0
2021-01-21 00:00:00,125.761038161,125.719419436,126.019074255,125.478030831,8164729.0
2021-01-22 00:00:00,126.102311705,126.12728294,126.235491624,125.744390671,9507150.0
2021-01-25 00:00:00,126.859772498,127.617233291,127.633880781,126.755725686,8712616.0
2021-01-26 00:00:00,127.142779827,127.375844687,127.558967076,126.992952418,7690318.0
2021-01-27 00:00:00,127.95018309,127.700470741,128.308104125,127.500700861,7895249.0
2021-01-28 00:00:00,127.392492177,126.992952418,127.442434647,126.360347799,10667755.0
2021-01-29 00:00:00,125.744390671,126.22716788,126.635031384,125.644505731,14966238.0
2021-02-01 00:00:00,126.090308771,126.373643744,126.673645479,125.948641284,8165534.0
2021-02-02 00:00:00,125.323637668,125.556972352,125.611139332,125.140303274,9177457.0
2021-02-03 00:00:00,125.061136149,124.440299224,125.198636945,124.356965408,9633084.0
2021-02-04 00:00:00,124.006963383,124.106963962,124.281964974,123.706961648,8262613.0
2021-02-05 00:00:00,123.956963094,123.065291268,124.348632027,123.056957887,10258935.0
2021-02-08 00:00:00,123.29029257,123.606961069,124.09446389,123.069457959,11574766.0
2021-02-09 00:00:00,124.056963673,123.698628266,124.431965842,123.586127615,5218341.0
2021-02-10 00:00:00,124.106963962,124.523633039,124.523633039,123.991046625,8079802.0
2021-02-11 00:00:00,124.43954922,123.840295752,124.531966421,123.66529474,11962758.0
2021-02-12 00:00:00,122.790289677,122.298620166,123.106958176,122.231953113,14088379.0
2021-02-16 00:00:00,120.723611053,120.431942698,121.08611315,120.259025031,17789087.0
2021-02-17 00:00:00,121.331947906,121.198613801,121.690283312,120.523609895,11203329.0
2021-02-18 00:00:00,120.215274778,120.706944289,121.040279552,119.973606713,10755817.0
2021-02-19 00:00:00,119.756938793,119.09860165,119.973606713,118.7500163,12741726.0
2021-02-22 00:00:00,118.898600493,118.190263061,119.490270583,117.80692751,13203873.0
2021-02-23 00:00:00,117.640259879,117.848594418,118.456931271,117.32359138,12658455.0
2021-02-24 00:00:00,115.833582759,117.073589934,117.352758216,115.673581833,17363058.0
2021-02-25 00:00:00,115.973583569,115.156912177,116.306918831,113.548569538,52621705.0
2021-02-26 00:00:00,117.015256263,118.973600927,119.123601795,116.106917674,45423326.0
2021-03-01 00:00:00,117.064399291,117.39813498,117.690153708,116.588825934,22050428.0
2021-03-02 00:00:00,116.847471093,117.406478372,117.456538725,116.759865474,12482218.0
2021-03-03 00:00:00,115.996445085,116.129939361,116.638886287,115.479154767,19763736.0
2021-03-04 00:00:00,116.206698569,115.37903406,116.46367505,114.811683389,22366564.0
2021-03-05 00:00:00,114.985809984,115.60430565,115.963071516,114.836713565,20598039.0
2021-03-08 00:00:00,115.537558513,114.70321929,115.595962258,114.70321929,15236619.0
2021-03-09 00:00:00,115.904667771,116.296807206,116.359382647,115.654366004,14463394.0
2021-03-10 00:00:00,116.346867559,116.530422188,116.638886287,115.913011163,12387639.0
2021-03-11 00:00:00,115.821233848,115.687739573,115.996445085,115.228853,14150742.0
2021-03-12 00:00:00,113.510114201,113.226438865,113.559423649,112.884359783,20402701.0
2021-03-15 00:00:00,113.585204731,113.893910243,114.085808265,113.518457593,11366662.0
2021-03-16 00:00:00,114.027404519,113.435023671,114.110838441,112.967793706,15567907.0
2021-03-17 00:00:00,112.467190172,112.583997663,112.780067381,111.632850949,27107490.0
2021-03-18 00:00:00,110.932006002,111.440952928,111.8998395,110.831885295,21622014.0
2021-03-19 00:00:00,111.574447203,112.133454483,112.200201621,111.340832221,18684950.0
2021-03-22 00:00:00,112.917733352,113.393306709,113.518457593,112.650744801,17047525.0
2021-03-23 00:00:00,113.664466957,114.419543954,114.461260915,113.301529395,16768448.0
2021-03-24 00:00:00,114.060778088,115.036954979,115.07867194,113.964829077,13862975.0
2021-03-25 00:00:00,115.167278765,114.127525226,115.391549149,114.085808265,20781964.0
2021-03-26 00:00:00,113.526800985,113.727042399,114.210291677,113.359933141,8433292.0
2021-03-29 00:00:00,113.868880067,112.7592089,113.882646664,112.317009112,13968084.0
2021-03-30 00:00:00,112.592341055,113.351589748,113.606063211,112.346210985,15020777.0
2021-03-31 00:00:00,113.460053847,112.717491939,113.668638653,112.325352504,19271281.0
2021-04-01 00:00:00,113.791134861,114.593196341,114.685099218,113.582264684,14885947.0
2021-04-05 00:00:00,113.791134861,114.091907916,114.142036758,113.281491629,8242978.0
2021-04-06 00:00:00,114.300778093,114.868904974,114.985872273,114.175455987,9282395.0
2021-04-07 00:00:00,114.543067498,114.066843495,115.086129958,114.066843495,11052827.0
2021-04-08 00:00:00,114.492938656,115.010936695,115.061065537,114.467874234,7847918.0
2021-04-09 00:00:00,114.584841534,114.593196341,115.161323222,114.242294443,8717951.0
2021-04-12 00:00:00,114.551422305,114.543067498,114.609905955,114.25064925,7658990.0
2021-04-13 00:00:00,114.417745392,115.403612627,115.428677049,114.334197321,13232786.0
2021-04-14 00:00:00,115.027646309,115.036001116,115.199003402,114.643325183,7293169.0
2021-04-15 00:00:00,116.247448142,116.965961551,117.492314397,116.218206318,23896725.0
2021-04-16 00:00:00,115.921610666,116.05528758,116.447963512,115.780247331,15238401.0
2021-04-19 00:00:00,115.620837611,115.721095296,116.097061615,115.462096277,13886874.0
2021-04-20 00:00:00,115.378548206,116.25580295,116.473027934,115.361838592,11476489.0
2021-04-21 00:00:00,116.289222178,116.489737548,116.59835004,115.896546245,11902155.0
2021-04-22 00:00:00,116.673543304,116.99938078,116.99938078,116.005158737,14156678.0
2021-04-23 00:00:00,116.991025973,116.723672146,117.066219236,116.247448142,12302248.0
2021-04-26 00:00:00,116.79886541,116.556576004,117.099638465,116.548221197,9103549.0
2021-04-27 00:00:00,116.330996213,115.537289541,116.523156776,115.441209259,14137281.0
2021-04-28 00:00:00,115.545644348,115.612482804,115.746159718,114.969162659,15263720.0
2021-04-29 00:00:00,114.543067498,115.269935714,115.303354942,114.271536268,17178229.0
2021-04-30 00:00:00,115.426170606,115.537289541,115.612482804,114.985872273,15692322.0
2021-05-03 00:00:00,115.757401891,115.606794765,116.548089303,115.405985263,16447651.0
2021-05-04 00:00:00,116.418399833,116.393298645,116.978993024,116.138103237,18640004.0
2021-05-05 00:00:00,116.033514955,116.585741084,116.719614085,115.941477267,11128146.0
2021-05-06 00:00:00,116.217590332,116.778183523,117.004094212,116.176006031,21907928.0
2021-05-07 00:00:00,116.928790649,116.200856206,117.347143777,115.933110204,18346877.0
2021-05-10 00:00:00,115.966578455,115.021100385,116.217590332,114.912328572,15146246.0
2021-05-11 00:00:00,114.527443694,114.368469506,114.736620258,114.142558817,15158611.0
2021-05-12 00:00:00,114.058888191,113.163612497,114.167660004,112.962802996,20859432.0
2021-05-13 00:00:00,113.439725562,113.339320811,113.807876314,113.188713685,13074735.0
2021-05-14 00:00:00,113.941749315,114.401937756,114.401937756,113.682370376,17566732.0
2021-05-17 00:00:00,114.192761192,114.159292942,114.477241319,113.971034034,6113792.0
2021-05-18 00:00:00,113.832977502,113.866445752,113.975217565,113.556864437,11423065.0
2021-05-19 00:00:00,113.950116378,113.590332688,114.586013132,113.180346622,14296300.0
2021-05-20 00:00:00,114.134191754,114.527443694,114.744987321,114.058888191,13310501.0
2021-05-21 00:00:00,114.887227384,114.895594447,114.920695635,114.385203631,10171561.0
2021-05-24 00:00:00,115.163340449,115.322314638,115.65699714,115.079669823,6736459.0
2021-05-25 00:00:00,115.698832453,116.393298645,116.426766896,115.69046539,12346882.0
2021-05-26 00:00:00,116.502070459,116.192489144,116.76981646,115.908009017,9793707.0
2021-05-27 00:00:00,115.59006064,115.719750109,115.749034828,115.163340449,10695157.0
2021-05-28 00:00:00,115.658670552,115.539858264,116.259425644,115.456187639,10258035.0
2021-06-01 00:00:00,115.187323434,115.514109248,115.556004865,114.709713398,11778666.0
2021-06-02 00:00:00,115.798999445,115.782241198,116.000098407,115.606279606,7347905.0
2021-06-03 00:00:00,115.765482951,115.346526779,115.765482951,115.208271242,10994063.0
2021-06-04 00:00:00,115.773862074,116.930181109,116.930181109,115.773862074,15773737.0
2021-06-07 00:00:00,116.670428282,116.569878801,116.766788202,116.448381511,7799833.0
2021-06-08 00:00:00,117.562804929,117.391032898,117.566994491,117.189933936,11231222.0
2021-06-09 00:00:00,118.492887631,118.430044205,118.815483883,118.061362774,12768309.0
2021-06-10 00:00:00,117.709439589,119.142269697,119.159027944,117.583752737,19698410.0
2021-06-11 00:00:00,118.945360296,118.949549858,119.024961969,118.555731056,8646698.0
2021-06-14 00:00:00,118.773588266,118.036225403,118.773588266,117.864453373,9401341.0
2021-06-15 00:00:00,117.684302219,117.893780305,117.927296798,117.416170269,18207559.0
2021-06-16 00:00:00,118.187049625,117.793230823,118.413285958,117.189933936,19676264.0
2021-06-17 00:00:00,118.572489303,119.561225869,121.140690638,118.388148588,35225794.0
2021-06-18 00:00:00,120.600237176,121.815210075,122.074962901,120.466171201,26616912.0
2021-06-21 00:00:00,120.692407534,119.770703955,120.776198768,119.544467622,16485035.0
2021-06-22 00:00:00,118.83224213,120.063973276,120.097489769,118.790346513,14530318.0
2021-06-23 00:00:00,119.619879733,119.753945708,119.946665548,119.284714796,12041212.0
2021-06-24 00:00:00,119.87963256,119.946665548,120.281830485,119.804220449,8788460.0
2021-06-25 00:00:00,119.749756147,118.698176155,119.862874313,118.161912255,15562491.0
2021-06-28 00:00:00,119.293093919,119.921528177,120.198039251,119.276335672,11460926.0
2021-06-29 00:00:00,119.61150061,120.12262714,120.131006263,119.561225869,11218106.0
2021-06-30 00:00:00,120.575099806,120.65889104,121.144880199,120.424275584,15708857.0
2021-07-01 00:00:00,120.505773309,120.665183716,120.782644017,120.128222342,10809998.0
2021-07-02 00:00:00,120.715523845,121.395115584,121.395115584,120.614843588,9650170.0
2021-07-06 00:00:00,121.965637044,122.821419234,123.031169771,121.961442034,20037177.0
2021-07-07 00:00:00,123.517791016,123.912122025,124.348403142,123.224140265,20964385.0
2021-07-08 00:00:00,124.616883829,124.398743271,125.086725031,124.021192304,17487838.0
2021-07-09 00:00:00,122.930489513,122.645228783,123.031169771,122.611668698,14483634.0
2021-07-12 00:00:00,123.115069986,122.485818375,123.232530286,122.34318801,10610428.0
2021-07-13 00:00:00,122.888539406,121.546135971,123.42550078,121.059514726,23340375.0
2021-07-14 00:00:00,122.208947667,122.930489513,122.972439621,122.041147238,16038556.0
2021-07-15 00:00:00,123.836611832,124.289672992,124.381963228,123.064729857,18462700.0
2021-07-16 00:00:00,123.324820522,124.05475239,124.163822669,123.30804048,12787919.0
2021-07-19 00:00:00,126.353618273,126.781509368,127.19262042,126.076747565,40203891.0
2021-07-20 00:00:00,127.679241665,125.556566234,127.830262052,125.355205718,25674791.0
2021-07-21 00:00:00,124.029582326,123.962462154,124.298063013,122.762689084,19988911.0
2021-07-22 00:00:00,123.970852176,125.13706516,125.392960815,123.928902068,18136907.0
2021-07-23 00:00:00,123.828221811,124.298063013,124.428108346,123.786271703,12639262.0
2021-07-26 00:00:00,124.713369076,123.928902068,124.767904215,123.777881682,10737870.0
2021-07-27 00:00:00,124.994434795,125.254525461,125.296475568,124.709174065,13036604.0
2021-07-28 00:00:00,124.440693378,125.262915482,125.279695525,124.105092519,14346869.0
2021-07-29 00:00:00,124.532983614,124.5665437,124.902144559,124.323233077,11532032.0
2021-07-30 00:00:00,124.826634366,125.153845203,125.321645632,124.767904215,14342162.0
2021-08-02 00:00:00,125.251052685,126.272520743,126.742933665,125.020886363,21232706.0
2021-08-03 00:00:00,126.339722589,126.339722589,126.742933665,126.037314282,13361939.0
2021-08-04 00:00:00,126.969739895,126.600129742,127.238547278,125.474498823,18267907.0
2021-08-05 00:00:00,126.34812282,125.953311975,126.482526512,125.709705284,15345359.0
2021-08-06 00:00:00,124.300146565,123.844854059,124.668076672,123.770008003,21144286.0
2021-08-09 00:00:00,124.157342643,123.39964183,124.500072057,123.382841369,12942623.0
2021-08-10 00:00:00,123.601247368,122.82842614,123.668449214,122.820025909,13716901.0
2021-08-11 00:00:00,122.695702494,122.752824063,123.382841369,122.106006296,17227605.0
2021-08-12 00:00:00,122.425215064,122.551218525,122.71922314,121.870799835,14710931.0
2021-08-13 00:00:00,123.046832139,124.491671826,124.500072057,123.030031677,18653828.0
2021-08-16 00:00:00,125.029286594,124.794080133,125.726505745,124.710077825,19171543.0
2021-08-17 00:00:00,124.768879441,124.743678748,125.264493054,124.592474595,14126883.0
2021-08-18 00:00:00,124.626075518,125.163690285,125.264493054,124.407669519,13143979.0
2021-08-19 00:00:00,125.970112436,126.087715667,126.096115898,125.550100899,15474585.0
2021-08-20 00:00:00,126.205318897,126.171717974,126.390123973,125.802107822,12388424.0
2021-08-23 00:00:00,125.877709898,126.087715667,126.125516705,125.642503438,10615040.0
2021-08-24 00:00:00,125.508099746,125.10488867,125.768506899,125.10488867,13835931.0
2021-08-25 00:00:00,125.046087055,124.063260058,125.180490747,123.676849444,16743814.0
2021-08-26 00:00:00,124.000258328,124.407669519,124.508472288,123.618047829,16657435.0
2021-08-27 00:00:00,124.508472288,125.256092824,125.2770934,124.30686675,15384740.0
2021-08-30 00:00:00,124.861281979,125.583701822,125.625702976,124.810880594,10596306.0
2021-08-31 00:00:00,125.432497669,124.726878287,125.78530736,124.449670673,15262401.0
2021-09-01 00:00:00,125.256211818,124.936596438,125.35714299,124.600159196,10807084.0
2021-09-02 00:00:00,125.230979024,125.483306956,125.491717887,124.818843404,9766003.0
2021-09-03 00:00:00,124.415118714,124.339420334,124.616981059,124.137557989,12928250.0
2021-09-07 00:00:00,123.567296865,123.288053954,123.784298886,123.056753351,15548172.0
2021-09-08 00:00:00,123.90205192,124.129147058,124.347831265,123.674956782,14533699.0
2021-09-09 00:00:00,124.331009403,125.634703714,125.777689542,124.06185961,20324739.0
2021-09-10 00:00:00,124.945007369,124.524460817,125.172102507,124.322598472,14894629.0
2021-09-13 00:00:00,125.06444259,125.281444611,125.4412523,124.987062024,15036064.0
2021-09-14 00:00:00,125.643114645,126.803823129,127.190725957,125.51695068,19918375.0
2021-09-15 00:00:00,126.887932439,126.358043784,126.921576164,125.811333266,11940558.0
2021-09-16 00:00:00,125.592649059,125.777689542,126.24870168,125.449663232,13328978.0
2021-09-17 00:00:00,125.182195624,125.172102507,125.331910197,124.776788748,13783034.0
2021-09-20 00:00:00,126.349632853,126.72812475,127.022507336,126.063661197,14660406.0
2021-09-21 00:00:00,126.467385887,126.618782646,126.677659163,126.038428404,10035770.0
2021-09-22 00:00:00,126.534673336,127.37576644,127.37576644,126.240290749,22277765.0
2021-09-23 00:00:00,126.223468887,124.490817093,126.24870168,124.47407934,23853343.0
2021-09-24 00:00:00,124.053448679,123.271232092,124.06185961,123.124040799,20203937.0
2021-09-27 00:00:00,122.556302954,122.817041816,123.237588368,122.404906195,13464252.0
2021-09-28 00:00:00,121.101211884,120.899349539,121.723620781,120.520857642,26613486.0
2021-09-29 00:00:00,121.496525643,121.109622815,122.026414298,120.562912297,23569416.0
2021-09-30 00:00:00,120.90776047,121.092800953,121.256814108,120.529268573,22567556.0
2021-10-01 00:00:00,121.693329492,122.114410214,122.156518287,121.145924552,26151798.0
2021-10-04 00:00:00,121.541740432,121.80281048,122.207047973,121.061708408,28027596.0
2021-10-05 00:00:00,121.482789131,120.623784457,121.567005275,120.523567245,22659503.0
2021-10-06 00:00:00,121.171189396,121.305935227,121.579637697,120.9985463,18696687.0
2021-10-07 00:00:00,120.291130686,120.034271445,120.417454903,119.790044626,14856041.0
2021-10-08 00:00:00,119.507920542,119.19211,119.587925879,118.893142687,17257754.0
2021-10-11 00:00:00,118.956304796,118.88893188,119.208953229,118.829980579,7213403.0
2021-10-12 00:00:00,119.823731084,120.926962577,120.985913878,119.697406867,17968952.0
2021-10-13 00:00:00,121.491210745,122.1059886,122.265999274,121.462071959,23584827.0
2021-10-14 00:00:00,122.131253443,122.56075578,122.628128696,121.773334829,12950609.0
2021-10-15 00:00:00,121.819653709,121.844918552,121.937556311,121.373308143,11811540.0
2021-10-18 00:00:00,121.819653709,122.417588334,122.661815154,121.415416215,12115879.0
2021-10-19 00:00:00,121.533318817,120.72484383,121.592270118,120.682735758,12156566.0
2021-10-20 00:00:00,120.34587118,119.907947228,120.708000601,119.72267171,12782477.0
2021-10-21 00:00:00,120.135330819,119.764779783,120.261655035,119.486866506,13660022.0
2021-10-22 00:00:00,120.514303469,121.086973251,121.314356842,120.312184722,13740010.0
2021-10-25 00:00:00,120.699578987,120.901697733,121.230140697,120.665892529,8138047.0
2021-10-26 00:00:00,121.499632359,121.903869853,121.903869853,120.758530288,13670997.0
2021-10-27 00:00:00,122.998679732,124.127176068,124.497727104,122.602863852,22092262.0
2021-10-28 00:00:00,124.16928414,123.706095345,124.62405132,123.36501996,17497586.0
2021-10-29 00:00:00,123.057631033,124.085067996,124.346138044,122.931306816,19087338.0
2021-11-01 00:00:00,122.650057358,123.189728417,123.459563946,122.565733754,18035452.0
2021-11-02 00:00:00,123.240322579,123.737831836,124.142585131,123.240322579,9836737.0
2021-11-03 00:00:00,124.353394138,122.456113071,124.488311903,122.422383629,20639350.0
2021-11-04 00:00:00,122.70908388,123.746264197,123.965505564,122.692219159,15922377.0
2021-11-05 00:00:00,124.943659359,125.601383463,125.837489551,124.614797307,21513029.0
2021-11-08 00:00:00,125.314683212,125.365277374,125.584518742,124.935226999,12083905.0
2021-11-09 00:00:00,126.866237508,127.001155272,127.681646749,126.731319743,23430239.0
2021-11-10 00:00:00,126.891534588,124.673823829,126.975858191,123.687237674,28170644.0
2021-11-11 00:00:00,124.933540527,124.488311903,125.057496223,124.41242066,5552818.0
2021-11-12 00:00:00,124.505176624,123.940208483,124.935226999,123.459563946,12711972.0
2021-11-15 00:00:00,123.56918463,122.380221828,123.628211152,122.16098046,15232710.0
2021-11-16 00:00:00,122.557301394,122.068224497,123.139134255,121.848983129,12998708.0
2021-11-17 00:00:00,121.612877041,123.037945931,123.063243012,121.520121077,14239864.0
2021-11-18 00:00:00,122.811705704,123.501725748,123.577616991,122.776542762,11055620.0
2021-11-19 00:00:00,124.151017491,124.808741594,125.006902061,124.151017491,14022924.0
2021-11-22 00:00:00,123.999235006,123.341510902,124.201611653,122.924109067,15267367.0
2021-11-23 00:00:00,122.759678041,121.553850519,122.911460527,121.553850519,15321246.0
2021-11-24 00:00:00,121.924874372,123.510158108,123.510158108,121.798388967,13769705.0
2021-11-26 00:00:00,125.205062528,126.638563779,126.765049184,125.070144764,20064778.0
2021-11-29 00:00:00,124.766579793,125.618248183,125.883867533,124.648526749,23234231.0
2021-11-30 00:00:00,126.891534588,127.532393971,127.937147266,126.402457691,31481117.0
2021-12-01 00:00:00,126.754955725,128.32106105,128.380159364,126.168193891,30838845.0
2021-12-02 00:00:00,128.819175412,128.48147076,128.86983111,126.987127673,17754176.0
2021-12-03 00:00:00,127.763848374,130.018026928,130.668108384,127.485242035,34427106.0
2021-12-06 00:00:00,129.764748439,128.228192271,130.018026928,127.974913781,30924205.0
2021-12-07 00:00:00,127.797618839,127.189750465,128.477249452,127.071638262,22115851.0
2021-12-08 00:00:00,126.743980323,124.986227608,126.750734416,124.960899759,33633891.0
2021-12-09 00:00:00,125.788276157,125.686964761,126.210406973,125.062211154,17544892.0
2021-12-10 00:00:00,126.277947903,125.383030574,126.548111625,125.340817493,14298740.0
2021-12-13 00:00:00,126.67475087,127.240406162,127.447250262,126.607209939,17860465.0
2021-12-14 00:00:00,126.657865637,126.936471975,127.13065215,125.762948308,14015451.0
2021-12-15 00:00:00,126.019519418,125.71229261,127.012455522,125.610981215,25383933.0
2021-12-16 00:00:00,125.431344585,125.760976781,126.386432742,125.41444037,18677893.0
2021-12-17 00:00:00,126.775229692,127.189382963,127.316164577,126.623091755,18094619.0
2021-12-20 00:00:00,127.121766103,126.234294806,127.349973008,126.145547676,17147276.0
2021-12-21 00:00:00,124.915766022,125.752524673,125.811689426,124.476256427,16598163.0
2021-12-22 00:00:00,126.259651129,126.335720097,126.369528527,125.65955149,12253936.0
2021-12-23 00:00:00,126.141321622,125.23694611,126.14977373,124.822792838,11642576.0
2021-12-27 00:00:00,125.186233465,125.541221983,125.651099382,125.067903958,7822856.0
2021-12-28 00:00:00,126.14977373,125.042547636,126.301911667,124.805888623,9176428.0
2021-12-29 00:00:00,123.876156788,123.673306206,124.213395881,123.453551409,11771223.0
2021-12-30 00:00:00,124.163528446,124.71291544,124.771995672,123.487359839,10355046.0
2021-12-31 00:00:00,124.636846471,124.95802656,125.668003597,124.315666383,13402321.0
2022-01-03 00:00:00,123.453551409,121.670156707,123.901513111,121.653252492,33860382.0
2022-01-04 00:00:00,121.086961283,121.163030252,121.526470878,120.351627923,21996350.0
2022-01-05 00:00:00,121.534922986,120.50376586,121.551827201,120.3262716,20911677.0
2022-01-06 00:00:00,120.224846309,120.816493841,120.943275454,119.971283082,18996353.0
2022-01-07 00:00:00,120.681260119,119.945926759,120.77085246,119.354279228,18756845.0
2022-01-10 00:00:00,119.430348196,120.241750524,120.406566622,119.185237076,13775770.0
2022-01-11 00:00:00,120.469957429,121.044700746,121.103865499,120.313593439,24388906.0
2022-01-12 00:00:00,121.332072404,120.579834828,121.425045587,120.567156667,14440646.0
2022-01-13 00:00:00,120.901014917,121.653252492,121.771581998,120.596739043,15166030.0
2022-01-14 00:00:00,120.926371239,119.810693037,120.96017967,119.552903756,22997531.0
2022-01-18 00:00:00,118.847152772,118.120271519,119.142976538,118.052654659,21173750.0
2022-01-19 00:00:00,118.483712146,118.940125956,119.481060841,118.297765779,17930463.0
2022-01-20 00:00:00,119.193689183,119.675459316,119.717719854,118.957030171,13958952.0
2022-01-21 00:00:00,120.909467024,121.103865499,121.501114555,120.29246317,28916580.0
2022-01-24 00:00:00,121.670156707,120.106516803,121.725095407,120.089612588,25005719.0
2022-01-25 00:00:00,120.664355904,119.912118328,121.171482359,119.55712981,15598988.0
2022-01-26 00:00:00,119.945926759,118.458355823,120.207942094,118.449903715,23655546.0
2022-01-27 00:00:00,120.072708373,120.638999581,120.879884648,120.005091512,21501789.0
2022-01-28 00:00:00,119.80224093,120.681260119,120.96017967,119.599390348,12826512.0
2022-01-31 00:00:00,119.878309898,120.055804158,120.529122183,119.692363531,13998392.0
2022-02-01 00:00:00,120.130396549,119.656419002,120.198107627,119.093570666,20806097.0
2022-02-02 00:00:00,119.851088352,120.062685471,121.222237683,119.834160582,18404569.0
2022-02-03 00:00:00,118.573041753,119.123194262,119.453285768,118.352980749,17234053.0
2022-02-04 00:00:00,118.073672552,117.362706232,118.31912521,117.168036883,23609757.0
2022-02-07 00:00:00,117.278067385,117.438881195,117.616622775,116.973367533,12962436.0
2022-02-08 00:00:00,116.685595451,116.651739912,116.998759188,116.355503946,16269187.0
2022-02-09 00:00:00,117.117253574,116.871800916,117.667406084,116.668667682,14349139.0
2022-02-10 00:00:00,116.22008179,115.009746269,116.363967831,114.679654763,30896240.0
2022-02-11 00:00:00,115.551434894,116.719450991,116.939511994,114.273388295,43210273.0
2022-02-14 00:00:00,115.771495897,115.263662812,116.287792868,114.789685265,23157421.0
2022-02-15 00:00:00,114.476521529,113.951760674,114.679654763,113.917905135,18200703.0
2022-02-16 00:00:00,114.772757496,114.628871455,114.874324113,113.55395809,16473677.0
2022-02-17 00:00:00,115.195951734,115.483723816,116.139674884,114.730438072,24508242.0
2022-02-18 00:00:00,116.101587403,116.702523221,116.821017608,115.796887552,17522577.0
2022-02-22 00:00:00,116.245473444,117.007223072,117.07493415,116.059267979,19534043.0
2022-02-23 00:00:00,116.237009559,115.390621083,116.380810961,115.293286408,17757840.0
2022-02-24 00:00:00,117.438881195,115.466796046,117.667406084,115.026674039,28150362.0
2022-02-25 00:00:00,115.542971009,115.551434894,115.923845823,114.967426845,15025360.0
2022-02-28 00:00:00,116.871800916,118.090600322,118.238718305,116.778698184,25817704.0
2022-03-01 00:00:00,118.66243071,119.459087987,120.33202096,118.357327924,35664355.0
2022-03-02 00:00:00,118.221726685,115.365625598,118.713281175,115.314775133,30397410.0
2022-03-03 00:00:00,116.230083494,116.543661358,117.25556786,115.831754855,20649063.0
2022-03-04 00:00:00,118.66243071,118.560729781,119.05652181,117.768310044,25854808.0
2022-03-07 00:00:00,117.611521111,117.653896498,118.899732878,117.314893402,23710932.0
2022-03-08 00:00:00,116.247033648,116.467385661,116.874189377,116.026681636,28331275.0
2022-03-09 00:00:00,115.869892704,115.323250211,116.103211585,115.077472966,18819154.0
2022-03-10 00:00:00,113.975712903,113.662135038,114.263865534,113.03497931,26868881.0
2022-03-11 00:00:00,113.551959032,114.043513522,114.501167702,113.450258103,15583795.0
2022-03-14 00:00:00,112.170521414,111.373864138,112.331547885,111.339963828,24384956.0
2022-03-15 00:00:00,112.306122653,111.178937357,112.551899898,110.890784725,17518754.0
2022-03-16 00:00:00,111.43318968,112.272222343,112.534949743,110.153452991,25857702.0
2022-03-17 00:00:00,112.272222343,111.43318968,112.712926368,110.789083796,19330578.0
2022-03-18 00:00:00,112.060345408,112.797677143,112.878190378,112.060345408,55891681.0
2022-03-21 00:00:00,110.967060422,110.178878223,111.297588441,109.670373578,26122048.0
2022-03-22 00:00:00,109.000842463,108.763540295,109.318657866,108.475387663,21830886.0
2022-03-23 00:00:00,109.348320637,111.153512125,111.238262899,108.916091689,21266117.0
2022-03-24 00:00:00,109.585622804,110.280579152,110.882309648,109.543247417,17141591.0
2022-03-25 00:00:00,109.458496643,108.746590141,109.475446798,107.890607322,25689789.0
2022-03-28 00:00:00,109.365270791,109.678848656,110.356854848,109.068643082,17657777.0
2022-03-29 00:00:00,110.356854848,110.509406242,111.195887512,109.661898501,19319654.0
2022-03-30 00:00:00,109.941576055,111.373864138,111.585741073,109.869537897,16310219.0
2022-03-31 00:00:00,111.560315841,111.645066615,112.145096182,111.289113364,19900953.0
2022-04-01 00:00:00,110.059263014,112.070928691,112.563235059,109.804621789,23489724.0
2022-04-04 00:00:00,111.688966854,111.290028935,111.731407058,110.653425872,13609923.0
2022-04-05 00:00:00,110.695866077,108.769080808,110.708598138,108.599319992,25196929.0
2022-04-06 00:00:00,107.020544397,107.886324562,108.607808032,106.995080275,22951954.0
2022-04-07 00:00:00,106.748927091,107.071472642,107.224257377,106.154764233,23458768.0
2022-04-08 00:00:00,106.188716396,105.908611048,106.511261947,105.178639537,26859158.0
2022-04-11 00:00:00,104.890046149,104.227978964,105.119223251,103.735672596,30020696.0
2022-04-12 00:00:00,105.00039068,104.08368227,105.093759129,103.829041045,23124178.0
2022-04-13 00:00:00,104.151586597,104.295883291,105.2125917,104.015777943,17189500.0
2022-04-14 00:00:00,103.990313821,102.199337206,104.049730107,101.885279695,34274530.0
2022-04-18 00:00:00,102.301193696,101.690054756,102.479442553,101.299604878,18784253.0
2022-04-19 00:00:00,100.841250673,100.926131081,101.325069,100.433824713,26012315.0
2022-04-20 00:00:00,101.749471042,102.96326088,103.230634167,101.494829817,31423175.0
2022-04-21 00:00:00,102.267241532,102.199337206,102.335145859,100.858226755,23323244.0
2022-04-22 00:00:00,101.622150429,101.554246103,102.785012023,101.401461368,19773405.0
2022-04-25 00:00:00,102.734083778,102.572811002,103.417371065,102.517638737,25418916.0
2022-04-26 00:00:00,103.633816106,103.608351984,104.134610515,103.05662933,26931347.0
2022-04-27 00:00:00,103.421615085,102.275729573,103.531959616,102.216313287,14560521.0
2022-04-28 00:00:00,101.893767736,102.428514308,102.470954512,101.571222184,16892495.0
2022-04-29 00:00:00,100.977059326,101.095891898,102.386074104,100.803054489,26153421.0
2022-05-02 00:00:00,99.916705766,99.338535785,100.265308254,99.125973293,29233885.0
2022-05-03 00:00:00,100.920000731,100.010233262,101.149568224,99.942213265,21256662.0
2022-05-04 00:00:00,100.010233262,100.562895744,100.856231984,99.48307828,25575688.0
2022-05-05 00:00:00,98.632828309,97.799583338,98.734858306,96.647494627,48384528.0
2022-05-06 00:00:00,96.753775873,96.354158387,97.519000847,96.048068398,32790491.0
2022-05-09 00:00:00,95.665455911,97.204408358,97.238418357,95.461395918,26773036.0
2022-05-10 00:00:00,98.241713323,98.088668328,99.151480792,97.893110835,33640756.0
2022-05-11 00:00:00,97.263925856,99.984725763,99.984725763,97.008850865,34173628.0
2022-05-12 00:00:00,100.052745761,99.79767077,100.792463236,99.742404522,26405693.0
2022-05-13 00:00:00,99.168485791,98.31823582,99.313028286,98.250215822,20782747.0
2022-05-16 00:00:00,98.513793313,98.216205824,99.130224542,98.207703324,11050571.0
2022-05-17 00:00:00,97.238418357,97.025855864,97.782578338,96.940830867,15040753.0
2022-05-18 00:00:00,97.246920857,99.100465793,99.185490791,97.15339336,21337265.0
2022-05-19 00:00:00,100.579900743,99.338535785,100.647920741,99.06109922,21937465.0
2022-05-20 00:00:00,99.262013288,100.469368247,100.902995732,99.236505789,22780940.0
2022-05-23 00:00:00,99.78491702,98.811380803,100.248303254,98.794375804,15925189.0
2022-05-24 00:00:00,99.950715764,100.766955737,101.428450214,99.916705766,23388212.0
2022-05-25 00:00:00,101.404643215,101.166573223,101.413145715,100.537388244,14410842.0
2022-05-26 00:00:00,100.902995732,100.707438239,100.96251323,99.865690767,14912949.0
2022-05-27 00:00:00,101.192080722,100.95401073,101.512624961,100.66492574,11190426.0
2022-05-31 00:00:00,99.338535785,98.811380803,99.381048284,98.274022822,28393674.0
2022-06-01 00:00:00,99.388392598,98.698462322,99.652439987,98.247026462,15544848.0
2022-06-02 00:00:00,99.047686288,98.749568268,99.11582755,98.051120334,9832015.0
2022-06-03 00:00:00,97.735966998,98.536626825,98.562179798,97.548578528,15330410.0
2022-06-06 00:00:00,97.787072944,96.71384807,98.093708623,96.645706809,20815373.0
2022-06-07 00:00:00,97.327119427,97.761519971,98.319426553,97.301566454,14278653.0
2022-06-08 00:00:00,97.386743031,96.892718883,97.770037629,96.875683567,11476139.0
2022-06-09 00:00:00,96.667000953,97.216389877,97.412296004,96.534977258,15527256.0
2022-06-10 00:00:00,97.114177984,96.611636178,97.327119427,95.92596473,21917058.0
2022-06-13 00:00:00,94.669610215,93.570832368,94.822928054,92.753137226,36968312.0
2022-06-14 00:00:00,93.851915073,92.386877944,94.235209671,92.199489474,21865876.0
2022-06-15 00:00:00,93.472879304,94.115962463,94.243727329,92.574266414,25202801.0
2022-06-16 00:00:00,92.080242265,94.865516343,94.865516343,91.794900731,26067258.0
2022-06-17 00:00:00,95.112528417,95.172152021,95.810976351,94.218174356,21614262.0
2022-06-21 00:00:00,93.477138133,93.553797053,94.265021473,93.241028661,17663799.0
2022-06-22 00:00:00,95.691729143,96.134647345,96.219823922,95.427681753,23703814.0
2022-06-23 00:00:00,96.722365728,96.926789514,97.799849431,96.373141761,20669222.0
2022-06-24 00:00:00,96.347588788,95.580999592,96.952342487,95.529893646,18161250.0
2022-06-27 00:00:00,94.439633457,94.76330445,95.29139923,94.38852751,12053040.0
2022-06-28 00:00:00,94.499257061,95.206222652,95.257328599,94.141515436,13708196.0
2022-06-29 00:00:00,95.427681753,96.696812755,96.722365728,95.248810941,12925357.0
2022-06-30 00:00:00,97.539209105,97.548578528,98.315167724,97.446366635,25802128.0
2022-07-01 00:00:00,98.621307688,98.553031544,100.063641228,98.040960464,21858829.0
2022-07-05 00:00:00,99.466224969,99.329672681,100.200193516,98.851739673,16689670.0
2022-07-06 00:00:00,99.892950868,97.656907155,100.020968638,97.656907155,20205365.0
2022-07-07 00:00:00,97.938546248,96.794920838,97.998287874,96.581557888,13087988.0
2022-07-08 00:00:00,96.57302337,95.719571571,96.57302337,95.335518261,15320004.0
2022-07-11 00:00:00,96.820524392,97.375268061,97.673976191,96.74371373,13639942.0
2022-07-12 00:00:00,98.288461486,97.955615284,98.902946781,97.827597515,18547318.0
2022-07-13 00:00:00,96.803455356,99.082171659,99.261396537,96.53035078,20594832.0
2022-07-14 00:00:00,97.921477212,98.27139245,98.843205155,97.400871615,15664987.0
2022-07-15 00:00:00,98.57010058,98.826136119,99.406483343,98.365272148,16022586.0
2022-07-18 00:00:00,98.066564018,97.793459443,98.126305644,97.153370593,15838268.0
2022-07-19 00:00:00,97.776390407,97.264319327,97.981218838,96.709575658,9276754.0
2022-07-20 00:00:00,98.262857932,97.520354867,98.322599558,97.042421859,9117311.0
2022-07-21 00:00:00,98.01535691,99.210189429,99.320711437,97.861735586,14754886.0
2022-07-22 00:00:00,100.661057487,100.882954955,101.49744025,100.387952912,17715311.0
2022-07-25 00:00:00,99.312603645,99.892950868,100.020968638,99.107775213,24868134.0
2022-07-26 00:00:00,101.147525013,99.96976153,101.471836696,99.897218127,13535963.0
2022-07-27 00:00:00,100.422090983,99.406483343,100.827480588,99.312603645,15725564.0
2022-07-28 00:00:00,100.451961796,100.200193516,101.198732121,99.833209242,16637914.0
2022-07-29 00:00:00,100.157520926,99.92708894,101.527311063,99.84174376,16655870.0
2022-08-01 00:00:00,100.810341247,102.340796501,102.392096677,100.664990748,17974560.0
2022-08-02 00:00:00,102.434846824,100.169089046,102.896548409,99.985263415,17896257.0
2022-08-03 00:00:00,99.886938077,101.750844476,101.870544887,99.171813623,16731172.0
2022-08-04 00:00:00,101.43449339,101.716644358,101.921845063,101.058292098,11003006.0
2022-08-05 00:00:00,99.801437784,99.288436023,99.835637901,98.792534321,19492287.0
2022-08-08 00:00:00,100.288789457,100.895841541,101.049742069,100.220389222,17477736.0
2022-08-09 00:00:00,100.365739721,100.502540191,100.903536567,100.134888929,8223201.0
2022-08-10 00:00:00,100.365739721,99.844187931,101.374643184,99.510736786,14665302.0
2022-08-11 00:00:00,99.630437197,97.510029918,99.792887755,97.253529038,20663783.0
2022-08-12 00:00:00,98.117082002,98.501833323,98.518933381,97.544230036,12178401.0
2022-08-15 00:00:00,99.168735612,98.416333029,99.52356183,98.416333029,9031814.0
2022-08-16 00:00:00,98.245332442,98.826734438,98.903684702,97.381779478,11065955.0
2022-08-17 00:00:00,98.082881885,97.792180887,98.117082002,97.441629683,14131281.0
2022-08-18 00:00:00,98.00593162,97.937531386,98.578783587,97.67675549,10738208.0
2022-08-19 00:00:00,96.518226514,96.355775956,96.608001822,96.099275075,16330898.0
2022-08-22 00:00:00,96.201875428,96.030874841,96.287375721,95.577723285,10457236.0
2022-08-23 00:00:00,95.629023461,95.500773021,96.731977247,95.239997126,17813184.0
2022-08-24 00:00:00,95.026246392,94.799670614,95.355422522,94.491869558,13971626.0
2022-08-25 00:00:00,94.885170908,96.124925163,96.398526103,94.603019939,21429692.0
2022-08-26 00:00:00,95.723073784,96.851677658,97.168028744,95.475122933,18764391.0
2022-08-29 00:00:00,96.270275662,96.047974899,96.330125868,95.579775292,14278261.0
2022-08-30 00:00:00,95.996674723,96.287375721,96.757627335,95.64612352,14346559.0
2022-08-31 00:00:00,96.056524929,95.363972551,96.612276836,95.103196656,13623548.0
2022-09-01 00:00:00,93.844100726,93.612761677,94.169689016,93.047266225,22490448.0
2022-09-02 00:00:00,93.68130658,94.143984678,94.435300516,93.501376209,13024448.0
2022-09-06 00:00:00,93.012993773,91.804889853,93.072970564,91.744913063,24648520.0
2022-09-07 00:00:00,92.516043225,93.261469048,93.509944322,92.421793983,17050131.0
2022-09-08 00:00:00,92.961585096,92.301840402,93.544216774,92.284704176,14671366.0
2022-09-09 00:00:00,92.524611338,92.507475112,92.923028588,91.924843434,12529797.0
2022-09-12 00:00:00,92.781654725,91.744913063,93.00442566,91.316507417,14806921.0
2022-09-13 00:00:00,91.008055352,91.959115885,92.014808619,90.733875739,22158884.0
2022-09-14 00:00:00,91.676368159,92.276136063,92.421793983,91.483585619,13077844.0
2022-09-15 00:00:00,92.113341918,92.216159273,92.404657757,91.882002869,10260164.0
2022-09-16 00:00:00,91.410756659,91.445029111,92.284704176,91.183701667,18903848.0
2022-09-19 00:00:00,91.350779869,91.659231934,92.087637579,91.213690062,11084426.0
2022-09-20 00:00:00,90.262629529,90.742443852,91.247962514,90.014154255,20133840.0
2022-09-21 00:00:00,91.128008933,92.26756795,92.276136063,90.502536691,23132922.0
2022-09-22 00:00:00,90.348310658,89.902768787,90.493968578,89.44009069,29030571.0
2022-09-23 00:00:00,89.962745577,90.271197642,90.892385828,89.29443277,23042234.0
2022-09-26 00:00:00,89.979881803,88.540438834,90.022722368,88.146305641,25104572.0
2022-09-27 00:00:00,87.709331882,86.20134401,87.940670931,86.158503445,34609453.0
2022-09-28 00:00:00,88.069192624,89.097366174,89.200183528,87.512265285,39283095.0
2022-09-29 00:00:00,87.872126027,88.634688076,89.007400988,87.786444898,19127141.0
2022-09-30 00:00:00,89.045957496,87.486560946,89.551476158,87.293778406,26485690.0
2022-10-03 00:00:00,88.898617575,88.88144042,89.611469476,88.297417176,27192238.0
2022-10-04 00:00:00,89.156274888,88.632371684,89.585617859,88.426245833,13788739.0
2022-10-05 00:00:00,87.936696937,87.782102549,88.031171286,86.94918234,20522057.0
2022-10-06 00:00:00,87.816456858,87.292553653,88.031171286,86.906067683,13965691.0
2022-10-07 00:00:00,86.28769013,86.442284518,86.983364877,85.995678508,14814780.0
2022-10-10 00:00:00,86.02144424,85.093877911,86.030032817,84.557091841,15652632.0
2022-10-11 00:00:00,85.368712378,85.471775304,86.364987324,84.724569094,33246713.0
2022-10-12 00:00:00,84.969343542,85.892615583,86.051504259,84.896340637,21447565.0
2022-10-13 00:00:00,84.183488736,85.068112179,85.918381314,84.166311582,30292454.0
2022-10-14 00:00:00,85.755198349,84.363848855,85.755198349,84.089014388,18732892.0
2022-10-17 00:00:00,84.982226408,83.951597154,85.300003761,83.822768497,18969871.0
2022-10-18 00:00:00,83.831357074,84.149134427,84.269374507,82.903790745,16931451.0
2022-10-19 00:00:00,83.178625213,82.611779123,83.376162487,82.431419003,25431577.0
2022-10-20 00:00:00,82.096464496,81.194663898,82.44000758,81.074423818,25434934.0
2022-10-21 00:00:00,79.597188554,79.726017211,80.378749072,78.944456693,46280271.0
2022-10-24 00:00:00,79.425417011,79.064696772,80.052383141,78.592325031,31332597.0
2022-10-25 00:00:00,80.937006584,81.375024018,81.490969809,80.816766505,31213113.0
2022-10-26 00:00:00,81.959047262,82.551659083,82.749196357,81.954752973,24854742.0
2022-10-27 00:00:00,82.998265093,83.419105372,83.788414188,82.341238944,20270036.0
2022-10-28 00:00:00,82.895202168,82.843670705,83.552228318,82.508716197,22244089.0
2022-10-31 00:00:00,82.465773312,82.251058884,82.689076317,81.323492555,23956687.0
2022-11-01 00:00:00,83.547358953,83.022168154,83.581797694,82.540025781,17585088.0
2022-11-02 00:00:00,83.142703747,82.660561375,83.762601084,82.324783651,25010515.0
2022-11-03 00:00:00,81.644618517,82.212857743,82.68639043,81.575741036,29097497.0
2022-11-04 00:00:00,81.584350721,80.826698421,82.062188251,80.826698421,23561369.0
2022-11-07 00:00:00,81.326060164,80.017388009,81.377718275,79.982949268,14522820.0
2022-11-08 00:00:00,80.465091641,80.895575902,81.463815128,80.439090392,20360550.0
2022-11-09 00:00:00,80.482311011,81.162476145,81.515473239,80.370385103,15637456.0
2022-11-10 00:00:00,82.983424571,84.296401568,84.451375902,82.910242246,45380877.0
2022-11-11 00:00:00,83.710942973,83.9864529,84.399717791,83.685113917,15943114.0
2022-11-14 00:00:00,84.00367227,83.779820454,84.06824491,83.297678082,13711928.0
2022-11-15 00:00:00,84.296401568,85.140150721,85.200418517,84.175865975,26608180.0
2022-11-16 00:00:00,85.820315854,87.008452416,87.051500842,85.579244668,28507673.0
2022-11-17 00:00:00,85.975290188,86.087216096,86.293848542,85.613683408,24536378.0
2022-11-18 00:00:00,86.319677597,85.493147815,86.565053626,85.411355806,14941277.0
2022-11-21 00:00:00,86.397164764,85.854754595,86.50478583,85.630902779,15534009.0
2022-11-22 00:00:00,86.362726023,87.077329898,87.197865491,86.261045641,18103116.0
2022-11-23 00:00:00,87.645569123,88.601244183,88.601244183,87.593911011,23234587.0
2022-11-25 00:00:00,88.050224329,88.2999052,88.325734256,87.895249994,9486076.0
2022-11-28 00:00:00,88.911192852,88.549586072,89.079081714,88.114796968,14569219.0
2022-11-29 00:00:00,87.654178808,87.507814159,88.351563312,87.447546362,16576438.0
2022-11-30 00:00:00,87.193560648,88.153540551,88.153540551,86.98262336,21581659.0
2022-12-01 00:00:00,88.726793286,90.9792764,91.022427417,88.683642269,53156786.0
2022-12-02 00:00:00,90.582287039,92.127093465,92.135723669,89.982487895,24479525.0
2022-12-05 00:00:00,91.048318028,90.83256294,91.17777108,90.237078899,20159732.0
2022-12-06 00:00:00,91.617911459,92.006270616,92.38599957,91.35037515,21754513.0
2022-12-07 00:00:00,93.231759513,94.181081898,94.362316172,93.085046054,30546679.0
2022-12-08 00:00:00,93.516556229,93.922175793,94.163821491,93.318061548,13377290.0
2022-12-09 00:00:00,92.860660763,91.471197999,93.059155443,91.419416778,25872173.0
2022-12-12 00:00:00,92.791619135,91.764624918,93.007374222,91.410786575,16897091.0
2022-12-13 00:00:00,93.809983148,92.653535879,93.844503962,92.442095893,23854670.0
2022-12-14 00:00:00,92.619015065,93.05052524,93.188608496,91.95681955,19517531.0
2022-12-15 00:00:00,93.475336614,93.414779031,94.106865699,93.276361697,20255470.0
2022-12-16 00:00:00,91.926792695,92.367997945,92.990875947,91.675911277,20838343.0
2022-12-19 00:00:00,91.260659277,90.810802942,91.26931036,90.525317192,26126829.0
2022-12-20 00:00:00,89.141143856,89.193050356,89.51314044,88.898913522,28869030.0
2022-12-21 00:00:00,89.928392441,89.417978523,90.023554358,88.777798355,15894092.0
2022-12-22 00:00:00,89.392025273,89.400676356,89.781324024,89.141143856,11322512.0
2022-12-23 00:00:00,88.449057188,88.085711687,88.648032105,87.966759291,15408891.0
2022-12-27 00:00:00,86.640980768,86.33819285,87.142743602,86.225728767,26475730.0
2022-12-28 00:00:00,86.779398101,85.827778933,86.891862185,85.654757266,17302853.0
2022-12-29 00:00:00,86.095962517,86.805351351,87.073534935,86.035404933,16592967.0
2022-12-30 00:00:00,86.1046136,85.836430016,86.692887268,85.672059432,20810209.0
2023-01-03 00:00:00,88.120316021,87.480135853,88.241431187,86.943768685,25313228.0
2023-01-04 00:00:00,89.002726522,88.682636438,89.223329148,88.128967104,21678210.0
2023-01-05 00:00:00,87.83483027,89.054633022,89.061553889,87.75697052,14771117.0
2023-01-06 00:00:00,88.552870188,90.698338859,90.802151859,88.500963688,27473733.0
2023-01-09 00:00:00,90.032205441,91.182799526,91.34717011,89.911090274,21472166.0
2023-01-10 00:00:00,90.136018441,89.66885994,90.386899858,89.244956856,20545215.0
2023-01-11 00:00:00,90.516666108,91.130893026,91.16549736,90.283086858,18794029.0
2023-01-12 00:00:00,91.252008193,92.930318363,92.97357378,90.161971691,32029608.0
2023-01-13 00:00:00,92.359346862,92.056558945,92.964922697,91.736468861,17750775.0
2023-01-17 00:00:00,91.122241943,91.459634194,91.978699195,91.104939776,13911676.0
2023-01-18 00:00:00,93.535894198,93.682962615,93.804077781,92.376649029,35497241.0
2023-01-19 00:00:00,93.224455197,93.094688947,93.458034447,92.653483696,17194653.0
2023-01-20 00:00:00,92.238231695,91.580749361,92.480462029,91.50288961,22754067.0
2023-01-23 00:00:00,91.035731109,91.148195193,91.580749361,90.966522443,12961516.0
2023-01-24 00:00:00,91.511540694,92.463159862,92.662134779,90.880011609,16417220.0
2023-01-25 00:00:00,92.592926112,92.688088029,93.055759072,91.961397028,11906502.0
2023-01-26 00:00:00,92.393951195,92.255533862,92.835156446,91.831630778,15549352.0
2023-01-27 00:00:00,91.572098277,92.021954611,92.238231695,91.50288961,11845473.0
2023-01-30 00:00:00,91.805677528,91.684562361,92.411253362,91.572098277,11459667.0
2023-01-31 00:00:00,92.255533862,92.419904445,92.515066362,91.29526361,13705345.0
2023-02-01 00:00:00,92.989315948,93.535743983,93.891355879,92.009214868,25305791.0
2023-02-02 00:00:00,94.177580088,93.657172436,94.552273598,93.453346105,19548415.0
2023-02-03 00:00:00,92.312785999,92.252071773,92.607683669,91.714317199,20619484.0
2023-02-06 00:00:00,91.42809299,91.566868364,91.909470068,91.367378763,15182444.0
2023-02-07 00:00:00,91.063807633,90.829624189,91.844419112,90.777583424,18290306.0
2023-02-08 00:00:00,90.812277267,91.263297233,91.280644155,90.24850231,13530655.0
2023-02-09 00:00:00,92.052582173,90.395951145,92.182684086,90.24850231,20469923.0
2023-02-10 00:00:00,90.257175771,89.381156222,90.291869614,89.142636048,16598349.0
2023-02-13 00:00:00,89.65870697,90.135747318,90.270185962,89.545951979,13134299.0
2023-02-14 00:00:00,90.083706553,89.927584257,90.630134589,89.159982969,15440317.0
2023-02-15 00:00:00,89.519931596,89.086258552,89.866870031,88.604881473,15567607.0
2023-02-16 00:00:00,88.236259386,87.819933263,88.366361299,87.594423281,19267327.0
2023-02-17 00:00:00,87.39493368,88.505136673,88.505136673,87.277841958,19560871.0
2023-02-21 00:00:00,87.312535802,86.779117958,87.481668289,86.683709888,22727975.0
2023-02-22 00:00:00,87.299525611,87.577076359,87.906667872,87.264831767,15165423.0
2023-02-23 00:00:00,87.776565959,88.435748986,88.687279351,87.715851733,15829077.0
2023-02-24 00:00:00,87.68983135,87.282178689,87.997739211,86.926566793,21403577.0
2023-02-27 00:00:00,87.559729437,87.525035594,87.915341333,87.230137924,14209183.0
2023-02-28 00:00:00,86.935240254,87.924014794,87.932688255,86.683709888,14955716.0
2023-03-01 00:00:00,87.367338263,86.976071726,87.549929314,86.619584436,19000033.0
2023-03-02 00:00:00,85.83705136,86.202233462,86.345697859,85.680544745,23769180.0
2023-03-03 00:00:00,87.462981195,88.297683142,88.306377954,87.149967965,30877342.0
2023-03-06 00:00:00,88.584611936,87.610792998,88.68894968,87.515150067,16631871.0
2023-03-07 00:00:00,87.923806228,88.149871339,88.71068671,87.419507135,23096462.0
2023-03-08 00:00:00,88.741118552,88.236819458,89.236722833,87.88902698,20252359.0
2023-03-09 00:00:00,88.002059536,88.454189757,88.845456295,87.810773673,21550356.0
2023-03-10 00:00:00,90.158372899,91.514763564,91.60510266,90.132288464,43921484.0
2023-03-13 00:00:00,93.784109483,91.72343905,94.566642558,91.036548906,51502460.0
2023-03-14 00:00:00,91.123497026,90.210541771,91.532153187,89.914918165,38417777.0
2023-03-15 00:00:00,92.549446186,91.958198973,93.358063697,91.301740671,45164118.0
2023-03-16 00:00:00,93.071134903,91.236529581,93.636297679,91.036548906,43103531.0
2023-03-17 00:00:00,92.43641363,92.610309869,93.375453321,92.271212203,38128985.0
2023-03-20 00:00:00,92.636394305,91.792997546,92.705952801,91.627796119,24242781.0
2023-03-21 00:00:00,91.071328154,91.001769659,91.36695176,90.601808309,18934923.0
2023-03-22 00:00:00,90.706146052,92.219043332,92.262517391,90.514860189,26388481.0
2023-03-23 00:00:00,91.314782889,92.219043332,92.349465511,90.845263043,25475128.0
2023-03-24 00:00:00,92.818985356,92.610309869,93.114608962,92.097315964,23657586.0
2023-03-27 00:00:00,91.045243718,90.42791207,91.662575367,90.414869852,22224508.0
2023-03-28 00:00:00,90.34096395,90.593113497,90.723535676,90.149678087,17794343.0
2023-03-29 00:00:00,89.871444105,90.410522446,90.523555001,89.784495986,16804393.0
2023-03-30 00:00:00,90.532249813,90.82787342,91.045243718,90.367048386,14315802.0
2023-03-31 00:00:00,91.306088077,92.192958896,92.358160323,91.066980748,25396684.0
2023-04-03 00:00:00,92.000098987,92.627711147,93.059194506,91.843195947,18234843.0
2023-04-04 00:00:00,91.912930631,93.089703431,93.673731413,91.886780125,18052419.0
2023-04-05 00:00:00,93.647580906,94.065989012,94.170591039,93.333774826,23047703.0
2023-04-06 00:00:00,94.214175217,94.310060408,94.606432816,94.18802471,16447295.0
2023-04-10 00:00:00,93.534262044,92.784614186,93.640433101,92.592843804,19134399.0
2023-04-11 00:00:00,93.019968746,92.976384569,93.054836088,92.549259627,13971249.0
2023-04-12 00:00:00,93.019968746,92.880499377,93.120212355,92.000098987,20563001.0
2023-04-13 00:00:00,93.019968746,92.148285191,93.316341155,92.000098987,22079384.0
2023-04-14 00:00:00,91.572974045,91.302752143,91.712443414,91.032530241,19801897.0
2023-04-17 00:00:00,90.727440997,90.213147699,90.875627201,90.108545673,19528811.0
2023-04-18 00:00:00,90.195714028,90.535670615,90.871268783,90.186997193,15922623.0
2023-04-19 00:00:00,90.282882384,90.448502259,90.567922906,89.903700037,16093905.0
2023-04-20 00:00:00,91.084831254,91.224300623,91.477088854,91.01771162,16450090.0
2023-04-21 00:00:00,91.494522525,90.710007326,91.633991894,90.596688463,15244718.0
2023-04-24 00:00:00,91.198150116,91.590407716,91.657963192,91.09354809,17034309.0
2023-04-25 00:00:00,92.392356587,92.941517226,93.089703431,92.348772409,21899884.0
2023-04-26 00:00:00,92.793331022,91.947797974,93.185588622,91.81704544,19610403.0
2023-04-27 00:00:00,91.40735417,91.032530241,91.468372018,90.893060872,20247619.0
2023-04-28 00:00:00,92.28775456,92.505675449,92.767180515,91.982665316,26954077.0
2023-05-01 00:00:00,91.699946228,89.829835822,91.831028733,89.576409646,32487293.0
2023-05-02 00:00:00,90.590114352,92.075716075,92.075716075,90.493987181,30057756.0
2023-05-03 00:00:00,92.337881086,92.591307262,92.862211106,91.704315644,23656168.0
2023-05-04 00:00:00,91.656252059,91.673729727,92.731128601,91.595080224,25110469.0
2023-05-05 00:00:00,90.89597353,91.367870548,91.376609382,90.681872105,15096463.0
2023-05-08 00:00:00,90.166280919,90.083261999,90.476509514,89.995873662,20587042.0
2023-05-09 00:00:00,90.153172668,89.759925153,90.275516339,89.716230985,19182506.0
2023-05-10 00:00:00,90.30173284,90.63380852,90.79984636,90.275516339,22886805.0
2023-05-11 00:00:00,91.721793312,91.595080224,91.918417069,91.219310376,19147223.0
2023-05-12 00:00:00,91.507691887,90.826062861,91.68246856,90.808585193,14198538.0
2023-05-15 00:00:00,90.057045498,89.882268824,90.126956167,89.821096989,20085302.0
2023-05-16 00:00:00,89.191900964,89.61136498,89.628842648,88.938474788,29251698.0
2023-05-17 00:00:00,89.786141654,89.34919997,89.856052323,89.143837379,21340887.0
2023-05-18 00:00:00,89.017124291,88.685048611,89.069557293,88.623876776,25536613.0
2023-05-19 00:00:00,88.195673926,88.055852587,88.720003946,87.907292415,29038022.0
2023-05-22 00:00:00,88.186935092,87.741254575,88.588921441,87.680082739,20131107.0
2023-05-23 00:00:00,87.470350731,87.994680752,88.186935092,87.334898809,21749470.0
2023-05-24 00:00:00,88.213151593,87.557739068,88.283062263,87.557739068,18473351.0
2023-05-25 00:00:00,87.70629924,87.339268226,87.793687577,87.120797385,22492819.0
2023-05-26 00:00:00,87.199446888,88.047113754,88.119908238,87.094580884,17030266.0
2023-05-30 00:00:00,88.318017597,88.929735954,89.052079626,88.186935092,23125160.0
2023-05-31 00:00:00,88.833608784,89.707492151,89.873529991,88.72874278,23787034.0
2023-06-01 00:00:00,90.200831467,90.060638458,90.507503674,89.631297368,21040382.0
2023-06-02 00:00:00,89.955493702,89.070525332,90.012447111,89.026715017,19136515.0
2023-06-05 00:00:00,88.509753297,88.904046134,89.46473055,88.387084414,14433172.0
2023-06-06 00:00:00,88.939094387,89.429769918,89.491104359,88.544801549,14332121.0
2023-06-07 00:00:00,89.228242468,88.097936333,89.456056107,88.010315702,25251099.0
2023-06-08 00:00:00,88.08917427,89.131859774,89.201956278,88.027839828,23848659.0
2023-06-09 00:00:00,88.728804873,89.009190891,89.311482067,88.500991234,22148561.0
2023-06-12 00:00:00,89.289576909,89.272052783,89.342149287,88.308225846,19024132.0
2023-06-13 00:00:00,89.175670089,88.387084414,89.368435476,88.172413869,25910828.0
2023-06-14 00:00:00,88.755091062,89.096811522,89.333387224,88.60613599,29094244.0
2023-06-15 00:00:00,89.981779891,89.955493702,90.507503674,89.605011179,25731994.0
2023-06-16 00:00:00,89.46481817,89.605011179,89.80382239,89.105573585,16759084.0
2023-06-20 00:00:00,90.051876395,90.227117656,90.532125071,90.051876395,17163972.0
2023-06-21 00:00:00,89.789014503,90.446169233,90.5250278,89.37719754,19720142.0
2023-06-22 00:00:00,89.78025244,89.35091135,90.174545278,89.254528657,23633350.0
2023-06-23 00:00:00,90.682744935,90.244641782,90.787889692,89.937969575,22901918.0
2023-06-26 00:00:00,90.498741611,90.341024476,90.656458746,90.09568671,12894937.0
2023-06-27 00:00:00,90.472455422,90.104448774,90.787889692,89.745204188,18105686.0
2023-06-28 00:00:00,90.314738287,90.489979548,90.691506999,89.803910011,23826807.0
2023-06-29 00:00:00,89.228242468,88.851473756,89.37719754,88.597373927,41091617.0
2023-06-30 00:00:00,89.131859774,89.902921323,90.00806608,88.965380576,32024910.0
2023-07-03 00:00:00,90.059053192,89.391335039,90.423662446,89.373763509,16011810.0
2023-07-05 00:00:00,89.224405501,88.539115817,89.321048918,88.214042506,28170286.0
2023-07-06 00:00:00,87.739611187,87.282751398,87.89775496,87.098250329,41375735.0
2023-07-07 00:00:00,86.84346314,86.755605488,87.212465277,86.672140719,28996478.0
2023-07-10 00:00:00,86.562318654,86.869820435,87.150964921,86.553532889,24665198.0
2023-07-11 00:00:00,87.186107981,87.317894459,87.537538588,86.940106556,20491147.0
2023-07-12 00:00:00,87.651753535,88.293114393,88.547901583,87.357430402,31927964.0
2023-07-13 00:00:00,88.714831121,89.224405501,89.294691622,88.468829696,32441493.0
2023-07-14 00:00:00,89.075047493,88.69725959,89.263941444,88.648937882,18568974.0
2023-07-17 00:00:00,88.644544999,88.741188416,88.868582011,88.372186279,18828245.0
2023-07-18 00:00:00,89.145333614,89.145333614,89.378156391,88.943261015,15412764.0
2023-07-19 00:00:00,89.321048918,90.155696609,90.182053904,89.079440375,27192463.0
2023-07-20 00:00:00,89.514335751,89.057475962,89.593407638,88.688473825,56951188.0
2023-07-21 00:00:00,89.46162116,89.083833258,89.624157816,88.995975606,20657453.0
2023-07-24 00:00:00,89.30787027,88.758759947,89.452835395,88.706045356,17546711.0
2023-07-25 00:00:00,88.293114393,88.591830408,88.881760659,88.266757097,17160556.0
2023-07-26 00:00:00,89.039904432,88.67968806,89.048690197,88.377106308,19310659.0
2023-07-27 00:00:00,88.187685211,86.948892322,88.376579162,86.60624748,44794390.0
2023-07-28 00:00:00,87.036749973,87.396966345,87.440895171,86.817105844,27433966.0
2023-07-31 00:00:00,87.256394103,87.607824709,87.853826134,87.230036807,28665164.0
2023-08-01 00:00:00,86.784335976,86.167635609,86.850411015,85.956195483,34985340.0
2023-08-02 00:00:00,85.198535032,85.242585059,85.370330135,84.643504702,38121255.0
2023-08-03 00:00:00,83.568684063,83.269143885,83.683214131,82.99162872,59449684.0
2023-08-04 00:00:00,83.533444042,84.749224765,84.881374844,83.515824032,42071834.0
2023-08-07 00:00:00,84.379204545,83.912274267,84.458494592,83.841794226,35862880.0
2023-08-08 00:00:00,85.039954938,84.890184849,85.489265205,84.669934718,24010511.0
2023-08-09 00:00:00,85.057574949,85.330685111,85.418785163,85.022334928,20151127.0
2023-08-10 00:00:00,85.198535032,83.921084273,85.476050198,83.921084273,37253246.0
2023-08-11 00:00:00,83.665594121,83.727264157,84.163359417,83.577494068,26753471.0
2023-08-14 00:00:00,83.586304074,83.542254047,84.220624451,83.313193911,19071967.0
2023-08-15 00:00:00,83.223331858,83.031273743,83.573089066,83.013653733,24125027.0
2023-08-16 00:00:00,82.766973586,82.379333356,83.216283853,82.273613293,23076663.0
2023-08-17 00:00:00,82.079793178,82.026933146,82.172298233,81.656912926,32244852.0
2023-08-18 00:00:00,82.018123141,82.317663319,82.687683539,81.904914573,24181708.0
2023-08-21 00:00:00,81.339752737,81.216412664,81.42785279,80.960922512,29254118.0
2023-08-22 00:00:00,81.322132727,81.841923036,81.88156806,81.163552633,21323072.0
2023-08-23 00:00:00,82.784593597,83.877034246,83.885844252,82.72292356,38294655.0
2023-08-24 00:00:00,83.515824032,83.322003916,83.885844252,83.299978903,22300818.0
2023-08-25 00:00:00,83.101753785,83.595114079,83.850604231,82.969603707,23865213.0
2023-08-28 00:00:00,83.973944304,83.683214131,83.982754309,83.304119606,16037346.0
2023-08-29 00:00:00,83.374863948,84.55540465,84.731604755,83.348433932,28478118.0
2023-08-30 00:00:00,84.423254571,84.467304598,84.634694697,84.176574425,17550106.0
2023-08-31 00:00:00,84.75803477,84.846134823,85.207345038,84.65671971,26959665.0
2023-09-01 00:00:00,84.358869772,83.519412629,84.376542554,83.316175636,32469677.0
2023-09-05 00:00:00,83.015738343,82.344172628,83.020156538,82.317663456,29435888.0
2023-09-06 00:00:00,82.847846914,82.547409621,82.865519696,82.291154283,23609041.0
2023-09-07 00:00:00,82.768319396,82.777155786,82.830174132,82.485554884,18091459.0
2023-09-08 00:00:00,83.104102253,83.095265862,83.563594584,82.918538042,17054175.0
2023-09-11 00:00:00,82.503227666,82.494391275,82.750646614,82.370681801,17061472.0
2023-09-12 00:00:00,82.671119095,82.971556388,82.980392779,82.397897886,20034330.0
2023-09-13 00:00:00,82.697628268,82.953883606,83.236736481,82.609264358,23332277.0
2023-09-14 00:00:00,82.71530105,82.353009019,82.953883606,82.238135937,27800615.0
2023-09-15 00:00:00,82.291154283,81.849334734,82.308827065,81.849334734,25642922.0
2023-09-18 00:00:00,81.752134433,82.317663456,82.353009019,81.72562526,17963376.0
2023-09-19 00:00:00,81.955371425,81.707952478,82.26464511,81.707952478,24947684.0
2023-09-20 00:00:00,82.140935636,81.964207816,82.414863756,81.920025861,29451164.0
2023-09-21 00:00:00,80.369239244,79.852310372,80.439930372,79.843473981,59958747.0
2023-09-22 00:00:00,79.949510673,80.497366914,80.652003756,79.825801199,29530323.0
2023-09-25 00:00:00,78.93332571,78.509178943,79.269108567,78.48266977,45587914.0
2023-09-26 00:00:00,78.730088718,78.235250823,78.897980146,78.093868567,38104127.0
2023-09-27 00:00:00,78.822870823,77.828776838,78.897980146,77.546012326,47111201.0
2023-09-28 00:00:00,77.13070195,78.067359394,78.111541349,76.671209619,60238010.0
2023-09-29 00:00:00,78.588706462,78.076195785,78.783107064,77.58135789,49010145.0
2023-10-02 00:00:00,77.553206422,76.764276835,77.650714574,76.569260532,44704259.0
2023-10-03 00:00:00,76.214685437,75.106638263,76.516074268,74.951511659,71362641.0
2023-10-04 00:00:00,75.736009058,76.17036355,76.214685437,75.381433962,56281598.0
2023-10-05 00:00:00,76.0329657,75.789195322,76.108312908,75.616339963,35758761.0
2023-10-06 00:00:00,74.344301807,74.867300073,75.66066185,74.220200524,62787857.0
2023-10-09 00:00:00,75.496670868,76.631311174,76.649039929,75.009130112,29424888.0
2023-10-10 00:00:00,75.806924077,76.524938645,76.977021892,75.514399623,54743911.0
2023-10-11 00:00:00,77.579799555,78.129390953,78.129390953,77.35819012,58517653.0
2023-10-12 00:00:00,77.757087102,76.001940379,77.880656523,75.873406907,66986734.0
2023-10-13 00:00:00,77.35819012,77.367054497,77.5620708,76.977021892,44203089.0
2023-10-16 00:00:00,76.108312908,76.117177285,76.267871701,75.851245964,38309794.0
2023-10-17 00:00:00,74.955943847,75.275061433,75.61181913,74.614222099,52949096.0
2023-10-18 00:00:00,74.5038606,74.610233129,74.805249432,74.034048599,63724616.0
2023-10-19 00:00:00,74.060641731,73.076695841,74.672283771,73.050102708,87696929.0
2023-10-20 00:00:00,73.271712143,73.493321578,73.7592529,73.076695841,52188750.0
2023-10-23 00:00:00,73.11215335,74.379759317,74.929350715,72.766442632,70890435.0
2023-10-24 00:00:00,74.557046865,75.363705207,75.363705207,74.246793656,46267684.0
2023-10-25 00:00:00,74.184743014,73.679473503,74.282251166,73.395813427,60737170.0
2023-10-26 00:00:00,73.706066635,74.814113809,74.889461017,73.635151616,49704075.0
2023-10-27 00:00:00,74.33543743,74.494996223,75.026858866,73.936540447,32362270.0
2023-10-30 00:00:00,73.998591089,74.158149882,74.610233129,73.493321578,45026920.0
2023-10-31 00:00:00,74.490564034,73.794710409,74.849571319,73.768117277,37269235.0
2023-11-01 00:00:00,74.458523833,75.401377431,75.419167122,74.440734142,72308463.0
2023-11-02 00:00:00,76.802315561,77.126977414,77.367138236,76.397600101,69739356.0
2023-11-03 00:00:00,78.701365026,77.651773285,78.914841313,77.602851636,77692250.0
2023-11-06 00:00:00,77.153661949,76.895711437,77.269294938,76.735604222,41341870.0
2023-11-07 00:00:00,77.633983594,78.034251631,78.425624823,77.616193903,37834193.0
2023-11-08 00:00:00,78.407835132,79.368478422,79.421847493,78.381150597,53893384.0
2023-11-09 00:00:00,78.816998015,77.536140296,78.897051622,76.860132055,88975095.0
2023-11-10 00:00:00,78.181016578,77.971987714,78.358913483,77.780659592,36594021.0
2023-11-13 00:00:00,77.287084628,77.794090809,77.927513488,77.00244958,25661516.0
2023-11-14 00:00:00,79.759851614,79.564165018,79.893274293,79.128317599,65666823.0
2023-11-15 00:00:00,78.879261932,78.443414514,78.99489492,78.256622763,56205295.0
2023-11-16 00:00:00,79.137212445,79.421847493,79.724272232,79.092738218,49473882.0
2023-11-17 00:00:00,79.902169138,79.795430995,80.137882537,79.435901349,44100610.0
2023-11-20 00:00:00,79.421847493,80.284647484,80.342463979,79.412952648,40517570.0
2023-11-21 00:00:00,80.204593877,80.249068103,80.471439235,79.657560893,27720966.0
2023-11-22 00:00:00,80.756074284,80.533703152,80.933971189,80.097855734,31215577.0
2023-11-24 00:00:00,79.848800066,79.581954708,79.991117591,79.573059863,20199626.0
2023-11-27 00:00:00,80.026696972,80.916181499,80.95176088,79.942195942,39804428.0
2023-11-28 00:00:00,80.569282533,81.076288713,81.12076294,80.458096967,44989267.0
2023-11-29 00:00:00,81.636663965,82.09919592,82.157012414,81.338686649,61647846.0
2023-11-30 00:00:00,81.512136132,81.147447476,81.79677118,80.787206242,60520870.0
2023-12-01 00:00:00,81.182175811,82.681240153,82.743611938,81.022989454,64172227.0
2023-12-04 00:00:00,82.235090051,82.346627577,82.538472121,81.87816997,33766250.0
2023-12-05 00:00:00,83.252312284,84.126766484,84.135689486,83.194312771,73588581.0
2023-12-06 00:00:00,84.54614758,85.251064741,85.411678778,84.358764537,61606082.0
2023-12-07 00:00:00,84.6353776,84.760299629,85.438447784,84.528301576,47970168.0
2023-12-08 00:00:00,83.957229445,84.06430547,84.220458005,83.502156341,44809246.0
2023-12-11 00:00:00,83.591386362,83.885845429,83.975075449,83.163082264,33909733.0
2023-12-12 00:00:00,83.71630839,84.135689486,84.207073502,83.493590259,36996909.0
2023-12-13 00:00:00,84.626454598,86.116595939,86.241517967,84.492609568,70828499.0
2023-12-14 00:00:00,87.128613281,88.363948826,88.363948826,86.913772316,87798591.0
2023-12-15 00:00:00,88.050639086,88.462417601,88.641451738,87.952170311,59941256.0
2023-12-18 00:00:00,87.880556656,87.75523276,87.880556656,87.450874727,34746018.0
2023-12-19 00:00:00,88.198342249,88.229673223,88.560886377,88.023783966,30018415.0
2023-12-20 00:00:00,88.426610774,88.829437582,88.945809771,87.952170311,51229377.0
2023-12-21 00:00:00,88.990568305,88.265480051,89.080085374,88.104349327,65231183.0
2023-12-22 00:00:00,88.668306859,87.858177389,88.668306859,87.647812278,29244249.0
2023-12-26 00:00:00,87.916363483,88.113301034,88.211769809,87.862653242,24019749.0
2023-12-27 00:00:00,89.026375133,89.679849733,89.697753147,88.775727341,45082814.0
2023-12-28 00:00:00,89.303878045,89.026375133,89.733559974,88.829437582,36212985.0
2023-12-29 00:00:00,88.444514188,88.220721516,89.057706107,88.144632008,41616185.0
2024-01-02 00:00:00,87.638233952,87.710474226,88.014832259,87.432971314,47797425.0
2024-01-03 00:00:00,86.877965489,88.077494207,88.193866396,86.672076231,58159496.0
2024-01-04 00:00:00,86.913772316,86.734738179,87.110709867,86.595986723,52604511.0
2024-01-05 00:00:00,86.090215286,85.902229442,87.146516694,85.830615787,45894801.0
2024-01-08 00:00:00,85.848519201,86.752641593,86.877965489,85.723195305,39485848.0
2024-01-09 00:00:00,86.215539182,86.197635768,86.685503792,86.166304794,34373950.0
2024-01-10 00:00:00,86.466186974,85.79480896,86.578083309,85.750945596,48227798.0
2024-01-11 00:00:00,85.79480896,86.27820113,86.385621612,85.383030445,78858911.0
2024-01-12 00:00:00,86.340863078,86.1081187,86.779496713,85.884326028,38883928.0
2024-01-16 00:00:00,85.302465083,84.586328535,85.4546441,84.308825623,61716698.0
2024-01-17 00:00:00,84.389390985,84.452052932,84.747459259,83.995515883,55506807.0
2024-01-18 00:00:00,84.264067089,83.66430273,84.371487571,83.413654938,77339062.0
2024-01-19 00:00:00,83.592689075,83.932853935,83.999991737,83.189862267,47030912.0
2024-01-22 00:00:00,84.586328535,84.434149519,84.819072913,84.201405141,35756416.0
2024-01-23 00:00:00,83.753819798,83.762771505,83.843336867,83.341951766,35786747.0
2024-01-24 00:00:00,84.308825623,83.270427628,84.335680743,83.046634957,54574914.0
2024-01-25 00:00:00,83.852288574,83.816481746,84.045645441,83.467365179,57019409.0
2024-01-26 00:00:00,83.789626626,83.655351023,83.914950521,83.391275671,29276865.0
2024-01-29 00:00:00,84.129791486,84.622135363,84.895162422,83.959709056,38243550.0
2024-01-30 00:00:00,85.177141187,85.391982152,85.499402634,84.51471488,40151415.0
2024-01-31 00:00:00,85.839567494,86.233442596,86.457235267,85.642629944,80646722.0
2024-02-01 00:00:00,87.194466029,87.930868636,88.317030978,86.987914079,84291219.0
2024-02-02 00:00:00,86.161706276,85.982095885,86.476024462,85.64083614,63823250.0
2024-02-05 00:00:00,84.688901064,84.239875084,84.886472495,84.141089369,53827357.0
2024-02-06 00:00:00,84.3386608,85.066082886,85.155888082,84.312617293,33411473.0
2024-02-07 00:00:00,84.635017946,84.652978985,85.227732239,84.590115348,40120215.0
2024-02-08 00:00:00,84.141089369,84.159050408,84.392543917,83.813300404,50087687.0
2024-02-09 00:00:00,83.907595859,83.988420536,84.132108849,83.819407157,27951308.0
2024-02-12 00:00:00,84.033323134,84.087206251,84.248855604,83.674192155,27890272.0
2024-02-13 00:00:00,83.099349096,82.641342597,83.278061436,82.623381558,49768460.0
2024-02-14 00:00:00,82.596439999,83.063427018,83.269978968,82.533576362,44191551.0
2024-02-15 00:00:00,83.727985468,83.494491958,83.871673781,83.225076371,49598494.0
2024-02-16 00:00:00,82.758089352,83.0095439,83.085878317,82.632362078,33116772.0
2024-02-20 00:00:00,83.036485459,83.081388057,83.395706243,82.973621822,24469329.0
2024-02-21 00:00:00,83.072407537,82.488673764,83.130780915,82.332682139,36404244.0
2024-02-22 00:00:00,82.623381558,82.892797146,83.0095439,82.565008181,45190659.0
2024-02-23 00:00:00,83.000563381,84.006381575,84.122230278,83.000563381,38406710.0
2024-02-26 00:00:00,84.12312833,83.754927026,84.150069888,83.395706243,27855044.0
2024-02-27 00:00:00,83.440608841,83.162212733,83.647160791,83.085878317,30241953.0
2024-02-28 00:00:00,83.296920527,83.692063389,83.759417286,83.135271175,34574178.0
2024-02-29 00:00:00,83.961478977,84.284777682,84.392543917,83.925556899,51038614.0
2024-03-01 00:00:00,83.884095101,84.811997353,84.848032392,83.496718432,45832788.0
2024-03-04 00:00:00,84.118322854,84.469664483,84.528221421,84.100305334,23864210.0
2024-03-05 00:00:00,85.496663092,85.676838287,85.90205728,85.257930959,37721853.0
2024-03-06 00:00:00,85.730890845,86.181328832,86.343486507,85.658820767,40571580.0
2024-03-07 00:00:00,86.514652942,86.100249994,86.550687981,85.721882086,39075047.0
2024-03-08 00:00:00,86.010162397,85.947101079,86.23087701,85.721882086,25023234.0
2024-03-11 00:00:00,86.154302553,85.90205728,86.199346351,85.622785729,17787915.0
2024-03-12 00:00:00,85.325496657,85.181356502,85.478645573,85.010190067,29566000.0
2024-03-13 00:00:00,84.839023632,84.766953554,85.055233866,84.5777696,38270057.0
2024-03-14 00:00:00,84.145349133,83.460683393,84.163366652,83.361587036,58365563.0
2024-03-15 00:00:00,83.541762231,83.433657114,83.658876107,83.294021338,34997707.0
2024-03-18 00:00:00,83.24447316,83.181411842,83.478700913,83.037271686,29519539.0
2024-03-19 00:00:00,83.352578277,83.415639595,83.730946185,83.208438121,26953132.0
2024-03-20 00:00:00,83.57779727,83.388613315,84.199401691,82.848087732,43460080.0
2024-03-21 00:00:00,83.730946185,83.56878851,83.875086341,83.23996878,34276643.0
2024-03-22 00:00:00,84.55975208,84.370568126,84.5777696,84.190392931,30262284.0
2024-03-25 00:00:00,84.124628985,83.947156419,84.163366652,83.757972464,24011759.0
2024-03-26 00:00:00,83.947156419,84.181384172,84.271471769,83.741126084,34422997.0
2024-03-27 00:00:00,84.379576886,85.019198827,85.019198827,84.334533087,50157816.0
2024-03-28 00:00:00,84.830014872,84.947128749,85.307479138,84.676865957,34540428.0
2024-04-01 00:00:00,84.027387523,83.358530775,84.036426128,83.27266403,48945448.0
2024-04-02 00:00:00,82.472747513,82.897561934,83.04217961,82.260340302,43086304.0
2024-04-03 00:00:00,82.192550767,82.879484725,82.906600539,82.002740068,45494441.0
2024-04-04 00:00:00,83.430839612,83.476032636,83.548341473,82.897561934,47957413.0
2024-04-05 00:00:00,82.581210769,82.310052628,83.0241024,82.301014023,42495899.0
2024-04-08 00:00:00,82.165434953,82.301014023,82.490824722,82.075048906,37879796.0
2024-04-09 00:00:00,82.743001794,83.069295424,83.186797285,82.712270538,32537023.0
2024-04-10 00:00:00,82.138409525,81.252535877,82.228705186,81.098879597,74368942.0
2024-04-11 00:00:00,81.397153552,80.881953084,81.451385181,80.610794943,65751184.0
2024-04-12 00:00:00,81.632157275,81.31580611,81.912354021,81.306767505,47900106.0
2024-04-15 00:00:00,80.348675406,80.050401451,80.384829825,79.718684658,55993060.0
2024-04-16 00:00:00,79.291158655,79.517123773,79.770204705,79.05163563,45103244.0
2024-04-17 00:00:00,80.032324241,80.402907034,80.488773779,79.661741448,57946990.0
2024-04-18 00:00:00,80.366752616,79.996169822,80.39386843,79.779243309,43839454.0
2024-04-19 00:00:00,80.502331686,80.285405173,80.502331686,80.063959358,44826771.0
2024-04-22 00:00:00,79.860590752,80.149826103,80.258289359,79.828955635,24969046.0
2024-04-23 00:00:00,79.905783775,80.176941917,80.637910757,79.743088891,27222722.0
2024-04-24 00:00:00,79.752127495,79.60750982,79.815397728,78.794035396,48986757.0
2024-04-25 00:00:00,78.757880977,79.047116328,79.155579584,78.649417721,49282640.0
2024-04-26 00:00:00,79.467411447,79.462892145,79.792801216,79.291158655,31589821.0
2024-04-29 00:00:00,79.842513542,80.131748893,80.16338401,79.679818658,39228621.0
2024-04-30 00:00:00,79.625587029,79.444814935,79.905783775,79.331832376,41054666.0
2024-05-01 00:00:00,80.06861196,80.032330981,80.621896885,79.742083152,59679513.0
2024-05-02 00:00:00,79.714872418,80.377000278,80.440491991,79.547072891,58925388.0
2024-05-03 00:00:00,81.274954501,81.193322299,81.44728915,80.676318353,50066075.0
2024-05-06 00:00:00,81.220533033,81.510780862,81.56520233,81.039128139,23868185.0
2024-05-07 00:00:00,82.154768234,82.009644319,82.463156553,81.895449939,30525831.0
2024-05-08 00:00:00,81.619623798,81.510780862,81.755677468,81.483570128,31171659.0
2024-05-09 00:00:00,81.220533033,81.909871628,82.036855053,81.175181809,39606723.0
2024-05-10 00:00:00,81.592413064,81.44728915,81.683115511,81.302165235,21913759.0
2024-05-13 00:00:00,81.83730967,81.655904777,81.891731138,81.619623798,23157495.0
2024-05-14 00:00:00,81.928012117,82.118487255,82.172818021,81.71939649,25746391.0
2024-05-15 00:00:00,83.034581967,83.243197594,83.383786387,82.816896095,65142886.0
2024-05-16 00:00:00,83.50623469,83.161565392,83.533898936,83.098073679,37902425.0
2024-05-17 00:00:00,82.825966339,82.599210223,82.971090254,82.553858999,24755012.0
2024-05-20 00:00:00,82.318032638,82.354313617,82.531183388,82.254540925,17922808.0
2024-05-21 00:00:00,82.907598541,82.780615116,82.94387952,82.635491201,15334425.0
2024-05-22 00:00:00,82.490367287,82.880387807,82.952859062,82.481297042,38073722.0
2024-05-23 00:00:00,82.971090254,82.345243372,82.971090254,82.082206276,51294662.0
2024-05-24 00:00:00,82.218259946,82.590139978,82.67177218,82.154768234,19164425.0
2024-05-28 00:00:00,82.544788755,81.401937926,82.571999489,81.365656948,45973742.0
2024-05-29 00:00:00,80.739810065,80.413281257,80.789696411,80.141173917,45508378.0
2024-05-30 00:00:00,80.975636427,81.193322299,81.311235479,80.830512512,29571653.0
2024-05-31 00:00:00,81.773817958,81.746607224,81.937082362,81.56520233,41308832.0
2024-06-03 00:00:00,82.200123286,83.073844866,83.137553731,82.172819487,42272093.0
2024-06-04 00:00:00,83.619920853,84.047680376,84.16599684,83.428794257,42581462.0
2024-06-05 00:00:00,84.348022169,84.666566494,84.666566494,83.79166175,43153858.0
2024-06-06 00:00:00,84.275212037,84.539148764,84.739376626,84.220604438,22891863.0
2024-06-07 00:00:00,83.283173994,82.982832201,83.283173994,82.891819537,35240475.0
2024-06-10 00:00:00,82.527768879,82.427654948,82.582376477,82.209224553,20593244.0
2024-06-11 00:00:00,82.556892931,83.283173994,83.31957906,82.457052038,30329207.0
2024-06-12 00:00:00,84.366224701,83.911161379,84.866794356,83.879306946,42554583.0
2024-06-13 00:00:00,84.54825003,85.148933616,85.249047547,84.302515836,33093758.0
2024-06-14 00:00:00,85.640402004,85.867933666,86.022655195,85.476579208,28776710.0
2024-06-17 00:00:00,84.821288024,85.012414619,85.085224751,84.602857629,31040202.0
2024-06-18 00:00:00,85.158034883,85.795123534,85.804224801,85.012414619,26881038.0
2024-06-20 00:00:00,84.721174093,85.221743748,85.258148814,84.657465228,30246274.0
2024-06-21 00:00:00,85.476579208,85.221743748,85.694099476,84.884996889,22830882.0
2024-06-24 00:00:00,85.303655146,85.567591873,85.567591873,85.016965253,56939096.0
2024-06-25 00:00:00,85.321857679,85.713212136,85.758718468,85.294553879,23160000.0
2024-06-26 00:00:00,84.602857629,84.484541165,84.771231058,84.448136099,38489135.0
2024-06-27 00:00:00,84.821288024,84.821288024,84.994212086,84.730275359,23140767.0
2024-06-28 00:00:00,85.012414619,83.237667662,85.044269052,83.237667662,55119554.0
2024-07-01 00:00:00,82.26173791,81.796096439,82.864332755,81.713924415,49735376.0
2024-07-02 00:00:00,82.499123758,82.435212184,82.61325157,81.951310263,34204719.0
2024-07-03 00:00:00,82.946504779,83.521708949,83.603880973,82.868897867,35563313.0
2024-07-05 00:00:00,83.95082952,84.215606043,84.366254754,83.613011198,34895512.0
2024-07-08 00:00:00,84.197345593,84.398210541,84.475817453,83.909378299,16095651.0
2024-07-09 00:00:00,84.133434019,84.02387132,84.32060363,83.585620524,30304136.0
2024-07-10 00:00:00,84.115173569,84.288647842,84.325168742,83.941973202,23572469.0
2024-07-11 00:00:00,85.238191234,85.110368085,85.653616468,85.046456511,49761785.0
2024-07-12 00:00:00,85.10123786,85.475577082,85.475577082,84.927763587,27796476.0
2024-07-15 00:00:00,84.61733594,84.489512791,84.891242687,84.416470991,37918854.0
2024-07-16 00:00:00,85.10123786,85.685572255,85.722093155,84.973414711,36383720.0
2024-07-17 00:00:00,85.457316632,85.703832705,85.895567428,85.247321459,29036838.0
2024-07-18 00:00:00,85.238191234,85.046456511,85.65818158,84.964284486,34553075.0
2024-07-19 00:00:00,84.653856839,84.54429414,84.763419538,84.452991891,32164669.0
2024-07-22 00:00:00,84.982544936,84.297778067,85.092107635,83.978220195,36160366.0
2024-07-23 00:00:00,84.443861666,84.179085143,84.644726614,84.151694469,23497988.0
2024-07-24 00:00:00,84.242996718,83.266062651,84.480382566,83.220411527,50757116.0
2024-07-25 00:00:00,83.72713901,83.95082952,84.489512791,83.667792548,44999074.0
2024-07-26 00:00:00,84.571684815,84.608205715,84.754289313,84.352559417,34423772.0
2024-07-29 00:00:00,85.229061009,85.064716961,85.247321459,84.818200888,25801347.0
2024-07-30 00:00:00,85.302102809,85.393405058,85.576009556,84.891242687,28169820.0
2024-07-31 00:00:00,86.014260352,86.26990665,86.297297325,85.74948383,47445288.0
2024-08-01 00:00:00,86.860640217,87.016371217,87.561429717,86.842318923,77254240.0
2024-08-02 00:00:00,88.564520569,89.737083391,89.819529214,88.463845057,91912942.0
2024-08-05 00:00:00,91.028734625,90.213437038,91.253170478,89.388978803,90686310.0
2024-08-06 00:00:00,89.617994979,88.188934039,89.856171803,88.188934039,61316860.0
2024-08-07 00:00:00,87.602652628,87.56601004,88.060684981,87.190423511,51337133.0
2024-08-08 00:00:00,86.8377386,87.025531864,87.098817041,86.585820806,37815770.0
2024-08-09 00:00:00,88.115648863,87.886632687,88.143130804,87.731451326,32141763.0
2024-08-12 00:00:00,87.675937805,88.207255334,88.399628922,87.538528099,24261382.0
2024-08-13 00:00:00,88.83933998,88.821018686,88.894303862,88.546199274,30366938.0
2024-08-14 00:00:00,89.068356156,89.379818156,89.627155626,89.030064652,31334061.0
2024-08-15 00:00:00,88.019462069,88.656127039,88.656127039,87.840829452,38723695.0
2024-08-16 00:00:00,88.967589039,88.967589039,89.059103903,88.573681216,28540965.0
2024-08-19 00:00:00,88.949267745,89.379818156,89.622575303,88.935526774,25322138.0
2024-08-20 00:00:00,89.773725979,90.094348626,90.263820596,89.590513038,25239303.0
2024-08-21 00:00:00,90.094348626,90.149312508,90.57986292,89.672958862,29229982.0
2024-08-22 00:00:00,89.691280156,89.251569097,89.755404685,88.958428392,33453848.0
2024-08-23 00:00:00,89.654637567,89.837850508,90.094348626,89.443942685,32005083.0
2024-08-26 00:00:00,90.11266992,89.608834332,90.119540405,89.55387045,23198710.0
2024-08-27 00:00:00,89.013392274,89.453103332,89.55387045,88.940107098,21507650.0
2024-08-28 00:00:00,89.489745921,89.343175568,89.663798215,89.22866748,18501411.0
2024-08-29 00:00:00,88.903464509,89.050034862,89.15080198,88.679028657,24988243.0
2024-08-30 00:00:00,89.187444568,88.097327569,89.466844303,88.079006275,42896190.0
2024-09-03 00:00:00,89.368163068,89.542781401,89.827684997,89.239496927,48947900.0
2024-09-04 00:00:00,89.662257102,90.700776663,90.71915754,89.597924032,40885163.0
2024-09-05 00:00:00,91.004061137,91.215441224,91.315341292,90.484801356,47450878.0
2024-09-06 00:00:00,91.197060347,91.206250786,92.327484294,90.866296462,57406404.0
2024-09-09 00:00:00,91.059203768,91.601439645,91.702534469,90.838633242,26961402.0
2024-09-10 00:00:00,91.491154382,92.244770346,92.446959995,91.445202189,31703409.0
2024-09-11 00:00:00,92.060961574,92.171246837,92.745649249,91.932295434,39497052.0
2024-09-12 00:00:00,91.941485873,91.739296224,92.116104206,91.325726487,41812529.0
2024-09-13 00:00:00,92.033390259,91.987438066,92.171246837,91.629010961,25722135.0
2024-09-16 00:00:00,92.189627715,92.832958416,92.86972017,91.987438066,30866261.0
2024-09-17 00:00:00,92.961624556,92.382626925,93.117862012,92.290722539,31699372.0
2024-09-18 00:00:00,91.83120061,91.233822101,92.278407351,91.187869908,48897047.0
2024-09-19 00:00:00,90.618062716,90.930537628,90.976489821,90.480206137,39979816.0
2024-09-20 00:00:00,90.682395786,90.581300961,90.91675197,90.434253944,37067571.0
2024-09-23 00:00:00,90.232064295,90.388301751,90.774300172,89.790923243,35703932.0
2024-09-24 00:00:00,89.772542366,90.369920874,90.5904914,89.634685787,31005351.0
2024-09-25 00:00:00,90.011493769,89.616304909,90.0666364,89.579543155,36738236.0
2024-09-26 00:00:00,89.836875436,89.827684997,89.997708111,89.239496927,33332315.0
2024-09-27 00:00:00,90.268826049,90.296397365,90.466420479,89.965541576,28317628.0
2024-09-30 00:00:00,90.360730435,89.864446751,90.425063505,89.665841373,34208260.0
2024-10-01 00:00:00,90.800989276,90.515165683,91.289655418,90.418354466,45254237.0
2024-10-02 00:00:00,89.473292586,89.749896063,89.814436874,89.196689109,35810763.0
2024-10-03 00:00:00,89.454852354,88.9016454,89.611594324,88.9016454,39677767.0
2024-10-04 00:00:00,87.703030333,87.804451608,88.18247636,87.66614987,56970281.0
2024-10-07 00:00:00,87.278905002,87.140603263,87.54370673,87.076062452,42606634.0
2024-10-08 00:00:00,86.734918164,87.288125118,87.325005581,86.684207526,33709587.0
2024-10-09 00:00:00,86.993081409,86.790238859,87.209754132,86.587396309,35807681.0
2024-10-10 00:00:00,86.264692253,86.449094571,86.458314687,85.831346805,53667357.0
2024-10-11 00:00:00,85.895887617,86.098730167,86.435817604,85.842410944,27406423.0
2024-10-14 00:00:00,85.490202517,86.15866092,86.172491094,85.434881822,28795344.0
2024-10-15 00:00:00,86.799458975,87.21436419,87.297345234,86.719797174,46429050.0
2024-10-16 00:00:00,87.656929754,87.583168826,87.868992419,87.426426856,32281486.0
2024-10-17 00:00:00,86.642717005,86.190931326,86.781018743,86.07116202,43427214.0
2024-10-18 00:00:00,86.421434223,86.255472137,86.633496889,86.246252021,25258632.0
2024-10-21 00:00:00,85.471762285,84.743373129,85.536303097,84.743373129,49504698.0
2024-10-22 00:00:00,85.130617997,84.826354172,85.232039272,84.615213518,32096893.0
2024-10-23 00:00:00,84.383788609,84.595851275,84.872454752,84.217918724,33354245.0
2024-10-24 00:00:00,84.743373129,85.139838113,85.453322054,84.49443,32507395.0
2024-10-25 00:00:00,85.444101938,84.660392086,85.487897488,84.549750695,28667060.0
2024-10-28 00:00:00,84.780253593,84.429889189,84.798693825,83.991933683,33156461.0
2024-10-29 00:00:00,83.766040844,84.558970811,84.586631159,83.594270085,46545204.0
2024-10-30 00:00:00,85.305800199,84.807913941,85.716095357,84.678832318,41951068.0
2024-10-31 00:00:00,84.715712782,84.946215679,85.398001358,84.411448957,52173754.0
2024-11-01 00:00:00,85.057729582,83.744060502,85.293634945,83.70705574,80401983.0
2024-11-04 00:00:00,85.076231963,85.048478391,85.344516493,84.474904568,49747594.0
2024-11-05 00:00:00,84.844952196,85.501786735,85.649805787,84.447150996,46986037.0
2024-11-06 00:00:00,82.633917618,83.151984298,83.633046214,82.554819938,98895693.0
2024-11-07 00:00:00,83.660799786,84.197368847,84.465653377,83.568287879,56221411.0
2024-11-08 00:00:00,84.817198624,85.270506968,85.36810703,84.669179572,56756175.0
2024-11-11 00:00:00,85.048478391,84.854203386,85.090108749,84.465653377,22369200.0
2024-11-12 00:00:00,84.234373609,83.57753907,84.678430763,83.438771209,57908367.0
2024-11-13 00:00:00,84.368515875,82.78193667,84.391643851,82.707927144,49009127.0
2024-11-14 00:00:00,83.485027163,83.262998586,83.91520753,83.216742632,53328347.0
2024-11-15 00:00:00,82.888325363,83.040970009,83.568287879,82.513652139,73722402.0
2024-11-18 00:00:00,82.65242,83.18898906,83.512780735,82.434091899,36058665.0
2024-11-19 00:00:00,83.725558121,83.614543833,83.956837888,83.540534307,29585102.0
2024-11-20 00:00:00,83.105728344,83.346259302,83.734809312,83.068723581,27755434.0
2024-11-21 00:00:00,83.383264065,83.281500967,83.753311693,82.966960484,28365740.0
2024-11-22 00:00:00,83.438771209,83.327756921,83.614543833,83.105728344,21547548.0
2024-11-25 00:00:00,85.002222438,85.492535545,85.538791498,84.803321837,56858036.0
2024-11-26 00:00:00,84.965217675,85.159492679,85.224251014,84.641426,31122249.0
2024-11-27 00:00:00,85.779322456,85.751568884,86.09386294,85.4370284,39442167.0
2024-11-29 00:00:00,86.463910568,86.639683191,86.653559977,86.149370084,31905735.0
2024-12-02 00:00:00,86.29157806,86.848576027,87.106187586,86.040928976,39406033.0
2024-12-03 00:00:00,86.904275823,86.096628772,86.997108818,86.031645676,32768887.0
2024-12-04 00:00:00,85.678880297,87.024958716,87.145641609,85.613897201,35851069.0
2024-12-05 00:00:00,86.709326535,87.201341406,87.331307598,86.648985089,23695821.0
2024-12-06 00:00:00,87.637656479,87.331307598,87.758339372,86.987825518,31761525.0
2024-12-09 00:00:00,86.95997562,86.523660546,87.006392117,86.472602399,30509582.0
2024-12-10 00:00:00,86.059495574,86.115195371,86.319427959,85.952737631,28706474.0
2024-12-11 00:00:00,86.105912072,85.29826502,86.310144659,85.210073676,38748397.0
2024-12-12 00:00:00,84.778400252,84.258535483,84.876803226,84.184269088,45368386.0
2024-12-13 00:00:00,83.998603099,83.395188635,84.045019596,83.330205539,39485960.0
2024-12-16 00:00:00,83.766520613,83.64583772,83.827047725,83.302355641,23482268.0
2024-12-17 00:00:00,83.738670714,83.850070308,84.170344138,83.678329268,23839892.0
2024-12-18 00:00:00,83.552809689,82.797938976,83.92558535,82.779300193,61328421.0
2024-12-19 00:00:00,81.7821253,81.539821121,82.075686133,81.255579679,99083313.0
2024-12-20 00:00:00,82.21081731,82.005790697,82.564954188,81.987151914,45542412.0
2024-12-23 00:00:00,81.865999824,81.250919984,81.931235564,81.195003634,32764561.0
2024-12-24 00:00:00,80.822227974,81.59573747,81.614376253,80.766311624,22377628.0
2024-12-26 00:00:00,80.980657629,81.549140512,81.679611993,80.971338238,19996215.0
2024-12-27 00:00:00,81.2322812,80.878144323,81.50720325,80.840866757,27262321.0
2024-12-30 00:00:00,81.558459904,81.530501729,81.74950743,81.409349639,48519626.0
2024-12-31 00:00:00,81.838041649,81.092490328,81.977832522,81.027254587,31917307.0
2025-01-02 00:00:00,81.530501729,81.316155724,81.824062562,80.980657629,27841296.0
2025-01-03 00:00:00,81.455946597,81.055212762,81.605056861,80.952699455,21962204.0
2025-01-06 00:00:00,80.831547365,80.691756492,80.999296412,80.477410487,30231493.0
2025-01-07 00:00:00,80.412174747,79.778456123,80.570604403,79.657304034,41757185.0
2025-01-08 00:00:00,79.359083505,79.88096943,80.039399086,79.237931415,44590774.0
2025-01-10 00:00:00,79.182015066,79.349764113,79.708560687,79.070182368,47115832.0
2025-01-13 00:00:00,79.414999854,79.321805939,79.536151944,78.95834967,33258924.0
2025-01-14 00:00:00,79.135418108,79.191334458,79.256570198,78.818558797,33412888.0
2025-01-15 00:00:00,80.500708966,80.561285011,80.761651929,80.221127221,54120729.0
2025-01-16 00:00:00,80.449452313,80.822227974,81.153066373,80.113954218,34651051.0
2025-01-17 00:00:00,81.185684243,80.962018846,81.2322812,80.822227974,29875611.0
2025-01-21 00:00:00,81.614376253,81.688931385,81.875319215,81.372072073,30548614.0
2025-01-22 00:00:00,81.59573747,81.260239375,81.698250776,81.083170936,25278409.0
2025-01-23 00:00:00,80.449452313,80.626520752,80.775631016,80.34227931,31949017.0
2025-01-24 00:00:00,80.524007445,80.989977021,81.04589337,80.412174747,21110355.0
2025-01-27 00:00:00,81.861340128,81.949874348,82.117623395,81.577098687,42864203.0
2025-01-28 00:00:00,81.567779295,81.893957998,81.90327739,81.399191503,25519105.0
2025-01-29 00:00:00,82.117623395,81.726208951,82.290032138,81.372072073,25342751.0
2025-01-30 00:00:00,82.098984612,82.033748871,82.373906662,81.875319215,25094896.0
2025-01-31 00:00:00,82.071026437,81.493224163,82.3319694,81.185684243,48812469.0
2025-02-03 00:00:00,82.547532172,82.159396304,83.038547427,81.822700129,70657233.0
2025-02-04 00:00:00,81.588883341,82.411918435,82.430530251,81.52341464,33413956.0
2025-02-05 00:00:00,83.36589093,83.777408477,84.043959615,83.309774901,48331179.0
2025-02-06 00:00:00,83.749350462,83.739997791,84.020577936,83.454741309,22509940.0
2025-02-07 00:00:00,83.169484828,83.197542843,83.36589093,82.884228347,31171245.0
2025-02-10 00:00:00,83.19193124,82.945020712,83.440712302,82.804730639,22736056.0
2025-02-11 00:00:00,82.50544515,82.411918435,82.645735223,82.360478742,21513015.0
2025-02-12 00:00:00,81.345713882,81.289597852,81.635646699,80.943642533,48536211.0
2025-02-13 00:00:00,82.093927603,82.645735223,82.842141325,82.07522226,42718098.0
2025-02-14 00:00:00,83.300422229,83.085310784,83.581002375,83.05725277,27460743.0
2025-02-18 00:00:00,82.514797822,82.103280275,82.795377967,82.047164246,29429174.0
2025-02-19 00:00:00,81.962990202,82.206159661,82.430623778,81.902197837,20584304.0
2025-02-20 00:00:00,82.430623778,82.514797822,82.720556595,82.430623778,27913442.0
2025-02-21 00:00:00,82.823435982,83.515533674,83.814819163,82.776672624,46912348.0
2025-02-24 00:00:00,83.253658872,83.758703134,83.936403893,83.188190171,26217988.0
2025-02-25 00:00:00,84.787497001,85.208367219,85.283188592,84.628501585,50125054.0
2025-02-26 00:00:00,85.208367219,85.713411481,85.806938197,85.002608446,32220186.0
2025-02-27 00:00:00,85.105487833,85.105487833,85.554416066,84.946492417,53373572.0
2025-02-28 00:00:00,85.610532095,86.152987043,86.195074065,85.255224104,49388600.0
2025-03-03 00:00:00,85.467925674,86.556248074,86.687597329,85.430397316,42904172.0
2025-03-04 00:00:00,86.434280908,85.486689853,86.762654046,85.331885374,56721962.0
2025-03-05 00:00:00,85.608657019,84.801797309,85.833827171,84.717358502,50215938.0
2025-03-06 00:00:00,84.595391337,84.52033462,84.895618206,83.895205986,42827474.0
2025-03-07 00:00:00,85.214609254,84.24825402,85.233373433,84.130977899,36903632.0
2025-03-10 00:00:00,85.158316716,85.130170447,85.669640602,84.998821192,41440750.0
2025-03-11 00:00:00,85.050422685,84.52033462,85.543451496,84.276400289,40555666.0
2025-03-12 00:00:00,84.145051034,84.013701778,84.50157044,83.938645061,32734569.0
2025-03-13 00:00:00,83.751003268,84.754886861,84.811179399,83.55867043,38675413.0
2025-03-14 00:00:00,84.154433123,84.304546558,84.529716709,84.013701778,24657989.0
2025-03-17 00:00:00,84.895618206,84.726740592,85.252137612,84.50157044,26700275.0
2025-03-18 00:00:00,84.276400289,84.811179399,85.102024178,84.257636109,23654748.0
2025-03-19 00:00:00,84.78303313,85.252137612,85.289665971,84.50157044,31378713.0
2025-03-20 00:00:00,86.209110757,85.30843015,86.246639115,85.228682388,35645824.0
2025-03-21 00:00:00,85.392868957,84.801797309,85.491380898,84.726740592,29192076.0
2025-03-24 00:00:00,84.332692827,83.929262972,84.38429432,83.863588344,27985580.0
2025-03-25 00:00:00,83.741621179,83.919880882,84.220107751,83.685328641,22333833.0
2025-03-26 00:00:00,83.572743565,83.366337593,83.765076403,83.291280875,25165323.0
2025-03-27 00:00:00,83.066110724,83.122403262,83.230297293,82.859704751,23674536.0
2025-03-28 00:00:00,84.032465958,84.276400289,84.464042082,83.96679133,39869372.0
2025-03-31 00:00:00,85.29904806,85.111406267,85.397560002,84.482806261,38824321.0
2025-04-01 00:00:00,85.625111762,85.851090154,86.241844456,85.587448697,39800072.0
2025-04-02 00:00:00,86.679677589,85.794595556,86.679677589,85.06958155,43488407.0
2025-04-03 00:00:00,86.820914084,86.190057741,87.018645176,86.180641975,57467355.0
2025-04-04 00:00:00,87.884895677,87.131634372,88.299189394,87.103387073,92794210.0
2025-04-07 00:00:00,86.21830504,84.495219805,86.510193795,84.255117764,124987637.0
2025-04-08 00:00:00,83.770205799,82.894539532,84.6364563,82.77213457,73861858.0
2025-04-09 00:00:00,81.877636771,83.38415938,83.421822446,80.57826102,131353453.0
2025-04-10 00:00:00,82.320177787,81.077296635,82.729763622,81.011480428,78591989.0
2025-04-11 00:00:00,80.559429487,81.519837651,81.905224966,79.740257819,94814139.0
2025-04-14 00:00:00,82.000041733,82.103615162,82.291930489,81.449219404,37596366.0
2025-04-15 00:00:00,81.764647575,82.395503918,82.739179388,81.656366263,22553898.0
2025-04-16 00:00:00,82.376672385,82.856876467,83.035776027,82.065952097,35607337.0
2025-04-17 00:00:00,82.602650777,82.122446695,82.753303038,81.839973706,31758430.0
2025-04-21 00:00:00,81.246780428,80.68183445,81.689321445,80.663002917,39343217.0
2025-04-22 00:00:00,81.453927287,81.133791232,81.643372505,81.058465102,32552091.0
2025-04-23 00:00:00,83.393575147,81.924715602,83.56305894,81.783573265,44082157.0
2025-04-24 00:00:00,82.59323501,82.790966103,82.894539532,82.33900932,24190774.0
2025-04-25 00:00:00,83.412406679,83.402990913,83.605429889,83.125225807,22513925.0
2025-04-28 00:00:00,83.181720405,83.930273826,84.005599957,83.14123261,20130510.0
2025-04-29 00:00:00,83.807868864,84.6364563,84.645872066,83.784329449,22129478.0
2025-04-30 00:00:00,84.240994115,83.949105359,84.495219805,83.817284631,42630588.0
2025-05-01 00:00:00,84.060251177,83.521580059,84.079151918,83.15301561,29932841.0
2025-05-02 00:00:00,82.595443751,82.614344492,82.933199993,82.434787453,32090382.0
2025-05-05 00:00:00,82.250505228,82.151276338,82.307207451,81.763811148,22862807.0
2025-05-06 00:00:00,81.735460037,82.425337082,82.425337082,81.584254109,21095153.0
2025-05-07 00:00:00,82.793901532,82.775000791,83.067962276,82.699397827,23178423.0
2025-05-08 00:00:00,82.883680051,81.848864483,82.926206718,81.820513371,25483679.0
2025-05-09 00:00:00,81.924467447,81.971719299,82.217428932,81.848864483,17007874.0
2025-05-12 00:00:00,81.338544476,81.206239289,81.716559296,81.158987437,32115028.0
2025-05-13 00:00:00,81.102285214,80.875476322,81.248765956,80.506911873,53912161.0
2025-05-14 00:00:00,80.743171135,80.336805204,80.856575581,80.223400758,42119809.0
2025-05-15 00:00:00,80.629766689,81.045582991,81.281842253,80.488011132,59447991.0
2025-05-16 00:00:00,81.80161263,81.262941512,81.820513371,81.163712622,31778178.0
2025-05-19 00:00:00,79.949340014,81.02668225,81.089054695,79.87373705,49361877.0
2025-05-20 00:00:00,80.436034094,80.44075928,80.601415578,80.091095571,35493074.0
2025-05-21 00:00:00,79.731981493,79.061005188,80.086370386,78.862641911,77053056.0
2025-05-22 00:00:00,78.636683553,79.47682149,79.495722231,78.42310518,61747852.0
2025-05-23 00:00:00,79.817034827,79.609126676,79.86428668,79.377592599,47139246.0
2025-05-27 00:00:00,80.365156316,80.724270394,81.003056324,80.176148906,56773411.0
2025-05-28 00:00:00,80.421858539,80.374606686,80.542067251,80.006042237,34806779.0
2025-05-29 00:00:00,80.762071876,81.121185955,81.22514003,80.63921706,39003618.0
2025-05-30 00:00:00,81.059758547,81.244040771,81.423597811,80.866025952,49042064.0
2025-06-02 00:00:00,80.608066604,80.484755115,80.778805589,80.133791646,46213110.0
2025-06-03 00:00:00,80.750349092,80.342472628,81.030171317,80.223903888,33731261.0
2025-06-04 00:00:00,81.082341563,81.651471513,81.898094492,80.944801825,57441529.0
2025-06-05 00:00:00,81.926550989,81.708384508,82.163688468,81.490218027,37715267.0
2025-06-06 00:00:00,81.082341563,80.664979599,81.210395802,80.593838356,38130095.0
2025-06-09 00:00:00,80.370929125,80.750349092,80.940059075,80.366186376,26560750.0
2025-06-10 00:00:00,81.371649288,81.167711055,81.449809801,80.821490336,24857001.0
2025-06-11 00:00:00,81.101312561,81.414334034,81.660957012,81.00645757,36334820.0
2025-06-12 00:00:00,82.125746472,82.391340448,82.419796946,81.850666996,43017814.0
2025-06-13 00:00:00,81.973978485,81.594558518,82.111518223,81.068113314,49373982.0
2025-06-16 00:00:00,81.357421039,80.76932009,81.68941351,80.76932009,36496625.0
2025-06-17 00:00:00,81.281537046,81.755812004,81.907579991,81.044399566,34521571.0
2025-06-18 00:00:00,82.116260972,81.898094492,82.315456455,81.613529516,38588982.0
2025-06-20 00:00:00,81.414334034,81.746326505,82.03089148,81.23410955,26001907.0
2025-06-23 00:00:00,82.163688468,82.011920482,82.648112911,82.011920482,36851824.0
2025-06-24 00:00:00,81.727355506,82.609506929,82.789731414,81.68467076,32959113.0
2025-06-25 00:00:00,82.334427453,82.71384742,82.71384742,82.040376979,26345293.0
2025-06-26 00:00:00,82.789731414,83.131209384,83.131209384,82.419796946,30467517.0
2025-06-27 00:00:00,82.770760415,82.60002143,83.330404866,82.452996193,74993500.0
2025-06-30 00:00:00,83.045839891,83.415774359,83.591256093,82.808702412,53695166.0
2025-07-01 00:00:00,83.614095134,83.623616052,83.78547166,83.166611985,38960579.0
2025-07-02 00:00:00,82.719128836,83.090444641,83.099965559,82.633440573,39382249.0
2025-07-03 00:00:00,82.695326541,82.509668638,82.814338017,82.395417621,26729101.0
2025-07-07 00:00:00,82.100269161,81.719432438,82.119310997,81.509972241,38314669.0
2025-07-08 00:00:00,81.176740108,81.61470234,81.624223258,81.052968174,31406989.0
2025-07-09 00:00:00,81.767037029,82.471584966,82.471584966,81.752755652,29821887.0
2025-07-10 00:00:00,82.376375785,82.528710474,82.595356901,82.047904112,24525548.0
2025-07-11 00:00:00,81.805120701,81.386200306,81.843204373,81.243386535,40764785.0
2025-07-14 00:00:00,81.148177354,81.214823781,81.471888569,80.933956698,24609530.0
2025-07-15 00:00:00,81.481409487,80.643568697,81.500451323,80.538838598,40454986.0
2025-07-16 00:00:00,80.895873025,80.757819713,81.259191259,79.862853415,65987689.0
2025-07-17 00:00:00,80.843507976,80.738777877,81.095812305,80.62452686,31875451.0
2025-07-18 00:00:00,81.043447256,80.862549812,81.07201001,80.729256959,27534948.0
2025-07-21 00:00:00,81.790839324,81.586139586,82.066945948,81.548055913,40019530.0
2025-07-22 00:00:00,81.747995193,82.081227325,82.319250277,81.690869684,35190321.0
2025-07-23 00:00:00,81.633744176,81.624223258,81.776557947,81.381439847,31008454.0
2025-07-24 00:00:00,81.157698272,81.481409487,81.814641619,81.1196146,25164761.0
2025-07-25 00:00:00,81.395721224,81.995539063,82.005059981,81.31955388,27196153.0
2025-07-28 00:00:00,81.576618667,81.462367651,81.776557947,81.424283978,26812463.0
2025-07-29 00:00:00,81.805120701,82.842900771,82.861942607,81.776557947,47828275.0
2025-07-30 00:00:00,82.319250277,82.414459458,82.50014772,82.119310997,40670866.0
2025-07-31 00:00:00,82.662003327,82.462064048,82.928589033,82.385896703,49814080.0
2025-08-01 00:00:00,83.389885931,83.638375502,83.743505705,83.34687812,63434525.0
2025-08-04 00:00:00,83.767398933,83.867750491,83.953766112,83.475901552,36425167.0
2025-08-05 00:00:00,83.667047376,84.125797353,84.240484848,83.600146337,28586109.0
2025-08-06 00:00:00,83.657490084,83.638375502,83.853414554,82.778219294,42589347.0
2025-08-07 00:00:00,83.729169768,83.495016134,84.049339024,83.418557804,29213145.0
2025-08-08 00:00:00,83.198740107,83.131839068,83.222633335,83.002433345,21596334.0
2025-08-11 00:00:00,83.370771348,83.22741198,83.495016134,83.122281777,20100909.0
2025-08-12 00:00:00,82.759104712,82.806891168,82.824189865,82.42459952,41087211.0
2025-08-13 00:00:00,83.275198436,83.495016134,83.628818211,83.2608625,30817493.0
2025-08-14 00:00:00,83.342099475,82.873792206,83.342099475,82.74954742,33397435.0
2025-08-15 00:00:00,82.529729723,82.281240152,82.644417217,82.137880784,36343551.0
2025-08-18 00:00:00,82.376813064,82.042307872,82.415042228,81.884612567,26777514.0
2025-08-19 00:00:00,82.329026608,82.520172432,82.615745344,82.324247962,28780625.0
2025-08-20 00:00:00,82.462828684,82.701760964,82.821227104,82.434156811,25912477.0
2025-08-21 00:00:00,82.434156811,82.290797443,82.54406566,81.999300061,28643888.0
2025-08-22 00:00:00,82.692203673,82.90246408,83.143307818,82.58707347,49871851.0
2025-08-25 00:00:00,82.591852116,82.6635318,82.90246408,82.520172432,27011924.0
2025-08-26 00:00:00,82.386370355,82.615745344,82.653974508,82.112076097,30259346.0
2025-08-27 00:00:00,81.999300061,82.520172432,82.529729723,81.898948504,38142761.0
2025-08-28 00:00:00,82.644417217,83.06493803,83.103167195,82.529729723,32205937.0
2025-08-29 00:00:00,82.625302635,82.472385976,82.720875547,82.319469316,41686429.0
2025-09-02 00:00:00,81.856551307,81.856551307,82.058017668,81.712646763,48760602.0
2025-09-03 00:00:00,82.144360394,82.758353113,82.988600383,82.105985849,52499540.0
2025-09-04 00:00:00,83.190066744,83.391533105,83.401126741,82.767946749,40501553.0
2025-09-05 00:00:00,84.341303093,84.667486725,84.715454906,84.264554003,69667951.0
2025-09-08 00:00:00,85.252698536,85.799535801,85.813926256,85.204730354,54538678.0
2025-09-09 00:00:00,85.473352169,85.310260353,85.617256713,85.080013083,37126428.0
2025-09-10 00:00:00,85.473352169,85.799535801,86.111328979,85.271885808,40713570.0
2025-09-11 00:00:00,85.962627617,86.375153976,86.509464883,85.953033981,46694392.0
2025-09-12 00:00:00,85.885878527,86.001002162,86.029783071,85.561517686,32968578.0
2025-09-15 00:00:00,86.192874887,86.202468523,86.485480792,86.111328979,24820119.0
2025-09-16 00:00:00,86.13531307,86.384747612,86.523855337,86.087344888,26794226.0
2025-09-17 00:00:00,86.730118517,86.164093978,87.046708512,85.924253072,49121751.0
2025-09-18 00:00:00,85.339041262,85.271885808,85.540507623,84.993670357,55717920.0
2025-09-19 00:00:00,85.156762173,85.108793992,85.305463535,84.88334354,32509221.0
2025-09-22 00:00:00,84.916921267,84.801797632,85.003263993,84.648299452,24758223.0
2025-09-23 00:00:00,85.056028993,85.396603079,85.434977624,84.849765814,26689041.0
2025-09-24 00:00:00,85.166355809,85.070419447,85.243104899,84.801797632,28097977.0
2025-09-25 00:00:00,84.940905358,85.070419447,85.118387628,84.571550363,29882469.0
2025-09-26 00:00:00,85.080013083,84.993670357,85.540507623,84.792203996,30955062.0
2025-09-29 00:00:00,85.36782217,85.694005803,85.799535801,85.339041262,32286167.0
2025-09-30 00:00:00,85.722786711,85.44457126,86.087344888,85.291073081,38583989.0
2025-10-01 00:00:00,85.820460561,85.666427306,86.003375051,85.473885738,39408913.0
2025-10-02 00:00:00,85.685681463,85.916731345,86.051510443,85.570156522,23208338.0
2025-10-03 00:00:00,85.993747972,85.753071012,86.080391678,85.64717315,25884474.0
2025-10-06 00:00:00,85.108056759,85.069548445,85.536461748,85.050294288,28370984.0
2025-10-07 00:00:00,85.358360797,85.560529444,85.753071012,85.206252958,29103348.0
2025-10-08 00:00:00,85.964866737,85.627918993,85.979307355,85.512394052,22506241.0
2025-10-09 00:00:00,85.550902365,85.560529444,85.666427306,85.392055572,21578690.0
2025-10-10 00:00:00,86.330695717,86.946828735,87.043099519,86.253679089,59389374.0
2025-10-13 00:00:00,86.619508069,86.898693343,86.908320421,86.215170776,28035544.0
2025-10-14 00:00:00,86.97570997,87.177878617,87.230827548,86.763914245,29800001.0
2025-10-15 00:00:00,87.269335862,86.985337049,87.601470067,86.802422559,31333909.0
2025-10-16 00:00:00,86.845744412,87.63997838,87.789198096,86.783168402,39631153.0
2025-10-17 00:00:00,87.553334675,87.505199283,87.591842988,87.21638693,40240383.0
2025-10-20 00:00:00,87.755503321,87.842147027,87.851774105,87.58221591,28429283.0
2025-10-21 00:00:00,88.265738477,88.275365556,88.453466506,88.188818121,24514336.0
2025-10-22 00:00:00,88.266701185,88.333128026,88.443839428,88.102078144,30496152.0
2025-10-23 00:00:00,87.899909498,87.726622086,88.06847964,87.591842988,28275142.0
2025-10-24 00:00:00,87.875841801,87.7651304,87.890282419,87.466690969,28265993.0
2025-10-27 00:00:00,87.620724224,88.06356983,88.073196909,87.403537335,30033574.0
2025-10-28 00:00:00,88.130959379,88.294619712,88.443839428,88.092451066,23564517.0
2025-10-29 00:00:00,88.159840615,87.39930142,88.169467693,87.327098332,39551593.0
2025-10-30 00:00:00,86.725405931,86.889066264,87.283776479,86.691133532,42649215.0
2025-10-31 00:00:00,86.889066264,86.629135147,86.985337049,86.542491442,38247268.0
2025-11-03 00:00:00,86.29592626,86.411868704,86.489163667,86.102688853,40752284.0
2025-11-04 00:00:00,86.450516186,86.605106111,86.721048556,86.411868704,26383782.0
2025-11-05 00:00:00,86.189645686,85.658242817,86.223462233,85.580947854,44643440.0
2025-11-06 00:00:00,86.237955038,86.431192445,86.518149278,86.208969427,33027353.0
2025-11-07 00:00:00,86.039886696,86.247616908,86.537473019,86.039886696,28530051.0
2025-11-10 00:00:00,86.170321946,86.228293168,86.344235612,86.068872307,24093451.0
2025-11-11 00:00:00,86.614767982,86.624429852,86.725879491,86.445685251,18942295.0
2025-11-12 00:00:00,86.614767982,86.779019778,86.972257185,86.547134889,23594938.0
2025-11-13 00:00:00,86.469839927,86.064041372,86.605106111,86.064041372,33825908.0
2025-11-14 00:00:00,86.460178056,85.571285984,86.503656473,85.571285984,38550502.0
2025-11-17 00:00:00,85.774185261,85.783847132,85.986746409,85.677566558,25605782.0
2025-11-18 00:00:00,86.035055761,85.754861521,86.131674464,85.503652892,31967435.0
2025-11-19 00:00:00,85.914282381,85.580947854,85.996408279,85.551962243,25782384.0
2025-11-20 00:00:00,85.687228428,85.919113317,86.102688853,85.682397493,32945001.0
2025-11-21 00:00:00,86.324911871,86.179983816,86.344235612,85.88529677,41938628.0
2025-11-24 00:00:00,86.614767982,86.672739204,86.727328771,86.450612805,30865695.0
2025-11-25 00:00:00,86.962595314,86.894962222,87.233127684,86.788681648,36503342.0
2025-11-26 00:00:00,86.808005389,87.281437036,87.281437036,86.498825538,34098962.0
2025-11-28 00:00:00,87.10752337,86.865976611,87.175059843,86.614767982,40704287.0
2025-12-01 00:00:00,85.853339776,85.780617258,85.993936646,85.722439243,47086647.0
2025-12-02 00:00:00,85.591538709,85.819402601,85.95999947,85.480030847,27605681.0
2025-12-03 00:00:00,85.926062295,86.061810996,86.153926187,85.75152825,23278580.0
2025-12-04 00:00:00,85.916365959,85.596386877,85.935758631,85.499423519,25541459.0
2025-12-05 00:00:00,85.56729787,85.198837108,85.56729787,85.077632911,32808068.0
2025-12-08 00:00:00,85.213381612,84.91764337,85.227926116,84.607360623,32255204.0
2025-12-09 00:00:00,85.363674817,85.004910392,85.368522985,84.878858026,25771792.0
2025-12-10 00:00:00,85.0339994,85.33458581,85.538208862,84.89340253,46833512.0
2025-12-11 00:00:00,85.703046571,85.21822978,85.838795273,85.189140773,26778686.0
2025-12-12 00:00:00,84.427978411,84.394041235,84.544334441,84.248596198,47030122.0
2025-12-15 00:00:00,84.757653829,84.45221925,84.91764337,84.442522914,28611787.0
2025-12-16 00:00:00,84.24374803,84.91764337,84.956428713,84.229203526,41018681.0
2025-12-17 00:00:00,84.670386806,84.840072683,85.020036676,84.626850258,24668305.0
2025-12-18 00:00:00,85.160051765,85.247318788,85.402460161,85.10187375,39048891.0
2025-12-19 00:00:00,84.982005597,84.928467935,85.132884463,84.79219025,37858082.0
2025-12-22 00:00:00,84.79705731,84.743519648,84.838329981,84.636444325,25547134.0
2025-12-23 00:00:00,84.461230158,84.879797334,84.957670296,84.422293677,33624059.0
2025-12-24 00:00:00,85.132884463,85.395705713,85.444376314,85.025809139,25942006.0
2025-12-26 00:00:00,85.463844555,85.113416222,85.531886056,84.977138537,26522734.0
2025-12-29 00:00:00,85.31783275,85.434642194,85.434934218,85.162086824,29399823.0
2025-12-30 00:00:00,85.113416222,85.230225666,85.405439833,85.049560393,25106784.0
2025-12-31 00:00:00,85.0550115,84.548837241,85.278896268,84.51963488,36500036.0
2026-01-02 00:00:00,84.78245613,84.422293677,84.79219025,84.412656897,40731251.0
2026-01-05 00:00:00,84.568305482,84.840860852,84.899265574,84.500166639,30178030.0
2026-01-06 00:00:00,84.539103121,84.665646686,84.724051408,84.295750112,39015179.0
2026-01-07 00:00:00,85.210757426,85.162086824,85.371370412,84.860329093,39930912.0
2026-01-08 00:00:00,84.714317287,84.733785528,84.928467935,84.631577264,28204899.0
2026-01-09 00:00:00,84.685114926,85.298364509,85.366503352,84.50990076,57348793.0
2026-01-12 00:00:00,84.879797334,85.04527738,85.278896268,84.79219025,36103071.0
2026-01-13 00:00:00,85.249693907,85.191289185,85.278896268,84.913866755,30451400.0
2026-01-14 00:00:00,85.278896268,85.687729323,85.785070527,85.259428028,39233477.0
2026-01-15 00:00:00,85.984619994,85.668261083,86.008955295,85.668261083,37988942.0
2026-01-16 00:00:00,85.493046916,85.171820944,85.677995203,85.084213861,46382396.0
2026-01-20 00:00:00,84.032928862,84.052397103,84.422293677,83.946003167,66009536.0
2026-01-21 00:00:00,84.198408908,84.694849047,84.860329093,84.023194742,51220133.0
2026-01-22 00:00:00,84.655912565,85.06474562,85.128017403,84.529369001,42419291.0
2026-01-23 00:00:00,85.201023305,85.298364509,85.394148253,84.874930273,35968799.0
2026-01-26 00:00:00,85.751001106,85.707197564,85.843475249,85.561185759,38882362.0
2026-01-27 00:00:00,85.473578675,85.171820944,85.609856361,85.0550115,35180128.0
2026-01-28 00:00:00,84.884664394,84.977138537,85.074479741,84.675380806,38750296.0
2026-01-29 00:00:00,84.539103121,84.996606778,85.113416222,84.470964278,43854982.0
2026-01-30 00:00:00,84.758120829,84.51963488,84.938202056,84.51963488,45832193.0
2026-02-02 00:00:00,84.736451216,84.277198202,84.770650909,84.277198202,38171395.0
2026-02-03 00:00:00,84.213684487,84.482396357,84.501939038,84.158378698,27438196.0
2026-02-04 00:00:00,84.355368927,84.267426861,84.499496203,84.189256135,37872880.0
2026-02-05 00:00:00,84.648509149,85.18593289,85.18593289,84.472625016,50268911.0
2026-02-06 00:00:00,85.156618867,85.244560934,85.244560934,84.912335349,33461764.0
2026-02-09 00:00:00,84.912335349,85.225018252,85.283646297,84.746222557,24708880.0
2026-02-10 00:00:00,85.928554785,86.211923666,86.211923666,85.909012104,37253715.0
2026-02-11 00:00:00,85.73312797,85.752670652,86.158181292,85.630528893,37014010.0
2026-02-12 00:00:00,86.040925203,86.895917517,86.944774221,86.036039533,48454859.0
2026-02-13 00:00:00,87.286771146,87.374713213,87.46265528,87.18163152,56785154.0
2026-02-17 00:00:00,87.579911368,87.521283324,87.765566842,87.413798576,32356748.0
2026-02-18 00:00:00,87.340513521,87.189057739,87.511511983,87.130429695,35415364.0
2026-02-19 00:00:00,87.06203031,87.276999806,87.374713213,87.027830617,28658625.0
2026-02-20 00:00:00,87.355170532,87.07180165,87.394255895,86.602777295,49610815.0
2026-02-23 00:00:00,87.208600421,87.394255895,87.648310754,87.189057739,33614602.0
2026-02-24 00:00:00,87.594568379,87.550597346,87.697167457,87.413798576,24933943.0
2026-02-25 00:00:00,87.364941872,87.560368687,87.726481479,87.364941872,23625776.0
2026-02-26 00:00:00,87.706938798,87.912136953,87.960993657,87.697167457,29447077.0
2026-02-27 00:00:00,88.317647594,88.449560693,88.488646056,88.185734494,51271971.0
2026-03-02 00:00:00,87.917638218,87.560984281,87.932295229,87.311815092,55465543.0
2026-03-03 00:00:00,86.940504145,87.385100148,87.619612325,86.901418782,51850414.0
2026-03-04 00:00:00,87.228758696,87.111502607,87.394871489,87.057760233,47069511.0
2026-03-05 00:00:00,86.603392889,86.759734341,86.901418782,86.486136801,45768934.0
2026-03-06 00:00:00,86.300481327,86.437280097,86.906206739,86.002455435,58136911.0
2026-03-09 00:00:00,86.276052975,87.189673333,87.272729729,86.188110908,52478733.0
2026-03-10 00:00:00,86.769505682,86.261395964,86.916075793,86.251624623,48651546.0
2026-03-11 00:00:00,85.743514905,85.147463121,85.80214295,85.083949406,54679852.0
2026-03-12 00:00:00,84.917836614,84.981350328,85.250062198,84.790809184,48976970.0
2026-03-13 00:00:00,84.937379295,84.561182677,85.152348791,84.492783292,43459981.0
2026-03-16 00:00:00,85.181662813,85.215862506,85.342889935,84.971578988,37341484.0
2026-03-17 00:00:00,85.362432617,85.450374683,85.567630772,85.318461583,19578066.0
2026-03-18 00:00:00,85.362432617,84.966693317,85.479688706,84.942264965,37596578.0
2026-03-19 00:00:00,85.069292395,85.489460046,85.719086553,84.981350328,60307437.0
2026-03-20 00:00:00,84.825008877,83.867417485,84.87386558,83.7990181,78948515.0
2026-03-23 00:00:00,84.209414411,84.409726896,84.73706681,83.970016563,69686651.0
2026-03-24 00:00:00,83.759932737,84.043301618,84.316899159,83.603591285,51799399.0
2026-03-25 00:00:00,84.766380832,84.854322899,84.893408262,84.502554633,37861005.0
2026-03-26 00:00:00,84.365755862,84.141015026,84.629582062,83.965130892,39536966.0
2026-03-27 00:00:00,83.544963241,83.681762011,84.131243685,83.496106537,39928851.0
2026-03-30 00:00:00,84.649124743,84.795694854,84.961807647,84.507440303,36473153.0
2026-03-31 00:00:00,84.942264965,84.707752788,85.167005802,84.590496699,47112153.0
2026-04-01 00:00:00,84.6437696,84.624148884,85.060709819,84.59471781,31157621.0
2026-04-02 00:00:00,84.570191914,85.144097863,85.202960011,84.51692167,33310584.0
2026-04-06 00:00:00,84.859597478,85.006752849,85.202960011,84.74677836,14660325.0
2026-04-07 00:00:00,84.879218194,84.996942491,85.031278745,84.280786351,22747227.0
2026-04-08 00:00:00,85.703288274,85.271632518,85.713098632,85.085235714,22244916.0
2026-04-09 00:00:00,85.045994282,85.05580464,85.477748141,84.754038025,18909082.0
2026-04-10 00:00:00,84.957701059,84.84978712,85.036183924,84.69282139,13247732.0
2026-04-13 00:00:00,84.800735329,85.10485643,85.153908221,84.614338526,12719726.0
2026-04-14 00:00:00,85.05580464,85.556132902,85.585563977,84.987132133,16606917.0
2026-04-15 00:00:00,85.369736099,85.183339295,85.418787889,85.080330535,15119636.0
2026-04-16 00:00:00,85.266727339,84.6437696,85.320684308,84.565286735,20001034.0
2026-04-17 00:00:00,85.399167173,85.418787889,85.556132902,85.242201444,29604128.0
2026-04-20 00:00:00,85.458029321,85.399167173,85.472744859,85.065614998,14623480.0
2026-04-21 00:00:00,85.320684308,84.928269985,85.440370677,84.889028552,19798692.0
2026-04-22 00:00:00,85.399167173,85.095046072,85.502175933,85.060709819,13676816.0
2026-04-23 00:00:00,85.178434116,84.908649268,85.389356815,84.604528168,21106665.0
2026-04-24 00:00:00,84.820356046,85.065614998,85.173528937,84.614338526,22285741.0
2026-04-27 00:00:00,84.848806084,84.6437696,84.977321775,84.55802707,19250144.0
2026-04-28 00:00:00,84.486803871,84.732062823,84.732062823,84.310217425,14553573.0
2026-04-29 00:00:00,84.354364036,84.074768831,84.359269215,83.927613459,29020823.0
2026-04-30 00:00:00,84.256260455,83.996285966,84.270975993,83.765742551,28516180.0
2026-05-01 00:00:00,84.188639817,84.296952686,84.676047731,84.031093824,21280951.0
2026-05-04 00:00:00,84.040940448,83.656922091,84.050787073,83.459989601,27226010.0
2026-05-05 00:00:00,83.839084645,84.119713445,84.178793192,83.78492821,18226454.0
2026-05-06 00:00:00,84.729219504,84.75974404,84.843440348,84.602198047,22530704.0
2026-05-07 00:00:00,84.956676531,84.336339185,84.966523155,84.28218275,21178332.0
2026-05-08 00:00:00,84.740050791,84.75974404,84.956676531,84.671124419,30797630.0
2026-05-11 00:00:00,84.562811549,84.247719564,84.597274735,84.178793192,17713653.0
2026-05-12 00:00:00,83.883394456,83.686461965,83.89324108,83.617535593,27680614.0
2026-05-13 00:00:00,83.637228842,83.499376099,83.745541712,83.292596983,26295099.0
2026-05-14 00:00:00,83.952320828,83.617535593,84.06555701,83.602765656,25247190.0
2026-05-15 00:00:00,82.583640016,82.376860901,82.682106262,82.307934529,50795960.0
2026-05-18 00:00:00,82.416247399,82.278394656,82.627949827,82.037152355,26166181.0
2026-05-19 00:00:00,81.687597183,81.746676931,81.953456046,81.500511317,35346602.0
2026-05-20 00:00:00,81.786063429,82.623026515,82.711646136,81.76637018,44497999.0
2026-05-21 00:00:00,82.338163667,82.928271875,82.965196717,82.046998979,24887001.0
2026-05-22 00:00:00,83.30736692,83.381216604,83.381216604,82.844575567,27987659.0
2026-05-26 00:00:00,84.026170512,83.794774835,84.06555701,83.597842344,22531218.0
2026-05-27 00:00:00,83.942474203,83.991707326,84.168946567,83.844007958,23589557.0
2026-05-28 00:00:00,84.050787073,84.424958805,84.528348363,83.962167452,25417298.0
2026-05-29 00:00:00,84.493885177,84.444652055,84.641584545,84.237872939,33118565.0
2026-06-01 00:00:00,83.956099366,84.489907133,84.559104437,83.827590089,26322365.0
2026-06-02 00:00:00,84.816122991,84.667843056,84.835893649,84.519563121,20319048.0
2026-06-03 00:00:00,84.307028547,84.331741869,84.450365817,84.12414996,15371998.0
2026-06-04 00:00:00,84.623359075,84.519563121,84.72715503,84.440480488,15866492.0
2026-06-05 00:00:00,84.01541134,84.084608644,84.366340521,83.946214037,26461163.0
2026-06-08 00:00:00,84.252659237,83.649654167,84.346569863,83.649654167,22922742.0
2026-06-09 00:00:00,83.995640682,84.143920618,84.203232592,83.807819431,22617747.0
2026-06-10 00:00:00,84.143920618,83.906672721,84.32185654,83.728736799,21258274.0
2026-06-11 00:00:00,84.193347263,84.994058913,85.053370888,84.064837986,35190465.0
2026-06-12 00:00:00,84.657957727,84.786467004,84.845778978,84.430595159,23100929.0
2026-06-15 00:00:00,84.974288255,84.737040359,85.122568191,84.687613714,17632742.0
2026-06-16 00:00:00,84.974288255,85.201650823,85.389472074,84.939689604,26472475.0
2026-06-17 00:00:00,85.340045429,85.340045429,85.597063984,84.944632268,34507482.0
2026-06-18 00:00:00,86.071559777,85.755229248,86.175355731,85.656375958,32350902.0
2026-06-22 00:00:00,85.310389442,85.102797533,85.340045429,84.984173584,28595080.0
2026-06-23 00:00:00,85.13245352,85.211536152,85.433956055,85.112682862,19145517.0
2026-06-24 00:00:00,86.150642409,86.378004976,86.466972937,86.120986422,41836982.0
2026-06-25 00:00:00,86.575711557,86.348348989,86.783303466,86.289037015,28392350.0
2026-06-26 00:00:00,86.012247803,86.358234318,86.368119647,86.002461327,21650818.0
2026-06-29 00:00:00,86.353291654,86.447202279,86.536170241,86.298922344,19457155.0
2026-06-30 00:00:00,86.150642409,85.42901339,86.175355731,85.38452941,31079477.0
2026-07-01 00:00:00,84.811904646,84.851592014,85.119481745,84.757334516,28109797.0
2026-07-02 00:00:00,84.712686227,84.841670172,85.109559903,84.702764385,20957228.0
2026-07-06 00:00:00,84.762295437,84.78213912,84.811904646,84.514249389,17940936.0
2026-07-07 00:00:00,84.449757416,83.889173349,84.502045523,83.879251507,24816434.0
2026-07-08 00:00:00,83.651049143,83.700658352,83.789954929,83.403102313,25806645.0
2026-07-09 00:00:00,83.621283617,83.829642297,84.018157293,83.596479012,18625289.0
2026-07-10 00:00:00,83.84452506,83.809798613,83.963587163,83.621283617,14454110.0
2026-07-13 00:00:00,83.527026119,83.313706518,83.621283617,83.277987887,18742492.0
2026-07-14 00:00:00,83.522065198,83.422846779,83.839564139,83.37819849,23793453.0
2026-07-15 00:00:00,83.422846779,83.581596249,83.745306641,83.422846779,17837800.0
2026-07-16 00:00:00,83.184722573,83.551830724,83.561752566,83.135113363,20817836.0
2026-07-17 00:00:00,83.958626242,83.859407823,84.15706308,83.829642297,22065623.0
2026-07-20 00:00:00,83.651049143,83.234331782,83.680814668,83.159917968,24289038.0
2026-07-21 00:00:00,83.080543233,83.006129419,83.11526968,82.777927055,14287531.0
2026-07-22 00:00:00,82.951559288,82.787848897,83.045816786,82.728417063,15988382.0
2026-07-23 00:00:00,82.341366011,82.519959165,82.5993339,82.311600485,29152762.0
2026-07-24 00:00:00,82.658864952,82.5993339,83.001168498,82.574529295,15105997.0
2026-07-27 00:00:00,83.075582312,83.095425996,83.214488099,82.867223632,23818953.0
2026-07-28 00:00:00,83.204566257,83.581596249,83.680814668,83.189683494,25366895.0
2026-07-29 00:00:00,83.442690463,82.202460224,83.493589512,82.053632595,41445198.0
2026-07-30 00:00:00,82.157811935,82.152851014,82.252069433,81.87007852,40407332.0
2026-07-31 00:00:00,81.805586547,81.607149709,81.805586547,81.2499634,50359783.0
2026-08-03 00:00:00,81.92637776,81.876568435,82.035958275,81.697254865,32050804.0
2026-08-04 00:00:00,82.334814225,82.50416593,82.52408966,82.255119305,38408581.0
2026-08-05 00:00:00,82.628689242,82.6834795,82.832907475,82.4842422,29465796.0
2026-08-06 00:00:00,82.454356605,82.20530998,82.60378458,82.0857676,27566560.0
2026-08-07 00:00:00,82.479261267,82.44439474,82.534051525,82.165562138,96129996.0
2026-08-10 00:00:00,82.0857676,81.74706419,82.135576925,81.717178595,36743633.0
2026-08-11 00:00:00,81.956263355,81.876568435,82.142350993,81.80683538,23268515.0
2026-08-12 00:00:00,82.135576925,81.796873515,82.160481587,81.737102325,21444552.0
2026-08-13 00:00:00,82.275043035,82.275043035,82.6834795,82.175424385,26921527.0
2026-08-14 00:00:00,81.916415895,81.72714046,82.04592014,81.50797943,31374783.0
2026-08-17 00:00:00,81.458170105,81.039771775,81.544140999,80.999924315,31557703.0
2026-08-18 00:00:00,80.95011499,81.34858959,81.438246375,80.860458205,25037129.0
2026-08-19 00:00:00,82.489223132,82.70340323,82.74325069,82.294966765,51309461.0
2026-08-20 00:00:00,82.040939207,82.02599641,82.454356605,81.836720975,39569868.0
2026-08-21 00:00:00,81.856644705,81.737102325,81.956263355,81.58767435,24269092.0
2026-08-24 00:00:00,82.175424385,82.24515744,82.56393712,82.135576925,29038464.0
2026-08-25 00:00:00,82.788079082,83.151687155,83.16164902,82.653593905,35015083.0
2026-08-26 00:00:00,82.952449855,82.98233545,82.98233545,82.753212555,20658791.0
2026-08-27 00:00:00,82.8827168,82.812983745,83.032144775,82.6834795,17361883.0
2026-08-28 00:00:00,82.72332696,82.56393712,83.279896357,82.464418088,35809817.0
2026-08-31 00:00:00,82.155500655,82.20530998,82.215271845,81.831740042,37317413.0
2026-09-01 00:00:00,81.89,81.87,82.35,81.78,25623870.0
2026-09-02 00:00:00,81.975,81.95,82.0476,81.745,21454291.0
2026-09-03 00:00:00,82.36,82.07,82.43,82.06,18042011.0
2026-09-04 00:00:00,82.29,82.21,82.5,82.18,16591945.0
2026-09-08 00:00:00,82.44,82.2,82.4599,81.93,16100026.0
2026-09-09 00:00:00,82.19,81.73,82.31,81.36,40675417.0
2026-09-10 00:00:00,80.995,80.78,81.36,80.665,60481495.0
2026-09-11 00:00:00,81.3,81.025,81.475,80.93,21331318.0
