,A1 多周期动量 top2 月频 无止损,A1 多周期动量 top2 周频 无止损,A1 多周期动量 top3 月频 无止损,A1 多周期动量 top2 月频 +15%止损(无回补),A1 多周期动量 top2 月频 +15%止损+回收0.90,A1 多周期动量 top2 月频 +15%止损+回收0.95,A1 多周期动量 top2 月频 +15%止损+回收1.00,经典12-1 top2 月频 无止损 (对照),经典12-1 top2 月频 +15%止损+回收0.90,A1 top2 月频 无止损 (53热门池)
2023-09-01,3000.0,3000.0,3000.0,3000.0,3000.0,3000.0,3000.0,3000.0,3000.0,3000.0
2023-09-05,3000.0,3000.0,3000.0,3000.0,3000.0,3000.0,3000.0,3000.0,3000.0,3000.0
2023-09-06,3000.0,3000.0,3000.0,3000.0,3000.0,3000.0,3000.0,3000.0,3000.0,3000.0
2023-09-07,3000.0,3000.0,3000.0,3000.0,3000.0,3000.0,3000.0,3000.0,3000.0,3000.0
2023-09-08,3000.0,3000.0,3000.0,3000.0,3000.0,3000.0,3000.0,3000.0,3000.0,3000.0
2023-09-11,3000.0,3000.0,3000.0,3000.0,3000.0,3000.0,3000.0,3000.0,3000.0,3000.0
2023-09-12,3000.0,3000.0,3000.0,3000.0,3000.0,3000.0,3000.0,3000.0,3000.0,3000.0
2023-09-13,3000.0,3000.0,3000.0,3000.0,3000.0,3000.0,3000.0,3000.0,3000.0,3000.0
2023-09-14,3000.0,3000.0,3000.0,3000.0,3000.0,3000.0,3000.0,3000.0,3000.0,3000.0
2023-09-15,3000.0,3000.0,3000.0,3000.0,3000.0,3000.0,3000.0,3000.0,3000.0,3000.0
2023-09-18,3000.0,3000.0,3000.0,3000.0,3000.0,3000.0,3000.0,3000.0,3000.0,3000.0
2023-09-19,3000.0,3000.0,3000.0,3000.0,3000.0,3000.0,3000.0,3000.0,3000.0,3000.0
2023-09-20,3000.0,3000.0,3000.0,3000.0,3000.0,3000.0,3000.0,3000.0,3000.0,3000.0
2023-09-21,3000.0,3000.0,3000.0,3000.0,3000.0,3000.0,3000.0,3000.0,3000.0,3000.0
2023-09-22,3000.0,3000.0,3000.0,3000.0,3000.0,3000.0,3000.0,3000.0,3000.0,3000.0
2023-09-25,3000.0,3000.0,3000.0,3000.0,3000.0,3000.0,3000.0,3000.0,3000.0,3000.0
2023-09-26,3000.0,3000.0,3000.0,3000.0,3000.0,3000.0,3000.0,3000.0,3000.0,3000.0
2023-09-27,3000.0,3000.0,3000.0,3000.0,3000.0,3000.0,3000.0,3000.0,3000.0,3000.0
2023-09-28,3000.0,3000.0,3000.0,3000.0,3000.0,3000.0,3000.0,3000.0,3000.0,3000.0
2023-09-29,3000.0,3000.0,3000.0,3000.0,3000.0,3000.0,3000.0,3000.0,3000.0,3000.0
2023-10-02,3000.0,3000.0,3000.0,3000.0,3000.0,3000.0,3000.0,3000.0,3000.0,3000.0
2023-10-03,3000.0,3000.0,3000.0,3000.0,3000.0,3000.0,3000.0,3000.0,3000.0,3000.0
2023-10-04,3000.0,3000.0,3000.0,3000.0,3000.0,3000.0,3000.0,3000.0,3000.0,3000.0
2023-10-05,3000.0,3000.0,3000.0,3000.0,3000.0,3000.0,3000.0,3000.0,3000.0,3000.0
2023-10-06,3000.0,3000.0,3000.0,3000.0,3000.0,3000.0,3000.0,3000.0,3000.0,3000.0
2023-10-09,3000.0,3000.0,3000.0,3000.0,3000.0,3000.0,3000.0,3000.0,3000.0,3000.0
2023-10-10,3000.0,3000.0,3000.0,3000.0,3000.0,3000.0,3000.0,3000.0,3000.0,3000.0
2023-10-11,3000.0,3000.0,3000.0,3000.0,3000.0,3000.0,3000.0,3000.0,3000.0,3000.0
2023-10-12,3000.0,3000.0,3000.0,3000.0,3000.0,3000.0,3000.0,3000.0,3000.0,3000.0
2023-10-13,3000.0,3000.0,3000.0,3000.0,3000.0,3000.0,3000.0,3000.0,3000.0,3000.0
2023-10-16,3000.0,3000.0,3000.0,3000.0,3000.0,3000.0,3000.0,3000.0,3000.0,3000.0
2023-10-17,3000.0,3000.0,3000.0,3000.0,3000.0,3000.0,3000.0,3000.0,3000.0,3000.0
2023-10-18,3000.0,3000.0,3000.0,3000.0,3000.0,3000.0,3000.0,3000.0,3000.0,3000.0
2023-10-19,3000.0,3000.0,3000.0,3000.0,3000.0,3000.0,3000.0,3000.0,3000.0,3000.0
2023-10-20,3000.0,3000.0,3000.0,3000.0,3000.0,3000.0,3000.0,3000.0,3000.0,3000.0
2023-10-23,3000.0,3000.0,3000.0,3000.0,3000.0,3000.0,3000.0,3000.0,3000.0,3000.0
2023-10-24,3000.0,3000.0,3000.0,3000.0,3000.0,3000.0,3000.0,3000.0,3000.0,3000.0
2023-10-25,3000.0,3000.0,3000.0,3000.0,3000.0,3000.0,3000.0,3000.0,3000.0,3000.0
2023-10-26,3000.0,3000.0,3000.0,3000.0,3000.0,3000.0,3000.0,3000.0,3000.0,3000.0
2023-10-27,3000.0,3000.0,3000.0,3000.0,3000.0,3000.0,3000.0,3000.0,3000.0,3000.0
2023-10-30,3000.0,3000.0,3000.0,3000.0,3000.0,3000.0,3000.0,3000.0,3000.0,3000.0
2023-10-31,3000.0,3000.0,3000.0,3000.0,3000.0,3000.0,3000.0,3000.0,3000.0,3000.0
2023-11-01,3000.0,3000.0,3000.0,3000.0,3000.0,3000.0,3000.0,3000.0,3000.0,3000.0
2023-11-02,3000.0,3000.0,3000.0,3000.0,3000.0,3000.0,3000.0,3000.0,3000.0,3000.0
2023-11-03,3000.0,3000.0,3000.0,3000.0,3000.0,3000.0,3000.0,3000.0,3000.0,3000.0
2023-11-06,3000.0,3000.0,3000.0,3000.0,3000.0,3000.0,3000.0,3000.0,3000.0,3000.0
2023-11-07,3000.0,3000.0,3000.0,3000.0,3000.0,3000.0,3000.0,3000.0,3000.0,3000.0
2023-11-08,3000.0,3000.0,3000.0,3000.0,3000.0,3000.0,3000.0,3000.0,3000.0,3000.0
2023-11-09,3000.0,3000.0,3000.0,3000.0,3000.0,3000.0,3000.0,3000.0,3000.0,3000.0
2023-11-10,3000.0,3000.0,3000.0,3000.0,3000.0,3000.0,3000.0,3000.0,3000.0,3000.0
2023-11-13,3000.0,3000.0,3000.0,3000.0,3000.0,3000.0,3000.0,3000.0,3000.0,3000.0
2023-11-14,3000.0,3000.0,3000.0,3000.0,3000.0,3000.0,3000.0,3000.0,3000.0,3000.0
2023-11-15,3000.0,3000.0,3000.0,3000.0,3000.0,3000.0,3000.0,3000.0,3000.0,3000.0
2023-11-16,3000.0,3000.0,3000.0,3000.0,3000.0,3000.0,3000.0,3000.0,3000.0,3000.0
2023-11-17,3000.0,3000.0,3000.0,3000.0,3000.0,3000.0,3000.0,3000.0,3000.0,3000.0
2023-11-20,3000.0,3000.0,3000.0,3000.0,3000.0,3000.0,3000.0,3000.0,3000.0,3000.0
2023-11-21,3000.0,3000.0,3000.0,3000.0,3000.0,3000.0,3000.0,3000.0,3000.0,3000.0
2023-11-22,3000.0,3000.0,3000.0,3000.0,3000.0,3000.0,3000.0,3000.0,3000.0,3000.0
2023-11-24,3000.0,3000.0,3000.0,3000.0,3000.0,3000.0,3000.0,3000.0,3000.0,3000.0
2023-11-27,3000.0,3000.0,3000.0,3000.0,3000.0,3000.0,3000.0,3000.0,3000.0,3000.0
2023-11-28,3000.0,3000.0,3000.0,3000.0,3000.0,3000.0,3000.0,3000.0,3000.0,3000.0
2023-11-29,3000.0,3000.0,3000.0,3000.0,3000.0,3000.0,3000.0,3000.0,3000.0,3000.0
2023-11-30,3000.0,3000.0,3000.0,3000.0,3000.0,3000.0,3000.0,3000.0,3000.0,3000.0
2023-12-01,3000.0,3000.0,3000.0,3000.0,3000.0,3000.0,3000.0,3000.0,3000.0,3000.0
2023-12-04,3000.0,3000.0,3000.0,3000.0,3000.0,3000.0,3000.0,3000.0,3000.0,3000.0
2023-12-05,3000.0,3000.0,3000.0,3000.0,3000.0,3000.0,3000.0,3000.0,3000.0,3000.0
2023-12-06,3000.0,3000.0,3000.0,3000.0,3000.0,3000.0,3000.0,3000.0,3000.0,3000.0
2023-12-07,3000.0,3000.0,3000.0,3000.0,3000.0,3000.0,3000.0,3000.0,3000.0,3000.0
2023-12-08,3000.0,3000.0,3000.0,3000.0,3000.0,3000.0,3000.0,3000.0,3000.0,3000.0
2023-12-11,3000.0,3000.0,3000.0,3000.0,3000.0,3000.0,3000.0,3000.0,3000.0,3000.0
2023-12-12,3000.0,3000.0,3000.0,3000.0,3000.0,3000.0,3000.0,3000.0,3000.0,3000.0
2023-12-13,3000.0,3000.0,3000.0,3000.0,3000.0,3000.0,3000.0,3000.0,3000.0,3000.0
2023-12-14,3000.0,3000.0,3000.0,3000.0,3000.0,3000.0,3000.0,3000.0,3000.0,3000.0
2023-12-15,3000.0,3000.0,3000.0,3000.0,3000.0,3000.0,3000.0,3000.0,3000.0,3000.0
2023-12-18,3000.0,3000.0,3000.0,3000.0,3000.0,3000.0,3000.0,3000.0,3000.0,3000.0
2023-12-19,3000.0,3000.0,3000.0,3000.0,3000.0,3000.0,3000.0,3000.0,3000.0,3000.0
2023-12-20,3000.0,3000.0,3000.0,3000.0,3000.0,3000.0,3000.0,3000.0,3000.0,3000.0
2023-12-21,3000.0,3000.0,3000.0,3000.0,3000.0,3000.0,3000.0,3000.0,3000.0,3000.0
2023-12-22,3000.0,3000.0,3000.0,3000.0,3000.0,3000.0,3000.0,3000.0,3000.0,3000.0
2023-12-26,3000.0,3000.0,3000.0,3000.0,3000.0,3000.0,3000.0,3000.0,3000.0,3000.0
2023-12-27,3000.0,3000.0,3000.0,3000.0,3000.0,3000.0,3000.0,3000.0,3000.0,3000.0
2023-12-28,3000.0,3000.0,3000.0,3000.0,3000.0,3000.0,3000.0,3000.0,3000.0,3000.0
2023-12-29,3000.0,3000.0,3000.0,3000.0,3000.0,3000.0,3000.0,3000.0,3000.0,3000.0
2024-01-02,3000.0,3000.0,3000.0,3000.0,3000.0,3000.0,3000.0,3000.0,3000.0,3000.0
2024-01-03,3000.0,3000.0,3000.0,3000.0,3000.0,3000.0,3000.0,3000.0,3000.0,3000.0
2024-01-04,3000.0,3000.0,3000.0,3000.0,3000.0,3000.0,3000.0,3000.0,3000.0,3000.0
2024-01-05,3000.0,3000.0,3000.0,3000.0,3000.0,3000.0,3000.0,3000.0,3000.0,3000.0
2024-01-08,3000.0,3000.0,3000.0,3000.0,3000.0,3000.0,3000.0,3000.0,3000.0,3000.0
2024-01-09,3000.0,3000.0,3000.0,3000.0,3000.0,3000.0,3000.0,3000.0,3000.0,3000.0
2024-01-10,3000.0,3000.0,3000.0,3000.0,3000.0,3000.0,3000.0,3000.0,3000.0,3000.0
2024-01-11,3000.0,3000.0,3000.0,3000.0,3000.0,3000.0,3000.0,3000.0,3000.0,3000.0
2024-01-12,3000.0,3000.0,3000.0,3000.0,3000.0,3000.0,3000.0,3000.0,3000.0,3000.0
2024-01-16,3000.0,3000.0,3000.0,3000.0,3000.0,3000.0,3000.0,3000.0,3000.0,3000.0
2024-01-17,3000.0,3000.0,3000.0,3000.0,3000.0,3000.0,3000.0,3000.0,3000.0,3000.0
2024-01-18,3000.0,3000.0,3000.0,3000.0,3000.0,3000.0,3000.0,3000.0,3000.0,3000.0
2024-01-19,3000.0,3000.0,3000.0,3000.0,3000.0,3000.0,3000.0,3000.0,3000.0,3000.0
2024-01-22,3000.0,3000.0,3000.0,3000.0,3000.0,3000.0,3000.0,3000.0,3000.0,3000.0
2024-01-23,3000.0,3000.0,3000.0,3000.0,3000.0,3000.0,3000.0,3000.0,3000.0,3000.0
2024-01-24,3000.0,3000.0,3000.0,3000.0,3000.0,3000.0,3000.0,3000.0,3000.0,3000.0
2024-01-25,3000.0,3000.0,3000.0,3000.0,3000.0,3000.0,3000.0,3000.0,3000.0,3000.0
2024-01-26,3000.0,3000.0,3000.0,3000.0,3000.0,3000.0,3000.0,3000.0,3000.0,3000.0
2024-01-29,3000.0,3000.0,3000.0,3000.0,3000.0,3000.0,3000.0,3000.0,3000.0,3000.0
2024-01-30,3000.0,3000.0,3000.0,3000.0,3000.0,3000.0,3000.0,3000.0,3000.0,3000.0
2024-01-31,3000.0,3000.0,3000.0,3000.0,3000.0,3000.0,3000.0,3000.0,3000.0,3000.0
2024-02-01,3000.0,3000.0,3000.0,3000.0,3000.0,3000.0,3000.0,3000.0,3000.0,3000.0
2024-02-02,3000.0,3000.0,3000.0,3000.0,3000.0,3000.0,3000.0,3000.0,3000.0,3000.0
2024-02-05,3000.0,3000.0,3000.0,3000.0,3000.0,3000.0,3000.0,3000.0,3000.0,3000.0
2024-02-06,3000.0,3000.0,3000.0,3000.0,3000.0,3000.0,3000.0,3000.0,3000.0,3000.0
2024-02-07,3000.0,3000.0,3000.0,3000.0,3000.0,3000.0,3000.0,3000.0,3000.0,3000.0
2024-02-08,3000.0,3000.0,3000.0,3000.0,3000.0,3000.0,3000.0,3000.0,3000.0,3000.0
2024-02-09,3000.0,3000.0,3000.0,3000.0,3000.0,3000.0,3000.0,3000.0,3000.0,3000.0
2024-02-12,3000.0,3000.0,3000.0,3000.0,3000.0,3000.0,3000.0,3000.0,3000.0,3000.0
2024-02-13,3000.0,3000.0,3000.0,3000.0,3000.0,3000.0,3000.0,3000.0,3000.0,3000.0
2024-02-14,3000.0,3000.0,3000.0,3000.0,3000.0,3000.0,3000.0,3000.0,3000.0,3000.0
2024-02-15,3000.0,3000.0,3000.0,3000.0,3000.0,3000.0,3000.0,3000.0,3000.0,3000.0
2024-02-16,3000.0,3000.0,3000.0,3000.0,3000.0,3000.0,3000.0,3000.0,3000.0,3000.0
2024-02-20,3000.0,3000.0,3000.0,3000.0,3000.0,3000.0,3000.0,3000.0,3000.0,3000.0
2024-02-21,3000.0,3000.0,3000.0,3000.0,3000.0,3000.0,3000.0,3000.0,3000.0,3000.0
2024-02-22,3000.0,3000.0,3000.0,3000.0,3000.0,3000.0,3000.0,3000.0,3000.0,3000.0
2024-02-23,3000.0,3000.0,3000.0,3000.0,3000.0,3000.0,3000.0,3000.0,3000.0,3000.0
2024-02-26,3000.0,3000.0,3000.0,3000.0,3000.0,3000.0,3000.0,3000.0,3000.0,3000.0
2024-02-27,3000.0,3000.0,3000.0,3000.0,3000.0,3000.0,3000.0,3000.0,3000.0,3000.0
2024-02-28,3000.0,3000.0,3000.0,3000.0,3000.0,3000.0,3000.0,3000.0,3000.0,3000.0
2024-02-29,3000.0,3000.0,3000.0,3000.0,3000.0,3000.0,3000.0,3000.0,3000.0,3000.0
2024-03-01,3000.0,3000.0,3000.0,3000.0,3000.0,3000.0,3000.0,3000.0,3000.0,3000.0
2024-03-04,3000.0,3000.0,3000.0,3000.0,3000.0,3000.0,3000.0,3000.0,3000.0,3000.0
2024-03-05,3000.0,3000.0,3000.0,3000.0,3000.0,3000.0,3000.0,3000.0,3000.0,3000.0
2024-03-06,3000.0,3000.0,3000.0,3000.0,3000.0,3000.0,3000.0,3000.0,3000.0,3000.0
2024-03-07,3000.0,3000.0,3000.0,3000.0,3000.0,3000.0,3000.0,3000.0,3000.0,3000.0
2024-03-08,3000.0,3000.0,3000.0,3000.0,3000.0,3000.0,3000.0,3000.0,3000.0,3000.0
2024-03-11,3000.0,3000.0,3000.0,3000.0,3000.0,3000.0,3000.0,3000.0,3000.0,3000.0
2024-03-12,3000.0,3000.0,3000.0,3000.0,3000.0,3000.0,3000.0,3000.0,3000.0,3000.0
2024-03-13,3000.0,3000.0,3000.0,3000.0,3000.0,3000.0,3000.0,3000.0,3000.0,3000.0
2024-03-14,3000.0,3000.0,3000.0,3000.0,3000.0,3000.0,3000.0,3000.0,3000.0,3000.0
2024-03-15,3000.0,3000.0,3000.0,3000.0,3000.0,3000.0,3000.0,3000.0,3000.0,3000.0
2024-03-18,3000.0,3000.0,3000.0,3000.0,3000.0,3000.0,3000.0,3000.0,3000.0,3000.0
2024-03-19,3000.0,3000.0,3000.0,3000.0,3000.0,3000.0,3000.0,3000.0,3000.0,3000.0
2024-03-20,3000.0,3000.0,3000.0,3000.0,3000.0,3000.0,3000.0,3000.0,3000.0,3000.0
2024-03-21,3000.0,3000.0,3000.0,3000.0,3000.0,3000.0,3000.0,3000.0,3000.0,3000.0
2024-03-22,3000.0,3000.0,3000.0,3000.0,3000.0,3000.0,3000.0,3000.0,3000.0,3000.0
2024-03-25,3000.0,3000.0,3000.0,3000.0,3000.0,3000.0,3000.0,3000.0,3000.0,3000.0
2024-03-26,3000.0,3000.0,3000.0,3000.0,3000.0,3000.0,3000.0,3000.0,3000.0,3000.0
2024-03-27,3000.0,3000.0,3000.0,3000.0,3000.0,3000.0,3000.0,3000.0,3000.0,3000.0
2024-03-28,3000.0,3000.0,3000.0,3000.0,3000.0,3000.0,3000.0,3000.0,3000.0,3000.0
2024-04-01,3000.0,3000.0,3000.0,3000.0,3000.0,3000.0,3000.0,3000.0,3000.0,3000.0
2024-04-02,3000.0,3000.0,3000.0,3000.0,3000.0,3000.0,3000.0,3000.0,3000.0,3000.0
2024-04-03,3000.0,3000.0,3000.0,3000.0,3000.0,3000.0,3000.0,3000.0,3000.0,3000.0
2024-04-04,3000.0,3000.0,3000.0,3000.0,3000.0,3000.0,3000.0,3000.0,3000.0,3000.0
2024-04-05,3000.0,3000.0,3000.0,3000.0,3000.0,3000.0,3000.0,3000.0,3000.0,3000.0
2024-04-08,3000.0,3000.0,3000.0,3000.0,3000.0,3000.0,3000.0,3000.0,3000.0,3000.0
2024-04-09,3000.0,3000.0,3000.0,3000.0,3000.0,3000.0,3000.0,3000.0,3000.0,3000.0
2024-04-10,3000.0,3000.0,3000.0,3000.0,3000.0,3000.0,3000.0,3000.0,3000.0,3000.0
2024-04-11,3000.0,3000.0,3000.0,3000.0,3000.0,3000.0,3000.0,3000.0,3000.0,3000.0
2024-04-12,3000.0,3000.0,3000.0,3000.0,3000.0,3000.0,3000.0,3000.0,3000.0,3000.0
2024-04-15,3000.0,3000.0,3000.0,3000.0,3000.0,3000.0,3000.0,3000.0,3000.0,3000.0
2024-04-16,3000.0,3000.0,3000.0,3000.0,3000.0,3000.0,3000.0,3000.0,3000.0,3000.0
2024-04-17,3000.0,3000.0,3000.0,3000.0,3000.0,3000.0,3000.0,3000.0,3000.0,3000.0
2024-04-18,3000.0,3000.0,3000.0,3000.0,3000.0,3000.0,3000.0,3000.0,3000.0,3000.0
2024-04-19,3000.0,3000.0,3000.0,3000.0,3000.0,3000.0,3000.0,3000.0,3000.0,3000.0
2024-04-22,3000.0,3000.0,3000.0,3000.0,3000.0,3000.0,3000.0,3000.0,3000.0,3000.0
2024-04-23,3000.0,3000.0,3000.0,3000.0,3000.0,3000.0,3000.0,3000.0,3000.0,3000.0
2024-04-24,3000.0,3000.0,3000.0,3000.0,3000.0,3000.0,3000.0,3000.0,3000.0,3000.0
2024-04-25,3000.0,3000.0,3000.0,3000.0,3000.0,3000.0,3000.0,3000.0,3000.0,3000.0
2024-04-26,3000.0,3000.0,3000.0,3000.0,3000.0,3000.0,3000.0,3000.0,3000.0,3000.0
2024-04-29,3000.0,3000.0,3000.0,3000.0,3000.0,3000.0,3000.0,3000.0,3000.0,3000.0
2024-04-30,3000.0,3000.0,3000.0,3000.0,3000.0,3000.0,3000.0,3000.0,3000.0,3000.0
2024-05-01,3000.0,3000.0,3000.0,3000.0,3000.0,3000.0,3000.0,3000.0,3000.0,3000.0
2024-05-02,3000.0,3000.0,3000.0,3000.0,3000.0,3000.0,3000.0,3000.0,3000.0,3000.0
2024-05-03,3000.0,3000.0,3000.0,3000.0,3000.0,3000.0,3000.0,3000.0,3000.0,3000.0
2024-05-06,3000.0,3000.0,3000.0,3000.0,3000.0,3000.0,3000.0,3000.0,3000.0,3000.0
2024-05-07,3000.0,3000.0,3000.0,3000.0,3000.0,3000.0,3000.0,3000.0,3000.0,3000.0
2024-05-08,3000.0,3000.0,3000.0,3000.0,3000.0,3000.0,3000.0,3000.0,3000.0,3000.0
2024-05-09,3000.0,3000.0,3000.0,3000.0,3000.0,3000.0,3000.0,3000.0,3000.0,3000.0
2024-05-10,3000.0,3000.0,3000.0,3000.0,3000.0,3000.0,3000.0,3000.0,3000.0,3000.0
2024-05-13,3000.0,3000.0,3000.0,3000.0,3000.0,3000.0,3000.0,3000.0,3000.0,3000.0
2024-05-14,3000.0,3000.0,3000.0,3000.0,3000.0,3000.0,3000.0,3000.0,3000.0,3000.0
2024-05-15,3000.0,3000.0,3000.0,3000.0,3000.0,3000.0,3000.0,3000.0,3000.0,3000.0
2024-05-16,3000.0,3000.0,3000.0,3000.0,3000.0,3000.0,3000.0,3000.0,3000.0,3000.0
2024-05-17,3000.0,3000.0,3000.0,3000.0,3000.0,3000.0,3000.0,3000.0,3000.0,3000.0
2024-05-20,3000.0,3000.0,3000.0,3000.0,3000.0,3000.0,3000.0,3000.0,3000.0,3000.0
2024-05-21,3000.0,3000.0,3000.0,3000.0,3000.0,3000.0,3000.0,3000.0,3000.0,3000.0
2024-05-22,3000.0,3000.0,3000.0,3000.0,3000.0,3000.0,3000.0,3000.0,3000.0,3000.0
2024-05-23,3000.0,3000.0,3000.0,3000.0,3000.0,3000.0,3000.0,3000.0,3000.0,3000.0
2024-05-24,3000.0,3000.0,3000.0,3000.0,3000.0,3000.0,3000.0,3000.0,3000.0,3000.0
2024-05-28,3000.0,3000.0,3000.0,3000.0,3000.0,3000.0,3000.0,3000.0,3000.0,3000.0
2024-05-29,3000.0,3000.0,3000.0,3000.0,3000.0,3000.0,3000.0,3000.0,3000.0,3000.0
2024-05-30,3000.0,3000.0,3000.0,3000.0,3000.0,3000.0,3000.0,3000.0,3000.0,3000.0
2024-05-31,3000.0,3000.0,3000.0,3000.0,3000.0,3000.0,3000.0,3000.0,3000.0,3000.0
2024-06-03,3000.0,3000.0,3000.0,3000.0,3000.0,3000.0,3000.0,3000.0,3000.0,3000.0
2024-06-04,3000.0,3000.0,3000.0,3000.0,3000.0,3000.0,3000.0,3000.0,3000.0,3000.0
2024-06-05,3000.0,3000.0,3000.0,3000.0,3000.0,3000.0,3000.0,3000.0,3000.0,3000.0
2024-06-06,3000.0,3000.0,3000.0,3000.0,3000.0,3000.0,3000.0,3000.0,3000.0,3000.0
2024-06-07,3000.0,3000.0,3000.0,3000.0,3000.0,3000.0,3000.0,3000.0,3000.0,3000.0
2024-06-10,3000.0,3000.0,3000.0,3000.0,3000.0,3000.0,3000.0,3000.0,3000.0,3000.0
2024-06-11,3000.0,3000.0,3000.0,3000.0,3000.0,3000.0,3000.0,3000.0,3000.0,3000.0
2024-06-12,3000.0,3000.0,3000.0,3000.0,3000.0,3000.0,3000.0,3000.0,3000.0,3000.0
2024-06-13,3000.0,3000.0,3000.0,3000.0,3000.0,3000.0,3000.0,3000.0,3000.0,3000.0
2024-06-14,3000.0,3000.0,3000.0,3000.0,3000.0,3000.0,3000.0,3000.0,3000.0,3000.0
2024-06-17,3000.0,3000.0,3000.0,3000.0,3000.0,3000.0,3000.0,3000.0,3000.0,3000.0
2024-06-18,3000.0,3000.0,3000.0,3000.0,3000.0,3000.0,3000.0,3000.0,3000.0,3000.0
2024-06-20,3000.0,3000.0,3000.0,3000.0,3000.0,3000.0,3000.0,3000.0,3000.0,3000.0
2024-06-21,3000.0,3000.0,3000.0,3000.0,3000.0,3000.0,3000.0,3000.0,3000.0,3000.0
2024-06-24,3000.0,3000.0,3000.0,3000.0,3000.0,3000.0,3000.0,3000.0,3000.0,3000.0
2024-06-25,3000.0,3000.0,3000.0,3000.0,3000.0,3000.0,3000.0,3000.0,3000.0,3000.0
2024-06-26,3000.0,3000.0,3000.0,3000.0,3000.0,3000.0,3000.0,3000.0,3000.0,3000.0
2024-06-27,3000.0,3000.0,3000.0,3000.0,3000.0,3000.0,3000.0,3000.0,3000.0,3000.0
2024-06-28,3000.0,3000.0,3000.0,3000.0,3000.0,3000.0,3000.0,3000.0,3000.0,3000.0
2024-07-01,3000.0,3000.0,3000.0,3000.0,3000.0,3000.0,3000.0,3000.0,3000.0,3000.0
2024-07-02,3000.0,3000.0,3000.0,3000.0,3000.0,3000.0,3000.0,3000.0,3000.0,3000.0
2024-07-03,3000.0,3000.0,3000.0,3000.0,3000.0,3000.0,3000.0,3000.0,3000.0,3000.0
2024-07-05,3000.0,3000.0,3000.0,3000.0,3000.0,3000.0,3000.0,3000.0,3000.0,3000.0
2024-07-08,3000.0,3000.0,3000.0,3000.0,3000.0,3000.0,3000.0,3000.0,3000.0,3000.0
2024-07-09,3000.0,3000.0,3000.0,3000.0,3000.0,3000.0,3000.0,3000.0,3000.0,3000.0
2024-07-10,3000.0,3000.0,3000.0,3000.0,3000.0,3000.0,3000.0,3000.0,3000.0,3000.0
2024-07-11,3000.0,3000.0,3000.0,3000.0,3000.0,3000.0,3000.0,3000.0,3000.0,3000.0
2024-07-12,3000.0,3000.0,3000.0,3000.0,3000.0,3000.0,3000.0,3000.0,3000.0,3000.0
2024-07-15,3000.0,3000.0,3000.0,3000.0,3000.0,3000.0,3000.0,3000.0,3000.0,3000.0
2024-07-16,3000.0,3000.0,3000.0,3000.0,3000.0,3000.0,3000.0,3000.0,3000.0,3000.0
2024-07-17,3000.0,3000.0,3000.0,3000.0,3000.0,3000.0,3000.0,3000.0,3000.0,3000.0
2024-07-18,3000.0,3000.0,3000.0,3000.0,3000.0,3000.0,3000.0,3000.0,3000.0,3000.0
2024-07-19,3000.0,3000.0,3000.0,3000.0,3000.0,3000.0,3000.0,3000.0,3000.0,3000.0
2024-07-22,3000.0,3000.0,3000.0,3000.0,3000.0,3000.0,3000.0,3000.0,3000.0,3000.0
2024-07-23,3000.0,3000.0,3000.0,3000.0,3000.0,3000.0,3000.0,3000.0,3000.0,3000.0
2024-07-24,3000.0,3000.0,3000.0,3000.0,3000.0,3000.0,3000.0,3000.0,3000.0,3000.0
2024-07-25,3000.0,3000.0,3000.0,3000.0,3000.0,3000.0,3000.0,3000.0,3000.0,3000.0
2024-07-26,3000.0,3000.0,3000.0,3000.0,3000.0,3000.0,3000.0,3000.0,3000.0,3000.0
2024-07-29,3000.0,3000.0,3000.0,3000.0,3000.0,3000.0,3000.0,3000.0,3000.0,3000.0
2024-07-30,3000.0,3000.0,3000.0,3000.0,3000.0,3000.0,3000.0,3000.0,3000.0,3000.0
2024-07-31,3000.0,3000.0,3000.0,3000.0,3000.0,3000.0,3000.0,3000.0,3000.0,3000.0
2024-08-01,3000.0,3000.0,3000.0,3000.0,3000.0,3000.0,3000.0,3000.0,3000.0,3000.0
2024-08-02,3000.0,3000.0,3000.0,3000.0,3000.0,3000.0,3000.0,3000.0,3000.0,3000.0
2024-08-05,3000.0,3000.0,3000.0,3000.0,3000.0,3000.0,3000.0,3000.0,3000.0,3000.0
2024-08-06,3000.0,3000.0,3000.0,3000.0,3000.0,3000.0,3000.0,3000.0,3000.0,3000.0
2024-08-07,3000.0,3000.0,3000.0,3000.0,3000.0,3000.0,3000.0,3000.0,3000.0,3000.0
2024-08-08,3000.0,3000.0,3000.0,3000.0,3000.0,3000.0,3000.0,3000.0,3000.0,3000.0
2024-08-09,3000.0,3000.0,3000.0,3000.0,3000.0,3000.0,3000.0,3000.0,3000.0,3000.0
2024-08-12,3000.0,3000.0,3000.0,3000.0,3000.0,3000.0,3000.0,3000.0,3000.0,3000.0
2024-08-13,3000.0,3000.0,3000.0,3000.0,3000.0,3000.0,3000.0,3000.0,3000.0,3000.0
2024-08-14,3000.0,3000.0,3000.0,3000.0,3000.0,3000.0,3000.0,3000.0,3000.0,3000.0
2024-08-15,3000.0,3000.0,3000.0,3000.0,3000.0,3000.0,3000.0,3000.0,3000.0,3000.0
2024-08-16,3000.0,3000.0,3000.0,3000.0,3000.0,3000.0,3000.0,3000.0,3000.0,3000.0
2024-08-19,3000.0,3000.0,3000.0,3000.0,3000.0,3000.0,3000.0,3000.0,3000.0,3000.0
2024-08-20,3000.0,3000.0,3000.0,3000.0,3000.0,3000.0,3000.0,3000.0,3000.0,3000.0
2024-08-21,3000.0,3000.0,3000.0,3000.0,3000.0,3000.0,3000.0,3000.0,3000.0,3000.0
2024-08-22,3000.0,3000.0,3000.0,3000.0,3000.0,3000.0,3000.0,3000.0,3000.0,3000.0
2024-08-23,3000.0,3000.0,3000.0,3000.0,3000.0,3000.0,3000.0,3000.0,3000.0,3000.0
2024-08-26,3000.0,3000.0,3000.0,3000.0,3000.0,3000.0,3000.0,3000.0,3000.0,3000.0
2024-08-27,3000.0,3000.0,3000.0,3000.0,3000.0,3000.0,3000.0,3000.0,3000.0,3000.0
2024-08-28,3000.0,3000.0,3000.0,3000.0,3000.0,3000.0,3000.0,3000.0,3000.0,3000.0
2024-08-29,3000.0,3000.0,3000.0,3000.0,3000.0,3000.0,3000.0,3000.0,3000.0,3000.0
2024-08-30,3000.0,3000.0,3000.0,3000.0,3000.0,3000.0,3000.0,3000.0,3000.0,3000.0
2024-09-03,3000.0,3000.0,3000.0,3000.0,3000.0,3000.0,3000.0,3000.0,3000.0,3000.0
2024-09-04,2997.0,2997.0,2995.5,2997.0,2997.0,2997.0,2997.0,2997.0,2997.0,2997.0
2024-09-05,2923.32,2923.32,2879.13,2923.32,2923.32,2923.32,2923.32,2919.56,2919.56,2923.32
2024-09-06,2864.1600000000003,2864.1600000000003,2808.7599999999998,2864.1600000000003,2864.1600000000003,2864.1600000000003,2864.1600000000003,2806.92,2806.92,2864.1600000000003
2024-09-09,3092.88,3092.88,2980.91,3092.88,3092.88,3092.88,3092.88,2963.96,2963.96,3092.88
2024-09-10,3154.5600000000004,3154.5600000000004,3031.79,3154.5600000000004,3154.5600000000004,3154.5600000000004,3154.5600000000004,3035.44,3035.44,3154.5600000000004
2024-09-11,3152.4000000000005,3146.4000000000005,3055.3,3152.4000000000005,3152.4000000000005,3152.4000000000005,3152.4000000000005,3025.88,3025.88,3152.4000000000005
2024-09-12,3171.7200000000003,3177.684033216001,3084.16,3171.7200000000003,3171.7200000000003,3171.7200000000003,3171.7200000000003,3066.7200000000003,3066.7200000000003,3171.7200000000003
2024-09-13,3316.4400000000005,3305.8446754799998,3194.3999999999996,3316.4400000000005,3316.4400000000005,3316.4400000000005,3316.4400000000005,3195.76,3195.76,3316.4400000000005
2024-09-16,3250.4400000000005,3208.6819268100007,3143.5,3250.4400000000005,3250.4400000000005,3250.4400000000005,3250.4400000000005,3106.28,3106.28,3250.4400000000005
2024-09-17,3214.6800000000007,3162.4410341700004,3113.08,3214.6800000000007,3214.6800000000007,3214.6800000000007,3214.6800000000007,3070.96,3070.96,3214.6800000000007
2024-09-18,3229.8,3159.956679834,3120.1499999999996,3229.8,3229.8,3229.8,3229.8,3088.52,3088.52,3229.8
2024-09-19,3384.4800000000005,3302.196679834,3252.54,3384.4800000000005,3384.4800000000005,3384.4800000000005,3384.4800000000005,3254.8,3254.8,3384.4800000000005
2024-09-20,3394.8000000000006,3312.026679834,3264.0699999999997,3394.8000000000006,3394.8000000000006,3394.8000000000006,3394.8000000000006,3263.6400000000003,3263.6400000000003,3394.8000000000006
2024-09-23,3475.0800000000004,3386.366679834,3329.88,3475.0800000000004,3475.0800000000004,3475.0800000000004,3475.0800000000004,3326.44,3326.44,3475.0800000000004
2024-09-24,3496.8,3405.2266798339997,3340.37,3496.8,3496.8,3496.8,3496.8,3379.2,3379.2,3496.8
2024-09-25,3478.8,3382.946679834,3328.63,3478.8,3478.8,3478.8,3478.8,3337.52,3337.52,3478.8
2024-09-26,3646.8,3553.046679834,3460.2699999999995,3646.8,3646.8,3646.8,3646.8,3557.3999999999996,3557.3999999999996,3646.8
2024-09-27,3763.4400000000005,3642.3766798340002,3539.8100000000004,3763.4400000000005,3763.4400000000005,3763.4400000000005,3763.4400000000005,3725.48,3725.48,3763.4400000000005
2024-09-30,3680.6400000000003,3550.276679834,3477.3099999999995,3680.6400000000003,3680.6400000000003,3680.6400000000003,3680.6400000000003,3581.7999999999997,3581.7999999999997,3680.6400000000003
2024-10-01,3591.96,3484.276679834,3402.7299999999996,3591.96,3591.96,3591.96,3591.96,3458.24,3458.24,3591.96
2024-10-02,3640.08,3523.6666798339998,3446.54,3640.08,3640.08,3640.08,3640.08,3479.48,3479.48,3640.08
2024-10-03,3661.3200000000006,3467.2066798339997,3470.89,3661.3200000000006,3661.3200000000006,3661.3200000000006,3661.3200000000006,3453.2400000000002,3453.2400000000002,3661.3200000000006
2024-10-04,3860.420000000001,3651.006679834,3628.201634384,3860.420000000001,3860.420000000001,3860.420000000001,3860.420000000001,3598.6912232970003,3598.6912232970003,3860.420000000001
2024-10-07,3953.8,3735.286679834,3688.955498096,3953.8,3953.8,3953.8,3953.8,3714.0387717160006,3714.0387717160006,3953.8
2024-10-08,3994.01,3770.466679834,3644.5074943679997,3994.01,3994.01,3994.01,3994.01,3811.2319236220005,3811.2319236220005,3994.01
2024-10-09,3961.8200000000006,3735.4066798339995,3620.335934468,3961.8200000000006,3961.8200000000006,3961.8200000000006,3961.8200000000006,3776.65641947,3776.65641947,3961.8200000000006
2024-10-10,3894.55,3688.676679833999,3561.942788236,3894.55,3894.55,3894.55,3894.55,3736.0359568240006,3736.0359568240006,3894.55
2024-10-11,4247.300000000001,4007.8266798339996,3807.2305517,4247.300000000001,4247.300000000001,4247.300000000001,4247.300000000001,4028.466144151,4028.466144151,4247.300000000001
2024-10-14,4145.18,3889.1466798339993,3727.768926928,4145.18,4145.18,4145.18,4145.18,3942.0948881940003,3942.0948881940003,4145.18
2024-10-15,4070.2200000000003,3802.306679833999,3642.228739524,4070.2200000000003,4070.2200000000003,4070.2200000000003,4070.2200000000003,3823.3260888120003,3823.3260888120003,4070.2200000000003
2024-10-16,4192.800000000001,3799.9266798339995,3740.746414088,4192.800000000001,4192.800000000001,4192.800000000001,4192.800000000001,3849.8889100600004,3849.8889100600004,4192.800000000001
2024-10-17,4134.43,3747.4866798339995,3672.4186193919995,4134.43,4134.43,4134.43,4134.43,3851.6362434860002,3851.6362434860002,4134.43
2024-10-18,4394.27,3961.276679834,3853.942531156,4394.27,4394.27,4394.27,4394.27,4083.5061994900007,4083.5061994900007,4394.27
2024-10-21,4474.360000000001,4030.9366798339997,3910.0455908920003,4474.360000000001,4474.360000000001,4474.360000000001,4474.360000000001,4155.269235731001,4155.269235731001,4474.360000000001
2024-10-22,4471.51,4027.6866798339997,3906.4494377839997,4471.51,4471.51,4471.51,4471.51,4160.931483655,4160.931483655,4471.51
2024-10-23,4383.26,3947.1866798339993,3831.718602572,4383.26,4383.26,4383.26,4383.26,4075.296976464,4075.296976464,4383.26
2024-10-24,4652.6,4170.406679833999,4006.000128836,4652.6,4652.6,4652.6,4652.6,4300.631053662,4300.631053662,4652.6
2024-10-25,4634.550000000001,4155.536679833999,4011.397133972,4634.550000000001,4634.550000000001,4634.550000000001,4634.550000000001,4293.019885704,4293.019885704,4634.550000000001
2024-10-28,4873.550000000001,4351.896679833999,4181.575674984,4873.550000000001,4873.550000000001,4873.550000000001,4873.550000000001,4495.8989930650005,4495.8989930650005,4873.550000000001
2024-10-29,4926.450000000001,4397.316679833999,4224.267237284001,4926.450000000001,4926.450000000001,4926.450000000001,4926.450000000001,4529.9953181870005,4529.9953181870005,4926.450000000001
2024-10-30,4755.22,4246.026679833999,4097.61950746,4755.22,4755.22,4755.22,4755.22,4407.326191325001,4407.326191325001,4755.22
2024-10-31,4698.31,4196.766679833999,4051.946409284,4698.31,4698.31,4698.31,4698.31,4333.324358873,4333.324358873,4698.31
2024-11-01,4601.620000000001,4152.606679833999,3999.522564791999,4601.620000000001,4601.620000000001,4601.620000000001,4601.620000000001,4197.854904524001,4197.854904524001,4601.620000000001
2024-11-04,4517.420000000001,4081.336679833999,3946.412564791999,4517.420000000001,4517.420000000001,4517.420000000001,4517.420000000001,4122.304904524,4122.304904524,4517.420000000001
2024-11-05,4621.52,4177.496679833999,4043.6425647919996,4621.52,4621.52,4621.52,4621.52,4194.8549045240015,4194.8549045240015,4621.52
2024-11-06,5045.620000000001,4539.2966798339985,4334.112564791999,5045.620000000001,5045.620000000001,5045.620000000001,5045.620000000001,4529.404904524001,4529.404904524001,5045.620000000001
2024-11-07,5216.620000000001,4681.8366798339985,4473.192564792,5216.620000000001,5216.620000000001,5216.620000000001,5216.620000000001,4756.624904524,4756.624904524,5216.620000000001
2024-11-08,5217.720000000001,4683.416679833998,4490.092564791999,5217.720000000001,5217.720000000001,5217.720000000001,5217.720000000001,4759.384904524,4759.384904524,5217.720000000001
2024-11-11,6040.52,5359.436679833998,4920.602564791999,6040.52,6040.52,6040.52,6040.52,5326.754904524001,5326.754904524001,6040.52
2024-11-12,6194.42,5480.876679833998,4993.142564791999,6194.42,6194.42,6194.42,6194.42,5468.694904524,5468.694904524,6194.42
2024-11-13,6329.3200000000015,5641.176679833998,5189.502564791999,6329.3200000000015,6329.3200000000015,6329.3200000000015,6329.3200000000015,5200.614904524001,5200.614904524001,6329.3200000000015
2024-11-14,6175.220000000001,5517.896679833998,5004.392564792,6175.220000000001,6175.220000000001,6175.220000000001,6175.220000000001,5164.524904524002,5164.524904524002,6175.220000000001
2024-11-15,6469.02,5752.936679833998,5173.312564792,6469.02,6469.02,6469.02,6469.02,5227.444904524,5227.444904524,6469.02
2024-11-18,6939.42,6129.2566798339985,5430.6825647919995,6939.42,6939.42,6939.42,6939.42,5627.344904524001,5627.344904524001,6939.42
2024-11-19,7517.920000000002,6592.056679833998,5809.962564791999,7517.920000000002,7517.920000000002,7517.920000000002,7517.920000000002,6136.994904524001,6136.994904524001,7517.920000000002
2024-11-20,7918.8200000000015,6906.776679833998,5985.302564791999,7918.8200000000015,7918.8200000000015,7918.8200000000015,7918.8200000000015,6517.034904524,6517.034904524,7918.8200000000015
2024-11-21,7376.32,6567.166679833998,5837.292564791999,7374.820000000001,7374.820000000001,7374.820000000001,7374.820000000001,5853.824904524001,5852.324904524001,7376.32
2024-11-22,7707.3200000000015,6814.166679833998,6024.242564792,7459.820000000001,7459.820000000001,7459.820000000001,7459.820000000001,6071.044904524,5848.144904524001,7707.3200000000015
2024-11-25,7603.02,6755.556679833999,6016.942564791999,7539.820000000001,7539.820000000001,7539.820000000001,7539.820000000001,5844.234904524001,5787.204904524001,7603.02
2024-11-26,7243.42,6528.676679833999,5876.6825647919995,7677.820000000001,7677.820000000001,7677.820000000001,7677.820000000001,5410.034904524,5800.844904524001,7243.42
2024-11-27,7617.92,6788.966679833998,6057.122564791999,7700.820000000001,7700.820000000001,7700.820000000001,7700.820000000001,5693.9349045240015,5768.394904524001,7617.92
2024-11-29,7765.220000000001,6996.006679833998,6232.652564791999,7861.820000000001,7861.820000000001,7861.820000000001,7861.820000000001,5704.374904524002,5791.164904524001,7765.220000000001
2024-12-02,7381.02,6554.826679833997,5920.027564791999,7549.320000000001,7549.320000000001,7549.320000000001,7549.320000000001,5677.904904524001,5829.2249045240005,7381.02
2024-12-03,7191.760000000002,6376.206679833997,6124.992564791999,7430.21,7430.21,7430.21,7430.21,5642.194904524002,5856.844904524001,7191.760000000002
2024-12-04,7337.640000000001,6519.686679833998,6215.962564791998,7576.59,7576.59,7576.59,7576.59,5918.854310794001,6138.371251421002,7337.640000000001
2024-12-05,7385.600000000002,6542.206679833998,6256.722564791999,7628.6,7628.6,7628.6,7628.6,5780.956135464001,6000.403258558001,7385.600000000002
2024-12-06,7538.600000000001,6680.0066798339985,6412.0125647919995,7785.400000000001,7785.400000000001,7785.400000000001,7785.400000000001,5815.094448864002,6031.928403298001,7538.600000000001
2024-12-09,7195.280000000001,6365.486679833998,6141.962564791998,7434.88,7434.88,7434.88,7434.88,5571.1990968340015,5784.412516065001,7195.280000000001
2024-12-10,7182.3600000000015,6360.366679833998,6121.602564792,7420.01,7420.01,7420.01,7420.01,5617.756612924001,5827.239783764001,7182.3600000000015
2024-12-11,7396.680000000002,6564.686679833999,6290.522564792,7636.830000000001,7636.830000000001,7636.830000000001,7636.830000000001,5898.606059924001,6112.318175464001,7396.680000000002
2024-12-12,7199.720000000001,6377.126679833998,6174.792564791998,7436.0199999999995,7436.0199999999995,7436.0199999999995,7436.0199999999995,5744.487425354001,5956.234677437002,7199.720000000001
2024-12-13,7552.680000000002,6639.606679833999,6426.332564791999,7798.18,7798.18,7798.18,7798.18,5829.027993454001,6037.693302347001,7552.680000000002
2024-12-16,7782.880000000001,6743.326679833998,6551.582564791999,8035.78,8035.78,8035.78,8035.78,5805.396659554001,6011.8178350570015,7782.880000000001
2024-12-17,7767.880000000002,6600.056679833999,6507.662564791999,8023.13,8023.13,8023.13,8023.13,5634.778638404002,5839.594011792002,7767.880000000002
2024-12-18,7082.560000000001,6060.866679833999,6053.402564791999,7319.06,7319.06,7319.06,7319.06,5362.5572276540015,5564.396459967001,7082.560000000001
2024-12-19,7036.640000000001,5890.726679833998,6048.062564791999,7367.36,7367.36,7367.36,7367.36,5217.951076994002,5583.8156942410005,7036.640000000001
2024-12-20,7445.000000000002,6249.5866798339985,6395.242564791999,7633.01,7633.01,7633.01,7633.01,5522.2262602340015,5627.920395805001,7445.000000000002
2024-12-23,7429.440000000001,6212.426679833999,6364.652564791999,7748.93,7748.93,7748.93,7748.93,5348.006673354002,5682.447850237001,7429.440000000001
2024-12-24,7690.800000000002,6443.486679833999,6555.042564791998,7911.540000000001,7911.540000000001,7911.540000000001,7911.540000000001,5535.142332744002,5688.482075566,7690.800000000002
2024-12-26,7909.3200000000015,6606.806679833999,6662.212564791998,8207.78,8207.78,8207.78,8207.78,5412.339894154002,5685.300393117001,7909.3200000000015
2024-12-27,7674.800000000001,6402.886679833999,6478.862564791998,8011.360000000001,8011.360000000001,8011.360000000001,8011.360000000001,5305.866029714001,5653.264142233001,7674.800000000001
2024-12-30,7426.240000000002,6259.586679833998,6291.942564791998,7866.460000000001,7866.460000000001,7866.460000000001,7866.460000000001,5121.3735142740015,5658.530375249001,7426.240000000002
2024-12-31,7240.280000000001,6129.136679833999,6155.422564791999,7729.610000000001,7729.610000000001,7729.610000000001,7729.610000000001,4996.076950504002,5623.422155102001,7240.280000000001
2025-01-02,7202.280000000002,6060.6666798339975,6135.5525647919985,7647.5,7647.5,7647.5,7647.5,5108.902133744001,5667.526856666001,7202.280000000002
2025-01-03,7944.560000000001,6596.926679833998,6643.942564791998,8251.58,8251.58,8251.58,8251.58,5441.891519014002,5730.610180463001,7944.560000000001
2025-01-06,8149.990000000002,6518.5466798339985,6758.642564791998,8496.740000000002,8496.740000000002,8496.740000000002,8496.740000000002,5760.151519014002,6049.170180463,8149.990000000002
2025-01-07,7844.365000000002,6271.8366798339985,6471.372564791998,8149.2,8149.2,8149.2,8149.2,5418.881519014002,5703.650180463001,7844.365000000002
2025-01-08,7714.3200000000015,6166.266679833998,6365.9225647919975,8006.4800000000005,8006.4800000000005,8006.4800000000005,8006.4800000000005,5313.351519014002,5595.170180463,7714.3200000000015
2025-01-10,7633.270000000001,6100.2566798339985,6304.472564791998,7919.39,7919.39,7919.39,7919.39,5261.881519014002,5541.450180463001,7633.270000000001
2025-01-13,7221.720000000001,5763.216679833999,6048.072564791998,7491.83,7491.83,7491.83,7491.83,5124.801519014002,5387.870180463,7221.720000000001
2025-01-14,7325.0700000000015,5840.5466798339985,6133.562564791998,7574.450000000001,7574.450000000001,7574.450000000001,7574.450000000001,5246.711519014002,5498.030180463,7325.0700000000015
2025-01-15,7515.300000000001,5999.5466798339985,6288.792564791998,7685.150000000001,7685.150000000001,7685.150000000001,7685.150000000001,5427.681519014002,5645.630180463,7515.300000000001
2025-01-16,7515.460000000001,5997.466679833999,6309.802564791998,7723.43,7723.43,7723.43,7723.43,5467.911519014002,5696.670180463,7515.460000000001
2025-01-17,7574.640000000001,6038.666679833998,6408.8825647919975,7900.43,7900.43,7900.43,7900.43,5673.831519014002,5932.670180463,7574.640000000001
2025-01-21,8540.900000000001,6881.466679833999,6954.6725647919975,7856.030000000001,7854.530000000001,7854.530000000001,7854.530000000001,5956.321519014002,5871.970180463,8540.900000000001
2025-01-22,8254.25,6630.306679833999,6826.062564791998,7785.290000000001,7638.59,7638.59,7638.59,5784.451519014002,5705.050180463,8254.25
2025-01-23,8502.400000000001,6829.996679833998,6984.772564791998,7760.150000000001,7785.050000000001,7785.050000000001,7785.050000000001,5842.581519014002,5757.330180463,8502.400000000001
2025-01-24,8238.170000000002,6617.886679833999,6813.802564791998,7643.450000000001,7561.870000000001,7561.870000000001,7561.870000000001,5630.111519014003,5548.490180463,8238.170000000002
2025-01-27,8081.080000000002,6491.656679833998,6676.7125647919975,7608.950000000001,7445.530000000001,7445.530000000001,7445.530000000001,5540.401519014002,5461.570180463001,8081.080000000002
2025-01-28,7959.030000000002,6393.746679833998,6651.582564791998,7535.51,7332.49,7332.49,7332.49,5423.331519014002,5344.3501804630005,7959.030000000002
2025-01-29,7970.450000000001,6396.816679833999,6658.752564791998,7535.51,7322.8099999999995,7322.8099999999995,7322.8099999999995,5460.721519014002,5339.510180463,7970.450000000001
2025-01-30,7917.730000000001,6354.776679833998,6645.452564791998,7535.51,7292.89,7292.89,7292.89,5435.461519014002,5324.550180463,7917.730000000001
2025-01-31,7962.990000000002,6390.776679833998,6679.532564791998,7535.51,7338.65,7338.65,7338.65,5417.501519014002,5347.430180463,7962.990000000002
2025-02-03,7932.030000000001,6366.276679833998,6692.142564791998,7535.51,7279.6900000000005,7279.6900000000005,7279.6900000000005,5484.411519014002,5317.950180463001,7932.030000000001
2025-02-04,7979.530000000002,6404.156679833999,6961.202564791998,7535.51,7306.09,7306.09,7306.09,5508.2715190140025,5331.150180463001,7979.530000000002
2025-02-05,7904.440000000001,6342.9166798339975,6869.9625647919975,7532.51,7294.55,7294.55,7294.55,5405.631519014002,5323.130180463,7904.440000000001
2025-02-06,7965.960000000001,6390.516679833998,6911.442564791998,7590.549999999999,7356.2699999999995,7356.2699999999995,7356.2699999999995,5274.191519014003,5203.850180463,7965.960000000001
2025-02-07,7920.530000000001,6354.366679833998,6889.692564791998,7547.4400000000005,7314.24,7314.24,7314.24,5257.211519014002,5185.040180463,7920.530000000001
2025-02-10,8470.95,6792.266679833998,7253.072564791997,8069.730000000001,7823.77,7823.77,7823.77,5585.311519014002,5502.890180463,8470.95
2025-02-11,8065.9400000000005,6470.016679833998,6956.742564791997,7685.41,7448.97,7448.97,7448.97,5300.951519014002,5236.070180463001,8065.9400000000005
2025-02-12,8073.77,6469.566679833999,7002.372564791997,7692.67,7458.63,7458.63,7458.63,5273.991519014003,5202.3501804630005,8073.77
2025-02-13,8177.490000000002,6555.886679834,7058.872564791997,7791.110000000001,7554.349999999999,7554.349999999999,7554.349999999999,5330.311519014002,5259.890180463,8177.490000000002
2025-02-14,8162.6,6539.376679833999,7093.652564791998,7776.93,7541.29,7541.29,7541.29,5355.2315190140025,5272.280180463,8162.6
2025-02-18,8227.7,6577.596679833999,7141.872564791997,7838.529999999999,7604.009999999999,7604.009999999999,7604.009999999999,5313.871519014002,5234.960180463,8227.7
2025-02-19,7739.280000000001,6202.546679833999,6762.772564791998,7373.84,7146.5599999999995,7146.5599999999995,7146.5599999999995,5082.531519014003,5019.230180463,7739.280000000001
2025-02-20,7536.810000000001,6042.886679834,6638.072564791998,7269.62,7042.339999999999,7042.339999999999,7042.339999999999,5040.551519014002,5034.980180463,7536.810000000001
2025-02-21,7207.350000000001,5770.516679834,6354.782564791997,7179.56,6952.28,6952.28,6952.28,4782.891519014002,4962.290180463,7207.350000000001
2025-02-24,6858.340000000001,5494.996679833999,6059.142564791997,7179.56,6952.28,6952.28,6952.28,4615.531519014002,4910.000180463,6858.340000000001
2025-02-25,6499.4000000000015,5192.246679833999,5742.992564791997,7179.56,6952.28,6952.28,6952.28,4278.791519014002,4910.000180463,6499.4000000000015
2025-02-26,6661.190000000001,5328.256679833999,5880.9225647919975,7179.56,6952.28,6952.28,6952.28,4421.011519014002,4910.000180463,6661.190000000001
2025-02-27,6378.970000000001,5089.7166798339995,5629.562564791997,7179.56,6952.28,6952.28,6952.28,4194.651519014002,4910.000180463,6378.970000000001
2025-02-28,6472.9000000000015,5176.446679833999,5730.752564791997,7179.56,6952.28,6952.28,6952.28,4318.211519014002,4910.000180463,6472.9000000000015
2025-03-03,6191.860000000001,4919.706679833999,5548.322564791997,7179.56,6952.28,6952.28,6952.28,4128.151519014002,4910.000180463,6191.860000000001
2025-03-04,6256.710000000001,4977.286679834,5662.512564791998,7179.56,6952.28,6952.28,6952.28,4256.561519014002,4910.000180463,6256.710000000001
2025-03-05,6559.470000000001,5243.076679833999,5961.062564791997,7179.56,6952.28,6952.28,6952.28,4522.2315190140025,4908.500180463,6559.470000000001
2025-03-06,6135.620000000001,4869.306679834,5663.492564791997,7179.56,6952.28,6952.28,6952.28,4340.911519014002,4877.420180463,6135.620000000001
2025-03-07,6233.340000000002,4954.256679833999,5681.652564791997,7176.16,6948.939999999999,6948.939999999999,6948.939999999999,4280.351519014002,4754.410180463,6233.340000000002
2025-03-10,5802.600000000002,4607.906679833999,5227.222564791997,6677.830000000001,6469.219999999999,6469.219999999999,6469.219999999999,3988.151519014002,4423.3101804630005,5802.600000000002
2025-03-11,5949.810000000001,4725.256679833999,5335.472564791997,6847.8,6633.259999999998,6633.259999999998,6633.259999999998,4088.4215190140017,4536.150180463,5949.810000000001
2025-03-12,6149.6100000000015,4887.256679833999,5522.512564791998,7079.400000000001,6855.66,6855.66,6855.66,4223.421519014002,4690.150180463,6149.6100000000015
2025-03-13,5935.170000000002,4709.006679833999,5324.992564791997,6831.37,6616.82,6616.82,6616.82,4077.8815190140026,4525.370180463,5935.170000000002
2025-03-14,6258.930000000001,4967.846679833999,5602.852564791997,7205.99,6977.379999999999,6977.379999999999,6977.379999999999,4297.441519014003,4774.290180463,6258.930000000001
2025-03-17,6326.760000000002,5022.246679833999,5700.2125647919975,7284.400000000001,7052.939999999999,7052.939999999999,7052.939999999999,4343.531519014003,4826.370180463,6326.760000000002
2025-03-18,6079.680000000002,4823.726679834,5503.292564791997,6998.9400000000005,6777.66,6777.66,6777.66,4175.451519014003,4636.810180463,6079.680000000002
2025-03-19,6251.460000000002,4961.866679833999,5665.532564791996,7197.35,6969.0599999999995,6969.0599999999995,6969.0599999999995,4292.371519014003,4768.550180463,6251.460000000002
2025-03-20,6233.430000000002,4940.4266798339995,5674.932564791998,7176.9400000000005,6948.860000000001,6948.860000000001,6948.860000000001,4279.601519014002,4755.110180463,6233.430000000002
2025-03-21,6365.340000000002,5044.936679834,5779.2125647919975,7329.81,7095.699999999999,7095.699999999999,7095.699999999999,4368.7715190140025,4856.750180463,6365.340000000002
2025-03-24,6679.1100000000015,5294.906679833999,6063.272564791998,7692.7,7445.18,7445.18,7445.18,4581.761519014002,5097.830180463,6679.1100000000015
2025-03-25,6684.510000000001,5299.386679833999,6061.782564791998,7698.849999999999,7451.219999999999,7451.219999999999,7451.219999999999,4585.541519014002,5101.8901804629995,6684.510000000001
2025-03-26,6471.600000000002,5129.916679833999,5854.722564791997,7452.530000000001,7214.0999999999985,7214.0999999999985,7214.0999999999985,4441.111519014003,4938.230180463,6471.600000000002
2025-03-27,6263.880000000002,4957.596679834,5708.002564791997,7212.740000000001,6982.619999999999,6982.619999999999,6982.619999999999,4299.571519014002,4779.050180463,6263.880000000002
2025-03-28,6220.560000000002,4929.276679834,5629.312564791997,7161.7,6934.619999999999,6934.619999999999,6934.619999999999,4271.291519014002,4744.890180463,6220.560000000002
2025-03-31,6072.3600000000015,4811.266679834,5529.312564791997,6990.650000000001,6769.459999999999,6769.459999999999,6769.459999999999,4170.2715190140025,4631.350180463,6072.3600000000015
2025-04-01,6121.950000000002,4851.086679833999,5570.492564791997,7047.83,6824.74,6824.74,6824.74,4204.1415190140015,4669.290180462999,6121.950000000002
2025-04-02,6368.160000000002,5046.556679833999,5738.152564791997,7332.1,7099.0999999999985,7099.0999999999985,7099.0999999999985,4371.851519014002,4858.010180463,6368.160000000002
2025-04-03,6059.6100000000015,4796.206679833999,5455.272564791997,6975.75,6755.299999999999,6755.299999999999,6755.299999999999,4161.801519014002,4621.410180463,6059.6100000000015
2025-04-04,5636.190000000002,4458.266679834,5097.762564791998,6482.160000000001,6280.48,6280.48,6280.48,3874.9615190140025,4292.630180463,5636.190000000002
2025-04-07,5888.700000000002,4665.986679833999,5274.482564791997,6478.82,6277.19,6277.19,6277.19,4044.871519014002,4289.630180463,5888.700000000002
2025-04-08,5822.220000000001,4613.146679833999,5205.402564791997,6405.860000000001,6205.929999999999,6205.929999999999,6205.929999999999,3999.0115190140014,4241.390180463,5822.220000000001
2025-04-09,6659.520000000001,5275.746679833999,5943.632564791997,7327.1,7110.12,7110.12,7110.12,4582.131519014002,4848.380180463,6659.520000000001
2025-04-10,6436.680000000001,5093.226679834,5758.932564791998,7082.0599999999995,6869.879999999999,6869.879999999999,6869.879999999999,4427.271519014002,4686.800180463,6436.680000000001
2025-04-11,6435.960000000001,5092.666679834,5828.072564791997,7081.26,6869.08,6869.08,6869.08,4426.751519014001,4686.280180463,6435.960000000001
2025-04-14,6425.220000000001,5085.146679834,5849.242564791997,7070.66,6860.98,6860.98,6860.98,4422.161519014002,4678.190180463,6425.220000000001
2025-04-15,6855.180000000001,5416.326679834,6128.622564791996,7543.220000000001,7323.84,7323.84,7323.84,4720.401519014002,4990.010180462999,6855.180000000001
2025-04-16,6568.800000000001,5195.411679834,5858.532564791996,7227.9400000000005,7014.035,7014.035,7014.035,4520.506519014002,4782.450180463,6568.800000000001
2025-04-17,6548.580000000001,5174.076679833999,5862.522564791996,7206.1,6993.369999999999,6993.369999999999,6993.369999999999,4507.3915190140015,4767.690180463,6548.580000000001
2025-04-21,6311.820000000001,4992.5466798339985,5679.562564791997,6945.9400000000005,6738.66,6738.66,6738.66,4343.301519014001,4595.970180463,6311.820000000001
2025-04-22,6434.760000000001,5085.106679833999,5815.692564791996,7081.5,6872.2699999999995,6872.2699999999995,6872.2699999999995,4429.621519014002,4685.020180463,6434.760000000001
2025-04-23,6767.700000000001,5337.646679833999,6099.682564791996,7448.1,7232.619999999999,7232.619999999999,7232.619999999999,4662.161519014002,4926.3101804630005,6767.700000000001
2025-04-24,7160.1,5636.416679833999,6439.862564791996,7879.860000000001,7656.429999999999,7656.429999999999,7656.429999999999,4935.491519014002,5210.770180463,7160.1
2025-04-25,7334.1,5760.916679833999,6593.462564791997,8071.860000000001,7845.929999999999,7845.929999999999,7845.929999999999,5057.991519014002,5336.770180463,7334.1
2025-04-28,7416.480000000001,5820.476679834,6639.072564791997,8162.620000000001,7935.24,7935.24,7935.24,5115.651519014002,5396.460180463,7416.480000000001
2025-04-29,7396.860000000001,5803.076679833999,6643.202564791996,8141.539999999999,7915.509999999999,7915.509999999999,7915.509999999999,5103.191519014002,5382.110180463,7396.860000000001
2025-04-30,7336.860000000001,5753.316679833999,6611.882564791997,8076.5,7853.5199999999995,7853.5199999999995,7853.5199999999995,5063.721519014001,5338.370180463,7336.860000000001
2025-05-01,7351.980000000001,5768.6766798339995,6556.502564791996,8092.42,7867.789999999999,7867.789999999999,7867.789999999999,5072.551519014002,5349.510180463001,7351.980000000001
2025-05-02,7643.580000000001,5970.996679833999,6808.0425647919965,8414.1,8185.119999999999,8185.119999999999,8185.119999999999,5277.6415190140015,5560.690180463,7643.580000000001
2025-05-05,7548.720000000001,5925.606679834,6737.512564791996,8310.06,8083.629999999999,8083.629999999999,8083.629999999999,5212.361519014002,5491.840180462999,7548.720000000001
2025-05-06,7261.8600000000015,5560.616679833998,6516.942564791996,7991.620000000001,7765.74,7765.74,7765.74,5005.881519014002,5284.590180463001,7261.8600000000015
2025-05-07,7271.450000000001,5594.2966798339985,6552.842564791997,8003.010000000001,7777.58,7777.58,7777.58,5011.741519014002,5289.890180463,7271.450000000001
2025-05-08,7542.200000000002,5855.026679834,6788.732564791997,8304.060000000001,8065.910000000001,8065.910000000001,8065.910000000001,5197.831519014002,5489.510180463001,7542.200000000002
2025-05-09,7090.430000000001,5636.276679833998,6514.162564791997,7807.1500000000015,7583.8,7583.8,7583.8,4887.401519014002,5161.690180463001,7090.430000000001
2025-05-12,7231.240000000001,5715.116679833998,6580.482564791997,7962.280000000001,7734.02,7734.02,7734.02,4984.161519014002,5264.110180463001,7231.240000000001
2025-05-13,7478.39,5985.236679833997,6795.082564791996,8237.83,7997.079999999999,7997.079999999999,7997.079999999999,5154.041519014002,5447.050180463,7478.39
2025-05-14,7886.570000000001,6191.556679833998,7037.802564791997,8686.970000000001,8432.64,8432.64,8432.64,5434.521519014002,5743.410180463001,7886.570000000001
2025-05-15,8031.280000000001,6216.236679833998,7078.402564791997,8845.000000000002,8587.279999999999,8587.279999999999,8587.279999999999,5533.941519014002,5847.3101804630005,8031.280000000001
2025-05-16,8110.7300000000005,6267.636679833999,7136.442564791998,8932.85,8671.98,8671.98,8671.98,5588.541519014002,5905.410180463001,8110.7300000000005
2025-05-19,8097.180000000001,6205.106679833998,7144.752564791997,8916.6,8657.769999999999,8657.769999999999,8657.769999999999,5579.211519014001,5894.270180463001,8097.180000000001
2025-05-20,8117.940000000001,6199.5466798339985,7161.732564791997,8939.080000000002,8679.99,8679.99,8679.99,5593.471519014001,5908.990180463001,8117.940000000001
2025-05-21,7902.490000000001,6028.676679833998,6986.802564791997,8700.330000000002,8450.4,8450.4,8450.4,5445.401519014002,5750.930180463001,7902.490000000001
2025-05-22,8035.800000000001,6109.366679833998,7066.272564791997,8847.460000000001,8592.57,8592.57,8592.57,5537.011519014002,5848.150180463001,8035.800000000001
2025-05-23,7986.920000000001,6103.446679833998,6980.432564791998,8794.220000000001,8540.31,8540.31,8540.31,5503.431519014001,5813.1901804630015,7986.920000000001
2025-05-27,8532.62,6309.106679833998,7314.172564791997,9393.52,9122.83,9122.83,9122.83,5878.3915190140015,6208.270180463001,8532.62
2025-05-28,8566.25,6328.356679833998,7319.742564791997,9430.610000000002,9158.699999999999,9158.699999999999,9158.699999999999,5901.501519014002,6232.7701804630005,8566.25
2025-05-29,8285.67,6197.4166798339975,7158.942564791997,9121.87,8859.3,8859.3,8859.3,5708.701519014002,6029.050180463001,8285.67
2025-05-30,8345.75,6390.296679833998,7223.902564791997,9191.910000000002,8922.68,8922.68,8922.68,5750.041519014001,6076.490180463001,8345.75
2025-06-02,8318.94,6378.946679833998,7215.082564791996,9162.580000000002,8894.039999999999,8894.039999999999,8894.039999999999,5731.621519014002,6057.1901804630015,8318.94
2025-06-03,8356.58,6413.266679833998,7271.852564791996,9204.400000000001,8934.13,8934.13,8934.13,5757.491519014002,6084.910180463001,8356.58
2025-06-04,8336.99,6348.826679833998,7230.732564791996,9181.53,8913.47,8913.47,8913.47,5744.011519014001,6069.410180463001,8336.99
2025-06-05,8100.410000000001,6078.826679833998,7035.732564791997,8917.390000000001,8661.73,8661.73,8661.73,5581.3915190140015,5893.930180463001,8100.410000000001
2025-06-06,8621.980000000001,6414.466679833998,7381.682564791996,9493.960000000003,9218.189999999999,9218.189999999999,9218.189999999999,5937.941519014002,6273.110180463002,8621.980000000001
2025-06-09,8798.7,6555.826679833997,7472.762564791996,9690.160000000002,9410.789999999997,9410.789999999997,9410.789999999997,6059.121519014002,6402.950180463002,8798.7
2025-06-10,8442.670000000002,6293.1266798339975,7258.462564791995,9298.580000000002,9031.559999999998,9031.559999999998,9031.559999999998,5815.431519014001,6145.1901804630015,8442.670000000002
2025-06-11,8528.26,6356.986679833997,7353.122564791995,9394.18,9126.209999999997,9126.209999999997,9126.209999999997,5874.191519014002,6208.670180463001,8528.26
2025-06-12,8366.02,6236.986679833997,7241.522564791996,9215.140000000001,8951.969999999998,8951.969999999998,8951.969999999998,5763.071519014001,6090.590180463001,8366.02
2025-06-13,8253.87,6154.606679833997,7165.292564791995,9092.560000000001,8834.339999999998,8834.339999999998,8834.339999999998,5686.401519014002,6010.1901804630015,8253.87
2025-06-16,8487.890000000001,6322.126679833998,7372.562564791995,9351.7,9087.779999999999,9087.779999999999,9087.779999999999,5846.791519014001,6181.430180463001,8487.890000000001
2025-06-17,8417.160000000002,6243.7066798339965,7295.992564791995,9272.600000000002,9009.329999999998,9009.329999999998,9009.329999999998,5798.221519014001,6128.870180463002,8417.160000000002
2025-06-18,8658.390000000001,6368.226679833999,7489.6625647919955,9538.800000000003,9268.379999999997,9268.379999999997,9268.379999999997,5963.441519014002,6304.430180463001,8658.390000000001
2025-06-20,8942.140000000001,6441.106679833998,7646.142564791995,9850.080000000002,9568.71,9568.71,9568.71,6157.5615190140015,6509.030180463002,8942.140000000001
2025-06-23,9392.320000000002,6663.146679833997,7878.232564791995,10346.600000000002,10051.529999999999,10051.529999999999,10051.529999999999,6465.861519014002,6836.390180463002,9392.320000000002
2025-06-24,9546.6,6770.766679833998,8060.652564791995,10517.7,10219.23,10219.23,10219.23,6571.631519014001,6949.550180463002,9546.6
2025-06-25,9375.930000000002,6655.026679833998,7973.442564791996,10329.720000000001,10036.8,10036.8,10036.8,6454.781519014002,6825.710180463002,9375.930000000002
2025-06-26,9962.240000000002,7052.6666798339975,8338.342564791996,10975.580000000002,10663.71,10663.71,10663.71,6856.211519014002,7251.2301804630015,9962.240000000002
2025-06-27,9632.840000000002,6827.2966798339985,8089.272564791996,10607.760000000002,10299.689999999999,10299.689999999999,10299.689999999999,6630.081519014002,7007.030180463002,9632.840000000002
2025-06-30,9780.230000000001,6928.066679833999,8348.382564791995,10772.160000000003,10462.14,10462.14,10462.14,6731.241519014002,7116.110180463002,9780.230000000001
2025-07-01,9475.430000000002,6714.586679833998,8138.802564791995,10434.480000000003,10131.659999999996,10131.659999999996,10131.659999999996,6522.321519014001,6892.910180463002,9475.430000000002
2025-07-02,9699.62,6862.816679833997,8355.582564791996,10681.800000000003,10372.229999999998,10372.229999999998,10372.229999999998,6675.861519014002,7055.990180463002,9699.62
2025-07-03,9732.480000000001,6887.756679833998,8327.062564791995,10718.840000000004,10409.369999999999,10409.369999999999,10409.369999999999,6698.461519014001,7080.710180463002,9732.480000000001
2025-07-07,10288.420000000002,7257.216679833998,8643.782564791994,11332.600000000002,11007.029999999999,11007.029999999999,11007.029999999999,7079.261519014001,7485.590180463001,10288.420000000002
2025-07-08,10277.000000000002,7250.716679833998,8606.112564791996,11320.260000000002,10995.39,10995.39,10995.39,7071.471519014001,7477.550180463002,10277.000000000002
2025-07-09,10385.320000000002,7324.556679833997,8721.202564791995,11441.420000000002,11114.55,11114.55,11114.55,7143.8915190140015,7555.790180463002,10385.320000000002
2025-07-10,10368.7,7313.276679833997,8764.132564791995,11422.980000000001,11096.9,11096.9,11096.9,7132.691519014002,7543.760180463002,10368.7
2025-07-11,10352.260000000002,7301.966679833997,8749.072564791997,11404.760000000002,11079.359999999999,11079.359999999999,11079.359999999999,7121.521519014002,7531.840180463002,10352.260000000002
2025-07-14,11030.920000000002,7775.306679833997,9171.102564791996,12156.04,11806.869999999999,11806.869999999999,11806.869999999999,7586.501519014001,8024.770180463001,11030.920000000002
2025-07-15,11204.14,7897.736679833997,9261.092564791998,12347.580000000002,11993.42,11993.42,11993.42,7706.151519014001,8150.800180463002,11204.14
2025-07-16,11653.96,8207.066679833997,9568.272564791994,12845.32,12476.47,12476.47,12476.47,8015.301519014001,8477.730180463,11653.96
2025-07-17,12189.880000000001,8560.146679833997,9906.272564791996,13438.36,13051.869999999999,13051.869999999999,13051.869999999999,8383.501519014,8867.210180463002,12189.880000000001
2025-07-18,12189.34,8559.196679833996,9960.372564791996,13437.720000000001,13051.46,13051.46,13051.46,8383.321519014,8866.860180463002,12189.34
2025-07-21,11603.8,8175.506679833997,9556.882564791995,12789.92,12422.189999999999,12422.189999999999,12422.189999999999,7980.361519014002,8441.170180463003,11603.8
2025-07-22,11513.920000000002,8113.486679833997,9466.212564791997,12690.260000000002,12326.49,12326.49,12326.49,7919.511519014001,8376.050180463002,11513.920000000002
2025-07-23,11913.64,8374.986679833997,9709.462564791997,13132.880000000001,12754.47,12754.47,12754.47,8192.801519014,8666.250180463001,11913.64
2025-07-24,11783.140000000003,8291.276679833998,9635.022564791998,12988.560000000001,12613.999999999998,12613.999999999998,12613.999999999998,8102.741519014001,8571.320180463003,11783.140000000003
2025-07-25,11761.66,8282.996679833997,9672.402564791995,12965.16,12589.46,12589.46,12589.46,8086.321519014002,8555.340180463001,11761.66
2025-07-28,11438.86,8073.836679833998,9513.722564791995,12608.04,12242.539999999999,12242.539999999999,12242.539999999999,7864.161519014001,8320.660180463,11438.86
2025-07-29,11235.100000000002,7940.316679833997,9349.872564791996,12382.52,12023.94,12023.94,12023.94,7724.361519014002,8172.620180463002,11235.100000000002
2025-07-30,11627.560000000001,8190.376679833997,9612.922564791996,12816.820000000002,12445.269999999999,12445.269999999999,12445.269999999999,7993.951519014002,8457.830180463003,11627.560000000001
2025-07-31,11554.240000000002,8141.496679833997,9531.412564791994,12735.7,12366.49,12366.49,12366.49,7943.511519014001,8404.530180463,11554.240000000002
2025-08-01,11334.280000000002,7994.856679833998,9355.282564791996,12492.04,12131.35,12131.35,12131.35,7793.541519014002,8244.930180463001,11334.280000000002
2025-08-04,11413.66,8047.776679833998,9502.482564791997,12580.420000000002,12214.42,12214.42,12214.42,7845.651519014001,8302.080180463003,11413.66
2025-08-05,11668.36,8217.576679833997,9670.122564791996,12863.28,12483.83,12483.83,12483.83,8016.081519014001,8486.170180463003,11668.36
2025-08-06,11695.420000000002,8229.616679833996,9706.002564791996,12893.78,12510.659999999998,12510.659999999998,12510.659999999998,8032.171519014001,8505.280180463003,11695.420000000002
2025-08-07,11751.820000000002,8269.106679833996,9812.262564791996,12957.04,12570.819999999998,12570.819999999998,12570.819999999998,8068.101519014001,8544.420180463001,11751.820000000002
2025-08-08,11891.340000000002,8366.106679833996,9944.342564791996,13108.04,12719.899999999998,12719.899999999998,12719.899999999998,8164.1415190140015,8642.860180463002,11891.340000000002
2025-08-11,11866.420000000002,8349.716679833997,9908.552564791997,13083.460000000001,12693.999999999998,12693.999999999998,12693.999999999998,8147.091519014002,8627.460180463,11866.420000000002
2025-08-12,11725.180000000002,8249.036679833996,9844.192564791996,12924.250000000002,12541.149999999998,12541.149999999998,12541.149999999998,8049.591519014,8522.010180463001,11725.180000000002
2025-08-13,11626.820000000002,8174.446679833996,9712.662564791995,12817.270000000002,12435.89,12435.89,12435.89,7981.861519014001,8452.130180463002,11626.820000000002
2025-08-14,11548.140000000001,8194.016679833996,9688.922564791996,12732.580000000002,12351.96,12351.96,12351.96,7927.721519014001,8397.040180463002,11548.140000000001
2025-08-15,11679.260000000002,8394.996679833997,9799.592564791998,12880.29,12493.829999999998,12493.829999999998,12493.829999999998,8018.231519014002,8494.850180463001,11679.260000000002
2025-08-18,11721.420000000002,8476.796679833997,9827.902564791995,12929.110000000002,12539.849999999999,12539.849999999999,12539.849999999999,8047.3915190140015,8527.510180463001,11721.420000000002
2025-08-19,10926.340000000002,7956.686679833996,9251.362564791996,12059.550000000003,11686.489999999998,11686.489999999998,11686.489999999998,7499.761519014,7958.130180463002,10926.340000000002
2025-08-20,10868.140000000001,7889.956679833996,9187.122564791996,12025.970000000001,11653.829999999998,11653.829999999998,11653.829999999998,7459.691519014001,7936.050180463001,10868.140000000001
2025-08-21,10981.740000000002,7987.876679833996,9263.632564791997,12148.61,11773.109999999999,11773.109999999999,11773.109999999999,7538.001519014,8016.6901804630015,10981.740000000002
2025-08-22,11398.900000000001,8315.836679833996,9541.952564791996,12564.710000000003,12177.809999999998,12177.809999999998,12177.809999999998,7825.511519014,8290.290180463002,11398.900000000001
2025-08-25,11748.660000000002,8563.636679833995,9716.902564791995,12979.350000000002,12581.089999999998,12581.089999999998,12581.089999999998,8066.6815190140005,8562.930180463001,11748.660000000002
2025-08-26,11927.980000000003,8666.476679833995,9836.122564791996,13112.210000000003,12710.309999999998,12710.309999999998,12710.309999999998,8190.191519014001,8650.290180463002,11927.980000000003
2025-08-27,11613.420000000002,8374.156679833995,9574.912564791997,12837.730000000001,12443.349999999999,12443.349999999999,12443.349999999999,7973.461519014001,8469.810180463002,11613.420000000002
2025-08-28,11854.940000000002,8685.506679833994,9723.162564791997,13080.09,12679.069999999998,12679.069999999998,12679.069999999998,8139.921519014,8629.170180463001,11854.940000000002
2025-08-29,11923.460000000001,8671.346679833996,9763.132564791997,13180.830000000002,12777.05,12777.05,12777.05,8187.201519014001,8695.410180463,11923.460000000001
2025-09-02,12023.260000000002,8670.056679833995,9778.382564791997,13284.490000000002,12877.869999999999,12877.869999999999,12877.869999999999,8255.991519014,8763.570180463,12023.260000000002
2025-09-03,11225.260000000002,8194.956679833997,9326.312564791997,12440.61,12057.109999999999,12057.109999999999,12057.109999999999,7705.921519014,8208.690180463002,11225.260000000002
2025-09-04,11173.820000000002,8241.216679833995,9327.162564791997,12361.77,11980.429999999998,11980.429999999998,11980.429999999998,7670.421519014,8156.850180463001,11173.820000000002
2025-09-05,11501.54,8591.886679833995,9483.152564791997,12777.870000000003,12385.13,12385.13,12385.13,7896.441519014001,8430.450180463002,11501.54
2025-09-08,11792.860000000004,8637.126679833993,9855.292564791998,13049.310000000001,12649.009999999998,12649.009999999998,12649.009999999998,8095.321519014,8607.390180463,11792.860000000004
2025-09-09,11737.260000000002,8628.346679833994,9844.652564791997,12987.050000000001,12589.549999999997,12589.549999999997,12589.549999999997,8117.901519014001,8625.770180463001,11737.260000000002
2025-09-10,11605.480000000003,8841.166679833994,9916.752564791997,12842.01,12447.949999999999,12447.949999999999,12447.949999999999,8102.601519014,8605.310180463,11605.480000000003
2025-09-11,11890.710000000003,9210.076679833996,10029.252564791997,13157.2,12754.099999999999,12754.099999999999,12754.099999999999,8261.501519014,8777.770180463001,11890.710000000003
2025-09-12,12426.640000000003,9675.506679833996,10340.872564791996,13751.520000000002,13328.779999999999,13328.779999999999,13328.779999999999,8765.851519014,9311.580180463001,12426.640000000003
2025-09-15,12507.740000000002,9733.846679833994,10404.772564791998,13841.32,13415.779999999997,13415.779999999997,13415.779999999997,8821.791519014001,9371.720180463,12507.740000000002
2025-09-16,11735.705000000002,9301.501679833995,9993.012564791996,12986.050000000001,12587.689999999997,12587.689999999997,12587.689999999997,8238.661519014,8747.820180463,11735.705000000002
2025-09-17,11869.910000000003,9597.746679833994,10072.672564791998,13133.630000000001,12731.929999999998,12731.929999999998,12731.929999999998,8283.711519014,8797.880180463,11869.910000000003
2025-09-18,11815.960000000003,9550.446679833994,10131.032564791996,13072.52,12674.419999999998,12674.419999999998,12674.419999999998,8320.431519014,8829.200180463,11815.960000000003
2025-09-19,11987.740000000002,9741.626679833995,10214.672564791998,13259.970000000001,12859.429999999998,12859.429999999998,12859.429999999998,8442.131519014001,8954.560180463,11987.740000000002
2025-09-22,12238.950000000004,9742.906679833994,10299.412564791997,13537.660000000002,13129.039999999999,13129.039999999999,13129.039999999999,8572.031519013999,9096.580180463001,12238.950000000004
2025-09-23,12653.000000000004,9201.526679833994,10515.392564791997,13994.630000000001,13573.609999999999,13573.609999999999,13573.609999999999,8874.291519014001,9417.440180463,12653.000000000004
2025-09-24,12148.940000000002,8545.606679833994,10110.432564791998,13436.910000000002,13032.769999999999,13032.769999999999,13032.769999999999,8480.941519013999,8998.770180463,12148.940000000002
2025-09-25,11791.810000000005,8449.026679833994,9851.252564791997,13044.7,12648.8,12648.8,12648.8,8302.181519014,8807.650180463,11791.810000000005
2025-09-26,11724.550000000003,8531.806679833993,9790.332564791996,12970.890000000001,12576.469999999998,12576.469999999998,12576.469999999998,8250.951519014001,8754.200180463,11724.550000000003
2025-09-29,12190.300000000003,8765.636679833993,10141.052564791997,13476.27,13078.849999999999,13078.849999999999,13078.849999999999,8330.721519014001,8838.470180463,12190.300000000003
2025-09-30,12462.500000000004,9475.306679833993,10314.532564791996,13773.09,13372.069999999998,13372.069999999998,13372.069999999998,8452.601519013999,8965.750180463001,12462.500000000004
2025-10-01,12368.880000000001,9820.826679833994,10238.892564791997,13672.170000000002,13270.909999999998,13270.909999999998,13270.909999999998,8490.531519013999,9004.040180463,12368.880000000001
2025-10-02,13086.380000000001,9883.736679833994,10710.172564791996,14461.29,14042.029999999997,14042.029999999997,14042.029999999997,8895.831519013998,9436.340180463001,13086.380000000001
2025-10-03,13614.5,10062.466679833995,10956.952564791996,15043.32,14609.299999999997,14609.299999999997,14609.299999999997,9024.051519014,9586.700180463,13614.5
2025-10-06,13792.070000000003,9801.576679833994,11072.192564791996,15242.490000000002,14799.109999999999,14799.109999999999,14799.109999999999,9304.591519014,9881.280180463,13792.070000000003
2025-10-07,14174.800000000003,9763.196679833994,11178.992564791997,15665.830000000002,15210.409999999998,15210.409999999998,15210.409999999998,9585.751519014,10180.500180463001,14174.800000000003
2025-10-08,14440.320000000002,9948.106679833993,11446.742564791997,15962.640000000003,15496.789999999997,15496.789999999997,15496.789999999997,9927.661519014,10541.750180463001,14440.320000000002
2025-10-09,14402.220000000003,9917.056679833995,11463.752564791997,15920.940000000002,15456.289999999997,15456.289999999997,15456.289999999997,10023.421519014,10642.910180463,14402.220000000003
2025-10-10,14096.260000000004,9849.676679833996,11185.392564791999,15576.460000000003,15124.649999999998,15124.649999999998,15124.649999999998,9493.681519014,10081.850180463001,14096.260000000004
2025-10-13,16026.820000000002,11205.876679833995,12236.672564791998,17719.54,17196.89,17196.89,17196.89,9595.681519014,10189.610180463002,16026.820000000002
2025-10-14,16229.600000000002,11538.996679833996,12388.182564791996,17942.480000000003,17413.109999999997,17413.109999999997,17413.109999999997,9508.381519014,10096.070180463,16229.600000000002
2025-10-15,16417.04,11728.516679833994,12516.422564791996,18150.200000000004,17614.069999999996,17614.069999999996,17614.069999999996,9530.341519014,10118.910180463,16417.04
2025-10-16,16229.820000000003,11553.596679833994,12344.992564791997,17941.440000000002,17412.489999999998,17412.489999999998,17412.489999999998,9352.381519014,9930.990180463,16229.820000000003
2025-10-17,15898.720000000003,11342.706679833995,12144.902564791995,17573.440000000002,17056.789999999997,17056.789999999997,17056.789999999997,9273.421519014,9847.510180463,15898.720000000003
2025-10-20,15840.000000000004,11267.146679833993,12169.272564791998,17510.430000000004,16995.21,16995.21,16995.21,9509.911519014,10097.940180463002,15840.000000000004
2025-10-21,15361.200000000003,10949.296679833995,11848.062564791999,16977.63,16480.409999999996,16480.409999999996,16480.409999999996,9303.181519014,9879.390180463002,15361.200000000003
2025-10-22,14429.500000000002,10240.891679833994,11208.547564791998,15938.980000000001,15476.409999999998,15476.409999999998,15476.409999999998,8962.156519014,9517.955180463001,14429.500000000002
2025-10-23,15178.240000000003,10716.606679833994,11713.702564791996,15938.980000000001,15476.409999999998,15476.409999999998,15476.409999999998,9313.981519014002,9641.160180463,15178.240000000003
2025-10-24,16044.000000000002,11224.106679833994,12218.532564791998,15938.980000000001,15473.41,15476.409999999998,15476.409999999998,9532.771519014,9680.250180463001,16044.000000000002
2025-10-27,16037.980000000005,11172.426679833994,12270.792564791996,15938.980000000001,15507.8,15474.909999999998,15476.409999999998,9774.421519014,9875.460180463,16037.980000000005
2025-10-28,16436.840000000004,11340.886679833995,12431.182564791998,15938.980000000001,15850.829999999998,15494.079999999998,15476.409999999998,9714.361519014,9808.540180463002,16436.840000000004
2025-10-29,18077.300000000003,12504.466679833993,13350.092564791998,15938.980000000001,17241.78,16111.849999999999,15474.909999999998,9760.501519014,9871.100180463001,18077.300000000003
2025-10-30,17435.260000000002,11973.666679833994,12842.222564791997,15938.980000000001,16649.87,15555.919999999998,15140.889999999998,9334.051519014,9488.010180463001,17435.260000000002
2025-10-31,17997.72,12274.926679833996,13231.242564791997,15938.980000000001,17186.739999999998,16164.089999999997,15386.559999999998,9701.821519014,9790.220180463002,17997.72
2025-11-03,18842.140000000003,12662.586679833996,13631.092564791998,15938.980000000001,17909.539999999997,16527.129999999997,15968.529999999999,9647.761519014,9730.480180463,18842.140000000003
2025-11-04,17503.180000000004,11811.366679833995,12754.782564791998,15938.980000000001,16699.579999999998,15529.41,15209.289999999997,9122.491519014002,9276.410180463,17503.180000000004
2025-11-05,18647.02,12372.426679833996,13369.772564791998,15935.980000000001,17712.139999999996,16244.689999999995,15909.309999999998,9298.081519013998,9413.910180463,18643.33
2025-11-06,17843.070000000003,11816.626679833993,12790.702564791998,15249.980000000003,16952.639999999996,15554.139999999996,15223.31,8906.081519013998,9017.360180463002,18228.210000000003
2025-11-07,17844.06,11750.836679833996,12818.002564792,15249.420000000002,16952.019999999997,15551.929999999997,15222.749999999998,8905.761519013999,9015.390180463002,18427.170000000002
2025-11-10,18287.52,12161.056679833993,13130.592564792,15629.1,17372.379999999997,15935.629999999996,15602.429999999997,9122.721519013998,9236.370180463,19197.09
2025-11-11,17366.77,11549.136679833995,12542.422564792,14837.54,16496.009999999995,15131.909999999994,14810.869999999997,8670.401519013998,8771.890180463,18468.97
2025-11-12,17378.670000000002,11550.166679833994,12573.862564791998,14847.34,16506.859999999997,15141.359999999995,14820.669999999996,8676.001519013998,8777.140180463002,18664.2
2025-11-13,15494.77,10224.456679833995,11423.852564792,13227.720000000001,14713.869999999995,13498.569999999996,13201.05,7751.361519013999,7827.830180463001,16877.890000000003
2025-11-14,16068.880000000001,10691.306679833995,11731.032564792,13254.880000000001,14743.939999999995,13525.729999999996,13228.21,8033.761519013999,7843.350180463001,17419.99
2025-11-17,15542.690000000002,10566.206679833995,11446.382564791998,13070.54,14540.009999999995,13341.389999999996,13043.869999999999,7776.321519013998,7737.370180463002,17010.68
2025-11-18,15348.480000000003,10520.306679833995,11278.752564791997,13070.54,14540.009999999995,13341.389999999996,13043.869999999999,7681.121519013999,7737.370180463002,16689.930000000004
2025-11-19,15733.260000000002,10950.736679833995,11508.092564792,13070.54,14540.009999999995,13341.389999999996,13043.869999999999,7869.601519013999,7737.370180463002,17056.320000000003
2025-11-20,14328.16,9790.306679833995,10696.442564791998,13070.54,14540.009999999995,13341.389999999996,13043.869999999999,7180.801519013998,7737.370180463002,15703.030000000002
2025-11-21,14143.780000000002,9837.526679833994,10600.602564792,13070.54,14540.009999999995,13341.389999999996,13043.869999999999,7089.761519013999,7737.370180463002,15212.800000000003
2025-11-24,14758.940000000002,10564.866679833995,11125.302564791999,13070.54,14540.009999999995,13341.389999999996,13043.869999999999,7390.721519014,7737.370180463002,15787.640000000003
2025-11-25,14696.190000000002,10417.926679833994,11135.162564792,13070.54,14540.009999999995,13341.389999999996,13043.869999999999,7359.681519013999,7737.370180463002,15648.000000000004
2025-11-26,15558.230000000003,10944.226679833995,11720.872564791998,13070.54,14540.009999999995,13341.389999999996,13043.869999999999,7780.961519013999,7737.370180463002,16726.43
2025-11-28,16094.300000000003,11528.226679833995,12127.552564791999,13070.54,14538.509999999995,13341.389999999996,13043.869999999999,8044.8015190139995,7735.870180463002,17382.68
2025-12-01,15250.900000000001,10934.266679833996,11626.522564792,13070.54,14244.509999999995,13341.389999999996,13043.869999999999,7630.881519013999,7578.370180463002,16756.645000000004
2025-12-02,15734.880000000001,11128.946679833994,12062.012564792,13070.54,14396.269999999993,13341.389999999996,13043.869999999999,7868.481519013998,7659.670180463001,17657.22
2025-12-03,15826.150000000001,11000.306679833995,12154.252564791997,13070.54,14826.909999999993,13341.389999999996,13043.869999999999,7911.521519013999,7890.370180463002,17349.4
2025-12-04,16953.020000000004,12009.946679833994,12618.812564791999,13070.54,15019.549999999996,13339.889999999996,13043.869999999999,8465.441519013999,7993.5701804630025,18684.530000000002
2025-12-05,16848.58,12089.106679833996,12482.192564791998,13067.54,14727.769999999993,13089.149999999994,13040.869999999999,8412.241519013998,7835.170180463001,18473.020000000004
2025-12-08,16465.08,11819.956679833997,12382.852564791998,12779.98,14399.629999999994,12801.589999999993,12742.16,8225.271519013999,7665.890180463001,19093.940000000002
2025-12-09,16513.82,11862.386679833995,12435.032564791998,12830.779999999999,14451.749999999993,12852.389999999992,12775.189999999999,8131.501519013998,7579.890180463,20800.140000000003
2025-12-10,16011.36,11505.916679833996,12202.592564791998,12445.880000000001,14015.469999999994,12467.489999999994,12384.619999999999,7845.451519013998,7316.840180463001,20929.340000000004
2025-12-11,16623.440000000002,11945.726679833995,12341.192564791996,12506.78,14080.959999999995,12528.389999999994,12439.429999999998,7918.471519013998,7131.140180463,21916.200000000004
2025-12-12,15069.860000000002,10809.566679833995,11428.612564791998,12029.380000000001,12925.369999999995,12050.989999999994,12009.769999999999,7366.041519013998,6736.700180463002,20130.960000000006
2025-12-15,14815.94,10589.886679833995,11268.372564791996,12132.78,12794.609999999993,12154.389999999994,12102.829999999998,7109.201519013998,6540.500180463002,19941.720000000005
2025-12-16,14455.560000000001,10331.246679833996,11111.032564791996,11945.880000000001,12589.169999999993,11967.489999999994,11934.47,7106.491519013998,6540.500180463002,18406.520000000004
2025-12-17,13759.960000000001,9768.206679833995,10731.672564791996,11945.880000000001,12589.169999999993,11967.489999999994,11934.47,6676.491519013998,6540.500180463002,17491.480000000003
2025-12-18,14189.320000000002,10084.686679833994,10995.912564791997,11945.880000000001,12587.669999999993,11967.489999999994,11934.47,6811.651519013998,6540.500180463002,18931.300000000003
2025-12-19,15203.62,10835.246679833996,11621.712564791997,11945.880000000001,13205.069999999992,11965.989999999994,11934.47,7180.0415190139975,6540.500180463002,19769.200000000004
2025-12-22,15665.820000000002,11200.186679833994,11900.552564791997,11945.880000000001,13537.169999999993,12261.189999999995,11932.97,7316.761519013999,6540.500180463002,20354.780000000006
2025-12-23,15578.080000000002,11139.876679833997,11822.752564791997,11945.880000000001,13492.709999999992,12221.669999999995,11895.92,7253.6315190139985,6540.500180463002,19860.400000000005
2025-12-24,15711.7,11272.966679833995,11908.932564791998,11945.880000000001,13645.889999999992,12357.829999999994,12023.57,7272.581519013998,6540.500180463002,20172.760000000002
2025-12-26,15530.900000000001,11148.166679833996,11777.592564791998,11945.880000000001,13553.189999999991,12275.429999999993,11946.32,7176.121519013998,6540.500180463002,20395.440000000002
2025-12-29,15189.080000000002,10833.056679833997,11562.332564791997,11945.880000000001,13226.309999999994,11984.869999999995,11673.92,7102.971519013998,6540.500180463002,19705.740000000005
2025-12-30,15091.420000000002,10777.386679833997,11484.072564791997,11945.880000000001,13200.569999999992,11961.989999999994,11652.47,7031.041519013998,6540.500180463002,20627.620000000006
2025-12-31,15034.440000000002,10729.656679833995,11417.872564791996,11945.880000000001,13153.949999999993,11920.549999999994,11613.619999999999,6980.491519013998,6540.500180463002,21052.460000000006
2026-01-02,16070.68,11340.736679833997,11988.772564791996,11945.880000000001,13467.809999999992,12200.869999999995,11876.42,7427.251519013998,6539.000180463002,21828.040000000005
2026-01-05,16084.560000000001,11094.476679833997,12044.832564791996,11945.880000000001,13115.669999999993,11735.909999999994,11440.52,7737.031519013998,6708.4401804630015,21953.060000000005
2026-01-06,16511.600000000002,11628.236679833997,12318.352564791996,11945.880000000001,13815.269999999993,12381.829999999994,12046.07,7683.691519013998,6661.360180463002,24714.900000000005
2026-01-07,16797.620000000003,11708.226679833997,12375.112564791996,11942.880000000001,13890.89999999999,12304.689999999995,11973.470000000001,7775.261519013999,6757.220180463002,28036.81
2026-01-08,16400.360000000004,11484.906679833997,12226.138501081996,11661.100000000002,13589.07999999999,12036.749999999996,11691.689999999999,8095.021519013999,7007.780180463002,28277.590000000004
2026-01-09,16943.690000000002,11883.816679833997,12666.016675961997,12050.940000000002,14046.389999999992,12438.819999999996,12081.529999999999,8547.941519013999,7399.550180463002,26681.27
2026-01-12,16810.340000000004,11803.316679833997,12627.214438906994,11956.09,13942.439999999991,12346.769999999997,11986.68,8602.541519013997,7440.1501804630025,26049.170000000002
2026-01-13,17374.100000000002,12181.856679833998,12878.536637381994,12359.190000000002,14402.959999999992,12752.769999999997,12389.779999999999,8792.781519013999,7615.890180463,25989.860000000004
2026-01-14,16504.100000000006,11672.846679834,12393.490346516995,11735.36,13688.159999999993,12122.629999999996,11765.95,8446.781519013999,7299.9401804630015,25827.58
2026-01-15,16971.440000000002,12011.576679833997,12674.840939411995,11895.240000000002,13876.589999999993,12288.219999999996,11925.83,8698.941519013999,7476.950180463001,28128.850000000002
2026-01-16,16974.890000000003,12303.606679833998,12883.746026731995,12184.480000000001,14217.479999999992,12587.789999999995,12215.07,8994.741519013998,7797.180180463001,25696.480000000003
2026-01-20,17746.820000000003,12660.996679833997,13279.289573686994,12247.480000000001,14290.229999999992,12653.039999999995,12278.07,9206.061519013998,7865.430180463001,25855.260000000002
2026-01-21,17818.22,12648.706679833998,13424.930425721996,12214.160000000002,14323.889999999992,12618.529999999995,12244.75,9185.661519013998,7850.9801804630015,25003.600000000002
2026-01-22,17459.000000000004,12378.046679833998,13259.576133591996,12076.12,14057.849999999991,12475.559999999994,12106.71,8976.381519014,7666.350180463001,23787.79
2026-01-23,17108.840000000004,12224.566679833997,13097.680196791995,12055.400000000001,13834.529999999992,12454.099999999995,12085.99,8888.541519013997,7582.210180463001,23225.570000000003
2026-01-26,16761.770000000004,11949.306679833997,12840.490483081994,11907.840000000002,13572.999999999993,12301.269999999995,11938.43,8671.861519013999,7391.880180463002,23343.390000000003
2026-01-27,18059.090000000004,12787.966679833999,13658.219824461996,12263.160000000002,14488.499999999993,12669.279999999995,12293.75,9281.541519014,7938.110180463002,23644.36
2026-01-28,18870.350000000002,13446.046679833997,14266.828009236995,12629.400000000001,15106.55999999999,13047.099999999995,12659.99,9809.781519013997,8400.950180463,23673.170000000002
2026-01-29,18449.270000000004,13094.414632067996,14002.896546546996,12380.760000000002,14767.23999999999,12753.979999999996,12411.349999999999,9475.861519013999,8111.430180463001,23351.2
2026-01-30,18467.210000000003,12742.528590487997,13868.766516846994,12236.840000000002,14732.819999999992,12708.919999999996,12267.43,9332.421519013998,7993.6901804630015,24782.960000000003
2026-02-02,19316.030000000002,13093.276561459998,14422.860781826996,12370.12,15300.439999999991,13162.759999999995,12399.21,9630.101519013999,8267.570180463,26714.220000000005
2026-02-03,20058.950000000004,13475.230281049997,14779.673438676995,12727.400000000001,15873.359999999993,13649.599999999995,12861.609999999999,10136.181519013997,8709.850180463001,26215.58
2026-02-04,19858.130000000005,12327.511050777997,14323.948274196995,12124.280000000002,15558.259999999991,13329.339999999995,12532.449999999999,9482.501519013998,8163.870180463001,26157.870000000003
2026-02-05,20255.36,12607.201050777996,14450.688264806995,11821.78,15707.449999999993,13404.889999999996,12579.869999999999,9251.021519013999,7984.640180463001,27794.910000000003
2026-02-06,21499.100000000006,13360.641050777996,15143.534422171993,11818.78,16321.359999999993,13876.089999999997,13003.499999999998,9666.781519013999,8170.420180463001,30701.750000000004
2026-02-09,22438.460000000003,13942.661050777997,15593.276515316993,12337.460000000001,17037.799999999992,14481.509999999995,13571.619999999997,10168.041519013997,8585.820180463,33395.810000000005
2026-02-10,21888.220000000005,13598.531050777996,15249.065912521994,12034.920000000002,16619.41999999999,14127.519999999993,13240.119999999997,9890.451519013997,8356.600180463,31005.590000000007
2026-02-11,22394.760000000006,13904.911050777997,15708.549537656992,12315.2,17006.339999999993,14454.279999999995,13547.059999999998,10168.091519014,8587.060180463,32737.430000000008
2026-02-12,21945.030000000006,13653.891050777998,15431.109126746993,12045.480000000001,16641.939999999995,14153.729999999996,13253.669999999998,9660.661519014,8152.830180463001,31576.600000000006
2026-02-13,21578.330000000005,13420.871050777998,15249.415751871995,11853.900000000001,16373.159999999994,13922.839999999997,13042.789999999999,9601.211519014,8110.550180463001,30956.340000000004
2026-02-17,22506.290000000005,13995.791050777996,15657.509823946995,12353.460000000001,17068.079999999994,14514.499999999993,13591.189999999997,9936.071519014,8379.830180463,30789.040000000008
2026-02-18,22843.350000000006,14184.771050777998,15982.709107966992,12554.760000000002,17340.339999999993,14739.329999999994,13810.229999999998,10305.781519013999,8695.950180463002,30919.500000000004
2026-02-19,23695.310000000005,14713.391050777998,16376.929432836994,13006.62,17971.55999999999,15279.139999999996,14306.929999999998,10528.391519014,8868.530180463,31629.700000000004
2026-02-20,23870.680000000004,14792.021050778,16456.818400861994,13076.02,18077.87999999999,15378.449999999993,14385.559999999998,10279.061519014,8644.320180463,35792.450000000004
2026-02-23,24486.660000000007,15174.101050777997,16776.269050606996,13425.68,18557.219999999994,15780.219999999994,14767.639999999998,10726.991519013998,9021.640180463,35085.43000000001
2026-02-24,24968.880000000005,15465.121050777998,17019.497539941996,13691.32,18924.37999999999,16090.699999999993,15058.659999999996,10976.511519013999,9228.020180463001,39504.15
2026-02-25,25961.820000000003,16057.121050777998,17587.606020406995,14231.060000000001,19673.159999999993,16726.389999999996,15650.659999999998,11399.801519014,9573.340180463001,43718.530000000006
2026-02-26,24844.810000000005,15392.031050777998,16960.334566591995,13630.760000000002,18837.69999999999,16014.709999999995,14991.569999999998,11009.641519014,9260.570180463,40659.16
2026-02-27,24808.900000000005,15358.341050777995,16862.883715576994,13586.060000000001,18785.439999999995,15979.129999999994,14944.979999999998,10679.581519013998,8971.100180463,41467.630000000005
2026-03-02,26765.900000000005,16501.671050777997,17843.032855171994,14636.720000000001,20248.09999999999,17225.459999999995,16098.639999999998,11349.831519013998,9507.360180463002,47910.01000000001
2026-03-03,24585.080000000005,15226.111050777996,16580.257471151996,13462.960000000001,18615.219999999994,15835.119999999995,14810.099999999997,10566.211519014,8877.460180463,43846.07000000001
2026-03-04,24772.990000000005,15346.661050777999,16833.456984606994,13585.380000000001,18777.19999999999,15965.559999999994,14942.409999999998,10899.771519013999,9165.850180463,41990.94000000001
2026-03-05,24021.35000000001,14900.711050777998,16434.877653641997,13178.700000000003,18212.279999999995,15484.549999999996,14496.169999999998,10621.781519013999,8940.290180463002,41387.47000000001
2026-03-06,21323.730000000007,13289.331050777997,14899.384373176996,12631.600000000002,17466.779999999995,14863.049999999996,13899.469999999998,9433.861519013999,8244.390180463,36087.380000000005
2026-03-09,23499.420000000006,14581.201050777998,16105.669823436994,12631.600000000002,17466.779999999995,14863.049999999996,13899.469999999998,10295.151519013998,8244.390180463,41105.850000000006
2026-03-10,24190.150000000005,14989.931050777997,16509.010273441992,12628.600000000002,17463.779999999995,14860.049999999996,13896.469999999998,10502.831519013998,8241.390180463,45165.41
2026-03-11,24393.340000000007,15114.971050777998,16727.476652941994,12738.010000000002,17620.079999999994,14985.089999999997,14016.299999999997,10596.611519013999,8309.120180463,46722.95000000001
2026-03-12,23307.400000000005,14445.001050777995,16151.242564203993,12191.980000000003,16887.959999999995,14321.119999999995,13410.279999999999,10168.521519013999,7947.140180463,45507.720000000016
2026-03-13,23319.040000000005,14451.671050777997,16263.291047257993,12193.810000000001,16885.079999999994,14327.789999999995,13413.199999999997,10165.511519013999,7951.0201804630005,46694.45000000001
2026-03-16,23328.790000000005,14457.491050777997,16356.057117007993,12197.440000000002,16888.259999999995,14333.609999999997,13417.509999999998,10166.951519014,7954.2701804630005,46492.66000000002
2026-03-17,24022.180000000004,14882.291050777996,16825.968663109994,12553.690000000002,17375.999999999993,14758.409999999996,13811.219999999998,10454.651519013998,8185.400180463001,44836.91
2026-03-18,24809.350000000002,15362.761050777997,17152.928525445994,12942.070000000002,17886.899999999994,15238.879999999996,14243.909999999996,10750.941519013999,8447.790180463,47896.51000000001
2026-03-19,26487.400000000005,16383.921050777997,17861.428616195994,13796.260000000002,19046.039999999994,16266.039999999995,15189.639999999998,11432.161519013998,9007.140180463,53786.600000000006
2026-03-20,24657.13000000001,15311.871050777998,16809.362163703994,12856.270000000002,17759.579999999994,15144.779999999995,14150.729999999998,10673.441519013999,8397.050180463,50774.470000000016
2026-03-23,24721.120000000006,15318.121050777998,16667.96600582799,12873.580000000002,17765.579999999998,15180.919999999996,14173.059999999998,10673.421519013998,8416.880180463002,56327.87000000001
2026-03-24,26213.290000000005,16162.271050777998,17308.596360949996,13530.940000000002,18642.059999999998,15984.359999999995,14903.459999999997,11266.601519013999,8855.120180463,59532.51000000001
2026-03-25,25935.790000000005,16022.571050777999,17133.602616377993,13307.560000000001,18342.719999999994,15711.339999999995,14655.259999999998,11170.981519013998,8704.700180463,58580.58
2026-03-26,23693.830000000005,14715.371050777998,15866.154266827994,12512.230000000003,16781.279999999995,14739.269999999995,13771.559999999998,10251.791519013997,7957.380180463,52667.100000000006
2026-03-27,23933.650000000005,14846.551050777998,15981.428209569993,12637.600000000002,16940.039999999997,14892.499999999996,13910.859999999997,10344.261519013999,8037.320180463001,53969.06000000001
2026-03-30,22535.260000000006,13968.981050777997,15056.800750545994,12204.640000000003,15949.859999999997,14363.659999999996,13429.959999999997,9761.541519013997,7568.190180463001,49180.92000000001
2026-03-31,24021.940000000006,14912.101050778,15920.305952877992,12204.640000000003,15948.359999999997,14363.659999999996,13429.959999999997,10384.971519013998,7566.690180463001,52111.69
2026-04-01,25017.400000000005,15442.841050777997,16522.498267209994,12204.640000000003,15770.539999999995,14362.159999999996,13429.959999999997,10763.481519013998,7483.110180463,48093.37000000001
2026-04-02,26261.560000000005,16151.361050777998,17086.999752515992,12204.640000000003,16266.129999999996,14922.229999999996,13428.459999999997,11256.331519013998,7693.4301804629995,51990.350000000006
2026-04-06,25254.190000000006,15639.801050777998,16704.18912475799,12204.640000000003,15956.589999999997,14430.829999999996,12991.659999999996,10862.791519013997,7567.220180462999,45594.100000000006
2026-04-07,26072.140000000003,16060.151050777997,17072.709290819992,12204.640000000003,16226.719999999996,14822.059999999998,13339.419999999998,11183.461519014,7678.730180463,48055.850000000006
2026-04-08,27940.930000000004,17130.421050777997,18150.622398543994,12204.640000000003,17258.53,15544.489999999998,13981.579999999998,11941.011519013999,8132.760180463,53269.65000000001
2026-04-09,28421.560000000005,17540.611050777996,18535.56876328599,12201.640000000003,18017.379999999997,15519.98,13961.959999999995,12162.081519013998,8483.430180462998,58289.76000000001
2026-04-10,28771.330000000005,17773.381050778,18726.459612027993,12358.630000000003,18233.039999999997,15716.159999999996,14141.829999999998,12319.071519013998,8594.660180462999,58829.14000000001
2026-04-13,28838.15,17827.431050778,18874.74410441799,12411.280000000002,18250.999999999996,15766.419999999998,14198.269999999997,12371.721519013998,8639.730180462999,59455.385
2026-04-14,30510.86,18890.361050778,20142.688032789993,13190.500000000002,19253.18,16720.659999999996,15086.179999999997,13150.941519013997,9201.570180462999,59555.30000000001
2026-04-15,29840.420000000006,18480.831050778,19773.306732417994,12908.830000000004,18820.059999999998,16355.48,14760.159999999996,12869.271519013999,9008.600180463,57080.25000000001
2026-04-16,30674.690000000006,18976.101050778,20080.505809869992,13232.710000000003,19386.32,16794.879999999997,15139.909999999996,13193.151519013998,9220.740180462999,66845.46000000002
2026-04-17,30616.240000000005,18931.951050778,20025.247802571994,13203.610000000002,19353.22,16760.48,15107.059999999998,13164.051519013998,9199.140180463,67250.64000000001
2026-04-20,31110.700000000004,19192.191050778,20272.663937517995,13428.460000000003,19655.1,17039.46,15364.179999999997,13388.901519013998,9359.450180462998,65515.48000000001
2026-04-21,30359.290000000005,18673.651050777997,20000.563051869995,13134.760000000002,19147.119999999995,16642.579999999998,15020.209999999995,13095.201519013997,9166.290180462998,62837.25000000001
2026-04-22,31316.130000000005,19252.611050778,20687.887902795992,13540.480000000003,19761.44,17165.859999999997,15489.129999999997,13500.921519013998,9445.610180462998,68942.3
2026-04-23,31275.200000000004,19173.191050777998,20704.213216671993,13544.440000000004,19713.3,17155.499999999996,15489.839999999997,13504.881519014,9456.070180462999,63135.07000000001
2026-04-24,31502.050000000003,19361.091050778,20829.89937845199,13618.540000000003,19881.6,17267.1,15579.489999999998,13578.981519013998,9499.070180462999,64101.36000000001
2026-04-27,31334.110000000004,19218.711050777998,20959.923694713994,13560.490000000003,19760.28,17182.679999999997,15510.009999999995,13520.931519013999,9463.880180462998,60979.39000000001
2026-04-28,29927.200000000004,18352.791050778,20204.092394763993,12976.120000000004,18844.5,16420.14,14832.399999999998,12936.561519014,9065.990180462999,59222.590000000004
2026-04-29,33765.05,20377.491050778,22353.999322257994,14671.420000000004,21238.8,18557.34,16779.449999999997,14631.861519013999,10257.790180462998,61381.75000000001
2026-04-30,34212.990000000005,20716.071050778002,22485.73052156799,14838.610000000002,21549.719999999998,18789.48,16976.809999999998,14799.051519013998,10364.640180463,65842.90000000001
2026-05-01,35256.5,21343.691050777998,23114.987411739992,15274.630000000003,22226.3,19356.519999999997,17481.919999999995,15235.071519013998,10662.480180462997,74340.24
2026-05-04,35563.770000000004,21598.601050777997,23427.135823695993,15392.650000000003,22436.16,19517.639999999996,17620.549999999996,15353.091519013999,10739.280180463,79370.24
2026-05-05,36143.530000000006,21919.761050777997,24098.32701126399,15641.740000000003,22805.039999999997,19836.539999999997,17907.85,15602.181519013999,10911.950180462998,80378.87000000001
2026-05-06,34939.450000000004,21190.641050778,23690.902665219994,15134.680000000004,22028.399999999998,19180.02,17321.17,15095.121519014,10564.130180462998,78320.47000000002
2026-05-07,32929.770000000004,20139.001050778,22536.551079279994,14261.050000000003,20760.16,18068.839999999997,16315.349999999999,14221.491519013998,9954.880180462998,79148.26000000001
2026-05-08,33202.01,20299.441050777998,23260.38865842399,14372.560000000001,20933.28,18214.739999999998,16445.249999999996,14333.001519013997,10029.610180462998,82980.06000000001
2026-05-11,35987.69,21915.711050777998,24864.698817067994,15587.750000000004,22595.33,19739.449999999997,17751.999999999996,15721.381519013998,11004.960180462998,88152.57000000002
2026-05-12,35237.72,21489.371050777998,24352.446499239995,15257.660000000003,22162.53,19326.03,17408.989999999994,15247.891519013998,10669.060180462999,86861.44000000002
2026-05-13,36151.130000000005,22024.031050777998,24953.653712303993,15654.550000000003,22715.33,19824.409999999996,17842.159999999996,15649.941519013995,10949.760180462998,87234.43000000001
2026-05-14,36754.04000000001,22399.931050778,25096.240699487993,15908.860000000004,23118.53,20145.71,18151.069999999996,15654.771519013997,10943.460180462998,85836.80000000002
2026-05-15,34744.07000000001,21194.901050777997,23938.98228137999,15043.000000000004,21864.58,19056.519999999997,17175.369999999995,15025.101519013999,10513.310180462999,86800.26000000001
2026-05-18,32886.47,20111.181050777996,22837.96880155999,14233.140000000001,20744.879999999997,18040.26,16296.549999999996,14166.461519013998,9910.810180462999,79065.90000000001
2026-05-19,33098.15,20236.671050777994,23008.578223011995,14304.150000000001,20850.079999999998,18129.68,16378.079999999996,14241.681519013997,9937.110180462998,81765.67000000001
2026-05-20,34221.08,20923.431050777996,23639.58777319599,14870.340000000002,21688.879999999997,18842.66,17028.149999999998,14402.091519013997,10146.810180462999,80478.18000000001
2026-05-21,36699.86,22377.241050778,24983.689254583995,15560.730000000003,22710.18,19712.04,17820.82,15460.651519013998,10401.010180463,88340.17000000001
2026-05-22,36201.89,22078.421050777997,24694.986081439994,15415.200000000003,22406.579999999998,19528.78,17653.729999999996,15256.601519013999,10294.310180462999,94966.72000000002
2026-05-26,35871.41,21894.731050778,25091.356975599992,15412.77,22222.53,19525.719999999998,17650.939999999995,15002.621519013997,10185.140180462999,92029.73000000001
2026-05-27,35253.11,21542.631050778,24929.556968611992,15180.570000000003,21836.03,19233.32,17384.339999999997,14814.121519013997,10073.640180462999,87850.85
2026-05-28,34639.130000000005,21197.741050778,24591.639976115992,15078.240000000002,21475.98,19104.46,17266.85,14465.441519013997,9910.670180463,85034.52000000002
2026-05-29,34272.56,20989.081050777997,24607.94077439999,14942.970000000001,21247.28,18934.12,17111.539999999997,14350.671519013998,9843.590180462998,80174.49000000002
2026-06-01,33999.05,20819.641050778,24782.891104835995,14632.740000000002,21037.879999999997,18543.46,16755.35,14528.601519013997,9878.810180462999,81541.62000000001
2026-06-02,36964.82000000001,22077.539063383003,26368.883514919995,15424.920000000002,22832.23,19539.52,17664.89,15837.751519013998,10544.660180462999,84322.28000000001
2026-06-03,35166.08,21564.737170198,25524.634000371996,15005.61,21755.28,18646.899999999998,17183.46,14966.751519013997,10115.910180462997,81618.01000000002
2026-06-04,35484.950000000004,21300.851417982998,25343.255398599995,15114.960000000003,21952.68,18812.92,17309.009999999995,15077.061519013998,10177.650180462999,81685.20000000001
2026-06-05,33003.29,19586.122890573,23603.236576671996,14365.440000000002,20433.68,17541.899999999998,16448.449999999997,14090.721519013998,9654.290180462998,73457.96000000002
2026-06-08,32656.43,19624.887335847998,23811.804132891994,14092.86,20030.579999999998,17199.039999999997,16135.709999999997,14162.301519013998,9552.390180462997,73282.46000000002
2026-06-09,32368.190000000002,19486.207335847997,23556.212368172,14089.86,20027.579999999998,17196.039999999997,16132.71,13731.421519013998,9549.390180462997,69330.96000000002
2026-06-10,30442.604135112,18679.267335848,22700.796202617,13272.590300667001,18843.123834444996,16182.487067555996,15169.917067555998,13197.541519013997,9155.550180462997,73692.52000000002
2026-06-11,32182.69622076,19417.617335847997,23805.486256147,13980.062332785,19919.693887975,17081.833110379994,16039.963110379995,13723.761519013995,9491.910180462997,74791.52000000002
2026-06-12,32771.713761472005,20008.387335847998,24202.277219091997,14243.468910552001,20279.32485092,17399.021880735996,16334.471880735997,14146.481519013996,9759.970180462997,78303.42000000003
2026-06-15,34507.982907264,20723.427335848,25305.215435211998,14948.119840224,21353.78306704,18295.716453631998,17202.606453631997,14660.481519013996,10088.370180462996,86681.94000000003
2026-06-16,34365.785604464,20550.087335848,24832.997120961998,14918.720851674001,21260.124752789998,18237.377802231997,17131.507802231998,14498.841519013997,10039.450180462996,76660.10000000002
2026-06-17,34800.018014128,20675.257335848,25046.909877002,15096.970505298,21528.43750883,18462.714007063994,17348.624007063998,14584.181519013997,10102.670180462996,75881.22000000003
2026-06-18,38249.34632432,22200.397335847996,26738.520070872,16555.168621620003,23651.3277027,20275.218162159996,19073.28816216,15646.181519013997,10853.270180462996,71966.6
2026-06-22,39918.651129664,23046.827335847996,27809.330574212,17244.682923624,24681.938206040002,21143.750564832,19907.940564832,16262.341519013997,11246.050180462997,76439.42000000001
2026-06-23,37162.027460184,21827.587335848,26031.263280787,16121.436547569003,22976.950912615,19717.698730091994,18529.628730091998,15377.681519013997,10684.370180462996,67495.42000000001
2026-06-24,37396.971470192,21950.219842103,26199.705787042,16225.328051322,23120.63341887,19843.590735095997,18647.100735095995,15545.581519013998,10789.370180462996,64011.26000000002
2026-06-25,37662.548448128,22214.012953313,26592.288898251998,16261.131918048002,23299.37653008,19942.359224064,18779.889224063998,15181.081519013998,10522.070180462997,62640.32000000002
2026-06-26,33468.888366224,19921.645402123,24291.441347062002,14472.659387334003,20719.708978889998,17729.709183111998,16681.559183111996,13514.961519013996,9401.710180462997,62820.00000000002
2026-06-29,34997.852436896,20745.055446292998,25183.561391231997,14511.503413836002,20784.44902306,17781.501218447997,16733.351218447995,14250.381519013998,9470.550180462997,64926.48000000002
2026-06-30,36786.701354024,21697.868519498,26085.944464436998,14538.529257759,20829.492096265,17817.535677011998,16769.385677011996,14996.961519013996,9483.870180462996,64994.88000000002
2026-07-01,34992.371434128,20747.90355955,24852.388264502,14172.555537798002,20219.53589633,17329.570717063994,16281.420717063997,14426.161519013996,9368.570180462997,60907.82000000002
2026-07-02,33384.86120336,19869.708444165997,23719.171870272,14000.921701260002,19934.4795021,17101.225601679995,16053.075601679997,13650.941519013995,9368.570180462997,55277.30000000002
2026-07-06,34957.501204600005,20752.668444786,24502.391871047,14000.921701260002,19934.4795021,17101.225601679995,16053.075601679997,14290.821519013996,9368.570180462997,58582.56000000002
2026-07-07,33006.7812046,19675.388444785996,23376.781871047,14000.921701260002,19934.4795021,17101.225601679995,16053.075601679997,13498.981519013996,9368.570180462997,55260.320000000014
2026-07-08,32142.781204599996,19176.268444785997,23003.241871046997,14000.921701260002,19934.4795021,17101.225601679995,16053.075601679997,13134.461519013996,9368.570180462997,56134.24000000001
2026-07-09,32654.7612046,19491.478444785997,23614.021871046996,14000.921701260002,19934.4795021,17101.225601679995,16053.075601679997,13520.121519013996,9368.570180462997,58031.92000000002
2026-07-10,31780.6212046,18970.608444785998,23235.981871047003,13997.921701260002,19931.4795021,17098.225601679995,16050.075601679997,13256.421519013998,9365.570180462997,55419.56000000002
2026-07-13,30747.9812046,18347.668444786,22559.801871047002,13546.141701260003,19286.079502099998,16559.665601679993,15533.755601679997,12840.981519013998,9085.070180462997,51560.36000000002
2026-07-14,31803.0212046,18944.938444786,23287.261871047,14007.721701260003,19945.4795021,17107.005601679994,16061.275601679998,13343.011519013999,9417.420180462996,55647.28000000002
2026-07-15,30412.9412046,18395.998444785997,22395.741871047,13399.561701260001,19076.6795021,16403.925601679995,15366.235601679997,12788.351519013999,9063.220180462997,52534.92000000003
2026-07-16,28550.8612046,16899.898444786,21136.801871047,12583.401701260002,17911.379502099997,15406.085601679995,14433.695601679998,11997.741519013998,8506.370180462996,48020.40000000002
2026-07-17,28746.221204600002,17191.388444785996,21394.471871047,12553.651701260002,17868.879502099997,15372.085601679995,14399.695601679998,12317.451519014,8639.320180462997,48101.260000000024
2026-07-20,28437.5812046,16593.738444785995,21247.161871047003,12669.221701260001,18033.979502099995,15504.165601679995,14531.775601679998,12346.591519013999,8802.970180462997,49769.88000000002
2026-07-21,31057.741204600003,18230.138444785996,22915.121871047,13406.741701260002,19086.079502099998,16347.045601679994,15374.655601679999,13302.271519013999,9161.520180462996,54962.04000000002
2026-07-22,30619.0212046,17861.918444785995,22627.421871047,13327.361701260003,18811.879502099997,16256.325601679995,15283.935601679997,13134.871519014,9041.820180462997,53094.760000000024
2026-07-23,31081.2612046,18158.188444785996,22838.051871047,13542.471701260001,19100.7795021,16502.165601679997,15529.775601679998,13154.431519013999,9052.320180462997,53500.78000000002
2026-07-24,28935.9812046,17181.598444785996,21357.611871047,13057.651701260002,17758.479502099995,15948.085601679995,14975.695601679998,12167.901519013998,8373.470180462997,49772.340000000026
2026-07-27,28709.2612046,16739.698444785994,21080.621871047002,12912.401701260002,17550.979502099995,15782.085601679995,14809.695601679998,11802.431519013999,8118.320180462997,49796.440000000024
2026-07-28,26751.6612046,15722.518444785994,19813.331871047,12353.211701260003,16752.7795021,15143.225601679995,14170.835601679997,11044.771519013997,7816.6701804629965,46202.980000000025
2026-07-29,25348.3012046,14734.848444785996,18976.321871047,12353.211701260003,16752.7795021,15143.225601679995,14170.835601679997,10607.961519014,7816.6701804629965,42259.200000000026
2026-07-30,28906.7012046,16501.128444785994,21243.641871047002,12353.211701260003,16751.2795021,15143.225601679995,14170.835601679997,11898.891519013998,7815.1701804629965,48983.92000000002
2026-07-31,28038.7012046,16160.658444785995,20936.211871047,12353.211701260003,16698.879502099997,15143.225601679995,14170.835601679997,12047.461519014,7791.590180462997,54790.260000000024
2026-08-03,28542.5412046,16614.588444785993,21520.521871047,12353.211701260003,17199.2795021,15143.225601679995,14170.835601679997,12737.691519013997,8015.270180462997,58869.00000000002
2026-08-04,29866.5412046,17600.598444785996,22456.411871047003,12353.211701260003,17589.3795021,15143.225601679995,14170.835601679997,13421.601519013999,8330.650180462997,58107.78000000002
2026-08-05,30073.901204600003,17460.018444785994,22504.051871047002,12353.211701260003,17840.2595021,15141.725601679995,14170.835601679997,13316.781519013997,8396.190180462998,59731.62000000002
2026-08-06,29714.541204600002,17413.53844478599,22351.071871047,12353.211701260003,17578.579502099998,14969.885601679995,14170.835601679997,13341.371519013997,8323.130180462997,62742.58000000002
2026-08-07,29344.3012046,17638.98844478599,22320.571871047003,12353.211701260003,17178.1795021,14662.045601679994,14170.835601679997,13633.191519013997,8254.190180462996,69178.42000000003
2026-08-10,28794.4612046,17106.55844478599,21697.321871047003,12350.211701260003,16757.4995021,14378.825601679993,14167.835601679999,12900.681519014,7938.0901804629975,61789.08000000002
2026-08-11,28978.5012046,17209.638444785993,21681.591871047007,12424.091701260004,16860.5795021,14467.305601679993,14256.315601679999,12981.641519014,7982.330180462997,61904.38000000003
2026-08-12,30669.7412046,18147.96844478599,22999.741871047,13059.121701260003,17804.9095021,15256.985601679993,15045.995601679999,13728.551519014,8377.170180462997,64591.89000000002
2026-08-13,30817.8412046,17872.12844478599,23065.771871047004,13172.721701260005,17891.4695021,15357.065601679995,15146.075601679997,13790.091519014,8427.210180462998,64820.71000000003
2026-08-14,31578.6912046,18392.848444785992,23488.891871047002,13462.721701260005,18316.5895021,15714.625601679993,15503.635601679998,14125.821519014,8605.990180462997,66943.24000000002
2026-08-17,32604.9712046,18978.138444785993,23989.171871047,13871.631701260005,18891.1995021,16206.385601679995,15995.395601679997,14577.491519013998,8851.870180462998,73614.71000000002
2026-08-18,30608.821204599997,17762.87844478599,22769.591871047,13087.931701260004,17774.3395021,15256.105601679992,15045.115601679998,13698.201519013997,8376.730180462997,66698.00000000003
2026-08-19,30138.9512046,17327.213444785993,22248.391871047002,12925.216701260004,17512.8945021,15044.025601679994,14833.035601679996,13489.776519013998,8270.690180462998,62924.02500000002
2026-08-20,31199.6712046,15464.173444785994,22836.881871047,13340.831701260006,18106.3195021,15548.545601679994,15337.555601679996,13957.071519014,8522.950180462998,63427.270000000026
2026-08-21,30965.7412046,16012.663444785994,22752.161871047003,13250.271701260004,17975.5195021,15437.865601679994,15226.875601679996,13853.941519013999,8467.610180462998,62304.080000000016
2026-08-24,29735.2812046,15481.503444785994,22019.891871047002,12746.20170126,17285.669502099998,14840.905601679991,14629.915601679997,13313.331519013998,8169.130180462997,59114.010000000024
2026-08-25,30594.476204600003,16548.723444785996,22660.751871047003,13070.166701260005,17765.5045021,15242.805601679993,15031.815601679999,13692.691519013999,8370.080180462997,60354.090000000026
2026-08-26,31162.5412046,16115.113444785995,23111.221871047004,13268.571701260003,18081.6995021,15500.105601679992,15289.115601679998,13944.561519013998,8498.730180462997,59497.54000000002
2026-08-27,31268.3712046,15898.113444785995,23248.881871047,13298.831701260002,18140.1595021,15544.465601679993,15333.475601679998,13991.931519013997,8520.910180462997,60173.690000000024
2026-08-28,30677.631204600002,15744.033444785995,22749.661871047007,13097.701701260004,17811.6895021,15279.665601679993,15068.675601679999,13729.661519014,8388.510180462998,56665.46000000002
2026-08-31,31269.3912046,16016.793444785995,23073.571871047003,13338.071701260003,18143.3195021,15565.665601679993,15354.675601679999,13989.791519014001,8531.510180462998,57932.89000000002
2026-09-01,30452.4612046,16204.513444785996,22379.321871047003,13023.611701260004,17686.6595021,15180.105601679992,14969.115601679998,13629.521519014,8338.730180462997,55621.96000000002
2026-09-02,30829.3712046,16282.753444785994,23040.621871047006,13186.981701260003,17898.569502100003,15367.745601679995,15156.755601679997,13794.521519014,8432.550180462998,56357.96000000003
2026-09-03,30653.7612046,16245.073444785994,23087.331871047005,13131.911701260004,17801.2395021,15291.545601679994,15080.555601679996,13716.241519013998,8394.450180462998,56079.82000000002
2026-09-04,31893.6062046,16619.553444785997,23812.331871047005,13642.576701260004,18496.5345021,15894.525601679994,15683.535601679996,14260.791519013997,8695.940180462998,59347.050000000025
2026-09-08,32507.8462046,16342.753444785994,24333.551871047006,13820.106701260003,18835.9645021,16153.005601679994,15942.015601679996,14535.601519013999,8825.180180462998,62380.00000000002
2026-09-09,33036.0112046,16430.673444785993,24616.891871047002,14038.011701260006,19129.7795021,16408.865601679994,16197.87560168,14763.951519014,8950.110180462998,62566.93000000002
2026-09-10,32291.861204599998,16050.073444785996,24146.951871047,13765.141701260003,18712.899502099997,16089.675601679995,15878.685601679997,14251.591519014,8642.110180462998,59900.19000000002
