time_key,open,close,high,low,volume
2018-01-02,175.85,177.7,177.8,175.26,2432814.0
2018-01-03,178.0,181.04,181.89,177.7,2561213.0
2018-01-04,181.93,183.22,184.06,181.64,2211383.0
2018-01-05,185.0,185.34,185.9,183.54,2376524.0
2018-01-08,184.95,185.04,185.599,183.83,2087952.0
2018-01-09,185.57,186.7,186.97,183.931,1804423.0
2018-01-10,185.21,187.11,187.27,185.073,1664485.0
2018-01-11,187.29,188.92,188.94,186.185,1600065.0
2018-01-12,189.09,195.05,195.5,188.99,4246044.0
2018-01-16,195.92,192.46,198.21,191.71,4595560.0
2018-01-17,194.015,196.49,197.12,192.77,2969469.0
2018-01-18,196.21,196.2,196.586,194.06,2539356.0
2018-01-19,196.24,195.73,196.63,194.65,2342979.0
2018-01-22,195.7,197.84,198.0,194.424,1701342.0
2018-01-23,202.29,200.09,204.45,199.44,3980994.0
2018-01-24,201.82,197.78,202.3,196.52,3250450.0
2018-01-25,198.08,197.51,199.244,196.07,2574213.0
2018-01-26,198.5,201.3,201.55,198.25,2338080.0
2018-01-29,200.11,198.23,200.86,197.87,1938978.0
2018-01-30,197.25,196.9,197.73,194.89,3343348.0
2018-01-31,197.13,199.76,200.96,196.75,2747576.0
2018-02-01,199.12,199.38,201.75,198.085,2366120.0
2018-02-02,197.33,195.64,199.4,195.44,2813785.0
2018-02-05,194.06,190.27,198.46,188.0,3801346.0
2018-02-06,186.59,194.47,194.82,182.1,4479960.0
2018-02-07,193.87,192.34,196.24,192.02,2988024.0
2018-02-08,192.84,185.16,192.97,185.02,3978688.0
2018-02-09,187.33,187.99,189.71,179.34,3818835.0
2018-02-12,189.0,192.15,192.99,188.56,2824726.0
2018-02-13,190.85,193.48,194.31,190.39,1961306.0
2018-02-14,192.48,197.13,197.5,191.95,2542392.0
2018-02-15,198.97,202.97,203.28,197.13,2233313.0
2018-02-16,202.52,201.56,203.9,200.74,2172590.0
2018-02-20,200.46,202.98,205.115,199.18,2722668.0
2018-02-21,204.45,202.09,206.83,202.02,2043494.0
2018-02-22,203.07,202.61,204.22,201.68,1541519.0
2018-02-23,204.22,209.74,209.78,203.31,2349265.0
2018-02-26,211.29,212.15,212.35,209.261,2418674.0
2018-02-27,211.99,208.82,212.76,208.25,2330752.0
2018-02-28,210.69,209.13,213.44,209.1,2356944.0
2018-03-01,210.32,206.03,210.683,204.45,2632234.0
2018-03-02,203.96,209.79,210.21,201.76,2624675.0
2018-03-05,208.75,211.16,212.0,206.92,2111808.0
2018-03-06,212.44,212.01,212.74,209.88,2169010.0
2018-03-07,211.33,216.86,217.44,211.003,2795072.0
2018-03-08,218.03,216.4,219.71,214.86,2284446.0
2018-03-09,218.0,221.11,221.27,217.19,2642259.0
2018-03-12,222.97,220.94,223.11,220.34,3216924.0
2018-03-13,223.0,219.76,224.9,218.43,4731961.0
2018-03-14,220.75,218.44,221.46,217.6,3357597.0
2018-03-15,220.0,218.87,221.47,218.061,4457006.0
2018-03-16,227.18,225.55,228.88,224.0,8783042.0
2018-03-19,224.48,222.18,226.59,218.68,4029302.0
2018-03-20,223.19,229.75,231.34,223.0,5019294.0
2018-03-21,228.76,226.85,229.25,225.61,3971832.0
2018-03-22,223.86,220.52,225.87,220.255,3008694.0
2018-03-23,219.52,215.02,222.455,214.78,4297236.0
2018-03-26,218.83,228.91,229.15,218.5,4485445.0
2018-03-27,229.9,213.8,230.98,212.25,5468070.0
2018-03-28,213.72,212.54,217.15,209.04,4503154.0
2018-03-29,213.35,216.08,219.59,210.274,3757447.0
2018-04-02,214.81,212.28,216.5,207.22,3494946.0
2018-04-03,214.78,215.93,217.855,212.28,3017824.0
2018-04-04,210.71,225.05,226.28,210.5,4474394.0
2018-04-05,227.94,223.54,228.8,221.605,4084913.0
2018-04-06,221.89,218.61,224.46,216.747,2964487.0
2018-04-09,220.08,219.17,224.437,218.82,2536139.0
2018-04-10,222.61,224.53,225.16,221.181,2845870.0
2018-04-11,222.93,223.63,226.62,222.54,1851054.0
2018-04-12,225.72,226.96,228.39,225.115,2084110.0
2018-04-13,228.85,224.06,228.95,222.55,2029265.0
2018-04-16,226.08,226.52,227.23,222.954,2130698.0
2018-04-17,228.56,231.16,232.21,228.07,3404449.0
2018-04-18,231.7,231.1,233.171,228.62,2261576.0
2018-04-19,230.11,227.62,230.43,226.28,2620107.0
2018-04-20,227.0,225.24,227.6,223.05,2403683.0
2018-04-23,226.39,225.3,229.15,224.75,2137988.0
2018-04-24,227.0,217.89,228.3,215.778,3450849.0
2018-04-25,218.16,217.32,219.4,213.25,2946092.0
2018-04-26,219.77,221.91,223.19,218.851,2235942.0
2018-04-27,223.08,221.9,224.18,219.68,1503148.0
2018-04-30,223.27,221.6,224.14,219.538,1766330.0
2018-05-01,220.77,224.08,224.49,219.38,1792948.0
2018-05-02,224.3,221.1,224.5,220.55,2202895.0
2018-05-03,220.01,226.05,227.37,218.7396,2507925.0
2018-05-04,223.89,228.51,229.39,223.39,1663737.0
2018-05-07,229.54,230.99,232.36,229.02,1808338.0
2018-05-08,229.74,234.56,234.9971,228.75,2244572.0
2018-05-09,235.0,239.74,240.15,233.525,3091588.0
2018-05-10,240.46,241.15,241.76,238.24,1941395.0
2018-05-11,241.03,241.88,241.93,238.7901,2261704.0
2018-05-14,242.0,238.37,243.34,237.24,2670821.0
2018-05-15,235.64,236.6,237.345,233.0,2130349.0
2018-05-16,236.59,237.39,238.12,235.8396,1843652.0
2018-05-17,237.32,236.85,239.665,234.8288,1690642.0
2018-05-18,236.24,238.09,239.28,235.2581,1888196.0
2018-05-21,239.85,238.1,240.78,237.11,1757941.0
2018-05-22,241.15,238.79,243.49,237.76,2950223.0
2018-05-23,236.32,243.91,244.09,236.0,2757629.0
2018-05-24,243.79,245.15,245.9,240.7218,2779634.0
2018-05-25,245.0,243.56,245.79,242.87,2152871.0
2018-05-29,242.99,242.19,243.385,240.38,2093449.0
2018-05-30,244.4,247.4,248.56,244.39,2319344.0
2018-05-31,247.11,249.28,251.52,246.58,3838370.0
2018-06-01,250.55,251.31,251.83,248.8486,2773194.0
2018-06-04,252.85,253.34,254.72,251.1,3058747.0
2018-06-05,254.0,252.7,254.06,251.11,2677427.0
2018-06-06,253.75,253.95,254.07,251.5,3963638.0
2018-06-07,253.24,247.51,254.05,244.03,4169213.0
2018-06-08,246.86,251.21,251.66,245.83,2880597.0
2018-06-11,251.76,251.0,253.48,250.125,2868208.0
2018-06-12,252.65,252.59,254.8,251.13,3513342.0
2018-06-13,253.7,256.13,257.9,253.65,3590741.0
2018-06-14,257.15,258.1,258.9102,256.58,5618308.0
2018-06-15,251.28,251.82,253.87,247.52,9052820.0
2018-06-18,250.52,255.69,256.77,249.8,3764273.0
2018-06-19,251.83,251.74,253.65,247.9,3532529.0
2018-06-20,253.5,251.24,254.8,250.98,2577487.0
2018-06-21,252.0,248.83,252.719,247.57,2639732.0
2018-06-22,248.11,243.63,248.7999,243.26,4124488.0
2018-06-25,240.15,239.68,241.96,235.87,4575365.0
2018-06-26,240.67,242.25,244.23,239.66,2998299.0
2018-06-27,243.46,237.68,244.9797,237.51,3499484.0
2018-06-28,236.59,239.81,241.8186,236.4385,2217390.0
2018-06-29,241.88,243.81,245.49,241.5,3774674.0
2018-07-02,241.05,243.26,243.33,239.6,4127360.0
2018-07-03,244.72,242.01,245.94,241.67,1307705.0
2018-07-05,243.04,244.18,244.62,242.14,1863413.0
2018-07-06,244.48,248.19,248.72,243.22,1889695.0
2018-07-09,249.9,249.77,250.66,246.37,2170678.0
2018-07-10,250.47,248.63,250.8464,248.21,2012389.0
2018-07-11,246.65,248.12,249.74,245.85,1730608.0
2018-07-12,249.94,254.87,255.05,249.38,2761631.0
2018-07-13,254.64,258.59,259.51,253.4901,3934327.0
2018-07-16,258.63,254.68,259.04,253.83,2165057.0
2018-07-17,252.68,258.31,258.68,250.71,2551989.0
2018-07-18,257.86,259.78,260.94,256.54,2637027.0
2018-07-19,258.0,257.68,259.6,256.36,1980234.0
2018-07-20,258.17,257.54,259.45,256.74,2224270.0
2018-07-23,257.66,259.47,260.14,256.38,1935668.0
2018-07-24,261.04,257.49,262.7275,255.932,2433299.0
2018-07-25,258.35,263.17,263.5,257.83,2345975.0
2018-07-26,261.92,261.93,263.83,258.4916,2266146.0
2018-07-27,262.05,254.81,262.8646,253.05,3030864.0
2018-07-30,254.42,242.32,254.76,240.1,5496791.0
2018-07-31,244.93,244.68,246.7999,241.16,2939488.0
2018-08-01,245.0,248.01,248.76,244.24,3185354.0
2018-08-02,245.6966,252.22,252.57,245.0,2395360.0
2018-08-03,252.575,253.28,254.39,249.48,2100275.0
2018-08-06,252.74,254.11,254.8799,251.54,1535405.0
2018-08-07,254.5,253.39,255.16,252.45,1885363.0
2018-08-08,252.95,253.83,254.57,251.63,1589803.0
2018-08-09,254.55,253.8,255.75,253.39,2092042.0
2018-08-10,252.0,253.7,254.97,251.5,1788961.0
2018-08-13,254.16,253.54,256.6,253.3,1535494.0
2018-08-14,254.38,256.05,256.25,252.09,2100345.0
2018-08-15,253.8,250.52,255.83,248.02,2744650.0
2018-08-16,252.79,248.89,253.3,248.1,2420379.0
2018-08-17,248.39,245.7,249.22,243.71,2744156.0
2018-08-20,246.08,249.76,250.37,246.0,2901290.0
2018-08-21,250.45,251.5,253.33,250.36,2168922.0
2018-08-22,250.59,255.54,256.16,250.36,1895350.0
2018-08-23,254.62,257.0,258.329,254.47,2984332.0
2018-08-24,258.33,261.51,263.39,258.33,3862275.0
2018-08-27,263.0,262.4,263.7,259.39,2433040.0
2018-08-28,263.7,263.04,263.7,261.03,1867069.0
2018-08-29,263.0,268.36,269.96,262.56,3155151.0
2018-08-30,266.72,266.43,269.05,265.5,2409250.0
2018-08-31,265.55,263.51,266.8331,263.2,2944461.0
2018-09-04,263.67,266.68,266.93,262.3,2158226.0
2018-09-05,265.61,256.14,266.1597,254.54,4203322.0
2018-09-06,256.95,259.75,260.27,255.14,2810834.0
2018-09-07,258.0,260.87,263.67,257.12,2894348.0
2018-09-10,264.27,265.37,265.93,260.79,2633558.0
2018-09-11,265.3,267.0,268.6,263.31,2866078.0
2018-09-12,267.83,267.79,270.94,266.448,3365421.0
2018-09-13,267.13,268.52,270.0,265.01,4773968.0
2018-09-14,269.0,274.69,277.61,268.0,6182502.0
2018-09-17,275.0,268.25,275.78,267.68,3080942.0
2018-09-18,267.61,270.79,273.78,266.6033,2684423.0
2018-09-19,271.14,264.88,271.95,263.6139,2801378.0
2018-09-20,266.47,266.34,269.54,264.1892,2560184.0
2018-09-21,266.15,260.88,267.5,260.24,6186497.0
2018-09-24,260.0,264.09,264.46,257.07,2619133.0
2018-09-25,264.6,267.84,268.43,264.2009,2298022.0
2018-09-26,268.56,268.47,270.68,266.66,2027658.0
2018-09-27,270.0,269.91,272.42,269.25,1735155.0
2018-09-28,269.75,269.95,272.26,268.44,2784504.0
2018-10-01,271.76,275.49,276.63,271.46,3553432.0
2018-10-02,274.71,272.0,277.03,271.85,3254406.0
2018-10-03,273.25,270.51,274.17,269.76,2726375.0
2018-10-04,269.5,263.71,271.07,260.5364,3780326.0
2018-10-05,263.96,263.22,266.1,258.31,3098832.0
2018-10-08,261.84,254.69,263.4564,248.6852,5109168.0
2018-10-09,254.16,254.16,258.72,251.71,2597721.0
2018-10-10,252.52,237.91,253.38,237.86,5309318.0
2018-10-11,236.41,238.59,245.72,234.72,7042917.0
2018-10-12,247.74,248.87,249.91,242.7827,4779938.0
2018-10-15,248.34,238.01,248.37,238.0,5106421.0
2018-10-16,252.5,260.67,261.73,251.77,8679636.0
2018-10-17,261.21,258.91,261.89,255.26,4405056.0
2018-10-18,256.19,250.35,257.21,246.01,5378932.0
2018-10-19,252.73,245.03,252.89,243.64,4070625.0
2018-10-22,246.0,251.06,251.635,242.8029,3486990.0
2018-10-23,246.19,251.76,254.91,242.56,5006280.0
2018-10-24,250.61,238.44,254.5991,238.23,4859524.0
2018-10-25,242.17,252.92,253.59,241.66,5283634.0
2018-10-26,243.85,245.8,252.18,241.405,4505846.0
2018-10-29,250.67,239.75,254.53,233.395,4725035.0
2018-10-30,238.99,238.41,242.5,231.7,5626772.0
2018-10-31,245.41,245.76,249.6,243.6662,4422974.0
2018-11-01,245.69,245.28,247.55,241.49,3192176.0
2018-11-02,246.57,239.64,247.47,237.8,4335346.0
2018-11-05,240.0,239.89,241.0,233.62,3224119.0
2018-11-06,240.48,240.56,244.64,237.76,2446675.0
2018-11-07,244.8,253.43,253.961,243.81,3790606.0
2018-11-08,253.31,249.96,254.13,247.74,2389273.0
2018-11-09,247.56,244.84,248.29,241.16,2765862.0
2018-11-12,244.14,236.67,244.8,235.36,3498270.0
2018-11-13,238.38,238.74,243.0,235.8501,4017536.0
2018-11-14,242.16,235.22,242.91,231.9101,3261302.0
2018-11-15,233.98,239.95,241.43,231.33,3383487.0
2018-11-16,239.52,238.89,240.14,235.37,2897385.0
2018-11-19,237.5,219.69,238.65,218.72,7641894.0
2018-11-20,209.41,219.73,222.84,207.02,6180467.0
2018-11-21,225.33,225.98,228.99,222.24,4846563.0
2018-11-23,222.71,225.56,227.74,222.51,1691015.0
2018-11-26,229.19,231.96,233.3,227.91,3603692.0
2018-11-27,230.77,232.25,232.78,228.68,2882445.0
2018-11-28,237.9,249.21,250.41,237.74,6447110.0
2018-11-29,246.36,249.09,252.25,244.31,3723510.0
2018-11-30,250.23,250.89,251.57,247.09,5156668.0
2018-12-03,260.71,255.26,260.72,251.8172,4285915.0
2018-12-04,253.22,245.82,254.71,244.98,4041714.0
2018-12-06,240.0,250.63,250.68,237.96,3950611.0
2018-12-07,248.39,238.0,249.26,237.65,3971074.0
2018-12-10,237.46,244.09,245.395,237.0101,3194293.0
2018-12-11,251.43,245.34,251.75,242.7845,3179388.0
2018-12-12,249.99,245.55,251.56,245.04,4067868.0
2018-12-13,248.15,248.08,251.6,245.2,5395115.0
2018-12-14,240.76,230.0,240.92,229.91,12189411.0
2018-12-17,226.93,221.38,230.63,220.48,7059515.0
2018-12-18,222.53,226.18,228.13,221.55,5264971.0
2018-12-19,225.92,224.65,231.02,221.11,6110844.0
2018-12-20,223.0,218.65,224.85,212.83,6099382.0
2018-12-21,219.55,208.8,222.26,207.37,8828085.0
2018-12-24,206.9,205.16,212.58,204.95,2940454.0
2018-12-26,206.53,222.95,222.96,206.25,5897853.0
2018-12-27,219.99,225.14,225.17,214.16,3931134.0
2018-12-28,227.58,223.13,228.11,220.87,3160241.0
2018-12-31,225.56,226.24,227.33,223.235,2866443.0
2019-01-02,219.91,224.57,226.17,219.0,2784109.0
2019-01-03,220.88,215.7,223.63,215.15,3663514.0
2019-01-04,219.84,226.19,227.65,217.48,4043376.0
2019-01-07,229.95,229.26,232.6,227.29,3638526.0
2019-01-08,232.65,232.68,233.77,228.3298,3685900.0
2019-01-09,234.01,235.43,238.59,232.0,3594435.0
2019-01-10,233.77,237.77,238.04,231.71,2704960.0
2019-01-11,235.71,237.55,239.32,235.23,3179485.0
2019-01-14,235.33,234.56,236.255,231.9587,2607012.0
2019-01-15,237.9,242.36,243.93,237.2552,3656486.0
2019-01-16,243.6,241.95,244.0,239.68,2885155.0
2019-01-17,240.13,244.4,245.04,238.7801,2836201.0
2019-01-18,247.45,247.51,250.68,244.45,3711300.0
2019-01-22,245.13,243.85,245.6083,241.19,4155486.0
2019-01-23,244.91,245.14,248.16,240.5963,2031718.0
2019-01-24,245.62,242.56,245.98,241.18,3642950.0
2019-01-25,244.99,244.95,247.1,243.43,3821429.0
2019-01-28,241.0,241.85,243.22,239.35,2110409.0
2019-01-29,241.81,238.27,242.8653,237.27,1937089.0
2019-01-30,240.16,242.67,243.0,238.87,2483107.0
2019-01-31,243.0,247.82,249.0,243.0,5007179.0
2019-02-01,247.82,247.38,251.035,246.1,3033305.0
2019-02-04,248.56,254.74,256.99,248.06,3705123.0
2019-02-05,256.74,254.82,258.56,254.01,3041982.0
2019-02-06,255.06,254.35,255.93,250.71,2539068.0
2019-02-07,251.33,253.74,254.31,250.28,2099743.0
2019-02-08,251.39,257.0,257.05,250.64,2756758.0
2019-02-11,258.89,258.39,259.9,256.19,3538128.0
2019-02-12,260.15,261.37,262.2509,258.67,2518430.0
2019-02-13,263.13,260.23,263.3645,259.37,1899835.0
2019-02-14,259.4,260.14,261.71,258.01,1884977.0
2019-02-15,260.34,259.45,260.97,258.0725,2999236.0
2019-02-19,258.98,257.81,260.06,256.45,3475615.0
2019-02-20,258.13,258.1,260.99,255.9164,2484800.0
2019-02-21,257.3,257.76,259.3491,255.12,2607433.0
2019-02-22,257.61,258.9,260.24,257.61,2006123.0
2019-02-25,261.5,258.62,262.98,258.18,1815766.0
2019-02-26,258.0,261.22,262.58,256.3734,2539030.0
2019-02-27,259.77,262.9,263.08,256.52,2267003.0
2019-02-28,262.4,262.5,266.24,261.76,3810382.0
2019-03-01,265.75,264.01,266.24,261.5,2594052.0
2019-03-04,266.7,258.16,267.0,254.08,2995155.0
2019-03-05,259.0,257.38,259.865,256.365,2101785.0
2019-03-06,257.4,256.4,259.49,253.84,1950615.0
2019-03-07,255.77,255.46,257.49,253.2855,3185202.0
2019-03-08,251.49,254.74,255.02,249.0954,2195350.0
2019-03-11,255.98,260.96,261.46,255.77,2711658.0
2019-03-12,261.86,263.51,264.75,259.01,2583623.0
2019-03-13,265.5,264.38,269.8,264.13,3992487.0
2019-03-14,265.26,267.69,268.0,263.52,5113443.0
2019-03-15,258.03,257.09,260.0,252.03,12110485.0
2019-03-18,257.11,257.76,259.96,253.8901,4013389.0
2019-03-19,259.43,260.42,260.64,256.34,4257338.0
2019-03-20,260.54,259.74,262.3,256.17,3732580.0
2019-03-21,259.0,264.18,264.34,258.4,2359850.0
2019-03-22,263.47,259.69,264.64,259.52,3454012.0
2019-03-25,259.21,262.27,263.12,257.1,2639365.0
2019-03-26,265.05,265.59,267.74,263.84,3150072.0
2019-03-27,265.53,262.34,265.9731,259.04,2521923.0
2019-03-28,263.5,263.53,265.1699,260.88,2017976.0
2019-03-29,265.47,266.49,266.75,264.2,2097589.0
2019-04-01,269.85,272.17,272.385,268.19,2970213.0
2019-04-02,272.89,271.35,273.0,267.63,1877939.0
2019-04-03,273.71,271.5,274.18,270.975,2432780.0
2019-04-04,270.98,267.89,271.47,263.72,2947386.0
2019-04-05,269.44,267.45,269.94,266.59,1970627.0
2019-04-08,266.96,268.81,269.09,264.7,1796796.0
2019-04-09,267.12,268.99,269.99,266.8,1605892.0
2019-04-10,269.47,271.58,272.16,269.01,1469979.0
2019-04-11,271.95,271.9,272.92,270.77,2085789.0
2019-04-12,273.01,271.86,273.51,270.82,1681371.0
2019-04-15,271.86,272.22,273.71,270.62,1462311.0
2019-04-16,273.07,271.43,273.39,269.64,1638464.0
2019-04-17,272.17,269.45,272.665,268.44,2391518.0
2019-04-18,270.09,270.57,270.82,266.64,2028988.0
2019-04-22,269.82,272.21,272.32,269.2033,1364952.0
2019-04-23,272.54,278.49,278.89,271.59,2693942.0
2019-04-24,279.22,275.45,280.17,275.25,1867555.0
2019-04-25,278.4,277.66,279.52,274.3785,1747300.0
2019-04-26,278.18,281.96,282.0,275.79,2114205.0
2019-04-29,286.46,286.14,291.705,285.38,5592372.0
2019-04-30,286.1,289.25,289.77,285.25,3067976.0
2019-05-01,291.0,283.35,291.0,283.19,2056176.0
2019-05-02,283.14,279.64,284.59,278.15,2482283.0
2019-05-03,282.56,285.58,286.35,282.39,1979920.0
2019-05-06,277.6,283.66,284.2165,275.81,1994477.0
2019-05-07,278.82,277.07,280.65,273.67,2567977.0
2019-05-08,275.83,276.77,278.37,274.16,2611043.0
2019-05-09,274.16,275.79,277.12,270.7975,1867193.0
2019-05-10,273.58,278.48,279.5,270.32,2097736.0
2019-05-13,270.565,267.7,274.19,267.22,2698322.0
2019-05-14,269.43,271.86,274.23,269.29,2046551.0
2019-05-15,269.82,276.82,276.95,269.5,2708559.0
2019-05-16,278.63,283.55,285.87,278.4,3413063.0
2019-05-17,281.68,279.85,284.412,279.069,2223523.0
2019-05-20,276.1,275.45,277.89,273.4,2391950.0
2019-05-21,278.21,278.07,280.0,277.045,1793665.0
2019-05-22,277.42,281.82,282.74,277.255,1570628.0
2019-05-23,278.29,274.25,278.43,271.69,2706419.0
2019-05-24,273.54,274.77,277.475,273.54,1878339.0
2019-05-28,276.49,278.25,281.45,275.37,2475891.0
2019-05-29,275.29,273.38,276.8025,272.28,1805982.0
2019-05-30,274.43,274.51,275.09,272.43,1601106.0
2019-05-31,271.28,270.9,272.91,268.75,2526653.0
2019-06-03,270.51,259.03,272.81,257.53,3903421.0
2019-06-04,263.27,268.71,268.93,257.46,3750815.0
2019-06-05,272.78,272.86,273.21,268.39,2650396.0
2019-06-06,273.72,274.8,275.76,271.045,2211787.0
2019-06-07,275.87,278.16,282.37,275.51,2759013.0
2019-06-10,280.98,280.34,284.98,280.2,2487726.0
2019-06-11,283.91,275.99,284.89,272.0301,2969720.0
2019-06-12,276.13,276.84,277.555,274.575,1313852.0
2019-06-13,278.59,276.3,278.96,275.915,1696743.0
2019-06-14,275.91,274.28,277.1,274.0,2262838.0
2019-06-17,274.63,275.6,277.47,274.63,2254229.0
2019-06-18,280.37,276.78,280.4908,276.62,4529340.0
2019-06-19,287.0,291.21,292.0,284.34,9738584.0
2019-06-20,293.25,302.11,302.66,293.25,5632525.0
2019-06-21,301.46,299.33,304.0,299.09,4015546.0
2019-06-24,300.0,299.87,302.58,298.685,2869223.0
2019-06-25,299.21,287.97,300.645,287.0,4638470.0
2019-06-26,291.26,288.72,292.76,288.7,2896763.0
2019-06-27,290.04,293.23,294.67,290.04,2596919.0
2019-06-28,294.5,294.65,295.1,291.95,2648300.0
2019-07-01,299.55,300.97,301.9,297.66,2624198.0
2019-07-02,301.19,301.39,301.58,299.3598,1816885.0
2019-07-03,302.0,305.7,305.86,301.29,1585273.0
2019-07-05,304.01,303.98,305.24,298.93,2872770.0
2019-07-08,302.76,302.92,303.11,300.13,1909180.0
2019-07-09,300.56,304.2,305.13,300.2201,1644254.0
2019-07-10,305.1,306.98,309.32,305.1,1954088.0
2019-07-11,307.39,307.6,310.1709,305.9,1951519.0
2019-07-12,308.01,309.42,309.7,304.965,1624840.0
2019-07-15,310.0,308.76,310.455,307.72,1161681.0
2019-07-16,308.0,305.7,308.46,305.0711,1838747.0
2019-07-17,307.13,309.39,310.9566,306.75,2298481.0
2019-07-18,307.21,310.08,310.92,306.85,1597673.0
2019-07-19,311.56,306.87,313.11,305.265,2100253.0
2019-07-22,308.39,308.55,309.92,307.14,1336736.0
2019-07-23,309.91,307.88,309.98,305.22,1826893.0
2019-07-24,305.81,310.27,310.7317,305.81,1459247.0
2019-07-25,308.66,308.73,309.66,306.1,1378470.0
2019-07-26,309.97,311.27,312.5,309.26,1507922.0
2019-07-29,311.94,307.22,311.94,301.48,2778446.0
2019-07-30,305.07,303.64,307.09,302.55,2157952.0
2019-07-31,303.61,298.86,304.95,295.11,3066861.0
2019-08-01,299.15,298.44,304.99,296.77,3210196.0
2019-08-02,295.57,293.71,297.35,289.42,3400897.0
2019-08-05,285.04,280.36,286.87,276.78,4292566.0
2019-08-06,283.63,286.21,286.99,282.5,2552138.0
2019-08-07,282.24,289.02,290.26,282.0,2196689.0
2019-08-08,292.75,297.78,297.87,290.2,2506035.0
2019-08-09,296.14,294.83,298.27,292.15,1451132.0
2019-08-12,293.14,288.65,294.42,287.4127,1580529.0
2019-08-13,288.23,293.17,295.5,286.39,2346691.0
2019-08-14,287.6,283.66,289.65,281.425,2585987.0
2019-08-15,285.64,282.71,286.49,280.86,2338678.0
2019-08-16,285.58,287.45,290.15,283.32,1981029.0
2019-08-19,291.32,287.97,291.77,287.17,1956105.0
2019-08-20,287.97,285.71,288.66,285.4,1491067.0
2019-08-21,288.54,291.53,292.92,286.51,1520460.0
2019-08-22,292.57,287.69,292.9,285.1215,1745838.0
2019-08-23,289.23,282.44,293.5725,280.97,2852522.0
2019-08-26,284.86,288.74,288.89,283.51,1792971.0
2019-08-27,290.66,289.45,291.85,286.5301,1793394.0
2019-08-28,286.55,282.13,287.99,280.42,2776778.0
2019-08-29,285.71,286.63,287.7,283.615,2172535.0
2019-08-30,287.41,284.51,288.5,280.115,2373297.0
2019-09-03,284.25,282.45,287.46,281.4,1838081.0
2019-09-04,286.04,284.6,286.245,282.46,1516136.0
2019-09-05,287.83,287.75,288.0101,281.52,2836385.0
2019-09-06,288.2,284.94,289.59,283.96,2273061.0
2019-09-09,286.52,279.3,286.93,276.6,3134613.0
2019-09-10,277.58,276.14,277.58,272.34,4098222.0
2019-09-11,277.66,277.78,280.3099,274.0,2593970.0
2019-09-12,281.0,278.02,282.28,277.94,2955024.0
2019-09-13,278.22,278.35,280.28,276.32,2948590.0
2019-09-16,276.62,282.93,283.05,275.3,2774732.0
2019-09-17,284.04,284.69,285.3,280.355,4541202.0
2019-09-18,275.35,279.72,280.29,270.02,7479171.0
2019-09-19,280.17,281.26,284.365,279.83,3171211.0
2019-09-20,281.6,277.91,283.2,274.95,4160719.0
2019-09-23,275.93,277.44,279.58,275.41,2068852.0
2019-09-24,279.58,272.47,280.7,271.08,3351591.0
2019-09-25,271.9,277.43,277.71,267.7269,3452563.0
2019-09-26,278.46,283.81,285.9,277.01,4325923.0
2019-09-27,284.63,277.54,284.98,274.1201,3168377.0
2019-09-30,277.54,276.25,279.0,275.14,4077253.0
2019-10-01,278.99,272.71,279.6499,271.87,3311550.0
2019-10-02,271.18,266.66,271.18,265.1903,3400605.0
2019-10-03,266.92,272.4,272.8,263.85,3652220.0
2019-10-04,273.11,276.96,278.08,273.11,2583298.0
2019-10-07,276.32,276.9,278.49,275.59,1856382.0
2019-10-08,274.46,270.83,275.41,270.8,2162370.0
2019-10-09,273.52,274.27,275.55,272.86,1376725.0
2019-10-10,274.06,274.98,276.71,272.79,1634808.0
2019-10-11,278.37,278.29,281.27,277.63,2098200.0
2019-10-14,278.11,277.78,279.415,277.15,1377172.0
2019-10-15,278.17,279.39,281.51,278.02,1969235.0
2019-10-16,270.23,272.7,272.81,267.51,4333191.0
2019-10-17,272.61,269.24,274.12,267.15,3414775.0
2019-10-18,269.36,265.52,269.68,262.1034,4391844.0
2019-10-21,265.63,266.84,267.43,262.57,2930534.0
2019-10-22,268.49,261.09,269.28,260.6401,3412660.0
2019-10-23,261.0,261.32,265.52,259.57,3079754.0
2019-10-24,264.04,269.7,271.46,263.25,3597687.0
2019-10-25,267.8,270.98,271.61,267.02,1822271.0
2019-10-28,271.58,271.35,272.29,268.3751,2281861.0
2019-10-29,271.68,271.45,273.72,271.06,1723508.0
2019-10-30,273.25,278.41,278.65,272.61,2320773.0
2019-10-31,278.27,277.93,279.32,275.31,2845383.0
2019-11-01,279.14,277.82,281.83,277.2675,2827222.0
2019-11-04,280.56,277.5,281.21,276.05,2790240.0
2019-11-05,292.11,289.29,292.88,283.6,6170607.0
2019-11-06,289.11,287.4,289.26,285.61,2762414.0
2019-11-07,288.3,290.77,293.48,286.995,3201667.0
2019-11-08,290.02,292.46,292.46,288.48,1628523.0
2019-11-11,291.95,290.27,292.339,289.7,1778006.0
2019-11-12,290.79,291.72,294.16,290.27,2085313.0
2019-11-13,291.86,293.54,293.7,290.26,1806939.0
2019-11-14,293.54,294.53,295.08,292.15,1461895.0
2019-11-15,296.54,297.5,297.5,293.56,2011741.0
2019-11-18,297.55,297.16,298.56,296.0,1632801.0
2019-11-19,298.75,300.6,300.74,296.39,2143343.0
2019-11-20,299.39,300.1,302.05,297.05,1841524.0
2019-11-21,298.99,298.8,300.35,296.62,1609828.0
2019-11-22,299.59,299.3,299.92,295.8,1508874.0
2019-11-25,300.48,305.28,305.45,300.48,2205626.0
2019-11-26,305.0,307.9,309.06,304.89,2619497.0
2019-11-27,308.5,309.06,309.17,305.74,1470036.0
2019-11-29,308.52,309.53,310.0,308.0,1175056.0
2019-12-02,309.22,302.75,309.9,299.51,2894691.0
2019-12-03,298.24,303.91,304.46,297.32,1661171.0
2019-12-04,305.0,302.51,305.325,301.28,1522832.0
2019-12-05,303.13,303.03,304.24,301.0,1698102.0
2019-12-06,306.2,306.23,306.745,303.16,1733188.0
2019-12-09,308.91,307.05,310.91,306.7,2895186.0
2019-12-10,306.62,304.17,309.03,304.1,2156696.0
2019-12-11,305.15,303.74,305.38,301.48,2929453.0
2019-12-12,303.0,305.96,306.5838,300.72,3127412.0
2019-12-13,314.11,317.94,321.7299,313.74,6608031.0
2019-12-16,319.27,323.8,325.25,319.27,3438739.0
2019-12-17,325.04,322.85,325.08,321.75,2332492.0
2019-12-18,322.1,324.38,326.82,322.0066,2332734.0
2019-12-19,324.38,327.63,327.96,324.26,2561397.0
2019-12-20,328.37,327.61,330.0,325.62,4233263.0
2019-12-23,328.83,328.95,329.88,327.26,2210706.0
2019-12-24,329.0,329.64,331.54,328.68,1066406.0
2019-12-26,329.63,331.2,331.28,329.63,1056199.0
2019-12-27,332.88,330.79,332.88,329.7701,1229983.0
2019-12-30,330.35,328.34,330.465,325.165,1896731.0
2019-12-31,326.25,329.81,329.94,326.25,1592512.0
2020-01-02,330.0,334.43,334.48,329.17,1990496.0
2020-01-03,329.17,331.81,332.98,328.69,1579371.0
2020-01-06,328.29,333.71,333.91,328.19,1875122.0
2020-01-07,334.15,333.39,334.79,332.305,2507261.0
2020-01-08,333.81,337.87,339.23,333.4,2248531.0
2020-01-09,340.14,340.45,341.8099,338.19,1626380.0
2020-01-10,342.05,339.81,343.36,339.62,1481141.0
2020-01-13,341.54,345.63,345.73,341.22,2069555.0
2020-01-14,347.01,344.63,347.27,343.15,2274687.0
2020-01-15,346.42,342.94,347.5,342.46,2213374.0
2020-01-16,345.98,345.38,345.99,342.76,2439600.0
2020-01-17,349.0,349.74,349.95,346.3825,2536157.0
2020-01-21,346.37,350.0,352.37,345.62,2121335.0
2020-01-22,352.6,350.06,354.28,349.96,1600485.0
2020-01-23,351.02,351.76,352.16,347.85,2084658.0
2020-01-24,354.1,351.37,355.69,349.2,1640163.0
2020-01-27,341.04,346.9,349.9,340.4,2652030.0
2020-01-28,349.0,354.63,355.66,347.12,2270756.0
2020-01-29,356.6965,351.66,356.6965,351.36,1523203.0
2020-01-30,349.6935,356.74,356.82,349.6935,1834931.0
2020-01-31,355.84,351.14,355.84,348.296,3692938.0
2020-02-03,353.41,358.0,358.67,352.29,2693989.0
2020-02-04,363.43,366.74,367.444,360.45,3052967.0
2020-02-05,373.99,365.55,374.475,362.31,2463385.0
2020-02-06,366.16,367.46,368.25,363.01,2224882.0
2020-02-07,366.0,366.09,369.34,364.38,2092872.0
2020-02-10,365.44,370.0,370.81,365.22,2427076.0
2020-02-11,373.03,369.28,373.7,367.25,2005005.0
2020-02-12,370.64,374.29,374.425,367.1538,2355797.0
2020-02-13,372.56,374.84,377.71,372.39,1917119.0
2020-02-14,376.28,379.67,379.83,375.85,1690561.0
2020-02-18,380.2,378.85,382.59,378.59,2074715.0
2020-02-19,383.83,383.28,385.0,381.48,2580455.0
2020-02-20,384.0,378.96,386.745,373.48,3789340.0
2020-02-21,378.02,372.95,378.34,368.75,2743135.0
2020-02-24,355.39,357.41,363.46,349.0,3924013.0
2020-02-25,361.0,347.8,363.97,346.28,4188112.0
2020-02-26,349.4,351.34,360.07,348.6,3494105.0
2020-02-27,340.0,337.52,352.2396,337.27,4737676.0
2020-02-28,324.42,345.12,345.46,324.0,6469131.0
2020-03-02,349.81,360.28,360.75,342.61,5398135.0
2020-03-03,361.76,348.34,364.95,344.04,4204501.0
2020-03-04,354.38,363.85,364.27,350.08,4146282.0
2020-03-05,355.06,351.03,360.45,347.19,3199006.0
2020-03-06,340.45,336.77,344.1599,326.6,5622911.0
2020-03-09,311.68,305.79,322.44,305.33,5291910.0
2020-03-10,318.98,332.38,332.94,309.31,5973672.0
2020-03-11,324.32,315.23,326.357,309.0,4874326.0
2020-03-12,290.41,285.0,310.13,283.0001,7230152.0
2020-03-13,312.88,335.5,336.0,298.0001,8935220.0
2020-03-16,288.3558,286.03,307.11,283.25,7140139.0
2020-03-17,291.2,311.81,312.95,278.35,6189140.0
2020-03-18,290.0,294.61,296.87,255.1314,7293306.0
2020-03-19,291.77,307.51,318.705,281.1,6023835.0
2020-03-20,312.92,295.34,324.8,293.77,7461753.0
2020-03-23,296.67,307.27,312.49,287.78,6016822.0
2020-03-24,322.96,310.0,326.99,301.59,6592213.0
2020-03-25,308.0,305.91,317.65,298.13,4830363.0
2020-03-26,305.99,322.67,324.43,305.69,4534399.0
2020-03-27,311.7,305.83,314.2872,300.63,4862124.0
2020-03-30,308.89,318.39,322.97,308.01,4340463.0
2020-03-31,316.41,318.24,326.3344,312.68,6414549.0
2020-04-01,307.0,301.21,309.6105,298.32,3902957.0
2020-04-02,297.76,303.96,306.5,293.18,3590071.0
2020-04-03,302.06,293.61,303.47,289.71,3934718.0
2020-04-06,306.56,319.13,320.51,299.955,5145092.0
2020-04-07,327.41,308.93,328.32,306.3,5422270.0
2020-04-08,313.88,317.18,317.72,308.2,4002545.0
2020-04-09,318.65,318.7,320.78,310.79,3300177.0
2020-04-13,315.94,320.65,320.9,313.75,1838954.0
2020-04-14,328.77,340.765,342.095,328.47,3858854.0
2020-04-15,335.34,332.55,339.2242,329.645,2818631.0
2020-04-16,339.71,342.7,345.515,336.035,3918632.0
2020-04-17,350.091,344.11,350.38,340.5,3342418.0
2020-04-20,340.79,344.88,348.5,338.75,2771970.0
2020-04-21,340.9,328.99,342.763,325.21,3548202.0
2020-04-22,337.41,336.77,339.38,332.8006,2231819.0
2020-04-23,338.9,335.37,341.75,334.8,2120251.0
2020-04-24,338.0,344.1,344.7,333.5011,2146162.0
2020-04-27,348.8,348.5,349.96,345.12,2375636.0
2020-04-28,353.09,333.45,353.45,332.57,3895571.0
2020-04-29,339.53,349.17,351.25,335.44,5006415.0
2020-04-30,348.01,353.64,356.23,346.55,3902173.0
2020-05-01,347.24,343.84,350.3099,340.26,2578615.0
2020-05-04,340.74,349.11,350.596,340.0,2372392.0
2020-05-05,353.38,356.13,359.7,352.39,2377555.0
2020-05-06,357.92,362.52,366.79,357.1301,2319702.0
2020-05-07,368.82,366.78,369.5,365.501,2466063.0
2020-05-08,370.0,367.51,371.0999,365.41,2548366.0
2020-05-11,365.84,371.42,373.63,364.5,2266282.0
2020-05-12,371.46,365.1,372.72,364.55,2071782.0
2020-05-13,366.45,358.56,367.43,352.71,3365501.0
2020-05-14,354.0,355.39,357.0,348.01,2752031.0
2020-05-15,351.57,365.3,365.48,351.53,2626904.0
2020-05-18,371.59,367.97,375.49,367.21,2352319.0
2020-05-19,369.88,372.2,376.0,368.89,2753685.0
2020-05-20,377.21,383.63,384.4,377.06,2824862.0
2020-05-21,382.0,382.17,385.12,380.6,2261384.0
2020-05-22,381.39,385.26,386.52,380.95,1688159.0
2020-05-26,391.0,376.63,391.27,374.8103,3525983.0
2020-05-27,373.24,375.17,375.7,361.44,3553278.0
2020-05-28,372.5,379.83,386.9,372.5,2904450.0
2020-05-29,382.62,386.6,389.05,377.075,5937467.0
2020-06-01,387.08,389.68,389.99,382.895,2035186.0
2020-06-02,389.92,390.44,390.91,382.03,2509555.0
2020-06-03,390.82,389.92,391.14,387.46,2537092.0
2020-06-04,389.5,385.8,395.7201,382.28,2422986.0
2020-06-05,384.64,392.9,396.17,382.0,2793982.0
2020-06-08,391.0,397.78,398.1,385.84,2592963.0
2020-06-09,397.03,397.16,402.31,394.15,2279327.0
2020-06-10,399.59,406.82,409.98,399.49,3611582.0
2020-06-11,400.0,387.67,404.2,387.37,4123651.0
2020-06-12,409.3,406.54,411.72,395.41,8332571.0
2020-06-15,398.8,401.34,406.11,397.0,3783968.0
2020-06-16,407.83,411.67,414.68,405.475,3766685.0
2020-06-17,414.0,413.49,417.46,411.36,2112320.0
2020-06-18,413.5,420.46,420.84,413.0,2578409.0
2020-06-19,423.76,428.01,429.27,419.65,3931569.0
2020-06-22,428.96,438.64,438.95,428.54,3156280.0
2020-06-23,440.07,440.55,446.15,436.01,3065927.0
2020-06-24,440.0,431.68,442.67,427.47,3329423.0
2020-06-25,430.01,436.95,437.99,427.5801,2275241.0
2020-06-26,436.0,426.92,438.18,424.7129,3829731.0
2020-06-29,427.11,424.2,428.48,416.032,2623877.0
2020-06-30,426.68,435.31,436.91,423.86,2945149.0
2020-07-01,434.8,439.81,442.045,433.621,2581983.0
2020-07-02,445.0,442.95,448.16,441.36,2502970.0
2020-07-06,448.0,452.59,455.53,444.69,2761224.0
2020-07-07,452.59,449.36,459.44,448.72,2684565.0
2020-07-08,453.76,457.68,458.2424,452.0,1999227.0
2020-07-09,460.44,460.84,463.8,451.88,2269815.0
2020-07-10,460.83,466.2,467.21,455.48,3676513.0
2020-07-13,469.77,442.47,470.61,440.64,3480659.0
2020-07-14,435.74,433.78,437.21,416.29,5666716.0
2020-07-15,434.91,433.01,439.63,428.7341,2566648.0
2020-07-16,428.43,426.29,430.59,418.505,2678060.0
2020-07-17,428.12,432.42,433.5,423.7,2568205.0
2020-07-20,434.06,455.27,456.89,433.0,3512508.0
2020-07-21,456.07,444.28,456.9899,441.75,2027852.0
2020-07-22,447.55,445.05,449.3712,441.76,1400685.0
2020-07-23,445.04,431.74,448.81,430.3001,2313874.0
2020-07-24,425.0,430.31,435.0,423.4406,1901029.0
2020-07-27,431.77,437.1,438.36,431.01,1621956.0
2020-07-28,436.83,432.26,438.26,431.33,1463467.0
2020-07-29,435.16,436.3,440.48,435.04,1489294.0
2020-07-30,429.98,438.88,440.5,426.81,1448955.0
2020-07-31,441.98,444.32,444.4385,434.8,2035254.0
2020-08-03,449.84,447.97,450.74,442.28,2076479.0
2020-08-04,448.26,446.92,449.0799,440.7,2622566.0
2020-08-05,449.09,449.51,454.035,446.345,2353535.0
2020-08-06,451.35,464.11,464.37,449.13,2362002.0
2020-08-07,460.87,449.57,461.79,445.09,3289685.0
2020-08-10,450.37,443.29,451.125,436.5,1837078.0
2020-08-11,440.26,435.23,444.48,431.59,1900223.0
2020-08-12,437.37,445.36,447.9299,437.37,2224424.0
2020-08-13,446.07,450.02,455.9,446.07,2028199.0
2020-08-14,451.39,447.6,452.814,444.4262,1111145.0
2020-08-17,450.0,451.58,456.1,449.2,1555942.0
2020-08-18,454.79,463.51,464.5,452.84,2097690.0
2020-08-19,464.29,462.01,468.11,457.5871,2439150.0
2020-08-20,460.99,478.48,479.8,458.8868,2484983.0
2020-08-21,477.09,473.22,477.28,470.34,2645579.0
2020-08-24,478.14,476.3,480.02,469.52,1840607.0
2020-08-25,476.67,484.43,484.65,474.425,3967365.0
2020-08-26,496.95,528.49,533.6979,492.23,7780346.0
2020-08-27,519.01,510.32,523.3238,504.46,3631779.0
2020-08-28,512.33,516.44,518.797,510.94,1926261.0
2020-08-31,513.86,513.39,516.73,507.77,2346705.0
2020-09-01,515.0,527.95,528.536,514.48,2422061.0
2020-09-02,536.25,533.8,536.88,521.41,2783438.0
2020-09-03,526.035,507.8,527.63,493.42,5837638.0
2020-09-04,504.65,491.94,511.35,471.71,3900326.0
2020-09-08,471.8946,462.13,481.48,461.18,4533544.0
2020-09-09,473.905,479.46,483.49,462.48,3312148.0
2020-09-10,491.15,476.26,501.85,473.5001,4248135.0
2020-09-11,487.08,471.35,489.41,464.48,4414226.0
2020-09-14,484.99,485.91,490.44,476.87,4463826.0
2020-09-15,493.74,497.67,499.6899,491.49,5682447.0
2020-09-16,505.5,476.0,505.5,475.5,8472420.0
2020-09-17,464.4422,474.3,475.17,460.5,4560776.0
2020-09-18,477.395,467.55,478.34,452.52,7182302.0
2020-09-21,460.31,475.64,475.86,456.725,3913745.0
2020-09-22,479.31,486.78,487.2,469.56,2629133.0
2020-09-23,486.88,470.39,488.0,468.2301,2671337.0
2020-09-24,466.93,467.67,471.425,460.27,2838781.0
2020-09-25,469.23,479.78,481.58,466.01,2541114.0
2020-09-28,487.97,488.51,489.39,481.18,2844778.0
2020-09-29,489.94,489.33,493.45,484.17,2043887.0
2020-09-30,488.13,490.43,497.24,486.22,3508159.0
2020-10-01,497.4252,499.51,501.5,495.76,2264603.0
2020-10-02,487.99,478.99,496.78,478.64,2780946.0
2020-10-05,483.25,486.47,486.69,478.99,1984130.0
2020-10-06,485.0,478.98,491.51,477.5,2041545.0
2020-10-07,484.35,493.15,493.98,481.43,2025769.0
2020-10-08,499.05,490.84,499.489,487.56,1590732.0
2020-10-09,491.77,502.16,502.17,491.176,1853780.0
2020-10-12,508.26,510.89,516.0,499.54,3149650.0
2020-10-13,512.19,514.31,519.6,511.9001,2438132.0
2020-10-14,514.34,506.31,516.95,501.6,2033159.0
2020-10-15,499.26,501.15,502.5,491.85,2043107.0
2020-10-16,504.0,502.82,510.34,500.7,2441382.0
2020-10-19,507.75,495.2,507.75,493.195,1931403.0
2020-10-20,495.25,494.58,500.165,491.91,1454449.0
2020-10-21,492.05,495.96,499.81,490.57,1369735.0
2020-10-22,496.72,483.6,496.86,479.4,2615048.0
2020-10-23,486.41,488.5,488.51,479.51,1899599.0
2020-10-26,480.8835,475.2,488.78,470.13,2337431.0
2020-10-27,479.78,478.56,481.89,473.47,1896459.0
2020-10-28,469.165,456.97,470.97,455.88,2677304.0
2020-10-29,459.32,461.11,464.73,457.28,2125281.0
2020-10-30,458.32,447.1,459.5,442.51,3128709.0
2020-11-02,451.0,444.94,456.185,438.94,2479005.0
2020-11-03,448.99,454.02,457.844,445.67,1758640.0
2020-11-04,477.93,487.23,494.94,474.47,4524341.0
2020-11-05,499.27,496.47,502.53,489.8,2400994.0
2020-11-06,494.95,494.63,498.72,483.0,1956305.0
2020-11-09,494.6963,471.14,499.41,470.76,3625298.0
2020-11-10,466.72,452.0,468.01,446.0,4920340.0
2020-11-11,458.49,467.75,470.12,457.5,2634159.0
2020-11-12,473.49,462.58,474.933,461.15,2115319.0
2020-11-13,467.45,469.34,470.6,459.0,2966003.0
2020-11-16,460.43,460.95,469.53,458.2501,2522187.0
2020-11-17,461.66,467.95,469.9099,460.0,2407597.0
2020-11-18,466.71,459.47,467.9,459.26,2063159.0
2020-11-19,460.0,466.41,471.04,459.26,3132704.0
2020-11-20,465.16,462.92,470.0,462.36,1851107.0
2020-11-23,464.6334,460.61,467.0,456.17,2371433.0
2020-11-24,461.41,462.7,464.49,456.6778,2588241.0
2020-11-25,466.29,470.08,472.525,464.845,2634472.0
2020-11-27,476.9,477.03,482.405,474.86,1815490.0
2020-11-30,480.0,478.47,480.86,469.2,2786955.0
2020-12-01,482.01,479.15,482.01,471.6328,2533070.0
2020-12-02,475.67,481.26,481.32,470.12,2107080.0
2020-12-03,482.21,484.28,492.81,481.5,3062675.0
2020-12-04,485.67,486.0,491.3899,484.3601,2749793.0
2020-12-07,487.0,492.25,499.29,487.0,3441683.0
2020-12-08,492.29,495.28,496.04,486.2001,2175673.0
2020-12-09,496.03,483.74,497.0,479.26,3449121.0
2020-12-10,483.74,476.87,488.29,470.95,3922009.0
2020-12-11,475.9752,475.91,478.89,468.82,3561554.0
2020-12-14,475.61,486.42,488.41,475.5,3945198.0
2020-12-15,489.05,482.64,489.5,480.53,2559319.0
2020-12-16,485.0,489.9,491.5,484.11,2555596.0
2020-12-17,493.0,495.36,496.99,490.63,2178354.0
2020-12-18,497.61,502.95,504.07,493.57,4667387.0
2020-12-21,498.05,498.39,502.0,491.5,2412884.0
2020-12-22,498.36,504.17,506.92,495.83,1701985.0
2020-12-23,505.13,496.91,505.46,496.59,1428583.0
2020-12-24,499.16,499.86,503.01,497.28,589182.0
2020-12-28,505.61,498.95,506.04,496.815,1515441.0
2020-12-29,501.165,502.11,505.35,499.74,1434200.0
2020-12-30,503.05,497.45,504.37,496.3275,1529878.0
2020-12-31,497.99,500.12,500.66,494.89,1462236.0
2021-01-04,500.3,485.34,500.79,476.28,3612949.0
2021-01-05,485.88,485.69,486.08,479.195,2010099.0
2021-01-06,474.0984,466.31,475.8666,466.0,4156589.0
2021-01-07,471.0,477.74,479.64,468.25,2901232.0
2021-01-08,480.0,485.1,485.54,477.21,2266132.0
2021-01-11,481.99,474.24,482.59,471.3,2383254.0
2021-01-12,474.41,471.65,475.0,464.0,2964880.0
2021-01-13,472.0,472.05,477.85,469.3,2105915.0
2021-01-14,472.41,463.27,473.55,462.2,3508273.0
2021-01-15,462.5,458.08,467.88,457.49,3200352.0
2021-01-19,461.17,456.5,461.5899,453.34,4419205.0
2021-01-20,462.73,469.73,472.385,458.77,3858988.0
2021-01-21,470.26,472.02,474.69,466.1,2771772.0
2021-01-22,472.5,472.44,476.35,470.61,2534274.0
2021-01-25,474.51,473.44,477.7,463.98,2697405.0
2021-01-26,473.73,476.28,477.22,467.76,2363124.0
2021-01-27,470.99,460.0,473.67,455.07,3586353.0
2021-01-28,459.07,465.67,475.02,459.07,3000726.0
2021-01-29,462.17,458.77,465.0,455.11,3061106.0
2021-02-01,462.28,470.0,474.8,459.82,2554774.0
2021-02-02,473.65,484.93,487.37,472.55,3022025.0
2021-02-03,487.09,481.92,488.85,479.17,2146948.0
2021-02-04,484.2196,489.38,489.88,481.92,2005114.0
2021-02-05,490.92,492.12,495.1,488.0,1675141.0
2021-02-08,494.26,493.76,497.86,489.21,1727272.0
2021-02-09,495.0,496.05,497.95,492.01,1571477.0
2021-02-10,499.17,492.67,499.9874,490.27,1764466.0
2021-02-11,494.53,496.62,497.0,491.08,1609829.0
2021-02-12,495.16,498.84,499.36,491.76,1450621.0
2021-02-16,500.03,501.64,506.51,497.595,1846163.0
2021-02-17,495.41,491.23,495.55,485.51,2114019.0
2021-02-18,486.32,488.37,489.8,480.0,1803375.0
2021-02-19,487.16,479.12,488.65,476.1,2720714.0
2021-02-22,470.48,467.33,472.1,466.66,2510485.0
2021-02-23,461.02,467.8,471.44,450.12,4164345.0
2021-02-24,463.49,476.62,477.35,460.29,3390646.0
2021-02-25,471.24,459.16,476.31,456.01,3252503.0
2021-02-26,462.8046,459.67,467.32,456.01,3154846.0
2021-03-01,465.68,469.57,470.5,462.65,2358980.0
2021-03-02,473.03,466.59,473.8016,463.46,2211002.0
2021-03-03,463.22,448.45,464.68,448.09,2808148.0
2021-03-04,446.45,439.06,457.53,437.63,4486442.0
2021-03-05,444.88,440.83,444.95,423.7101,4614971.0
2021-03-08,439.76,421.2,440.99,420.78,3885123.0
2021-03-09,437.84,439.18,442.75,436.0,3926385.0
2021-03-10,445.7277,437.01,448.46,436.82,2747267.0
2021-03-11,448.1361,451.06,454.07,447.305,2762233.0
2021-03-12,443.45,444.3,445.89,438.6,2183051.0
2021-03-15,444.4,447.59,447.79,437.77,2508699.0
2021-03-16,452.01,450.54,457.41,449.6701,2618819.0
2021-03-17,445.44,451.01,453.94,441.02,2502732.0
2021-03-18,443.16,439.18,446.86,438.5,2932687.0
2021-03-19,439.18,441.5,444.5,438.14,3923830.0
2021-03-22,444.86,452.41,457.82,444.86,2944311.0
2021-03-23,457.35,460.2,466.88,456.41,5316974.0
2021-03-24,464.7642,451.51,465.61,448.34,5214125.0
2021-03-25,448.33,450.99,456.87,445.41,3201472.0
2021-03-26,450.25,469.09,469.77,449.05,3615888.0
2021-03-29,469.03,469.32,472.0,462.5,3142203.0
2021-03-30,462.58,465.46,469.0925,461.5,2436593.0
2021-03-31,469.7,475.37,482.41,468.7,3155889.0
2021-04-01,483.12,483.34,487.04,480.71,2664694.0
2021-04-05,483.69,491.62,495.51,480.5,2982522.0
2021-04-06,492.32,491.34,495.59,487.57,1878330.0
2021-04-07,492.98,493.41,494.85,487.89,1576981.0
2021-04-08,500.16,499.84,504.6,498.1401,2026282.0
2021-04-09,498.37,504.04,504.44,492.6,1887016.0
2021-04-12,499.29,506.03,506.94,498.44,1584592.0
2021-04-13,506.85,514.86,517.2645,506.78,2195707.0
2021-04-14,514.0,510.63,517.78,509.13,1956447.0
2021-04-15,515.67,523.25,524.59,515.1,2122337.0
2021-04-16,524.21,525.08,525.44,518.55,2031733.0
2021-04-19,523.13,516.17,524.0,514.4401,1917732.0
2021-04-20,515.29,514.21,517.29,510.6,1677468.0
2021-04-21,515.02,512.34,515.48,509.55,1678305.0
2021-04-22,508.08,507.29,512.77,504.06,2084841.0
2021-04-23,508.79,515.84,517.4973,508.395,2257590.0
2021-04-26,513.57,515.7,516.31,510.25,1387542.0
2021-04-27,518.0,517.32,519.155,511.3455,1944013.0
2021-04-28,515.24,515.48,519.1299,510.015,1472191.0
2021-04-29,518.11,516.09,520.45,510.62,1592562.0
2021-04-30,514.13,508.34,515.05,507.15,1950559.0
2021-05-03,510.97,503.46,511.74,501.121,1458698.0
2021-05-04,499.47,490.7,499.47,484.83,2528948.0
2021-05-05,495.69,486.69,498.625,484.44,1875287.0
2021-05-06,485.67,483.61,485.67,475.92,2537227.0
2021-05-07,496.0,488.73,499.15,485.78,1632407.0
2021-05-10,487.54,479.38,489.04,478.625,1970931.0
2021-05-11,471.03,485.19,486.91,468.5,2293963.0
2021-05-12,477.1888,472.09,480.99,469.57,2399059.0
2021-05-13,478.01,474.16,480.46,471.76,1996532.0
2021-05-14,481.63,486.56,488.33,478.69,1857198.0
2021-05-17,487.03,482.74,487.87,478.11,1581037.0
2021-05-18,484.63,480.62,488.32,480.46,1395237.0
2021-05-19,473.02,480.47,480.87,472.0,2047511.0
2021-05-20,483.68,491.67,495.36,482.61,1991223.0
2021-05-21,494.19,488.07,496.23,487.13,1568115.0
2021-05-24,494.64,497.83,499.99,492.01,1831564.0
2021-05-25,499.02,505.08,505.6021,498.87,2322468.0
2021-05-26,506.27,506.98,509.5,504.63,1695747.0
2021-05-27,505.0,498.28,505.0,497.45,2957310.0
2021-05-28,506.08,504.58,511.37,504.19,1924999.0
2021-06-01,504.54,495.91,506.0,492.31,2189020.0
2021-06-02,495.18,495.77,501.8237,493.09,1761478.0
2021-06-03,492.4,493.14,496.755,487.34,1539128.0
2021-06-04,498.73,504.5,506.5,497.72,1644301.0
2021-06-07,504.99,509.47,509.78,502.0,1768754.0
2021-06-08,511.15,509.2,516.29,508.0701,1747779.0
2021-06-09,513.99,514.68,518.318,512.48,1702714.0
2021-06-10,513.99,535.52,536.41,513.01,3152379.0
2021-06-11,529.75,541.26,541.85,529.75,2871289.0
2021-06-14,545.04,556.95,561.36,543.25,3522621.0
2021-06-15,554.99,548.46,555.0,547.2304,2424774.0
2021-06-16,548.46,543.33,553.99,535.72,2842016.0
2021-06-17,539.99,551.36,552.72,538.75,3566351.0
2021-06-18,569.9612,565.59,570.0,556.39,6762031.0
2021-06-21,565.99,567.35,570.19,560.3501,2625919.0
2021-06-22,568.505,575.74,576.31,567.0,2370737.0
2021-06-23,577.99,574.23,579.8,570.705,1616933.0
2021-06-24,575.9,578.26,580.966,574.96,1835008.0
2021-06-25,578.64,579.66,582.0,577.0552,2133465.0
2021-06-28,582.71,588.8,589.41,581.0,1713970.0
2021-06-29,586.78,590.75,591.34,583.9,1204806.0
2021-06-30,590.75,585.64,592.2402,585.0,1704224.0
2021-07-01,583.33,584.73,587.7799,581.35,1646412.0
2021-07-02,588.67,593.07,594.08,587.96,1744955.0
2021-07-06,595.87,596.9,600.66,592.48,1657567.0
2021-07-07,600.0,605.77,607.665,597.4,2022482.0
2021-07-08,595.64,605.95,607.2989,593.33,1846617.0
2021-07-09,601.43,604.5,605.95,597.44,2145199.0
2021-07-12,606.0,600.2,607.4229,596.48,1696279.0
2021-07-13,600.56,605.01,609.33,598.42,1435602.0
2021-07-14,608.14,608.83,611.305,604.01,1377018.0
2021-07-15,608.4,606.17,609.95,602.6501,1618283.0
2021-07-16,608.71,606.1,611.62,603.66,1249738.0
2021-07-19,602.75,602.05,610.69,598.14,2046575.0
2021-07-20,605.39,608.72,612.75,598.48,1675926.0
2021-07-21,605.72,612.26,612.58,603.32,1381019.0
2021-07-22,614.58,623.68,623.95,614.58,1477891.0
2021-07-23,625.76,625.87,631.64,622.0001,2030395.0
2021-07-26,624.18,620.8,625.87,619.725,1389898.0
2021-07-27,620.9956,618.28,623.92,610.64,1540250.0
2021-07-28,620.99,620.92,626.0,617.57,1468103.0
2021-07-29,617.04,621.7,625.67,617.04,1068902.0
2021-07-30,619.03,621.63,622.8,617.29,1403651.0
2021-08-02,625.87,618.75,627.6,612.93,1467043.0
2021-08-03,620.23,621.28,624.7,614.0,1067408.0
2021-08-04,622.47,625.68,627.08,617.6202,1306893.0
2021-08-05,626.99,632.08,632.47,623.0,1158339.0
2021-08-06,629.27,631.38,631.84,625.17,1127956.0
2021-08-09,634.98,629.22,634.98,626.925,1119124.0
2021-08-10,630.48,621.74,633.2999,620.6,1540139.0
2021-08-11,623.76,626.03,627.42,621.65,1328509.0
2021-08-12,626.0,634.35,636.64,624.04,1163881.0
2021-08-13,634.49,637.31,638.426,632.35,932829.0
2021-08-16,637.03,636.94,638.02,628.188,1105563.0
2021-08-17,636.55,635.01,637.0,630.22,1346430.0
2021-08-18,632.8,626.77,637.14,626.05,1386502.0
2021-08-19,624.88,637.66,642.55,623.6334,1693879.0
2021-08-20,639.84,647.34,652.0,634.53,1434000.0
2021-08-23,645.87,656.86,658.5,645.52,1652444.0
2021-08-24,659.14,657.24,660.0,653.4,866488.0
2021-08-25,658.61,656.8,661.06,651.64,1048207.0
2021-08-26,653.59,652.39,657.91,649.35,1619386.0
2021-08-27,652.52,658.52,662.61,651.86,1142619.0
2021-08-30,659.7774,665.99,667.67,659.7774,1341472.0
2021-08-31,667.9,663.7,667.9,660.46,1877807.0
2021-09-01,664.51,665.89,668.96,662.0,1261172.0
2021-09-02,669.82,664.64,669.85,661.67,1403452.0
2021-09-03,664.43,666.59,673.88,664.295,1641621.0
2021-09-07,667.35,661.39,668.87,656.55,1382387.0
2021-09-08,660.15,663.22,664.08,657.1,1368043.0
2021-09-09,664.84,661.68,667.46,659.93,1110228.0
2021-09-10,666.18,658.94,668.87,658.2,1204255.0
2021-09-13,663.04,645.15,663.6,640.24,2242491.0
2021-09-14,646.0,645.01,649.58,642.46,2150162.0
2021-09-15,652.315,661.08,663.309,650.975,2009337.0
2021-09-16,657.53,665.11,666.47,654.705,2046113.0
2021-09-17,663.21,654.48,665.0,652.04,3553211.0
2021-09-20,646.035,641.29,653.93,633.05,2637412.0
2021-09-21,646.8755,645.89,650.945,640.3,2449253.0
2021-09-22,624.79,626.08,628.94,615.06,5689624.0
2021-09-23,632.2883,630.84,633.815,627.02,2985547.0
2021-09-24,628.0,622.71,629.03,618.22,2809022.0
2021-09-27,615.8,603.65,616.6562,602.73,4152187.0
2021-09-28,596.3142,578.77,596.3142,578.33,5108900.0
2021-09-29,585.45,577.7,586.55,576.07,2726816.0
2021-09-30,580.64,575.72,586.1946,573.2358,2747916.0
2021-10-01,577.52,577.47,581.47,568.61,2915254.0
2021-10-04,574.5901,558.49,576.8,552.14,3976963.0
2021-10-05,563.91,566.7,570.29,559.21,2337838.0
2021-10-06,561.24,570.31,572.155,560.21,2043151.0
2021-10-07,578.46,578.96,586.145,576.19,2648546.0
2021-10-08,581.3,576.86,583.61,575.52,2051019.0
2021-10-11,574.5,573.07,582.28,571.495,1410612.0
2021-10-12,579.1569,580.69,584.22,574.42,1740279.0
2021-10-13,585.26,591.12,593.54,582.655,2144405.0
2021-10-14,600.0,607.51,609.44,596.97,2501675.0
2021-10-15,611.6935,610.09,612.25,607.55,1960103.0
2021-10-18,610.65,622.83,623.47,607.57,1905125.0
2021-10-19,625.26,636.07,639.39,625.26,2470024.0
2021-10-20,639.28,632.37,641.29,630.1713,1497205.0
2021-10-21,632.0,638.66,639.17,629.0,1586592.0
2021-10-22,640.43,643.58,644.43,634.45,1786582.0
2021-10-25,644.47,646.97,649.62,639.0652,1629369.0
2021-10-26,650.91,642.5,659.19,642.1,2153959.0
2021-10-27,644.48,640.08,648.8053,639.81,1630177.0
2021-10-28,638.0,639.28,642.49,633.27,2085002.0
2021-10-29,637.77,650.36,651.31,637.0,1927887.0
2021-11-01,651.05,640.2,654.0,634.78,2215757.0
2021-11-02,641.12,640.4,647.7436,639.23,1769966.0
2021-11-03,645.52,655.18,656.5,640.0,1970703.0
2021-11-04,659.44,674.08,676.08,657.75,2480616.0
2021-11-05,676.74,662.72,677.76,661.11,2517646.0
2021-11-08,666.56,666.02,668.25,661.4,1497363.0
2021-11-09,667.69,667.92,669.66,663.0,1128004.0
2021-11-10,663.2,647.5,665.8099,645.86,2038209.0
2021-11-11,649.61,643.17,652.57,642.1,1271194.0
2021-11-12,649.01,657.6,658.4725,647.16,1286806.0
2021-11-15,658.37,659.73,663.665,655.19,1077608.0
2021-11-16,659.14,671.03,673.7449,658.99,1421950.0
2021-11-17,671.76,670.67,672.7367,662.84,1221871.0
2021-11-18,670.62,670.96,676.55,665.08,1494358.0
2021-11-19,681.26,688.37,699.5,678.91,3093812.0
2021-11-22,696.275,673.57,699.54,672.66,2285511.0
2021-11-23,662.7035,665.16,667.5699,648.61,2504127.0
2021-11-24,655.83,668.32,668.87,647.14,2426821.0
2021-11-26,670.2529,662.1,683.9999,659.68,2203960.0
2021-11-29,668.0,687.49,691.36,665.77,2728844.0
2021-11-30,687.22,669.85,694.89,667.83,4703616.0
2021-12-01,676.0,657.41,678.78,656.28,2832765.0
2021-12-02,655.95,671.88,674.845,653.62,2675408.0
2021-12-03,658.1,616.53,662.09,604.3,6741841.0
2021-12-06,617.47,622.04,625.9,605.725,3170342.0
2021-12-07,644.1932,649.96,655.22,640.05,3943536.0
2021-12-08,647.3,653.1,654.65,641.61,2416232.0
2021-12-09,650.92,632.57,655.72,630.88,2550690.0
2021-12-10,638.13,654.45,654.97,635.1,2872975.0
2021-12-13,652.77,658.3,675.21,650.9784,3829357.0
2021-12-14,635.36,614.86,636.0,599.1,5934156.0
2021-12-15,615.96,630.33,631.25,604.6199,4288818.0
2021-12-16,578.4,566.09,591.5773,556.1501,10961245.0
2021-12-17,566.09,556.64,566.99,545.135,8014024.0
2021-12-20,545.61,549.77,557.27,543.5,3441126.0
2021-12-21,550.91,557.52,559.89,538.05,4104714.0
2021-12-22,560.3,563.98,564.92,552.24,4526208.0
2021-12-23,568.96,569.62,572.57,566.1601,2147722.0
2021-12-27,575.04,577.68,580.88,572.09,1980504.0
2021-12-28,582.84,569.36,582.88,568.35,2108375.0
2021-12-29,573.3291,569.29,576.96,562.78,2484190.0
2021-12-30,570.57,570.53,578.99,566.04,1564633.0
2021-12-31,570.0,567.06,570.17,565.07,1581578.0
2022-01-03,566.65,564.37,575.0,553.2673,2863488.0
2022-01-04,563.9,554.0,564.3,541.31,4344805.0
2022-01-05,535.0,514.43,538.745,514.0,7394814.0
2022-01-06,510.0,514.12,526.31,508.2,3913592.0
2022-01-07,513.66,510.7,520.42,504.0,3605411.0
2022-01-10,500.0,525.83,526.58,497.01,5429694.0
2022-01-11,525.5533,529.89,535.18,520.9821,3422161.0
2022-01-12,533.09,532.37,541.59,529.28,2901791.0
2022-01-13,532.22,516.9,535.265,516.32,3406500.0
2022-01-14,514.49,520.6,522.5715,511.27,2659825.0
2022-01-18,510.39,513.34,519.39,504.98,3461507.0
2022-01-19,516.48,516.58,528.9179,515.3,2985891.0
2022-01-20,522.38,510.85,532.025,509.64,3208136.0
2022-01-21,508.5,499.91,513.8624,499.2701,4276067.0
2022-01-24,491.07,519.66,520.43,483.31,7555213.0
2022-01-25,505.51,502.72,514.26,500.01,4051522.0
2022-01-26,514.0,500.81,520.49,494.22,4449496.0
2022-01-27,508.94,493.05,513.23,485.62,5870522.0
2022-01-28,494.0901,518.16,519.0,480.62,4339027.0
2022-01-31,518.98,534.3,534.94,514.39,3995098.0
2022-02-01,536.0,535.98,538.77,527.72,2307434.0
2022-02-02,536.25,533.09,540.46,529.3201,2494142.0
2022-02-03,522.87,510.83,525.18,508.75,3058710.0
2022-02-04,503.77,513.54,519.97,503.77,2583714.0
2022-02-07,516.0,507.1,516.0,500.95,3120737.0
2022-02-08,501.63,511.31,513.51,501.07,3205743.0
2022-02-09,520.35,521.75,522.48,515.06,2542201.0
2022-02-10,508.08,495.02,514.4799,492.28,4735802.0
2022-02-11,497.92,473.97,499.93,472.8952,5026970.0
2022-02-14,473.2,474.01,478.57,469.2101,3372122.0
2022-02-15,482.5337,479.5,482.5337,472.39,3745338.0
2022-02-16,476.485,477.7,480.21,467.27,3750472.0
2022-02-17,473.14,457.71,476.45,456.05,4021128.0
2022-02-18,458.69,442.56,459.3,441.77,5194162.0
2022-02-22,440.35,438.4,451.09,435.05,4287637.0
2022-02-23,447.78,429.45,449.59,428.06,4263021.0
2022-02-24,418.59,463.82,465.93,416.8124,6448772.0
2022-02-25,465.39,465.54,468.5199,456.015,2869739.0
2022-02-28,462.4,467.68,468.48,458.86,3302341.0
2022-03-01,468.0,466.68,479.21,462.92,3352760.0
2022-03-02,471.94,471.18,477.49,466.04,2948450.0
2022-03-03,475.83,459.08,476.05,455.445,2906318.0
2022-03-04,455.49,452.13,463.52,447.0,2752177.0
2022-03-07,456.22,437.97,457.68,437.18,3676072.0
2022-03-08,432.51,431.53,443.8,421.36,3734842.0
2022-03-09,443.8,450.87,453.11,438.93,2905656.0
2022-03-10,444.68,438.95,447.65,433.01,2722310.0
2022-03-11,439.66,416.38,440.61,415.43,4434498.0
2022-03-14,413.36,411.5,422.375,407.94,3731582.0
2022-03-15,415.97,421.66,422.96,413.1663,3201730.0
2022-03-16,431.74,442.36,442.52,424.35,4141181.0
2022-03-17,441.26,444.36,446.82,436.51,3556732.0
2022-03-18,439.2,453.33,453.74,435.79,5898143.0
2022-03-21,451.42,453.59,459.58,445.95,3704194.0
2022-03-22,453.5,466.45,471.98,450.69,5377001.0
2022-03-23,437.51,422.9,437.98,416.47,13979763.0
2022-03-24,426.08,432.14,432.21,421.49,5544251.0
2022-03-25,435.44,431.62,438.6205,425.995,3285206.0
2022-03-28,433.415,450.01,450.32,433.15,4472560.0
2022-03-29,459.16,466.33,467.8,452.44,4323766.0
2022-03-30,461.52,460.06,466.765,456.84,3889225.0
2022-03-31,461.59,455.62,465.43,455.43,4141278.0
2022-04-01,455.0,458.19,461.55,450.96,2718422.0
2022-04-04,461.04,468.81,473.49,460.61,2975096.0
2022-04-05,469.32,458.58,471.76,455.07,2481933.0
2022-04-06,448.235,444.33,450.01,439.57,3824913.0
2022-04-07,444.09,452.72,455.9199,440.76,2757799.0
2022-04-08,449.95,445.34,454.41,443.37,2260687.0
2022-04-11,438.81,434.44,440.0,429.74,2932055.0
2022-04-12,442.685,426.77,444.44,425.16,2199003.0
2022-04-13,427.3,431.67,433.52,425.67,3078941.0
2022-04-14,435.86,420.44,435.95,420.03,2597004.0
2022-04-18,419.4,425.47,429.69,418.73,2594660.0
2022-04-19,422.02,436.4,437.49,420.64,1962652.0
2022-04-20,440.59,428.11,442.44,427.2,2094449.0
2022-04-21,432.69,417.48,438.94,416.3625,2390149.0
2022-04-22,420.71,408.67,424.33,408.02,3198841.0
2022-04-25,405.7,413.95,414.08,401.67,3368825.0
2022-04-26,410.17,399.12,411.61,397.465,2820097.0
2022-04-27,401.44,397.9,412.46,396.81,3080696.0
2022-04-28,406.13,410.53,414.2749,398.49,2593890.0
2022-04-29,407.47,395.95,413.0,394.64,3033248.0
2022-05-02,397.13,407.29,407.98,394.04,3009981.0
2022-05-03,406.59,407.58,413.93,403.5,2196257.0
2022-05-04,407.29,423.35,424.23,395.05,3330434.0
2022-05-05,415.55,400.51,417.99,395.71,3507716.0
2022-05-06,395.0,391.01,401.26,382.82,3522430.0
2022-05-09,381.95,376.91,389.6271,374.86,4324888.0
2022-05-10,385.72,393.03,400.83,374.78,5334377.0
2022-05-11,389.99,379.33,409.9899,377.81,3821953.0
2022-05-12,373.4,388.49,390.13,370.27,4048173.0
2022-05-13,396.47,405.45,408.97,393.94,3379472.0
2022-05-16,399.74,402.86,407.17,396.6,2645162.0
2022-05-17,413.08,409.65,416.72,403.54,2614675.0
2022-05-18,404.38,397.88,411.6599,396.11,2915922.0
2022-05-19,399.01,394.38,403.035,391.565,2797416.0
2022-05-20,401.39,399.09,406.24,385.621,3432395.0
2022-05-23,404.01,406.76,407.88,398.89,2337511.0
2022-05-24,401.61,398.41,404.33,391.0375,2630761.0
2022-05-25,395.32,402.5,406.095,394.71,2726718.0
2022-05-26,405.09,408.6,411.55,402.46,2419479.0
2022-05-27,414.8,428.22,428.55,414.63,3560381.0
2022-05-31,427.22,416.48,427.29,412.79,7944164.0
2022-06-01,428.0,418.16,437.549,413.785,3409856.0
2022-06-02,418.11,441.28,441.9,415.84,3415664.0
2022-06-03,430.71,429.76,438.01,427.255,2355536.0
2022-06-06,437.59,429.46,440.0,427.0361,1563987.0
2022-06-07,423.98,433.42,435.2,423.12,1611182.0
2022-06-08,430.54,428.84,433.75,426.42,1790134.0
2022-06-09,424.17,426.42,436.04,423.48,2572418.0
2022-06-10,412.9,393.84,413.96,390.185,4407524.0
2022-06-13,377.36,371.65,385.65,371.085,4724765.0
2022-06-14,371.44,370.82,376.89,367.31,3197215.0
2022-06-15,376.03,376.92,382.75,368.5,3664477.0
2022-06-16,369.37,365.08,376.12,360.9,5775295.0
2022-06-17,349.24,360.79,367.32,338.0,9475054.0
2022-06-21,355.02,362.99,372.795,353.51,5343494.0
2022-06-22,360.79,365.33,372.55,358.2228,3168159.0
2022-06-23,371.71,376.64,378.18,367.47,2534343.0
2022-06-24,380.64,387.72,388.06,378.22,3305337.0
2022-06-27,388.8,381.07,389.385,379.38,2244631.0
2022-06-28,381.0,365.63,382.98,364.45,2660047.0
2022-06-29,367.94,368.5,370.37,362.64,2027907.0
2022-06-30,362.9,366.06,370.42,357.56,2595510.0
2022-07-01,364.175,368.48,369.529,359.07,2471735.0
2022-07-05,363.5,376.49,378.52,359.82,3121504.0
2022-07-06,378.54,382.83,385.385,374.09,2284551.0
2022-07-07,382.5,390.89,392.07,382.38,2368519.0
2022-07-08,384.35,389.44,391.86,383.84,1611201.0
2022-07-11,386.57,384.16,388.05,380.4569,1835865.0
2022-07-12,383.9,375.54,391.515,372.91,2639683.0
2022-07-13,368.2,371.94,374.41,364.7,1993962.0
2022-07-14,368.83,372.96,374.194,361.46,2098363.0
2022-07-15,377.79,379.86,384.47,376.86,2488267.0
2022-07-18,383.83,375.23,385.565,374.01,1866609.0
2022-07-19,382.89,387.83,388.32,378.0,1977609.0
2022-07-20,392.19,401.49,403.13,390.07,2746782.0
2022-07-21,404.12,408.91,409.65,399.2401,2009914.0
2022-07-22,410.03,401.9,414.62,398.631,2413224.0
2022-07-25,400.11,391.96,400.7688,388.57,2340478.0
2022-07-26,393.58,379.26,393.58,378.16,2368512.0
2022-07-27,385.08,392.78,394.91,383.405,2669699.0
2022-07-28,392.76,403.5,406.15,390.06,2421734.0
2022-07-29,404.69,410.12,411.38,400.89,2670046.0
2022-08-01,406.51,411.09,417.16,405.07,1910045.0
2022-08-02,405.34,409.96,412.42,402.245,2165451.0
2022-08-03,412.81,424.54,426.04,412.02,2403471.0
2022-08-04,425.45,430.59,431.15,419.6303,2745635.0
2022-08-05,423.0,433.43,434.5425,421.0,2481397.0
2022-08-08,435.0,434.34,440.3,432.48,2202396.0
2022-08-09,434.34,426.57,434.59,424.615,1977285.0
2022-08-10,441.42,438.4,443.22,436.2,2634606.0
2022-08-11,445.26,434.89,445.61,434.4,1756701.0
2022-08-12,439.61,445.67,446.0,436.58,2150845.0
2022-08-15,445.07,451.02,451.15,442.14,2503382.0
2022-08-16,446.12,447.56,450.09,440.1,2139474.0
2022-08-17,440.87,437.82,442.99,436.1138,1894369.0
2022-08-18,438.61,439.03,441.39,437.0101,1402379.0
2022-08-19,431.58,425.055,432.5,424.62,2007722.0
2022-08-22,419.41,411.35,419.79,410.08,2074557.0
2022-08-23,410.37,410.41,415.7,409.2,1392235.0
2022-08-24,410.68,405.65,413.24,405.33,1883945.0
2022-08-25,405.79,403.93,406.67,392.915,3062439.0
2022-08-26,403.99,381.02,405.54,380.5,3600146.0
2022-08-29,380.09,375.26,382.86,374.82,2410300.0
2022-08-30,379.92,375.07,380.66,371.06,1835000.0
2022-08-31,378.53,373.44,381.145,372.5,3193853.0
2022-09-01,371.0,370.53,371.64,361.7205,2574360.0
2022-09-02,374.53,368.14,382.0,365.43,2450520.0
2022-09-06,367.23,368.3,374.3,365.37,2564423.0
2022-09-07,368.2,379.72,381.52,367.19,2385540.0
2022-09-08,377.2,383.63,386.66,375.2001,2276766.0
2022-09-09,390.19,394.78,396.09,389.665,3000456.0
2022-09-12,391.09,396.36,396.39,389.28,2854834.0
2022-09-13,382.55,368.39,383.575,367.37,4175142.0
2022-09-14,369.57,371.52,374.24,365.61,3004368.0
2022-09-15,323.15,309.13,329.0,305.0,27840207.0
2022-09-16,298.32,299.5,300.2,292.14,14948057.0
2022-09-19,294.88,296.06,299.28,293.4642,6593418.0
2022-09-20,292.82,291.06,294.08,287.8088,6548807.0
2022-09-21,292.84,286.3,297.94,286.22,4913148.0
2022-09-22,282.0,287.06,289.55,280.06,5657554.0
2022-09-23,285.57,284.56,288.5537,280.7,4739324.0
2022-09-26,286.03,276.96,288.9,276.75,6746157.0
2022-09-27,281.7,277.57,284.5,274.73,6390916.0
2022-09-28,280.38,281.4,282.74,275.37,4985056.0
2022-09-29,277.8,278.25,279.59,275.01,5155272.0
2022-09-30,279.69,275.2,284.29,274.85,4578776.0
2022-10-03,278.2694,285.24,286.9,277.0,3738131.0
2022-10-04,290.95,294.97,296.79,290.18,4509241.0
2022-10-05,291.41,297.38,298.8087,289.175,3469554.0
2022-10-06,297.15,298.41,305.5,297.1045,4884021.0
2022-10-07,291.36,288.77,293.705,286.83,3495936.0
2022-10-10,289.75,285.72,290.28,283.05,2906344.0
2022-10-11,285.69,284.83,288.28,281.44,3209826.0
2022-10-12,284.69,286.15,289.79,283.09,3044146.0
2022-10-13,279.71,294.74,298.17,276.595,4737194.0
2022-10-14,295.12,287.94,297.59,287.45,3564055.0
2022-10-17,297.45,293.5,297.96,291.4,4600581.0
2022-10-18,302.68,292.98,303.49,286.81,5472027.0
2022-10-19,295.4,299.83,303.71,292.7,5529099.0
2022-10-20,301.03,302.38,309.19,299.34,3621565.0
2022-10-21,300.99,306.37,307.43,298.23,3659302.0
2022-10-24,308.43,316.22,317.329,306.2,4817437.0
2022-10-25,319.12,323.79,324.23,316.74,3814599.0
2022-10-26,318.16,320.48,330.5849,316.54,4209819.0
2022-10-27,322.96,318.65,323.85,316.87,2870213.0
2022-10-28,318.67,325.68,327.05,318.67,3008352.0
2022-10-31,323.49,318.5,325.58,317.42,3253249.0
2022-11-01,321.01,316.02,322.84,312.785,2467654.0
2022-11-02,318.84,301.22,318.84,301.09,3481158.0
2022-11-03,297.07,285.93,299.61,285.37,4897062.0
2022-11-04,290.38,285.75,291.01,278.23,5738257.0
2022-11-07,288.97,299.54,300.355,287.57,3980689.0
2022-11-08,301.15,302.17,309.9,297.77,4230611.0
2022-11-09,299.65,298.87,303.29,297.35,2778150.0
2022-11-10,318.55,329.95,330.37,317.87,5502901.0
2022-11-11,330.34,341.15,342.31,329.49,4110087.0
2022-11-14,338.07,340.37,345.11,334.425,3449977.0
2022-11-15,348.41,345.96,350.9699,342.56,2948558.0
2022-11-16,345.0,338.41,345.015,336.72,2123183.0
2022-11-17,331.74,337.83,339.8699,329.35,2741374.0
2022-11-18,344.3,330.86,344.7,329.1383,3421744.0
2022-11-21,329.53,321.49,330.25,320.6,3219867.0
2022-11-22,322.49,330.88,331.54,320.2,2573813.0
2022-11-23,329.93,335.78,338.5,327.59,2240777.0
2022-11-25,332.885,334.3,335.51,332.01,1197767.0
2022-11-28,335.83,328.97,338.19,328.065,2315372.0
2022-11-29,326.69,326.78,329.7,323.6749,2392609.0
2022-11-30,327.12,344.93,345.03,326.38,4979759.0
2022-12-01,348.03,344.11,350.67,341.5,3365247.0
2022-12-02,337.2,341.53,343.5276,334.2225,2741993.0
2022-12-05,337.8,334.09,340.51,330.83,2542324.0
2022-12-06,334.09,331.15,334.22,327.395,2182444.0
2022-12-07,327.53,326.68,331.0,325.49,2055980.0
2022-12-08,325.71,332.58,336.2005,324.345,2065839.0
2022-12-09,331.5,330.64,334.69,328.5,1969161.0
2022-12-12,334.76,338.17,338.27,332.65,2914653.0
2022-12-13,353.63,342.46,355.67,338.79,3428046.0
2022-12-14,343.89,339.92,345.9499,335.0,3236488.0
2022-12-15,332.76,328.71,334.5,324.59,5498714.0
2022-12-16,345.0,338.54,354.4699,337.24,11940748.0
2022-12-19,338.0,328.76,340.7436,326.3,4086288.0
2022-12-20,327.0,338.22,342.5,325.52,3873632.0
2022-12-21,340.29,341.38,345.29,336.44,2582991.0
2022-12-22,336.01,336.52,339.88,330.94,2320005.0
2022-12-23,335.0,338.45,338.92,333.285,1629781.0
2022-12-27,338.0,335.09,338.16,332.46,1464308.0
2022-12-28,335.06,328.33,338.5,327.19,1672063.0
2022-12-29,330.75,337.58,339.5,329.7604,1793051.0
2022-12-30,333.0,336.53,336.64,331.64,1740879.0
2023-01-03,340.16,336.92,345.82,331.92,2229104.0
2023-01-04,342.89,341.41,345.6292,336.73,2186849.0
2023-01-05,337.53,328.44,337.55,328.16,2081625.0
2023-01-06,332.28,332.75,334.88,322.44,2216579.0
2023-01-09,338.9,341.98,349.455,338.42,3133817.0
2023-01-10,337.65,338.7,344.63,336.8,1670248.0
2023-01-11,337.39,342.93,343.19,333.47,2344403.0
2023-01-12,344.165,344.54,346.44,337.37,2121831.0
2023-01-13,340.25,344.38,344.65,335.5,2582132.0
2023-01-17,344.38,344.38,350.786,341.97,2512729.0
2023-01-18,345.01,341.31,349.24,338.4,2080033.0
2023-01-19,340.56,342.53,346.73,340.01,2466965.0
2023-01-20,343.27,356.38,357.42,342.76,3149369.0
2023-01-23,358.28,364.98,365.87,356.85,3187260.0
2023-01-24,364.1,361.32,364.45,358.0,2466393.0
2023-01-25,355.665,358.17,359.73,350.57,2239126.0
2023-01-26,362.76,365.82,367.43,360.7201,2350520.0
2023-01-27,363.49,370.71,373.42,362.85,2615582.0
2023-01-30,365.9,363.42,368.7,362.83,2663620.0
2023-01-31,364.71,370.34,370.7,364.01,2572359.0
2023-02-01,370.01,383.92,386.72,366.8,3361966.0
2023-02-02,393.28,392.23,402.49,388.8822,4020009.0
2023-02-03,384.29,379.33,386.715,377.92,2695428.0
2023-02-06,376.21,375.23,379.29,373.39,2369777.0
2023-02-07,373.43,383.82,384.94,372.7556,2476197.0
2023-02-08,382.49,378.36,387.28,375.7,2668061.0
2023-02-09,384.97,375.81,386.51,374.02,2265158.0
2023-02-10,371.63,370.99,374.52,367.08,1846426.0
2023-02-13,373.41,375.0,376.31,371.03,1877255.0
2023-02-14,375.0,377.9,380.56,369.96,2479706.0
2023-02-15,375.6,375.94,381.67,374.84,2089245.0
2023-02-16,366.04,365.16,373.49,363.55,2917042.0
2023-02-17,359.31,356.85,359.61,352.12,2985940.0
2023-02-21,350.78,346.7,353.25,345.69,3002659.0
2023-02-22,346.69,348.72,353.1724,344.45,2599304.0
2023-02-23,350.44,347.02,353.8,343.9275,3154508.0
2023-02-24,328.12,320.54,329.76,318.6,8444481.0
2023-02-27,322.02,322.32,325.1,320.7,3500550.0
2023-02-28,323.37,323.95,325.73,320.97,2714154.0
2023-03-01,323.8,323.38,325.26,321.0,2377736.0
2023-03-02,323.38,333.5,334.46,321.56,3846745.0
2023-03-03,334.69,344.04,344.76,334.4835,3725472.0
2023-03-06,344.33,347.02,351.775,344.28,3060306.0
2023-03-07,347.86,344.8,352.165,344.06,2252817.0
2023-03-08,346.74,345.84,348.69,343.4701,2518851.0
2023-03-09,344.72,338.37,350.13,336.99,3798302.0
2023-03-10,338.34,329.3,338.52,328.445,4148249.0
2023-03-13,329.42,324.27,333.0,323.29,4203455.0
2023-03-14,332.21,333.33,335.17,328.695,3850920.0
2023-03-15,330.0,333.61,334.28,328.1725,4627109.0
2023-03-16,344.57,353.29,355.49,340.53,6948578.0
2023-03-17,354.78,358.14,360.63,350.835,6725352.0
2023-03-20,357.61,362.88,364.9399,355.35,3946758.0
2023-03-21,364.63,374.22,376.4,362.92,4479191.0
2023-03-22,375.0,361.71,377.3299,361.52,3878428.0
2023-03-23,368.99,369.0,375.2499,365.49,3138588.0
2023-03-24,370.23,374.96,375.23,367.72,2995521.0
2023-03-27,376.51,373.15,380.35,369.68,2832190.0
2023-03-28,373.42,373.4,374.0,367.82,1780809.0
2023-03-29,376.68,379.16,380.12,375.56,2497612.0
2023-03-30,381.65,381.9,382.58,378.08,2138955.0
2023-03-31,382.29,385.37,385.73,380.26,3063428.0
2023-04-03,380.88,380.08,383.73,378.15,2712644.0
2023-04-04,382.24,385.15,385.7,381.0502,2569950.0
2023-04-05,384.09,382.02,386.0,377.255,2277403.0
2023-04-06,379.31,380.6,382.46,375.99,1836025.0
2023-04-10,375.48,376.25,376.67,372.26,1689674.0
2023-04-11,374.01,371.11,375.9,368.35,2161051.0
2023-04-12,376.42,369.89,378.23,368.75,1978197.0
2023-04-13,373.2,378.8,379.02,372.73,2434809.0
2023-04-14,376.37,379.38,380.57,375.14,1525633.0
2023-04-17,379.61,377.92,380.76,374.62,1614322.0
2023-04-18,380.9,377.55,380.9,374.4875,1586650.0
2023-04-19,377.9,380.11,382.84,375.6,1775191.0
2023-04-20,376.04,380.26,382.995,375.67,1947863.0
2023-04-21,379.97,377.67,380.44,375.44,1841641.0
2023-04-24,376.59,377.34,378.95,373.57,1531057.0
2023-04-25,373.63,369.59,375.23,368.88,2413128.0
2023-04-26,368.6,363.06,369.45,357.25,2803239.0
2023-04-27,365.94,371.42,373.8199,363.5,2338835.0
2023-04-28,371.42,377.56,377.69,368.56,2061740.0
2023-05-01,376.51,374.15,378.72,373.71,1867950.0
2023-05-02,374.355,368.66,375.845,367.84,2287616.0
2023-05-03,363.49,345.25,365.96,344.235,6700789.0
2023-05-04,347.97,335.83,348.0,332.84,6614890.0
2023-05-05,338.98,348.4,349.55,338.03,4260906.0
2023-05-08,348.0,344.06,350.48,340.76,3135894.0
2023-05-09,342.5,342.65,345.0,341.23,1879635.0
2023-05-10,348.25,344.02,351.995,341.8318,3386325.0
2023-05-11,341.88,341.58,344.66,339.37,2183379.0
2023-05-12,340.51,335.45,340.79,331.89,4278675.0
2023-05-15,337.35,345.67,345.89,333.01,3330491.0
2023-05-16,344.2,345.11,347.065,341.17,2558537.0
2023-05-17,345.36,356.63,358.69,345.12,3560559.0
2023-05-18,357.0,360.43,361.48,356.45,2896438.0
2023-05-19,363.0,371.25,372.08,361.36,3856887.0
2023-05-22,371.25,372.05,374.4025,369.66,2627139.0
2023-05-23,371.81,370.42,376.49,369.92,2967666.0
2023-05-24,368.41,365.76,369.06,361.72,2666564.0
2023-05-25,375.49,392.06,397.6515,374.09,7029991.0
2023-05-26,396.72,415.39,416.36,396.57,7833550.0
2023-05-30,429.94,417.21,432.99,416.08,5332305.0
2023-05-31,413.9,417.79,421.36,410.701,5158453.0
2023-06-01,412.29,426.75,430.6,412.29,4443071.0
2023-06-02,432.0,436.37,438.5308,430.36,4334768.0
2023-06-05,433.01,434.18,440.3799,426.96,3447429.0
2023-06-06,432.55,432.89,437.12,431.24,2342000.0
2023-06-07,434.56,418.32,436.81,417.7425,4772958.0
2023-06-08,424.15,439.03,440.6275,423.5841,6065556.0
2023-06-09,456.9099,454.0,466.59,453.09,7933961.0
2023-06-12,463.705,474.63,478.04,459.42,6930639.0
2023-06-13,489.71,478.99,491.51,470.36,7412478.0
2023-06-14,476.15,479.53,483.85,473.2,5150116.0
2023-06-15,475.47,490.91,495.1999,474.25,9682234.0
2023-06-16,518.23,495.18,518.74,494.62,13343819.0
2023-06-20,485.63,485.86,492.6883,480.0,5336284.0
2023-06-21,492.0,477.48,495.55,475.31,5258704.0
2023-06-22,474.12,477.58,481.0,473.0201,3603787.0
2023-06-23,472.95,484.72,487.33,472.32,4481510.0
2023-06-26,483.01,479.51,487.1563,479.05,3169505.0
2023-06-27,480.0,489.27,490.8,479.95,2691749.0
2023-06-28,482.0,482.43,489.75,480.39,3229236.0
2023-06-29,484.47,483.77,485.83,479.6,1905381.0
2023-06-30,482.74,488.99,492.81,482.72,3096582.0
2023-07-03,486.39,485.21,486.61,479.8401,1491011.0
2023-07-05,480.99,487.26,489.41,479.73,2190353.0
2023-07-06,479.99,481.29,482.5,475.0,2102202.0
2023-07-07,481.98,485.27,490.42,479.86,2325039.0
2023-07-10,485.27,496.35,499.1999,485.11,3352622.0
2023-07-11,497.28,504.74,506.03,491.76,2844239.0
2023-07-12,509.405,507.36,510.79,500.01,3027419.0
2023-07-13,509.62,517.28,519.4099,509.5,3049373.0
2023-07-14,517.34,514.83,523.785,512.67,2303710.0
2023-07-17,513.0,522.0,522.6892,512.38,2646013.0
2023-07-18,519.64,532.23,535.1299,517.375,4094580.0
2023-07-19,534.48,527.17,539.0,526.0601,3383210.0
2023-07-20,522.03,516.88,528.31,514.085,3264482.0
2023-07-21,521.75,520.23,529.6851,519.28,8099521.0
2023-07-24,520.0,523.86,524.84,514.86,2261046.0
2023-07-25,519.42,525.34,526.88,517.92,2472108.0
2023-07-26,520.49,514.55,521.1,510.44,2918652.0
2023-07-27,523.16,513.97,527.9,511.24,2477246.0
2023-07-28,515.43,528.87,530.32,514.63,2810248.0
2023-07-31,541.87,546.17,552.94,541.87,4064689.0
2023-08-01,545.78,549.1,552.015,541.67,2277295.0
2023-08-02,539.32,530.3,539.99,526.5,2973101.0
2023-08-03,523.0,523.76,530.912,522.217,2187501.0
2023-08-04,526.74,526.88,535.63,522.12,2462880.0
2023-08-07,530.0,529.73,532.58,523.52,1777773.0
2023-08-08,523.99,520.6,524.5788,515.25,2626110.0
2023-08-09,520.55,513.78,520.97,509.53,1843778.0
2023-08-10,521.03,515.83,523.22,512.98,1901693.0
2023-08-11,510.83,508.45,514.9,506.37,1930647.0
2023-08-14,506.78,522.25,522.5549,505.03,2052509.0
2023-08-15,518.35,518.7,522.04,516.0593,1824324.0
2023-08-16,517.81,514.49,523.15,514.17,1541297.0
2023-08-17,525.0,511.67,525.49,510.56,2455834.0
2023-08-18,504.65,508.13,510.05,503.9,2140067.0
2023-08-21,510.29,520.47,522.98,510.29,2428287.0
2023-08-22,529.715,519.48,530.0,518.35,1496587.0
2023-08-23,522.73,530.71,535.25,519.24,2336856.0
2023-08-24,539.0,512.43,539.67,511.05,2950211.0
2023-08-25,514.92,525.06,528.43,514.465,2308269.0
2023-08-28,525.7,529.92,533.51,523.98,1684095.0
2023-08-29,527.7,540.57,541.97,526.1473,2166979.0
2023-08-30,540.1,545.36,546.0,536.09,1930271.0
2023-08-31,547.0,559.34,562.1,546.76,3919340.0
2023-09-01,564.8,563.21,569.98,558.517,2234067.0
2023-09-05,557.88,564.88,567.59,555.42,2349719.0
2023-09-06,560.45,561.94,564.06,555.85,2299883.0
2023-09-07,554.0,560.46,561.83,551.075,2089396.0
2023-09-08,568.9,560.36,570.2399,558.03,2265288.0
2023-09-11,562.0,564.5,565.4302,556.7,2083293.0
2023-09-12,555.63,542.21,559.0921,540.37,3961254.0
2023-09-13,557.02,553.56,559.85,546.43,3465169.0
2023-09-14,551.09,552.16,555.1948,544.34,4786850.0
2023-09-15,532.11,528.89,537.69,523.616,9774477.0
2023-09-18,524.23,532.42,533.98,522.18,2650669.0
2023-09-19,531.35,541.69,542.4,529.47,2386600.0
2023-09-20,541.69,535.78,548.85,535.73,2628934.0
2023-09-21,519.48,513.88,526.29,513.4,3846952.0
2023-09-22,513.09,512.9,518.15,508.83,2702856.0
2023-09-25,511.45,511.6,514.245,507.22,2219542.0
2023-09-26,510.14,506.3,510.14,502.01,2375405.0
2023-09-27,507.51,502.6,509.25,498.6955,3311103.0
2023-09-28,500.0,504.67,508.675,499.25,2720174.0
2023-09-29,505.44,509.9,518.58,505.44,2796314.0
2023-10-02,508.24,521.13,522.405,508.24,2411478.0
2023-10-03,517.52,507.03,520.49,504.55,2004074.0
2023-10-04,511.93,518.42,519.76,510.0001,2027195.0
2023-10-05,519.84,516.44,522.605,509.235,1818976.0
2023-10-06,513.22,526.68,531.31,509.52,2526306.0
2023-10-09,522.0,529.29,530.0,518.75,1713470.0
2023-10-10,530.91,532.72,537.0,530.4,2090863.0
2023-10-11,538.59,549.91,551.34,536.11,3307461.0
2023-10-12,553.7,559.63,574.4,552.23,4624024.0
2023-10-13,560.0,548.76,562.89,546.99,2834091.0
2023-10-16,553.18,550.74,555.57,545.6904,2179737.0
2023-10-17,545.41,560.09,560.8,543.34,2355261.0
2023-10-18,554.48,557.87,568.18,554.24,2614474.0
2023-10-19,560.0,555.74,567.1,553.47,2809290.0
2023-10-20,555.74,540.96,555.98,535.95,2729190.0
2023-10-23,535.81,540.41,548.025,531.0,2172607.0
2023-10-24,544.64,539.56,546.0,532.12,2358082.0
2023-10-25,533.56,521.14,534.46,517.63,2525960.0
2023-10-26,530.0,514.28,530.99,511.68,2876701.0
2023-10-27,517.5,508.12,519.8556,506.915,2985560.0
2023-10-30,516.11,526.94,530.75,512.24,2806930.0
2023-10-31,530.64,532.06,532.635,522.8101,2052270.0
2023-11-01,535.0,544.5,545.27,534.0,2644530.0
2023-11-02,550.44,558.71,559.355,550.0,2634829.0
2023-11-03,560.0,563.66,567.03,557.66,2066520.0
2023-11-06,566.0,565.45,567.88,558.175,2593386.0
2023-11-07,568.81,585.2,589.0,568.81,3993621.0
2023-11-08,589.0,585.31,595.665,581.07,3079173.0
2023-11-09,587.51,577.74,590.04,576.34,2336580.0
2023-11-10,580.49,597.22,598.135,576.005,3064510.0
2023-11-13,589.98,590.34,594.26,583.36,2505111.0
2023-11-14,601.56,604.33,613.705,599.04,2884917.0
2023-11-15,605.0,595.31,605.73,591.79,3088889.0
2023-11-16,595.45,602.06,605.27,592.14,2040415.0
2023-11-17,602.07,602.66,605.0499,597.02,1969358.0
2023-11-20,605.31,612.7,614.2,604.5,2394373.0
2023-11-21,610.63,610.99,615.565,607.0301,1906155.0
2023-11-22,616.63,619.72,624.38,614.0101,2064968.0
2023-11-24,616.26,619.43,619.44,613.6,942673.0
2023-11-27,618.8,619.27,625.8341,614.57,1854409.0
2023-11-28,613.975,623.32,625.6,612.26,2302913.0
2023-11-29,625.94,617.39,628.6,616.77,2595632.0
2023-11-30,620.0,611.01,621.48,605.07,3960309.0
2023-12-01,609.24,612.47,615.2,603.18,2490500.0
2023-12-04,604.91,604.56,608.29,596.21,2541501.0
2023-12-05,596.77,602.22,602.74,591.17,2577716.0
2023-12-06,608.06,595.7,608.5302,594.4867,2080429.0
2023-12-07,598.92,608.78,609.23,596.47,2605210.0
2023-12-08,605.0,610.01,610.23,601.3,2499653.0
2023-12-11,616.88,625.2,627.8195,614.34,3270609.0
2023-12-12,625.86,633.66,633.89,623.0,2968858.0
2023-12-13,630.41,624.26,632.445,618.0301,6188452.0
2023-12-14,593.0,584.64,593.16,578.3,11315347.0
2023-12-15,580.6,584.68,591.66,578.2,8666491.0
2023-12-18,591.52,599.13,603.1337,586.62,5452047.0
2023-12-19,600.0,604.64,612.705,598.08,4150712.0
2023-12-20,600.71,596.06,610.68,595.07,2587339.0
2023-12-21,603.0,600.14,607.4006,594.82,3192763.0
2023-12-22,600.8,598.75,601.86,596.0,1660631.0
2023-12-26,598.92,598.26,601.69,596.5,1595053.0
2023-12-27,598.6,596.08,599.79,593.71,1394905.0
2023-12-28,597.44,595.52,599.04,593.6301,1702553.0
2023-12-29,596.09,596.6,600.75,592.94,1890231.0
2024-01-02,589.51,580.07,590.44,576.755,2840192.0
2024-01-03,574.58,571.79,577.305,570.19,2478008.0
2024-01-04,570.99,567.05,572.91,566.66,2092099.0
2024-01-05,563.5,564.6,569.52,563.34,1923240.0
2024-01-08,567.87,580.55,581.51,567.87,2829955.0
2024-01-09,578.33,586.2,588.2,577.28,1926919.0
2024-01-10,585.43,591.03,593.65,585.43,2135690.0
2024-01-11,592.0,597.49,597.84,584.52,2331830.0
2024-01-12,598.39,596.54,599.38,593.0177,1472167.0
2024-01-16,592.83,597.68,597.76,588.34,2126096.0
2024-01-17,591.99,596.1,596.75,582.44,2588293.0
2024-01-18,586.9,593.7,596.89,584.21,2793610.0
2024-01-19,593.81,611.55,612.07,589.13,3755338.0
2024-01-22,615.0,603.59,620.96,603.15,4488000.0
2024-01-23,602.21,597.18,604.32,591.34,2723463.0
2024-01-24,601.71,606.48,616.95,597.46,2999032.0
2024-01-25,615.42,622.58,627.06,612.24,3806205.0
2024-01-26,620.7,613.93,622.5,613.0,2137831.0
2024-01-29,615.71,630.23,636.25,615.71,3212187.0
2024-01-30,630.0,627.96,630.47,620.89,2007432.0
2024-01-31,620.0,617.78,625.93,612.17,2666775.0
2024-02-01,619.0,627.91,628.8,618.775,1687613.0
2024-02-02,624.79,634.76,638.25,617.01,2542763.0
2024-02-05,633.03,630.5,634.5899,624.54,2131245.0
2024-02-06,625.58,607.14,626.46,604.67,3436244.0
2024-02-07,613.25,615.85,620.42,610.15,2313824.0
2024-02-08,615.85,615.86,621.34,612.51,1815682.0
2024-02-09,616.0,627.21,628.07,615.805,2091353.0
2024-02-12,626.0,611.84,626.345,611.575,2317239.0
2024-02-13,596.7,601.89,608.39,590.0,2985238.0
2024-02-14,605.85,604.66,610.33,602.5,1615119.0
2024-02-15,606.0,590.44,607.3158,589.77,3677358.0
2024-02-16,589.9,546.66,590.1383,546.37,10328353.0
2024-02-20,531.495,541.91,545.88,528.01,6567568.0
2024-02-21,539.76,538.52,542.5699,529.3675,4493535.0
2024-02-22,553.94,537.57,555.5499,534.56,5023397.0
2024-02-23,543.49,553.44,557.18,541.48,4546484.0
2024-02-26,556.56,560.48,570.6,556.56,4251153.0
2024-02-27,565.91,552.49,565.91,548.54,3247572.0
2024-02-28,552.0,551.82,557.2,549.7601,2313223.0
2024-02-29,554.89,560.28,561.94,553.23,3844366.0
2024-03-01,561.11,570.93,572.89,560.67,2968098.0
2024-03-04,572.85,567.94,576.245,564.1,2556419.0
2024-03-05,562.6,544.84,564.19,539.35,4286834.0
2024-03-06,548.0,543.09,550.64,538.15,3209766.0
2024-03-07,550.0,556.04,558.38,541.59,2660544.0
2024-03-08,553.0,551.69,560.44,550.5114,2833180.0
2024-03-11,552.45,560.42,562.69,551.02,2857791.0
2024-03-12,568.6,579.14,579.79,562.6,3469161.0
2024-03-13,579.06,573.55,585.35,573.41,3466022.0
2024-03-14,578.0,570.45,579.54,568.76,5908117.0
2024-03-15,499.64,492.46,503.1263,485.0,19580838.0
2024-03-18,495.55,513.86,515.7299,495.55,7052677.0
2024-03-19,509.89,521.19,522.68,508.99,7081796.0
2024-03-20,523.29,519.14,523.87,512.5,4239557.0
2024-03-21,517.6,511.25,519.725,506.2,5206580.0
2024-03-22,509.07,499.52,511.59,496.67,5413647.0
2024-03-25,496.79,507.23,510.63,496.69,4277036.0
2024-03-26,508.06,507.6,512.79,503.59,2813329.0
2024-03-27,515.47,504.4,516.86,499.7,4228415.0
2024-03-28,508.12,504.6,509.0,500.26,3897003.0
2024-04-01,504.99,502.09,506.92,499.31,2056030.0
2024-04-02,494.403,499.21,500.75,491.34,3083273.0
2024-04-03,497.36,497.01,498.86,494.71,2604428.0
2024-04-04,503.56,487.11,504.11,486.7,3403327.0
2024-04-05,488.84,485.12,490.09,481.28,4972655.0
2024-04-08,484.78,484.28,486.98,477.23,3439211.0
2024-04-09,486.0,492.55,493.31,483.31,2548566.0
2024-04-10,489.39,487.22,491.765,480.28,2487870.0
2024-04-11,487.36,484.28,488.67,479.74,2978539.0
2024-04-12,477.95,474.09,478.78,468.6,5621945.0
2024-04-15,477.02,470.1,478.52,468.35,3353225.0
2024-04-16,470.0,476.22,478.98,468.49,2660097.0
2024-04-17,477.31,474.45,481.02,472.685,2034793.0
2024-04-18,476.76,473.18,477.605,471.825,2389742.0
2024-04-19,476.54,465.02,476.58,463.0901,3282142.0
2024-04-22,470.215,466.89,471.5,462.28,2604256.0
2024-04-23,469.72,472.9,474.81,467.83,2205836.0
2024-04-24,472.94,477.12,478.57,471.7283,2338044.0
2024-04-25,468.41,473.44,474.5042,465.78,2250913.0
2024-04-26,472.31,477.56,482.79,471.685,2460261.0
2024-04-29,478.04,473.07,481.677,471.07,2954736.0
2024-04-30,472.0,462.83,475.42,462.46,3222618.0
2024-05-01,461.12,469.39,477.76,460.36,2490171.0
2024-05-02,474.3,476.57,477.155,468.2994,2516422.0
2024-05-03,482.27,486.18,487.49,477.565,2833186.0
2024-05-06,490.1,493.59,495.44,488.0,2104030.0
2024-05-07,492.51,492.27,496.755,489.14,2518346.0
2024-05-08,489.97,488.1,495.81,486.92,2165021.0
2024-05-09,489.41,482.65,490.4364,481.65,2301635.0
2024-05-10,483.5,482.29,489.48,480.3,2741116.0
2024-05-13,486.24,483.11,490.1599,481.71,2458192.0
2024-05-14,480.41,475.95,481.8,466.48,4287846.0
2024-05-15,480.76,485.35,489.61,476.61,3491638.0
2024-05-16,484.7,482.88,486.23,481.385,2562865.0
2024-05-17,483.32,483.43,485.88,481.52,2261147.0
2024-05-20,483.0,484.69,485.37,478.32,1881117.0
2024-05-21,481.19,481.85,487.5,477.12,1915797.0
2024-05-22,483.97,483.93,485.665,479.14,1875835.0
2024-05-23,488.38,483.31,491.68,478.69,2219854.0
2024-05-24,481.25,475.43,485.38,473.9,3085605.0
2024-05-28,473.01,478.43,478.67,469.6,2575270.0
2024-05-29,472.78,477.6,482.79,472.595,2214810.0
2024-05-30,464.9,445.87,466.82,444.84,5606896.0
2024-05-31,447.72,444.76,448.23,433.97,7487507.0
2024-06-03,447.58,439.02,449.84,436.58,3967669.0
2024-06-04,442.82,448.37,450.12,441.59,3183594.0
2024-06-05,449.19,455.8,458.6,448.37,3295029.0
2024-06-06,457.7,458.13,467.8515,456.87,3234970.0
2024-06-07,458.13,465.43,468.93,458.13,2684170.0
2024-06-10,453.84,459.94,462.23,451.51,3212350.0
2024-06-11,456.91,462.69,462.74,455.5,2723659.0
2024-06-12,470.0,459.87,471.12,459.16,3647447.0
2024-06-13,457.87,458.74,462.3899,453.5,8557963.0
2024-06-14,530.25,525.31,534.45,521.88,14846614.0
2024-06-17,525.51,518.74,525.94,505.38,7163820.0
2024-06-18,514.71,522.25,530.37,513.13,4225943.0
2024-06-20,527.665,522.95,533.23,520.4,5752373.0
2024-06-21,530.31,533.44,535.0,524.715,6614086.0
2024-06-24,532.1,524.17,534.58,523.48,3067824.0
2024-06-25,526.2,526.88,529.68,522.24,3144202.0
2024-06-26,528.58,528.66,530.66,526.01,2931667.0
2024-06-27,533.21,546.76,549.16,532.1,4734063.0
2024-06-28,549.7,555.54,558.48,548.01,5084543.0
2024-07-01,551.37,560.01,561.21,549.73,3070159.0
2024-07-02,560.0,567.71,570.14,560.0,3054491.0
2024-07-03,564.292,570.15,571.83,564.0001,1664373.0
2024-07-05,570.91,578.34,580.55,568.92,2808635.0
2024-07-08,573.18,575.4,576.745,563.92,3007422.0
2024-07-09,573.05,566.02,575.01,562.46,2169020.0
2024-07-10,564.71,564.55,566.93,558.21,2368443.0
2024-07-11,564.0,557.63,572.62,557.09,3191358.0
2024-07-12,555.1,559.05,562.49,552.315,2013985.0
2024-07-15,560.23,565.71,568.23,560.23,1887763.0
2024-07-16,564.6,566.54,570.1,562.08,1539875.0
2024-07-17,563.93,563.09,565.0,556.46,2316265.0
2024-07-18,564.18,556.85,564.26,556.07,2184657.0
2024-07-19,557.05,551.0,561.09,548.96,2601942.0
2024-07-22,558.65,554.82,560.19,552.7074,2391696.0
2024-07-23,556.49,546.01,557.249,544.44,2363881.0
2024-07-24,543.8,531.04,544.71,530.35,2630081.0
2024-07-25,536.8,532.15,542.28,527.59,2136496.0
2024-07-26,535.35,542.44,545.4999,533.33,2090007.0
2024-07-29,544.3,536.61,544.3,535.19,1590551.0
2024-07-30,541.85,538.71,543.67,530.9501,1566875.0
2024-07-31,547.05,551.65,555.55,543.77,2776002.0
2024-08-01,549.99,546.41,561.98,540.24,2075410.0
2024-08-02,535.78,526.17,536.84,519.68,2729113.0
2024-08-05,504.23,509.32,515.9,500.0,3432155.0
2024-08-06,513.69,514.2,519.16,509.01,2076327.0
2024-08-07,520.95,513.62,531.005,512.86,1663682.0
2024-08-08,520.59,530.24,531.07,519.56,2155115.0
2024-08-09,528.02,536.3,537.28,528.02,1272635.0
2024-08-12,536.04,530.93,538.08,525.77,1450410.0
2024-08-13,530.93,535.22,537.72,527.9,3063918.0
2024-08-14,536.62,539.79,542.9205,533.2,1915589.0
2024-08-15,545.19,554.16,557.22,545.01,2182382.0
2024-08-16,552.35,553.46,554.76,547.8,1541726.0
2024-08-19,550.59,563.12,563.77,550.59,1423293.0
2024-08-20,564.48,562.25,568.18,559.61,1219609.0
2024-08-21,562.13,565.79,566.6,557.91,1401708.0
2024-08-22,567.07,557.44,572.0,555.65,1627658.0
2024-08-23,565.45,558.3,566.52,552.5,2023465.0
2024-08-26,555.03,559.44,560.26,555.03,1387479.0
2024-08-27,554.4,567.82,569.52,554.3439,1404415.0
2024-08-28,568.22,560.54,569.59,557.67,1289699.0
2024-08-29,567.05,569.63,578.4,567.05,1955588.0
2024-08-30,572.2,574.41,575.65,568.2865,1982970.0
2024-09-03,576.3,571.04,586.695,566.79,2757929.0
2024-09-04,568.87,575.25,578.86,565.76,1615787.0
2024-09-05,570.75,567.93,573.39,562.53,1573571.0
2024-09-06,570.9,563.41,573.31,558.0,2096790.0
2024-09-09,567.69,569.88,574.57,564.44,1997121.0
2024-09-10,576.75,574.48,577.8,567.14,2030076.0
2024-09-11,573.01,580.38,581.24,559.35,2680977.0
2024-09-12,581.445,586.55,587.75,572.98,5605338.0
2024-09-13,532.565,536.87,540.27,526.6,10423510.0
2024-09-16,537.4,521.5,537.69,521.26,5248205.0
2024-09-17,524.29,515.03,527.0999,514.58,5164089.0
2024-09-18,517.01,508.13,517.58,506.4901,3997267.0
2024-09-19,518.81,526.44,527.48,518.02,3582532.0
2024-09-20,526.44,522.3,528.625,515.72,6100685.0
2024-09-23,525.71,527.87,532.0,524.955,2106995.0
2024-09-24,527.72,524.07,530.2999,521.71,2842054.0
2024-09-25,526.02,517.9,526.18,516.24,3211612.0
2024-09-26,520.51,515.38,521.355,512.11,3282437.0
2024-09-27,516.52,515.48,516.6799,512.3,2718323.0
2024-09-30,513.83,517.78,518.47,511.74,2588151.0
2024-10-01,517.45,502.8,519.0,502.5,3730026.0
2024-10-02,503.87,505.81,510.19,502.8201,1981848.0
2024-10-03,501.02,503.8,509.81,498.59,1921604.0
2024-10-04,507.29,507.22,508.56,503.5901,1949994.0
2024-10-07,503.96,487.3,504.87,486.4,4870534.0
2024-10-08,492.45,496.24,500.0,486.4,3551609.0
2024-10-09,495.88,494.08,495.88,492.32,2869417.0
2024-10-10,490.54,503.57,506.45,489.35,2775102.0
2024-10-11,504.78,495.42,507.9799,494.9,2992409.0
2024-10-14,501.8,509.65,514.26,500.41,3411497.0
2024-10-15,513.82,508.03,517.772,506.8,3605675.0
2024-10-16,506.39,502.54,506.84,500.25,1859116.0
2024-10-17,506.51,496.83,507.5,495.23,2769241.0
2024-10-18,491.29,494.9,499.0,491.0501,2011121.0
2024-10-21,494.6,497.71,500.6499,492.96,1679657.0
2024-10-22,496.43,493.11,497.34,488.36,2388721.0
2024-10-23,492.0,485.03,493.83,483.391,2021316.0
2024-10-24,486.63,482.87,488.47,480.06,2100308.0
2024-10-25,483.42,483.72,488.34,482.52,2426769.0
2024-10-28,487.65,481.04,488.49,480.48,2302255.0
2024-10-29,481.92,485.39,487.56,479.33,2089505.0
2024-10-30,482.24,486.68,492.2,482.24,2728573.0
2024-10-31,486.0,478.08,486.05,477.38,2978688.0
2024-11-01,475.41,482.8,485.16,475.05,2852008.0
2024-11-04,479.03,481.35,483.76,477.37,1955249.0
2024-11-05,483.09,486.42,486.659,480.47,1588149.0
2024-11-06,492.93,504.83,506.21,492.93,2969855.0
2024-11-07,510.655,500.92,510.655,495.3,2640295.0
2024-11-08,503.83,494.68,505.0,493.69,2856859.0
2024-11-11,493.6,504.48,507.72,493.6,3536599.0
2024-11-12,504.39,526.42,528.91,504.27,4125288.0
2024-11-13,523.79,532.5,539.92,520.59,3470174.0
2024-11-14,530.55,529.87,534.6399,523.46,3098800.0
2024-11-15,520.3,503.37,524.4999,498.81,4612417.0
2024-11-18,505.0,499.51,505.51,497.69,2259651.0
2024-11-19,496.0,499.61,502.41,495.46,1961731.0
2024-11-20,505.41,499.5,506.36,494.61,1874910.0
2024-11-21,502.1,504.44,508.57,493.1,2002094.0
2024-11-22,502.5,512.15,513.37,502.5,2287614.0
2024-11-25,519.09,518.73,523.2099,513.1935,3319992.0
2024-11-26,519.95,525.3,525.76,516.3601,2415735.0
2024-11-27,523.21,513.68,525.88,508.7161,2324217.0
2024-11-29,517.65,515.93,517.65,513.58,1450247.0
2024-12-02,512.85,516.2,518.77,511.53,2007213.0
2024-12-03,511.04,516.26,516.78,504.505,2119254.0
2024-12-04,523.02,536.49,541.77,521.005,3307041.0
2024-12-05,534.42,538.22,540.11,529.79,2629119.0
2024-12-06,544.15,552.96,554.37,542.9,2964064.0
2024-12-09,556.1,547.93,557.8999,546.1101,3588653.0
2024-12-10,547.35,547.05,552.83,544.22,2762875.0
2024-12-11,547.05,549.93,552.3,541.74,6690565.0
2024-12-12,487.5,474.63,494.0,470.9001,17344864.0
2024-12-13,473.98,465.69,474.91,456.8,11395512.0
2024-12-16,467.19,461.53,473.62,461.2,5807021.0
2024-12-17,460.59,455.23,465.856,452.48,7514489.0
2024-12-18,453.24,441.31,455.25,441.1,6511105.0
2024-12-19,443.41,437.39,449.0,437.11,6479517.0
2024-12-20,433.015,447.17,451.42,432.47,8220033.0
2024-12-23,447.0,446.74,451.4299,443.4201,3781194.0
2024-12-24,446.5,447.94,448.8653,442.5701,1685003.0
2024-12-26,445.85,450.16,452.34,444.68,2134310.0
2024-12-27,446.88,446.48,449.91,441.105,2947179.0
2024-12-30,442.94,445.8,447.6,438.57,3473172.0
2024-12-31,446.35,444.68,448.4999,442.81,2285132.0
2025-01-02,447.76,441.0,450.12,440.56,2507887.0
2025-01-03,429.445,430.57,433.2982,425.32,5619372.0
2025-01-06,431.88,431.18,436.4082,427.79,3994400.0
2025-01-07,431.37,422.63,435.18,420.51,4181405.0
2025-01-08,417.34,419.58,422.66,415.51,3508786.0
2025-01-10,410.0,405.92,413.1,405.32,5564262.0
2025-01-13,404.27,408.5,409.96,403.75,4558780.0
2025-01-14,407.25,412.71,412.75,405.0701,3577116.0
2025-01-15,421.7,417.28,423.97,415.66,4345781.0
2025-01-16,418.21,426.93,428.89,418.0,4185552.0
2025-01-17,434.345,429.99,435.99,425.7,4012745.0
2025-01-21,433.26,436.36,439.98,431.5,3833294.0
2025-01-22,438.0,437.32,439.73,433.43,3391642.0
2025-01-23,435.88,437.28,437.73,432.49,2716742.0
2025-01-24,437.28,435.38,441.8799,434.73,2631804.0
2025-01-27,430.23,438.6,445.4499,430.12,5086254.0
2025-01-28,436.27,442.84,445.805,431.64,5376392.0
2025-01-29,439.92,441.68,444.36,438.825,2997604.0
2025-01-30,439.67,446.0,448.42,439.23,3290128.0
2025-01-31,446.975,437.45,447.0095,435.83,4689083.0
2025-02-03,437.8,438.6,442.74,430.88,3348717.0
2025-02-04,435.43,440.23,443.58,434.26,2647701.0
2025-02-05,440.75,437.63,444.95,436.27,2938540.0
2025-02-06,437.63,435.4,439.96,434.35,2568120.0
2025-02-07,436.24,433.07,441.0,432.41,2693470.0
2025-02-10,439.25,451.1,453.37,439.0,3946729.0
2025-02-11,449.0,458.82,461.549,448.29,3256999.0
2025-02-12,458.0,462.76,463.0,451.3,3308534.0
2025-02-13,465.21,459.22,465.6999,457.03,2794395.0
2025-02-14,463.35,460.16,464.99,458.0,2622973.0
2025-02-18,462.65,464.11,464.33,453.07,2973775.0
2025-02-19,463.61,456.99,463.61,455.32,2965546.0
2025-02-20,457.44,454.69,461.0,451.57,2337598.0
2025-02-21,453.275,444.32,453.75,440.69,3375996.0
2025-02-24,445.11,444.42,446.28,440.91,2807937.0
2025-02-25,443.47,443.41,447.49,439.1738,2612652.0
2025-02-26,443.8,441.5,447.65,438.4,1947626.0
2025-02-27,441.79,437.19,444.57,436.82,2340232.0
2025-02-28,438.16,438.56,440.37,432.103,3936914.0
2025-03-03,440.65,440.72,448.09,438.21,2607694.0
2025-03-04,439.25,446.03,448.8159,434.7,2942168.0
2025-03-05,443.65,451.24,453.26,443.11,2406219.0
2025-03-06,444.73,444.78,452.19,441.1861,2732076.0
2025-03-07,442.0,449.4,452.51,440.99,3039466.0
2025-03-10,443.105,435.08,444.54,433.23,4001634.0
2025-03-11,432.88,433.66,441.33,431.0,3145227.0
2025-03-12,436.69,438.6,443.9,435.5,5515858.0
2025-03-13,405.27,377.84,405.77,374.5,14386637.0
2025-03-14,379.745,394.74,396.36,377.8,6134775.0
2025-03-17,394.115,399.34,399.94,387.13,4258533.0
2025-03-18,395.36,391.37,395.95,384.57,4297269.0
2025-03-19,394.1,387.89,395.26,387.0,4349931.0
2025-03-20,386.895,389.61,397.82,385.8025,4009500.0
2025-03-21,384.13,387.26,389.85,382.45,7607266.0
2025-03-24,392.47,394.47,396.86,391.3801,5223006.0
2025-03-25,393.57,403.64,404.32,392.99,3648552.0
2025-03-26,403.0,397.81,404.5,397.01,3426315.0
2025-03-27,397.44,396.15,401.4763,392.51,2729696.0
2025-03-28,393.89,385.71,396.92,384.755,3830307.0
2025-03-31,380.0,383.53,384.8,374.67,3960737.0
2025-04-01,381.13,383.2,384.0,375.53,3847766.0
2025-04-02,378.28,385.78,388.0,376.54,2859064.0
2025-04-03,371.875,367.25,376.01,366.29,5324421.0
2025-04-04,359.0,349.07,361.73,348.8,5867564.0
2025-04-07,335.54,340.7,358.36,332.01,7690909.0
2025-04-08,350.1,340.0,350.74,333.83,6650815.0
2025-04-09,338.74,364.64,365.72,333.43,7186274.0
2025-04-10,360.97,350.05,362.5,341.52,5694976.0
2025-04-11,351.44,352.47,353.1,342.35,3941817.0
2025-04-14,359.51,350.91,362.05,348.5,3285950.0
2025-04-15,351.05,350.38,356.49,349.185,3030407.0
2025-04-16,345.0,344.19,350.38,341.3101,3687874.0
2025-04-17,349.75,348.8,351.875,345.09,5229675.0
2025-04-21,344.565,343.22,346.68,338.64,3691241.0
2025-04-22,349.14,349.91,352.08,344.3687,3250424.0
2025-04-23,358.12,351.96,363.0,349.8,3167958.0
2025-04-24,353.59,360.91,361.12,353.245,3085149.0
2025-04-25,361.695,367.72,369.31,359.99,3499345.0
2025-04-28,368.05,368.62,370.99,364.58,3163425.0
2025-04-29,367.21,370.98,373.88,366.88,2198291.0
2025-04-30,366.87,374.98,376.0,363.56,3305481.0
2025-05-01,378.3,374.63,380.44,374.07,2848778.0
2025-05-02,380.09,380.87,383.5615,379.19,2340739.0
2025-05-05,379.29,381.06,384.54,378.4,2095559.0
2025-05-06,376.565,382.98,386.52,375.05,2970086.0
2025-05-07,384.7,384.97,387.83,380.945,2153771.0
2025-05-08,388.3,383.99,388.731,383.4,3383867.0
2025-05-09,386.18,383.28,388.77,382.33,2031324.0
2025-05-12,394.33,395.94,397.82,392.755,3157670.0
2025-05-13,395.9,397.4,399.67,394.71,2664142.0
2025-05-14,396.85,399.47,400.12,396.42,2409217.0
2025-05-15,399.35,404.69,404.85,399.35,2763813.0
2025-05-16,414.62,417.125,421.765,412.06,5391532.0
2025-05-19,413.53,420.68,421.27,413.1993,3007984.0
2025-05-20,417.87,417.61,419.13,414.29,2453377.0
2025-05-21,414.855,414.03,422.95,412.59,2495783.0
2025-05-22,412.51,414.33,417.8984,412.51,1889487.0
2025-05-23,409.11,407.69,411.45,407.15,2087674.0
2025-05-27,412.76,413.1,414.95,411.6,2680356.0
2025-05-28,413.81,412.23,416.37,411.42,2246508.0
2025-05-29,414.0,413.36,415.4203,410.47,1781393.0
2025-05-30,414.14,415.09,417.86,411.53,4231334.0
2025-06-02,408.88,403.4,410.0,396.73,4153688.0
2025-06-03,403.455,412.49,412.64,402.476,2737513.0
2025-06-04,411.54,413.91,415.94,410.08,1843425.0
2025-06-05,415.0,415.2,421.48,413.98,2276924.0
2025-06-06,417.54,416.92,419.645,415.28,2146908.0
2025-06-09,417.295,416.26,419.0,415.15,3034210.0
2025-06-10,416.605,416.06,419.82,414.42,2627431.0
2025-06-11,415.2,412.84,416.0432,410.42,3385416.0
2025-06-12,411.43,413.68,416.39,410.77,6313316.0
2025-06-13,392.5,391.68,399.85,383.75,10629682.0
2025-06-16,392.985,401.73,405.0,391.11,6798251.0
2025-06-17,397.275,382.68,399.67,381.8,6866253.0
2025-06-18,383.985,378.04,385.2729,377.54,4808869.0
2025-06-20,380.48,376.92,382.29,373.76,8126939.0
2025-06-23,377.59,380.12,380.21,374.24,3841754.0
2025-06-24,384.96,382.34,385.0,378.51,4797074.0
2025-06-25,383.6,387.55,388.05,382.0,3718763.0
2025-06-26,387.2,384.95,389.985,382.87,3139666.0
2025-06-27,385.44,385.83,390.31,384.405,5083803.0
2025-06-30,387.3,386.88,390.98,384.63,4645498.0
2025-07-01,385.1,392.1,392.58,381.5172,4516381.0
2025-07-02,384.64,378.47,386.88,372.73,6912202.0
2025-07-03,378.0,379.31,383.2,377.8,2863680.0
2025-07-07,378.9,376.93,382.22,375.52,3545108.0
2025-07-08,378.5,382.24,386.6011,377.18,3708199.0
2025-07-09,383.5,373.38,384.7451,370.91,4726562.0
2025-07-10,371.99,371.43,373.5,365.51,4023925.0
2025-07-11,368.0,363.35,371.15,362.7,3548721.0
2025-07-14,363.185,366.99,367.68,360.18,2898705.0
2025-07-15,367.0,364.18,368.32,363.88,2550992.0
2025-07-16,364.585,361.77,365.5524,358.71,3592883.0
2025-07-17,360.6,366.45,366.96,359.28,3340455.0
2025-07-18,367.065,365.79,367.79,364.0,2459234.0
2025-07-21,366.49,367.68,368.28,363.13,2770433.0
2025-07-22,368.0,372.87,374.5,368.0,2448998.0
2025-07-23,373.49,372.46,373.99,369.26,1994599.0
2025-07-24,371.9,371.69,375.9974,370.61,2692132.0
2025-07-25,372.31,370.74,372.405,369.51,2053161.0
2025-07-28,371.03,369.47,372.59,368.72,2984225.0
2025-07-29,370.45,370.7,376.16,369.7101,4234200.0
2025-07-30,370.68,364.0,370.72,363.48,3295204.0
2025-07-31,362.26,357.69,362.5,354.27,4513089.0
2025-08-01,355.95,347.8,356.29,347.46,4307890.0
2025-08-04,351.16,338.85,351.21,338.04,6449344.0
2025-08-05,339.305,338.74,342.735,337.35,3908970.0
2025-08-06,341.65,345.62,345.66,339.19,3347165.0
2025-08-07,344.04,338.27,347.38,332.65,4661824.0
2025-08-08,338.675,341.05,341.5684,336.37,3507764.0
2025-08-11,334.53,333.65,343.4035,332.465,4366242.0
2025-08-12,333.52,338.43,338.76,330.04,3572414.0
2025-08-13,339.54,351.07,351.76,337.55,4375105.0
2025-08-14,349.5,348.58,351.5599,346.1,3745646.0
2025-08-15,348.33,354.85,357.29,348.0,3718652.0
2025-08-18,355.68,357.24,358.39,353.0,2922973.0
2025-08-19,359.215,361.03,364.24,358.12,2808040.0
2025-08-20,361.68,353.43,363.0,353.2,3727897.0
2025-08-21,349.91,353.43,353.82,347.0,2363230.0
2025-08-22,355.8,362.09,362.65,354.0,3058636.0
2025-08-25,362.56,363.21,364.65,361.4,2259516.0
2025-08-26,363.03,354.91,363.23,353.695,4067395.0
2025-08-27,355.98,356.35,360.37,355.16,2353776.0
2025-08-28,357.63,353.96,358.26,349.11,3803095.0
2025-08-29,353.995,356.7,357.25,352.455,2639259.0
2025-09-02,350.24,345.63,352.7131,341.28,4229423.0
2025-09-03,345.72,348.5,348.51,343.36,3035328.0
2025-09-04,342.24,344.31,344.405,331.5,4918293.0
2025-09-05,345.805,348.97,354.67,345.1013,4662587.0
2025-09-08,348.855,358.66,358.82,343.59,5043305.0
2025-09-09,362.75,354.06,362.75,353.03,4324857.0
2025-09-10,356.29,350.16,359.19,348.12,4552514.0
2025-09-11,354.685,350.55,355.25,347.16,11804184.0
2025-09-12,361.1,349.36,366.5,341.61,14146624.0
2025-09-15,350.5,347.1,358.0,345.05,6768570.0
2025-09-16,350.155,352.73,356.94,348.3173,6696990.0
2025-09-17,353.18,362.07,365.0,353.18,6449922.0
2025-09-18,366.86,367.46,370.86,365.85,4752377.0
2025-09-19,368.94,365.9,370.31,362.54,7693030.0
2025-09-22,364.16,364.08,365.38,359.36,4709584.0
2025-09-23,364.175,361.78,368.73,361.295,3831134.0
2025-09-24,355.595,353.27,355.595,347.8,6140007.0
2025-09-25,351.91,354.16,357.0,351.5,3336731.0
2025-09-26,353.71,360.37,360.715,352.775,3072990.0
2025-09-29,362.04,359.42,363.17,358.8,4075860.0
2025-09-30,360.54,352.75,362.0,349.9024,5360695.0
2025-10-01,347.16,343.72,349.8299,340.05,6505709.0
2025-10-02,343.76,351.48,351.73,342.42,3955434.0
2025-10-03,352.0,346.74,352.5926,346.305,3122111.0
2025-10-06,346.93,350.14,357.34,342.04,5340202.0
2025-10-07,352.59,348.31,353.33,344.24,3275506.0
2025-10-08,350.0,348.77,354.05,347.52,3285027.0
2025-10-09,349.77,347.47,350.6,344.3,2895504.0
2025-10-10,347.91,337.51,348.72,336.94,4282397.0
2025-10-13,339.25,339.32,340.2765,335.61,3020060.0
2025-10-14,335.22,335.94,338.82,332.72,3036889.0
2025-10-15,335.42,330.63,335.6,329.205,3929948.0
2025-10-16,333.86,329.23,336.65,327.5,4570870.0
2025-10-17,327.745,333.26,335.1,327.7,4035035.0
2025-10-20,334.64,343.4,344.2,334.25,3903166.0
2025-10-21,343.59,357.55,358.37,343.32,4389672.0
2025-10-22,355.48,354.09,360.19,352.8701,3436003.0
2025-10-23,352.51,354.12,354.35,348.71,2408077.0
2025-10-24,357.21,353.52,358.1,353.29,2016850.0
2025-10-27,355.57,357.8,358.56,352.4135,2828152.0
2025-10-28,360.0,359.91,363.7,357.8,3005594.0
2025-10-29,355.515,337.86,355.515,337.05,6746464.0
2025-10-30,338.2,339.24,344.6951,333.1,4373224.0
2025-10-31,338.7,340.31,341.26,336.8,3763381.0
2025-11-03,340.31,337.47,342.46,332.88,3916593.0
2025-11-04,335.02,335.35,340.55,332.81,3694266.0
2025-11-05,332.61,335.53,336.84,331.24,2646694.0
2025-11-06,333.0,327.35,333.2,324.55,3888696.0
2025-11-07,325.83,326.95,331.01,323.0329,4112574.0
2025-11-10,328.0,328.85,329.9576,325.0,3086999.0
2025-11-11,329.5,333.22,334.0,329.13,2827150.0
2025-11-12,333.61,337.05,338.4,333.1752,2990154.0
2025-11-13,335.01,333.6,340.0,332.795,3084558.0
2025-11-14,332.91,331.11,333.75,328.59,2761396.0
2025-11-17,331.105,325.07,332.38,324.43,3299999.0
2025-11-18,323.78,324.47,326.64,320.8,3286395.0
2025-11-19,323.175,318.11,323.36,315.175,3738436.0
2025-11-20,318.87,312.4,323.1847,312.09,3884778.0
2025-11-21,313.565,324.19,327.75,311.585,4825412.0
2025-11-24,325.0,318.73,325.77,318.34,5414378.0
2025-11-25,317.77,319.55,321.52,315.57,3765001.0
2025-11-26,319.2,317.52,321.67,316.1,3024994.0
2025-11-28,317.8,320.13,322.31,317.52,1802225.0
2025-12-01,316.39,322.85,326.14,316.11,3651321.0
2025-12-02,321.62,322.81,325.96,318.08,3959502.0
2025-12-03,321.98,326.78,326.99,320.63,3082184.0
2025-12-04,328.57,328.73,330.89,324.12,3592313.0
2025-12-05,330.6,346.26,348.59,329.71,7650368.0
2025-12-08,347.445,339.12,348.4799,338.06,4293603.0
2025-12-09,341.4,344.32,347.775,338.48,4267653.0
2025-12-10,342.125,343.13,347.92,340.565,6789914.0
2025-12-11,341.645,350.43,357.0,333.79,10158661.0
2025-12-12,351.54,356.43,362.71,349.0901,5483921.0
2025-12-15,352.6,351.15,355.0,343.88,5480102.0
2025-12-16,350.0,347.89,355.86,345.4301,4118161.0
2025-12-17,347.89,354.66,357.8,347.8025,4371591.0
2025-12-18,355.87,355.81,358.34,351.3636,3352747.0
2025-12-19,355.525,355.86,357.55,351.59,8706340.0
2025-12-22,355.59,357.53,359.5706,354.7,2960799.0
2025-12-23,357.47,352.42,359.6699,350.58,3052537.0
2025-12-24,352.21,352.98,354.75,351.11,1166487.0
2025-12-26,352.5,353.8,356.23,352.2819,1455122.0
2025-12-29,353.37,353.16,356.68,351.16,2794007.0
2025-12-30,352.03,352.51,355.2699,350.009,2252633.0
2025-12-31,351.01,349.99,352.88,349.69,2116207.0
2026-01-02,350.675,333.3,351.12,331.64,5643504.0
2026-01-05,330.11,331.56,334.47,327.44,5012050.0
2026-01-06,330.0,335.99,336.4,329.5,3187432.0
2026-01-07,336.24,338.1,342.78,334.6226,3183059.0
2026-01-08,337.38,339.04,343.95,334.675,3107661.0
2026-01-09,335.875,333.95,335.875,328.0,3250098.0
2026-01-12,327.77,327.65,330.67,323.5,3541399.0
2026-01-13,322.49,309.93,323.0,307.91,7217338.0
2026-01-14,308.57,304.44,309.73,302.47,5712622.0
2026-01-15,304.97,304.09,305.82,301.4,4774251.0
2026-01-16,304.56,296.12,304.88,295.42,8534411.0
2026-01-20,294.32,290.37,295.0,288.33,6962010.0
2026-01-21,290.765,294.23,294.51,288.33,5645285.0
2026-01-22,296.0,299.73,301.82,295.2,4974504.0
2026-01-23,301.46,301.07,303.84,299.2,4368651.0
2026-01-26,301.4,304.72,306.3,301.4,4115294.0
2026-01-27,303.81,297.42,304.215,292.93,4166284.0
2026-01-28,299.66,299.58,303.85,297.685,3942771.0
2026-01-29,291.68,291.65,293.635,284.6,7410759.0
2026-01-30,291.6,293.25,295.34,290.51,5713026.0
2026-02-02,297.01,293.38,299.38,290.93,4357004.0
2026-02-03,282.74,271.93,284.34,271.02,8324923.0
2026-02-04,267.23,279.71,282.8999,264.04,8554186.0
2026-02-05,277.49,269.39,281.95,268.43,6293553.0
2026-02-06,271.675,268.38,275.0,265.31,5448423.0
2026-02-09,267.05,266.9,269.2,262.949,6576297.0
2026-02-10,266.69,264.67,270.79,263.98,5718574.0
2026-02-11,263.075,257.16,264.2,255.71,8759941.0
2026-02-12,258.36,262.5,262.67,251.1001,8656974.0
2026-02-13,262.17,263.97,265.29,257.5,6589694.0
2026-02-17,265.235,260.45,269.128,255.839,5208323.0
2026-02-18,260.45,263.17,263.5,257.14,5033238.0
2026-02-19,263.38,259.21,265.55,257.41,3616213.0
2026-02-20,255.0,258.61,262.08,254.36,6590752.0
2026-02-23,254.14,246.68,254.5,244.8,7602386.0
2026-02-24,245.57,255.17,258.25,244.28,5529146.0
2026-02-25,253.33,257.81,257.99,250.7,5108563.0
2026-02-26,261.59,259.04,263.67,256.595,6208147.0
2026-02-27,254.02,262.41,262.75,253.06,5098206.0
2026-03-02,257.6,260.88,264.22,257.06,3486901.0
2026-03-03,260.05,270.99,272.825,260.05,6206582.0
2026-03-04,271.51,273.12,276.67,270.34,4329153.0
2026-03-05,275.4,281.74,285.36,275.4,5822261.0
2026-03-06,280.28,283.62,283.85,276.05,4802278.0
2026-03-09,281.32,282.44,285.2,277.9,4728359.0
2026-03-10,281.82,275.13,282.395,268.37,4591633.0
2026-03-11,277.93,273.705,280.375,269.25,4862412.0
2026-03-12,273.35,269.78,276.28,269.2,10894990.0
2026-03-13,249.0,249.32,256.7,247.16,17406382.0
2026-03-16,248.25,251.86,256.37,244.55,11679171.0
2026-03-17,252.99,254.2,258.91,252.14,6456240.0
2026-03-18,252.46,246.0,254.49,245.18,7305642.0
2026-03-19,246.96,245.99,250.4,244.27,4459828.0
2026-03-20,242.8,248.15,249.0899,241.0,10467284.0
2026-03-23,248.945,247.64,251.0175,246.22,4080460.0
2026-03-24,245.91,238.87,246.2,237.38,6268313.0
2026-03-25,241.2,237.25,243.58,233.79,5441648.0
2026-03-26,234.92,240.88,243.95,234.28,4715277.0
2026-03-27,239.7875,234.84,239.7875,233.155,4429433.0
2026-03-30,236.78,241.13,243.282,236.725,4410159.0
2026-03-31,241.67,243.08,244.03,239.51,4575911.0
2026-04-01,241.96,241.37,243.48,235.0,3746693.0
2026-04-02,242.46,242.92,245.01,237.72,3588792.0
2026-04-06,242.84,244.355,246.7,240.23,2757702.0
2026-04-07,244.17,240.14,244.77,238.72,3331009.0
2026-04-08,244.3,239.31,247.4391,237.99,4040080.0
2026-04-09,235.6,229.94,236.3,227.7,6802449.0
2026-04-10,229.9,225.35,231.0367,224.13,5889240.0
2026-04-13,227.14,240.11,240.19,226.5,6115751.0
2026-04-14,241.99,235.72,244.01,233.0,6307478.0
2026-04-15,241.17,244.66,245.9291,239.2,4749594.0
2026-04-16,253.05,248.155,254.51,245.78,5229487.0
2026-04-17,254.08,244.45,254.08,243.5,6194232.0
2026-04-20,249.49,248.63,251.63,245.34,5249971.0
2026-04-21,247.0,247.18,254.745,245.1,5779652.0
2026-04-22,254.8,255.94,258.75,251.9,7111008.0
2026-04-23,244.88,238.98,246.54,233.515,9616953.0
2026-04-24,239.77,245.44,245.66,238.42,6492913.0
2026-04-27,240.77,239.31,245.882,239.11,5067713.0
2026-04-28,242.13,243.2,245.26,241.16,4641728.0
2026-04-29,240.97,243.57,243.615,238.67,2664518.0
2026-04-30,240.1,246.1,246.68,236.28,5129117.0
2026-05-01,252.0,250.71,253.56,244.1,5068506.0
2026-05-04,249.99,253.96,255.88,247.34,5536893.0
2026-05-05,254.0,255.62,256.6192,248.49,3952461.0
2026-05-06,252.02,250.17,254.4,248.28,4452125.0
2026-05-07,254.77,256.51,259.44,252.88,4479879.0
2026-05-08,252.9,253.04,253.37,246.1,3667468.0
2026-05-11,250.53,246.15,255.41,244.691,3225788.0
2026-05-12,247.002,240.83,247.58,240.4,3234045.0
2026-05-13,238.54,236.07,239.08,232.84,3870192.0
2026-05-14,236.24,237.01,238.24,231.74,4991667.0
2026-05-15,241.76,247.6,248.57,240.26,6421209.0
2026-05-18,247.31,255.64,256.19,245.24,5591752.0
2026-05-19,263.33,254.99,265.09,251.81,5854359.0
2026-05-20,250.275,253.37,253.69,246.2124,4789627.0
2026-05-21,246.45,244.1,247.95,242.11,4130996.0
2026-05-22,245.89,244.76,249.77,242.71,3783400.0
2026-05-26,242.57,240.49,243.57,238.57,3217536.0
2026-05-27,237.76,238.24,244.24,237.28,3408880.0
2026-05-28,239.57,241.44,244.76,236.66,3396017.0
2026-05-29,245.23,259.21,260.63,244.662,10808921.0
2026-06-01,270.0,274.03,275.44,262.3,8535314.0
2026-06-02,267.98,262.11,272.03,260.05,5821801.0
2026-06-03,259.39,256.24,260.0,252.34,4871308.0
2026-06-04,263.02,258.42,265.94,258.33,5161943.0
2026-06-05,259.28,251.44,262.53,249.05,4909175.0
2026-06-08,249.06,244.99,250.74,244.25,4728032.0
2026-06-09,242.975,237.88,245.25,233.33,6747403.0
2026-06-10,233.015,233.38,238.51,231.74,5176916.0
2026-06-11,229.92,218.8,232.5,218.09,17786876.0
2026-06-12,202.4,204.02,205.65,196.9,25063668.0
2026-06-15,206.88,206.36,211.99,205.7175,9676899.0
2026-06-16,205.38,207.32,210.798,203.84,7214557.0
2026-06-17,204.02,196.28,206.4999,195.02,10731469.0
2026-06-18,193.6,195.16,196.78,190.12,15852478.0
2026-06-22,193.393,194.9,199.25,191.2,8282579.0
2026-06-23,197.96,197.43,200.55,195.35,6910453.0
2026-06-24,195.885,196.57,202.41,195.1,6947366.0
2026-06-25,193.0,193.41,199.299,191.8,6962337.0
2026-06-26,195.48,202.73,203.48,195.29,9172074.0
2026-06-29,206.665,206.43,209.54,204.34,7527269.0
2026-06-30,204.095,205.02,205.6,201.31,6269459.0
2026-07-01,209.425,210.98,213.66,207.06,5863760.0
2026-07-02,215.55,219.72,222.15,213.735,7907502.0
2026-07-06,216.1,218.07,219.76,212.9,4800154.0
2026-07-07,221.16,221.54,230.74,220.29,8615002.0
2026-07-08,221.39,220.94,222.5,216.927,4508412.0
2026-07-09,214.115,222.65,222.71,213.09,4552937.0
2026-07-10,226.5,223.64,228.4,222.82,3206786.0
2026-07-13,226.75,230.61,232.08,225.0,4623962.0
2026-07-14,221.16,220.78,224.2,218.0,5823430.0
2026-07-15,223.16,224.56,231.525,222.91,4771436.0
2026-07-16,228.705,235.31,235.48,222.042,5787325.0
2026-07-17,235.26,237.25,240.15,232.36,7269910.0
2026-07-20,235.67,234.74,236.66,227.5,5123677.0
2026-07-21,222.85,227.16,231.5,222.3,5060612.0
2026-07-22,229.66,218.36,229.66,218.0,4361285.0
2026-07-23,222.18,212.17,222.75,210.875,4363216.0
2026-07-24,216.495,225.11,226.93,216.15,4719923.0
2026-07-27,230.39,237.75,242.05,229.79,5543598.0
2026-07-28,242.85,249.18,254.06,241.6946,8098747.0
2026-07-29,249.99,263.43,266.28,248.54,9881783.0
2026-07-30,251.5,247.9,255.3,242.42,6876993.0
2026-07-31,244.73,250.41,250.71,241.23,5589512.0
2026-08-03,258.245,251.34,262.15,251.17,4293791.0
2026-08-04,248.67,257.49,258.54,245.46,4202988.0
2026-08-05,260.07,259.32,261.005,255.555,4285520.0
2026-08-06,252.225,260.24,260.64,250.84,4700554.0
2026-08-07,262.82,265.21,270.16,261.29,4752642.0
2026-08-10,263.055,272.96,273.13,262.14,4052624.0
2026-08-11,270.48,263.71,272.225,262.68,4675172.0
2026-08-12,258.45,258.75,263.26,255.1,4191713.0
2026-08-13,261.605,270.49,271.88,255.85,5201571.0
2026-08-14,273.22,264.02,273.4,261.67,2876275.0
2026-08-17,259.9,254.04,261.65,251.2001,3871095.0
2026-08-18,259.83,263.14,267.39,258.19,4774075.0
2026-08-19,262.19,272.47,275.7999,261.67,5541782.0
2026-08-20,272.725,272.22,274.25,269.66,2631358.0
2026-08-21,272.37,275.3,277.0995,269.915,4346427.0
2026-08-24,275.0,276.27,279.0,273.245,3598911.0
2026-08-25,270.755,273.92,275.91,269.28,3140195.0
2026-08-26,265.19,273.47,274.6,265.035,3635877.0
2026-08-27,279.16,289.15,291.175,278.37,6525257.0
2026-08-28,288.215,291.52,294.0865,286.52,3650841.0
2026-08-31,287.65,292.79,294.13,286.26,5214252.0
2026-09-01,288.26,286.08,294.53,285.48,4454523.0
2026-09-02,283.5,279.79,287.49,279.425,3857183.0
2026-09-03,285.48,285.75,292.88,283.8432,3548252.0
2026-09-04,274.47,266.51,275.91,263.93,6644829.0
2026-09-08,262.805,257.26,262.805,254.25,5491058.0
2026-09-09,258.125,254.86,259.43,254.4,4165480.0
2026-09-10,251.81,248.83,255.0,247.19,10397169.0
2026-09-11,242.17,252.23,255.3,241.51,10780432.0
2026-09-14,261.51,265.6,266.1,256.66,5723344.0
2026-09-15,261.7,257.76,264.4646,257.25,4893782.0
2026-09-16,253.34,250.5,254.98,249.27,4476061.0
