time_key,open,close,high,low,volume
2018-01-02,101.130400189,102.634380674,102.91944887,100.530773982,4669201.0
2018-01-03,103.116047626,103.499415201,104.334959915,102.840809368,3888668.0
2018-01-04,104.197340786,104.865776557,105.829110462,103.966337247,4540214.0
2018-01-05,105.92740984,106.261627726,106.453311513,105.376933323,3368399.0
2018-01-08,106.163328348,107.008702999,107.283941258,105.740641022,2933620.0
2018-01-09,107.146322129,107.293771196,107.480540014,106.409076793,3302271.0
2018-01-10,106.82684915,106.949723372,107.627989081,106.384501948,3113335.0
2018-01-11,107.146322129,107.244621507,107.539519641,106.821934181,3668120.0
2018-01-12,107.372410698,108.365234417,108.827241494,107.057852688,5749471.0
2018-01-16,108.964860623,107.038192813,109.544826954,106.389416917,5790819.0
2018-01-17,107.883567464,108.168635661,108.502853546,107.372410698,4254674.0
2018-01-18,108.355404479,109.869214902,110.262412414,108.340659572,3842823.0
2018-01-19,110.301732166,110.026493907,110.488500984,109.711935897,3120889.0
2018-01-22,109.731595773,110.970167937,111.038977501,109.122139628,2214707.0
2018-01-23,111.255236133,111.31421576,111.825372526,110.764722236,2816839.0
2018-01-24,111.697583335,110.930848185,111.904012029,110.586800362,4975487.0
2018-01-25,111.353535511,110.05598372,111.54030433,109.997004093,4715109.0
2018-01-26,110.803058994,111.766392899,111.982651531,110.124793285,3927448.0
2018-01-29,111.766392899,111.373195387,112.464318484,110.930848185,3181484.0
2018-01-30,110.50816086,110.321392041,111.520644454,109.938024467,3737729.0
2018-01-31,111.137276879,111.972821593,112.5724478,110.724419491,4181752.0
2018-02-01,111.373195387,110.822718869,112.326699354,110.616290175,4302769.0
2018-02-02,110.124793285,108.896051059,110.439351295,108.827241494,4403837.0
2018-02-05,107.293771196,105.819280524,109.711935897,105.671831457,6123968.0
2018-02-06,103.224176942,107.706628584,107.755778273,101.926625151,6857941.0
2018-02-07,107.215131693,108.178465599,110.380371668,106.95955331,4515370.0
2018-02-08,108.227615288,102.260843037,108.30625479,102.231353224,6803753.0
2018-02-09,103.528905014,105.160674691,106.271457663,100.62907336,6615838.0
2018-02-12,105.868430213,106.703974927,107.618159143,104.452919169,4624113.0
2018-02-13,106.173158285,105.858600275,106.24196785,104.128531221,7542752.0
2018-02-14,104.914926246,107.165982004,107.36258076,104.914926246,7427952.0
2018-02-15,110.400031544,111.196256506,111.500984578,108.178465599,8341909.0
2018-02-16,110.921018248,110.940678123,112.208740101,110.753909305,4667328.0
2018-02-20,110.537650673,112.405338857,113.299863198,110.372507718,4287773.0
2018-02-21,112.818196245,112.533128048,113.702890648,112.228399976,4976536.0
2018-02-22,112.5724478,111.078297253,113.044284815,110.56812348,4763427.0
2018-02-23,111.697583335,113.004965063,113.004965063,110.822718869,4173529.0
2018-02-26,114.135407911,114.666224553,114.81367362,113.403077545,5418949.0
2018-02-27,115.305170511,114.489285673,115.609898583,113.791360088,5908216.0
2018-02-28,115.010272377,114.273027041,116.140715225,114.243537227,9684436.0
2018-03-01,118.85377806,117.398947264,120.387248359,116.042415847,15555500.0
2018-03-02,116.632212115,119.846601779,120.249629229,115.639388396,10627548.0
2018-03-05,117.95925372,120.416738172,120.849255436,117.625035834,10121251.0
2018-03-06,120.780445871,122.363065858,122.569494552,120.662486617,8154828.0
2018-03-07,121.281772699,123.198610572,123.631127836,121.084190949,6750393.0
2018-03-08,123.621297898,124.211094167,125.125278383,123.562318271,6127919.0
2018-03-09,125.026979005,125.243237637,125.331707077,124.102964851,5637799.0
2018-03-12,125.695414776,124.623951555,126.019802724,124.623951555,5609794.0
2018-03-13,125.715074652,124.574801866,125.931333283,123.588859103,4641762.0
2018-03-14,124.889359876,125.81337403,126.678408557,124.358543234,5402432.0
2018-03-15,125.823203968,125.056468818,126.275381107,124.515822239,4603474.0
2018-03-16,125.125278383,123.827726592,125.774054278,123.552488333,6662884.0
2018-03-19,122.903712438,122.854562749,123.621297898,121.37024214,6830383.0
2018-03-20,122.471195174,122.992181878,124.673101244,122.333576045,7113554.0
2018-03-21,119.492724018,119.630343147,121.910888719,118.155852476,14824039.0
2018-03-22,118.352451232,116.032585909,118.608029615,115.44278964,10950478.0
2018-03-23,116.003096095,112.483978359,116.29799423,112.366019106,10902124.0
2018-03-26,116.229184665,116.946770125,117.231838322,113.083604566,13171665.0
2018-03-27,118.04772316,111.874522215,118.116532724,110.798144025,8304669.0
2018-03-28,111.22574632,110.960337999,112.906665685,109.446527576,6489512.0
2018-03-29,111.972821593,114.32217673,115.26585076,110.606460238,7794691.0
2018-04-02,113.938809155,113.339182949,115.678708148,111.677923459,6461251.0
2018-04-03,114.774353869,114.508945548,115.452619578,112.651087302,5193332.0
2018-04-04,112.12027066,117.448096953,117.639780741,112.061291034,6389309.0
2018-04-05,118.352451232,117.01557969,118.976652283,116.651871991,5052398.0
2018-04-06,116.091565536,114.125577974,116.956600063,112.996118119,5385492.0
2018-04-09,115.147891506,115.197041195,117.202348508,115.147891506,4104150.0
2018-04-10,116.897620436,117.457926891,118.077212973,115.678708148,3761181.0
2018-04-11,117.300647886,117.133538943,118.657179304,116.848470747,3059409.0
2018-04-12,117.95925372,119.335445013,119.659832961,117.310477824,4419885.0
2018-04-13,119.866261655,116.986089876,119.866261655,116.484763048,4933058.0
2018-04-16,118.893097811,117.379287389,118.922587625,116.642042053,4464686.0
2018-04-17,118.352451232,121.252282886,121.753609714,117.969083657,5524566.0
2018-04-18,121.429221766,122.343405983,122.618644241,120.151329851,4321753.0
2018-04-19,121.930548595,121.95020847,122.40238561,121.085173943,3656957.0
2018-04-20,121.901058781,120.731296182,122.26476648,119.974390971,2971019.0
2018-04-23,121.095003881,119.817111966,122.451535299,119.178166008,3932668.0
2018-04-24,121.242452948,115.875306904,121.429221766,114.921802936,5379304.0
2018-04-25,115.767177588,115.324830386,116.219354727,113.083604566,5080530.0
2018-04-26,116.681361804,118.775138558,119.994050846,116.150545162,4998816.0
2018-04-27,119.561533583,118.175512351,119.57136352,117.516906518,3801182.0
2018-04-30,118.814458309,118.932417563,119.630343147,117.742995088,2788268.0
2018-05-01,118.824288247,121.016364378,121.222793072,118.372111108,3873908.0
2018-05-02,120.210309478,120.731296182,121.86173903,119.669662898,3671020.0
2018-05-03,120.534697426,122.294256294,122.874222625,119.600853334,4435617.0
2018-05-04,122.26476648,122.992181878,123.699937401,120.888575187,6341164.0
2018-05-07,123.650787711,124.810720373,125.518475895,123.326399764,4341967.0
2018-05-08,124.437182736,126.560449303,126.766877997,124.348713296,4467772.0
2018-05-09,126.688238495,127.523783209,127.533613146,125.164598134,4605347.0
2018-05-10,127.74004184,128.398647674,128.772185311,126.855347438,3772425.0
2018-05-11,127.78919153,128.408477612,128.624736243,126.698068433,3233163.0
2018-05-14,128.565756616,125.518475895,128.772185311,124.997587491,4169825.0
2018-05-15,124.771400622,125.950993159,126.403170298,123.945685846,2933123.0
2018-05-16,126.521129552,126.580109179,126.776707935,125.744564465,2439933.0
2018-05-17,126.992966567,123.906366095,127.258374888,123.414869204,5556999.0
2018-05-18,123.916196032,124.800890435,125.547965709,123.729427214,3612262.0
2018-05-21,125.823203968,124.220924104,126.167251791,123.857216406,2887179.0
2018-05-22,124.505992301,123.306739888,124.889359876,123.129801008,2789756.0
2018-05-23,122.756263371,125.911673408,125.911673408,122.461365236,4303892.0
2018-05-24,126.61942893,126.550619365,127.179735385,125.223577761,5972385.0
2018-05-25,126.540789428,125.783884216,127.051946194,125.449666331,4031805.0
2018-05-29,124.594461741,124.722250933,125.371026828,123.975175659,8141934.0
2018-05-30,130.050077226,127.101095883,130.295825671,125.665924963,14170948.0
2018-05-31,127.169905447,127.130585696,128.762355373,126.226231418,6408344.0
2018-06-01,127.671232276,128.300348296,128.648229795,126.169709275,6132794.0
2018-06-04,128.172559104,130.394125049,130.541574116,127.395994017,4860675.0
2018-06-05,130.875792002,131.839125907,132.340452736,130.708683059,5123240.0
2018-06-06,132.045554601,133.244807014,133.402086019,131.839125907,4766855.0
2018-06-07,133.244807014,130.649703432,133.44140577,128.50677699,6564097.0
2018-06-08,129.460280957,131.259159576,131.406608644,128.59524643,3486585.0
2018-06-11,131.6032074,131.701506778,132.379772487,130.993751256,3443145.0
2018-06-12,132.664840683,133.942732599,135.161644887,132.360112611,5319864.0
2018-06-13,134.050861914,134.178651106,135.151814949,133.289041734,5809264.0
2018-06-14,134.670147997,136.056169228,137.373380894,134.562018681,6494863.0
2018-06-15,135.721951342,136.056169228,136.586985869,134.471091756,7711133.0
2018-06-18,134.679977934,137.422530583,137.804915164,134.581678556,4202447.0
2018-06-19,135.73178128,137.147292325,137.334061143,134.896236566,4833685.0
2018-06-20,137.61912934,136.577155932,139.703076155,136.459196678,5341369.0
2018-06-21,136.704945123,135.535182524,137.678108966,134.78810725,3912774.0
2018-06-22,134.92572638,132.713990372,134.965046131,131.672016964,7567258.0
2018-06-25,131.957085161,130.924941691,132.596031119,129.430791144,6969788.0
2018-06-26,132.468241927,133.175997449,134.837256939,131.544227773,7043097.0
2018-06-27,134.350675018,130.954431504,135.083005385,130.836472251,6851562.0
2018-06-28,131.711336716,132.822119688,133.5790249,130.924941691,6333655.0
2018-06-29,133.962392474,134.080351728,135.368073581,133.588854837,5229453.0
2018-07-02,133.834603283,138.041816665,138.081136417,132.999058569,6399247.0
2018-07-03,138.208925608,135.495862773,138.356374675,135.368073581,3164659.0
2018-07-05,136.891713942,137.39304077,137.511000024,135.869400409,5576669.0
2018-07-06,137.805898158,138.995320633,139.319708581,136.645965496,5045794.0
2018-07-09,140.224062859,139.349198394,140.440321491,137.501170086,5183128.0
2018-07-10,139.880015036,140.027464103,141.069437511,139.103449949,3643685.0
2018-07-11,138.808551815,142.77984669,143.163214264,138.61804762,6168002.0
2018-07-12,143.320493269,145.640358592,146.171175234,143.320493269,4680977.0
2018-07-13,145.237331142,145.099712013,145.483079588,142.937125695,3944776.0
2018-07-16,145.325800583,144.460766055,146.161345296,144.323146926,3592057.0
2018-07-17,142.937125695,144.519745682,144.932504771,140.646750185,5133919.0
2018-07-18,144.519745682,145.325800583,145.669848406,143.281271817,2908141.0
2018-07-19,144.500085807,144.657364811,145.483079588,144.116718232,3590614.0
2018-07-20,144.93260307,144.372296615,145.404440085,144.195357734,2533781.0
2018-07-23,144.372296615,145.050562324,145.129201826,142.337499488,2538119.0
2018-07-24,146.023726167,143.517092026,146.318624301,142.711037125,4052312.0
2018-07-25,143.644881217,146.338284177,146.810121192,143.517092026,4267918.0
2018-07-26,145.463419712,145.060392262,146.220324923,143.202534016,3414306.0
2018-07-27,145.728828033,141.462635023,145.758317846,139.958654538,5925461.0
2018-07-30,141.098927324,135.682631591,141.285696143,133.215317201,9521968.0
2018-07-31,136.321577549,134.817597064,137.412700645,133.087528009,7442857.0
2018-08-01,135.653141778,135.338583768,138.503823742,135.171474825,5098091.0
2018-08-02,134.719297686,138.73974225,138.897021255,134.424399551,3779192.0
2018-08-03,139.123109824,138.641442872,139.329538518,136.065999166,3463527.0
2018-08-06,138.493993805,140.283042486,140.420661615,138.258075297,3247342.0
2018-08-07,141.089097386,141.983621727,142.154466046,140.302702362,3928255.0
2018-08-08,142.003281603,142.701207187,143.158299295,140.725389687,3027248.0
2018-08-09,142.828996379,143.340153145,144.352636739,142.622567685,3572588.0
2018-08-10,142.46528868,143.035425073,144.500085807,141.898592765,2748786.0
2018-08-13,143.153384327,141.993451665,144.677024687,141.767363095,2880424.0
2018-08-14,143.694030906,144.077398481,144.273997237,142.111410919,3474743.0
2018-08-15,143.595731528,142.573417996,145.365120334,141.157906951,4476924.0
2018-08-16,144.018418854,143.251683705,144.411616366,142.750356876,3703974.0
2018-08-17,143.025595135,142.55375812,143.526921963,141.501954774,2865587.0
2018-08-20,142.740526939,143.232023829,143.576071652,141.865662473,2882181.0
2018-08-21,143.920119476,143.055084948,146.259644674,142.887976006,4063688.0
2018-08-22,143.114064575,143.969269165,144.695701569,142.583247934,4245303.0
2018-08-23,144.332976864,145.315970645,145.817297473,143.58590159,6196336.0
2018-08-24,145.974576478,149.709952846,149.788592348,145.974576478,4881956.0
2018-08-27,152.078967858,149.100496702,152.246076801,147.645665906,5814765.0
2018-08-28,149.444544525,150.388218555,150.791246005,148.982537448,5266932.0
2018-08-29,150.72243644,152.167437298,152.334546241,150.447198182,9018599.0
2018-08-30,148.550020184,149.552673841,151.120548922,146.957570259,14440957.0
2018-08-31,149.552673841,150.083490483,151.253253082,149.316755333,6210529.0
2018-09-04,149.523184027,150.604477187,150.732266378,148.933387759,5310894.0
2018-09-05,149.798422286,146.122025545,150.181789861,144.578725309,7287417.0
2018-09-06,146.220324923,146.298964426,146.623352373,144.578725309,4190347.0
2018-09-07,145.325800583,147.871754475,148.835088381,144.991582697,3866773.0
2018-09-10,147.44906715,148.74661894,149.00121433,145.483079588,3872325.0
2018-09-11,148.510700433,150.240769488,151.135293828,148.053608325,4151022.0
2018-09-12,150.240769488,152.727743753,153.120941266,149.226319906,5180848.0
2018-09-13,153.219240644,155.489956278,156.079752547,153.170090955,6213541.0
2018-09-14,155.263867708,154.811690569,156.089582484,153.661587845,4615261.0
2018-09-17,154.330023617,152.285396552,155.735704723,151.990498418,3899581.0
2018-09-18,152.128117547,153.347029836,155.342507211,152.118287609,3749879.0
2018-09-19,153.710737534,150.299749114,154.654411564,149.799798477,5546201.0
2018-09-20,150.683116689,152.855532945,153.410924431,149.071006888,4655730.0
2018-09-21,154.398833181,152.875192821,155.268782677,152.324716303,17991594.0
2018-09-24,152.737573691,156.079752547,156.207541738,150.72243644,5082094.0
2018-09-25,156.296011179,156.168221987,156.433630308,154.497132559,5699599.0
2018-09-26,156.354990805,155.637405345,157.210195395,154.67407144,4079727.0
2018-09-27,156.345160868,157.701692285,158.340638243,156.227201614,3930274.0
2018-09-28,157.27900496,156.325500992,158.124379611,156.233099577,4607671.0
2018-10-01,157.387134275,157.14138583,158.448767559,156.315671054,4297554.0
2018-10-02,156.561419499,154.585602,156.866147571,154.035125482,4137003.0
2018-10-03,155.863493915,156.394310557,157.043086452,154.349683492,3561623.0
2018-10-04,155.509616154,152.265736676,156.138732174,151.164783642,6206372.0
2018-10-05,152.226416925,152.432845619,153.936826104,149.877061789,4963564.0
2018-10-08,151.616960781,146.122025545,151.990498418,143.123894513,10238725.0
2018-10-09,145.797637597,145.974576478,148.304271739,144.706514501,5593337.0
2018-10-10,145.011242573,135.466372959,145.075137168,135.200964638,13660587.0
2018-10-11,135.10266526,136.872054066,139.742395906,134.129501417,10499303.0
2018-10-12,143.291003456,144.244507423,146.220324923,140.784369314,9371711.0
2018-10-15,144.205187672,139.535967212,144.205187672,138.91668113,6040808.0
2018-10-16,142.996105322,144.93260307,145.394610147,141.560934401,5383148.0
2018-10-17,145.827127411,144.509915744,145.827127411,142.946955633,3377854.0
2018-10-18,143.605561466,140.410831678,145.083492616,139.024810446,5338244.0
2018-10-19,141.167736889,138.100796292,142.897805943,137.992666976,5141616.0
2018-10-22,139.290218767,140.518960993,141.354505707,136.832734315,4234925.0
2018-10-23,136.950693568,138.267905235,139.555627088,135.436883146,6461980.0
2018-10-24,138.82821169,130.993751256,139.093620011,130.738172873,7251491.0
2018-10-25,131.416438581,138.405524364,139.280388829,131.396778706,7792908.0
2018-10-26,133.44140577,133.215317201,136.842564253,130.355493394,7457049.0
2018-10-29,135.751441156,128.762355373,137.176782138,126.344190671,9212497.0
2018-10-30,128.221708793,129.922288034,130.728342935,125.852693781,10037948.0
2018-10-31,132.625520932,134.906066504,136.351067362,132.478071865,6666385.0
2018-11-01,136.04633929,137.216101889,137.422530583,134.090181666,4668793.0
2018-11-02,137.756748469,134.463719302,138.159775919,133.785453594,4481562.0
2018-11-05,135.004365882,133.136677698,135.004365882,131.190350012,4629865.0
2018-11-06,133.097357947,131.672016964,135.653141778,130.718512997,4667107.0
2018-11-07,134.522698929,139.378688207,139.889844974,134.11170923,5803989.0
2018-11-08,140.784369314,139.45732771,141.187396765,138.289629398,3986674.0
2018-11-09,138.661102747,134.591508494,138.661102747,132.753310124,5252479.0
2018-11-12,133.431575832,128.28068842,134.335930111,127.867634433,7571238.0
2018-11-13,129.244022325,129.912458096,131.496257676,126.757048059,6176340.0
2018-11-14,131.927595348,127.150245572,132.645180808,126.39334036,5729582.0
2018-11-15,127.002796505,130.236846044,130.689023183,124.15211454,6468655.0
2018-11-16,129.607730024,130.295825671,131.20017995,127.867831032,5126893.0
2018-11-19,129.361981579,118.952077438,130.010757475,118.372111108,14284689.0
2018-11-20,112.385678981,118.617859553,122.815242998,111.668093521,13829467.0
2018-11-21,122.0878276,121.488201393,123.61146796,119.541873707,7311254.0
2018-11-23,119.266635448,119.954731095,121.606160647,118.657179304,3009553.0
2018-11-26,122.363065858,124.260243856,124.791060497,121.557010958,9321154.0
2018-11-27,123.021671692,125.371026828,125.439836393,121.615990585,10558761.0
2018-11-28,136.124978792,138.248245359,138.493993805,129.725689278,25705402.0
2018-11-29,137.471680272,137.343891081,140.450151429,136.901543879,7762951.0
2018-11-30,136.528006243,140.332192175,140.784369314,135.928380036,9401355.0
2018-12-03,143.81199016,141.698553531,144.568895371,140.135593419,7358308.0
2018-12-04,140.302702362,136.872054066,142.730697001,136.439536802,6978357.0
2018-12-06,132.507561678,139.644096528,139.644096528,130.492424427,9186581.0
2018-12-07,139.486817523,133.638004526,139.9488246,132.443667083,6225324.0
2018-12-10,132.861439439,134.935556317,137.117802511,130.915111753,5896950.0
2018-12-11,138.19909567,134.463719302,138.307224986,133.284126765,4548737.0
2018-12-12,139.378688207,137.70759878,141.580594277,137.176782138,6794296.0
2018-12-13,139.093620011,138.73974225,141.187396765,137.205288958,5122765.0
2018-12-14,136.518176305,134.709467748,138.317054924,134.060691852,5354366.0
2018-12-17,132.025894726,128.605076368,133.195657325,127.759701716,8392404.0
2018-12-18,129.892798221,130.069737101,131.406608644,127.916980721,6668441.0
2018-12-19,129.735519216,128.929464315,134.178651106,127.297694639,7350676.0
2018-12-20,127.051946194,125.557795647,130.079567039,120.554357301,12265056.0
2018-12-21,126.383510423,120.819765622,127.189565323,120.377418421,12568644.0
2018-12-24,119.07986663,119.266635448,122.71694362,118.116532724,4721514.0
2018-12-26,120.436398048,128.614906306,128.673885932,120.043200535,8110892.0
2018-12-27,126.609598992,132.900759191,132.900759191,125.665924963,7967689.0
2018-12-28,133.687154216,132.389602425,134.552090443,130.354805298,7276431.0
2018-12-31,133.687154216,134.640658183,135.623651964,132.202833606,5467663.0
2019-01-02,131.131370385,133.244807014,134.503039054,130.787322562,4783943.0
2019-01-03,131.210009887,128.182389042,132.487901803,127.887589207,6365650.0
2019-01-04,131.229669763,135.613822026,136.950693568,129.971437723,6650568.0
2019-01-07,138.621782996,139.801375533,140.951478257,136.429706864,9064840.0
2019-01-08,142.268689924,143.241853767,143.969269165,140.460866061,9057281.0
2019-01-09,144.391956491,143.507262088,144.991582697,142.072091167,5445930.0
2019-01-10,141.325015894,144.539405558,144.706514501,141.315185956,5116851.0
2019-01-11,144.067568543,145.040732386,145.516992873,143.133724451,5185239.0
2019-01-14,143.27134358,143.566241715,144.234677486,142.23920011,5815495.0
2019-01-15,143.861139849,146.652842187,147.31144802,143.320493269,5350387.0
2019-01-16,146.613522436,146.013896229,147.242638455,145.286480831,3936819.0
2019-01-17,146.013896229,147.272128269,148.156822672,145.173436546,3743179.0
2019-01-18,149.247945769,149.91638154,150.663456813,147.684985657,6151237.0
2019-01-22,147.783285035,146.416923679,148.805598567,144.893283319,5203299.0
2019-01-23,147.183658829,147.203318704,148.235462174,145.139031764,3335360.0
2019-01-24,147.39991746,144.372296615,147.94056404,144.028248792,6734711.0
2019-01-25,146.004066291,147.193488766,147.340937834,145.040732386,4601702.0
2019-01-28,145.65018853,144.824473754,145.679678344,143.615391404,4054718.0
2019-01-29,144.568895371,142.711037125,145.483079588,142.181596675,3915058.0
2019-01-30,144.686854625,146.623352373,147.144339077,143.595731528,4653365.0
2019-01-31,146.485733244,149.385564898,150.771586129,146.181005172,8615902.0
2019-02-01,149.808252224,153.219240644,153.297880146,148.500870495,5959186.0
2019-02-04,153.366689711,155.037779139,156.197515202,152.767063505,5264678.0
2019-02-05,155.647235283,156.286181241,157.161045706,155.131163548,4575588.0
2019-02-06,156.296011179,155.440806589,156.394310557,152.442675557,4205093.0
2019-02-07,153.307710084,152.29522649,154.389003243,150.751926254,4545469.0
2019-02-08,150.309579052,154.005635669,154.035125482,150.112980296,3018703.0
2019-02-11,155.509616154,157.190535519,158.753495631,154.890330072,7125450.0
2019-02-12,158.507747186,160.021557608,160.611353877,157.308494773,5631693.0
2019-02-13,160.660503566,157.672202472,160.788292758,157.54441328,5295969.0
2019-02-14,156.758018256,156.758018256,157.711522223,154.041023445,5061105.0
2019-02-15,158.252168803,156.345160868,158.478257372,155.401486838,5281967.0
2019-02-19,156.944787074,157.878631166,158.733835755,156.433630308,3883224.0
2019-02-20,157.603392907,155.843834039,158.743665693,154.536452311,7047244.0
2019-02-21,155.018119263,156.915297261,157.750841974,154.624921751,4463028.0
2019-02-22,157.741012037,158.566726813,158.959924325,157.475603716,4175005.0
2019-02-25,159.74631935,158.615876502,160.286965929,158.193189176,5076691.0
2019-02-26,158.075229922,160.227986303,160.601523939,157.151215768,4496279.0
2019-02-27,159.530060718,160.345945556,160.748973006,157.77050185,4278257.0
2019-02-28,160.227986303,160.86693226,161.800776352,159.412101464,6908054.0
2019-03-01,162.341422932,161.731966787,163.324416713,158.999244076,6919941.0
2019-03-04,162.744450382,155.804514288,162.970538951,152.776893443,17886304.0
2019-03-05,157.200365457,154.300533803,158.144039487,152.167437298,16042915.0
2019-03-06,154.457812808,154.123594922,157.524753405,153.620302107,7436333.0
2019-03-07,153.435499276,152.953832323,154.909989947,152.177267236,6916457.0
2019-03-08,149.434714587,152.423015681,152.767063505,147.694815595,4800711.0
2019-03-11,153.248730457,154.968969574,155.086928828,150.820834118,5699541.0
2019-03-12,155.313017398,155.588255656,156.659718877,154.487302621,4082085.0
2019-03-13,156.148562111,157.092236141,159.244992522,155.912643604,5230611.0
2019-03-14,158.212849051,157.937610793,158.841965071,157.023426576,3247216.0
2019-03-15,157.908120979,158.763325569,159.421931402,156.482779997,6743790.0
2019-03-18,158.655196253,159.195842832,160.55237425,158.143941187,3575800.0
2019-03-19,159.756149288,161.142170519,161.820436228,158.851795009,4378959.0
2019-03-20,161.053701079,160.729313131,162.144824175,158.763325569,4391046.0
2019-03-21,160.395095245,164.110811737,164.150131489,159.982237857,4277816.0
2019-03-22,163.137647894,158.753495631,163.658634598,158.606046564,5614288.0
2019-03-25,157.505093529,158.144039487,158.850615417,156.516300085,3795625.0
2019-03-26,158.684686066,156.689208691,159.313802086,154.713391191,6910264.0
2019-03-27,156.296011179,152.481995308,156.590909313,149.77876241,8218682.0
2019-03-28,153.042301763,152.540974935,153.81886685,150.899375321,4424829.0
2019-03-29,154.202234425,155.676725096,155.804514288,152.781808411,4913087.0
2019-04-01,157.377304338,158.438937621,158.930434512,155.815425519,4601126.0
2019-04-02,158.124379611,157.780331788,158.252168803,156.207541738,3158591.0
2019-04-03,159.02873389,159.854448666,160.365605432,157.917950917,3819829.0
2019-04-04,159.942918106,155.824174164,160.031387546,153.179920893,6295218.0
2019-04-05,156.915297261,155.863493915,157.514923467,155.332677273,4315403.0
2019-04-08,155.70621491,155.775024475,156.089582484,153.789377037,2848571.0
2019-04-09,154.369343368,154.300533803,155.659522705,153.985975793,5642884.0
2019-04-10,155.509616154,157.514923467,157.652542596,154.968969574,3414745.0
2019-04-11,157.436283964,157.99659042,158.094889798,156.315671054,2578390.0
2019-04-12,159.244992522,157.976930544,159.736489412,156.787508069,2844167.0
2019-04-15,158.261998741,157.3674744,159.275465329,156.777678131,2608365.0
2019-04-16,157.318324711,155.991283106,157.534583343,155.067367252,3004836.0
2019-04-17,156.345160868,152.69825394,156.345160868,152.432845619,4765519.0
2019-04-18,152.265736676,153.337199898,153.551295943,150.565157435,4391704.0
2019-04-22,152.806383256,156.060092671,156.433630308,152.639274313,2943629.0
2019-04-23,157.043086452,158.48808731,158.655196253,155.716044848,3418371.0
2019-04-24,159.127033268,156.846487696,159.726659474,156.689208691,3384945.0
2019-04-25,159.244992522,160.316455743,161.102850768,158.261998741,5498432.0
2019-04-26,159.65784991,163.137647894,163.235947272,158.537236999,3343064.0
2019-04-29,163.87489323,162.547851626,164.710437944,162.518361812,4509669.0
2019-04-30,162.380742683,162.538021688,163.609484909,160.837442447,3581801.0
2019-05-01,163.186797583,159.392441589,163.393226277,159.382611651,2707730.0
2019-05-02,158.940264449,159.077883579,159.933088168,156.915297261,3181073.0
2019-05-03,159.815128914,160.562204188,160.719483193,158.124379611,3131437.0
2019-05-06,155.922473542,159.736489412,160.070707298,155.175398268,2520943.0
2019-05-07,158.586386688,154.231724238,158.920604574,152.118287609,6541888.0
2019-05-08,154.438152932,154.192404487,155.244207833,152.403355806,4061339.0
2019-05-09,152.019988231,153.651757908,154.428322995,149.797242694,5809346.0
2019-05-10,153.622268094,157.220025333,157.882563141,151.75457991,4462213.0
2019-05-13,152.285396552,150.54549756,154.231724238,150.181789861,5694582.0
2019-05-14,152.413185744,155.381826962,155.892983728,150.31940899,4954034.0
2019-05-15,151.204103393,152.423015681,153.720567472,149.120156577,7783774.0
2019-05-16,154.094105109,155.784854412,156.73835838,153.248730457,5048088.0
2019-05-17,153.523968716,151.941348729,154.482387653,150.565157435,5314319.0
2019-05-20,149.877061789,153.32736996,153.435499276,149.12448175,5437590.0
2019-05-21,154.683901378,153.130771204,155.155738393,152.540974935,3803459.0
2019-05-22,153.219240644,154.959139636,155.499786216,153.189750831,3170058.0
2019-05-23,153.376519649,151.095974077,153.681247721,149.562503779,4508215.0
2019-05-24,152.255906739,151.882369102,154.261214052,151.538321278,3151662.0
2019-05-28,152.708083878,152.550804873,155.126248579,151.764409848,4934063.0
2019-05-29,151.145123766,150.289919177,151.4400219,148.628659687,4359454.0
2019-05-30,151.695600283,153.01281195,153.219240644,151.282742895,4418092.0
2019-05-31,150.063830607,148.835088381,151.852879288,148.687639314,5326907.0
2019-06-03,148.137162796,142.632397623,148.137162796,140.951478257,8835249.0
2019-06-04,143.566241715,148.245292112,148.353421428,140.08644373,12375090.0
2019-06-05,154.477472684,155.745534661,155.804514288,151.921688853,12072390.0
2019-06-06,155.804514288,156.600739251,157.27900496,154.654411564,5601246.0
2019-06-07,157.121725955,158.527407061,160.218156365,156.787508069,7175301.0
2019-06-10,150.869885507,150.191619798,154.772370818,148.264951988,29856328.0
2019-06-11,152.668764127,147.596516217,153.061961639,146.259644674,15214322.0
2019-06-12,148.540190246,148.707299189,149.729612721,147.596516217,7161291.0
2019-06-13,149.572333716,148.766278816,149.650973219,147.694815595,5173787.0
2019-06-14,148.471380682,147.458897087,149.395394836,146.937910383,6248150.0
2019-06-17,147.645665906,147.734135346,148.711526062,147.321277958,4491845.0
2019-06-18,149.297095458,148.02903348,150.348898803,147.94056404,7317839.0
2019-06-19,149.110326639,151.518661403,151.843049351,147.955308947,8095299.0
2019-06-20,153.632098032,154.526622373,155.598085594,152.776893443,10153607.0
2019-06-21,154.005635669,154.172744612,155.106588703,153.288050209,9706930.0
2019-06-24,154.713391191,149.965531229,155.047609077,149.91638154,6378206.0
2019-06-25,150.23093955,146.800291254,150.36846038,146.063045918,7362484.0
2019-06-26,148.707299189,146.50539312,148.805598567,146.387433866,5844938.0
2019-06-27,147.340937834,148.127332858,148.196142423,145.945086665,6832817.0
2019-06-28,147.861924538,149.149646391,149.188966142,147.055869637,6936576.0
2019-07-01,151.941348729,151.4400219,152.108457671,149.267900542,6483352.0
2019-07-02,151.66611047,151.499001527,151.734920035,149.985191104,4738611.0
2019-07-03,151.911858915,152.944002385,153.10128139,151.538321278,3885430.0
2019-07-05,151.331892584,151.951178666,152.172352267,149.975361167,3940940.0
2019-07-08,150.909205259,150.211279674,151.076314201,149.458306438,4717368.0
2019-07-09,149.493694214,151.331892584,151.567811092,149.100496702,4979273.0
2019-07-10,151.941348729,153.612438156,153.740227348,151.941348729,4966261.0
2019-07-11,154.153084736,156.1977118,156.590909313,153.95648598,7083235.0
2019-07-12,156.689208691,155.3916569,156.905467323,154.723221129,4348123.0
2019-07-15,156.060092671,156.934957136,157.121725955,154.801860631,3603693.0
2019-07-16,157.239685208,154.457812808,158.861624947,154.13342486,6913066.0
2019-07-17,154.998459388,155.548935905,157.200365457,154.978799512,4160523.0
2019-07-18,154.330023617,155.293357522,155.88315379,153.549428255,3726542.0
2019-07-19,157.013596639,154.084275171,158.006420357,153.632098032,5218844.0
2019-07-22,154.968969574,155.018119263,156.345160868,154.472557715,2910733.0
2019-07-23,155.293357522,153.592778281,155.755364599,152.639274313,4865763.0
2019-07-24,153.32736996,157.033256514,157.524753405,153.052131701,4110516.0
2019-07-25,157.396964213,156.640059002,158.389787932,155.971623231,6934549.0
2019-07-26,156.846487696,157.249515146,158.08505986,156.030602858,4979078.0
2019-07-29,157.672202472,153.55345853,158.458597497,152.875192821,8880457.0
2019-07-30,152.69825394,154.290703865,155.529276029,151.990498418,4241587.0
2019-07-31,154.713391191,151.872539164,155.204888082,149.709952846,7454174.0
2019-08-01,152.098627734,148.245292112,155.096758766,147.8520946,26124657.0
2019-08-02,147.252468393,143.222193891,147.350767771,142.838826317,13138900.0
2019-08-05,138.936341006,140.391171802,141.305356018,137.422530583,13070094.0
2019-08-06,141.344675769,140.371511926,142.494778493,139.54579715,6693998.0
2019-08-07,138.533313556,139.23123914,140.666410061,136.695115185,7635513.0
2019-08-08,141.079267449,141.374165583,142.494778493,139.899674911,8670253.0
2019-08-09,141.167736889,140.931818381,142.013111541,139.280388829,5286734.0
2019-08-12,139.1427697,138.3367148,139.555627088,137.668279029,3432646.0
2019-08-13,138.533313556,141.43314521,142.534098245,138.04417585,5242772.0
2019-08-14,138.887191317,137.343891081,139.938994663,135.525352586,8607780.0
2019-08-15,138.700422499,139.712906093,140.863008817,137.369940416,6647733.0
2019-08-16,140.627090309,141.442975148,142.86831613,140.099714146,5341106.0
2019-08-19,143.123894513,141.226716516,143.654219658,140.450151429,4635177.0
2019-08-20,141.708383468,143.064914886,144.008588916,140.627090309,6262572.0
2019-08-21,144.401786428,144.873623443,145.866447162,143.67437103,6153669.0
2019-08-22,146.947740321,145.718998095,147.350767771,142.996105322,11885312.0
2019-08-23,155.018119263,148.992367386,155.725874786,148.088013107,26540017.0
2019-08-26,150.899375321,152.501655184,152.570464749,148.943217697,8978657.0
2019-08-27,151.636620657,150.958354948,153.248730457,149.936041415,6520653.0
2019-08-28,149.906551602,149.247945769,150.181789861,148.304271739,5328744.0
2019-08-29,150.791246005,153.278220271,153.347029836,150.063830607,5981501.0
2019-08-30,153.759887224,153.4158394,155.529276029,151.086144139,7593232.0
2019-09-03,151.587470968,150.132640172,152.678594064,149.179136204,4954246.0
2019-09-04,151.469511714,149.867231851,152.285396552,149.729612721,3607077.0
2019-09-05,152.010158293,151.154953704,152.108457671,149.365905022,5067024.0
2019-09-06,151.35155246,148.500870495,151.430191963,148.205972361,4722273.0
2019-09-09,149.080836826,146.99689001,149.562503779,145.571549028,6265476.0
2019-09-10,146.239984799,147.105019326,149.080836826,145.227501204,6249683.0
2019-09-11,147.53753659,151.469511714,152.019988231,146.50539312,6242421.0
2019-09-12,152.403355806,152.118287609,154.13342486,151.784069724,4993526.0
2019-09-13,151.695600283,150.378388617,152.275566614,150.142470109,3763493.0
2019-09-16,149.071006888,150.40787843,151.484256621,148.785938692,2592259.0
2019-09-17,150.398048493,150.221109612,150.840395694,149.149646391,3060345.0
2019-09-18,149.759102535,150.171959923,150.309579052,148.009373605,2973703.0
2019-09-19,150.909205259,150.987844761,151.626790719,150.171959923,2985482.0
2019-09-20,152.059307982,152.560634811,154.212064363,151.007504637,11762947.0
2019-09-23,151.528491341,152.019988231,152.557685829,150.358728741,3827133.0
2019-09-24,151.656280532,149.464204401,153.612438156,148.520530371,4158839.0
2019-09-25,149.464204401,150.388218555,150.604477187,146.36777399,3459570.0
2019-09-26,149.8279121,149.749272597,150.791246005,149.257775707,3839378.0
2019-09-27,150.516007746,145.738657971,150.54549756,144.254337361,5909440.0
2019-09-30,145.433929898,145.915596851,146.436583555,144.903113257,3733867.0
2019-10-01,146.947740321,145.178351515,147.606346154,144.745834252,3213561.0
2019-10-02,143.576071652,141.767363095,144.008588916,140.764709439,4486555.0
2019-10-03,141.551104464,144.500085807,144.559065433,139.663756404,3768480.0
2019-10-04,145.758317846,145.512569401,146.387433866,143.72352072,3274199.0
2019-10-07,144.775324065,146.269474612,146.790461316,144.500085807,2738198.0
2019-10-08,145.030902448,143.428622585,145.817297473,143.330323207,2670470.0
2019-10-09,144.765494127,144.549235496,145.33563052,144.116718232,2310243.0
2019-10-10,144.342806802,143.920119476,145.049382731,143.035425073,2738583.0
2019-10-11,145.620698717,146.829781067,148.146992734,145.571549028,4690874.0
2019-10-14,146.859270881,146.829781067,147.724305408,146.269474612,1583842.0
2019-10-15,147.114849264,150.142470109,150.368558679,147.075529513,3947786.0
2019-10-16,144.75566419,144.470595993,148.279696894,143.340153145,9007266.0
2019-10-17,145.070222199,143.684200968,145.522399339,143.035425073,5072069.0
2019-10-18,143.81199016,141.639573904,143.949609289,139.978314414,6080531.0
2019-10-21,141.649403842,142.091751043,142.720867063,140.568110683,3376519.0
2019-10-22,142.583247934,139.909504849,143.477772274,139.722736031,5284014.0
2019-10-23,139.693246217,142.661887436,143.093421706,139.083790073,4941561.0
2019-10-24,144.097058356,145.601038841,146.259644674,143.910289538,5376741.0
2019-10-25,144.549235496,147.930734102,148.097843045,143.81199016,4991422.0
2019-10-28,148.628659687,152.15760736,152.285396552,146.888760694,7576726.0
2019-10-29,152.147777423,152.452505495,153.474819027,151.793899662,5477303.0
2019-10-30,153.091451452,155.588255656,155.725874786,152.373865992,4724478.0
2019-10-31,153.897506353,153.828696788,155.588255656,152.574101825,4578255.0
2019-11-01,155.224547957,157.023426576,157.3674744,154.084275171,4771053.0
2019-11-04,158.203019114,154.919819885,158.507747186,154.025295544,5748077.0
2019-11-05,154.909989947,155.460466465,156.413970432,152.826043132,4014981.0
2019-11-06,156.237031552,156.227201614,157.27900496,155.067268952,4207428.0
2019-11-07,156.227201614,156.787508069,158.389787932,155.3916569,3802312.0
2019-11-08,156.541759624,158.370128056,158.468427435,156.207541738,3265364.0
2019-11-11,158.478257372,159.02873389,159.471081091,157.524753405,3541597.0
2019-11-12,159.244992522,160.090367173,161.574687782,158.841965071,3710757.0
2019-11-13,160.277135992,159.83478879,161.623837472,159.264652397,5499804.0
2019-11-14,160.257476116,160.277135992,160.798122695,159.628360096,3823268.0
2019-11-15,160.935741825,160.434414997,161.142170519,158.252168803,3693235.0
2019-11-18,161.210980084,160.001897733,161.210980084,159.136863206,5558132.0
2019-11-19,160.857102322,161.171660332,161.653327285,159.087713517,4956475.0
2019-11-20,160.660503566,161.40757884,163.511185531,159.490740967,8454931.0
2019-11-21,162.508531874,160.110027049,163.088498205,159.451421216,5724203.0
2019-11-22,160.208326427,160.041217484,160.709653255,158.635536377,3761891.0
2019-11-25,160.994721452,158.959924325,161.849926041,158.704345942,5509549.0
2019-11-26,158.812475258,159.775809163,159.844618728,158.566726813,5882383.0
2019-11-27,159.166353019,158.763325569,160.061172258,158.370128056,4015939.0
2019-11-29,158.861624947,160.119856987,160.631013753,158.57655675,2432473.0
2019-12-02,160.326285681,158.261998741,160.434414997,155.411316776,5140087.0
2019-12-03,154.290703865,158.822305196,159.097543454,153.533798654,6622651.0
2019-12-04,157.652542596,153.769717161,157.957270668,151.872539164,17805505.0
2019-12-05,153.091451452,155.529276029,156.217371676,152.6097845,7127977.0
2019-12-06,155.411316776,155.322847335,156.787508069,154.909989947,4754316.0
2019-12-09,154.703561253,154.801860631,156.1977118,154.389003243,3754080.0
2019-12-10,154.339853554,153.740227348,154.98862945,153.514138778,4075754.0
2019-12-11,154.172744612,153.73039741,154.212064363,152.835873069,4869175.0
2019-12-12,153.120941266,155.892983728,156.286181241,152.668764127,5355489.0
2019-12-13,156.158392049,158.389787932,158.743665693,155.853663977,5742818.0
2019-12-16,158.114549673,159.20567277,159.972407919,158.08505986,5371494.0
2019-12-17,159.244992522,158.881284823,159.60870022,157.023426576,4789823.0
2019-12-18,159.048393765,158.733835755,160.503224561,158.733835755,4145091.0
2019-12-19,158.841965071,160.55237425,160.562204188,158.094889798,4186371.0
2019-12-20,161.928565544,161.751626663,162.361082807,160.847272385,8586884.0
2019-12-23,161.250299835,160.9554017,162.066184673,160.572034126,4373626.0
2019-12-24,160.532714375,160.473734748,161.055765365,160.10511208,1237991.0
2019-12-26,160.621183815,161.712306912,161.731966787,160.493394623,2156316.0
2019-12-27,162.056354735,162.174313989,162.646151004,161.112680705,3410032.0
2019-12-30,162.056354735,159.677509785,162.134994238,158.458597497,3197087.0
2019-12-31,159.284312273,159.874108541,160.483564686,159.048393765,3273515.0
2020-01-02,161.132340581,164.150131489,164.228770991,160.798122695,5094557.0
2020-01-03,162.252953491,163.344076588,163.933872857,162.193973865,3205583.0
2020-01-06,162.193973865,170.500271314,170.716529946,161.653327285,8843581.0
2020-01-07,170.284012682,173.006905456,173.862110045,169.163399772,8310525.0
2020-01-08,172.250000244,174.314287184,175.808437731,171.778163229,7226234.0
2020-01-09,175.798607794,176.545683067,176.840581201,174.274967433,5954966.0
2020-01-10,176.781601575,177.135479336,177.607316351,175.651158726,5112302.0
2020-01-13,178.177452744,180.723406636,181.313202905,178.049663552,6205333.0
2020-01-14,180.379358813,179.022827395,180.723406636,178.944187893,4347509.0
2020-01-15,178.590310132,177.980853987,179.971416394,177.543421755,3886843.0
2020-01-16,179.130956711,179.58313385,179.995991238,177.882554609,3485298.0
2020-01-17,180.113950492,179.130956711,180.222079808,178.275752122,4577245.0
2020-01-21,178.423201189,182.119257805,182.836843266,178.413371251,6302448.0
2020-01-22,182.237217059,179.642113477,183.269360529,179.58313385,4781769.0
2020-01-23,180.094290617,180.851195828,181.165753838,178.216772495,4369337.0
2020-01-24,181.853849485,179.012997457,182.964632457,178.049663552,4653931.0
2020-01-27,175.729798229,177.636806164,178.639459821,174.284797371,4239357.0
2020-01-28,178.05949349,179.740412855,180.728321605,177.283223301,3445530.0
2020-01-29,180.870855704,178.678779572,180.969155082,178.531330505,2789482.0
2020-01-30,177.823574982,182.512455318,182.777863639,177.469697221,3716140.0
2020-01-31,181.716230355,179.209596214,182.866333079,177.715445666,4193259.0
2020-02-03,180.143440306,182.266706873,182.712986049,178.757419074,4755709.0
2020-02-04,184.802830828,185.137048713,186.464090317,183.475789223,3983248.0
2020-02-05,187.162015902,182.335516437,187.309464969,179.750242793,6162711.0
2020-02-06,183.652728104,183.554428726,184.370313564,181.106774211,4102926.0
2020-02-07,183.672387979,182.561605007,185.441776785,182.492795442,3713079.0
2020-02-10,183.003952208,185.903783862,186.051232929,182.406095391,3873498.0
2020-02-11,188.223649185,185.893953924,189.32460222,185.441776785,4299231.0
2020-02-12,186.483750193,186.238001748,187.279975156,183.593748477,4535367.0
2020-02-13,185.294327718,185.431946847,187.80096186,185.215688216,3132057.0
2020-02-14,186.129872432,186.7196687,187.014566835,184.901130206,3599445.0
2020-02-18,187.702662481,187.840281611,188.243309061,185.707185106,4957450.0
2020-02-19,188.734805952,189.590010541,190.622154011,188.538207195,3903153.0
2020-02-20,190.700793514,190.071677494,192.391542817,186.54272982,5451154.0
2020-02-21,188.577526947,186.277321499,188.774125703,183.544598788,5244259.0
2020-02-24,175.749458104,182.777863639,183.967286114,175.749458104,8463256.0
2020-02-25,185.264837905,178.187282681,186.749158514,176.378574124,11361116.0
2020-02-26,173.537722097,175.828097607,179.558559006,171.286666339,13926478.0
2020-02-27,169.281359026,169.222379399,175.297280965,167.158092459,9927314.0
2020-02-28,162.184143927,167.502140282,168.848841762,160.345945556,12643588.0
2020-03-02,169.271529088,173.753980729,173.783470542,165.722921538,7761040.0
2020-03-03,175.375920468,166.489656687,175.385750406,164.248430867,8323455.0
2020-03-04,169.320678777,172.702177383,172.820136637,166.745235071,5846719.0
2020-03-05,169.635236787,166.715745257,170.795169448,165.241254586,5797479.0
2020-03-06,162.852579698,161.289619586,164.720267882,155.843834039,9757735.0
2020-03-09,149.120156577,148.638489625,155.027949201,148.078183169,9657064.0
2020-03-10,154.556112186,158.596216626,158.724005818,148.432060931,11443931.0
2020-03-11,154.998459388,151.941348729,156.905467323,147.596516217,10345325.0
2020-03-12,141.885322349,138.19909567,148.6581495,137.717428718,13212955.0
2020-03-13,146.928080446,145.266820956,146.957570259,133.018718444,13765419.0
2020-03-16,131.730996591,122.186126978,139.1427697,121.291602637,13845254.0
2020-03-17,124.840210187,133.117017823,135.662971715,120.82959556,12191538.0
2020-03-18,123.405039266,129.991097599,131.151030261,113.329353011,12988155.0
2020-03-19,129.352151641,137.088312698,141.551104464,126.668578619,10444038.0
2020-03-20,138.031986728,136.980183382,143.713690782,132.310962922,12450120.0
2020-03-23,136.400217051,138.130286106,141.275866205,131.811700381,11898309.0
2020-03-24,142.170390546,151.027164512,151.518661403,140.741117588,11834350.0
2020-03-25,150.073660545,144.559065433,155.332677273,144.460766055,10639268.0
2020-03-26,145.777977722,152.098627734,152.442675557,145.217671267,8578887.0
2020-03-27,148.068353232,143.517092026,148.874408132,142.445628804,8273549.0
2020-03-30,145.207841329,147.301618082,150.398048493,144.067568543,7650429.0
2020-03-31,146.495563182,141.531444588,149.365905022,140.351852051,10431475.0
2020-04-01,135.967699787,131.78014628,136.695115185,130.836472251,8737615.0
2020-04-02,131.730996591,132.035724663,133.087528009,127.824775904,8150532.0
2020-04-03,132.163513855,132.025894726,133.873923034,129.421747601,6004409.0
2020-04-06,136.636135559,145.040732386,147.301618082,135.948039912,12296766.0
2020-04-07,147.773455097,142.602907809,148.235462174,142.052431292,7859451.0
2020-04-08,143.81199016,148.550020184,149.572333716,142.534098245,7665521.0
2020-04-09,149.798422286,151.921688853,153.445329214,149.100496702,7094576.0
2020-04-13,151.499001527,149.906551602,152.673384197,147.444152181,5138591.0
2020-04-14,153.061961639,155.027949201,156.089582484,152.511485122,7334310.0
2020-04-15,152.442675557,152.983322137,154.59818432,151.381042274,4042624.0
2020-04-16,154.330023617,154.389003243,155.313017398,151.626790719,4391510.0
2020-04-17,157.27900496,159.854448666,160.483564686,154.949309699,7312872.0
2020-04-20,158.016250295,159.992067795,161.515708156,157.790161726,4685993.0
2020-04-21,157.27900496,147.999543667,157.3674744,145.483079588,13737882.0
2020-04-22,151.381042274,151.518661403,153.052131701,148.111801557,6665468.0
2020-04-23,150.889545383,149.139816453,153.808643715,148.923557821,6281430.0
2020-04-24,150.978014823,151.361382398,151.872539164,148.726959065,6712013.0
2020-04-27,152.894852696,154.949309699,155.745534661,151.57764103,5036448.0
2020-04-28,156.787508069,151.833219413,158.075229922,151.557981154,4731803.0
2020-04-29,155.195058144,157.701692285,159.136863206,153.858186602,5256730.0
2020-04-30,158.881284823,159.195842832,162.488871999,157.288834897,6830654.0
2020-05-01,155.79468435,153.710737534,157.446113902,152.619614438,4277134.0
2020-05-04,152.934172447,158.724005818,159.264652397,152.442675557,5974158.0
2020-05-05,159.765979225,160.473734748,161.348599213,157.524753405,5264761.0
2020-05-06,161.643497347,160.886592136,162.891899449,160.152197482,4112567.0
2020-05-07,163.668464536,167.010643391,168.357344871,163.196627521,6461957.0
2020-05-08,170.008774423,172.908606077,173.085544958,168.239385618,5405882.0
2020-05-11,172.574388192,179.563473975,180.182760057,171.198196898,8695960.0
2020-05-12,179.887861923,174.520715878,179.907521798,173.999729174,5904630.0
2020-05-13,172.191020617,166.755065008,172.230340369,163.441491272,12534949.0
2020-05-14,165.575472471,164.159961427,165.703261663,161.771286539,7442262.0
2020-05-15,164.425369747,168.416324498,168.799692073,163.353906526,5673821.0
2020-05-18,171.040917894,169.566427222,173.989899237,169.202719523,6399484.0
2020-05-19,169.812175667,173.046225207,175.169491774,169.812175667,5264042.0
2020-05-20,175.533199473,173.921089672,176.093505928,171.925612296,4951152.0
2020-05-21,173.921089672,172.279490058,175.259927202,171.95510211,4429652.0
2020-05-22,173.596701724,174.82544395,175.602009037,172.466258876,4965119.0
2020-05-26,178.904868142,173.518062222,178.904868142,173.223164087,8353577.0
2020-05-27,173.291973652,173.596701724,173.606531662,168.455644249,6340206.0
2020-05-28,176.93888058,178.020173739,181.657250728,174.088198615,10363612.0
2020-05-29,171.335816028,171.81748298,172.023911675,167.787208478,19645389.0
2020-06-01,170.156223491,173.360783217,174.501056003,169.743366103,5719312.0
2020-06-02,171.876462607,171.267006463,171.920697327,168.308195182,8571769.0
2020-06-03,171.856802732,172.014081737,172.938095891,169.901628101,6004048.0
2020-06-04,172.023911675,168.524453814,172.446599,167.10894277,7301551.0
2020-06-05,167.217072085,170.92295864,171.222771743,164.159961427,8232167.0
2020-06-08,170.677210195,173.547552035,173.567211911,169.723706227,4592583.0
2020-06-09,173.006905456,171.591394411,173.006905456,170.578910816,4025596.0
2020-06-10,173.252653901,179.00316752,179.396365032,173.056055145,8127243.0
2020-06-11,173.636021475,169.124080021,175.395580343,169.074930332,6521167.0
2020-06-12,172.908606077,172.13204099,174.668164945,168.937311202,5443819.0
2020-06-15,169.074930332,175.572519224,175.85758742,168.357344871,6001846.0
2020-06-16,176.948710517,177.410717594,179.396365032,174.982722955,5825189.0
2020-06-17,177.892384547,178.315071873,179.637198508,177.607316351,5038626.0
2020-06-18,178.816398701,184.468612942,185.785824609,178.526415536,8677753.0
2020-06-19,186.277321499,183.770687357,187.997560616,182.335516437,11840966.0
2020-06-22,183.84932686,188.390758128,189.226302842,183.819837047,6252237.0
2020-06-23,188.734805952,185.844804235,190.789262954,185.382797158,6950841.0
2020-06-24,184.321163875,182.394496064,186.080722743,180.910175455,4903134.0
2020-06-25,182.974462395,185.137048713,185.555902363,181.303372967,4022421.0
2020-06-26,184.802830828,180.054970865,185.019089459,179.907521798,7595666.0
2020-06-29,180.202419932,180.21224987,180.585689208,176.93888058,3972149.0
2020-06-30,180.330209124,184.144224994,184.694701512,180.015651114,4478900.0
2020-07-01,184.901130206,188.626676636,189.540860852,184.272014186,4754613.0
2020-07-02,189.875078737,189.255792655,192.067154869,189.019874148,4200292.0
2020-07-06,191.133310777,194.357530379,196.05810962,190.543514509,5794241.0
2020-07-07,194.298550752,193.040318712,196.815014831,192.87320977,5431497.0
2020-07-08,194.632768638,196.873994458,197.778348737,193.99382268,4233731.0
2020-07-09,198.584403637,197.326171597,199.370798662,192.312903314,6062761.0
2020-07-10,196.657735826,195.497803165,197.311426691,193.731756538,3783209.0
2020-07-13,196.5987562,185.137048713,196.854334583,184.832320641,5555350.0
2020-07-14,182.827013328,186.336301126,186.729498638,180.182760057,5854719.0
2020-07-15,187.781301984,184.891300268,188.83310533,183.574088601,7681765.0
2020-07-16,183.249700654,182.355176313,183.680645127,178.836058577,7350001.0
2020-07-17,183.957456176,184.586572196,185.19602834,180.241739684,4325636.0
2020-07-20,184.704531449,191.772256735,191.988515367,184.085245367,5728974.0
2020-07-21,192.666781076,187.555213414,193.158277966,186.257661623,5377815.0
2020-07-22,187.535553539,188.056540243,188.60701676,185.658035417,2833242.0
2020-07-23,188.223649185,185.333647469,191.261099969,184.321163875,3639519.0
2020-07-24,182.895822892,185.28449778,185.726844982,181.239478371,3908386.0
2020-07-27,186.670519011,187.712492419,188.302288688,185.441776785,3015701.0
2020-07-28,187.751812171,186.277321499,189.688309919,185.834974298,3114398.0
2020-07-29,186.916267457,190.317425939,191.246355062,186.523069944,3747754.0
2020-07-30,186.85728783,188.439907817,188.656166449,184.183544745,3587429.0
2020-07-31,189.717799733,191.536338227,191.673957357,187.427031025,3734611.0
2020-08-03,194.436169881,199.734506361,201.30729641,193.227087531,6561007.0
2020-08-04,199.547737543,197.984777431,199.931105117,195.51746304,4438519.0
2020-08-05,199.351138786,199.193859781,200.432431945,198.151886373,3615762.0
2020-08-06,199.518247729,204.256277753,206.37954432,198.957941274,5113305.0
2020-08-07,203.10617503,197.63089967,203.42073304,195.20290503,5423414.0
2020-08-10,196.991953712,193.807053861,198.053586995,192.391542817,5528192.0
2020-08-11,190.327255877,188.724976014,192.509502071,188.459567693,5015367.0
2020-08-12,189.717799733,189.344262096,192.094678695,188.852765205,3982152.0
2020-08-13,190.032357742,191.821406424,194.701578202,189.943888302,4711598.0
2020-08-14,191.900045926,190.169976872,192.155624309,189.245962718,2833235.0
2020-08-17,192.01800518,193.394196473,193.718584421,191.109718926,3574549.0
2020-08-18,195.940150366,200.540561261,201.317126348,195.615762419,7284820.0
2020-08-19,200.530731324,201.62185442,203.578012045,196.628246013,7080746.0
2020-08-20,200.383282256,205.947027057,206.536823325,200.049064371,5175146.0
2020-08-21,206.369714383,204.00069937,206.42869401,202.742467331,5727827.0
2020-08-24,205.327740975,204.914883587,205.730768425,201.661174172,5698981.0
2020-08-25,209.593933984,212.375806385,214.636692081,207.215089034,27096458.0
2020-08-26,247.67511306,267.688866441,273.242781304,245.227458546,63253354.0
2020-08-27,262.459339527,271.620841565,273.547509376,256.404097836,22817093.0
2020-08-28,266.666552909,266.489614029,271.06053511,262.852537039,28067962.0
2020-08-31,265.40832087,268.013254389,270.038221578,261.387876305,16010104.0
2020-09-01,266.391314651,276.467000906,277.135436677,265.978457262,13303236.0
2020-09-02,278.6492471,271.984549264,279.661730694,264.002639763,12963777.0
2020-09-03,265.978457262,260.503181902,267.128559986,253.032429167,14000573.0
2020-09-04,258.507704527,250.36851602,261.151957798,239.064087539,14374293.0
2020-09-08,236.473898926,237.166909541,249.360947395,236.056224868,15229594.0
2020-09-09,242.209667638,246.171132575,249.139773794,238.828169031,9988571.0
2020-09-10,250.476645336,243.585858931,252.144884082,242.769974093,5944965.0
2020-09-11,246.456200772,238.965788161,247.026337165,235.37786086,5455231.0
2020-09-14,242.121198198,242.445586145,244.637662277,239.889802315,4255201.0
2020-09-15,247.095146729,247.399874802,247.655453185,244.283882815,4133574.0
2020-09-16,250.339026207,246.338241518,251.08610148,245.974533819,5443037.0
2020-09-17,241.934429379,240.371469267,244.583597619,237.206229293,5279535.0
2020-09-18,240.961265536,238.651230151,243.890587003,234.650543761,6595560.0
2020-09-21,234.906023845,240.882626034,240.961265536,232.77292734,5561603.0
2020-09-22,242.543885523,243.566199056,244.342764143,237.157079604,3600779.0
2020-09-23,244.259209671,231.976702378,244.539362899,231.347586358,7507921.0
2020-09-24,231.829253311,233.510172676,235.876631904,229.656837055,4166772.0
2020-09-25,233.352893671,238.611910399,239.796417906,231.052688224,5117842.0
2020-09-28,243.349940424,242.475075959,244.35259408,238.090923696,4088330.0
2020-09-29,241.089054728,243.241811108,243.680717831,240.341979454,4009932.0
2020-09-30,242.455416083,247.04599704,251.063296025,242.033711751,8188533.0
2020-10-01,248.874365473,249.139773794,250.339026207,246.544670212,4318011.0
2020-10-02,245.502696804,243.63500862,250.614264465,243.005892601,4494464.0
2020-10-05,245.74844525,247.252425734,248.972664851,244.765451469,3403534.0
2020-10-06,248.432018272,245.886064379,252.914469913,244.765451469,4448122.0
2020-10-07,247.911031568,255.558723184,256.305798457,247.911031568,4963168.0
2020-10-08,259.70695694,255.794641691,260.119814328,252.708041219,4150423.0
2020-10-09,258.429065024,261.45668587,261.525495435,257.052873731,4225023.0
2020-10-12,265.40832087,262.528149091,265.40832087,260.781074244,4317010.0
2020-10-13,261.889203134,262.292230584,264.218308598,259.736446753,3713230.0
2020-10-14,265.40832087,257.377261679,265.565599874,254.345610559,5133096.0
2020-10-15,253.720524813,253.337157239,256.089539826,249.700080249,5262379.0
2020-10-16,254.831307786,254.153042077,258.055527388,254.09406245,3098043.0
2020-10-19,255.342464552,250.673244092,257.033115556,250.171917264,3242263.0
2020-10-20,251.764367189,251.616918122,254.772328159,249.729570063,2989655.0
2020-10-21,252.088755137,249.906508943,253.91712357,247.566983744,2794023.0
2020-10-22,249.572291058,245.424057302,250.879672786,241.944259317,3688499.0
2020-10-23,245.846744628,246.259602016,246.308751705,242.612695088,3159644.0
2020-10-26,241.128374479,237.864835126,243.890587003,233.343063733,5864144.0
2020-10-27,243.782457688,246.043343384,247.468684366,241.585466587,4285593.0
2020-10-28,240.440278832,234.375207203,241.275823546,233.962349815,4425446.0
2020-10-29,238.395651768,233.107145226,238.395651768,233.097315288,4588957.0
2020-10-30,231.809593435,228.319965512,233.706771432,224.771357963,5743182.0
2020-11-02,231.121497788,228.496904393,234.444016768,225.095745911,3953394.0
2020-11-03,231.101837913,233.097315288,236.842521594,229.312789231,4151377.0
2020-11-04,241.836130001,246.475860647,248.57455237,239.10340729,6505415.0
2020-11-05,253.720524813,255.794641691,256.481361147,251.095931418,8961728.0
2020-11-06,255.57838306,255.725832127,257.298622176,250.162087326,3798638.0
2020-11-09,256.512227151,254.870627537,266.312675148,252.875150162,8777470.0
2020-11-10,253.671375124,243.448239802,254.595389279,238.769189404,6863193.0
2020-11-11,249.198753421,249.857359254,252.373823333,246.937867725,4163391.0
2020-11-12,243.192661419,245.178308857,250.633924341,242.171035982,5612679.0
2020-11-13,248.540147588,245.266778297,249.473991679,243.349940424,5162933.0
2020-11-16,245.276608235,245.640315934,249.179093545,243.959396568,5712565.0
2020-11-17,249.42484199,251.813516878,253.877803818,246.20357137,5090667.0
2020-11-18,252.039605448,252.786680721,258.193146517,251.498958868,5880543.0
2020-11-19,252.472122712,260.149304141,262.547808967,251.31219005,8084559.0
2020-11-20,259.107330733,253.651715249,260.51301184,253.435456617,7289605.0
2020-11-23,256.78746541,253.258517736,257.288792238,250.28004658,5385625.0
2020-11-24,255.57838306,256.404097836,257.849098694,253.435456617,5802107.0
2020-11-25,259.244949863,242.622525026,261.569730155,240.882626034,26394901.0
2020-11-27,246.731439031,243.418749989,247.557153807,242.82895372,7395034.0
2020-11-30,241.305313359,241.619871369,243.418749989,232.05534188,18966437.0
2020-12-01,240.833476345,237.245549044,242.504565772,234.640615524,19349095.0
2020-12-02,221.645437739,217.025366969,222.156594506,211.962948997,52225539.0
2020-12-03,222.264723821,217.212135787,222.264723821,216.38651931,21395316.0
2020-12-04,220.013668063,222.018975376,224.71021575,218.048860093,20504765.0
2020-12-07,224.230711383,223.827683933,225.960780438,222.402342951,12864068.0
2020-12-08,224.761528025,223.984962938,225.597072739,221.82237662,12116750.0
2020-12-09,224.171731757,216.818938275,224.948296844,216.324689002,15651837.0
2020-12-10,216.818938275,219.12897366,220.495335016,216.415910824,9258643.0
2020-12-11,218.145979879,218.63747677,218.952034779,216.238971944,8214441.0
2020-12-14,219.296082603,217.507033921,219.66962024,216.700979021,8508542.0
2020-12-15,218.293428946,216.406080887,218.362238511,214.489243014,10775832.0
2020-12-16,217.713462615,219.817069307,220.190606944,216.504380265,8821387.0
2020-12-17,221.075301346,222.077955003,222.874179966,220.682103834,9946888.0
2020-12-18,223.159248162,223.562275612,223.945643187,220.583804456,11845438.0
2020-12-21,221.075301346,222.618601583,223.57210555,220.888532528,9219003.0
2020-12-22,223.139588287,227.238672353,227.926768,222.746390774,10367337.0
2020-12-23,228.546054082,223.562275612,229.214489853,223.247717602,7090526.0
2020-12-24,224.417480202,221.940335874,225.292344667,221.001773412,6146282.0
2020-12-28,223.357419708,220.819722963,223.965303063,218.273769071,6422513.0
2020-12-29,221.144110911,218.676796521,221.468498859,217.104006471,6122445.0
2020-12-30,219.335402354,218.617816894,219.838301972,217.811761993,4724009.0
2020-12-31,218.490027702,218.745606085,219.001184468,216.425740762,6011121.0
2021-01-04,218.853735401,216.563359892,219.944858498,212.051418437,10319917.0
2021-01-05,215.757304991,217.752782367,219.207613163,214.28281432,8657235.0
2021-01-06,214.292644258,212.474105763,216.710808959,212.110398064,9789849.0
2021-01-07,213.33914029,214.272984382,216.907407715,212.818153586,8443142.0
2021-01-08,216.25863182,218.263939133,218.539177391,215.49189667,7301710.0
2021-01-11,215.894924121,214.538392703,216.828768212,212.552745265,7206463.0
2021-01-12,214.292644258,211.854819681,214.587542392,210.449138574,10735962.0
2021-01-13,213.309650477,214.469583138,215.17733866,211.864649618,6839171.0
2021-01-14,214.518732827,211.933459183,215.767134929,211.884309494,6548025.0
2021-01-15,212.493765638,209.515294482,214.164855066,209.362930446,8525598.0
2021-01-19,211.687710738,213.073731969,213.584888735,210.065770999,7753752.0
2021-01-20,218.214789444,219.640130426,220.819722963,216.229142006,9857747.0
2021-01-21,219.885878871,218.391728324,220.918022341,217.06468672,6800810.0
2021-01-22,221.075301346,221.930505936,223.916153373,219.944858498,10186076.0
2021-01-25,225.783841557,222.077955003,226.383467764,217.55618361,8213455.0
2021-01-26,223.925983311,222.412172889,224.034112627,220.721423585,5021036.0
2021-01-27,219.895708809,220.957342093,223.935813249,217.811761993,7641060.0
2021-01-28,221.173600725,222.648091396,225.695372117,221.173600725,7246045.0
2021-01-29,220.839382839,221.724077242,224.899147154,219.227273038,6472983.0
2021-02-01,223.346016981,224.574759207,225.990270251,220.92293731,5696684.0
2021-02-02,227.533570488,230.21714351,231.937382626,227.445101047,7134891.0
2021-02-03,231.003538535,230.826599654,231.986532316,228.310135575,5357550.0
2021-02-04,231.514695301,233.932860002,234.178608447,231.465545612,4770722.0
2021-02-05,235.082962726,234.827384343,235.28939142,232.389559766,5019976.0
2021-02-08,235.436840487,234.866704094,237.009630536,233.097315288,4336360.0
2021-02-09,235.485990176,232.674627962,235.997146942,232.219108644,5157234.0
2021-02-10,233.411873298,232.694287838,234.168778509,229.981225002,5535571.0
2021-02-11,234.866704094,237.137419728,238.759359467,234.52265627,6091619.0
2021-02-12,236.852351531,236.282215138,237.451977738,234.847044218,4314439.0
2021-02-16,240.833476345,244.362424018,246.9575276,239.653883807,10837611.0
2021-02-17,244.362424018,243.448239802,245.256948359,241.324973235,5907885.0
2021-02-18,241.786980312,242.809293844,243.792287625,238.444899756,4159075.0
2021-02-19,243.782457688,242.366946643,245.148819043,241.79681025,4647670.0
2021-02-22,240.106060947,236.852351531,240.36163933,236.292045076,5055001.0
2021-02-23,231.259116918,231.632654554,234.896193907,225.115405786,8641607.0
2021-02-24,231.524525238,236.380514517,237.392998111,227.572890239,6128260.0
2021-02-25,234.473506581,227.150202913,236.262555263,225.86248106,8828937.0
2021-02-26,225.488943423,212.818153586,226.58006652,212.660874581,20372918.0
2021-03-01,216.160332441,213.840467118,216.455230576,211.373152728,14027677.0
2021-03-02,214.68584177,209.83968243,214.882440526,209.711893238,10211493.0
2021-03-03,209.21056641,202.496718886,209.692233362,201.902007648,11459016.0
2021-03-04,203.322433662,201.838113052,205.534169669,198.083076809,12800545.0
2021-03-05,206.438523947,207.175769283,208.738729395,199.763996174,11405951.0
2021-03-08,209.987131497,204.187468189,211.245363536,204.040019122,9576414.0
2021-03-09,208.571620452,207.932674494,212.120228001,207.578796733,9732242.0
2021-03-10,211.068424656,208.35536182,212.474105763,208.168593002,7186394.0
2021-03-11,211.343662915,212.277507006,214.4597532,210.708354034,6430984.0
2021-03-12,209.820022554,208.601110266,210.213220066,205.740598363,6114641.0
2021-03-15,208.247232504,209.181076596,209.318695726,205.937197119,5741240.0
2021-03-16,211.18638391,210.832506148,213.004922404,209.844597398,5311048.0
2021-03-17,209.888832119,209.495634606,211.156894096,207.274068661,5805143.0
2021-03-18,207.116789656,205.917537243,207.785225427,204.85590396,5583153.0
2021-03-19,206.241925191,208.591280328,209.131926907,205.514509793,7088442.0
2021-03-22,207.883524805,211.510771857,213.289990601,207.770480521,5002466.0
2021-03-23,211.107744407,211.343662915,213.732337802,210.685057081,4578046.0
2021-03-24,211.471452106,205.966686932,211.618901173,205.848727679,4617736.0
2021-03-25,202.663827828,201.946242368,204.62981539,200.894439022,7977209.0
2021-03-26,202.142841124,205.534169669,205.848727679,201.287636535,7333155.0
2021-03-29,205.455530166,207.185599221,208.052599736,202.486888948,5686945.0
2021-03-30,205.091822467,206.42869401,207.696755987,203.828675459,4717943.0
2021-03-31,206.861211273,208.26689238,210.036182886,206.536823325,6837964.0
2021-04-01,209.967471621,215.00039978,215.206828474,209.741383051,7763501.0
2021-04-05,215.875264245,216.543700016,218.067340377,215.206828474,5553185.0
2021-04-06,216.081692939,217.330095041,217.78227218,214.538392703,5448464.0
2021-04-07,218.18529963,217.035196906,218.893055153,215.659005613,4403436.0
2021-04-08,219.207613163,220.632954145,221.871526309,218.666966583,6169133.0
2021-04-09,220.514994891,227.346801669,227.376291483,219.826899245,7319270.0
2021-04-12,225.616732615,224.869657341,225.941120562,223.287037354,6205676.0
2021-04-13,225.105575849,228.054557192,229.519217925,224.614078958,5397052.0
2021-04-14,228.890101905,224.142241943,229.175170102,223.788364182,4617597.0
2021-04-15,225.960780438,229.037550973,229.116190475,225.597072739,5073856.0
2021-04-16,230.020544754,227.966087751,230.020544754,225.983880792,5088749.0
2021-04-19,226.904454468,226.58006652,228.246535877,224.977786657,4257749.0
2021-04-20,226.08856963,224.083262316,227.513910612,223.031458971,4081214.0
2021-04-21,223.247717602,226.639046147,226.865134716,222.815200339,4024031.0
2021-04-22,226.08856963,227.415611234,229.912415438,225.115405786,4975361.0
2021-04-23,228.978571346,229.538877801,231.485205487,227.808808746,5448503.0
2021-04-26,230.059864505,231.455715674,231.794258732,228.462991108,3459634.0
2021-04-27,231.455715674,230.226973448,231.888232937,227.966087751,3445222.0
2021-04-28,231.003538535,232.851566843,234.276907825,229.558537676,4274512.0
2021-04-29,233.284084106,230.374422515,233.62813193,228.221666134,4140803.0
2021-04-30,228.840952216,226.403127639,230.512041644,225.616732615,5024797.0
2021-05-03,226.845474841,219.954688436,227.52374055,219.276422727,5835707.0
2021-05-04,217.900231434,213.486589357,218.224619382,210.714645194,6727513.0
2021-05-05,215.098699158,211.736860427,215.832602315,211.18638391,4205781.0
2021-05-06,212.134972908,214.341793947,214.567882516,209.869172243,5200021.0
2021-05-07,216.759958648,212.818153586,217.483638669,211.432132355,5774748.0
2021-05-10,211.833193817,210.252539818,212.287336944,209.603763922,5263698.0
2021-05-11,205.445700229,211.894139432,212.882048182,205.357230788,6097853.0
2021-05-12,209.711893238,206.959510651,209.741284752,205.445700229,5482463.0
2021-05-13,209.348185539,208.257062442,211.972778934,206.89168408,5337992.0
2021-05-14,210.547437952,213.958426372,214.558052578,210.508118201,4429018.0
2021-05-17,212.906623026,211.402642541,214.017405999,209.200736472,3816066.0
2021-05-18,211.776180178,210.685057081,213.655959186,210.154240439,3540556.0
2021-05-19,212.179207628,217.575843486,217.831421869,210.861995962,8092067.0
2021-05-20,219.187953287,219.974348312,222.972479344,218.578497143,6705464.0
2021-05-21,221.380029419,218.794755774,221.944464448,218.657136645,4913623.0
2021-05-24,221.173600725,223.129758349,223.729384555,220.397035638,5288324.0
2021-05-25,224.122582068,223.837513871,225.813331371,222.431832764,6256329.0
2021-05-26,224.594419082,225.77401162,226.324488137,224.407650264,5807104.0
2021-05-27,225.616732615,221.989485563,225.616732615,221.556968299,15344063.0
2021-05-28,235.15177229,234.050819256,239.358985673,233.785410935,17814520.0
2021-06-01,233.952519878,232.183131072,234.34571739,228.506734331,8103888.0
2021-06-02,230.413742266,230.630000898,234.237588074,229.922245375,5543876.0
2021-06-03,228.929421657,226.914284406,229.214489853,225.528263174,5109029.0
2021-06-04,227.690849493,233.441363111,233.844390562,227.582720177,6177588.0
2021-06-07,232.576328584,234.090139007,235.397520736,231.829253311,3510776.0
2021-06-08,234.738914902,232.399389704,237.678066307,231.662144368,5827260.0
2021-06-09,234.807724467,232.075001756,234.807724467,231.504865363,3350916.0
2021-06-10,231.986532316,236.105276258,236.203575636,231.150987602,4659511.0
2021-06-11,234.965003472,236.223235512,236.282215138,234.355547328,4624184.0
2021-06-14,236.606603086,242.072048509,242.445586145,236.390344454,6764691.0
2021-06-15,241.039905039,238.454631394,241.182439137,237.894324939,5135289.0
2021-06-16,237.884495002,238.267862576,240.843306282,235.407350673,5099349.0
2021-06-17,237.884495002,240.273169889,242.976402787,237.098099977,5170176.0
2021-06-18,237.737045934,238.651230151,241.826300063,236.960480847,7822172.0
2021-06-21,239.309835984,240.322319578,240.558238086,234.827384343,5895120.0
2021-06-22,239.653883807,238.975618098,240.558238086,236.792880408,4457165.0
2021-06-23,239.604734118,237.727215997,240.341979454,236.754052153,4482408.0
2021-06-24,239.211536606,239.624393994,243.477729615,238.572590648,4987330.0
2021-06-25,240.037251382,237.75670581,240.04708132,236.891671283,15409267.0
2021-06-28,240.056911258,240.410789019,243.379430237,239.457285051,4274889.0
2021-06-29,240.282999827,241.629701307,242.583205275,238.307182327,3871917.0
2021-06-30,241.305313359,240.115890884,242.430841239,239.358985673,4168762.0
2021-07-01,240.341979454,240.813816469,242.396436456,238.493951146,3899605.0
2021-07-02,242.720824404,243.979056444,244.726131717,241.659191121,4056827.0
2021-07-06,244.765451469,245.994193695,248.61878709,244.15196505,5590223.0
2021-07-07,248.697426593,244.214974951,249.188923483,243.644838558,5101415.0
2021-07-08,240.67619734,241.619871369,242.386606518,237.628916618,5159623.0
2021-07-09,241.413442675,240.892455971,243.782457688,239.938952004,4213545.0
2021-07-12,243.015722538,238.779019342,243.05504229,237.737045934,5604490.0
2021-07-13,238.169563198,239.870142439,242.951827943,237.569936992,6699829.0
2021-07-14,240.341979454,238.307182327,241.959004224,235.790718248,6375745.0
2021-07-15,237.117759852,233.539662489,237.909069846,231.809691734,7912574.0
2021-07-16,234.247418012,234.375207203,236.783541967,233.726431308,7288104.0
2021-07-19,232.487859144,233.510172676,234.444016768,230.325371125,8842963.0
2021-07-20,234.640615524,236.026636755,239.044427663,232.251940636,8486974.0
2021-07-21,237.334018484,237.992624317,238.847828907,234.217928198,15323125.0
2021-07-22,239.358985673,244.057695946,244.470553334,239.201706668,7868703.0
2021-07-23,245.74844525,244.028206133,246.298921767,242.484905897,5877259.0
2021-07-26,243.979056444,243.389260175,244.254294702,241.639531245,3960897.0
2021-07-27,243.005892601,239.368815611,243.910246879,237.088270039,6352540.0
2021-07-28,239.673543683,239.811162812,241.895109628,238.867488783,4100237.0
2021-07-29,239.349155735,239.889802315,241.97374913,239.349155735,3271103.0
2021-07-30,238.867488783,237.815685437,240.086401071,237.520787303,3748445.0
2021-08-02,238.189223074,236.763882091,238.346502079,234.817554405,3525726.0
2021-08-03,237.275038857,237.029290412,238.916638472,234.97483341,3077919.0
2021-08-04,237.510957365,240.017591506,240.489428521,235.594119492,4121614.0
2021-08-05,240.518918335,246.298921767,246.634614143,239.400074813,5235193.0
2021-08-06,244.991540038,246.32841158,247.793072314,244.9817101,4045384.0
2021-08-09,247.144296419,245.080009478,248.1272902,243.63500862,3312170.0
2021-08-10,246.603649839,239.250856357,246.977187476,238.906808534,4430617.0
2021-08-11,240.509088397,238.15973326,241.963919193,236.016806818,3999205.0
2021-08-12,238.375991892,244.165825262,244.205145013,237.815685437,4468390.0
2021-08-13,247.429364615,247.281915548,249.454331804,244.637662277,5986436.0
2021-08-16,245.915554192,244.962050225,246.731439031,240.312489641,4048733.0
2021-08-17,244.038036071,242.789633969,244.962050225,241.757490499,3472597.0
2021-08-18,243.782457688,246.947697662,252.427887991,243.507219429,8306650.0
2021-08-19,244.932560411,248.766236157,251.095833119,244.155995324,6600793.0
2021-08-20,248.697426593,251.774197127,253.484606306,248.314059018,5510730.0
2021-08-23,252.629401717,256.089539826,257.401836523,252.206714391,7603867.0
2021-08-24,257.465731119,255.244165174,258.035867512,254.653189313,6685164.0
2021-08-25,256.423757711,256.413927773,257.446071243,254.344725864,9700952.0
2021-08-26,265.211722113,263.235904613,270.539548406,262.813217288,18986966.0
2021-08-27,263.304714178,261.997332449,266.30284521,260.91603929,7992509.0
2021-08-30,261.289576927,260.463862151,263.029475919,260.247603519,5729953.0
2021-08-31,260.267263395,260.758760285,262.233250957,258.232466268,5901518.0
2021-09-01,261.741754066,263.756891317,268.612880596,261.073318295,7189035.0
2021-09-02,264.425327089,259.657807251,264.680905472,259.431718681,4499608.0
2021-09-03,259.117160671,262.537979029,262.862366977,257.347870165,7357515.0
2021-09-07,262.007162387,260.699780659,263.344033929,259.579167748,4673779.0
2021-09-08,259.136820547,258.153826766,259.844576069,257.131513233,3851513.0
2021-09-09,257.367431741,256.305798457,259.225289987,256.021713255,4126467.0
2021-09-10,256.561376841,252.826000473,257.141244872,252.137904826,5280883.0
2021-09-13,252.629401717,249.788549689,253.306782731,247.90120163,5258184.0
2021-09-14,249.788549689,250.044128072,250.77154347,248.697426593,4097542.0
2021-09-15,250.211237015,251.80368694,252.378738302,248.648276903,4764574.0
2021-09-16,251.184400858,255.932260821,256.777635472,250.663414155,5122575.0
2021-09-17,254.860797599,256.099369763,257.249472487,254.280831269,7053537.0
2021-09-20,252.226374266,253.828654129,254.806732941,250.604434528,5985544.0
2021-09-21,255.057396356,253.582905684,258.085017201,253.386306928,6040565.0
2021-09-22,254.4970899,254.762498221,255.931277827,251.85283663,4355561.0
2021-09-23,265.40832087,273.134651988,274.638632473,261.869543258,15617209.0
2021-09-24,273.763768008,280.772513667,281.490099127,273.478699812,13368305.0
2021-09-27,277.636763505,274.92370067,278.934315296,274.29458465,5941145.0
2021-09-28,270.43141909,267.64954669,271.994379202,265.447640621,7127081.0
2021-09-29,268.838969165,265.89981776,270.010894351,264.661245596,4361850.0
2021-09-30,266.047266827,266.607573282,269.595874377,265.840838133,5226998.0
2021-10-01,266.882811541,270.578868158,271.640501441,264.199238519,4756004.0
2021-10-04,270.539548406,266.253695521,270.618187909,261.613964875,6393840.0
2021-10-05,267.482437747,267.148219862,268.896965798,266.420804464,4050404.0
2021-10-06,265.083932922,270.588698095,270.804956727,262.950836417,4745485.0
2021-10-07,272.190977958,269.910432386,274.746761789,269.423850465,5374204.0
2021-10-08,270.854106416,267.846145446,272.210637834,267.639716752,2683286.0
2021-10-11,267.1580498,269.094547548,271.571691876,266.892641479,2693021.0
2021-10-12,271.719140944,274.255264899,275.975110818,271.330072005,5970095.0
2021-10-13,275.23825868,279.573261254,280.251526963,273.862067386,6575213.0
2021-10-14,281.136221366,285.087856365,285.697312509,279.819009699,5435676.0
2021-10-15,287.515851004,286.699966166,287.889388641,284.399760718,5119331.0
2021-10-18,285.834931639,286.739285917,288.262926278,283.800134512,5163348.0
2021-10-19,287.13248343,287.368401937,290.504152098,286.405068032,3631164.0
2021-10-20,288.125307148,285.15666593,290.386192845,283.053059238,4487918.0
2021-10-21,284.547209786,284.881427671,286.615527,283.367617248,2828499.0
2021-10-22,284.085202709,287.584660569,288.017177833,283.279147808,2927049.0
2021-10-25,288.312075967,288.921532111,290.110954586,286.758945793,2993500.0
2021-10-26,290.749900544,290.09129471,293.286024499,288.626633977,3601447.0
2021-10-27,291.487145879,290.130614462,294.101909337,290.071634835,3742741.0
2021-10-28,290.051974959,293.305684374,293.728273401,288.538164536,3450407.0
2021-10-29,292.932146738,294.593406227,295.664869449,291.231567496,4251850.0
2021-11-01,296.372624971,297.611197135,299.675484075,294.622896041,3825097.0
2021-11-02,296.588883603,297.797965953,298.279632906,294.318167969,4177512.0
2021-11-03,298.780959734,297.738986327,298.780959734,293.118915556,3260169.0
2021-11-04,298.338612533,302.801404299,303.165111998,297.257319374,3833787.0
2021-11-05,303.253581438,302.024839212,306.104263403,298.181333528,4681990.0
2021-11-08,301.975689523,304.688752358,306.094433465,300.697895907,3893014.0
2021-11-09,304.72807211,304.443003913,306.448311226,301.995349398,3126523.0
2021-11-10,301.356403441,294.573746352,303.342050878,292.819102453,4350924.0
2021-11-11,296.372624971,297.827455767,300.55034854,296.372624971,2681892.0
2021-11-12,299.321606314,301.435042943,301.995349398,296.500414163,3803734.0
2021-11-15,301.680791388,300.294770157,302.52616604,298.073204212,3595625.0
2021-11-16,298.908748926,301.867560207,302.349227159,297.572860378,2989383.0
2021-11-17,302.545825916,302.781744423,304.629772731,302.024839212,3864656.0
2021-11-18,300.95337599,297.837285705,301.769260829,294.485276911,4444339.0
2021-11-19,300.511028789,296.048237023,300.796096986,295.979427459,4758869.0
2021-11-22,296.706842857,291.791873952,300.294770157,291.673914698,4476157.0
2021-11-23,288.65612379,286.464047659,291.428166253,283.406937,6432469.0
2021-11-24,281.175541117,284.252311651,284.527451611,278.383838779,5091437.0
2021-11-26,279.661730694,279.376662498,282.679521602,278.226559774,4195279.0
2021-11-29,284.596359475,291.693574573,293.315514312,279.85832945,8215565.0
2021-11-30,291.152927994,280.113907833,294.180548839,278.580437535,13597638.0
2021-12-01,266.646893034,247.222935921,272.23029771,247.18361617,30744431.0
2021-12-02,248.520487712,256.757975597,258.114507014,247.85215024,12200786.0
2021-12-03,257.10202342,253.926953507,257.298622176,247.419534677,8944026.0
2021-12-06,251.744707314,254.349640833,254.821477848,246.446370834,7122951.0
2021-12-07,260.955359042,262.449509589,265.634409439,259.117160671,7401230.0
2021-12-08,263.74706138,261.781073818,263.933830198,260.070664639,4586480.0
2021-12-09,261.515665497,259.824916193,262.144781517,258.173486641,3966956.0
2021-12-10,261.574645124,261.505835559,265.968627325,259.942875447,3480091.0
2021-12-13,261.279746989,261.240427238,265.958797387,260.10998439,3625721.0
2021-12-14,257.544370622,251.243380485,257.691819689,248.992324727,7227339.0
2021-12-15,250.515965087,255.617702811,255.765151878,247.616133433,6484942.0
2021-12-16,255.57838306,248.815385846,256.905326364,247.930691443,6556672.0
2021-12-17,246.967357538,248.628617028,249.582120995,242.593035212,12170272.0
2021-12-20,245.640315934,243.005892601,247.262255672,242.307967016,5580059.0
2021-12-21,243.782457688,248.255079391,248.70725653,241.07922479,5428209.0
2021-12-22,249.110283981,248.500827836,249.935998757,245.266778297,4982392.0
2021-12-23,246.9575276,248.835045722,249.985148446,245.094754385,3769478.0
2021-12-27,249.080794167,253.907293632,254.035082823,248.9333451,3532542.0
2021-12-28,255.312974739,251.105761356,256.345118209,250.60246854,3296365.0
2021-12-29,251.646407936,250.211237015,252.069095261,248.815385846,2592745.0
2021-12-30,250.958312289,250.987802102,253.514096119,250.132597513,2950573.0
2021-12-31,250.142427451,249.808209565,252.128074888,249.316712675,3169312.0
2022-01-03,250.673244092,251.115591294,252.334503582,244.421403645,4318489.0
2022-01-04,252.481952649,244.008546257,252.501612525,239.255771326,7240729.0
2022-01-05,232.153641258,223.79819412,234.149118634,223.444316359,18882465.0
2022-01-06,224.161901819,225.253024916,230.492381768,222.208889775,9376094.0
2022-01-07,224.614078958,224.42731014,228.32979545,222.205744195,6286718.0
2022-01-10,221.665097615,225.724861931,225.921460687,215.167508723,7803784.0
2022-01-11,224.908977092,230.84625953,232.330580139,222.707071023,7635332.0
2022-01-12,232.969526097,233.785410935,235.210751917,231.750613808,6718884.0
2022-01-13,233.461022987,224.74186815,234.729084964,224.043942565,6680317.0
2022-01-14,224.152071881,227.29765198,229.322619169,223.736658709,5805137.0
2022-01-18,224.564929269,222.215574132,226.80615509,221.468498859,6034024.0
2022-01-19,223.601595364,222.422002826,228.260985886,222.323703448,5332617.0
2022-01-20,225.174385413,219.148633536,227.464760923,218.706286334,5663652.0
2022-01-21,219.266592789,214.91193034,220.947512155,214.538392703,9128418.0
2022-01-24,208.778049146,219.237102976,219.581150799,203.981039495,11674760.0
2022-01-25,217.241625601,211.727030489,220.092307565,211.019274967,9092713.0
2022-01-26,215.875264245,207.411687791,217.69380274,205.514509793,10029562.0
2022-01-27,210.439308636,209.122096969,219.35506223,208.453661198,9468583.0
2022-01-28,210.655567268,218.352408573,218.509687578,207.293728537,8254892.0
2022-01-31,219.158463473,228.673843274,228.949081532,218.480197765,7084216.0
2022-02-01,228.41826489,228.172516445,228.821292341,222.471152515,6387115.0
2022-02-02,229.76496637,221.183430662,230.502211706,219.224225757,9378866.0
2022-02-03,214.361453822,209.151586783,217.036081601,206.821891522,12826597.0
2022-02-04,211.333832977,215.501726608,217.900231434,209.564444171,6176474.0
2022-02-07,215.275638039,213.280160663,217.674142864,212.975432591,3922259.0
2022-02-08,211.933459183,213.732337802,214.233664631,208.542130639,5628683.0
2022-02-09,217.37924473,218.263939133,218.4113882,211.90396937,6107708.0
2022-02-10,213.997746123,213.96825631,218.214789444,212.139887877,5312607.0
2022-02-11,213.919106621,204.364407069,216.189822255,202.606912488,8165623.0
2022-02-14,202.300120129,202.889916398,206.330394631,201.150017406,7005942.0
2022-02-15,206.182945564,210.606417579,210.920975589,204.973863214,6355740.0
2022-02-16,207.411687791,208.139103188,208.80753896,204.669135142,7072715.0
2022-02-17,204.787094395,196.628246013,206.182945564,196.107259309,8820050.0
2022-02-18,196.991953712,193.492495852,199.15454003,192.460352381,6691812.0
2022-02-22,192.204773998,191.811576486,198.03392712,190.233871468,8434762.0
2022-02-23,193.010828899,187.299635031,195.615762419,186.896607581,7784294.0
2022-02-24,181.598271101,200.81579952,201.415425726,181.303372967,11792612.0
2022-02-25,201.242418821,204.551175888,204.922157741,198.181376187,5853614.0
2022-02-28,204.256277753,206.949680713,208.070293624,203.430562977,7904654.0
2022-03-01,209.770872865,205.337570913,210.744036708,204.914883587,12587317.0
2022-03-02,212.424956074,206.812061584,213.613985351,197.729297347,16670096.0
2022-03-03,206.812061584,201.267976659,208.030973873,200.746989955,6559852.0
2022-03-04,201.21882697,199.55756748,202.870256522,195.871340802,6816423.0
2022-03-07,199.990084744,192.892869645,201.44491554,192.706100827,7043501.0
2022-03-08,190.976031772,188.813445454,193.846373613,185.982423365,8229049.0
2022-03-09,194.976816461,199.705016547,201.739813674,193.866033488,6881263.0
2022-03-10,195.714061797,196.746205267,197.778348737,194.17076156,5604161.0
2022-03-11,201.287636535,194.534469259,201.287636535,194.269060939,5196914.0
2022-03-14,194.868687145,189.835758986,196.756035204,188.557867071,5665470.0
2022-03-15,195.153755341,192.804400205,196.559436448,189.462221349,5276325.0
2022-03-16,195.281544533,202.07403156,202.398419507,193.974162804,6043359.0
2022-03-17,201.140187468,206.83172146,207.097129781,199.115318578,5842555.0
2022-03-18,205.671788798,215.079039282,215.845774431,204.762519551,12220551.0
2022-03-21,214.479413076,210.085430875,215.373937417,207.028320216,6448739.0
2022-03-22,210.085430875,214.499072952,218.077170314,208.999222747,7018788.0
2022-03-23,210.232879942,207.519817106,210.291859569,204.76743452,8404667.0
2022-03-24,208.738729395,210.341009258,210.468798449,206.300904818,4150252.0
2022-03-25,210.626077454,207.441177604,212.189037566,204.934543462,3657994.0
2022-03-28,206.802231646,211.618901173,211.717200551,205.740598363,4290886.0
2022-03-29,214.902100402,217.526693797,218.376983418,213.083561907,5370373.0
2022-03-30,215.973563623,211.284683288,216.111182752,209.770872865,4951199.0
2022-03-31,210.852166024,208.709239581,213.103221782,208.188252877,7141260.0
2022-04-01,208.866518586,208.640430017,210.390158947,206.468013761,6007859.0
2022-04-04,210.979955216,215.128188971,217.241625601,210.458968512,7845801.0
2022-04-05,214.292644258,206.566313139,214.558052578,205.121312281,7304637.0
2022-04-06,201.720153799,197.4048111,201.970817213,194.71140814,7171285.0
2022-04-07,195.733721672,196.756035204,199.272499284,194.819537456,5245971.0
2022-04-08,195.261884657,193.816883799,196.736375329,193.27623722,3897664.0
2022-04-11,190.907222208,192.126134496,193.748074235,188.892084956,5173760.0
2022-04-12,196.353007754,191.497018476,197.699709234,191.270929906,4832184.0
2022-04-13,188.720061045,192.391542817,193.748074235,186.100382618,8733017.0
2022-04-14,192.981339085,186.188852059,193.109128277,186.00208324,5126676.0
2022-04-18,185.097728962,183.829666984,186.129872432,182.374836188,4899472.0
2022-04-19,184.055755554,188.135179745,188.931404708,182.365006251,6120405.0
2022-04-20,189.609670417,183.062931835,190.012697867,182.915482768,6015364.0
2022-04-21,185.569565977,174.215987806,186.935927332,173.734320853,9119512.0
2022-04-22,174.677994883,168.514623876,176.005036488,168.190235929,8843906.0
2022-04-25,166.804214697,171.601224349,171.787993167,166.349874972,7988936.0
2022-04-26,169.684386476,167.187582272,170.765679635,164.700608006,8073280.0
2022-04-27,168.091936551,171.709353665,174.215987806,167.723313883,9644616.0
2022-04-28,178.324901811,182.581264882,183.751027482,175.936226923,10617861.0
2022-04-29,179.465174597,172.947925829,182.207727246,172.318809809,7110752.0
2022-05-02,172.112381115,174.550205692,174.756634386,170.175883366,6278442.0
2022-05-03,173.940749547,175.326770779,177.317333185,173.134694647,5047686.0
2022-05-04,176.653812383,182.325686499,182.81718339,171.768333291,7563074.0
2022-05-05,177.420547532,169.369828466,179.13587168,166.932003889,8379395.0
2022-05-06,166.607615941,166.814044635,169.497617657,162.764110257,7232666.0
2022-05-09,163.884723168,160.817782571,167.392536475,159.372781713,9997769.0
2022-05-10,164.572818815,164.307410494,168.347514934,160.498309592,8598717.0
2022-05-11,162.685470755,158.527407061,167.089282894,158.094889798,7220076.0
2022-05-12,154.261214052,157.691862348,164.012512359,152.010158293,10187549.0
2022-05-13,160.768632882,164.071491986,165.811390979,159.254822459,6499749.0
2022-05-16,161.938395481,161.328939337,163.285096961,159.127033268,5065837.0
2022-05-17,164.484349374,160.945571763,166.224248367,155.578425718,7317728.0
2022-05-18,160.051047422,154.654411564,161.72213685,153.533798654,7454376.0
2022-05-19,152.590124624,152.953832323,156.541759624,152.098627734,8382193.0
2022-05-20,156.040432795,156.934957136,157.99659042,151.921688853,9068740.0
2022-05-23,157.121725955,157.593562969,157.99659042,153.258560395,6148844.0
2022-05-24,155.086928828,154.261214052,155.696384972,151.921688853,6928394.0
2022-05-25,152.678594064,156.934957136,159.136863206,152.678594064,7436776.0
2022-05-26,156.974276887,159.697169661,160.906252011,154.890330072,6697678.0
2022-05-27,157.937610793,162.292273243,162.420062434,157.524753405,7883615.0
2022-05-31,164.120641675,157.514923467,164.435199685,156.640059002,18114610.0
2022-06-01,174.982722955,173.07571502,181.283713092,171.404625592,37037406.0
2022-06-02,172.023911675,185.19602834,186.896607581,171.72901354,19231217.0
2022-06-03,181.853849485,181.765380044,186.414940628,180.674256947,9223960.0
2022-06-06,185.717015044,179.760072731,187.181675778,178.609970007,5811718.0
2022-06-07,178.619799945,183.967286114,185.392627096,178.619799945,6331089.0
2022-06-08,183.819837047,185.972593427,187.319196607,182.237217059,6226152.0
2022-06-09,185.323817531,183.927966362,189.403143423,183.436469472,8486282.0
2022-06-10,180.507148005,175.415240219,180.821706014,174.190823165,7857553.0
2022-06-13,167.649589349,163.206457459,169.743366103,162.252953491,10726191.0
2022-06-14,165.860540668,161.653327285,166.745235071,159.392441589,8576172.0
2022-06-15,163.894553106,165.683601787,168.583433441,161.879415855,7740676.0
2022-06-16,160.945571763,157.131555892,164.061662048,155.922473542,8090882.0
2022-06-17,155.863493915,160.483564686,163.403056215,155.48012634,13074626.0
2022-06-21,162.243123554,163.992852484,166.469996812,162.095674486,6736788.0
2022-06-22,161.89907573,164.602308628,167.551289971,161.417408778,5865254.0
2022-06-23,166.214418429,170.107073802,170.441193388,164.27792068,7257956.0
2022-06-24,174.697654759,182.758203763,183.234955747,173.547552035,12107108.0
2022-06-27,182.944972581,178.226602433,183.406979658,177.402362147,6170845.0
2022-06-28,177.223948776,168.54411369,179.229256089,168.524453814,6682362.0
2022-06-29,169.566427222,167.708568976,170.824659262,165.201934834,5430441.0
2022-06-30,162.243123554,162.233293616,164.651458317,158.370128056,9539418.0
2022-07-01,161.958055357,165.339553964,166.273398056,161.260129773,4561576.0
2022-07-05,163.275267024,169.271529088,169.418978155,161.81060629,4618069.0
2022-07-06,170.569080879,169.792515792,172.082891301,167.924827608,4085109.0
2022-07-07,171.208026836,173.636021475,173.930133215,170.225033055,4000121.0
2022-07-08,171.090067583,172.515408565,173.606531662,169.900645108,2869242.0
2022-07-11,171.040917894,171.394795655,173.321463465,168.347514934,3697537.0
2022-07-12,169.281359026,163.501355593,170.431461749,161.555027907,7072984.0
2022-07-13,159.648019972,160.709653255,163.019688641,158.429107683,6225916.0
2022-07-14,158.291488554,158.301318492,158.959924325,154.968969574,6096089.0
2022-07-15,160.925911887,164.533499063,164.759587633,159.461251153,6037651.0
2022-07-18,166.076799299,165.034825892,169.704046351,164.268090742,3818189.0
2022-07-19,168.013297048,170.854149075,171.139217272,164.956186389,4373417.0
2022-07-20,173.105204834,179.347215343,180.379260514,172.623537881,5654028.0
2022-07-21,177.587656475,182.197897308,182.374836188,176.84549617,3885958.0
2022-07-22,181.922659049,179.366875219,184.370313564,177.853064796,3804734.0
2022-07-25,178.737759199,174.274967433,178.895038204,172.097636208,4407891.0
2022-07-26,174.098028552,167.561119909,174.117688428,166.873122561,3886477.0
2022-07-27,171.886292545,177.233778714,179.130956711,171.384965717,4960877.0
2022-07-28,175.375920468,178.206942557,178.786908888,172.938095891,4562052.0
2022-07-29,178.727929261,180.890515579,181.283713092,177.155139211,4751359.0
2022-08-01,178.216772495,179.868202047,182.030788365,176.702962072,3997132.0
2022-08-02,177.735105542,180.664427009,181.991468614,176.379655417,4317852.0
2022-08-03,182.374836188,186.424770566,187.437254161,182.217557183,5786256.0
2022-08-04,185.353307345,188.017220491,188.321948563,184.065585492,3759666.0
2022-08-05,183.819837047,186.935927332,188.538207195,183.112081524,4090307.0
2022-08-08,187.840281611,186.523069944,191.064501212,185.864464111,3398638.0
2022-08-09,183.1317414,179.140786649,183.947626238,176.761941699,5851671.0
2022-08-10,184.960109832,185.402457034,186.34514807,183.04327196,4179165.0
2022-08-11,188.862595143,183.554428726,189.226302842,183.151401275,4175064.0
2022-08-12,183.456129348,186.660689074,186.788478265,182.350261344,3846152.0
2022-08-15,185.834974298,187.810791797,188.838020299,185.68752523,2768479.0
2022-08-16,186.326471188,186.365790939,187.604363103,183.190721027,3835945.0
2022-08-17,184.527592569,184.763511076,186.208511934,183.298850343,3181278.0
2022-08-18,185.215688216,184.734021263,185.363137283,183.436469472,2791624.0
2022-08-19,182.070108116,180.644767134,182.286366748,178.492010753,4346139.0
2022-08-22,176.93888058,173.970239361,177.51884691,173.065885082,5182913.0
2022-08-23,172.888946202,173.006905456,175.080334238,171.930527265,5076836.0
2022-08-24,173.665511289,176.948710517,178.14796293,173.065885082,11438813.0
2022-08-25,165.7130916,170.952448453,171.178537023,162.744450382,24025585.0
2022-08-26,171.001598142,162.420062434,173.30180359,161.830266166,11074721.0
2022-08-29,161.486218342,157.485433654,162.995113796,157.328154649,9329900.0
2022-08-30,159.382611651,156.954617012,161.063531016,155.686555034,8079359.0
2022-08-31,157.072576265,153.464989089,158.468427435,153.317540022,9166083.0
2022-09-01,152.236246863,150.919035196,152.688424002,148.304271739,9924037.0
2022-09-02,153.799206975,151.076314201,155.971623231,150.358728741,7315696.0
2022-09-06,150.280089239,149.139816453,151.803729599,148.25512205,6373733.0
2022-09-07,148.717129127,150.673286751,151.441496391,147.920904164,6211356.0
2022-09-08,149.729612721,154.231724238,154.35951343,149.19879608,6659237.0
2022-09-09,155.902813666,159.824958852,160.517969468,155.775024475,5645429.0
2022-09-12,160.906252011,162.813259947,162.84274976,159.972407919,6353354.0
2022-09-13,155.558765843,155.411316776,158.512662155,155.126248579,5463179.0
2022-09-14,155.892983728,157.554243218,158.900944698,155.322847335,6037309.0
2022-09-15,154.13342486,152.147777423,157.121725955,151.685770346,7012150.0
2022-09-16,149.336415209,148.933387759,149.61755143,147.016549886,9882285.0
2022-09-19,148.146992734,150.23093955,150.928865134,147.842264662,4874836.0
2022-09-20,148.432060931,147.252468393,149.002197323,146.320590289,5505747.0
2022-09-21,148.648319562,145.119371889,150.692946627,145.001412635,6164388.0
2022-09-22,146.967400197,147.596516217,150.260429363,146.613522436,12405065.0
2022-09-23,145.551889152,144.509915744,147.291788145,142.32766955,9175754.0
2022-09-26,144.500085807,143.831650035,148.618829749,142.878146068,7862409.0
2022-09-27,145.846787286,146.357944053,148.048693356,143.76775544,7046635.0
2022-09-28,143.517092026,147.616176092,148.309186708,143.1892636,7908447.0
2022-09-29,145.925426789,144.313316988,146.446413493,142.543928182,8602480.0
2022-09-30,143.526921963,141.393825459,146.10236567,141.305356018,7575618.0
2022-10-03,142.514438369,145.384780209,146.426753617,141.452805085,6819910.0
2022-10-04,149.120156577,153.081621515,154.737966036,148.648319562,8017945.0
2022-10-05,149.611653468,153.573118405,154.290703865,149.355976785,4256243.0
2022-10-06,153.071791577,152.816213194,155.558765843,151.814542531,3853938.0
2022-10-07,149.218455955,147.734135346,150.565157435,146.731481689,5956733.0
2022-10-10,148.058523294,143.163214264,148.395296963,142.121240856,5497767.0
2022-10-11,142.052431292,140.145423357,142.504608431,137.147292325,7414980.0
2022-10-12,139.889844974,139.870185098,141.000627946,137.206271951,5707135.0
2022-10-13,136.596815807,142.966615508,143.851309911,135.250114327,6548552.0
2022-10-14,144.824473754,139.801375533,145.188181453,139.585116902,5738358.0
2022-10-17,143.58590159,144.677024687,146.466073369,143.460078386,6288211.0
2022-10-18,153.789377037,150.919035196,156.266521365,149.316755333,16354759.0
2022-10-19,149.277435582,151.056654326,153.297880146,148.078183169,6220490.0
2022-10-20,152.364036055,154.821520507,158.556896875,150.987844761,9203368.0
2022-10-21,154.821520507,157.446113902,157.701692285,152.185327785,8335482.0
2022-10-24,158.438937621,157.917950917,158.822305196,155.70306933,6259152.0
2022-10-25,158.950094387,162.459382185,163.206457459,158.93534948,5804513.0
2022-10-26,157.082406203,157.190535519,161.328939337,156.001113044,6623009.0
2022-10-27,159.048393765,157.033256514,161.859755979,156.610569188,4987716.0
2022-10-28,156.797338007,160.247646178,160.316455743,155.48012634,5055359.0
2022-10-31,159.362951775,159.824958852,161.210980084,158.261998741,4878097.0
2022-11-01,162.193973865,157.102066079,162.881971212,156.925127198,4545909.0
2022-11-02,156.797338007,147.458897087,157.05291639,147.409747398,7242215.0
2022-11-03,146.466073369,143.841479973,147.857009569,143.644881217,5999352.0
2022-11-04,144.008588916,137.39304077,144.450936117,133.726473967,14265341.0
2022-11-07,138.228585484,142.131070794,142.46528868,136.410145288,7379946.0
2022-11-08,142.622567685,144.598385185,148.982537448,142.612737747,9101759.0
2022-11-09,143.369642958,139.644096528,143.837056501,139.526137275,5588538.0
2022-11-10,148.432060931,153.64192797,153.710737534,147.183658829,8777927.0
2022-11-11,153.828696788,155.047609077,157.200365457,152.934172447,7382476.0
2022-11-14,153.170090955,155.961793293,157.436283964,152.015073262,6580055.0
2022-11-15,159.913428293,159.313802086,162.43972231,158.0154639,8116050.0
2022-11-16,157.27900496,152.481995308,158.08505986,151.213933331,6454684.0
2022-11-17,147.635835968,147.144339077,149.179136204,145.817297473,7357904.0
2022-11-18,149.257775707,145.522399339,149.729612721,143.168129233,7556035.0
2022-11-21,143.536751901,142.386649177,144.834303692,140.956393226,8015886.0
2022-11-22,142.730697001,146.711821814,146.839611005,140.48947118,7017708.0
2022-11-23,145.109541951,149.650973219,150.309579052,145.040732386,5558886.0
2022-11-25,149.483864276,150.742096316,151.420362025,148.805598567,3023746.0
2022-11-28,149.415054712,151.076314201,152.678594064,149.415054712,7935615.0
2022-11-29,150.122810234,149.100496702,151.400702149,148.687639314,6398123.0
2022-11-30,148.186312485,157.524753405,157.524753405,147.576856341,14591528.0
2022-12-01,145.040732386,144.500085807,145.076120162,139.663756404,33721470.0
2022-12-02,141.83617266,142.101580981,142.740526939,140.351852051,15086663.0
2022-12-05,140.371511926,131.652357089,141.934472038,130.620213619,20294602.0
2022-12-06,130.453104676,131.003581193,132.261813233,128.68371587,16981804.0
2022-12-07,130.246675982,128.261028544,131.475418208,127.808851405,12915933.0
2022-12-08,126.245891293,127.916980721,129.22436245,124.859870062,15156912.0
2022-12-09,127.533613146,128.880314626,131.101880571,126.177081729,10287478.0
2022-12-12,128.870484689,130.846302188,131.808554801,128.723035621,11852355.0
2022-12-13,135.053515571,133.313616579,137.501170086,131.760486405,12579843.0
2022-12-14,132.713990372,132.458411989,134.935556317,130.964261442,9611766.0
2022-12-15,129.430791144,128.221708793,131.834210938,127.47463352,10810351.0
2022-12-16,126.727558246,126.088612288,127.671232276,124.732474068,15464710.0
2022-12-19,125.597115398,126.816027686,127.376235842,125.036808943,9441407.0
2022-12-20,125.331707077,126.265551169,127.775921113,125.026979005,8455518.0
2022-12-21,125.779952241,128.084089664,129.912458096,124.447012674,9313242.0
2022-12-22,126.481809801,126.992966567,127.33701439,124.191434291,9972880.0
2022-12-23,126.540789428,127.238715012,127.6515724,125.420176517,5821329.0
2022-12-27,126.373680485,128.437967425,129.509430646,125.479156144,8300844.0
2022-12-28,127.504123333,126.285211045,128.90980444,125.99031291,6249841.0
2022-12-29,127.494293395,130.285995733,130.689023183,127.297694639,7628826.0
2022-12-30,128.388817736,130.335145422,130.384295111,128.143069291,5630216.0
2023-01-03,132.890929253,132.487901803,134.620998307,130.767662686,8196354.0
2023-01-04,138.818381752,137.216101889,139.437667834,135.274689172,14322576.0
2023-01-05,135.299264016,134.021372101,136.233108108,131.957085161,8493489.0
2023-01-06,135.240284389,138.120456168,139.241069078,133.244807014,9145711.0
2023-01-09,140.165083232,144.598385185,146.662672125,140.165083232,13679737.0
2023-01-10,143.330323207,144.93260307,146.741311627,143.127728189,6527711.0
2023-01-11,142.809336503,142.435798866,144.539405558,141.1185872,13595042.0
2023-01-12,145.325800583,147.055869637,147.272128269,141.492124837,11678023.0
2023-01-13,143.713690782,146.967400197,147.409747398,143.60969004,8378111.0
2023-01-17,147.055869637,145.945086665,147.930734102,143.615489703,9407610.0
2023-01-18,146.328454239,142.976445446,146.99689001,142.819166441,7812580.0
2023-01-19,141.079267449,143.920119476,144.185527797,140.725389687,7070135.0
2023-01-20,141.846002598,148.677809376,148.948132666,141.846002598,10127053.0
2023-01-23,154.67407144,153.219240644,155.185228206,150.624137062,19922870.0
2023-01-24,151.98066848,152.226416925,157.485433654,151.872539164,6390216.0
2023-01-25,148.638489625,153.514138778,153.740227348,147.272128269,9390506.0
2023-01-26,155.499786216,162.282443305,162.361082807,155.411316776,13354588.0
2023-01-27,162.243123554,161.72213685,164.395879934,160.817782571,9872265.0
2023-01-30,161.279789648,161.948225419,163.609484909,160.621183815,8169797.0
2023-01-31,161.486218342,165.113465394,165.152785145,161.486218342,6421297.0
2023-02-01,164.877546887,168.897991451,170.136563615,164.159961427,8853905.0
2023-02-02,172.721837259,171.670033913,175.798607794,169.959624734,10667075.0
2023-02-03,167.128602645,168.131256302,172.102551177,166.97132364,6481708.0
2023-02-06,165.142955208,166.175098678,168.259045493,164.50400925,4310553.0
2023-02-07,164.720267882,168.367174809,168.809522011,163.776593852,6179220.0
2023-02-08,167.10894277,166.745235071,169.517277533,166.353708648,7694533.0
2023-02-09,170.38231206,170.706700008,172.397449311,169.084760269,11512319.0
2023-02-10,164.803822353,164.18945124,166.853364386,162.518361812,11273735.0
2023-02-13,165.418193466,168.170576053,168.249215555,164.110811737,8820334.0
2023-02-14,165.359213839,167.069623018,169.851495418,164.99550614,8393074.0
2023-02-15,165.978499921,168.190235929,168.686647788,165.378873715,4998274.0
2023-02-16,166.116119051,165.251084523,167.472650468,165.100981373,7483541.0
2023-02-17,162.223463678,162.361082807,164.268090742,159.972407919,8084490.0
2023-02-21,160.9554017,158.871454885,161.712306912,158.704345942,5210800.0
2023-02-22,160.336115618,160.581864064,162.193973865,159.353121837,4343685.0
2023-02-23,162.479042061,161.328939337,162.655980942,158.822305196,4679419.0
2023-02-24,157.85897129,159.441591278,159.628360096,156.939872105,6569915.0
2023-02-27,161.053701079,160.365605432,161.967885295,159.461251153,6891182.0
2023-02-28,159.765979225,160.827612509,161.653327285,158.782985444,6912624.0
2023-03-01,160.218156365,164.50400925,165.123295332,160.208326427,15841217.0
2023-03-02,189.835758986,183.416809596,190.612324073,182.050448241,37719871.0
2023-03-03,184.871640392,183.259530591,186.54272982,181.1559239,12087193.0
2023-03-06,181.922659049,180.674256947,185.785824609,180.502233036,10770253.0
2023-03-07,181.318117874,180.202419932,182.99412227,179.917351736,9024333.0
2023-03-08,180.182760057,179.838712233,181.755550106,178.708269385,6749072.0
2023-03-09,179.986161301,175.68064854,180.717606973,175.503709659,7102401.0
2023-03-10,175.464389908,170.234862993,176.30976456,168.789862135,14108961.0
2023-03-13,168.091936551,172.525238503,174.088198615,167.10894277,9154758.0
2023-03-14,176.93888058,179.779732607,182.158577557,176.064016114,10138054.0
2023-03-15,176.113165803,179.799392482,180.733236574,175.179321712,7716870.0
2023-03-16,180.182760057,184.114735181,184.458783004,179.868202047,8370712.0
2023-03-17,182.876163017,181.706400417,184.468612942,181.042879615,10493254.0
2023-03-20,181.077284398,182.09959793,182.365006251,179.543814099,5513205.0
2023-03-21,182.709054074,185.471266599,186.061062867,181.745720169,6982001.0
2023-03-22,186.76881839,183.338170094,188.184329434,183.239870716,6575610.0
2023-03-23,184.213034559,184.25235431,187.319294907,182.423985877,8685007.0
2023-03-24,183.328340156,186.827798016,187.083376399,182.925312706,6104529.0
2023-03-27,185.707185106,188.007390554,188.842935267,185.692440199,7776500.0
2023-03-28,187.928751051,189.029704086,189.55069079,187.928751051,4899041.0
2023-03-29,189.855418862,193.295897095,194.072462182,189.599840479,8085228.0
2023-03-30,194.406680068,193.256577344,194.79987758,192.165454247,6932465.0
2023-03-31,194.131441809,196.382497568,196.5987562,193.639944919,6634260.0
2023-04-03,194.849027269,193.148448028,195.546952854,192.204773998,5340770.0
2023-04-04,194.780217705,193.846373613,195.323321769,193.27623722,4659099.0
2023-04-05,194.632768638,191.988515367,194.917836834,190.435385193,3953707.0
2023-04-06,190.700793514,189.275452531,190.769603078,186.375620877,6304734.0
2023-04-10,187.34878472,188.233479123,189.275452531,186.061062867,5263845.0
2023-04-11,185.844804235,185.677695293,187.220995529,184.124565119,4907689.0
2023-04-12,187.063716524,187.083376399,188.621761667,186.306811312,5033376.0
2023-04-13,187.211165591,190.720453389,191.069416181,187.211165591,4716442.0
2023-04-14,188.587356884,191.339739471,191.850896237,187.938580989,5073782.0
2023-04-17,191.841066299,193.728414359,194.160931623,191.713277108,5413475.0
2023-04-18,195.694401921,195.124265528,196.716715453,193.708754483,4679040.0
2023-04-19,192.96167921,195.537122916,195.684571983,192.401372755,3665103.0
2023-04-20,193.826713737,194.151101685,196.680148085,193.472835976,3619971.0
2023-04-21,193.67926467,195.645252232,195.733721672,193.123873184,4860102.0
2023-04-24,195.075115839,191.605147792,195.389673849,190.75987144,4449683.0
2023-04-25,190.6713037,187.427424223,190.818752767,187.388104472,5009990.0
2023-04-26,189.344262096,188.262968937,191.064501212,187.329124845,4007551.0
2023-04-27,190.867902456,192.607801449,194.151101685,189.983208053,4794364.0
2023-04-28,192.814230143,194.996476336,195.266799626,191.949195615,4094567.0
2023-05-01,194.39685013,194.426339943,195.664912108,193.76773411,2882931.0
2023-05-02,194.652428513,190.543514509,195.035796088,189.649973162,6051017.0
2023-05-03,190.907222208,189.334432158,192.460352381,189.285282469,3779878.0
2023-05-04,188.636506573,189.108343588,191.251270031,187.515893663,4386506.0
2023-05-05,190.651643824,194.229741187,194.740897953,189.963548178,4284371.0
2023-05-08,195.34052416,194.534469259,197.090154791,192.745420578,4169404.0
2023-05-09,193.433516225,197.758688861,200.334132567,193.433516225,6996781.0
2023-05-10,201.454745478,201.366276037,202.771957144,199.587057294,6535555.0
2023-05-11,199.459268102,200.00974462,200.334132567,195.17764209,5366315.0
2023-05-12,199.970424868,198.377974943,200.495343547,196.726545391,4733643.0
2023-05-15,200.284982878,199.87212549,201.906824318,199.031665807,4518205.0
2023-05-16,198.495934197,201.081207841,202.172330938,198.318995316,4424764.0
2023-05-17,202.983300807,205.819237865,205.927367181,201.317126348,5772221.0
2023-05-18,205.937197119,209.692233362,210.24270988,205.770088176,5165465.0
2023-05-19,209.338355601,206.782571771,209.61359386,206.359884445,6091604.0
2023-05-22,205.612809171,206.684272393,209.200736472,205.48501998,3890834.0
2023-05-23,204.207128064,203.125834905,206.074816248,202.958725963,4256810.0
2023-05-24,202.536038637,205.504679855,206.635122704,201.926582493,4894012.0
2023-05-25,208.414341447,206.340224569,208.719069519,204.895223711,6496676.0
2023-05-26,209.181076596,211.776180178,212.474105763,208.935328151,6933320.0
2023-05-30,215.541046359,215.147848847,218.362238511,212.061248375,10421048.0
2023-05-31,215.816284618,219.581150799,221.173600725,213.368630103,19624026.0
2023-06-01,204.678965079,209.279375974,211.697540676,202.555698512,20907358.0
2023-06-02,209.279375974,209.407165166,212.464275825,206.851381335,11026890.0
2023-06-05,206.890701087,206.29107488,208.709239581,203.533777324,7804410.0
2023-06-06,205.003353027,209.230226285,209.770872865,204.826414146,6795996.0
2023-06-07,211.225703661,202.231310565,212.975432591,201.297466473,9323896.0
2023-06-08,201.887262741,205.966686932,206.802231646,201.366276037,5551699.0
2023-06-09,207.106959718,211.648390987,214.941420153,207.106959718,7679636.0
2023-06-12,212.474105763,210.055941061,216.641999394,208.532300701,11585179.0
2023-06-13,211.835159805,205.426040353,212.555301049,204.384066945,11698916.0
2023-06-14,204.167808313,205.838897741,208.109613375,201.53338498,8963393.0
2023-06-15,204.413556758,208.316042069,209.697148331,203.843420365,7905381.0
2023-06-16,209.908491994,208.158763064,210.01662131,207.018490278,13672662.0
2023-06-20,205.101652405,213.280160663,213.358800166,205.062332654,9527235.0
2023-06-21,212.837813462,206.025666559,214.091130532,204.531614312,7971632.0
2023-06-22,206.064986311,209.662743549,210.317810605,205.534169669,5694224.0
2023-06-23,206.9201909,206.51716345,207.411687791,204.531516012,14037587.0
2023-06-26,205.465360104,203.833590428,208.148933126,203.82376049,4771543.0
2023-06-27,204.600325577,205.268761348,206.900531024,203.990869433,4014756.0
2023-06-28,204.865733898,208.561790514,208.591280328,204.069508935,4775913.0
2023-06-29,208.296382193,206.851381335,209.033627529,206.153455751,3838304.0
2023-06-30,208.257062442,207.667266174,210.213220066,207.374235727,5984203.0
2023-07-03,206.989000465,208.050633748,208.35536182,206.350054507,2399966.0
2023-07-05,206.910360962,210.183730253,210.970125278,206.51716345,5071608.0
2023-07-06,207.608286547,206.566313139,208.886178462,204.296580499,4254061.0
2023-07-07,206.20260544,206.025666559,208.502810887,205.720938487,3022151.0
2023-07-10,205.445700229,209.190906534,209.249886161,204.772349489,3820076.0
2023-07-11,218.283599008,217.408734543,218.568667205,213.545568984,10030524.0
2023-07-12,218.126320003,223.414826545,224.211051508,217.844397387,8923503.0
2023-07-13,224.378160451,226.452277328,227.032243659,223.729384555,5800286.0
2023-07-14,225.793671495,225.429963796,228.251155948,224.270031135,4278735.0
2023-07-17,225.341494356,224.122582068,226.363807888,223.935813249,3558250.0
2023-07-18,223.188737976,223.758874369,225.715818388,221.630692833,5094240.0
2023-07-19,230.000884878,230.384252452,234.168778509,227.29775028,8516287.0
2023-07-20,227.169862789,224.279861072,229.529047863,223.454146296,5302994.0
2023-07-21,226.08856963,224.181561694,226.884794592,223.424656483,3529741.0
2023-07-24,223.39516667,221.82237662,223.719554617,219.738528104,5363244.0
2023-07-25,222.038635252,222.186084319,223.650745053,221.360369543,3203658.0
2023-07-26,220.642784083,221.743737117,223.640915115,219.325572416,4856673.0
2023-07-27,224.161901819,221.321049792,226.226090459,220.200436881,4299574.0
2023-07-28,222.156594506,221.763396993,223.444316359,220.170947068,4239278.0
2023-07-31,218.568667205,221.183430662,221.547138361,217.978870936,5573114.0
2023-08-01,220.082477628,220.456015264,220.986831906,217.860911683,4214465.0
2023-08-02,218.204959506,216.75012871,219.060164095,215.074124313,5129661.0
2023-08-03,212.523255452,211.894139432,214.499072952,210.950465402,5517079.0
2023-08-04,212.729684146,210.940635464,213.555398922,209.446484917,4800357.0
2023-08-07,211.648390987,212.385636322,213.202405855,210.724376832,3615192.0
2023-08-08,209.918321932,207.981824183,210.547437952,207.54930692,4843817.0
2023-08-09,208.050633748,202.359099756,208.060463686,201.425255664,7847512.0
2023-08-10,204.639645328,204.708454893,206.762911895,202.929236149,4004728.0
2023-08-11,202.624508077,205.150802094,205.937197119,202.005221995,2930776.0
2023-08-14,204.364407069,208.453661198,208.49298095,203.59767192,3304673.0
2023-08-15,206.753081957,205.229441597,208.75838927,204.305427443,4076371.0
2023-08-16,204.462706448,203.469882729,206.123965937,203.430562977,2759603.0
2023-08-17,203.057025341,200.373452319,203.410903102,199.931105117,4062741.0
2023-08-18,197.552260167,201.346616162,202.002273014,196.795354956,4267165.0
2023-08-21,202.496718886,205.475190042,205.858557617,200.746989955,4023325.0
2023-08-22,206.281244942,203.243794159,206.531908357,202.498488274,3153623.0
2023-08-23,204.462706448,205.57348942,207.401857853,203.617331796,3833154.0
2023-08-24,207.421517728,202.015051933,208.384851634,201.946242368,3960326.0
2023-08-25,202.015051933,205.907707306,207.205259096,201.985562119,3068820.0
2023-08-28,206.871041211,208.119443313,209.846268488,206.074816248,4086852.0
2023-08-29,203.233964221,208.35536182,208.846858711,203.007875652,5850364.0
2023-08-30,208.168593002,211.382982666,211.923629245,205.868387554,9946011.0
2023-08-31,224.122582068,217.69380274,224.899147154,217.438224357,19268398.0
2023-09-01,219.699110053,217.762612304,220.16111713,216.769788586,5600939.0
2023-09-05,215.600025986,214.970909966,216.57309153,213.909276683,5807335.0
2023-09-06,215.737645116,217.851081745,218.430949776,215.295297914,5066665.0
2023-09-07,216.03254325,218.745606085,218.942204842,215.580366111,4201915.0
2023-09-08,219.522171172,220.937682217,221.635607802,219.069994033,4580356.0
2023-09-11,222.166424443,221.478328797,222.967564375,219.001184468,4417969.0
2023-09-12,219.649960364,217.890401496,220.96717203,217.497203984,4002279.0
2023-09-13,217.418564481,215.079039282,218.087000252,214.582627423,4173592.0
2023-09-14,215.688495427,215.059379407,216.82287025,214.626862143,4297203.0
2023-09-15,215.147848847,210.96029534,215.462308558,209.829852492,9939044.0
2023-09-18,210.911145651,211.343662915,212.700194332,210.537608014,4279576.0
2023-09-19,210.744036708,212.031758561,212.385636322,208.650259955,4002204.0
2023-09-20,211.540261671,209.407165166,213.486589357,209.29903585,2991594.0
2023-09-21,206.232095253,205.062332654,208.28900974,204.531516012,4957895.0
2023-09-22,205.750428301,202.919406211,206.153455751,202.378759632,3848593.0
2023-09-25,201.513725105,202.830936771,203.017705589,200.402942132,4067309.0
2023-09-26,201.975732182,199.046410714,202.929236149,197.856988239,5404503.0
2023-09-27,199.537907605,199.282329222,200.461921759,197.522770354,4123766.0
2023-09-28,197.345831473,199.744336299,201.661174172,196.156703896,4344035.0
2023-09-29,201.592364607,199.331478911,204.256277753,198.66304314,4405143.0
2023-10-02,197.385151224,200.245663127,201.62185442,197.109912966,3745684.0
2023-10-03,199.301989097,196.431647257,200.103129029,194.062632245,4622359.0
2023-10-04,197.463790727,198.43695457,199.29206086,196.117089247,3656350.0
2023-10-05,198.564743762,198.574573699,198.712192829,195.11453389,3592613.0
2023-10-06,197.070593214,203.833590428,204.728114768,196.490626884,4989189.0
2023-10-09,201.405595789,203.695971298,204.737944706,201.208997032,2781322.0
2023-10-10,204.108828686,203.361753413,205.657437089,202.752297269,4503470.0
2023-10-11,203.705801236,203.332263599,205.642298985,200.933758774,3971001.0
2023-10-12,204.295597505,202.182160876,205.03284284,199.813145863,3548635.0
2023-10-13,201.62185442,201.110697654,203.617331796,199.754166237,3678409.0
2023-10-16,202.339439881,204.983693151,205.927367181,201.553044856,3623223.0
2023-10-17,202.978385838,206.271415005,208.335701945,202.496718886,4006090.0
2023-10-18,205.327740975,201.346616162,206.064986311,200.717500142,3380758.0
2023-10-19,202.939066087,204.777264457,207.362538101,202.034711808,4995930.0
2023-10-20,203.833590428,200.265323003,204.570835763,198.682703015,5539077.0
2023-10-23,196.500456821,198.564743762,200.108043998,194.48531957,4564116.0
2023-10-24,200.265323003,200.746989955,201.159847343,197.508025447,3959708.0
2023-10-25,199.744336299,193.708754483,200.27515294,192.10647462,4489976.0
2023-10-26,194.062632245,192.912529521,196.264538314,190.386235504,5149060.0
2023-10-27,193.944672991,193.227087531,194.93749671,192.086814745,3168554.0
2023-10-30,195.615762419,195.881170739,197.168892592,193.728414359,3438456.0
2023-10-31,197.011613588,197.414641038,198.476274321,195.281544533,3425426.0
2023-11-01,197.503110478,200.442261883,201.012398276,197.080423152,3593561.0
2023-11-02,202.801446958,204.570835763,204.718284831,202.447569196,4963628.0
2023-11-03,205.829067803,203.941719744,206.60563289,203.676311423,3861880.0
2023-11-06,204.669135142,203.892570055,204.934543462,201.208997032,3729658.0
2023-11-07,205.937197119,208.237402567,209.711893238,205.401465508,5467113.0
2023-11-08,208.80753896,207.873694868,208.905838338,206.084646186,3433465.0
2023-11-09,209.937981808,206.438523947,209.947811745,205.514509793,4731434.0
2023-11-10,205.838897741,209.996961435,210.621162485,205.293139594,4113413.0
2023-11-13,208.954988027,211.618901173,212.464275825,208.158763064,3306626.0
2023-11-14,215.275638039,217.418564481,217.487374046,214.243494568,4743828.0
2023-11-15,216.995877155,215.688495427,217.605333299,213.958426372,4800679.0
2023-11-16,216.25863182,217.683972802,218.981524593,215.216658412,3712533.0
2023-11-17,217.408734543,217.457884232,219.001184468,216.632169456,3636397.0
2023-11-20,217.664312926,221.301389916,222.254893884,216.868087964,4600980.0
2023-11-21,220.190606944,220.505164953,222.127104692,219.738429804,3852324.0
2023-11-22,220.485505078,220.033327939,221.851276637,219.414041857,3894413.0
2023-11-24,220.544484705,220.56414458,220.672273896,218.342578635,1869111.0
2023-11-27,221.665097615,220.96717203,222.372853137,220.436355389,4885506.0
2023-11-28,219.807239369,221.094961222,221.694587428,218.450707951,5535336.0
2023-11-29,224.722208274,226.432617453,227.563060301,223.39516667,12327442.0
2023-11-30,244.814601158,247.616133433,248.205929702,239.50643474,24425715.0
2023-12-01,245.74844525,255.57838306,258.950051728,245.453547115,14538232.0
2023-12-04,248.500827836,246.397221145,250.781373408,245.600996182,11429249.0
2023-12-05,245.738615312,246.751098906,247.390044864,244.411573707,5771514.0
2023-12-06,247.242595797,244.89324066,249.663414581,244.618002401,5374769.0
2023-12-07,244.519703023,244.618002401,246.46603071,242.687500915,6568249.0
2023-12-08,244.323104267,246.544670212,247.802902252,243.782457688,4605805.0
2023-12-11,245.74844525,247.81273219,249.208583359,245.463377053,4765980.0
2023-12-12,247.517834055,252.088755137,252.216544328,246.751098906,5827551.0
2023-12-13,253.130728545,252.943959726,254.713348532,250.820693159,6567630.0
2023-12-14,252.137904826,252.835830411,254.369300709,248.913685224,6613211.0
2023-12-15,250.673244092,257.151173109,257.849098694,250.181747202,13739532.0
2023-12-18,255.401444179,259.107330733,261.073318295,255.26382505,7498521.0
2023-12-19,260.955359042,259.844576069,262.046482138,259.249963131,4665500.0
2023-12-20,257.210152736,255.824131505,260.414712462,255.657022562,4510533.0
2023-12-21,260.247603519,262.705087972,263.796211069,259.746276691,5160697.0
2023-12-22,262.71491791,261.810563631,263.589782375,260.788250099,3110591.0
2023-12-26,261.014338668,261.692604377,261.997332449,260.119814328,3219024.0
2023-12-27,261.417366119,262.184101268,262.469169464,260.886549477,3386951.0
2023-12-28,261.967842636,261.063488357,262.380700024,260.788250099,2958714.0
2023-12-29,260.503181902,258.664983532,261.131413228,258.188231548,3706552.0
2024-01-02,256.109199701,251.774197127,256.128859577,249.454331804,4741418.0
2024-01-03,249.188923483,247.557153807,249.837699378,247.488344242,5097120.0
2024-01-04,247.547323869,246.967357538,248.343548831,245.591166245,4489773.0
2024-01-05,246.937867725,246.849398284,249.591950933,245.915554192,3675979.0
2024-01-08,247.920861506,256.433587649,257.111853358,247.114806605,6626012.0
2024-01-09,255.086886169,256.895594726,259.441548619,254.379130647,4571839.0
2024-01-10,258.792772723,259.638147375,261.928522885,258.281615957,5128300.0
2024-01-11,263.442333308,266.764852287,268.317982461,260.591651343,9012600.0
2024-01-12,266.61740322,267.305498867,270.559208282,266.450294277,4847604.0
2024-01-16,265.113422735,264.612095907,266.946706137,263.167095049,5858670.0
2024-01-17,263.727401504,266.823831914,267.276009053,259.638147375,4706498.0
2024-01-18,268.357302213,269.792473133,271.001555483,267.511927561,4752437.0
2024-01-19,271.807610384,276.103293207,277.204246242,270.842212191,7413577.0
2024-01-22,278.963805109,275.533156814,280.860983107,275.405367622,6735912.0
2024-01-23,276.054143518,272.063188767,276.919178045,271.021215359,6573810.0
2024-01-24,275.218598804,272.171318083,276.181932709,271.984549264,7037765.0
2024-01-25,273.871897324,274.284754712,275.093561995,272.151658207,4178020.0
2024-01-26,274.530503157,275.179279053,278.521457908,273.945621857,4877365.0
2024-01-29,276.614449973,282.964589798,283.249657995,276.221252461,5762263.0
2024-01-30,282.738501229,282.836800607,284.370270905,281.643151258,4810928.0
2024-01-31,279.219383493,276.309721901,280.772513667,276.04431358,4557283.0
2024-02-01,277.214076179,278.973635047,280.202377274,276.575130222,3218346.0
2024-02-02,280.349826341,280.80200348,283.259487932,278.344519027,3629843.0
2024-02-05,281.381969811,283.210338243,284.134352398,276.575130222,5274790.0
2024-02-06,283.043229301,280.969112423,283.731324947,277.115776801,4207846.0
2024-02-07,282.46326297,283.927923704,284.871597733,280.349826341,3621376.0
2024-02-08,284.380100843,286.985034362,288.125307148,284.065542833,4488432.0
2024-02-09,288.262926278,286.346088405,290.219083902,286.10033996,4376347.0
2024-02-12,285.87425139,282.433773156,286.051190271,282.119215147,3750035.0
2024-02-13,275.64128613,276.368701528,278.609829049,271.721401829,4956553.0
2024-02-14,280.153227585,284.232651776,284.537379848,279.799349823,3850721.0
2024-02-15,286.385408156,286.975204425,287.034184052,283.112038865,3986522.0
2024-02-16,287.034184052,284.792958231,287.102993616,282.984249674,4159391.0
2024-02-20,284.576699599,281.51958894,285.903741203,279.32259784,4285328.0
2024-02-21,275.307068244,278.727886602,278.747546478,273.62123391,3799041.0
2024-02-22,287.034184052,288.65612379,289.619457696,286.444387783,5264297.0
2024-02-23,292.932146738,287.820579076,292.932146738,286.129829773,4416764.0
2024-02-26,290.563131725,295.281501874,298.662902181,289.983165395,8719272.0
2024-02-27,296.451264473,294.406637409,296.618373416,291.555955444,6178811.0
2024-02-28,294.485276911,294.67204573,295.758253858,291.565785382,12490784.0
2024-02-29,294.8981343,303.568139448,305.258888751,289.7767367,21737805.0
2024-03-01,301.779090767,311.491069323,313.294862911,301.40073646,9366647.0
2024-03-04,309.220353689,309.289163253,312.252889503,308.207870094,9349980.0
2024-03-05,306.015793963,293.669392073,307.234706251,291.103778305,9015308.0
2024-03-06,299.464140412,298.604020854,300.68796767,297.586622291,8270036.0
2024-03-07,300.796096986,297.27697925,301.553002197,296.618373416,6788862.0
2024-03-08,297.060720618,300.088341463,303.617289137,297.060720618,4851635.0
2024-03-11,297.493237881,300.796096986,302.373802004,295.143882745,4895493.0
2024-03-12,301.49402257,301.40555313,303.78439808,298.702320232,4831976.0
2024-03-13,300.20473449,299.889765588,302.891812933,298.344449413,5548843.0
2024-03-14,300.20473449,298.551147755,304.624141892,297.246979646,4828755.0
2024-03-15,294.259696469,289.702490171,295.33255929,289.151294593,11885105.0
2024-03-18,294.909319829,295.785327087,296.238094883,291.365919684,5240467.0
2024-03-19,293.491959771,296.710548236,297.025517137,291.956486375,3329873.0
2024-03-20,297.222372701,301.267754533,302.192975682,295.957575705,4946571.0
2024-03-21,303.098511274,303.541436293,306.897823652,301.533509544,6083853.0
2024-03-22,304.456814663,302.931184045,305.352507478,301.828792889,3779208.0
2024-03-25,298.925173326,301.248068977,302.872127376,297.783411057,4141223.0
2024-03-26,302.645743478,301.021685078,303.137882387,300.09646393,3893853.0
2024-03-27,302.606372365,296.641648788,304.437129107,293.934884789,3859858.0
2024-03-28,295.2833454,296.444793225,298.03932329,294.92388714,4892275.0
2024-04-01,296.946774912,297.507813268,298.738160541,295.273502621,2918140.0
2024-04-02,292.822650855,299.220456672,299.670271634,290.253193611,4746113.0
2024-04-03,299.210613893,299.948822257,302.330774576,298.334606635,3047382.0
2024-04-04,303.413480176,289.515477386,306.405684743,287.507550637,8351020.0
2024-04-05,288.924910695,297.163316032,298.644654148,288.68376263,4918179.0
2024-04-08,296.366050999,296.986146025,298.728317763,294.810892047,3142901.0
2024-04-09,298.551147755,297.616083828,300.79530118,294.545235464,2998100.0
2024-04-10,293.757714782,294.909319829,296.188880992,293.462431436,3036384.0
2024-04-11,294.761678156,294.446709254,296.356208221,291.747524194,3468596.0
2024-04-12,292.202555829,289.692647393,293.167148091,288.885539583,3819966.0
2024-04-15,278.491565824,268.609416532,281.972562756,267.388912037,18365087.0
2024-04-16,270.45985883,273.048509491,276.148984618,268.156747163,7624347.0
2024-04-17,273.373321171,271.975646669,274.581817476,270.518915499,4199384.0
2024-04-18,271.975646669,267.64482427,271.985489447,265.508941405,5918155.0
2024-04-19,268.205862626,266.119193652,268.855485986,264.504978031,4913553.0
2024-04-22,274.997379571,269.505109346,275.302505694,265.32192862,6747204.0
2024-04-23,270.627186059,272.329986684,272.34967224,266.158564765,6285237.0
2024-04-24,273.629233404,271.847690553,274.553765558,269.800392691,3938845.0
2024-04-25,267.329855368,268.845643208,269.278725448,265.046330831,4811919.0
2024-04-26,270.67639995,269.977562699,272.546527804,269.163072804,3754585.0
2024-04-29,270.56812939,271.404765535,272.930396153,268.924483861,3608840.0
2024-04-30,270.194103819,264.711676372,270.2925316,264.135873849,5217985.0
2024-05-01,264.790418598,264.465606918,269.692122132,262.359252387,3761619.0
2024-05-02,266.178250321,267.851522612,268.786586539,263.727398554,3859883.0
2024-05-03,272.467785578,269.357467673,273.304421724,269.05234155,4041636.0
2024-05-06,271.828004997,271.296494975,272.772911702,269.751178801,3744763.0
2024-05-07,271.257123862,272.822125593,274.497366439,269.761021579,3507733.0
2024-05-08,271.394922757,274.583982887,275.53873237,271.394922757,3283270.0
2024-05-09,267.890893725,270.843727179,271.020897186,266.808975547,4709740.0
2024-05-10,271.759105549,272.320143906,275.243449025,270.646871615,2912308.0
2024-05-13,272.78275448,273.156780051,273.43237784,270.858491346,2998662.0
2024-05-14,272.605584473,272.448100022,274.475712327,270.715771062,3056843.0
2024-05-15,275.341876807,283.019243787,283.27515602,275.332034029,5828547.0
2024-05-16,284.869686085,280.204209228,285.460252776,280.105781446,3559188.0
2024-05-17,282.527104878,281.119587598,282.822388224,279.790812544,3478869.0
2024-05-20,281.503455948,282.556633213,283.197004361,280.627448689,2799272.0
2024-05-21,282.281035424,279.298673635,282.704274885,278.836063061,3492113.0
2024-05-22,278.954176399,279.357730304,282.576318769,278.388216654,3309164.0
2024-05-23,282.172764864,274.19027176,282.487733766,273.097723382,5456632.0
2024-05-24,266.67038923,268.009007063,270.637028837,264.308122467,8325132.0
2024-05-28,268.806272095,265.58768363,268.929306823,262.959661856,9294119.0
2024-05-29,263.786455224,267.349540925,268.574966808,263.560071325,13397852.0
2024-05-30,219.887664541,214.582407102,221.551094053,208.666897416,66860913.0
2024-05-31,215.665112701,230.754091651,230.931261659,212.663065357,36807425.0
2024-06-03,230.931261659,232.899817295,237.201111359,226.590694909,19962737.0
2024-06-04,232.013967258,231.167488335,236.807301804,228.549309339,11197479.0
2024-06-05,231.935225033,232.811232291,233.19510064,227.909528757,10772093.0
2024-06-06,236.108562981,238.943283097,242.870551591,235.68532352,11693763.0
2024-06-07,238.520043635,238.047590283,240.094789716,236.510542042,6883831.0
2024-06-10,237.988533614,238.037747505,239.809447577,236.649915781,7660118.0
2024-06-11,237.368438588,237.201111359,239.917718137,232.54547728,7264354.0
2024-06-12,236.777871898,232.092709484,238.392087519,231.19701667,10260116.0
2024-06-13,231.817111695,225.429148656,231.945067811,225.064965863,13566707.0
2024-06-14,225.744117558,228.293397106,231.551258256,225.596475885,8833734.0
2024-06-17,226.659495929,226.856351492,228.194969325,224.188958605,10563678.0
2024-06-18,226.856351492,228.16544099,228.637894343,225.62600422,7119770.0
2024-06-20,229.189089921,237.998376392,239.937403693,229.189089921,14809627.0
2024-06-21,236.787714676,241.207122079,241.516185313,236.413689105,15928785.0
2024-06-24,239.366522559,236.16761965,240.567341497,236.039663534,7545685.0
2024-06-25,237.978690836,237.959005279,239.277937555,236.098720203,6216627.0
2024-06-26,237.673564712,239.327151446,239.779919242,236.129232816,4524735.0
2024-06-27,241.14806541,248.874646281,254.534243734,240.60671261,12869018.0
2024-06-28,249.514426863,253.057827007,256.089402687,249.199457961,12619303.0
2024-07-01,254.091318716,252.181819749,255.400309786,250.528233015,5871685.0
2024-07-02,251.04005748,252.162134193,253.677922033,250.065622441,5130593.0
2024-07-03,252.939713669,256.847296607,257.113051617,252.895421167,4755729.0
2024-07-05,258.589468344,259.052078919,261.626851263,257.20655801,6562111.0
2024-07-08,257.270536068,253.323582018,258.707581683,253.146412011,6539287.0
2024-07-09,252.456069327,248.848004921,253.353156379,247.527019592,7017109.0
2024-07-10,247.635458686,249.005734512,251.184374495,242.617686056,8947679.0
2024-07-11,249.015592612,247.55659389,251.795576662,247.359431901,5343727.0
2024-07-12,248.049498864,250.366152239,251.667421369,246.146885666,4705492.0
2024-07-15,252.38706263,249.271903198,252.751812311,248.542403837,4404270.0
2024-07-16,250.178848349,252.39692073,253.13627819,249.084599308,4780386.0
2024-07-17,250.395726538,247.655174885,251.943448154,246.06802087,5625254.0
2024-07-18,248.562120036,243.84009039,248.86772112,242.233220176,6351643.0
2024-07-19,245.121643321,244.116117175,245.456818703,241.691024705,4468875.0
2024-07-22,245.220224316,250.474591333,251.953306254,244.480866856,5647588.0
2024-07-23,252.9489743,252.426495028,253.678473661,250.150555604,3905543.0
2024-07-24,250.030976857,246.235608561,252.278623536,245.368095808,5204088.0
2024-07-25,251.125225898,252.879967604,260.332690803,248.152516003,7155846.0
2024-07-26,254.506554016,258.982131176,260.736872882,253.422163075,6127323.0
2024-07-29,258.982131176,254.920594194,262.299381648,254.851587498,5101425.0
2024-07-30,255.93597844,254.269959629,257.04994368,251.499833678,3944295.0
2024-07-31,252.57436652,255.127614283,258.114618423,251.726569966,4647690.0
2024-08-01,256.212005225,249.469065187,259.622907641,246.196176163,5527395.0
2024-08-02,244.273846767,240.508052769,244.480866856,237.695044085,6504544.0
2024-08-05,229.023366887,235.618435432,238.388561383,228.914927792,6899342.0
2024-08-06,237.668920122,235.036807563,240.389755575,234.652341684,5673889.0
2024-08-07,239.167351241,236.633819677,243.031726233,236.259211898,4035549.0
2024-08-08,239.788411508,245.584973996,245.89057508,239.630681916,4474252.0
2024-08-09,245.170933818,248.946585915,249.360626093,244.924481332,2975285.0
2024-08-12,249.015592612,247.74389778,250.484449433,245.486393001,3679904.0
2024-08-13,249.409916591,250.987212506,252.150468243,249.409916591,4031818.0
2024-08-14,251.766002364,251.696995668,254.053081441,250.257713145,4145248.0
2024-08-15,254.240385331,259.060995972,259.159576966,252.603940819,5167930.0
2024-08-16,258.035753627,259.179293165,259.859502029,255.995127036,3494863.0
2024-08-19,259.366597055,261.614243734,261.624101834,257.917456433,4501262.0
2024-08-20,261.190345457,258.124476522,261.732540928,257.325970465,5731309.0
2024-08-21,257.394977161,257.385119062,258.420219506,255.502222063,4648204.0
2024-08-22,257.78930114,254.920594194,259.524326647,253.619325064,5111442.0
2024-08-23,258.272348014,260.253826008,261.831121923,257.000653182,4711326.0
2024-08-26,260.194677411,261.51566274,263.506998833,259.504610448,3818271.0
2024-08-27,255.965552738,260.450987997,260.707298583,255.719100251,5276384.0
2024-08-28,258.114618423,255.226195278,261.417081745,253.708047959,10981901.0
2024-08-29,267.164353736,253.363014478,268.091015086,252.643373217,14301691.0
2024-08-30,253.786912755,249.311335596,255.452931566,247.438296697,10507704.0
2024-09-03,249.035308811,244.540015452,250.090125454,243.140165328,6190352.0
2024-09-04,242.972577637,244.165407672,245.939865577,241.681166606,4706546.0
2024-09-05,242.489530763,242.627544155,244.973673248,241.523437015,4083624.0
2024-09-06,244.224556269,240.508052769,246.45248675,238.014052184,6259431.0
2024-09-09,243.002151935,242.272652574,245.821568383,241.296700727,4588809.0
2024-09-10,243.623212202,242.666976553,243.83023229,239.858404014,3544808.0
2024-09-11,241.336133125,246.028588472,246.472202948,238.579907094,4822215.0
2024-09-12,247.822762576,249.774666271,250.53373993,246.028588472,5221397.0
2024-09-13,248.956444015,250.957638207,253.185568688,248.86279207,4998901.0
2024-09-16,250.957638207,253.264433483,254.151662436,250.957638207,5367024.0
2024-09-17,255.048749487,251.568840374,255.689525953,251.144942097,5423388.0
2024-09-18,252.76354304,249.238676443,252.88202595,247.787260786,4436734.0
2024-09-19,257.423870864,262.627245364,266.132364808,254.787626099,11022830.0
2024-09-20,262.646992515,263.427005012,266.902503728,258.016285418,11463169.0
2024-09-23,263.871315927,260.869748853,264.671075575,258.924654401,6033986.0
2024-09-24,266.418698509,267.020986639,269.015448971,262.923452641,7154459.0
2024-09-25,267.030860215,270.624841843,273.547420309,265.978337024,7920044.0
2024-09-26,272.639051326,272.273729018,275.117318877,269.262288368,5253376.0
2024-09-27,272.767407813,273.142603697,274.327432805,271.582677441,5220075.0
2024-09-30,270.48661178,270.249645958,272.253981866,265.737421772,5062226.0
2024-10-01,270.674209722,267.445550403,271.227129973,266.280468447,4369918.0
2024-10-02,270.259519534,275.946699253,278.43484038,267.427481759,8512272.0
2024-10-03,275.462894034,277.358620606,277.5659657,274.21882347,3868447.0
2024-10-04,280.271325497,284.112146522,284.250376585,277.911540857,6131284.0
2024-10-07,282.956938142,280.972349386,284.52683671,279.797393854,4794652.0
2024-10-08,282.38427074,287.883852516,288.930451561,280.51174707,5211209.0
2024-10-09,287.143334323,284.279997312,287.883852516,283.450616937,4850952.0
2024-10-10,284.279997312,286.50155189,286.560793345,281.021717265,3965512.0
2024-10-11,285.553688603,284.457721679,286.570666921,282.680478017,3597035.0
2024-10-14,286.254712492,287.952967547,288.752628459,284.605825317,3642540.0
2024-10-15,289.749958361,284.704561076,289.868441272,284.359380863,3850782.0
2024-10-16,283.914675004,287.182828627,287.242070082,280.636647805,3496969.0
2024-10-17,288.268921976,287.429668024,289.63147545,286.432436859,2830025.0
2024-10-18,288.347910583,289.236532414,290.984155348,286.481804738,3087902.0
2024-10-21,285.34634351,287.607392391,289.216785262,284.398480223,2712571.0
2024-10-22,286.086861702,284.684813924,288.251149539,284.013410763,3100125.0
2024-10-23,284.09239937,280.834119323,284.658352741,279.044632427,3227071.0
2024-10-24,282.93719099,283.134662508,285.257481326,281.574637516,3210656.0
2024-10-25,286.3337011,286.787885591,290.658327344,285.178492719,3351560.0
2024-10-28,289.888188424,290.056039214,292.326961671,288.792221499,3867816.0
2024-10-29,290.28313146,295.111310075,296.794754766,289.108175927,4280743.0
2024-10-30,293.314319261,292.652789676,295.753092508,292.603421796,2826545.0
2024-10-31,288.900830834,287.686380998,292.346708823,285.889390184,4301838.0
2024-11-01,286.560793345,290.994028924,293.235330654,286.3337011,3527502.0
2024-11-04,294.222688244,294.242435395,296.385001366,289.216785262,5108329.0
2024-11-05,293.679641569,293.729009449,295.032321467,291.013776076,4456064.0
2024-11-06,301.14406495,303.020044371,304.65905797,299.238464801,5874885.0
2024-11-07,303.612458925,306.85099182,308.243166022,302.131521275,5722636.0
2024-11-08,306.110473627,317.8797761,318.728903627,305.524970576,8484970.0
2024-11-11,321.138056147,337.40970923,340.519885639,321.138056147,13954199.0
2024-11-12,335.000556711,336.837041828,344.449568847,334.23041779,7659675.0
2024-11-13,341.132047345,337.399835654,343.788631676,334.487130764,6902936.0
2024-11-14,338.110733119,327.457144723,341.62572614,326.637637923,7630619.0
2024-11-15,322.796816898,321.147929723,326.084717673,320.081583526,7093003.0
2024-11-18,322.86593193,318.175983377,322.86593193,316.156837105,4251074.0
2024-11-19,314.96707121,319.341065333,320.595009473,312.005097175,5469892.0
2024-11-20,321.177550451,321.582367063,323.122644903,317.939017555,3763500.0
2024-11-21,327.160937446,331.53493157,338.604016971,324.445704074,8364165.0
2024-11-22,334.66485513,337.696042931,338.476055427,331.53493157,5649365.0
2024-11-25,340.63836855,334.822832344,343.452337681,334.013199121,7117192.0
2024-11-26,337.656548628,338.841377736,339.463413017,334.852453072,4492772.0
2024-11-27,332.206334731,325.837878275,333.114703714,324.722164199,7471475.0
2024-11-29,325.17634869,325.818131124,327.792846304,323.112771327,3517586.0
2024-12-02,327.80271988,326.825235865,330.271113855,325.936614034,6063387.0
2024-12-03,323.260874966,327.239926053,328.592507216,319.558284003,12632360.0
2024-12-04,362.172637587,363.219236633,364.33495071,352.141084473,24733140.0
2024-12-05,356.21887132,356.811285874,360.829831265,352.160831625,10942124.0
2024-12-06,360.375646774,357.413574004,362.508339168,356.525742059,5738864.0
2024-12-09,357.127240303,347.125307916,357.127240303,346.355168996,6475001.0
2024-12-10,346.908089246,344.410074543,350.995749669,343.037647493,6032962.0
2024-12-11,349.021034489,350.363840811,355.646203918,347.431388769,7546604.0
2024-12-12,350.51194445,353.503637947,355.4487324,348.458240662,5422002.0
2024-12-13,359.39816276,349.830667712,360.188048832,348.043550475,5538020.0
2024-12-16,346.34529542,352.713751875,353.543132251,346.12807675,5482323.0
2024-12-17,352.387923871,346.532893362,352.713751875,344.696408244,6910983.0
2024-12-18,350.417636492,333.346514962,350.684527217,331.379431474,8400030.0
2024-12-19,337.760096759,332.358030797,339.573965202,331.567243465,7423351.0
2024-12-20,328.908221062,339.692583302,342.460338964,327.326152156,14932307.0
2024-12-23,338.308705471,338.951220178,339.886029653,332.802848672,5330267.0
2024-12-24,339.050068595,340.46360095,340.977612716,336.905057956,1810961.0
2024-12-26,340.908418825,337.784808863,340.908418825,337.10394097,3484545.0
2024-12-27,336.430585557,334.552465644,338.328475154,331.409085999,3220402.0
2024-12-30,329.629814502,331.873673557,334.214206362,327.791233955,3411528.0
2024-12-31,332.397570164,330.479910884,333.267436229,328.582021287,3026017.0
2025-01-02,332.437109531,326.852173998,335.017053201,324.034994128,4807138.0
2025-01-03,328.275591196,329.066378528,329.600159977,325.478181009,4102503.0
2025-01-06,330.173480793,326.723671057,332.723769939,323.511097521,5785333.0
2025-01-07,326.694016532,321.188159733,327.682500697,319.19142172,4643133.0
2025-01-08,323.965800237,323.135473538,325.013593452,319.389118553,3788206.0
2025-01-10,319.048091516,314.189691845,319.048091516,312.380765823,6539973.0
2025-01-13,310.977118309,315.395642526,316.85859909,310.186330977,4583023.0
2025-01-14,321.257353625,319.814166744,326.135522979,317.797659047,5935221.0
2025-01-15,326.08115635,317.461574431,327.712155222,317.085950448,6042674.0
2025-01-16,319.221076245,316.3149328,323.946030553,315.870114925,5051487.0
2025-01-17,324.934514718,320.822420592,325.77462741,319.349579186,6303558.0
2025-01-21,325.606683951,323.076164488,325.72530205,318.736719004,6397166.0
2025-01-22,327.435379656,328.789602962,331.368360451,323.511097521,7259285.0
2025-01-23,328.502942554,330.806110658,331.59689799,325.804380784,4355877.0
2025-01-24,332.427224689,330.03509301,334.750162477,327.964218684,3299074.0
2025-01-27,328.532597079,343.102853671,349.083182869,326.694016532,15661109.0
2025-01-28,350.684527217,355.804875191,362.862652129,346.419218045,12099293.0
2025-01-29,354.628579035,349.92339441,356.032226549,347.452183997,6266724.0
2025-01-30,336.974251848,339.613504569,343.99248942,336.0846161,7591129.0
2025-01-31,343.99248942,337.76503918,345.475215667,336.183464516,5781541.0
2025-02-03,332.101024915,335.333368134,337.52780298,327.445363346,4549415.0
2025-02-04,341.639897107,340.176940543,342.934811363,334.772106825,4965602.0
2025-02-05,341.738745523,343.923295528,344.032028786,334.970100203,4521009.0
2025-02-06,333.588693583,327.000446623,333.588693583,325.310138701,13240635.0
2025-02-07,328.17674278,322.077795481,329.97578396,319.992093893,7626090.0
2025-02-10,324.143727386,323.432018788,327.929621738,322.888352497,5981915.0
2025-02-11,320.288639143,320.664263126,322.680770822,317.560422847,5455939.0
2025-02-12,315.870114925,322.364455889,323.234321955,313.31982578,5643373.0
2025-02-13,322.443534623,326.051501825,326.543075,319.497851811,4312066.0
2025-02-14,324.252460644,322.779619239,324.717048202,318.904761312,5879716.0
2025-02-18,324.806011777,325.171750918,325.369447751,319.280385295,5262109.0
2025-02-19,325.942768567,320.792766067,325.942768567,319.151882353,5012019.0
2025-02-20,318.529137329,314.76301266,320.713687334,314.545546144,6393050.0
2025-02-21,315.29679411,306.232394317,315.29679411,303.326250871,7353214.0
2025-02-24,307.922702239,304.769437752,309.12865292,300.029656181,6652863.0
2025-02-25,302.723275531,302.35753639,304.868286169,297.158109682,7360070.0
2025-02-26,309.059459028,303.790838429,310.08748256,302.920972364,12638452.0
2025-02-27,292.927397456,291.503980258,301.408591591,289.29966057,16691436.0
2025-02-28,292.546831052,294.420008545,298.502349298,288.789207347,10863109.0
2025-03-03,297.533733665,289.685169394,299.579895886,287.708201064,6298208.0
2025-03-04,286.66040785,284.031039971,288.291406722,278.984828308,9096260.0
2025-03-05,283.912421871,288.607721655,289.313005106,282.331835691,6612561.0
2025-03-06,284.910790877,282.755895398,294.647359903,281.552613624,10396805.0
2025-03-07,279.918945844,279.632285436,284.988881126,272.001187683,8248082.0
2025-03-10,273.78045918,269.757328628,275.139624906,267.603421632,10040220.0
2025-03-11,270.567885643,273.859537913,277.220384074,268.86769288,8313375.0
2025-03-12,278.604261905,281.302823675,282.634114149,275.876045609,7463894.0
2025-03-13,278.801958738,268.610686997,279.301143241,266.643603508,9494522.0
2025-03-14,271.833145375,276.182475701,276.666832941,269.539862112,6976916.0
2025-03-17,274.175852846,277.516929323,279.47412797,272.899225546,4484727.0
2025-03-18,276.795335883,275.52019131,277.269808282,272.76232049,5882123.0
2025-03-19,274.304355787,276.172590859,278.970001046,274.096774112,5245412.0
2025-03-20,273.869422754,275.816736559,279.622400595,273.869422754,5504720.0
2025-03-21,273.029211214,277.388426382,278.604261905,270.894085418,9804132.0
2025-03-24,280.472496977,282.666931823,283.457719155,279.958485211,6763802.0
2025-03-25,282.320962365,285.28641486,287.105225724,282.320962365,4301704.0
2025-03-26,285.019524136,277.754165523,285.711463051,276.36040285,5073391.0
2025-03-27,277.309347649,274.610785878,277.663916919,272.831514381,3757245.0
2025-03-28,273.523453297,266.861070025,274.012752958,266.090052376,4973419.0
2025-03-31,261.50348585,265.269610519,265.358574094,256.205210726,7585804.0
2025-04-01,265.763852601,267.088421383,267.701281565,262.75886074,4598153.0
2025-04-02,262.897248523,268.412990164,270.478922068,262.689666848,5396853.0
2025-04-03,257.144270683,252.290813432,259.546287204,251.519795784,8872602.0
2025-04-04,244.84752767,237.987447565,247.407701657,236.771612042,9704996.0
2025-04-07,227.35135795,241.397717934,250.037069536,227.35135795,11965180.0
2025-04-08,251.025553701,241.180251418,254.42149105,237.499136387,9340310.0
2025-04-09,238.125835348,262.116346033,265.081798528,238.125835348,12491148.0
2025-04-10,257.4097084,252.57832618,258.637354701,245.657965174,9692344.0
2025-04-11,251.736794441,252.4595217,253.855474349,245.207498184,6089003.0
2025-04-14,257.4097084,252.014004897,257.4097084,250.618052247,6038546.0
2025-04-15,251.835798175,252.390219086,254.162385924,251.271476892,5227671.0
2025-04-16,249.420107066,247.350929025,254.053481817,244.232311404,7190940.0
2025-04-17,247.281626411,244.796632688,249.05379325,244.341215512,5566857.0
2025-04-21,238.034677656,233.906221948,240.064254203,230.450991631,9240009.0
2025-04-22,235.856595508,240.965188182,241.786919174,233.249827191,7145288.0
2025-04-23,250.093332457,247.984552923,255.221725878,247.01431633,5818895.0
2025-04-24,255.627641188,262.062883898,262.340094353,254.43959638,7857563.0
2025-04-25,262.082684644,265.181501519,266.34974558,261.567865228,5651651.0
2025-04-28,265.473562534,262.993518997,266.81506313,260.706532742,4977724.0
2025-04-29,262.755910035,265.092398158,265.89927859,262.528201447,3140601.0
2025-04-30,262.161887632,266.032933631,266.191339605,260.37982042,4624088.0
2025-05-01,270.676208755,266.646756782,271.864253564,266.32004446,5208927.0
2025-05-02,271.725648336,272.339471487,273.567117788,269.537665815,4323760.0
2025-05-05,270.646507635,269.913880004,273.413662001,269.597068055,4219639.0
2025-05-06,267.131875078,270.636607262,272.059884942,265.864627283,4681552.0
2025-05-07,270.983120331,275.458089108,276.012510018,270.983120331,4268307.0
2025-05-08,276.428325701,276.953045491,280.2251189,275.606594709,4789858.0
2025-05-09,278.81431569,272.676084182,279.665747803,271.151426679,4324188.0
2025-05-12,282.1606419,285.942584538,286.091090139,280.408275808,5937370.0
2025-05-13,288.10086594,286.289097607,289.824124934,286.051488646,6711550.0
2025-05-14,290.57595929,287.843456231,293.100554507,286.378200968,7926186.0
2025-05-15,286.685112543,287.863256978,289.061202159,285.081252053,4635862.0
2025-05-16,288.1899693,288.249371541,289.259209627,286.833618144,3845977.0
2025-05-19,285.229757654,284.764440104,287.011824866,284.051613219,5781196.0
2025-05-20,285.21985728,285.19015616,285.566370349,282.368549741,4032283.0
2025-05-21,281.576519869,279.467740335,284.764440104,278.311475725,5689839.0
2025-05-22,279.68554855,280.596382902,283.497192309,278.229797645,6642690.0
2025-05-23,276.22041786,270.408898674,277.943082831,268.94364341,8887815.0
2025-05-27,270.443549981,274.428450274,275.804602177,267.597192628,10958025.0
2025-05-28,274.943269691,273.28000696,276.032310765,270.854415477,12758644.0
2025-05-29,260.96394245,264.260766792,265.117149091,251.96450303,28074954.0
2025-05-30,265.409210107,262.726208915,267.052573087,258.102734538,12388512.0
2025-06-02,260.488724527,259.01356889,261.161949918,256.558276287,9213476.0
2025-06-03,259.38978308,261.835175309,262.112385765,258.756159182,7838480.0
2025-06-04,261.557964854,260.548126767,262.85491377,259.01356889,7372529.0
2025-06-05,261.082746931,264.478575007,266.072535125,261.00849413,8647080.0
2025-06-06,267.280380679,271.775150203,272.161264765,265.537914961,7507040.0
2025-06-09,270.131688219,269.537665815,271.468238628,266.97653822,5728297.0
2025-06-10,269.359459093,265.547815334,271.022721825,264.184929932,6309748.0
2025-06-11,265.82502579,263.260829079,266.824963503,262.765810409,6568118.0
2025-06-12,262.062883898,264.250866419,266.339845206,260.775835355,8054033.0
2025-06-13,260.855038343,255.825648655,263.052921238,255.42963372,7659317.0
2025-06-16,257.795822962,261.251053279,261.350057013,257.375057093,7177005.0
2025-06-17,261.221352159,260.142211458,267.80510047,259.488786814,9110069.0
2025-06-18,262.577599005,257.322080596,262.850290998,255.309117885,7628009.0
2025-06-20,258.50209322,258.442596785,260.663797018,257.084194017,12859175.0
2025-06-23,258.452512858,261.199264932,262.51810257,256.578375161,9283842.0
2025-06-24,263.484919636,268.894137168,271.085589184,263.212227643,9713901.0
2025-06-25,269.717171184,265.512756456,271.700385678,264.739302804,6074324.0
2025-06-26,266.524195848,268.467746052,268.735480009,262.934577614,6707978.0
2025-06-27,269.578346169,271.125253474,271.868958909,267.163782522,21741379.0
2025-06-30,272.156525011,270.401380184,274.060410925,268.130599588,8541909.0
2025-07-01,269.796499763,269.627926531,271.700385678,268.368585328,6256810.0
2025-07-02,269.241199705,266.950586964,269.434563118,263.420465165,6115241.0
2025-07-03,267.436474515,269.865912271,272.424258968,267.054705725,5031804.0
2025-07-07,269.231283632,267.53563524,271.700385678,265.960367968,6283544.0
2025-07-08,268.517326415,271.353323141,274.476885969,267.466222733,6661156.0
2025-07-09,272.057364286,268.646235357,273.247292983,267.109244124,6373573.0
2025-07-10,268.626403212,261.75456499,269.206493451,261.000943482,7252495.0
2025-07-11,260.376230917,255.904082233,260.743125598,255.100880363,7011161.0
2025-07-14,256.429634074,257.5005699,260.02916838,255.338866102,6533856.0
2025-07-15,258.809491467,255.418194682,259.612693337,255.071132145,5201492.0
2025-07-16,256.756864465,255.785089363,256.806444828,252.383876506,5649489.0
2025-07-17,255.824753653,257.69889135,258.016205669,254.500957978,5837430.0
2025-07-18,258.115366394,260.177909467,260.772873816,256.945269842,6381212.0
2025-07-21,261.407502454,260.078748743,262.091711454,259.441641086,6714731.0
2025-07-22,260.792705961,261.377754236,263.658450904,259.801098714,5001439.0
2025-07-23,261.700026592,264.977288543,266.226713674,260.296902337,5620704.0
2025-07-24,265.730910051,265.453260021,267.039831617,263.410549093,5877061.0
2025-07-25,265.760658268,266.85142624,268.823534733,264.769051021,4015439.0
2025-07-28,267.238153066,267.981858501,268.071103153,264.352575977,4533658.0
2025-07-29,269.315570248,265.145861775,271.700385678,265.062070962,5137094.0
2025-07-30,264.62526797,262.587515078,265.522672529,261.119936352,3928206.0
2025-07-31,262.775920455,256.161900117,262.815584744,255.695844711,7340250.0
2025-08-01,252.849931912,248.635601112,253.841539159,248.030720692,7646866.0
2025-08-04,248.893418997,250.202340563,251.372437114,248.536440388,4403485.0
2025-08-05,250.886549563,245.41287756,251.164199592,244.936906081,6760966.0
2025-08-06,247.277099184,247.078777734,248.159629634,244.946822153,5834652.0
2025-08-07,248.58602075,238.858353657,250.881591527,234.983549178,10010178.0
2025-08-08,239.264912628,238.491458975,240.910980658,235.833951554,8812027.0
2025-08-11,236.914803453,230.727174231,239.840044831,229.626490187,10740077.0
2025-08-12,231.044488551,229.71573484,231.707477156,224.5792093,13183187.0
2025-08-13,231.054404623,235.040665756,235.357980075,227.677981947,10209168.0
2025-08-14,235.010917539,231.411383232,235.010917539,230.914191358,7544771.0
2025-08-15,234.168051379,240.405260962,242.447971891,232.660808363,12942819.0
2025-08-18,237.757669613,241.92242005,242.467804036,237.480019584,8809192.0
2025-08-19,242.943775515,243.935382762,246.414400879,241.401826245,8642172.0
2025-08-20,243.637900587,244.381606023,245.492206139,242.398391529,8195052.0
2025-08-21,242.983439804,243.76680953,244.222948863,238.005571424,5646824.0
2025-08-22,243.717229167,246.206163357,247.435756343,242.061344225,6694286.0
2025-08-25,247.277099184,245.789688313,247.277099184,244.718752487,4957726.0
2025-08-26,244.629507834,241.694350383,246.741631271,240.811819933,8862311.0
2025-08-27,243.68748095,248.060468909,248.268706431,243.548655935,6506877.0
2025-08-28,250.360997722,252.393792578,253.504392695,248.189377851,8461229.0
2025-08-29,253.256490883,254.099357043,255.477691117,250.747724548,7363207.0
2025-09-02,252.68135868,250.737808476,252.849931912,246.662302691,9312525.0
2025-09-03,252.919344419,254.297678493,255.834669726,248.442237699,17417946.0
2025-09-04,238.045235714,241.96208434,243.161929109,232.650892291,30967514.0
2025-09-05,242.775202283,248.655433257,249.022327939,242.309146876,13029436.0
2025-09-08,248.695097547,250.1527602,250.812179019,245.224472183,12602238.0
2025-09-09,249.210733316,249.944522678,253.196994448,249.101656518,10901937.0
2025-09-10,250.628731679,240.534169904,251.858324665,239.701219817,11363641.0
2025-09-11,241.654686093,244.213032791,245.09556324,241.456364644,6944891.0
2025-09-12,244.02958545,240.722575281,245.510848356,239.225248338,8386354.0
2025-09-15,241.208462832,240.484589542,242.656209413,238.818689367,7244575.0
2025-09-16,240.484589542,237.301530279,240.643246701,235.248903278,8779787.0
2025-09-17,238.37035782,240.59542596,241.380159813,237.784290765,10123962.0
2025-09-18,242.527460572,242.651627321,245.641562634,241.330493113,9344384.0
2025-09-19,244.380028465,245.442895836,245.552162575,241.727826709,11813947.0
2025-09-22,243.644961312,248.025564212,248.810298065,241.539093251,7523794.0
2025-09-23,248.075230912,242.929760838,249.684431977,242.502627222,7669787.0
2025-09-24,244.027394899,244.250895046,247.182422321,241.390093152,6707081.0
2025-09-25,242.870160799,239.343825131,243.029094238,237.888590834,8145495.0
2025-09-26,239.085558293,241.807293429,242.899960819,238.747824736,4974641.0
2025-09-29,243.088694277,243.466161194,244.181361667,241.251026394,6373506.0
2025-09-30,243.416494494,235.420155867,243.575427933,234.238088417,10801099.0
2025-10-01,234.913555531,234.118888338,240.853692797,231.953420238,10016630.0
2025-10-02,233.860621501,237.28762377,237.804157445,232.042820297,7679234.0
2025-10-03,237.158490351,238.757758076,241.191426354,236.910156853,8849786.0
2025-10-06,237.734624066,244.141628307,248.800364725,233.840754821,13922574.0
2025-10-07,244.836962101,238.141891002,245.711096013,235.966489562,8387424.0
2025-10-08,238.141891002,238.827291456,239.711358708,234.074188309,7120245.0
2025-10-09,237.675024026,243.694628012,244.320428426,235.566473963,7929056.0
2025-10-10,244.876695461,240.068958944,247.389830458,239.115358313,7988316.0
2025-10-13,241.270893073,247.091830261,247.687731322,240.749392728,8276527.0
2025-10-14,246.456096507,238.171691022,246.624963285,237.953157544,9123850.0
2025-10-15,239.264358412,235.00295559,239.708378706,234.327488476,8389242.0
2025-10-16,251.502233181,244.360161786,255.028568849,241.052359595,24869700.0
2025-10-17,244.92636216,241.459626532,249.108298262,240.54575926,10851168.0
2025-10-20,243.366827795,252.584967231,253.697501301,242.671494001,9963869.0
2025-10-21,252.803500709,261.654106569,265.344342345,252.306833714,13354739.0
2025-10-22,260.45217244,254.92923545,260.650839238,254.800102031,9369960.0
2025-10-23,255.882836081,253.349834404,256.836436712,252.426033792,6110051.0
2025-10-24,255.704035963,253.131300926,256.776836673,252.306833714,5490805.0
2025-10-27,255.366302406,253.76703468,256.379503077,253.220700985,4942412.0
2025-10-28,253.76703468,252.565100551,257.11457023,252.445900472,6435589.0
2025-10-29,250.320165732,249.783765376,251.879700097,247.379897118,7904176.0
2025-10-30,248.830164745,254.93916879,257.552431853,248.33349775,7767832.0
2025-10-31,253.096534236,258.674104596,260.074705523,250.945966146,6878316.0
2025-11-03,258.26683766,259.597905207,259.816438685,253.399501104,7054310.0
2025-11-04,256.429169776,252.74390067,257.531770506,251.767155356,6792207.0
2025-11-05,253.002167507,250.995632845,255.117968908,250.330099071,5241235.0
2025-11-06,248.864931435,237.675024026,248.864931435,232.916954209,11041831.0
2025-11-07,234.575821974,238.280957761,239.363691811,234.218221737,5741472.0
2025-11-10,238.40015784,240.098758964,240.297425762,233.512954604,6486584.0
2025-11-11,240.287492422,242.870160799,244.062161588,239.552425269,5762752.0
2025-11-12,244.101894948,244.380028465,246.775552718,242.055626926,4278214.0
2025-11-13,243.615161292,238.827291456,244.255861716,238.31075778,5542078.0
2025-11-14,236.721423395,242.035760247,243.545627913,235.837356143,5512886.0
2025-11-17,240.456359201,235.449955886,241.211293034,234.018958939,5280850.0
2025-11-18,234.665222033,231.943486898,236.204889719,228.735018107,8045145.0
2025-11-19,230.453485912,226.360949869,230.731619429,223.559748014,9710689.0
2025-11-20,227.716850766,223.867681551,229.529585966,221.81148019,7521103.0
2025-11-21,223.361081216,225.596082696,227.155617061,220.477929307,7479250.0
2025-11-24,225.824549513,225.308015838,227.3145505,223.539881334,8563304.0
2025-11-25,225.288149158,232.559353972,233.065954308,225.010015641,10232974.0
2025-11-26,228.973418265,226.629150046,231.26702645,224.493481966,8506615.0
2025-11-28,227.473483939,229.003218285,231.009752946,227.100983692,3691505.0
2025-12-01,227.145683721,231.277953124,232.688487391,227.076150342,5634655.0
2025-12-02,231.466686582,233.145421027,235.07248897,230.076018995,7626188.0
2025-12-03,233.791088121,237.128690331,237.665090686,231.605753341,13781999.0
2025-12-04,242.060593596,245.810429412,247.310363739,236.016156261,20912133.0
2025-12-05,249.157964962,258.833038034,260.134305563,247.836830754,15852440.0
2025-12-08,260.134305563,257.799970684,262.518307141,254.63322192,10805445.0
2025-12-09,258.26683766,259.28003833,260.501839139,257.273503669,8045882.0
2025-12-10,259.011838153,262.438840422,264.157308226,257.418133098,8894682.0
2025-12-11,261.743506628,260.601172538,266.114176188,259.031704833,7783785.0
2025-12-12,261.763373308,260.481972459,262.726907279,259.170771591,6006578.0
2025-12-15,259.468771789,252.882967428,260.531639159,251.400416447,10271792.0
2025-12-16,252.306833714,253.210767645,254.154434937,250.429432471,6145269.0
2025-12-17,254.621301913,256.419236436,260.223705622,254.541835193,6268965.0
2025-12-18,257.111713088,256.544598791,258.753359735,254.863154649,5654161.0
2025-12-19,259.360271526,258.594169757,260.713386338,254.206495991,20732079.0
2025-12-22,259.300575284,263.290274106,263.290274106,257.096789027,5664201.0
2025-12-23,261.384969057,262.096349271,262.902248534,259.201081548,4745113.0
2025-12-24,261.897361799,263.917084644,264.9518195,261.220804393,2076637.0
2025-12-26,263.459413457,264.73293328,266.553668653,263.459413457,2456402.0
2025-12-29,263.369869095,264.882173885,267.747593487,263.369869095,4300077.0
2025-12-30,265.30999695,264.573743303,266.921795477,263.986730259,3291837.0
2025-12-31,263.946932764,263.568856567,264.752832028,263.052484076,3367930.0
2026-01-02,263.65840093,252.33601375,264.036477127,251.201785157,9680584.0
2026-01-05,252.33601375,254.962648386,258.275789801,251.028865044,6421470.0
2026-01-06,253.908014782,261.569032469,262.215741755,253.70902731,6103321.0
2026-01-07,262.165994887,264.772730775,266.469098977,262.165994887,5976201.0
2026-01-08,263.061438512,259.211030921,263.859762322,259.091638438,5243453.0
2026-01-09,258.68371412,258.624017878,259.703524916,255.210387789,5174372.0
2026-01-12,257.688776758,258.086751702,260.234821467,254.475129078,4927734.0
2026-01-13,256.355560692,239.839600483,259.589107119,239.138169643,13660962.0
2026-01-14,237.969118243,238.357143814,241.01362657,235.262888618,10149314.0
2026-01-15,235.820053541,232.347722147,237.63083954,230.497138654,11489590.0
2026-01-16,231.770658477,225.960224283,231.770658477,225.293616251,13902610.0
2026-01-20,222.408297901,218.955865255,226.7859228,218.244485041,13050762.0
2026-01-21,219.035460244,220.458220671,222.259057297,217.854768076,12616556.0
2026-01-22,221.11487933,226.935262898,227.562073436,219.990600111,9482971.0
2026-01-23,225.631894954,226.895465404,229.681290017,225.502553097,9408048.0
2026-01-26,228.268478963,228.238630842,229.779788816,226.43281953,7239632.0
2026-01-27,230.765771742,227.373035337,234.546533717,225.124476899,9838362.0
2026-01-28,228.228681469,226.805921041,230.686176753,226.517389206,8465904.0
2026-01-29,215.573078224,212.996190456,216.179990015,207.723022438,18555570.0
2026-01-30,213.075785445,211.215252578,214.458748379,209.961631502,11090431.0
2026-02-02,213.264823544,209.742745283,215.791964444,208.737858547,7950855.0
2026-02-03,203.96215921,195.385799149,204.514349445,192.132353975,20194180.0
2026-02-04,192.331341448,198.430307477,199.658060181,186.331869155,23009974.0
2026-02-05,193.007898854,189.008250659,198.54969996,187.834224571,21956303.0
2026-02-06,190.65984668,190.381264218,193.614810645,186.172778671,13652621.0
2026-02-09,188.341642626,193.047696348,194.211673568,184.789716244,12112033.0
2026-02-10,190.928479767,192.470632678,198.092028774,189.784301801,13392989.0
2026-02-11,192.17215147,184.06341197,192.684544211,180.889561785,16350186.0
2026-02-12,185.018551837,184.491235035,187.366604011,179.327510126,16849111.0
2026-02-13,185.496121771,188.759516318,192.470632678,183.366955816,14822879.0
2026-02-17,190.003188021,183.357006442,192.022910866,182.242676597,13692933.0
2026-02-18,182.949082124,186.839287209,187.187515286,180.943785871,9852893.0
2026-02-19,185.655311749,184.351943804,186.003539825,182.302372839,9565134.0
2026-02-20,184.381791925,184.222601947,190.759340416,182.79984152,10816216.0
2026-02-23,180.352295609,177.258040413,181.546220444,173.686215284,15498634.0
2026-02-24,176.740672985,184.481285662,187.714832088,175.387558173,15564730.0
2026-02-25,182.073537246,190.779239163,191.624935921,181.338278535,21875066.0
2026-02-26,195.763875347,198.460155598,200.017232569,190.361365471,26680489.0
2026-02-27,190.938429141,193.803848743,194.928127963,188.96327949,16346535.0
2026-03-02,191.525442185,191.973163997,194.94802671,189.709681499,9932748.0
2026-03-03,189.784301801,195.05746982,197.664205708,188.620225087,13208923.0
2026-03-04,194.112279326,192.102505854,195.475343512,191.12746724,11583729.0
2026-03-05,193.376025678,200.370435333,203.38509554,193.256633194,15860914.0
2026-03-06,199.773472915,201.086790233,201.932486991,196.370787137,9657395.0
2026-03-09,197.554762598,197.783598191,202.638892518,194.878381094,10754797.0
2026-03-10,196.261344028,193.923241227,198.559649334,189.635061197,14467396.0
2026-03-11,195.405697896,193.147190085,198.539750587,190.319180127,9580004.0
2026-03-12,193.147190085,198.271117499,203.817893292,192.17215147,26309733.0
2026-03-13,198.718839312,191.853771514,199.982310268,190.779239163,14834718.0
2026-03-16,194.162026194,197.335876379,197.624408214,194.162026194,13419635.0
2026-03-17,197.216483895,194.321216172,201.355423321,193.46557004,11559323.0
2026-03-18,192.42088581,193.356126931,195.156963556,191.664733415,10525102.0
2026-03-19,194.599798633,194.002836216,199.380472657,192.321392074,9254295.0
2026-03-20,192.231847712,194.390861787,194.679294128,189.03809878,20201081.0
2026-03-23,196.092204676,194.191874315,197.047344544,191.027973504,13976236.0
2026-03-24,191.167264734,182.093435993,191.167264734,181.367131718,18631394.0
2026-03-25,184.759868123,181.038802389,186.436337578,178.939484555,12565193.0
2026-03-26,180.262751247,184.700171881,186.520907254,178.621104599,10330721.0
2026-03-27,183.068474608,178.40221838,183.177917717,177.910719323,9901975.0
2026-03-30,179.188218896,184.09326009,185.446374903,178.670851467,11617715.0
2026-03-31,183.963918233,185.724957364,187.545692737,181.387030466,11041377.0
2026-04-01,185.904046089,185.297134298,188.02326267,182.083486619,11677678.0
2026-04-02,184.361893178,186.232375419,186.630350363,180.655751505,11635452.0
2026-04-06,186.550755375,184.09326009,187.187515286,182.670599156,14390963.0
2026-04-07,184.013665101,182.033739751,185.635413001,181.095513819,12344587.0
2026-04-08,185.555818013,175.477102535,185.8244511,174.890089492,13472050.0
2026-04-09,172.724207776,170.410180161,173.841324555,166.689782315,20855393.0
2026-04-10,170.819124696,164.535342812,170.819124696,163.099049809,18109343.0
2026-04-13,166.619962516,172.375108782,172.953615686,165.343257625,12390752.0
2026-04-14,174.758956196,170.868995981,177.04306104,170.061081168,13123641.0
2026-04-15,173.771504757,177.142803609,179.157603515,172.434954324,14340255.0
2026-04-16,183.526328064,180.753484629,184.074912196,178.110306534,11866659.0
2026-04-17,184.952646809,181.671116269,187.496082334,180.563973746,17225680.0
2026-04-20,182.03018952,185.790484393,188.513456544,181.653162606,14382264.0
2026-04-21,186.119634873,186.628321978,193.061717717,183.626170376,12073660.0
2026-04-22,187.715515987,189.3113971,190.65792179,186.548527922,14565948.0
2026-04-23,177.102906581,172.853873116,178.409534243,170.210695022,22719938.0
2026-04-24,175.167900731,177.701361999,177.990615451,173.951041382,10817611.0
2026-04-27,177.801104568,179.716161905,183.815581515,177.053035296,11906973.0
2026-04-28,181.960369721,180.853227198,183.945246856,180.853227198,8711743.0
2026-04-29,178.738684723,180.753484629,181.315534008,176.893447185,6882845.0
2026-04-30,177.841001596,176.075558114,178.233388865,172.554645408,14408281.0
2026-05-01,181.716000425,183.346791438,185.561076483,178.28984316,12324379.0
2026-05-04,183.765710231,185.002518094,189.820084205,183.496405293,8444726.0
2026-05-05,185.072337892,186.508630895,186.907601173,180.633793545,9740802.0
2026-05-06,185.042415121,180.723561858,186.618347721,179.117706487,11303437.0
2026-05-07,184.124783481,185.860304192,188.094537751,183.526328064,13955115.0
2026-05-08,179.217449057,181.351940046,181.403606697,176.424657108,15123889.0
2026-05-11,179.441869838,177.033086783,182.03018952,175.856124461,11145016.0
2026-05-12,177.117867967,170.868995981,177.117867967,170.140875223,10214014.0
2026-05-13,169.342934666,165.413077424,169.342934666,164.325883416,11951930.0
2026-05-14,165.572665536,167.148598135,168.911647795,163.904471059,9749385.0
2026-05-15,168.814299048,173.063332512,175.516999725,168.564942624,13883384.0
2026-05-18,172.444928581,179.017963918,180.314617322,171.357734572,13671181.0
2026-05-19,184.52375376,178.958118376,186.957472458,178.349688701,17510823.0
2026-05-20,175.586819523,179.636367849,179.845827245,172.893770144,13025257.0
2026-05-21,174.928518564,175.856124461,176.883472928,171.547245455,10949098.0
2026-05-22,179.377037168,179.606445078,182.878001361,177.222697407,10184791.0
2026-05-26,177.970666937,178.618993639,181.890450179,177.223794576,13617242.0
2026-05-27,177.541773888,177.053035296,183.446534008,176.434631365,18524937.0
2026-05-28,177.970666937,175.716484864,182.010241006,171.208120718,22559427.0
2026-05-29,179.776007447,190.608050505,193.645012264,179.556573793,33998871.0
2026-06-01,198.23835708,209.060425881,210.795946592,197.699747204,27594795.0
2026-06-02,200.502513409,200.322976784,203.863838005,195.256054248,19216627.0
2026-06-03,196.762167049,190.119311914,197.171111585,189.241577302,14154391.0
2026-06-04,197.300776925,188.26410012,197.58005612,185.630896282,14453550.0
2026-06-05,189.3113971,185.182054719,192.014420736,184.354191391,13183928.0
2026-06-08,183.436559751,182.080060804,184.543702273,181.24222322,11177766.0
2026-06-09,179.037912432,174.898595793,181.990292492,171.118352405,15427785.0
2026-06-10,170.160823737,170.47999996,175.078132418,169.59229109,10820543.0
2026-06-11,168.27,166.45,168.98,163.31,16666029.0
2026-06-12,164.74,165.89,166.54,161.4,13589398.0
2026-06-15,166.03,164.55,169.9458,164.17,13541806.0
2026-06-16,164.055,161.71,166.3,160.5,16385305.0
2026-06-17,160.25,155.02,161.4274,154.23,19986161.0
2026-06-18,152.73,151.78,154.47,149.8,57940830.0
2026-06-22,150.16,150.12,153.87,146.32,20502834.0
2026-06-23,151.65,153.42,155.18,150.85,20720688.0
2026-06-24,151.81,152.76,157.06,150.4,13146831.0
2026-06-25,150.01,150.19,154.0,148.78,11334729.0
2026-06-26,151.49,158.37,158.46,151.49,21267939.0
2026-06-29,160.27,157.93,161.76,157.7,12664074.0
2026-06-30,155.09,156.66,157.69,154.07,13690515.0
2026-07-01,162.22,163.23,165.81,161.2,14164644.0
2026-07-02,163.0,166.11,167.21,162.0,10493199.0
2026-07-06,163.99,165.65,167.7219,162.37,10595529.0
2026-07-07,169.22,169.52,172.38,167.681,13057946.0
2026-07-08,167.37,166.58,167.53,164.78,9792382.0
2026-07-09,158.33,162.5,163.7999,156.48,13858605.0
2026-07-10,165.6,163.32,166.3,162.42,8321511.0
2026-07-13,165.92,171.22,172.76,165.92,14020677.0
2026-07-14,162.49,167.56,171.35,161.47,13507926.0
2026-07-15,170.52,167.0,172.8,166.56,13328089.0
2026-07-16,170.84,172.68,174.54,166.88,12057492.0
2026-07-17,171.5,170.77,175.43,169.7504,10191465.0
2026-07-20,167.86,173.79,175.39,166.495,13426526.0
2026-07-21,167.06,170.06,172.425,166.93,12831764.0
2026-07-22,169.47,163.0,169.57,162.21,12194506.0
2026-07-23,165.05,156.93,165.88,155.145,12774982.0
2026-07-24,160.38,163.66,164.45,159.55,10899068.0
2026-07-27,168.0,173.6,176.9488,167.14,17317431.0
2026-07-28,176.905,181.5,184.54,176.905,17204648.0
2026-07-29,182.01,188.38,190.18,182.01,18139477.0
2026-07-30,180.99,180.71,182.5078,175.9,12189410.0
2026-07-31,177.695,184.02,184.45,177.0253,9691524.0
2026-08-03,188.658094439,185.623433308,193.359822704,185.573521118,12908027.0
2026-08-04,182.76845606,190.654582025,190.949063944,182.678614119,9326930.0
2026-08-05,192.940560311,192.641087173,194.597645007,190.090574282,9605450.0
2026-08-06,183.117841387,186.441993218,186.691554166,182.678614119,13297636.0
2026-08-07,190.754406404,192.401508662,194.358066497,190.265266945,11392789.0
2026-08-10,189.836022114,197.163131555,197.835947871,189.66632067,9706611.0
2026-08-11,196.594132593,197.123201803,199.039829886,195.156761355,11171642.0
2026-08-12,191.662808256,192.980490062,196.154905324,191.443194621,12787896.0
2026-08-13,196.489316995,201.016352596,202.633507541,191.053879542,15058682.0
2026-08-14,202.39392903,195.865414624,204.041031289,194.976977648,8664790.0
2026-08-17,193.489594397,190.634617149,194.597645007,189.576478728,14378800.0
2026-08-18,193.749137783,195.795537559,199.059794762,192.890648121,14152940.0
2026-08-19,193.868927038,205.728063299,207.584796754,193.868927038,17843612.0
2026-08-20,204.859591199,205.069222395,207.514420566,202.643489979,11482298.0
2026-08-21,205.218958964,208.802654181,210.699317388,204.36655859,9685429.0
2026-08-24,208.053971337,208.692847364,212.795629353,207.02578023,9586822.0
2026-08-25,205.488484789,205.328765782,209.940652105,204.400399054,10089513.0
2026-08-26,199.588863972,205.258888716,206.077448626,198.600602617,14888872.0
2026-08-27,229.645984579,251.607348025,254.033080442,229.645984579,55517471.0
2026-08-28,250.030122832,255.550411008,263.067186769,248.562704457,34362722.0
2026-08-31,253.943238501,257.087706449,261.819382028,253.943238501,22471492.0
2026-09-01,254.562149652,257.656705411,261.859311779,253.80348437,15897531.0
2026-09-02,258.924475028,256.478777735,264.085395438,253.154625904,14393707.0
2026-09-03,261.51990889,263.965606182,267.798862348,261.140576248,16037830.0
2026-09-04,262.897485324,258.774738459,263.137063834,257.367214711,10498288.0
2026-09-08,253.26942394,248.682493712,253.553823597,245.458365909,17482726.0
2026-09-09,249.341334615,243.731204498,254.352518456,243.022451405,11858964.0
2026-09-10,244.919114612,242.573241699,248.06358256,241.325436957,10735743.0
2026-09-11,241.594962781,247.284952401,250.107187253,241.594962781,9741017.0
2026-09-14,255.300850059,258.974387217,259.723070062,251.058313939,12966104.0
2026-09-15,256.438847983,255.20102568,261.874285436,254.632026718,11502819.0
2026-09-16,251.407699267,250.099999898,255.949708525,249.161650732,9432373.0
