time_key,open,close,high,low,volume
2018-01-02,52.154709567,53.15469398,53.291888474,52.154709567,31765360.0
2018-01-03,53.190354643,54.06156444,54.288405877,53.165590294,31318900.0
2018-01-04,54.337439288,54.27156612,54.683496301,54.197273073,26051380.0
2018-01-05,54.652441808,54.991218102,55.154167518,54.570471812,30250520.0
2018-01-08,55.026383478,55.185370598,55.430537653,54.97685478,24644420.0
2018-01-09,55.394876991,55.115039847,55.394876991,54.887752652,26807620.0
2018-01-10,54.828268686,54.983788797,55.11454456,54.678890132,20733100.0
2018-01-11,55.091266072,55.07838861,55.217068965,54.802513763,22424320.0
2018-01-12,54.981807649,55.999622393,56.031964633,54.87829267,38586120.0
2018-01-16,56.478069616,56.002098828,56.902530558,55.802002888,36462000.0
2018-01-17,56.282431259,56.418139891,56.429036205,55.644996916,27830200.0
2018-01-18,56.430522066,56.263115067,56.491690008,55.693287396,27497460.0
2018-01-19,56.365144184,56.636066163,56.649934198,56.091250485,30551080.0
2018-01-22,56.651915346,57.659329063,57.794047122,56.55285795,29550400.0
2018-01-23,57.979284452,58.254168726,58.370065879,57.81237274,39137300.0
2018-01-24,58.690516556,58.01246868,58.79304096,57.819851573,37128580.0
2018-01-25,58.479029015,58.549855053,58.69150713,58.039709464,29984940.0
2018-01-26,58.816814735,58.818300596,58.818300596,57.851005124,42170040.0
2018-01-29,58.840093224,58.764809603,59.335380204,58.644950153,31494160.0
2018-01-30,58.330938208,58.313603164,58.836626215,58.171951087,37337660.0
2018-01-31,58.632567979,58.553817349,58.756885011,58.052586925,36022700.0
2018-02-01,58.245253561,58.522614269,58.81285244,57.916878293,73514180.0
2018-02-02,55.839644699,55.373084364,56.031816047,55.034803356,117842440.0
2018-02-05,54.511780305,52.618793468,55.224002983,52.338956324,83549380.0
2018-02-06,51.211683158,53.710405972,53.856267987,51.015054226,76630480.0
2018-02-07,53.737151469,52.273083156,53.814416237,52.233955484,51941880.0
2018-02-08,52.493981149,49.910564261,52.695067663,49.76148288,66792020.0
2018-02-09,50.810500704,51.799588803,52.09032226,49.380111906,98359400.0
2018-02-12,52.335489315,52.230983762,52.776294727,51.781758472,56240220.0
2018-02-13,52.0051329,52.210181709,52.560844891,51.85258451,31585160.0
2018-02-14,52.219096875,53.129434344,53.266628838,51.99522716,41304040.0
2018-02-15,53.661867848,54.053639849,54.189348481,52.858512366,37395260.0
2018-02-16,54.153687819,54.258688659,54.89315128,54.063050301,39948100.0
2018-02-20,54.122980026,54.659375825,55.28839029,53.98628082,33753120.0
2018-02-21,54.932278951,55.162587397,56.274506667,54.853528321,41486420.0
2018-02-22,55.43103294,54.97190191,55.742568451,54.736640594,28010720.0
2018-02-23,55.405773304,55.872828926,55.917900042,54.899441425,25292760.0
2018-02-26,56.059552118,56.645971902,56.670736251,55.934739799,30912380.0
2018-02-27,56.645971902,55.348815301,56.673212686,55.313154639,42963180.0
2018-02-28,55.571199156,54.675720296,55.851036299,54.630153894,49292380.0
2018-03-01,54.954071578,53.065542324,55.039904812,52.861236444,55337120.0
2018-03-02,52.40037191,53.696042649,53.832246569,52.010581056,50162900.0
2018-03-05,53.398375174,54.222037422,54.540011663,53.108137004,28647380.0
2018-03-06,54.585726651,54.526143628,54.760414369,54.209159961,23381360.0
2018-03-07,54.125951748,55.226479417,55.283932707,53.981823237,30748580.0
2018-03-08,55.333461405,55.936720947,56.038750065,55.333461405,33862660.0
2018-03-09,56.437951371,57.494893786,57.502818378,56.179906854,42661740.0
2018-03-12,57.703409604,57.746994859,58.352730835,57.413666721,44306080.0
2018-03-13,58.039214177,56.458258137,58.344806244,56.193774889,43139980.0
2018-03-14,56.749982168,56.903025845,57.441402792,56.57910816,41869640.0
2018-03-15,56.936705359,56.988215205,57.577111425,56.24776117,33381880.0
2018-03-16,57.222981234,56.186345585,57.295293133,56.034787769,58655180.0
2018-03-19,55.361197476,54.485034808,55.44093868,53.932789826,63655920.0
2018-03-20,54.402321883,54.273547268,54.756452073,53.610853289,54597140.0
2018-03-21,54.113569573,54.184395612,54.912467472,53.848095752,44897300.0
2018-03-22,53.491489126,52.161148298,53.685146336,51.987302568,69312160.0
2018-03-23,52.072987216,50.843684931,52.836224452,50.760476719,49879420.0
2018-03-26,52.034850118,52.207705274,52.46426393,50.052711624,65983020.0
2018-03-27,52.693581802,49.872427164,52.725280168,49.410819698,60816180.0
2018-03-28,49.623297813,49.785256655,50.766420163,48.736238832,77698860.0
2018-03-29,50.083914704,51.368193843,51.908551938,49.728793939,69337520.0
2018-04-02,50.896680638,50.154245455,51.486567431,49.243907986,65067740.0
2018-04-03,50.328586472,50.453894078,50.76691545,49.392246437,51322920.0
2018-04-04,49.441032204,51.000195617,51.150267572,49.355842843,50723960.0
2018-04-05,51.8263343,51.145314702,51.842183483,50.717386752,35835220.0
2018-04-06,50.672810923,50.021508545,51.311731128,49.838252362,40133660.0
2018-04-09,50.521253107,50.523729542,51.737182643,50.479649001,33220240.0
2018-04-10,51.027436401,51.336495477,51.569775644,50.291935236,36733560.0
2018-04-11,51.113616336,50.769887171,51.305292397,50.479649001,34060300.0
2018-04-12,51.087366126,51.375623148,51.740154365,50.818920582,32895880.0
2018-04-13,51.851098649,51.313712275,52.15272842,51.021988244,25409220.0
2018-04-16,51.784730193,51.811970977,52.075958938,51.208711436,29776440.0
2018-04-17,52.559854317,53.459295473,53.73863733,52.356291368,54583940.0
2018-04-18,53.441960428,53.262666542,53.590051236,53.021214139,31125960.0
2018-04-19,52.947168735,53.959040036,54.358241341,52.947168735,39884940.0
2018-04-20,53.70248138,53.358256929,54.221542135,53.099717125,42433840.0
2018-04-23,53.63858936,53.184411199,53.887223424,52.831271582,69589920.0
2018-04-24,52.460796921,50.650027722,52.722803734,50.165389412,128220760.0
2018-04-25,51.002176765,50.667362767,51.315198136,50.371181152,57860940.0
2018-04-26,51.174041347,51.67378591,52.105180869,50.541559874,50926640.0
2018-04-27,51.784234906,51.086375552,52.089084043,50.895194777,40745260.0
2018-04-30,51.233475785,50.448941208,51.429114142,50.435073173,34492640.0
2018-05-01,50.336015777,51.546992443,51.595530567,50.054197485,35325120.0
2018-05-02,51.212673732,50.818920582,51.706970138,50.675782645,34697440.0
2018-05-03,50.785241068,50.831302757,51.048733741,49.919479427,39281320.0
2018-05-04,50.499955767,52.054661598,52.098207229,50.422690998,36892000.0
2018-05-07,52.197799535,52.473674383,52.74806337,52.018490789,34399420.0
2018-05-08,52.729242464,52.430584415,52.75945497,52.086409493,26030480.0
2018-05-09,52.703487541,53.934275687,54.184395612,52.604925432,47159580.0
2018-05-10,54.23392431,54.752489778,54.947632848,54.178452168,36413520.0
2018-05-11,54.501874566,54.648974799,54.927821368,54.343878019,30504360.0
2018-05-14,54.757442647,54.808457206,55.380513668,54.71930555,39337860.0
2018-05-15,54.328028836,53.732198599,54.437982545,53.430568828,35738520.0
2018-05-16,53.743094912,53.693566214,54.203340338,53.57173057,25628120.0
2018-05-17,53.563305739,53.553399999,54.035809518,53.313681101,25738140.0
2018-05-18,52.797592068,52.977876528,53.180448903,52.732214186,35482980.0
2018-05-21,53.441465142,53.689603918,54.149725523,53.391936444,25179980.0
2018-05-22,53.97637508,53.258704246,54.075432476,53.107641717,22225980.0
2018-05-23,52.99570686,53.78618488,53.887223424,52.845139618,23739960.0
2018-05-24,53.832741856,53.760925244,53.843638169,53.109622865,20603880.0
2018-05-25,53.815406811,53.693070927,53.964983479,53.619768454,22223220.0
2018-05-29,53.292879048,52.900116472,53.557362295,52.652968269,36076100.0
2018-05-30,53.168066729,53.365686234,53.440969855,52.824832851,28685640.0
2018-05-31,53.590051236,54.4815678,54.97685478,53.391936444,79367240.0
2018-06-01,55.119002143,56.21507223,56.371582915,55.076412415,63202000.0
2018-06-04,56.388422673,57.108569941,57.347164538,56.314129626,44754020.0
2018-06-05,57.188806432,57.008521971,57.507592944,56.832199807,32964440.0
2018-06-06,57.095197193,56.806940171,57.191476029,56.280450111,34934380.0
2018-06-07,56.689557156,56.186345585,56.753201533,55.775257391,36107760.0
2018-06-08,56.027358464,56.101651511,56.402290708,55.632119454,27284520.0
2018-06-11,56.113043112,56.507291548,56.846067842,56.036699577,24795400.0
2018-06-12,56.513234991,56.868355756,56.896091827,56.513234991,26092240.0
2018-06-13,57.070928131,56.672222112,57.237344556,56.630122719,34301480.0
2018-06-14,57.067461122,57.458737836,57.749966581,56.987719918,35422400.0
2018-06-15,57.449327384,57.41713373,57.646887454,57.140763595,44437820.0
2018-06-18,57.091234897,58.621176378,58.648417162,57.007531398,33038260.0
2018-06-19,57.954024816,58.378981045,58.583039281,57.533030883,47282540.0
2018-06-20,58.607308343,58.64544544,59.50823536,58.544406896,51685200.0
2018-06-21,58.716766765,57.920840589,58.955643676,57.625649549,44965540.0
2018-06-22,58.022622063,57.913411284,58.19622015,57.435954635,34220060.0
2018-06-25,57.20564619,56.427055057,57.254679601,55.46718889,57682620.0
2018-06-26,56.667764529,56.097193928,56.802977875,55.917900042,34688280.0
2018-06-27,56.264600928,55.320583944,56.770288934,55.308697056,34537320.0
2018-06-28,55.095228368,55.807946332,56.165543532,54.782325865,29733500.0
2018-06-29,56.081840032,55.927310494,56.53002522,55.819833219,31562320.0
2018-07-02,55.241833314,56.567221272,56.610806527,54.808457206,23220800.0
2018-07-03,56.929276055,55.287895003,56.953545117,55.196266912,16447880.0
2018-07-05,55.69997377,56.52660774,56.667764529,55.626671297,28594200.0
2018-07-06,56.550381515,57.209608485,57.265080627,56.326016513,21819340.0
2018-07-09,57.45328968,57.813858601,57.846052255,57.316318065,21584020.0
2018-07-10,57.948081373,57.806924583,58.121927103,57.580083146,21334080.0
2018-07-11,57.236353982,58.020888559,58.465656267,57.224194687,33252660.0
2018-07-12,58.189286132,59.496843759,59.532801594,58.102115623,44148620.0
2018-07-13,59.573117954,59.653354445,59.951517207,59.201157432,32637140.0
2018-07-16,59.623141939,59.261582443,59.865832559,59.107602674,26784740.0
2018-07-17,58.579572272,60.082272969,60.363595974,58.542921036,40162660.0
2018-07-18,59.856917393,60.073853091,60.503762189,59.660288462,38947940.0
2018-07-19,59.763803441,59.389861771,60.250670543,59.322225381,38337840.0
2018-07-20,59.396795789,59.32943676,59.967614033,59.265544739,37967520.0
2018-07-23,59.21948305,59.979253278,60.182320939,59.038703302,65446080.0
2018-07-24,62.950975158,62.314531388,63.14908995,61.620634329,107600640.0
2018-07-25,62.040632735,63.195646926,63.309562931,61.863820236,51508740.0
2018-07-26,62.761775531,63.669141279,63.763245805,62.554745574,54686040.0
2018-07-27,63.848435165,62.054010437,63.963341745,61.638217017,48361800.0
2018-07-30,61.665705444,60.922279687,62.054010437,60.63154623,43896740.0
2018-07-31,61.004992613,60.782608759,61.475515244,60.23630722,39382220.0
2018-08-01,61.371504978,61.068389347,61.707819696,60.669683328,36994800.0
2018-08-02,60.350718513,61.471552948,61.634007078,60.328925885,34703600.0
2018-08-03,61.672144175,61.324452715,61.73851263,60.891571895,21264880.0
2018-08-06,61.495326723,61.300183653,61.537505362,60.946548749,22118320.0
2018-08-07,62.010425182,62.200120096,62.707293963,62.000024156,42505120.0
2018-08-08,62.24370535,62.472032648,62.98663582,62.015873339,34373280.0
2018-08-09,62.541372825,62.627057473,62.998760445,62.411166831,27326360.0
2018-08-10,62.365545947,62.035189531,62.465593917,61.770384348,26687740.0
2018-08-13,61.970306937,61.84351347,62.701845807,61.763772266,27617640.0
2018-08-14,62.034694245,62.314036101,62.435381411,61.392802318,28079820.0
2018-08-15,61.627568347,61.030252249,62.008939322,60.734318279,37051160.0
2018-08-16,61.514147629,60.626098073,61.598712927,60.406685941,32175980.0
2018-08-17,60.526050103,60.219467463,60.769468795,59.632552392,33092580.0
2018-08-20,60.4577005,60.521592521,60.717726165,59.865337272,22223460.0
2018-08-21,60.574588227,60.296732232,61.056997746,60.17885393,23081860.0
2018-08-22,60.138735685,60.511686781,60.748433957,60.089206987,22296640.0
2018-08-23,60.419068116,60.482464849,61.176361908,60.392758471,24666940.0
2018-08-24,60.722183748,61.254617251,61.286810905,60.495342311,24453060.0
2018-08-27,61.620634329,62.221417436,62.300663353,61.449265034,28579840.0
2018-08-28,62.203091818,61.70582369,62.235780758,61.562685753,27330320.0
2018-08-29,62.15851599,62.636467925,62.761280244,62.049552854,36932300.0
2018-08-30,62.574557053,62.130779919,62.876186824,61.772687432,30104380.0
2018-08-31,62.020330922,61.009450196,62.036923036,60.710034358,42308480.0
2018-09-04,60.549823878,59.994607174,60.814802413,59.759345858,41457380.0
2018-09-05,59.891092195,59.389861771,60.170929339,58.213059907,53987880.0
2018-09-06,59.363611561,58.641483145,59.384240264,57.632088279,46854440.0
2018-09-07,58.047634056,58.324499477,58.867086364,57.91242071,32663800.0
2018-09-10,58.651884171,58.199191871,58.773724768,57.978789165,27678760.0
2018-09-11,58.003058227,58.938655333,58.985707596,57.747985433,29253760.0
2018-09-12,58.542921036,58.027822576,58.973523536,57.758386459,35716660.0
2018-09-13,58.42900503,58.549855053,58.833159206,57.909944275,40068360.0
2018-09-14,58.840093224,58.34381567,58.840093224,58.122917676,24175340.0
2018-09-17,58.333414643,57.444869801,58.53400587,57.376767841,34095800.0
2018-09-18,57.585036016,57.805438722,58.509736808,57.523868074,32314020.0
2018-09-19,57.897066814,58.1600642,58.259121596,57.384702339,25961680.0
2018-09-20,58.477047867,59.016910675,59.137265412,58.258131022,29249100.0
2018-09-21,59.182831814,58.053577499,59.265049452,58.050605777,91222380.0
2018-09-24,57.424067748,58.422071012,58.700917582,57.032295747,31149580.0
2018-09-25,58.654360606,59.131817255,59.278912535,58.151149034,33156180.0
2018-09-26,59.121911515,59.140237133,59.793025373,58.71116507,37650480.0
2018-09-27,59.4344376,59.798968817,60.269491448,59.337856638,36273040.0
2018-09-28,59.637009974,59.785100781,59.852955098,59.326960325,35615180.0
2018-10-01,60.078310674,59.856917393,60.633032091,59.592434146,33187280.0
2018-10-02,59.764794015,59.812836852,60.648881274,59.417597842,40179120.0
2018-10-03,60.028781976,60.005503487,60.136754537,59.5409243,26253720.0
2018-10-04,59.68356695,58.298744554,59.726656918,57.643727523,46575560.0
2018-10-05,58.245748848,57.841099385,58.542921036,57.171966675,31860240.0
2018-10-08,57.45328968,57.251212592,58.23881483,56.234883709,46190780.0
2018-10-09,57.022885294,56.718779088,57.530059161,56.66925039,33694560.0
2018-10-10,56.284412407,54.093262807,56.315120199,54.061069153,58980120.0
2018-10-11,53.443446289,54.022932056,55.276751046,53.287430891,67695500.0
2018-10-12,55.454311428,55.498887256,55.760889116,54.235162527,49378400.0
2018-10-15,55.373084364,54.602417823,55.561045772,54.393406717,30079120.0
2018-10-16,55.149214649,56.119977129,56.282926546,55.063530001,38377580.0
2018-10-17,56.46271572,55.848064577,56.809416606,55.174969572,35652280.0
2018-10-18,55.96742874,54.378052821,56.08382118,53.805005785,46151920.0
2018-10-19,54.665319269,54.738126455,55.519194023,54.334467566,41285780.0
2018-10-22,55.101171811,55.044709096,55.555845259,54.4815678,27116840.0
2018-10-23,54.05017284,55.220040687,55.373084364,53.441960428,37685100.0
2018-10-24,55.22449827,52.357777229,55.30473476,52.255748111,49285900.0
2018-10-25,53.505852449,54.659375825,55.364169198,53.27034349,72956280.0
2018-10-26,51.922419974,53.676726457,55.323555666,51.620294916,106437660.0
2018-10-29,54.310198504,51.248829681,54.918906203,49.885304625,81289040.0
2018-10-30,50.519767246,51.980863837,52.049708728,50.220613911,59768360.0
2018-10-31,52.906555203,54.015007464,54.877797384,52.906555203,70916420.0
2018-11-01,54.055620997,53.787175454,54.47661493,53.383021278,40131500.0
2018-11-02,53.936752122,53.06950462,54.382510404,52.879809706,43444300.0
2018-11-05,53.121014465,52.288932339,53.161627998,51.212673732,45357400.0
2018-11-06,52.253766963,52.974409519,53.482078674,52.183931499,28660260.0
2018-11-07,53.663848996,54.889684271,54.973382818,53.520215771,43387840.0
2018-11-08,54.843127295,54.215598691,54.888693697,53.706938963,33703860.0
2018-11-09,53.690099205,53.343398319,53.904558468,52.711412133,34865960.0
2018-11-12,53.150731684,51.973434533,53.198774521,51.527180964,34001820.0
2018-11-13,52.243365937,51.904589643,52.830528652,51.529657399,25749500.0
2018-11-14,52.50041988,52.231974336,52.787191041,51.564822774,34666040.0
2018-11-15,52.077444799,53.047711992,53.435026411,51.573861762,41583080.0
2018-11-16,52.75945497,52.910022212,53.116556883,52.24782352,35366160.0
2018-11-19,52.668322166,50.886774899,52.896649464,50.6613797,45683820.0
2018-11-20,49.889762208,51.036846854,51.37859487,49.638156422,54458680.0
2018-11-21,51.772843306,51.679729354,52.238165424,51.482852779,29703440.0
2018-11-23,51.187909383,51.019511809,51.658432014,50.941256466,14177180.0
2018-11-26,51.707960712,52.299333366,52.351833786,51.498454319,31558820.0
2018-11-27,52.071501355,52.118058331,52.835233878,51.782253759,33048660.0
2018-11-28,52.374616987,54.074937189,54.127809074,51.655955579,46042420.0
2018-11-29,53.665830143,54.213122256,54.488997104,53.590051236,31010460.0
2018-11-30,54.265127389,54.959519735,54.959519735,53.648495099,59666800.0
2018-12-03,56.074410727,55.291857299,56.21507223,55.062539427,57528980.0
2018-12-04,55.124945587,52.622755764,55.186856459,52.53880462,45629700.0
2018-12-06,51.75748941,53.395898739,53.462267195,51.632677091,47436500.0
2018-12-07,53.106155856,51.835744752,53.74012319,51.47864284,42682220.0
2018-12-10,51.655460292,52.162634159,52.4806084,51.163145034,33652920.0
2018-12-11,52.844149044,52.582142231,53.015518339,52.010085769,33851520.0
2018-12-12,53.346370041,53.180448903,54.072089289,53.093278395,28959460.0
2018-12-13,53.276534577,53.17103845,53.908025477,52.747766197,24988060.0
2018-12-14,52.501410453,52.089826973,53.08089622,51.97392982,36358980.0
2018-12-17,51.857042092,50.799109103,52.618298181,50.352360247,49931020.0
2018-12-18,51.212673732,51.67873878,52.485065983,51.038332715,43640380.0
2018-12-19,51.870910128,51.284985631,53.278515725,50.491040602,58264740.0
2018-12-20,50.816444148,50.696584698,51.878339433,49.918231304,53673400.0
2018-12-21,51.115597483,49.095321892,51.394444053,48.59706319,104649800.0
2018-12-24,48.752088015,48.769423059,50.128961055,48.422221933,36359100.0
2018-12-26,49.429145317,51.898646199,51.928363418,49.164414426,46317240.0
2018-12-27,50.826349887,52.148766124,52.170558751,49.875398886,45996120.0
2018-12-28,52.475655531,51.840697622,52.709926272,51.608903316,34367040.0
2018-12-31,52.392942605,51.755508262,52.648510687,51.165061794,33110080.0
2019-01-02,50.875878585,52.236927206,52.539547551,50.780535841,31867900.0
2019-01-03,52.038317127,50.790193938,52.810469529,50.636654974,41959140.0
2019-01-04,51.636639386,53.395403452,53.49099384,51.354325808,46028560.0
2019-01-07,53.539036677,53.288916752,53.624721324,52.631175642,47453340.0
2019-01-08,53.788166028,53.756962948,54.152201958,52.913915168,35413080.0
2019-01-09,53.886728137,53.572716191,54.067507884,53.21214727,26998240.0
2019-01-10,53.240378628,53.433045263,53.481583387,52.732214186,26597220.0
2019-01-11,52.99075399,52.72181316,53.162618572,52.323602428,30864760.0
2019-01-14,52.170558751,52.079921233,52.423650398,51.933316287,28489720.0
2019-01-15,52.40185777,53.813425663,53.900596172,52.225040319,37517040.0
2019-01-16,53.98628082,53.962011757,54.598455527,53.88771871,38280820.0
2019-01-17,53.886728137,54.437982545,54.516237888,53.652209751,24896020.0
2019-01-18,54.907019315,54.843127295,55.373084364,54.446075535,44891380.0
2019-01-22,54.283453008,53.423139523,54.430553241,53.039787401,39631880.0
2019-01-23,53.830760708,53.709415398,54.132390479,52.875352123,25194760.0
2019-01-24,53.615310871,53.689108632,53.887223424,52.996697433,29118960.0
2019-01-25,54.195787212,54.556356133,54.647984225,54.07549191,23275760.0
2019-01-28,53.989747828,53.484059822,54.152944888,53.224034157,29334280.0
2019-01-29,53.542503685,52.998678581,53.725264581,52.798582641,19704960.0
2019-01-30,53.360238077,54.382015117,54.457794024,53.324577414,29452940.0
2019-01-31,55.087799063,55.763865791,55.852026873,54.741593464,40231440.0
2019-02-01,55.585562478,55.403792156,56.185355011,55.187351746,33116260.0
2019-02-04,55.423108348,56.533046471,56.578612873,55.348815301,78411820.0
2019-02-05,55.949103121,57.050621365,57.095197193,55.650445072,82295800.0
2019-02-06,56.92184675,55.615279697,57.156117492,55.390914695,48256400.0
2019-02-07,55.06699701,54.774282405,55.075416889,54.164088845,38297540.0
2019-02-08,54.227980866,54.599446101,54.733916516,54.196282499,21766540.0
2019-02-11,54.667300417,54.586568639,55.146738214,54.4815678,18497620.0
2019-02-12,55.026878764,55.84756929,56.109080816,55.026878764,35035420.0
2019-02-13,56.117995981,55.899574423,56.603852697,55.769313948,28041740.0
2019-02-14,55.71978525,55.927805781,56.271039658,55.328013248,21105940.0
2019-02-15,56.428045631,55.453816141,56.428045631,55.30968763,27826960.0
2019-02-19,55.305725334,55.794573583,55.949598408,55.305725334,21985180.0
2019-02-20,55.911956598,55.501363691,56.013490429,55.063530001,24090660.0
2019-02-21,55.411716748,54.690083618,55.430042366,54.38151983,33279600.0
2019-02-22,54.96199617,55.301763038,55.33593784,54.506332149,29435660.0
2019-02-25,55.567732147,55.339900136,55.739596729,55.180417728,26207240.0
2019-02-26,55.19329519,55.571694442,55.790858931,54.813410076,35025220.0
2019-02-27,55.175464858,55.615279697,55.755941199,54.905533454,22097620.0
2019-02-28,55.422613062,55.796554731,56.165048245,55.39339113,27427100.0
2019-03-01,56.016957438,56.884700226,56.9580027,56.016957438,34085160.0
2019-03-04,57.183853562,57.127390847,57.726688092,56.376040498,35489340.0
2019-03-05,57.255174888,57.908458414,58.270012957,57.107579367,40094460.0
2019-03-06,58.035747168,57.697961448,58.183342688,57.604352208,23601040.0
2019-03-07,57.478054029,57.000102093,57.630602418,56.547657437,30086560.0
2019-03-08,56.160590662,56.956516839,57.128896519,55.977334479,23694640.0
2019-03-11,57.057060096,58.407212403,58.439406057,57.035762755,30032660.0
2019-03-12,58.557779645,59.29823368,59.717246465,58.557779645,42219580.0
2019-03-13,59.728142779,59.387880623,59.787250327,59.330922621,25887080.0
2019-03-14,59.385899475,59.064458225,59.66722248,59.000070918,27301440.0
2019-03-15,59.335380204,58.954009229,59.519874604,58.791059812,51866760.0
2019-03-18,58.923796723,58.867334007,59.184317675,58.516977903,24444060.0
2019-03-19,59.02433998,59.556278197,59.603082816,58.912226819,29788140.0
2019-03-20,59.503777777,60.743481088,60.919803253,59.414130833,41508840.0
2019-03-21,60.42501156,61.223909458,61.239263355,60.255375769,28149600.0
2019-03-22,60.863340537,59.813332139,61.100087713,59.73161474,34422660.0
2019-03-25,59.412644972,59.304672411,59.901988509,58.939319017,27576980.0
2019-03-26,59.691491542,58.931226028,59.813332139,58.531034148,30752120.0
2019-03-27,59.03424572,58.34530153,59.03424572,57.662796072,29428040.0
2019-03-28,58.220984499,58.061006804,58.30765972,57.623173114,22402440.0
2019-03-29,58.452778805,58.289829389,58.640492571,57.769282773,30892300.0
2019-04-01,58.817310022,59.383918328,59.444343339,58.758866159,27711900.0
2019-04-02,59.436914034,59.708826586,59.722199335,59.000566205,18288260.0
2019-04-03,60.063452064,59.969842825,60.454728778,59.685795742,22192280.0
2019-04-04,59.9936166,60.397770776,60.452252343,59.882177029,21021780.0
2019-04-05,60.390341471,60.001541192,60.444327752,59.93121044,20020880.0
2019-04-08,59.984701434,59.844535219,60.125362937,59.666974837,21751760.0
2019-04-09,59.528046839,59.567669797,59.78856779,59.354201109,19676800.0
2019-04-10,59.686538672,59.753897702,59.877110244,59.467171116,15509120.0
2019-04-11,59.875243012,59.909417813,60.065433212,59.659297888,16998940.0
2019-04-12,60.208075862,60.560224905,60.576074088,60.092673996,24312200.0
2019-04-15,60.627583934,60.748433957,60.885380807,60.155575442,23799480.0
2019-04-16,60.92029854,61.014898353,61.216480154,60.674636197,22621980.0
2019-04-17,61.266999426,61.422519537,61.667934236,61.063931764,30365720.0
2019-04-18,61.66322901,61.488392706,61.709785986,61.386363588,24755760.0
2019-04-22,61.250654955,62.097100404,62.125851813,61.087210252,19088380.0
2019-04-23,62.239743054,62.930668391,63.120858592,62.008691678,31868980.0
2019-04-24,62.930668391,62.408635914,63.099561252,62.396749027,23395940.0
2019-04-25,62.916305069,62.769700123,63.040126814,62.307102084,31343220.0
2019-04-26,63.068853459,63.268949399,63.342747159,62.65380297,27228380.0
2019-04-29,63.421993075,64.199098347,64.237483088,62.986140533,72367240.0
2019-04-30,58.970353699,59.382927754,59.482861808,58.592449734,133177100.0
2019-05-01,59.310615855,58.113011937,59.397291076,58.031537229,74340360.0
2019-05-02,58.077351274,57.775721503,58.413155847,57.370576754,45097800.0
2019-05-03,58.315584312,58.916862705,59.008490797,58.124155894,41587520.0
2019-05-06,58.047634056,59.110519915,59.20809145,58.005782306,31773680.0
2019-05-07,58.731625375,58.387400924,59.175402509,57.70093317,36604760.0
2019-05-08,58.309640868,57.987209044,58.65535118,57.831193645,25520440.0
2019-05-09,57.582064294,57.848033403,58.15015846,57.187815858,29555040.0
2019-05-10,57.89112337,57.831688932,58.259616883,56.778213526,31649200.0
2019-05-13,56.722246097,56.293822859,57.055574235,55.744549599,45633720.0
2019-05-14,56.577622299,55.712851232,56.703672835,55.646978063,40391000.0
2019-05-15,55.598439939,57.988199618,58.359664853,55.541481937,59302340.0
2019-05-16,58.039709464,58.666742781,59.145190003,57.871807178,35307760.0
2019-05-17,58.237328969,57.888151648,58.75539915,57.771263921,25361000.0
2019-05-20,57.106588794,56.693519452,57.106588794,56.370344698,30602520.0
2019-05-21,57.179891267,57.177910119,57.354232284,56.62665571,20564960.0
2019-05-22,57.019913572,57.247745583,57.640508158,57.007531398,18825580.0
2019-05-23,56.763354916,56.727198967,56.960479134,56.123939425,25213140.0
2019-05-24,57.057060096,56.393870829,57.173947823,56.299766303,18553020.0
2019-05-28,56.536018193,56.440923092,57.27944395,56.396842551,20951080.0
2019-05-29,56.101156224,55.469170038,56.21507223,55.073435741,36230200.0
2019-05-30,55.479571064,55.541977224,55.808689262,55.269074098,18088380.0
2019-05-31,54.760909656,54.803504337,55.14538608,54.647488938,31589620.0
2019-06-03,52.843653757,51.44743976,52.847120766,50.867458706,96889600.0
2019-06-04,51.732229774,52.227516754,52.423006525,51.313216988,60511280.0
2019-06-05,52.25277639,51.739659078,52.342423333,51.163145034,46988720.0
2019-06-06,51.817419134,51.894188616,52.0051329,51.287462065,29020520.0
2019-06-07,52.217115727,52.914975082,53.165590294,52.062090902,43827140.0
2019-06-10,53.342407746,53.627693046,54.225999718,53.257302584,28509280.0
2019-06-11,54.332486419,53.542503685,54.679930235,53.469696499,33516340.0
2019-06-12,53.488517405,53.446418011,53.615806158,52.97589538,23673000.0
2019-06-13,53.724274007,54.036304804,54.312674939,53.618282593,20813220.0
2019-06-14,53.973403358,53.803024637,54.222037422,53.564058575,24586080.0
2019-06-17,53.941704991,54.178947455,54.544964533,53.887223424,19769820.0
2019-06-18,55.051147827,54.741098177,55.411716748,54.520695471,34526240.0
2019-06-19,54.840155573,54.704942227,54.948623422,54.284938868,26720300.0
2019-06-20,55.556340546,55.135346613,55.606859818,54.828268686,24018160.0
2019-06-21,54.969920762,55.738110868,55.797545305,54.962986744,50777440.0
2019-06-24,55.47214176,55.308697056,55.648959211,55.14079477,24237860.0
2019-06-25,55.228460565,53.86642137,55.259168358,53.718815945,31644340.0
2019-06-26,54.035809518,53.506843023,54.239867753,53.178329075,34697460.0
2019-06-27,53.825312551,53.324082127,53.910254268,53.285449743,24078280.0
2019-06-28,53.353799346,53.629674194,53.629674194,53.183915912,33671360.0
2019-07-01,54.533077645,54.4815678,54.907019315,54.25026878,29288980.0
2019-07-02,54.720791411,55.105629394,55.119992717,54.465223329,20638380.0
2019-07-03,55.397848713,55.620232567,55.867742329,55.217068965,20154360.0
2019-07-05,55.44093868,56.09942272,56.197737185,55.348320015,29793560.0
2019-07-08,55.762875217,55.313154639,55.829243672,55.064025288,29887420.0
2019-07-09,54.992703963,55.684619874,55.861437326,54.83569799,29472440.0
2019-07-10,56.082335319,56.507786835,56.578612873,56.00011768,30710920.0
2019-07-11,56.767812499,56.664792807,57.118475681,56.439437231,26010580.0
2019-07-12,56.607834805,56.727198967,56.834180955,56.391394394,21878660.0
2019-07-15,56.727198967,56.983262335,56.991682214,56.46271572,21168620.0
2019-07-16,56.796043857,57.129371995,57.382958928,56.796043857,25352820.0
2019-07-17,57.003569102,56.796539144,57.376024911,56.7905957,19537880.0
2019-07-18,56.561773116,56.821303493,56.867365182,56.108833172,25475380.0
2019-07-19,56.924323185,56.044198221,57.036258042,56.029339612,23183060.0
2019-07-22,56.238350718,56.423588048,56.463706293,55.730186276,28935140.0
2019-07-23,56.633589728,56.861421738,56.901539984,56.108585529,20648760.0
2019-07-24,56.097193928,56.449342971,56.732894767,55.893630979,27199120.0
2019-07-25,56.410710587,56.261629206,56.640573274,55.655893229,54762780.0
2019-07-26,60.821241144,61.674125323,62.821903371,60.821241144,121215900.0
2019-07-29,61.539407265,61.506718324,61.861096158,60.930204279,41382540.0
2019-07-30,60.771712446,60.821241144,61.262541843,60.688504233,28615500.0
2019-07-31,60.666216319,60.335859903,61.163484447,59.839582349,39959980.0
2019-08-01,60.307628545,60.017885662,61.23223028,59.781138486,35425420.0
2019-08-02,59.583023694,59.252171991,59.904960231,58.93915062,34909000.0
2019-08-05,58.095676893,57.193264015,58.289334102,56.598919639,47839440.0
2019-08-06,57.726688092,58.002067653,58.513203817,57.528820944,36014140.0
2019-08-07,57.344326544,58.241291265,58.437424909,56.999606806,30686940.0
2019-08-08,58.762333168,59.74102024,59.745477823,58.146691452,30116960.0
2019-08-09,59.434189956,58.884669052,59.655335593,58.686058973,20418900.0
2019-08-12,58.44386364,58.171455801,58.721719635,57.885179926,22064860.0
2019-08-13,58.164026496,59.272478757,59.70337843,58.09691511,28604800.0
2019-08-14,58.249215856,57.663786646,58.582048707,57.506285386,35430020.0
2019-08-15,57.870816604,57.914897145,58.266550901,57.601875774,28614300.0
2019-08-16,58.482991311,58.404735968,58.63405384,58.097162754,25303740.0
2019-08-19,59.029788137,59.456230227,59.899512074,58.958962099,24457080.0
2019-08-20,59.204129154,58.618699943,59.335380204,58.594678525,20211320.0
2019-08-21,59.227407642,59.017405962,59.462015179,58.836130928,14165440.0
2019-08-22,59.127359672,59.01443424,59.374012588,58.389877359,17358300.0
2019-08-23,58.699927008,57.135315438,59.219978337,56.9580027,36262820.0
2019-08-26,57.426048896,58.007020523,58.040700038,57.197969241,21178520.0
2019-08-27,58.592449734,57.989190192,58.69150713,57.679001862,23469780.0
2019-08-28,57.694494439,58.134309277,58.369570593,57.465671854,16816580.0
2019-08-29,58.761837881,59.149152299,59.394319354,58.705375165,19641960.0
2019-08-30,59.451772644,58.965400829,59.451772644,58.727167792,18067500.0
2019-09-03,58.535491731,57.926288745,58.893584217,57.637288793,25922320.0
2019-09-04,58.416622856,58.556293784,58.685563686,58.024355567,21313320.0
2019-09-05,59.120425654,60.038192428,60.127839372,59.072382817,26413120.0
2019-09-06,59.887129899,59.747458971,60.075586595,59.595901155,18971600.0
2019-09-09,59.785100781,59.695453838,60.452252343,59.096156592,31859160.0
2019-09-10,59.24078039,59.716751178,59.92972458,59.236818094,27921540.0
2019-09-11,59.627104235,60.42501156,60.547347444,59.547115387,23521320.0
2019-09-12,60.596876142,61.166456169,61.535197325,60.551805026,31644600.0
2019-09-13,61.024804092,61.41707138,61.467590652,60.775674741,23675240.0
2019-09-16,60.942091167,61.001030317,61.367047395,60.682065502,28217600.0
2019-09-17,61.001030317,60.914355096,61.16794203,60.590932698,20944020.0
2019-09-18,60.932185427,61.051549589,61.229357615,60.250175256,17855760.0
2019-09-19,61.035205119,61.353674647,61.630540069,61.034709832,16940040.0
2019-09-20,61.100583,60.912373948,61.554265874,60.602324298,38754860.0
2019-09-23,60.750415105,61.152588133,61.399736336,60.61235386,23941380.0
2019-09-24,61.41558552,60.342298634,61.767734562,59.961611155,36714240.0
2019-09-25,60.227392054,61.709785986,61.812805677,59.890101621,27103240.0
2019-09-26,61.521576933,61.529006238,61.646884539,61.01044077,23431540.0
2019-09-27,61.555751735,60.719707313,61.662733723,60.187273809,34449620.0
2019-09-30,60.454728778,60.481474275,60.791771568,60.099112727,25892180.0
2019-10-01,60.548338018,59.731609788,61.061866417,59.709321873,25654700.0
2019-10-02,59.261087157,58.340843948,59.373022014,58.078837135,33495480.0
2019-10-03,58.609289491,58.910919262,58.988679318,57.608809791,29388260.0
2019-10-04,59.151628734,59.97727213,60.051565177,58.987193457,24573720.0
2019-10-07,59.781138486,59.843049358,60.371025279,59.650382723,17580400.0
2019-10-08,59.373517301,58.94558935,59.77464032,58.913395697,20648520.0
2019-10-09,59.500310768,59.553306475,59.853450385,59.341076004,16264320.0
2019-10-10,59.365097422,59.90347437,60.208075862,59.328446186,13364880.0
2019-10-11,60.624612212,60.212533445,60.858387667,60.109929794,22529040.0
2019-10-14,60.122391215,60.314562563,60.716240304,60.022838532,13678520.0
2019-10-15,60.499304607,61.526529803,61.768477493,60.470577962,30544320.0
2019-10-16,61.505232463,61.564171614,62.118397744,61.342778333,23020560.0
2019-10-17,61.980212677,62.049552854,62.591892097,61.904433769,21279620.0
2019-10-18,62.143162093,61.634007078,62.31255024,61.422519537,31646400.0
2019-10-21,61.846485192,61.627568347,62.084718229,61.415090233,20601700.0
2019-10-22,61.637474087,61.475019957,61.847971053,61.408156215,25636420.0
2019-10-23,61.425986546,62.288776465,62.309083231,61.425986546,23525620.0
2019-10-24,62.362078938,62.362078938,62.549792704,62.02726494,22809560.0
2019-10-25,62.009929896,62.619132881,62.802389064,61.868773106,27104960.0
2019-10-28,63.14908995,63.841501148,64.349665589,63.015857752,65428220.0
2019-10-29,63.198618648,62.43884842,63.436356398,62.188728495,52654300.0
2019-10-30,62.165945294,62.440829568,62.803131994,61.943066153,29203860.0
2019-10-31,62.40615948,62.346725042,62.728873617,61.885117577,31903080.0
2019-11-01,62.693425928,63.01288603,63.050032554,62.391796157,28812140.0
2019-11-04,63.204066804,63.872704227,64.015842165,63.204066804,30632440.0
2019-11-05,63.951454857,63.963341745,64.250608193,63.861312627,25148540.0
2019-11-06,63.896478002,63.942044404,64.040111227,63.509163584,24625300.0
2019-11-07,64.104003247,64.731036564,65.509132409,64.077753037,45140100.0
2019-11-08,64.46259102,64.833065682,65.234743422,64.46259102,30437840.0
2019-11-11,64.585422192,64.302118039,64.62999802,64.18275883,17237200.0
2019-11-12,64.316481361,64.249122332,64.850400726,64.102022099,28886840.0
2019-11-13,64.049521679,64.198107773,64.512119718,63.998358534,18721700.0
2019-11-14,64.13966391,64.840494986,65.165898532,64.08716349,29000780.0
2019-11-15,65.132714304,66.04849993,66.04849993,64.976203619,39299100.0
2019-11-18,65.989065493,65.369956768,66.067320836,65.187691159,27987480.0
2019-11-19,65.706256627,65.010873707,65.706256627,64.970260175,21872580.0
2019-11-20,64.949953409,64.479430778,65.0415815,63.852892748,28917400.0
2019-11-21,64.350160876,64.394241417,64.938066521,63.929166943,25546760.0
2019-11-22,64.535893494,64.073790741,64.729055416,63.860450827,27778240.0
2019-11-25,64.202070069,64.666649256,64.902901146,64.169876415,23593160.0
2019-11-26,64.878136797,65.031180474,65.081204458,64.587403339,21941780.0
2019-11-27,65.151039923,64.988090506,65.260993632,64.85655219,18810720.0
2019-11-29,64.714196806,64.589879774,64.880117945,64.547285094,12801380.0
2019-12-02,64.514100866,63.835557704,64.656743517,63.415554345,26577780.0
2019-12-03,63.330364984,64.126786448,64.250112906,63.25062378,29600520.0
2019-12-04,64.689432457,65.32538094,65.5893689,64.53842441,35527840.0
2019-12-05,65.724582246,65.722601098,65.77312037,65.096558355,24412620.0
2019-12-06,66.009372259,66.338242814,66.490791204,65.934088638,32974580.0
2019-12-09,66.311992604,66.516546127,67.237832555,66.173807536,31137780.0
2019-12-10,66.365483598,66.511593257,66.764684904,66.071283132,17608600.0
2019-12-11,66.779543513,66.578952286,66.858294143,66.422936887,20486160.0
2019-12-12,66.52744244,66.788953966,67.090583736,66.279308616,29129320.0
2019-12-13,66.759732034,66.708717475,66.930606042,66.450672958,33173680.0
2019-12-16,67.11138579,67.393699368,67.533865583,66.893954805,28129140.0
2019-12-17,67.478393442,67.105937633,67.573488542,66.901879397,32970980.0
2019-12-18,67.210443186,66.958342113,67.330797922,66.886525501,23334660.0
2019-12-19,66.958342113,67.182707115,67.236490328,66.801866097,30421640.0
2019-12-20,67.512568243,66.924167311,67.557144072,66.899898249,50276980.0
2019-12-23,67.296127833,66.894945379,67.450855486,66.764684904,19939340.0
2019-12-24,66.874143326,66.587867452,66.963294982,66.574742347,13468200.0
2019-12-26,66.692868291,67.481365164,67.517521113,66.641358445,23676000.0
2019-12-27,67.557144072,67.093555458,67.709197174,67.012328394,23217460.0
2019-12-30,67.201032733,66.354091997,67.210443186,66.261225688,20011840.0
2019-12-31,66.159939501,66.338242814,66.40114426,65.978664466,19521220.0
2020-01-02,66.78499167,67.788938378,67.788938378,66.68989657,27285300.0
2020-01-03,66.764684904,67.4343129,68.040048877,66.731183692,23412580.0
2020-01-06,66.944474077,69.231709351,69.256968987,66.913270998,46786860.0
2020-01-07,69.362960401,69.097981866,69.513527643,68.921907345,34529120.0
2020-01-08,69.083618544,69.589801837,69.927092271,68.975150695,35325480.0
2020-01-09,70.426341547,70.320350133,70.760660258,69.845865206,33228760.0
2020-01-10,70.79978793,70.774528294,71.070704955,70.310825764,26263560.0
2020-01-13,71.086063804,71.32281098,71.394627593,70.596720268,30746340.0
2020-01-14,71.32132512,70.855260071,71.451585595,70.715589143,26112720.0
2020-01-15,70.975614807,71.281702161,71.359957504,70.908255778,21550380.0
2020-01-16,71.591256524,71.824536691,71.851282188,71.32132512,26080800.0
2020-01-17,72.437701972,73.278699264,73.329713823,72.141025071,52423500.0
2020-01-21,73.252944342,73.41391261,73.792039455,72.817587086,48932020.0
2020-01-22,73.784387271,73.50900771,74.321833079,73.434288716,28458920.0
2020-01-23,73.676414709,73.534762633,73.971110463,73.318322223,26651240.0
2020-01-24,73.937430948,72.617491146,74.005780551,72.469380528,29785600.0
2020-01-27,70.902312334,70.911722787,71.151936972,70.305986811,34131320.0
2020-01-28,71.407505054,71.841376449,72.05434985,70.843868471,29731720.0
2020-01-29,72.235624885,72.148454376,72.516947889,71.588037158,21639280.0
2020-01-30,71.227220593,72.027109066,72.076637764,71.07368163,27109440.0
2020-01-31,72.701194646,70.96372792,72.790841589,70.680423767,43821500.0
2020-02-03,72.393621431,73.431247654,73.614503837,72.143996793,72175200.0
2020-02-04,72.038995954,71.589275376,72.675192079,70.431294416,95879340.0
2020-02-05,72.490697679,71.620973742,72.538740516,70.809941313,36375860.0
2020-02-06,71.914678922,73.102872387,73.379737808,71.840385875,37821580.0
2020-02-07,72.677668514,73.258392498,73.562251061,72.579849336,28360980.0
2020-02-10,73.165278546,74.721965524,74.732861838,73.064735289,38301440.0
2020-02-11,74.950292822,74.791305701,75.772959543,74.562983356,34852940.0
2020-02-12,75.07857215,75.215766643,75.298479569,74.722460811,31042720.0
2020-02-13,74.78833398,74.956236266,75.578118598,74.491161792,22913160.0
2020-02-14,75.012698981,75.220719513,75.286097394,74.567931273,23197140.0
2020-02-18,75.003288529,75.255884889,75.806396367,74.838357964,25680220.0
2020-02-19,75.640227585,75.524825719,75.815559176,75.331960969,22746760.0
2020-02-20,75.234587548,75.134539579,75.633788854,74.503791609,25967720.0
2020-02-21,74.519888436,73.473842335,74.835138599,73.227684706,42536860.0
2020-02-24,70.481813688,70.323817142,71.142031233,69.676477059,49560780.0
2020-02-25,70.875566838,68.662624611,71.165161135,68.370405293,51579320.0
2020-02-26,69.091543136,68.868168708,70.017234501,68.178734184,49803560.0
2020-02-27,67.316434599,65.127761435,67.824599041,65.092596059,62289520.0
2020-02-28,63.114915148,66.331308796,66.48980063,62.81279009,80218000.0
2020-03-02,66.93258719,68.662624611,68.719582614,65.635430589,55429260.0
2020-03-03,69.22527062,66.255529888,69.745817236,65.835630539,56602240.0
2020-03-04,67.307519434,68.428849156,68.48729302,66.219869226,47597120.0
2020-03-05,66.643339593,65.118350982,67.043531473,64.468534464,54379640.0
2020-03-06,62.898970025,64.176315146,64.523511319,62.267974412,64646300.0
2020-03-09,59.680099942,60.216495741,62.046085845,59.337361351,69251560.0
2020-03-10,62.128303484,63.157509828,63.191189343,60.153099007,54871320.0
2020-03-11,61.825187852,59.974300408,62.254106377,58.995613335,54833880.0
2020-03-12,55.601906948,55.053624261,58.877239747,54.901075872,94325860.0
2020-03-13,58.195724863,60.14121212,60.147650851,55.090275498,79399460.0
2020-03-16,53.966964627,53.144292954,56.733637698,52.851088014,96519620.0
2020-03-17,54.017979186,55.376056085,55.769313948,51.960557071,83193720.0
2020-03-18,52.497448158,54.04521997,54.728716003,51.361259826,93044760.0
2020-03-19,53.898119737,55.059567705,57.087272601,52.280017173,74064960.0
2020-03-20,56.012004568,52.90705049,56.3873479,52.604430145,82877940.0
2020-03-23,52.320630706,52.209686422,52.842663183,49.968017551,83672580.0
2020-03-24,54.678692018,55.967924026,56.132359304,53.809463368,72468700.0
2020-03-25,55.698983196,54.56180429,56.768307786,53.64007522,90323240.0
2020-03-26,55.210630234,57.597913478,58.021879133,54.086824076,76688440.0
2020-03-27,55.842121134,54.989732241,57.010007832,54.679816319,62793220.0
2020-03-30,56.098184502,56.775241804,57.007531398,54.406784418,58736540.0
2020-03-31,56.895101253,57.549870641,58.116974233,56.30026159,65279420.0
2020-04-01,55.670256552,54.585578065,55.938702095,54.159135976,51970380.0
2020-04-02,54.4815678,55.325041526,55.609336253,54.141305644,56410680.0
2020-04-03,55.210134947,54.120008304,55.412212035,53.247312645,51373880.0
2020-04-06,56.116014834,58.601860186,58.976529928,55.71978525,63319820.0
2020-04-07,60.276920752,58.570657106,60.4633963,58.30765972,61619100.0
2020-04-08,59.587976563,59.781138486,60.1724152,58.639700111,40334260.0
2020-04-09,60.334869329,59.759841145,60.523573669,59.058841671,54028460.0
2020-04-13,59.508730647,59.950031346,60.153589342,58.559354657,38702560.0
2020-04-14,61.414273009,62.66519457,63.18623152,60.848051028,63357240.0
2020-04-15,61.738017343,62.272431995,63.154533153,61.118413332,42236840.0
2020-04-16,62.759794383,62.278870726,63.067793545,61.326433863,57895140.0
2020-04-17,63.480932226,63.347204742,63.89202042,62.703331668,51056480.0
2020-04-20,62.895998303,62.463117482,63.23923218,62.229837315,35292160.0
2020-04-21,61.549808291,60.036706567,61.9108725,59.68208109,49648080.0
2020-04-22,61.470562374,62.32740885,63.390789996,61.276905165,46315840.0
2020-04-23,62.690454206,62.959395036,63.800392328,62.432414642,34202440.0
2020-04-24,62.15851599,63.228335866,63.283312721,61.613700312,37440080.0
2020-04-27,63.991077816,62.94404114,64.095088081,62.656774691,44186660.0
2020-04-28,63.555225273,61.048577867,63.632490042,60.939119445,80700140.0
2020-04-29,66.61609881,66.476427881,67.366458584,65.711209497,108357760.0
2020-04-30,65.940527369,66.700297596,66.8637423,65.452174407,55842480.0
2020-05-01,65.580453734,65.245144449,66.934568338,64.865754622,48871080.0
2020-05-04,64.789975714,65.521514584,65.59927464,64.189687894,30806940.0
2020-05-05,66.244633575,66.815204175,67.904340244,66.12229769,39666360.0
2020-05-06,67.259971884,66.63739615,67.789433665,66.62253754,31732580.0
2020-05-07,67.423911874,67.818655597,68.151483495,66.98957491,30716380.0
2020-05-08,68.43974547,68.564557789,69.173760774,67.953868942,33329740.0
2020-05-11,68.190616119,69.517985225,70.109357879,68.126724099,32717120.0
2020-05-12,69.747303097,68.110874915,70.049923442,68.077690687,33917480.0
2020-05-13,68.159413039,66.781029374,68.6135912,65.77460623,40368080.0
2020-05-14,66.047509356,67.203509168,67.228768804,65.541326063,36660340.0
2020-05-15,66.777562365,68.005874075,68.081157696,66.318926622,41543980.0
2020-05-18,67.437284622,68.606161895,68.981589426,67.071762831,47128980.0
2020-05-19,68.621020505,68.072242531,68.968216678,68.040544164,31585000.0
2020-05-20,68.803286113,69.793860073,69.935809322,68.717071509,38262660.0
2020-05-21,69.884497591,69.674495911,70.155419569,69.062321204,30899520.0
2020-05-22,69.533339122,69.995937161,70.182165066,69.139585973,28544120.0
2020-05-26,71.418401368,70.398605476,71.574416766,70.300786297,44589760.0
2020-05-27,70.33075116,70.344619195,70.59548205,69.07272223,31683700.0
2020-05-28,69.3401772,70.243580651,71.542223113,69.294412683,35195740.0
2020-05-29,70.3520485,71.000379156,71.159366277,70.131645794,37050440.0
2020-06-01,70.613064738,71.067242899,71.399580462,70.443676591,25185080.0
2020-06-02,71.07368163,71.435736412,71.469911214,70.410492363,23441380.0
2020-06-03,71.455052604,71.284178596,71.767578688,70.90627463,27732800.0
2020-06-04,71.161842712,70.048437581,71.386703001,69.637844674,26982100.0
2020-06-05,70.114806036,71.322315693,71.633355917,69.717650266,42647000.0
2020-06-08,70.641791383,71.719535851,71.767083402,70.552639727,33877620.0
2020-06-09,71.580855497,71.919631791,72.698222924,71.438212847,33623100.0
2020-06-10,72.386687413,72.54468396,72.944380553,72.032309579,31762320.0
2020-06-11,71.372339678,69.434281726,71.896021461,69.26142657,47144860.0
2020-06-12,70.62098933,69.980087978,71.049164924,68.636869688,36675120.0
2020-06-15,68.819630584,70.367402396,70.57839465,68.705972127,30553040.0
2020-06-16,71.767083402,71.641775796,72.171732864,70.776014155,30696520.0
2020-06-17,71.962226472,71.942414992,72.420862215,71.079872717,30610000.0
2020-06-18,71.809182795,71.030096375,71.96370738,70.639562592,34861420.0
2020-06-19,71.32132512,70.560564318,71.544204261,70.281222462,52783340.0
2020-06-22,70.578889936,71.84930104,71.863664363,70.290632914,29441440.0
2020-06-23,71.915669496,72.509023298,73.064735289,71.56896861,37751660.0
2020-06-24,72.474353209,70.959765624,73.093957221,70.82603814,31591580.0
2020-06-25,70.886463151,71.375806687,71.436231699,70.307972911,23958140.0
2020-06-26,70.956298615,67.484832172,71.173729599,67.11138579,97640280.0
2020-06-29,67.375869037,69.200010984,69.241119804,66.945464651,45073560.0
2020-06-30,69.185647662,70.234170198,70.528865952,68.69284207,40286400.0
2020-07-01,70.28964234,71.420382516,71.741328479,70.042494137,42182480.0
2020-07-02,71.907744904,72.803719051,73.724457546,71.869360163,57218300.0
2020-07-06,73.706131928,74.275711955,74.78833398,73.152698257,44712600.0
2020-07-07,74.101370938,73.793797724,75.348998841,73.78290141,42363880.0
2020-07-08,74.332669958,74.471350312,74.846282556,73.911676025,31765840.0
2020-07-09,74.784866971,75.217252504,75.736372694,74.074625441,41836660.0
2020-07-10,74.949302248,76.225161508,76.340563375,74.328707662,35921260.0
2020-07-13,76.766510178,74.898782976,78.075058379,74.617955258,42954560.0
2020-07-14,73.935945087,75.32621564,75.422301314,73.595930575,38108000.0
2020-07-15,75.443598654,75.129091422,76.092424598,74.185569725,31026500.0
2020-07-16,74.367340047,75.032015174,75.081048585,73.712075372,26484540.0
2020-07-17,75.130577283,75.127605561,75.453504394,74.198942473,34264620.0
2020-07-20,75.03597747,77.45495908,77.711022448,74.426581322,30165540.0
2020-07-21,78.50447219,77.062691792,78.60452016,76.899247088,27554360.0
2020-07-22,77.052290765,77.504983065,77.610479192,76.434172614,24482000.0
2020-07-23,77.558474059,75.122652691,77.777390904,74.718498515,33909960.0
2020-07-24,74.252928754,74.69967761,75.057141082,73.678395857,29907620.0
2020-07-27,74.949797535,75.750676582,76.153344896,74.903735846,27123700.0
2020-07-28,75.53126445,74.473826747,75.581288434,74.318801922,30910680.0
2020-07-29,74.54069049,75.457466689,75.943838504,74.44212838,22675460.0
2020-07-30,74.192503743,76.193463142,76.318275461,74.053823388,36042420.0
2020-07-31,74.14693734,73.696226189,74.541681063,72.014726892,91527640.0
2020-08-03,73.847288718,73.439172246,74.180616855,72.89237542,45521700.0
2020-08-04,73.634810603,72.970630763,73.95179427,72.511499732,37212180.0
2020-08-05,73.14497178,73.257401924,73.79776002,72.867363428,29150360.0
2020-08-06,73.111787552,74.538214055,74.603591936,72.901290586,33305220.0
2020-08-07,74.740786429,74.212315222,75.288078542,73.613017976,27725880.0
2020-08-10,73.837382978,74.13554574,74.64717719,73.17816096,20546580.0
2020-08-11,73.995874812,73.329218536,74.810126607,73.212826096,31097060.0
2020-08-12,73.655340248,74.651634773,74.871046905,73.55011653,22531200.0
2020-08-13,74.69967761,75.117699821,76.124340891,74.69967761,22394220.0
2020-08-14,74.967132579,74.522364871,75.272972289,74.243518302,21941180.0
2020-08-17,75.084020307,75.097393055,75.470839438,74.54069049,19998680.0
2020-08-18,75.586736591,77.055757774,77.134508404,75.366086242,28377000.0
2020-08-19,76.892808358,76.502522217,77.703593144,76.27419492,30471840.0
2020-08-20,76.272709059,78.069610222,78.263762718,75.999805933,26382620.0
2020-08-21,77.849207516,78.035930707,78.843743772,77.379180172,34845500.0
2020-08-24,78.872965704,78.510415634,79.680778768,78.009680497,25637860.0
2020-08-25,78.260295709,79.535659683,79.685731638,78.150342,25149260.0
2020-08-26,79.557947597,81.431618242,81.860536767,79.294227092,52187260.0
2020-08-27,81.554449413,80.658475266,81.622799017,80.177734865,31350060.0
2020-08-28,80.70552753,81.198833362,81.293928462,80.514099112,22423900.0
2020-08-31,81.403882171,80.708499251,81.449943861,80.50047872,26421940.0
2020-09-01,80.838759727,81.973957485,82.179006295,80.708499251,22675320.0
2020-09-02,82.61436355,85.060090658,85.49159458,82.227049132,49521440.0
2020-09-03,84.175012824,80.707508677,84.1987866,79.627783061,63725740.0
2020-09-04,79.691675082,78.315272564,80.978925943,76.173656615,55850660.0
2020-09-08,75.53126445,75.461924272,77.044366173,75.110270517,54031720.0
2020-09-09,76.715000332,76.632287406,77.201372146,75.539684328,39241560.0
2020-09-10,76.778397065,75.583269582,77.941330894,75.28362096,33023880.0
2020-09-11,75.687279848,75.07361928,76.209559969,73.947336687,30706740.0
2020-09-14,75.860486658,74.730385403,77.116182786,74.546138646,42660140.0
2020-09-15,75.674402387,76.032494873,76.818515311,75.387631225,23041100.0
2020-09-16,76.397026091,74.891848958,76.98592231,74.867084609,22143380.0
2020-09-17,73.590234775,73.651155073,74.226678544,72.433739677,40007120.0
2020-09-18,73.713561233,71.87059838,74.055309249,70.90627463,63055760.0
2020-09-21,70.90627463,70.832972157,71.324296841,69.47291411,56908100.0
2020-09-22,71.832461283,72.302983914,72.508528011,70.801026147,33950840.0
2020-09-23,71.920127078,69.805251674,71.969160489,69.47291411,37725980.0
2020-09-24,69.47291411,70.472403236,71.221772437,69.4466639,34552220.0
2020-09-25,70.580871084,71.274768143,71.615525586,69.7205576,30333540.0
2020-09-28,72.905748169,72.245530624,72.955276867,71.632365343,30784720.0
2020-09-29,72.505556289,72.610061841,72.906243456,72.014726892,31822240.0
2020-09-30,72.358208412,72.589259788,73.609427145,72.101649756,40923400.0
2020-10-01,73.483787697,73.693749754,74.048870518,73.143981206,32884420.0
2020-10-02,72.293573461,72.093972808,73.254430202,71.68536105,31222640.0
2020-10-05,72.443150129,73.442639255,73.53525792,72.316356662,21601160.0
2020-10-06,73.079593899,71.867131371,73.526342754,71.569463896,26095040.0
2020-10-07,72.277724278,72.269304399,72.756171501,70.986015834,36108960.0
2020-10-08,72.581830484,73.472356474,73.700064663,72.581830484,26076040.0
2020-10-09,73.939412096,74.810621894,74.879962071,73.649173926,32966800.0
2020-10-12,76.175137524,77.492105603,78.672374477,75.744237851,55343280.0
2020-10-13,78.107252032,77.614936774,78.510910921,77.196914563,39072180.0
2020-10-14,77.98788787,77.435147601,78.446028327,76.566166594,33184560.0
2020-10-15,76.497074061,77.040403878,77.829148393,76.330167301,31229700.0
2020-10-16,77.355406397,77.646139854,78.141922121,77.148871726,34206500.0
2020-10-19,78.053761039,75.776431505,78.449742979,75.428244758,29733040.0
2020-10-20,75.43765521,76.822972893,77.95024606,75.308385309,41718300.0
2020-10-21,77.752626555,78.552019741,79.995781287,77.61815614,60321060.0
2020-10-22,78.50298633,79.575777928,79.910591927,78.130530521,30515460.0
2020-10-23,79.991323704,80.87937326,80.935835975,79.835803593,30548040.0
2020-10-26,79.98884727,78.467820954,80.710975686,77.65010215,35826340.0
2020-10-27,78.697728217,79.190444658,79.344974196,78.106261459,25902760.0
2020-10-28,76.769977186,74.827956938,76.958186239,74.713050359,45173500.0
2020-10-29,75.136025439,77.110239342,78.687976017,75.112746951,55406860.0
2020-10-30,82.586132193,80.043824124,83.273342877,79.323676855,99923940.0
2020-11-02,80.41182235,80.450454735,82.130468171,79.951205459,44228980.0
2020-11-03,80.76941955,81.50739715,82.168109982,79.845610275,31432820.0
2020-11-04,84.475171593,86.469677403,87.66728132,84.347372694,71342980.0
2020-11-05,87.688083374,87.294330225,88.746412592,86.230949078,39758140.0
2020-11-06,86.741589955,87.157135731,87.591254769,86.015499242,28621680.0
2020-11-09,88.952551034,87.240839231,89.988196109,87.048915526,53440480.0
2020-11-10,85.673255939,86.067009088,87.139800687,84.997189211,43021160.0
2020-11-11,86.595975583,86.538027006,87.314141704,86.331492335,31838120.0
2020-11-12,86.278991916,86.319605448,87.417161396,86.079391263,26487260.0
2020-11-13,86.576164104,87.777730317,88.018935076,85.980829154,29757540.0
2020-11-16,87.375557289,87.865396112,88.871323969,87.236381648,25467860.0
2020-11-17,87.559804046,87.252726118,88.019430363,87.145248844,21320680.0
2020-11-18,87.004092054,86.211632886,87.41815197,86.108900461,20107540.0
2020-11-19,85.844625234,87.099682441,87.343363636,85.685638113,20106800.0
2020-11-20,87.269565876,86.000640633,87.584692217,85.93229103,27706440.0
2020-11-23,86.190830833,85.563797516,86.476611421,84.702988745,22552360.0
2020-11-24,85.560825795,87.363670402,87.491206799,85.225516509,28006120.0
2020-11-25,87.557327611,87.375062002,87.684616365,86.593994435,19599140.0
2020-11-27,87.395368768,88.508773899,89.003565592,87.395368768,14790140.0
2020-11-30,87.945632603,86.893147771,88.177674553,86.568239512,32417740.0
2020-12-01,87.500121965,88.921843241,90.227414767,87.320580434,37362680.0
2020-12-02,88.921843241,90.388387989,90.773225972,88.417121044,29424700.0
2020-12-03,90.168975856,90.233363164,91.322499233,89.993644266,24727320.0
2020-12-04,90.153126673,90.328458264,90.612723273,89.824751405,20544840.0
2020-12-07,89.921827653,89.995130126,90.602351964,89.302223641,22287820.0
2020-12-08,89.573640906,89.712816548,89.942629707,88.719766153,19935360.0
2020-12-09,89.664773711,88.055091026,90.556785562,87.269570828,31728520.0
2020-12-10,87.299283094,87.549403019,87.912943663,85.859335257,28688320.0
2020-12-11,87.17050848,87.90353321,88.027850242,86.810930132,18628620.0
2020-12-14,87.701456122,86.787156357,88.64646368,86.632131532,33049420.0
2020-12-15,87.163574462,87.223999473,87.368623272,86.262647445,21365840.0
2020-12-16,87.621714918,87.031332838,87.621714918,86.628664523,24676720.0
2020-12-17,87.365156263,86.205194155,87.502846043,85.741605542,34880100.0
2020-12-18,86.485536492,85.497429061,86.593994435,84.94171707,85256740.0
2020-12-21,84.650983612,85.910498402,86.031348426,83.901614412,33974140.0
2020-12-22,85.651463312,85.200256873,85.814031357,84.485062474,20376580.0
2020-12-23,85.384008343,85.596981744,86.383497468,85.248794997,22973680.0
2020-12-24,85.635118842,85.890686923,86.299298682,85.404810396,9312760.0
2020-12-28,86.423120427,87.861929104,88.507783326,86.27007675,27650740.0
2020-12-29,88.519174926,87.059564196,88.580590512,86.928313146,19725740.0
2020-12-30,87.41815197,85.994201902,87.554851176,85.585590144,21026160.0
2020-12-31,86.044721174,86.805977262,87.046686735,85.98627731,21069580.0
2021-01-04,87.17050848,85.492971478,87.293829985,84.552421503,37323900.0
2021-01-05,85.441461632,86.182410954,86.518215527,85.035821596,20359240.0
2021-01-06,84.211416417,85.33200321,86.376315807,84.005694017,46588020.0
2021-01-07,85.524174558,87.880750009,88.053109878,85.524174558,41936580.0
2021-01-08,88.020420937,89.044179125,89.119710389,87.230933491,35484520.0
2021-01-11,88.013486919,86.98675701,88.378018137,86.781212913,34812360.0
2021-01-12,86.445408341,86.052645766,87.561785194,85.009819029,29534300.0
2021-01-13,85.551910629,86.53901758,86.99170988,85.551910629,23431800.0
2021-01-14,86.619254071,85.730213942,87.544445197,85.489999756,29212340.0
2021-01-15,85.636109415,85.566769238,86.557343198,84.778767653,31444280.0
2021-01-19,86.328520614,88.38247572,89.3418466,85.824813755,41659020.0
2021-01-20,90.457728166,93.117419248,94.090826562,90.117961297,64151400.0
2021-01-21,93.790018967,93.319496336,95.693406831,93.084730308,58659460.0
2021-01-22,93.681551119,93.736032686,94.321957184,92.940354153,32743900.0
2021-01-25,94.735521812,93.821222047,95.18524239,92.081774173,50586920.0
2021-01-26,93.410629141,94.498279349,94.884603193,92.922276178,31461560.0
2021-01-27,92.861851167,90.08972994,93.137230728,89.016938341,82512620.0
2021-01-28,90.687046038,91.786583133,93.509686537,90.687046038,55278100.0
2021-01-29,90.836622705,90.506761577,91.506003059,89.228926121,44530180.0
2021-02-01,91.3598934,93.761292322,94.874202166,91.3598934,40252060.0
2021-02-02,94.754838004,95.051514905,96.54975802,94.420024006,66332400.0
2021-02-03,102.306973875,101.973645738,104.338314178,99.728509857,97881640.0
2021-02-04,102.059607746,101.713620073,102.489734771,100.795853299,48595600.0
2021-02-05,102.007325252,103.457030243,103.809179286,101.5338309,29865120.0
2021-02-08,104.0102658,103.243561554,104.75319627,102.195039018,28828860.0
2021-02-09,102.76214261,102.791364542,103.936468039,102.52440486,21891660.0
2021-02-10,103.175211951,103.340637803,103.954793658,101.644775183,25101600.0
2021-02-11,103.564507518,103.453067947,103.713093612,102.467942144,20480580.0
2021-02-12,103.008300239,103.76410817,103.985501451,102.701222311,18990500.0
2021-02-16,103.601654041,104.540222868,106.245991227,103.601654041,31003900.0
2021-02-17,103.712103038,104.932490156,105.12185818,103.433256468,20303540.0
2021-02-18,104.25790929,104.298027535,105.099401869,103.679909384,22570980.0
2021-02-19,104.396094357,103.456039669,104.930509008,103.189575274,37938780.0
2021-02-22,101.712134212,101.744823153,103.03603631,101.434773504,29466340.0
2021-02-23,99.750302485,102.035061323,102.648226605,98.57350062,34657980.0
2021-02-24,100.545238087,103.208396179,103.431770607,100.420921055,22608740.0
2021-02-25,101.827536079,99.847378733,103.168277934,99.37883725,41548180.0
2021-02-26,100.540780505,100.142569773,101.85675801,99.107419984,40041280.0
2021-03-01,101.434773504,102.507565102,102.832968648,100.762173785,26061780.0
2021-03-02,102.268836778,102.251006447,103.749744848,101.864187315,25563680.0
2021-03-03,101.630411861,99.622518444,102.821081761,98.760223812,33892900.0
2021-03-04,99.79383821,100.737904723,102.751741583,99.32633683,49215720.0
2021-03-05,102.086075882,103.865146714,104.317343727,100.433169502,53099540.0
2021-03-08,103.220778353,99.428861235,104.69079011,99.314449942,36867420.0
2021-03-09,101.521448725,101.056374251,102.223037591,100.820617648,33920620.0
2021-03-10,102.098458057,100.84983958,102.098458057,100.014785732,27100080.0
2021-03-11,101.940956797,104.037011296,104.568454226,101.853291002,27702600.0
2021-03-12,102.841883814,101.5338309,102.901318251,100.663116389,33817980.0
2021-03-15,101.284949192,101.753738319,101.780979103,100.433798517,26214820.0
2021-03-16,102.325794781,103.212358475,104.687818388,101.993952504,31900300.0
2021-03-17,102.448625952,103.129645549,103.960737102,101.242691307,26382520.0
2021-03-18,101.443688669,100.114338415,102.462295872,100.007356427,31712960.0
2021-03-19,100.529884191,100.392689698,100.891938973,99.202515085,46071920.0
2021-03-22,100.425873925,100.577431741,101.451613261,99.750797772,33535420.0
2021-03-23,101.036067485,101.104417088,102.232680828,100.444204496,28509120.0
2021-03-24,101.621001408,100.668564545,102.405535984,100.493733194,25217060.0
2021-03-25,100.496204676,100.665097537,101.317885776,98.86373879,35615740.0
2021-03-26,100.631913309,100.282240701,101.00808377,99.248081487,27977500.0
2021-03-29,100.154951947,101.325315081,101.494703228,99.327327404,26492620.0
2021-03-30,101.68142642,101.358994596,102.161359503,100.847858432,27317120.0
2021-03-31,101.751757171,102.153930198,103.329741489,101.385244806,42569640.0
2021-04-01,103.62641839,105.485230426,105.780916753,103.585804858,39880100.0
2021-04-05,106.34554391,109.902199714,110.398972555,106.249210593,48509600.0
2021-04-06,109.503988982,109.421771343,110.349939144,109.051791969,35240780.0
2021-04-07,109.611961543,110.896240682,111.167162661,109.611961543,24133920.0
2021-04-08,112.132972272,111.46086784,112.518795876,111.0933649,28664280.0
2021-04-09,111.213719637,112.463328687,112.626773391,110.808327243,26145300.0
2021-04-12,111.643628735,111.173106104,111.780575585,110.341023978,25023660.0
2021-04-13,111.488603911,111.658982632,112.106722062,111.095346048,25681560.0
2021-04-14,112.302855706,111.038883333,112.302855706,110.746911658,21002860.0
2021-04-15,112.031438441,113.185457104,113.717890608,111.497519076,29174980.0
2021-04-16,113.383076609,113.061635359,113.630720099,112.475710862,26282780.0
2021-04-19,112.439059625,113.408831532,114.118577774,112.439059625,30289400.0
2021-04-20,113.791688368,112.876398028,113.866471749,111.792214829,22288320.0
2021-04-21,112.53167829,112.843709088,112.92543144,111.183011844,23204180.0
2021-04-22,112.697599429,111.564382818,113.365315618,110.960132703,24145520.0
2021-04-23,112.281558366,113.912538391,114.21899721,111.996768352,29111080.0
2021-04-26,114.139875114,114.407825371,115.130944361,113.783020845,32037840.0
2021-04-27,114.78932512,113.469256544,114.829809878,113.230528219,44385600.0
2021-04-28,118.497182132,116.840179729,120.423085743,116.551922707,81106800.0
2021-04-29,118.335451122,118.510287426,119.074914583,117.573699747,41233080.0
2021-04-30,117.284947437,116.565790743,117.969929331,116.222061578,44856760.0
2021-05-03,117.130913187,116.049701709,117.955070721,115.674274179,28242780.0
2021-05-04,114.587119257,114.254286407,115.15372261,111.770422202,44818640.0
2021-05-05,115.334012023,114.647544269,115.64950983,114.326103019,26636180.0
2021-05-06,114.229522058,115.76590227,115.76590227,113.571374813,25190460.0
2021-05-07,117.080393915,116.488030687,117.444925132,116.202002456,28897240.0
2021-05-10,115.309742961,113.507393641,115.451395038,113.150291728,30914580.0
2021-05-11,111.096336622,112.433116181,112.939299475,110.643149036,34185840.0
2021-05-12,110.2602922,108.975517774,111.33952253,108.647142506,46375480.0
2021-05-13,110.256825191,110.401448989,110.916423627,109.29596845,33220400.0
2021-05-14,111.86254558,112.845194949,113.159206894,111.4395705,31996580.0
2021-05-17,112.111674931,113.367227426,113.409822106,111.712478578,21597380.0
2021-05-18,114.03239784,112.057193364,114.296474952,112.043325328,22203700.0
2021-05-19,110.371236484,112.504437507,112.677292663,110.223145677,23684100.0
2021-05-20,113.470247118,114.260229851,114.510349776,113.099772456,32351000.0
2021-05-21,114.778300032,113.625271942,114.851602505,113.386048331,40631800.0
2021-05-24,114.653487713,116.939237125,117.162611553,114.508120984,31832200.0
2021-05-25,117.482071656,117.029874643,118.076416032,116.64008379,22439640.0
2021-05-26,117.21065439,117.893655136,118.323564235,117.20780649,21571960.0
2021-05-27,118.326535956,117.02046419,118.326535956,116.702489949,35224020.0
2021-05-28,117.601931105,116.731711881,117.683653456,116.533597089,21490800.0
2021-06-01,117.602921679,117.936745103,118.161110105,116.604423127,23358020.0
2021-06-02,118.331488826,117.412236191,118.55387268,116.509080383,21162920.0
2021-06-03,116.180952759,116.27258085,116.739884116,115.378092564,18695920.0
2021-06-04,117.34685831,118.550405671,118.820832362,117.007091442,24458200.0
2021-06-07,118.345654034,118.982791205,119.092244675,117.927829938,24119320.0
2021-06-08,119.463714862,118.791610431,119.83568529,118.610335396,24239840.0
2021-06-09,119.434988218,119.262133062,119.50680483,118.715336236,17941040.0
2021-06-10,119.21161379,120.60881836,120.651908328,119.056093678,25907500.0
2021-06-11,120.85002312,120.364641879,120.93521248,119.807939314,21958140.0
2021-06-14,120.466670997,121.291323819,121.291819106,119.760391764,22097560.0
2021-06-15,121.295781402,120.274994936,121.618213225,119.914921301,21562140.0
2021-06-16,120.426057465,119.634093584,120.737097688,118.343871001,26471860.0
2021-06-17,119.559800537,120.595940899,121.367598014,119.36416218,25848880.0
2021-06-18,120.222989803,118.978828909,120.456765257,118.883733809,46115200.0
2021-06-21,119.364657466,120.664290502,120.85002312,118.768331943,27413660.0
2021-06-22,120.60237963,121.177407813,121.246252704,119.922845893,22390200.0
2021-06-23,120.942641785,120.975826012,121.935196893,120.686083129,19154160.0
2021-06-24,121.543424892,121.3453101,121.895608604,121.147195308,21365140.0
2021-06-25,120.85002312,121.353729978,121.477056436,120.41937109,34596380.0
2021-06-28,121.522127551,121.380970762,121.627376035,120.261131853,28525420.0
2021-06-29,121.514059326,121.119954524,121.861151489,120.543688122,23108720.0
2021-06-30,120.844574963,120.938679489,121.104600627,120.210607628,24473980.0
2021-07-01,120.577615281,121.290333245,121.431490034,120.385939219,18112820.0
2021-07-02,121.989183174,124.076817794,124.221936879,121.89953623,26002180.0
2021-07-06,124.464132213,125.000528012,125.236284614,123.408185324,26403580.0
2021-07-07,125.963365901,125.281851017,126.084215924,124.963876775,24059020.0
2021-07-08,122.856925962,123.865330254,124.411631793,122.852963667,23789340.0
2021-07-09,123.846509349,124.335357598,124.549321573,123.377224935,18631680.0
2021-07-12,124.988641124,125.778623857,125.871678375,124.426738046,17667780.0
2021-07-13,125.841030017,126.141173927,126.850424882,125.480461096,19246940.0
2021-07-14,126.751862773,127.028232908,128.10729484,126.708733183,23745660.0
2021-07-15,127.43634938,125.807845789,127.486868652,125.337323158,24218800.0
2021-07-16,126.459643455,125.773175701,126.606743688,124.964372062,20424540.0
2021-07-19,124.900975329,123.403722788,125.015386621,122.340836929,27967580.0
2021-07-20,124.344272763,125.019844204,125.845665903,123.178367212,26316440.0
2021-07-21,124.944560583,126.346718024,126.393275,124.835597448,20746180.0
2021-07-22,126.638937342,127.210993804,127.271914102,126.297035787,14301880.0
2021-07-23,129.201056889,131.761195289,132.141570737,128.576995294,41506420.0
2021-07-26,132.071492582,132.771580728,132.971676668,131.054420768,30571480.0
2021-07-27,132.985049416,130.656705324,133.13214965,128.877634491,54709480.0
2021-07-28,135.027068106,134.811172512,136.993406946,134.002368873,95130600.0
2021-07-29,134.866644654,134.497655853,135.372842806,134.26536626,31715720.0
2021-07-30,133.762154688,133.456562621,134.02911437,132.989506999,25575780.0
2021-08-02,133.843381753,133.583356088,134.060812737,132.532991084,21634200.0
2021-08-03,133.861212084,134.351546194,134.452584738,132.06282506,20761880.0
2021-08-04,134.073690199,133.851801631,134.370862387,133.219320158,19676020.0
2021-08-05,134.401570179,134.96718791,135.064759446,133.57493621,17869000.0
2021-08-06,134.759662666,134.459023469,135.186104756,133.935505131,20488120.0
2021-08-09,134.661100557,135.622452585,135.890898128,134.063536815,17766000.0
2021-08-10,136.047408814,135.517451745,136.473657742,135.079122768,19414080.0
2021-08-11,135.888421693,134.994428694,136.384451604,134.98699939,15352000.0
2021-08-12,134.693789497,135.900803868,136.005804708,134.148973819,16518860.0
2021-08-13,135.95627601,136.429275075,136.557059116,135.74132146,15947440.0
2021-08-16,136.228579838,137.00578912,137.05828954,134.02341857,22398360.0
2021-08-17,136.45156299,135.373323234,136.962203866,134.799285624,21715200.0
2021-08-18,135.21334554,134.172252308,135.811899855,134.045954128,19258940.0
2021-08-19,133.168305599,134.401074892,135.06723588,132.98455413,21782540.0
2021-08-20,134.71805856,136.134084035,136.257410493,133.97512809,31193160.0
2021-08-23,136.668993974,138.721463219,139.546611328,136.3104062,28453400.0
2021-08-24,139.286090376,139.92996345,140.740748236,139.015663685,19267220.0
2021-08-25,140.290037085,140.739757662,140.849201226,140.043384168,15851480.0
2021-08-26,140.41385883,140.107276189,141.075066948,140.024563263,20609320.0
2021-08-27,140.317277868,142.646612535,143.150319394,140.163243618,28780200.0
2021-08-30,143.038879824,143.227584163,144.594576228,142.804113795,24434200.0
2021-08-31,143.778838572,143.333575577,143.80285999,142.921001522,22448760.0
2021-09-01,143.6332242,143.846692888,144.875156302,143.517822333,21936100.0
2021-09-02,143.847188175,141.936371006,144.147579728,141.835084819,32358140.0
2021-09-03,141.731817483,142.384605723,142.796189203,141.05822719,19854360.0
2021-09-07,142.478710249,142.920506235,143.202324527,142.265241561,20131900.0
2021-09-08,142.741707636,142.336562886,143.038879824,141.65207628,18350220.0
2021-09-09,142.484653693,142.187976792,142.950223454,141.827903157,15317100.0
2021-09-10,142.853147206,139.548097188,143.35437763,139.411150338,36839340.0
2021-09-13,140.611478335,140.990868161,141.602547582,139.91857185,22093840.0
2021-09-14,141.647371053,141.200869841,142.011654627,140.41385883,19673860.0
2021-09-15,141.42573013,143.068101755,143.088903808,140.015152811,27407580.0
2021-09-16,142.593616828,142.256326395,142.939822428,141.059217764,26195420.0
2021-09-17,141.682288785,139.472813568,142.097834562,139.145676517,53384460.0
2021-09-20,136.859184174,137.411924444,137.68978044,135.036775731,46518040.0
2021-09-21,138.432215623,137.72246938,138.691746,136.97458604,25331900.0
2021-09-22,137.990914923,138.961182117,139.558993502,137.245508018,25055560.0
2021-09-23,139.658546185,139.884892335,140.360863123,139.078069844,20951000.0
2021-09-24,139.213778477,140.874475721,140.98863937,138.919082724,22983900.0
2021-09-27,139.477038365,139.742249685,140.600577068,138.747218142,21881960.0
2021-09-28,137.348032423,134.549660986,137.785370827,134.084091225,45772200.0
2021-09-29,135.68882104,133.087078534,135.858209187,132.603183155,30848700.0
2021-09-30,132.99594573,132.415964676,134.264870973,132.297095801,38028800.0
2021-10-01,133.180192487,135.25594022,135.61997615,132.809222539,35360180.0
2021-10-04,134.678930888,132.399620206,134.678930888,129.814717458,51201940.0
2021-10-05,132.777524172,134.740841761,135.931016374,132.777524172,32403260.0
2021-10-06,133.47984111,136.268306807,136.45156299,133.281726318,24364280.0
2021-10-07,137.582798452,137.912659581,138.721958506,137.344268242,25110140.0
2021-10-08,138.261341614,138.467876285,139.00826905,137.905230276,26525840.0
2021-10-11,137.979028036,137.604591079,139.385643059,137.550109511,17953620.0
2021-10-12,138.16525594,135.162826268,138.192001437,134.480320809,36332240.0
2021-10-13,136.107338538,136.285146564,136.69920648,135.231983189,19662320.0
2021-10-14,138.159119335,139.820505027,140.004999428,137.516429997,31927940.0
2021-10-15,140.279636058,140.035459577,140.382160463,139.428237739,30274440.0
2021-10-18,139.746707267,141.43216886,141.449999192,139.739723721,20396160.0
2021-10-19,142.035923689,141.886842308,142.308331528,141.255846696,20163000.0
2021-10-20,141.986890278,140.432679735,142.193018813,140.043879455,23288060.0
2021-10-21,140.432679735,140.548576888,140.816031857,139.17564138,26292260.0
2021-10-22,137.838366534,136.269792668,139.257611375,134.773530701,50588960.0
2021-10-25,136.253448198,136.15141908,136.69920648,134.147487959,34412260.0
2021-10-26,137.950796678,137.995372506,138.762512604,137.00083625,49235020.0
2021-10-27,138.090962893,144.839247996,147.248819154,138.090962893,85781400.0
2021-10-28,145.747604317,144.474221492,145.770882805,143.263492469,36206380.0
2021-10-29,143.710488968,146.650512482,146.844664978,143.286028027,43320300.0
2021-11-01,146.650512482,142.144391538,146.650512482,141.875450707,46923240.0
2021-11-02,143.216687849,144.061647437,145.227057701,142.974987803,33482240.0
2021-11-03,144.52523605,145.216161388,145.286492139,143.22807945,27493240.0
2021-11-04,145.737698578,146.869924614,148.322106039,144.928894939,38411260.0
2021-11-05,147.763422326,147.448915093,148.910506971,146.80008915,38354740.0
2021-11-08,148.412743557,147.626227832,149.195049341,147.031388169,23052500.0
2021-11-09,147.826323772,147.514788262,148.422154009,145.856815096,19529740.0
2021-11-10,146.1096591,144.518302033,146.674286257,143.175083743,29969800.0
2021-11-11,145.108684113,144.39249914,146.144824475,144.228063862,16517480.0
2021-11-12,145.233496432,147.276555224,147.446933946,144.04035505,22360000.0
2021-11-15,147.49695793,147.052685509,148.139840431,146.183952147,23507040.0
2021-11-16,146.753036887,146.482114908,147.360258724,145.923926482,18904000.0
2021-11-17,146.632186863,146.651503056,147.15917221,145.85210987,19599500.0
2021-11-18,146.844169691,148.426116305,149.161122183,146.490534787,35628220.0
2021-11-19,148.561765503,147.522712853,149.543483732,147.49547207,33699380.0
2021-11-22,147.924885881,144.922951495,148.417201139,144.769907819,30629200.0
2021-11-23,144.775355975,144.407853036,145.277576973,142.756566245,27231160.0
2021-11-24,144.10226097,144.742667035,144.870698719,143.012134327,18040140.0
2021-11-26,142.987865265,140.842777354,143.194895222,140.505486921,30469240.0
2021-11-29,142.64265024,144.158723685,144.918493913,142.537154113,32595040.0
2021-11-30,143.641644078,140.559968489,144.62379816,140.266758596,42067220.0
2021-12-01,142.64265024,139.721942918,144.574517105,139.583757851,34055240.0
2021-12-02,139.91857185,141.618396765,142.508427468,138.892832514,29194840.0
2021-12-03,142.326657146,140.66298818,143.038879824,138.978517161,41230160.0
2021-12-06,141.692194525,141.805615243,142.49654058,138.828940494,30618100.0
2021-12-07,144.224101567,145.881331802,146.14053529,143.858579775,32240300.0
2021-12-08,146.205249487,146.789688123,146.994241646,145.025971187,24270320.0
2021-12-09,146.19980133,146.246853593,147.694577436,145.728293078,23269720.0
2021-12-10,147.298347852,146.60643194,147.573232125,145.320914584,24462760.0
2021-12-13,146.388505669,144.451933577,146.575228861,144.145846224,27069400.0
2021-12-14,142.610951873,142.550526861,143.11812574,139.883654117,38446240.0
2021-12-15,142.057221029,145.060641276,145.338001985,140.342428541,36370460.0
2021-12-16,145.78326498,143.083455652,146.284743047,142.253354673,33650380.0
2021-12-17,141.1567893,140.389094481,142.478710249,139.968100548,51017880.0
2021-12-20,138.6803544,140.272206753,140.438127892,138.007754681,27192360.0
2021-12-21,140.714498026,142.120122476,142.512885051,139.178117814,28755360.0
2021-12-22,141.718940022,145.034886353,145.11908514,141.718940022,26322380.0
2021-12-23,145.11908514,145.531659194,146.846150839,145.071537589,26383440.0
2021-12-27,145.867959053,146.512327414,146.945698569,145.782026762,15984460.0
2021-12-28,146.838721534,145.30432247,146.901132646,144.677566514,18254300.0
2021-12-29,145.262010103,145.272624103,146.027441461,144.274620839,17787460.0
2021-12-30,145.311256488,144.822408238,145.911544308,144.618350003,15687720.0
2021-12-31,144.673326858,143.486619253,145.315714071,143.486619253,18135180.0
2022-01-03,143.687705767,143.624804321,144.476202639,142.358107869,28678940.0
2022-01-04,144.025491488,143.038384537,145.104117567,142.361574878,28399440.0
2022-01-05,143.058691303,136.476327339,143.137318111,136.390147404,54618280.0
2022-01-06,135.707146659,136.449086555,138.620919962,135.271294116,37347420.0
2022-01-07,136.843334991,135.725472277,137.143478901,134.48675954,29760560.0
2022-01-10,133.804749368,137.362395746,137.51098184,131.909286096,44408120.0
2022-01-11,136.706140497,138.418842874,138.894318375,135.403783383,28729700.0
2022-01-12,139.819514454,140.097370449,141.263523644,139.368308015,26112040.0
2022-01-13,140.205838298,137.280673394,141.503490186,137.104351229,31436600.0
2022-01-14,135.786887862,138.165751227,139.415360278,135.707146659,29661280.0
2022-01-18,134.891409003,134.716077412,135.838892995,134.161603637,34888100.0
2022-01-19,135.236624028,133.842886466,136.659088234,133.742838496,28647640.0
2022-01-20,134.96570205,132.050938172,136.328731818,131.711324843,29907140.0
2022-01-21,131.343668365,129.122801546,133.594282119,128.860299447,55651420.0
2022-01-24,124.790526332,129.571036263,129.966275273,123.32645802,76694240.0
2022-01-25,127.52649161,125.738505612,128.17927985,125.308101226,46960560.0
2022-01-26,129.883067061,128.014844572,131.74633668,125.943554422,49129500.0
2022-01-27,130.066323243,127.788993709,131.401864585,127.716969077,32018780.0
2022-01-28,128.436829079,132.094028139,132.099476296,127.27389525,34361480.0
2022-01-31,132.897378668,134.028123796,134.196026083,130.963287964,39986000.0
2022-02-01,136.297528739,136.34656215,136.493910026,133.101937144,68643640.0
2022-02-02,149.82431145,146.60494608,150.118090922,144.150804046,123199220.0
2022-02-03,144.332074128,141.741227936,148.264157463,141.320546034,71517220.0
2022-02-04,142.092520132,141.94231445,143.509402455,139.190499989,57998220.0
2022-02-07,142.89029373,137.888885805,142.89029373,137.590723044,54973300.0
2022-02-08,137.716030649,138.08501945,138.6803544,135.722351969,54283600.0
2022-02-09,139.63477241,140.257348144,141.180810718,138.865621447,40143880.0
2022-02-10,138.38664922,137.313362335,140.150861443,136.656611799,39330660.0
2022-02-11,137.293550856,133.016747783,137.844557621,132.142566264,39958340.0
2022-02-14,132.0004189,134.248526502,135.015230748,132.0004189,34301080.0
2022-02-15,136.273754964,135.320822814,136.806683754,134.541241108,26711260.0
2022-02-16,135.358464625,136.439676102,136.78439584,133.651953335,25021300.0
2022-02-17,134.958768032,131.289682084,135.821057711,131.229752359,38949500.0
2022-02-18,132.208934719,129.173816105,132.806245864,128.969262583,45619440.0
2022-02-22,128.61423097,128.589872756,130.934313676,127.014612516,44990740.0
2022-02-23,130.407575973,126.385350408,130.806281991,126.325420683,32786020.0
2022-02-24,123.775435667,131.440249326,131.74633668,123.775435667,54455080.0
2022-02-25,132.293133505,133.192079374,133.99642543,130.50960509,36405980.0
2022-02-28,131.795865378,133.783947315,134.47190093,131.342430147,38864420.0
2022-03-01,133.607129863,132.797830938,134.971150206,131.96277709,26495360.0
2022-03-02,133.358991086,133.303023658,133.987510264,131.817202341,23519800.0
2022-03-03,134.727964299,132.637357957,135.153410862,131.771596315,24603240.0
2022-03-04,131.674520067,130.663144054,132.589810406,129.108933511,30450640.0
2022-03-07,130.248588852,125.187251203,130.49326062,125.104538278,45112940.0
2022-03-08,125.05996245,125.906407898,130.01283225,124.490070392,40427100.0
2022-03-09,130.01283225,132.162377743,132.474903827,128.67605269,37025400.0
2022-03-10,130.028681433,131.181214235,132.015525153,129.678513538,27101400.0
2022-03-11,132.230232059,128.646335472,132.534338265,128.409588295,31526440.0
2022-03-14,129.02225829,124.763780835,129.179759549,124.094152839,38811260.0
2022-03-15,125.779119144,127.980174484,128.630486288,124.535453538,30919520.0
2022-03-16,129.500705512,132.024192675,132.076197808,127.521043453,35576980.0
2022-03-17,131.8939322,132.577428232,132.816552786,130.939018902,28263920.0
2022-03-18,132.166835326,134.842375591,134.959758606,131.011578445,44566900.0
2022-03-21,134.880017402,134.818601816,135.758161218,132.828291087,26831680.0
2022-03-22,134.818601816,138.549598637,139.720457058,134.818601816,35495540.0
2022-03-23,137.395084686,136.972109605,138.272733215,136.535761776,25153400.0
2022-03-24,137.887895232,140.237536665,140.283845997,136.452058276,26396560.0
2022-03-25,140.578294107,140.337584635,140.696172408,138.420328735,24143080.0
2022-03-28,139.57236625,140.122134798,140.663978754,138.493383565,35049260.0
2022-03-29,141.302898959,141.162237456,142.438096717,140.699391773,34317020.0
2022-03-30,141.117166341,140.600582021,141.375027601,140.265272736,19884760.0
2022-03-31,140.714002739,137.756644182,140.768236664,137.714049502,37524720.0
2022-04-01,138.18506742,138.82943578,139.146667091,137.003807972,25941440.0
2022-04-04,139.035475164,141.623844922,142.357364939,138.987927614,25970840.0
2022-04-05,141.522311091,139.26578361,141.642665827,139.059248939,21418120.0
2022-04-06,137.44213695,135.26089309,138.046882352,134.239611337,32468480.0
2022-04-07,134.727964299,134.607609563,135.871581936,132.962162205,26233600.0
2022-04-08,134.305484505,132.031126693,134.391169153,131.712161878,25142800.0
2022-04-11,130.580926416,127.609204536,130.847390811,127.455665572,36883060.0
2022-04-12,130.359533136,126.510658014,130.359533136,125.593866955,32710700.0
2022-04-13,126.79346688,128.66961396,129.105466502,126.537155867,27927240.0
2022-04-14,129.249595013,125.53543795,129.249595013,125.407653909,31597980.0
2022-04-18,125.80289292,126.473016203,127.003963846,124.99260342,20808660.0
2022-04-19,126.487874813,128.783529965,129.104475928,125.802397633,26489760.0
2022-04-20,129.658206772,126.833089838,130.16042777,126.2981799,31695460.0
2022-04-21,128.03168433,123.63799353,128.872186335,123.352708229,36445160.0
2022-04-22,123.821745,118.507810991,124.219955731,117.804008193,56883720.0
2022-04-25,117.978349209,121.913899553,122.115481353,117.393910573,46128260.0
2022-04-26,121.141747151,117.531600354,121.355215839,117.393910573,73054880.0
2022-04-27,113.39025827,113.217155471,116.136872218,111.673846194,91820580.0
2022-04-28,115.317667553,117.405302174,118.521679027,113.039347445,48884640.0
2022-04-29,115.634155933,113.033899288,116.808233719,112.74167997,42676000.0
2022-05-02,112.336039933,115.484083978,115.645052247,111.538627896,35533020.0
2022-05-03,115.333021449,116.228005022,117.325377714,114.940754161,24967360.0
2022-05-04,115.928356399,121.108562923,121.696468568,114.030911979,49915280.0
2022-05-05,119.070952287,115.407314496,119.898081544,113.9217012,45840580.0
2022-05-06,114.098766295,114.655468861,116.463266338,112.940785336,39709580.0
2022-05-09,112.18250097,111.450466813,113.992368746,110.944783759,40802860.0
2022-05-10,114.418721684,113.316708154,115.15422285,111.83629537,39900380.0
2022-05-11,112.169128221,112.53167829,115.267554416,112.169128221,37534740.0
2022-05-12,110.327651229,111.780327942,113.217650758,108.78928987,53836180.0
2022-05-13,113.45340736,114.956603344,116.763905535,112.534159678,35038480.0
2022-05-16,113.871924858,113.366236852,115.074976933,112.815973017,25990440.0
2022-05-17,115.739156773,115.375120843,115.798095924,113.786983141,23053160.0
2022-05-18,113.9160054,110.844730837,114.312234984,110.503973394,35125980.0
2022-05-19,110.381142223,109.343516,111.944763219,108.9631356,34144400.0
2022-05-20,110.895745395,107.881428835,111.126053841,104.799119278,48962960.0
2022-05-23,108.554523841,110.437109652,111.090393179,107.716002984,37184940.0
2022-05-24,104.774988897,104.971122541,105.454770277,100.92431093,76779780.0
2022-05-25,103.995902477,104.807677837,105.49612674,102.877544476,40257340.0
2022-05-26,104.68088437,106.776443583,107.625365467,104.233001307,37947220.0
2022-05-27,108.451008862,111.257800178,111.259286039,108.109508489,37914120.0
2022-05-31,111.683746981,112.689674837,114.64407726,111.022043575,50012260.0
2022-06-01,113.772372175,112.818449452,115.997751058,112.18250097,36605520.0
2022-06-02,112.92543144,116.51378561,116.788174597,111.881861773,37992280.0
2022-06-03,114.968490232,113.461331952,115.225172709,112.448470078,26135460.0
2022-06-06,115.604438714,115.719345294,118.222030404,115.069033489,33541540.0
2022-06-07,114.391976187,116.045244127,116.581639926,113.967515245,31590460.0
2022-06-08,115.66090143,116.089324668,117.452849724,115.500923736,26107740.0
2022-06-09,115.230992331,113.753055983,117.183903941,113.694116832,25797960.0
2022-06-10,111.385088932,110.113687254,112.211227614,109.325804538,41481840.0
2022-06-13,105.779926179,105.389640039,107.766026969,105.118896364,47251920.0
2022-06-14,105.530796828,105.709595428,106.907199346,104.802724968,33706260.0
2022-06-15,107.521850488,108.729855432,110.373217632,106.654602986,39698180.0
2022-06-16,106.210330565,105.034023987,107.624374893,104.146969959,51684960.0
2022-06-17,105.034023987,106.133561083,107.674889212,104.055832202,51376520.0
2022-06-21,107.902726175,110.492581794,111.428921829,107.576332056,47415800.0
2022-06-22,109.514390008,110.436614365,112.278091357,109.341906317,30774140.0
2022-06-23,111.173601391,111.184002418,111.679784685,109.458917866,28361920.0
2022-06-24,111.92990461,116.862962931,116.965982622,111.887805216,41163680.0
2022-06-27,117.158153971,114.741648795,117.461764889,114.093996682,36420760.0
2022-06-28,114.710941002,110.951712824,116.20373596,110.793716278,35880960.0
2022-06-29,110.500506385,110.648597192,112.093596957,109.827416332,24716820.0
2022-06-30,108.9631356,107.935910403,109.842765276,105.74377023,43169060.0
2022-07-01,106.915619224,107.712535975,108.22020513,105.724454037,35475660.0
2022-07-05,106.090966402,112.195378431,112.308056219,104.734870651,39399640.0
2022-07-06,112.234010815,113.492039745,114.499948749,110.425222764,37431380.0
2022-07-07,113.995251316,117.66334669,118.066015005,113.751074835,40935880.0
2022-07-08,116.14479681,118.228469134,118.556844402,115.799334141,38238160.0
2022-07-11,116.885746132,114.586128683,116.885746132,114.243390093,31243700.0
2022-07-12,115.119552761,112.945738206,115.871398397,112.618571438,29959700.0
2022-07-13,110.648101905,110.303877454,113.119583936,110.153310212,43722020.0
2022-07-14,109.171651418,109.32717153,110.045832938,107.351471767,37003040.0
2022-07-15,110.944778806,110.723880813,112.074033121,109.854652164,46769120.0
2022-07-18,111.578250854,108.002278858,112.608447772,107.348500045,43164588.0
2022-07-19,109.805123466,112.737222387,112.945242919,108.527283057,36530945.0
2022-07-20,112.103255053,112.826374044,114.312234984,111.41975902,35600426.0
2022-07-21,113.202792148,113.262226586,113.470247118,110.065842532,32676166.0
2022-07-22,109.95370956,106.882930284,111.281078666,105.49612674,48901184.0
2022-07-25,107.388123003,106.496606439,108.834360985,105.298011948,34690894.0
2022-07-26,105.595184136,104.030077279,106.189528512,103.089032017,47990963.0
2022-07-27,108.230110869,111.994291917,112.836279783,106.991893419,59858495.0
2022-07-28,111.310795885,113.143357711,113.262226586,110.409373581,32816568.0
2022-07-29,112.014103396,115.223563027,115.604934001,111.994291917,37223391.0
2022-08-01,114.213177588,113.777325045,115.619792611,113.262226586,26034288.0
2022-08-02,112.92543144,114.044780014,115.253280246,112.648070731,20236029.0
2022-08-03,114.619312911,116.966973196,117.501883135,114.3914809,28499014.0
2022-08-04,116.37262882,117.075936332,117.660374968,115.788190184,21602925.0
2022-08-05,115.13441137,116.362723081,116.99233189,114.90657936,19159520.0
2022-08-08,117.274051124,116.194325508,119.017461294,115.778284444,19169479.0
2022-08-09,116.030880804,115.530640954,116.214136987,114.619312911,19086465.0
2022-08-10,117.660374968,118.571703012,119.780203243,117.293862603,30930350.0
2022-08-11,120.136809868,117.719809406,120.3448304,117.442448697,24293654.0
2022-08-12,119.126424429,120.533039452,120.533039452,118.333965261,19096268.0
2022-08-15,119.988223774,120.929269036,121.147195308,119.473125315,19494825.0
2022-08-16,120.374547619,120.552850932,121.275969922,119.502842534,19041230.0
2022-08-17,118.987744075,118.423116918,120.146715608,118.254719344,22846958.0
2022-08-18,118.304248042,119.037272773,119.681145847,117.600940531,17987660.0
2022-08-19,117.937735677,116.105173851,118.026887334,115.659415569,21809528.0
2022-08-22,114.114120192,113.16316919,114.540066994,112.776845346,21456648.0
2022-08-23,112.405380111,112.786751085,113.925911139,112.360804282,15870373.0
2022-08-24,112.43014446,112.618353512,113.698079128,111.806181922,17734624.0
2022-08-25,113.15821632,115.550452434,115.619792611,113.034394575,16956794.0
2022-08-26,113.638644691,109.299930746,114.034874275,109.151344652,37245697.0
2022-08-29,108.95322986,108.388602703,109.904180862,107.774446848,21191157.0
2022-08-30,109.131533173,107.913127202,109.45842258,106.783872888,27513255.0
2022-08-31,109.607008674,107.199913951,109.805123466,107.110762294,28626972.0
2022-09-01,107.259348388,108.70558637,109.403941012,106.348020345,28360926.0
2022-09-02,109.547574236,106.833401586,109.69616033,106.248962949,24160711.0
2022-09-06,106.288585908,105.803204667,107.011704898,104.782913488,25068280.0
2022-09-07,106.050848157,108.418319922,108.94332412,105.892356324,23166967.0
2022-09-08,107.021610638,107.358405784,108.566906016,106.149905553,24238293.0
2022-09-09,108.036948947,109.607008674,109.94380382,107.992373119,23213585.0
2022-09-12,109.94380382,109.815029205,110.567865415,108.893795422,22966752.0
2022-09-13,106.783872888,103.336675507,107.279159868,103.108843496,38172871.0
2022-09-14,103.584318997,104.0102658,104.282673639,102.682896693,26395134.0
2022-09-15,103.049409058,101.939966223,104.277720769,101.385244806,34188284.0
2022-09-16,101.107884097,101.831003088,102.157892494,99.988535522,42797172.0
2022-09-19,100.79090043,102.098458057,102.356007286,100.592785638,23036811.0
2022-09-20,101.117789836,100.186650314,101.405056285,99.572494459,26517123.0
2022-09-21,100.711654513,98.344182748,101.910249004,98.334277009,31487265.0
2022-09-22,97.888518727,99.196076354,100.28570771,97.858801508,34298619.0
2022-09-23,98.690883634,97.80927281,98.720600853,96.551243881,31625437.0
2022-09-26,97.175305476,97.244645653,98.938527124,96.878133288,27072662.0
2022-09-27,98.492768842,96.5809611,99.057396,95.958880653,30072781.0
2022-09-28,96.729547194,99.106924698,99.750797772,96.194637255,32466323.0
2022-09-29,97.710215414,96.501715183,97.710215414,95.055477201,31047224.0
2022-09-30,96.135202818,94.748399274,97.967764644,94.659247617,32941493.0
2022-10-03,95.847936369,97.710215414,98.351314881,95.611189193,27982031.0
2022-10-04,99.493248542,100.681937294,100.880052086,99.433814104,28850773.0
2022-10-05,98.884045557,100.473916762,100.969203742,97.868707248,22176903.0
2022-10-06,99.730986292,100.464011023,101.955221062,99.641834636,22323989.0
2022-10-07,98.908809906,97.749838372,99.582400198,97.368467398,27502765.0
2022-10-10,98.06682204,96.937567725,98.160926566,96.095579859,18225094.0
2022-10-11,96.511620922,96.263977432,98.30951266,95.402178087,26507103.0
2022-10-12,96.382846308,96.640395537,97.81917855,95.82317202,21876362.0
2022-10-13,94.253112294,98.126256477,98.834516859,93.493936411,34574549.0
2022-10-14,99.04749026,95.649821577,99.740892032,95.461612525,25410674.0
2022-10-17,97.928141685,99.027678781,99.978629782,97.898424466,28419192.0
2022-10-18,102.157892494,99.820137949,102.494687641,99.027678781,24060671.0
2022-10-19,99.067301739,98.690883634,100.066097463,97.98767518,23811064.0
2022-10-20,99.057396,99.027678781,101.355527587,98.453145884,25323202.0
2022-10-21,96.922709116,100.176744574,100.355047887,96.798887371,32458722.0
2022-10-24,100.840429128,101.553642379,101.78147439,99.03758452,27176417.0
2022-10-25,101.930060484,103.49516734,103.831962487,101.751757171,40611375.0
2022-10-26,95.521046962,94.035186022,97.383326007,93.797448272,88279042.0
2022-10-27,93.629050699,91.350730591,94.530473002,90.934689528,60710859.0
2022-10-28,91.400259289,95.382366608,95.639915838,91.261578934,43697286.0
2022-10-31,94.520567263,93.619144959,95.124817378,93.09414076,31675036.0
2022-11-01,94.550284482,89.617226161,95.124817378,89.518168765,47161351.0
2022-11-02,90.082795922,86.150217301,90.320533672,86.061065644,57038282.0
2022-11-03,85.506344227,82.643585482,85.704459019,82.554433826,61288019.0
2022-11-04,84.595016184,85.763893456,85.823327894,82.920946191,51124904.0
2022-11-07,86.457295228,87.65588972,88.062025044,86.031348426,34078912.0
2022-11-08,88.062025044,88.062025044,89.468640067,86.764472213,30429025.0
2022-11-09,87.616266762,86.496918187,88.591982112,86.457295228,31769099.0
2022-11-10,91.38044781,93.054517802,93.500276084,90.746480475,51620136.0
2022-11-11,93.797448272,95.501235483,96.016333942,93.034706323,33090482.0
2022-11-14,94.193677856,94.797927972,95.877653588,93.619144959,30179539.0
2022-11-15,97.333797309,97.512100622,99.196076354,95.798407671,41640816.0
2022-11-16,96.977190684,97.918235946,98.698312939,96.719641454,29105154.0
2022-11-17,96.055956901,97.432854705,98.344182748,95.877653588,26052599.0
2022-11-18,97.838990029,96.511620922,97.967764644,95.461612525,28342297.0
2022-11-21,96.372940568,94.698870576,97.472477664,94.456179955,21647387.0
2022-11-22,95.045571462,96.135202818,96.303600391,93.163480938,23438480.0
2022-11-23,96.174825776,97.531912101,97.829084289,96.174825776,18868092.0
2022-11-25,97.31398583,96.541338141,97.710215414,96.481903704,9701441.0
2022-11-28,96.121631954,95.144628858,96.660207016,94.708776315,26252433.0
2022-11-29,94.82764519,94.292735252,95.213969035,93.222915375,20061720.0
2022-11-30,93.926222887,100.03806422,100.087592918,93.529993303,43647481.0
2022-12-01,100.067781439,100.03806422,101.28618741,99.30503949,28687096.0
2022-12-02,98.116350738,99.493248542,99.820137949,97.967764644,21480703.0
2022-12-05,98.463051624,98.54229754,100.424388064,98.06682204,24405087.0
2022-12-06,98.363994228,96.06586264,98.839469728,95.511141223,24910655.0
2022-12-07,95.501235483,94.045091762,95.967894876,93.822212621,31045449.0
2022-12-08,94.480944304,92.826685791,94.679059096,92.569136562,32213288.0
2022-12-09,92.886120229,91.954980706,93.371501469,91.87573479,28225448.0
2022-12-12,91.836111831,92.430456207,92.678099697,90.746480475,29009013.0
2022-12-13,96.838510329,94.728587794,98.591826238,94.134243418,40593656.0
2022-12-14,94.302640992,94.173866377,95.956899505,92.717722656,28733599.0
2022-12-15,92.252152894,90.003550005,92.757345614,89.161562139,40107033.0
2022-12-16,89.904492609,89.409205629,90.469119766,88.676180899,58011847.0
2022-12-19,89.404252759,87.606361022,89.706377817,87.378529011,29493030.0
2022-12-20,87.279471615,88.180893919,88.334432883,86.615886119,23453836.0
2022-12-21,88.240328356,88.735615336,89.369582671,87.487492147,24745637.0
2022-12-22,87.329000313,86.932770729,87.705418418,85.506344227,27658293.0
2022-12-23,86.288897655,88.38891445,88.700945248,86.249274697,23003035.0
2022-12-27,87.958014778,86.566258364,88.101648002,86.189840259,20097346.0
2022-12-28,86.16012304,85.209172039,87.210131438,85.129926122,19523176.0
2022-12-29,85.803516415,87.616266762,88.007543476,85.793610675,23333537.0
2022-12-30,86.16012304,87.39834049,87.467680668,85.753987717,23986297.0
2023-01-03,88.740568206,88.279951315,90.191759058,87.685606939,28131224.0
2023-01-04,89.498357286,87.249754396,89.795529474,86.448380063,34854776.0
2023-01-05,86.645504281,85.387475352,86.744561677,85.090303164,27194375.0
2023-01-06,85.971913988,86.516729666,86.863430552,84.060106245,41381495.0
2023-01-09,87.527115105,87.190319959,89.201185098,87.031828125,29003901.0
2023-01-10,85.16954908,87.586549543,87.834193033,85.020962986,30467755.0
2023-01-11,88.339385752,90.657328819,90.736574736,88.170988179,26861969.0
2023-01-12,90.61770586,90.271004974,91.004029705,88.90401291,30258135.0
2023-01-13,89.993644266,91.251673195,91.321013372,89.280331957,26329212.0
2023-01-17,91.192238757,90.429496808,91.38044781,89.201185098,32602423.0
2023-01-18,91.271484674,90.261099235,91.92516443,89.785623734,29116691.0
2023-01-19,89.864869651,92.172906978,92.722675525,89.775717994,37000395.0
2023-01-20,94.203583596,97.096059559,97.373420268,94.124337679,63191078.0
2023-01-23,97.026719382,98.849375468,99.097018958,96.5809611,40005055.0
2023-01-24,97.175305476,96.779075892,98.671072155,96.283788912,33078512.0
2023-01-25,94.669153357,94.322452471,95.255573141,92.876214489,42329952.0
2023-01-26,95.59038714,96.600772579,96.650301277,94.480944304,30113974.0
2023-01-27,96.392752047,98.433334405,99.374379667,96.392752047,33879753.0
2023-01-30,96.56114962,96.026239682,97.363514528,95.486376874,27226198.0
2023-01-31,95.956899505,97.908330206,97.947953164,95.907370807,29870669.0
2023-02-01,97.779555591,99.483342802,100.236179012,96.660207016,35531104.0
2023-02-02,104.802724968,106.72443845,106.833401586,104.614515915,69883762.0
2023-02-03,101.959777702,103.792339528,106.793778627,101.613076816,65309261.0
2023-02-06,101.434773504,101.930060484,103.376298465,100.919675044,31999562.0
2023-02-07,102.247044151,106.625381054,107.160290992,102.147986755,49010230.0
2023-02-08,101.088072618,98.433334405,102.167798234,97.110918168,94743515.0
2023-02-09,99.057396,94.114431939,99.087113218,92.747439874,119455020.0
2023-02-10,94.550284482,93.678579397,95.83803063,93.36159573,54980696.0
2023-02-13,93.84697697,93.718202355,94.302640992,92.955460406,50076120.0
2023-02-14,93.539899042,93.787542532,93.950987236,91.390353549,54726120.0
2023-02-15,93.59933348,96.026239682,96.204542995,93.262538334,50298481.0
2023-02-16,94.471038565,94.609718919,96.759264412,93.84697697,42462618.0
2023-02-17,93.955940106,93.460653126,94.65914856,92.331398811,34284118.0
2023-02-21,92.12337828,90.924783788,92.222435676,90.855443611,33629256.0
2023-02-22,90.835632132,90.786103434,91.241767455,89.755906515,30884017.0
2023-02-23,91.053558403,90.033267224,91.073369882,88.913918649,41206380.0
2023-02-24,88.596934982,88.289857054,89.042693264,87.740088507,36585093.0
2023-02-27,89.022881785,89.022881785,89.310148233,88.492924716,27502302.0
2023-02-28,88.487971846,89.211090837,90.37006237,88.478066107,30142039.0
2023-03-01,89.13184492,89.508263025,90.171947578,88.824766993,31111225.0
2023-03-02,88.814861253,91.13280432,91.405212159,88.745521076,32226229.0
2023-03-03,91.60827982,92.767251354,92.84649727,91.578562602,35160105.0
2023-03-06,93.128810849,94.233300814,95.065382941,93.11395224,32639313.0
2023-03-07,94.08471472,92.975271885,94.768210753,92.648382478,27835476.0
2023-03-08,93.232821115,93.36159573,95.050524331,93.11395224,34103265.0
2023-03-09,93.163480938,91.449787987,94.629530398,91.033746924,28813532.0
2023-03-10,91.301201893,89.775717994,91.915357748,89.542933114,35941046.0
2023-03-13,89.240808056,90.251193495,91.697431477,88.577123503,37335573.0
2023-03-14,91.687525737,93.084235021,93.470558865,91.568656862,36050214.0
2023-03-15,92.341304551,95.204063295,96.016333942,91.766771654,50622050.0
2023-03-16,95.293214952,99.374379667,100.236179012,94.59981318,65567656.0
2023-03-17,99.314945229,100.662125815,101.865673176,99.156453396,61028547.0
2023-03-20,99.176264875,100.265896231,100.79090043,98.928621385,32960440.0
2023-03-21,100.29561345,103.931019883,104.109323196,100.265896231,42110279.0
2023-03-22,103.287146809,102.395630245,105.585278396,102.356007286,43427419.0
2023-03-23,104.069700237,104.604610176,105.298011948,103.475355861,40797769.0
2023-03-24,104.00036006,104.446118342,104.49564704,102.861200006,30411043.0
2023-03-27,103.628894825,101.494207941,103.772528049,100.966529193,31120864.0
2023-03-28,101.474396462,100.077687178,101.484302202,98.79984677,32057865.0
2023-03-29,101.315904628,100.434293804,101.52392516,99.701269074,28779572.0
2023-03-30,99.958818303,99.939006824,100.201508923,98.839469728,33086183.0
2023-03-31,100.345142148,102.75223687,102.910728704,100.087592918,36863369.0
2023-04-03,101.424867764,103.376298465,103.544696038,100.969203742,25035399.0
2023-04-04,103.346581246,103.732905091,104.584798696,103.059314798,24420079.0
2023-04-05,104.782913488,103.485261601,105.099897156,102.682896693,28290503.0
2023-04-06,104.267815029,107.398028743,108.140959213,103.346581246,48711480.0
2023-04-10,105.97160224,105.436692302,106.575852356,104.129134675,27067355.0
2023-04-11,105.545655438,104.356966686,105.72395875,103.693282132,26311803.0
2023-04-12,105.575372656,103.653659174,105.74377023,103.356486986,24370274.0
2023-04-13,104.842347926,106.417360522,106.47679496,104.842347926,24843579.0
2023-04-14,105.882450584,107.843787025,107.913127202,105.832921886,26578002.0
2023-04-17,103.671489505,104.971122541,105.159331593,103.534790299,37571218.0
2023-04-18,105.486221,103.51497882,105.535749698,103.089032017,26596445.0
2023-04-19,102.603650776,103.197995152,103.99045432,102.098458057,20905684.0
2023-04-20,102.930540183,104.297532248,105.24848325,102.889332306,27820794.0
2023-04-21,104.475835561,104.416401123,105.00083976,103.792339528,25800082.0
2023-04-24,104.49564704,104.971122541,105.624901354,103.713093612,23542829.0
2023-04-25,104.827489317,102.871105746,105.684335792,102.861200006,46664104.0
2023-04-26,103.931019883,102.732425391,105.347540646,101.662605514,53347560.0
2023-04-27,103.465450122,106.575852356,107.348500045,102.564027818,50089187.0
2023-04-28,106.031036678,106.328208866,106.338114606,104.099417456,36139847.0
2023-05-01,105.832921886,106.189528512,106.97208194,105.813110407,26681680.0
2023-05-02,106.130094074,104.327249467,106.189528512,102.732425391,30997245.0
2023-05-03,104.535269998,104.416401123,106.47679496,103.970642841,21795405.0
2023-05-04,104.49069417,103.703187872,104.604610176,102.989974621,23419506.0
2023-05-05,103.831962487,104.574892957,104.881970884,103.128654975,26639254.0
2023-05-08,104.188569112,106.754155669,106.942364721,104.168757633,26511445.0
2023-05-09,107.368311524,106.338114606,109.111721694,106.179622772,36360141.0
2023-05-10,106.952270461,110.69664003,111.875423042,106.912647502,63153367.0
2023-05-11,114.307282114,115.471206517,116.808481363,113.331566763,78900029.0
2023-05-12,115.580169652,116.402346039,116.917444498,115.015542495,41102330.0
2023-05-15,115.015542495,115.411772079,117.36320278,114.916485099,36266765.0
2023-05-16,115.3919606,118.383493959,119.61180567,115.332526162,45035558.0
2023-05-17,118.482551355,119.700957326,120.523133713,117.769338104,33323588.0
2023-05-18,119.809920462,121.672199506,122.147675007,119.691051586,35234233.0
2023-05-19,122.385412758,121.602859329,124.782601741,120.998609214,41353445.0
2023-05-22,121.781162642,123.871273698,125.238265762,121.58304785,35253034.0
2023-05-23,122.989662873,121.404744537,123.450279765,121.058439881,34046251.0
2023-05-24,119.978318035,119.760391764,120.760871463,118.730194845,34182635.0
2023-05-25,123.346269499,122.31607258,124.138728667,120.810400161,42316986.0
2023-05-26,122.008994653,123.435421155,124.079294229,121.295781402,35635937.0
2023-05-30,124.455712334,122.504281633,124.475523813,120.85002312,35076658.0
2023-05-31,121.59295359,121.711822465,122.890704534,121.3453101,37325787.0
2023-06-01,121.657340897,122.553810331,123.247212103,121.464178975,30772683.0
2023-06-02,122.8212653,123.494855593,124.960905054,122.593433289,26980147.0
2023-06-05,122.841076779,124.822224699,126.228839722,122.672679206,32305531.0
2023-06-06,124.822224699,126.109970847,127.080733328,124.178351625,26638295.0
2023-06-07,125.773175701,121.3453101,127.823663798,120.968891995,52538986.0
2023-06-08,121.072902261,120.988703474,122.063476221,120.09718691,29389167.0
2023-06-09,121.09766661,121.07785513,122.588480419,120.760871463,23778319.0
2023-06-12,121.627623678,122.474564414,122.880699738,120.513227973,28338743.0
2023-06-13,123.80193352,122.662773466,123.980236833,122.018900392,22278313.0
2023-06-14,121.939654476,122.504281633,122.880699738,120.305207442,30592297.0
2023-06-15,121.979277434,123.910896656,124.277409021,121.246252704,35246268.0
2023-06-16,124.742978782,122.365601278,124.919300947,122.117957788,45535553.0
2023-06-20,121.771256902,121.939654476,123.395798197,120.988703474,26097492.0
2023-06-21,121.246252704,119.413690878,121.503801933,118.967932596,30306336.0
2023-06-22,118.8688752,121.989183174,122.07833483,117.709903666,26952246.0
2023-06-23,120.235867264,121.186818266,121.630496343,119.918883597,34913637.0
2023-06-26,119.621711409,117.224522426,120.85002312,117.150229379,33969897.0
2023-06-27,115.976399236,117.214616686,117.957547156,115.005636756,39535936.0
2023-06-28,115.986304976,119.047178512,119.255199044,115.748567226,27091449.0
2023-06-29,118.11603899,117.977358636,118.928309637,117.179946598,24090902.0
2023-06-30,119.037272773,118.571703012,119.938695076,118.561797272,29532241.0
2023-07-03,118.11603899,118.769817804,119.057084252,117.698214894,14467850.0
2023-07-05,118.11603899,120.60237963,121.454273235,118.10613325,27584809.0
2023-07-06,118.665807538,118.977838335,119.166047388,117.283956864,24778801.0
2023-07-07,118.967932596,118.35377674,119.908977858,118.274530824,21709549.0
2023-07-10,117.184899468,115.352337642,117.189852337,115.040306844,35315235.0
2023-07-11,115.193845808,116.035833674,116.600460831,114.262706286,23078782.0
2023-07-12,117.680186448,117.808961062,119.195764606,117.298320186,30404409.0
2023-07-13,119.790108982,123.366080978,123.653347426,119.314633482,44297915.0
2023-07-14,123.623630208,124.237786063,125.580013779,122.32597832,33283076.0
2023-07-17,124.752884522,123.475044114,125.901851258,123.024332962,25716215.0
2023-07-18,123.425515416,122.593433289,123.504761332,121.800974121,26226447.0
2023-07-19,123.425515416,120.879740338,124.000048312,120.651908328,37224033.0
2023-07-20,120.275490223,118.076416032,122.920322696,117.105653551,37906763.0
2023-07-21,119.483031055,118.888686679,119.84954342,117.61084627,71606474.0
2023-07-24,120.513227973,120.384453358,121.84059708,119.83963768,29723667.0
2023-07-25,120.216055785,121.058043651,121.984230304,119.879260639,52509551.0
2023-07-26,128.843954977,128.051495809,129.74537728,127.110450547,61682093.0
2023-07-27,130.428873313,128.180270424,131.98407443,127.576020308,44952074.0
2023-07-28,129.547262488,131.330295616,132.47936141,129.339241957,36591158.0
2023-07-31,131.47888171,131.468975971,132.266388009,130.532883579,28055531.0
2023-08-01,129.542309619,130.310004438,131.379824314,129.448205092,23276440.0
2023-08-02,128.229799121,127.169884984,128.863766456,126.357614337,26273258.0
2023-08-03,126.763749661,127.239225161,128.165411814,126.218933983,20159528.0
2023-08-04,128.061401548,126.902430015,130.270381479,126.704315223,26147158.0
2023-08-07,127.942532673,130.290192958,130.369438875,127.803852319,22746290.0
2023-08-08,129.388770655,130.161418344,130.270381479,128.323903648,23535181.0
2023-08-09,130.418967573,128.437819653,130.795385678,127.78404084,24912918.0
2023-08-10,130.082172427,128.467536872,130.805291418,128.229799121,20857754.0
2023-08-11,127.447245693,128.338762257,128.705274622,126.961864453,19591080.0
2023-08-14,128.170364684,130.092078166,130.131701125,127.744417881,24695608.0
2023-08-15,129.864246156,128.556688528,130.181229823,128.061401548,19770732.0
2023-08-16,127.486868651,127.486868651,129.052867025,126.659739395,25216068.0
2023-08-17,128.576500008,128.695368883,130.74585698,128.071307288,33446280.0
2023-08-18,127.298659599,126.258556941,128.03168433,125.191114442,30504769.0
2023-08-21,125.976243363,127.159979245,127.511633001,125.367040377,25248729.0
2023-08-22,127.298659599,127.863286756,129.04999436,127.110450547,22067520.0
2023-08-23,128.952918112,131.122275085,132.152472003,128.645840185,27819713.0
2023-08-24,132.687381941,128.556688528,132.98455413,128.348667997,28500694.0
2023-08-25,128.318950778,128.655745924,129.527451009,126.05053641,26762891.0
2023-08-28,130.072266687,129.775094499,131.290672658,128.913295154,20543266.0
2023-08-29,130.99350047,133.301537797,135.282685717,130.99350047,43075556.0
2023-08-30,133.509558328,134.599189684,134.990466399,132.806250817,28315769.0
2023-08-31,134.727964299,134.886456133,136.69920648,134.510038028,30053800.0
2023-09-01,136.159343671,134.381263413,136.159343671,133.578898506,21543687.0
2023-09-05,134.163337142,134.490226549,135.134099623,133.311542594,19403112.0
2023-09-06,134.737870039,133.192574661,135.242963701,132.405068363,18684534.0
2023-09-07,132.330775316,133.985033829,134.302017496,131.696807981,18844342.0
2023-09-08,133.638332943,135.094476664,135.371837373,133.578898506,23584188.0
2023-09-11,135.252968498,135.629386603,136.18410802,134.505085158,20763350.0
2023-09-12,134.975607789,134.064279746,135.579956962,133.915693652,18405505.0
2023-09-13,133.816636256,135.421366071,135.609575124,132.885496734,20749496.0
2023-09-14,136.302976896,136.798263876,137.387655382,134.95579631,24750968.0
2023-09-15,136.679395,136.104862104,137.214304939,135.19353406,38919614.0
2023-09-18,135.322308675,136.907227011,137.848272273,135.322308675,21861346.0
2023-09-19,136.124673583,136.738829438,137.105341803,135.332214415,20353653.0
2023-09-20,136.778452396,132.47936141,136.778452396,132.360492535,29927475.0
2023-09-21,130.201041302,129.210467342,130.98359473,128.843954977,31503910.0
2023-09-22,129.527451009,129.02225829,130.780527069,128.378385216,26397337.0
2023-09-25,128.606217226,129.874151895,129.933586333,127.744417881,20094643.0
2023-09-26,128.546782789,127.353141167,129.135679008,126.020819191,25718704.0
2023-09-27,127.358094037,129.309524738,129.661178494,127.358094037,22746452.0
2023-09-28,128.616122966,131.062840647,132.043508868,128.566594268,22513132.0
2023-09-29,132.023697388,129.626508405,132.786439338,129.131221425,30859790.0
2023-10-02,129.973209291,132.905308213,133.152951703,129.933586333,22288038.0
2023-10-03,132.677476202,131.181709522,132.994459869,130.597270886,22989401.0
2023-10-04,131.538316148,133.96522235,134.292111757,131.280766918,26752295.0
2023-10-05,133.796824777,133.796824777,134.21286584,132.192094961,19832615.0
2023-10-06,132.746816379,136.283165416,136.852745443,132.746816379,27597598.0
2023-10-09,135.649198082,137.115247543,137.630346002,134.331734715,19278070.0
2023-10-10,137.19449346,136.758640917,138.402993691,136.035521926,27786613.0
2023-10-11,137.273739376,139.225170078,139.779891495,137.273739376,25884303.0
2023-10-12,139.720457058,137.660063221,139.888854631,136.956755709,24765537.0
2023-10-13,138.066198544,136.065239145,138.6803544,135.327261545,23435599.0
2023-10-16,136.867604053,137.783884966,138.313842034,136.68930074,28501871.0
2023-10-17,137.323268074,138.402993691,138.581297004,135.886935832,23515780.0
2023-10-18,138.130585852,136.659583521,139.393567651,136.085050624,23374998.0
2023-10-19,137.19449346,136.45156299,138.343559253,136.085050624,26066011.0
2023-10-20,136.035521926,134.321828976,136.570431865,133.806730516,26335673.0
2023-10-23,133.767107558,135.21334554,136.362312276,132.687381941,26317930.0
2023-10-24,136.530808906,137.501571387,138.046288008,136.124673583,44814321.0
2023-10-25,126.951958713,124.425995115,127.100544807,123.891085177,84366208.0
2023-10-26,122.108052049,121.127383828,123.157763274,120.126904129,57061140.0
2023-10-27,121.721728204,121.018420693,122.147675007,119.072636263,44566506.0
2023-10-30,122.048617611,123.286835061,124.217974584,121.59295359,28940081.0
2023-10-31,123.881179437,122.910416956,124.188257365,121.528566282,26292342.0
2023-11-01,122.900511217,125.258077242,125.2977002,122.548857461,30082438.0
2023-11-02,127.209507943,126.28827416,127.76422936,125.733552742,27124647.0
2023-11-03,126.813278359,127.883098236,128.304092169,126.654786525,26393109.0
2023-11-06,127.833569538,129.02225829,129.111409946,127.457151433,19052740.0
2023-11-07,129.477922311,129.735471541,130.666611063,128.655745924,29757276.0
2023-11-08,129.735471541,130.597270886,130.963783251,129.547262488,26425849.0
2023-11-09,130.716139761,129.01235255,131.300578398,128.839002107,23747773.0
2023-11-10,128.878625065,131.340201356,131.548221888,128.190176163,26927826.0
2023-11-13,130.537836448,130.844914376,131.340201356,130.01283225,18324751.0
2023-11-14,132.925119692,132.360492535,134.420886371,132.063320347,32395178.0
2023-11-15,133.598709985,133.351066495,133.757201818,132.310963837,23861515.0
2023-11-16,133.915693652,135.639292342,135.926459733,133.053894307,28013179.0
2023-11-17,134.71805856,134.034562527,134.777492997,132.390209754,37287691.0
2023-11-20,132.429832712,134.96570205,135.371837373,132.360492535,27850762.0
2023-11-21,135.005325008,135.678915301,135.886935832,134.678435601,22635272.0
2023-11-22,136.174202281,137.18458772,138.105821503,136.174202281,17820456.0
2023-11-24,136.728923698,135.401554592,136.827981094,134.70815282,12514322.0
2023-11-27,134.747775778,135.124193883,137.115247543,134.71805856,23436526.0
2023-11-28,134.797304476,135.906747311,135.95627601,134.145704925,18730032.0
2023-11-29,136.273259677,133.71757886,136.98449178,133.568992766,23967222.0
2023-11-30,133.777013298,131.280766918,134.272300278,130.042549468,38988263.0
2023-12-01,130.617082365,130.617082365,130.864725855,129.433346483,31442263.0
2023-12-04,128.655745924,128.051495809,128.804332018,126.694409484,36669876.0
2023-12-05,127.734512141,129.75528302,130.894443074,127.04111037,27384784.0
2023-12-06,130.201041302,128.794426279,130.597270886,128.650793055,23576176.0
2023-12-07,133.767107558,135.639292342,137.253927897,133.430312411,56767100.0
2023-12-08,132.935025431,133.71757886,135.114288144,132.761674989,32260112.0
2023-12-11,131.132180824,132.033603128,132.078178956,130.121795385,31138011.0
2023-12-12,130.567553667,131.270861179,131.74633668,130.022737989,29032831.0
2023-12-13,132.122754784,131.320389877,132.24162366,130.329815917,30104775.0
2023-12-14,132.122754784,130.696328282,132.459549931,128.462584002,38722413.0
2023-12-15,130.379344615,131.350107096,132.251529399,129.943492072,50847113.0
2023-12-18,131.379824314,134.519943768,135.855039351,131.181709522,32257967.0
2023-12-19,135.550140686,135.361931634,136.174202281,134.797304476,25476753.0
2023-12-20,137.660063221,137.036001626,140.359377262,136.763593787,49107179.0
2023-12-21,138.17516168,139.096395463,139.358897562,137.868083752,27488284.0
2023-12-22,139.443096349,140.1563096,140.65159658,139.383661911,26532199.0
2023-12-26,140.255366996,140.186026819,141.335092612,139.859137412,16780333.0
2023-12-27,140.255366996,139.046866765,140.740748236,138.567428968,19628618.0
2023-12-28,139.453002088,138.90818641,139.809608714,138.43271091,16045712.0
2023-12-29,138.313842034,138.373276472,139.036961025,137.471854168,18733017.0
2024-01-02,137.244022158,136.867604053,138.135538722,135.19353406,23711220.0
2024-01-03,135.95627601,137.610534523,138.313842034,135.787878436,24212147.0
2024-01-04,137.115247543,135.104382404,137.848272273,135.064759446,27137735.0
2024-01-05,135.45603616,134.45060359,135.862963942,133.876070694,22513854.0
2024-01-08,135.005325008,137.531288606,137.699686179,134.975607789,21403982.0
2024-01-09,137.19449346,139.621399662,140.15135673,136.847792574,24759598.0
2024-01-10,139.67092836,140.938863028,141.65207628,139.581776703,21320203.0
2024-01-11,142.13745752,140.740748236,143.851150471,139.309368864,24008722.0
2024-01-12,141.325186873,141.305375394,141.845238202,140.483199007,18785514.0
2024-01-16,140.66150232,141.14688356,142.989351126,140.116686642,22670467.0
2024-01-17,140.012676376,140.136498121,140.503010486,137.590723044,20968649.0
2024-01-18,140.711031018,142.12755178,142.850670771,140.65159658,25746417.0
2024-01-19,143.37567497,145.000216264,145.069556442,143.019068344,34271867.0
2024-01-22,145.713429516,144.61389242,146.991269924,144.465306326,32200369.0
2024-01-23,144.514835024,145.653995078,145.79465658,144.12851118,21636129.0
2024-01-24,147.139856018,147.298347852,148.442460775,146.704003476,25233450.0
2024-01-25,148.650481307,150.438467305,151.607344578,148.130429978,29149069.0
2024-01-26,149.675725356,150.750498102,151.097198988,149.586573699,26115494.0
2024-01-29,150.626676357,152.063008599,152.330463568,150.002614762,27784259.0
2024-01-30,151.359701088,150.032331981,152.171971735,149.759924142,36331833.0
2024-01-31,142.266232135,138.779411796,142.64265024,138.551579785,71910044.0
2024-02-01,140.780371195,139.829420193,141.711510717,139.462907828,40466549.0
2024-02-02,137.947329669,141.037920424,141.275658175,135.21334554,62499574.0
2024-02-05,141.473772967,142.325666572,144.098793961,141.434150008,38505405.0
2024-02-06,143.286523314,142.741707636,143.989830825,141.840285332,29128201.0
2024-02-07,143.395486449,144.168134138,144.242427185,142.568357193,25208862.0
2024-02-08,144.455400586,144.534646503,144.950687566,143.737234465,22563764.0
2024-02-09,145.297388452,147.59552004,148.031372582,144.802101472,26829504.0
2024-02-12,147.020987143,146.139376318,147.927362316,145.980884485,21564085.0
2024-02-13,143.553978283,143.771904554,145.287482713,142.335572312,27837730.0
2024-02-14,144.703044076,144.564363722,145.138896619,142.735764192,22704166.0
2024-02-15,141.790756634,141.424244269,142.167174739,139.136018421,37590695.0
2024-02-16,141.64217054,139.195452859,141.840285332,138.819034754,31468926.0
2024-02-20,138.338606383,139.789797235,140.740748236,138.17516168,24935710.0
2024-02-21,140.116686642,141.206317998,141.344998352,139.348991823,23315687.0
2024-02-22,143.563884022,142.731801896,143.6332242,141.453961488,27191892.0
2024-02-23,142.315760833,142.603027281,143.316240532,142.078023082,19493752.0
2024-02-26,140.800182674,136.273259677,141.097354862,136.094956364,53641795.0
2024-02-27,136.719017959,137.570911564,137.93742393,135.797784176,33099190.0
2024-02-28,136.600149084,135.094476664,136.709112219,134.133619923,37328558.0
2024-02-29,135.985993228,137.154870501,137.551100085,135.114288144,42132953.0
2024-03-01,137.125153282,135.847312874,137.561005825,135.629386603,31151116.0
2024-03-04,134.381263413,132.093037566,134.381263413,130.666611063,55999415.0
2024-03-05,130.636893844,131.419447273,131.98407443,129.433346483,40194757.0
2024-03-06,131.865205555,130.161418344,132.320869576,129.616602666,35318610.0
2024-03-07,131.543269018,133.113328744,133.668050162,130.369438875,37738209.0
2024-03-08,132.944931171,134.133619923,136.783405266,132.73691064,39370392.0
2024-03-11,134.846833174,136.372317073,137.783884966,134.846833174,32437772.0
2024-03-12,135.738349738,137.19449346,138.061245675,135.738349738,27563354.0
2024-03-13,137.68978044,138.472333868,139.760080016,137.6798747,23347208.0
2024-03-14,139.859137412,141.751133676,142.231562046,139.131065551,42753387.0
2024-03-15,141.1567893,139.849231672,141.830379592,138.710071618,49475417.0
2024-03-18,147.209196195,146.287962412,150.715828014,145.782769693,69273699.0
2024-03-19,146.763437913,145.644089338,147.388787254,144.703044076,24070435.0
2024-03-20,146.60494608,147.33797081,147.456839685,145.35187002,21311501.0
2024-03-21,148.061089801,146.208716496,148.952606365,145.515413781,24755597.0
2024-03-22,147.714388915,149.348835949,150.151200856,147.57570856,29211769.0
2024-03-25,148.526659562,148.655434177,148.957559235,146.426642767,19229285.0
2024-03-26,148.804020271,149.249778553,150.820828853,148.56628252,22149137.0
2024-03-27,149.754971272,149.447893345,150.205682424,147.496462644,22879178.0
2024-03-28,149.428081866,149.507327782,150.002614762,148.754491573,24485390.0
2024-04-01,149.269590032,154.02434504,154.27198853,149.190344115,31730848.0
2024-04-02,152.05310286,153.103111257,153.241791612,150.715828014,24585985.0
2024-04-03,152.152160256,153.459717883,153.618209716,151.29036091,24704991.0
2024-04-04,152.05310286,149.111098198,153.311131789,149.031852282,34724738.0
2024-04-05,148.615811218,151.0625289,151.973856943,148.189864416,23459246.0
2024-04-08,151.339889608,153.390377706,153.806418769,151.171492035,20701974.0
2024-04-09,154.613736546,155.123882136,157.065407097,153.727172852,31113013.0
2024-04-10,154.737558291,154.668218114,155.133787875,153.221980132,22838629.0
2024-04-11,155.430960063,157.907394963,158.174849932,154.985201781,27166431.0
2024-04-12,156.471062721,156.24323071,158.712236306,155.658792074,25353746.0
2024-04-15,157.362579285,153.400283445,157.73899739,153.132828476,27136472.0
2024-04-16,152.736598892,152.944619424,154.182836874,151.983762682,20779495.0
2024-04-17,154.153119655,154.004533561,155.599357636,153.122922736,21763130.0
2024-04-18,153.875758946,154.539443499,155.460677282,153.162545695,19883044.0
2024-04-19,154.727652552,152.637541496,154.886144385,150.864414108,32615639.0
2024-04-22,152.855467767,154.806898468,156.154079054,152.607824277,26446206.0
2024-04-23,155.480488761,156.768234909,157.471542421,154.806898468,21151568.0
2024-04-24,156.00549296,157.630034254,158.060933927,155.683556423,22779112.0
2024-04-25,149.903557366,154.52953776,155.014919,149.447893345,57109730.0
2024-04-26,172.726381405,170.329192422,173.063176551,168.050872314,64665299.0
2024-04-29,167.464452529,164.583863454,167.951814918,163.652723931,45610024.0
2024-04-30,164.050934663,161.245629208,166.515482676,161.067325896,33562861.0
2024-05-01,162.751301628,162.315449085,165.544720195,161.552707136,33493151.0
2024-05-02,163.231729998,165.049433215,165.15839635,162.345166304,24294549.0
2024-05-03,165.980572737,165.66358907,166.376802321,161.513084178,34662432.0
2024-05-06,165.881515341,166.515482676,166.555105634,164.464994578,21871283.0
2024-05-07,166.91171226,169.63579065,170.140983369,166.802749124,28039696.0
2024-05-08,167.40699924,167.783417344,168.546159294,167.14449714,19569146.0
2024-05-09,167.793323084,168.357950241,169.081069232,166.594728592,15346700.0
2024-05-10,166.441189629,167.060298354,168.248987106,164.623486412,29799931.0
2024-05-13,162.711678669,167.545679594,167.684359948,162.45412944,31327602.0
2024-05-14,168.169741189,168.734368346,169.63579065,167.208884448,25127138.0
2024-05-15,169.021634794,170.883913839,171.022594194,168.902765919,26948370.0
2024-05-16,171.656561528,172.538172352,173.464359005,171.062217152,27867947.0
2024-05-17,172.538172352,174.400451397,174.603519059,172.052791112,24479262.0
2024-05-20,174.53120716,175.252345003,177.084906829,174.420262876,22554400.0
2024-05-21,175.232533524,176.173578786,176.470750974,174.152807907,16989369.0
2024-05-22,174.97894659,174.717435064,175.480177014,173.558463531,17880042.0
2024-05-23,175.400931097,171.914110758,176.56980837,171.319766382,21024935.0
2024-05-24,173.33063152,173.34053726,174.113184949,172.013168154,16579438.0
2024-05-28,172.805627322,174.737246544,175.599045889,172.721428535,20572157.0
2024-05-29,173.776389802,174.241959564,175.16913679,173.073082291,23388693.0
2024-05-30,173.548557792,170.487684255,173.568369271,170.170700588,22958677.0
2024-05-31,170.240040765,170.8740081,171.428729517,167.842851782,37638876.0
2024-06-03,170.913631058,171.537692653,172.879920369,169.546638993,27459118.0
2024-06-04,171.646655788,172.151848508,172.206330076,170.269757984,26879596.0
2024-06-05,173.548557792,173.756578323,174.979937164,172.294392101,22068519.0
2024-06-06,174.237006694,175.06413595,175.480177014,174.09337347,23251013.0
2024-06-07,175.381119618,172.815533061,176.193390265,172.657041228,19661399.0
2024-06-10,173.519647949,173.559316383,175.592323632,171.327966964,23779218.0
2024-06-11,174.759286515,175.155970856,175.374147244,172.329694096,21540582.0
2024-06-12,176.772459547,176.316272554,178.914554989,174.650198321,27864737.0
2024-06-13,174.650198321,173.708073011,175.274976159,173.430393972,20913299.0
2024-06-14,172.775864809,175.324561701,175.594604567,172.706445049,18063555.0
2024-06-17,174.005586267,175.770831585,176.881547741,173.360974212,19618497.0
2024-06-18,175.6716605,173.638653251,175.914629659,172.661024692,21869857.0
2024-06-20,173.91633229,174.838623383,175.820417128,173.539482166,20160085.0
2024-06-21,175.532820981,178.141020524,179.350907765,175.146053748,58582743.0
2024-06-24,178.666627276,177.734419074,179.390576199,177.188978105,18298012.0
2024-06-25,178.131103415,182.504548277,182.762393099,177.932761245,23235589.0
2024-06-26,181.116153083,182.355791649,182.980569487,180.967396455,19838972.0
2024-06-27,182.653304905,183.873109254,184.5078042,182.494631169,18848884.0
2024-06-28,182.792144424,180.640131873,183.595430215,180.451706811,29156644.0
2024-07-01,181.512837424,181.47316899,182.355791649,179.797177648,16006128.0
2024-07-02,180.540960788,183.704518409,184.031782991,180.05502247,17372485.0
2024-07-03,183.317751177,184.279710704,184.547472634,182.474796952,10242126.0
2024-07-05,184.314420584,189.020088581,189.277933403,184.259876487,20967450.0
2024-07-08,188.32093243,187.463102542,188.593652915,186.223463976,21035886.0
2024-07-09,188.732492434,187.413516999,189.77378883,187.155672178,15141312.0
2024-07-10,187.582107844,189.595280876,190.160556062,187.463102542,15952454.0
2024-07-11,188.271346887,184.031782991,189.277933403,183.545844673,25625784.0
2024-07-12,183.545844673,183.535927564,185.559017704,182.960735269,22898406.0
2024-07-15,183.387170936,184.98382541,186.679650968,183.387170936,16474043.0
2024-07-16,185.806945418,182.395460083,187.116003744,181.853589273,18290722.0
2024-07-17,181.448376219,179.51949861,182.028527068,178.408782454,20734071.0
2024-07-18,180.421955486,176.217101469,180.987230672,175.007214228,25315727.0
2024-07-19,177.397237384,176.187350143,178.795549687,175.661743391,18881885.0
2024-07-22,179.093062943,180.164110664,181.185572843,178.736047036,24100345.0
2024-07-23,180.540960788,180.283115966,182.088029719,180.035188253,36352714.0
2024-07-24,172.16100408,171.199044553,174.72953519,170.395758762,49585203.0
2024-07-25,171.089956359,165.893391489,171.982496127,165.804137513,44851973.0
2024-07-26,165.764469078,165.615712451,166.69667728,162.700082543,41336886.0
2024-07-29,167.430543311,168.124740909,169.017280676,166.597506195,20293822.0
2024-07-30,168.828855614,168.878441157,169.810550188,167.043776079,18959686.0
2024-07-31,171.803988173,170.118079723,172.80065758,168.600762118,25729090.0
2024-08-01,168.838772723,169.344545258,172.607273964,167.480128854,24531392.0
2024-08-02,165.060354373,165.27853076,167.113195839,163.305026163,29130102.0
2024-08-05,154.211037641,157.92995334,163.067015558,153.645762455,53630673.0
2024-08-06,158.009290208,156.977910921,159.239011666,155.113494517,49004561.0
2024-08-07,159.913375046,157.622522975,161.629034821,157.156418874,25138573.0
2024-08-08,159.179509015,160.686909511,162.333149527,158.881995759,25578839.0
2024-08-09,158.683653588,162.31331531,162.432320612,157.741528278,28602285.0
2024-08-12,162.98767869,160.944754333,163.533119659,160.498484449,15895286.0
2024-08-13,162.055470488,162.799253628,163.364528814,161.619117713,18551690.0
2024-08-14,161.053842527,159.040669495,161.867045426,156.402718626,40591126.0
2024-08-15,159.169591906,159.962960588,160.295183724,158.286969247,31524252.0
2024-08-16,160.131551433,161.609200604,163.691793396,159.794369743,24208647.0
2024-08-19,163.909969783,165.288447869,165.308282086,162.898424713,22416185.0
2024-08-20,165.516541365,165.794220404,167.242118249,165.437204497,18341533.0
2024-08-21,163.781047372,164.47524497,165.466955823,163.305026163,22901997.0
2024-08-22,165.873557272,162.442237721,166.200821854,161.956299403,22493275.0
2024-08-23,163.354611706,164.247151473,164.802509551,162.471989046,13955741.0
2024-08-26,165.000851722,164.782675334,166.16115342,163.09180833,14190417.0
2024-08-27,164.460369307,163.314943272,165.062932821,163.096766884,11821941.0
2024-08-28,163.667000624,161.500112411,164.227317256,160.189467347,16407444.0
2024-08-29,162.948010256,160.438981798,164.594250272,158.921664193,19699767.0
2024-08-30,161.26706036,162.025719163,162.303398201,160.352207098,22123811.0
2024-09-03,160.379479147,156.055619828,160.508401558,155.182914277,38945301.0
2024-09-04,155.356463676,155.153162951,157.682025627,154.668811371,19353759.0
2024-09-05,155.004406323,155.936614525,158.12829551,154.687554706,18688747.0
2024-09-06,155.996117176,149.669001934,156.521723928,149.302068919,37912130.0
2024-09-09,151.446520013,147.673018104,152.330313881,146.188443011,39260451.0
2024-09-10,149.400884768,147.623366763,150.215166758,147.305598182,31118765.0
2024-09-11,148.874580554,150.105933808,150.443562927,146.491316191,29607693.0
2024-09-12,152.727524608,153.611318476,153.740411962,151.585543767,29695048.0
2024-09-13,154.346158321,156.362002762,157.275587434,154.127692421,29591152.0
2024-09-16,156.213048739,156.957818853,157.146493948,155.507999698,18379775.0
2024-09-17,157.911124598,158.209032643,159.430455629,157.2706223,20715612.0
2024-09-18,158.745267125,158.695615784,159.380804289,157.4890882,23677315.0
2024-09-19,162.568420374,161.00936827,162.64786252,160.214946816,26587733.0
2024-09-20,162.359884743,162.449257156,162.588280911,160.929926125,40896438.0
2024-09-23,163.203957538,160.721390493,164.33600811,160.542645666,24150852.0
2024-09-24,161.893162138,161.158322293,162.077666521,159.569479384,23332147.0
2024-09-25,160.344040302,160.363900838,161.674696238,160.175225743,18869199.0
2024-09-26,162.498908497,161.595254093,162.935840297,161.148392025,20319336.0
2024-09-27,161.674696238,162.806746811,164.544543742,161.492078606,21101307.0
2024-09-30,162.181139915,164.693497765,164.99140581,162.121558306,20481303.0
2024-10-01,166.515701976,165.825548337,167.980416532,163.432353706,28338123.0
2024-10-02,165.259523051,164.703428033,166.351852551,163.581307729,17760179.0
2024-10-03,163.263539147,164.703428033,165.477988951,162.779935087,15073101.0
2024-10-04,166.888087033,165.895060215,167.056901592,164.326077842,19093724.0
2024-10-07,166.550457914,161.843510797,167.305158296,161.615114629,22463140.0
2024-10-08,162.796816542,163.233748342,163.576342595,161.734277847,23072733.0
2024-10-09,162.310233402,160.731320761,163.690540679,158.626103907,31181774.0
2024-10-10,159.748224211,160.949786661,161.932883211,159.276536473,14144068.0
2024-10-11,160.999438002,162.10169777,162.75709547,160.110679,15344251.0
2024-10-14,162.498908497,163.809703897,165.066875848,162.260582061,19016141.0
2024-10-15,164.628951022,164.306217306,166.510736842,163.477039913,20247195.0
2024-10-16,163.382702365,164.00830926,164.643846424,162.598211179,16406030.0
2024-10-17,164.574334547,161.793859456,165.20987171,161.625044897,21453395.0
2024-10-18,162.052046429,162.280442597,163.561447192,161.942813479,19757661.0
2024-10-21,161.813719993,162.925910029,163.352911561,161.486021143,20946455.0
2024-10-22,161.843510797,163.988448724,164.614055619,161.843510797,16568121.0
2024-10-23,163.611098533,161.644905434,164.66370696,160.795867504,18280518.0
2024-10-24,161.694556774,161.585323824,162.191070183,159.887247966,22412527.0
2024-10-25,162.528699302,164.11754221,164.435310792,162.280442597,19828884.0
2024-10-28,167.573275537,165.557431096,167.573275537,162.806746811,32138641.0
2024-10-29,166.560388183,168.496790478,169.19190925,165.924453808,42169025.0
2024-10-30,179.420085476,173.243458668,180.750741412,172.846148638,68890787.0
2024-10-31,171.922733,169.916818827,175.587001958,169.807585878,44768981.0
2024-11-01,168.884070937,170.095563655,171.118381277,167.702369023,31796477.0
2024-11-04,168.745047182,168.059858678,169.539468637,166.839428718,21492744.0
2024-11-05,168.248533773,168.556372087,169.340863273,167.662647951,18242050.0
2024-11-06,172.588060968,175.279163645,175.706165176,172.290152923,33695538.0
2024-11-07,176.172887781,179.489597353,179.817296203,175.954421881,25352939.0
2024-11-08,179.385329537,177.10633299,179.638551376,176.838215749,22006182.0
2024-11-11,177.334729158,179.092386626,179.286026855,177.225496208,17450354.0
2024-11-12,178.566082412,180.353530685,181.217464016,178.139080881,25134905.0
2024-11-13,179.201619576,177.632637203,179.698132985,177.295008085,23184003.0
2024-11-14,177.036821113,174.355648704,177.573055594,173.106222362,31007457.0
2024-11-15,172.518549091,171.287195836,172.925690086,170.026051777,32504649.0
2024-11-18,172.210710777,174.077601195,174.214638896,171.694336832,20206613.0
2024-11-19,172.508618822,176.877936822,177.622706935,172.349734532,23434925.0
2024-11-20,176.103375904,174.752859431,176.436039888,172.568200432,18997111.0
2024-11-21,172.68736365,166.461085501,172.915759818,162.558490106,59734379.0
2024-11-22,164.693497765,163.611098533,165.299244124,162.75709547,38604587.0
2024-11-25,164.931824201,166.480946037,167.454112319,164.452390853,33135263.0
2024-11-26,166.461085501,167.94069546,168.635814232,166.41143416,20486720.0
2024-11-27,167.821532242,168.04992841,168.3013628,166.84836596,19266511.0
2024-11-29,167.325018833,167.771880901,168.248533773,165.994362896,14257244.0
2024-12-02,167.588170939,170.294169018,170.875089707,167.39453071,23789084.0
2024-12-03,170.294169018,170.145214996,171.475870932,169.658631855,22248705.0
2024-12-04,169.951574766,173.154086254,173.690320736,169.867167487,31615137.0
2024-12-05,174.137182804,171.436149859,174.832301577,171.128311545,21356243.0
2024-12-06,170.8304035,173.491715372,173.859135295,170.661588941,21462393.0
2024-12-09,172.944924786,174.346697285,175.23150404,172.636733669,25389631.0
2024-12-10,181.77807986,184.089513236,185.272569459,179.993553877,54813022.0
2024-12-11,184.228696321,194.259820092,194.468594719,183.771380471,67894071.0
2024-12-12,193.862154135,190.83989286,194.041103815,190.591351637,34817486.0
2024-12-13,189.895436211,188.712379989,191.605399827,188.533430308,25143495.0
2024-12-16,191.744582912,195.512467857,197.838813707,191.496041689,44934901.0
2024-12-17,196.099025144,194.27970339,200.244692748,193.842270837,43504025.0
2024-12-18,194.080870411,187.300665841,195.850483921,186.644517011,34166074.0
2024-12-19,190.506847621,187.410023979,191.903649295,187.280782543,32265241.0
2024-12-20,184.695953821,190.293102169,191.76446621,184.139221481,63462934.0
2024-12-23,191.496041689,193.494313124,193.961570624,189.040454403,25675014.0
2024-12-24,193.703087752,194.965677166,194.965677166,192.649272965,10403259.0
2024-12-26,194.011278868,194.45865307,195.599954367,193.240801076,12057210.0
2024-12-27,193.81244589,191.635224774,194.1802869,189.53753685,18891362.0
2024-12-30,188.692496691,190.124094137,191.426450147,188.016464564,14264659.0
2024-12-31,189.960056929,188.195414244,190.83989286,187.410023979,17466919.0
2025-01-02,189.53753685,188.32465568,190.879659456,186.405917437,20370828.0
2025-01-03,190.253335573,190.670884828,192.082598976,188.866475547,18596159.0
2025-01-06,192.848105944,195.721242484,197.065552253,192.718864508,29563638.0
2025-01-07,195.959842059,194.349294932,199.827143493,193.464488177,26487244.0
2025-01-08,191.446333445,192.818280997,195.144626846,191.257442115,24864766.0
2025-01-10,193.161267885,190.919426051,195.373284772,189.199520786,26665206.0
2025-01-13,188.960921212,189.895436211,190.064444243,186.266734352,21823699.0
2025-01-14,190.124094137,188.553313606,190.859776158,187.209401504,17174854.0
2025-01-15,191.963299189,194.408944826,195.214218389,190.74047637,21775969.0
2025-01-16,193.007172327,191.784349508,194.339353283,191.684933019,17815432.0
2025-01-17,195.383226421,194.856319028,196.079141846,192.619448018,27735089.0
2025-01-21,197.908405249,196.894357058,201.109616204,196.715407377,29971292.0
2025-01-22,197.8984636,197.212489824,199.310177748,196.377391314,26200617.0
2025-01-23,196.983831899,196.824765516,199.131228067,194.060987113,26951357.0
2025-01-24,196.944065303,199.041753227,199.727727003,196.844648814,23877521.0
2025-01-27,191.287267062,190.690768126,195.731184133,189.617070041,41728893.0
2025-01-28,191.620312301,194.160403602,194.339353283,189.567361797,24157929.0
2025-01-29,194.41391565,194.269761741,195.636738469,192.301315252,18218256.0
2025-01-30,196.844648814,199.697902056,200.22480945,196.516574399,24354684.0
2025-01-31,200.821308386,202.829521469,204.281002213,200.622475407,32041952.0
2025-02-03,199.518952376,200.055801418,202.561096948,198.932395089,27838348.0
2025-02-04,202.203197587,205.175750617,205.841841095,201.626581949,43856425.0
2025-02-05,189.955086105,190.213568977,191.625283125,186.93282483,70461770.0
2025-02-06,188.394247223,190.481993498,190.979075945,187.618798606,29297442.0
2025-02-07,189.935202807,184.258521268,190.064444243,182.170774993,49314961.0
2025-02-10,186.256792703,185.381927597,187.101832862,184.775487012,23105649.0
2025-02-11,183.950330151,184.23863797,185.849185097,183.204706482,21239519.0
2025-02-12,182.150891695,182.538616003,184.029863343,180.769002494,22072559.0
2025-02-13,183.244473077,185.053853183,185.193036268,182.071358504,21402523.0
2025-02-14,183.975184274,184.14916313,185.312336055,183.244473077,20448437.0
2025-02-18,184.51700414,182.697682386,184.874903502,180.67962707,29916675.0
2025-02-19,182.995931854,184.188929726,184.377821055,182.518732705,19549396.0
2025-02-20,183.721672226,183.483072652,184.228696321,181.653809248,20441462.0
2025-02-21,184.069629938,178.611664676,184.258521268,178.035049038,35199239.0
2025-02-24,180.928068877,178.20405707,182.051475206,177.841186884,29854206.0
2025-02-25,177.001117549,174.39640553,177.697032974,173.674542401,41913411.0
2025-02-26,174.048447817,171.722101967,175.052554359,170.579508256,35431268.0
2025-02-27,172.974749733,167.51678447,173.541423722,166.96005213,39991015.0
2025-02-28,167.695734151,169.28639798,169.614472394,165.796879205,48130565.0
2025-03-03,170.921799229,166.035478779,172.358367499,164.961780695,40770451.0
2025-03-04,165.269971812,169.922663511,172.283407466,164.832539259,45387996.0
2025-03-05,169.524997554,172.010409786,172.765975105,168.07351681,30954922.0
2025-03-06,169.534939203,171.344319308,173.789964945,169.505114256,28301953.0
2025-03-07,170.260679575,172.845508296,173.949031328,169.276456331,27385813.0
2025-03-10,167.470835192,165.092044653,167.669897162,162.922269182,43604027.0
2025-03-11,164.136547198,163.270627629,165.96791732,160.613150333,39587414.0
2025-03-12,165.798714646,166.326228866,166.853643555,162.763019606,28372396.0
2025-03-13,165.256270778,161.996631023,165.350825214,161.349679621,31756214.0
2025-03-14,162.504239046,164.713826911,165.70913676,161.68808497,31995894.0
2025-03-17,164.25598438,163.519455092,165.520027888,162.902362985,31184335.0
2025-03-18,162.907339535,159.916433438,163.479642698,155.984959535,42074751.0
2025-03-19,161.001321174,163.121331152,165.092044653,160.244885689,34275582.0
2025-03-20,160.812212302,162.036443417,164.116641001,160.205073295,28138464.0
2025-03-21,160.448924208,163.220862137,163.469689599,160.135501136,36625764.0
2025-03-24,166.281439923,166.89355548,167.530553783,164.365468463,30879129.0
2025-03-25,168.187458284,169.760047845,169.829719534,167.525577234,24174373.0
2025-03-26,168.207364481,164.285843675,168.814503488,164.066875509,28939326.0
2025-03-27,163.85786044,161.479069901,164.644155221,161.240195538,24508273.0
2025-03-28,159.737277666,153.606168996,161.061039765,152.909452101,48669335.0
2025-03-31,152.39189098,153.914715049,154.810493913,149.95537247,54603464.0
2025-04-01,152.899499003,156.333317982,157.358487126,152.899499003,30672899.0
2025-04-02,154.422323072,156.303458686,157.662255692,153.97443364,25041730.0
2025-04-03,150.401271282,150.013100441,152.063339199,149.684648191,46883371.0
2025-04-04,147.31581075,144.917114014,150.361458888,144.698145847,62259539.0
2025-04-07,140.886109125,146.06172034,152.133110419,139.870893079,76794136.0
2025-04-08,150.510755365,144.02133515,151.525971411,142.359167702,52200208.0
2025-04-09,143.737671843,157.965626134,158.801686407,143.23006382,70406232.0
2025-04-10,155.805803762,152.103251124,156.980269384,149.22680566,48021972.0
2025-04-11,152.182875912,156.402989671,156.930503891,152.103251124,33636239.0
2025-04-14,159.24459929,158.32393768,160.96150878,156.821019808,30332957.0
2025-04-15,158.378679722,155.576882497,158.901217392,154.482041663,27551534.0
2025-04-16,152.381937881,152.610859147,155.15885236,150.799395221,28187421.0
2025-04-17,153.566356602,150.451036774,153.954527443,147.803512576,33046576.0
2025-04-21,148.181730319,146.977405401,148.246425459,145.414768938,26049115.0
2025-04-22,148.191683417,150.759582828,151.476205919,147.84332497,26971774.0
2025-04-23,154.880165602,154.621385042,156.786183963,153.088607874,31128833.0
2025-04-24,155.417632921,158.532952748,158.841498801,155.059321375,45893951.0
2025-04-25,164.295796774,161.200383144,165.320965918,160.284698082,56033995.0
2025-04-28,161.663202223,159.856714847,162.384801864,157.856142051,29745782.0
2025-04-29,159.57305154,159.408825415,159.986105128,156.781207414,26808958.0
2025-04-30,157.234073395,158.055204021,158.52299965,154.671150534,34981059.0
2025-05-01,159.697465272,160.543478643,161.190430045,158.164688104,30203248.0
2025-05-02,162.638605875,163.260674531,164.196265789,161.110805257,25715005.0
2025-05-05,162.235505387,163.439830304,164.614295926,161.956818629,21341814.0
2025-05-06,161.409398212,162.464426652,164.027063115,160.43399456,21277210.0
2025-05-07,163.310440023,150.670004941,164.226125085,147.146608076,127747554.0
2025-05-08,154.273026595,153.556403503,155.198664754,152.182875912,57498692.0
2025-05-09,153.44691942,152.033579434,154.322792087,151.486159017,32435281.0
2025-05-12,156.746371569,157.716798672,158.353796975,155.517163906,44138818.0
2025-05-13,158.045250922,158.78178021,159.816902453,155.427586019,42382126.0
2025-05-14,159.209763446,164.594389729,166.216744783,158.861404998,48755869.0
2025-05-15,165.062185358,163.191002842,165.425473453,161.611645173,33146669.0
2025-05-16,166.938344423,165.410543805,168.555722928,164.843217191,42846925.0
2025-05-19,163.738423258,165.758902252,165.858433237,163.449783402,30426097.0
2025-05-20,165.649418169,163.210909039,167.709709556,162.135974402,46607656.0
2025-05-21,162.922269182,167.769428147,172.327947255,162.792878902,73415956.0
2025-05-22,171.04399755,170.068593898,175.940922007,169.909344322,74864418.0
2025-05-23,168.262106522,167.679850261,169.162861936,167.102570548,35211439.0
2025-05-27,169.361923905,172.089072892,172.357806551,169.20267433,37995670.0
2025-05-28,172.347853452,171.551605573,174.442980684,171.104412858,34783997.0
2025-05-29,173.183913726,171.053950649,173.601247145,169.829719534,29373803.0
2025-05-30,170.546342626,170.934513467,171.397332547,166.654681116,52639911.0
2025-06-02,167.052805056,168.237223776,169.073284049,166.604915624,38612272.0
2025-06-03,166.704446609,165.400590706,167.68482681,164.504811842,45084903.0
2025-06-04,165.952987673,167.261820124,167.426046249,165.579746479,26900838.0
2025-06-05,169.541079678,167.4210697,170.128312489,166.803977593,36444564.0
2025-06-06,170.028781504,172.865414574,173.68156865,170.028781504,35731832.0
2025-06-09,173.931685512,175.476283384,175.854958991,173.762278003,28935906.0
2025-06-10,175.585900007,177.977535421,180.473804885,174.300395971,61766121.0
2025-06-11,179.143457686,176.731891976,179.741366539,176.133983123,31646757.0
2025-06-12,175.565969712,175.087642629,176.10408768,174.135971037,20941873.0
2025-06-13,171.839004524,174.06123243,176.51265873,171.784196213,27663107.0
2025-06-16,174.121023315,176.153913418,176.323320926,174.041302135,27389208.0
2025-06-17,175.087642629,175.336771318,176.746640394,173.971546102,24973043.0
2025-06-18,175.396562203,172.715937509,175.944645319,172.596355739,28707524.0
2025-06-20,173.338759232,166.059218939,173.732382561,164.883331527,75659917.0
2025-06-23,165.69050848,164.614272543,166.756779269,161.435390472,57670985.0
2025-06-24,166.338243071,166.188765858,167.633712254,165.550996414,40524312.0
2025-06-25,167.045768548,170.085138554,171.759283344,166.966047367,35478989.0
2025-06-26,171.829039377,172.935170756,173.084647969,169.347717634,31796690.0
2025-06-27,172.935170756,177.907779388,178.057256602,171.131479047,108140200.0
2025-06-30,180.149937589,175.615795449,180.598369229,173.971546102,63378856.0
2025-07-01,175.122520645,175.227154695,175.476283384,172.925205608,35904526.0
2025-07-02,174.928200268,178.017396011,178.236629258,174.459838332,29128947.0
2025-07-03,177.877883946,178.904294144,179.04380621,176.432937549,21689729.0
2025-07-07,178.435932209,176.173843713,178.672106206,175.067712334,34175648.0
2025-07-08,177.230149354,173.752312856,177.32980083,172.207714984,40442535.0
2025-07-09,174.639210989,176.004436204,178.814607816,172.167854394,43025594.0
2025-07-10,175.017886596,177.00095096,177.807131398,173.772243151,29252386.0
2025-07-11,176.168861139,179.561993883,180.797672181,175.864924138,34282922.0
2025-07-14,180.379135983,180.927219099,183.029865234,179.053771358,32536632.0
2025-07-15,182.172862544,181.365685592,183.57794835,180.967079689,33448251.0
2025-07-16,182.596381315,182.332304905,183.684575429,181.395581034,33104193.0
2025-07-17,181.505197657,182.940178906,183.418505989,179.850983162,31992565.0
2025-07-18,184.753835762,184.415020745,185.770280813,183.069725824,34014509.0
2025-07-21,185.600873305,189.437455115,189.621810345,185.501221829,45803129.0
2025-07-22,190.8275932,190.673133413,190.977070413,186.806656159,44660215.0
2025-07-23,190.832575774,189.567002033,191.858985972,188.52066154,58681948.0
2025-07-24,196.343302374,191.50024066,197.26009595,190.334318396,74881687.0
2025-07-25,191.310902856,192.506720564,193.652712533,190.593412232,39785863.0
2025-07-28,192.975082499,191.90881171,193.373688401,190.174876035,38139504.0
2025-07-29,191.759334497,195.067763487,195.237170995,191.410554332,41389153.0
2025-07-30,194.918286273,195.845044996,196.911216134,194.006475271,32445405.0
2025-07-31,195.027902896,191.231181676,195.306927028,190.424004724,51329163.0
2025-08-01,188.366201752,188.470835802,190.164910887,187.165401471,34832181.0
2025-08-04,189.626792919,194.36023801,194.589436404,189.45738541,31547350.0
2025-08-05,194.03138814,193.99152755,197.17030997,193.209263467,31602340.0
2025-08-06,193.822120042,195.406578504,195.944696472,192.995012794,21562908.0
2025-08-07,196.373197817,195.835079849,196.8515249,193.652712533,26321811.0
2025-08-08,196.532640178,200.718002153,201.903854713,196.48281444,39161826.0
2025-08-11,200.234692496,200.299465956,200.772810465,198.376192476,25832435.0
2025-08-12,200.663193841,202.631310485,203.787267602,199.890894906,30424452.0
2025-08-13,203.418557142,201.256120121,203.817163044,196.821729109,28342922.0
2025-08-14,200.797723334,202.232704582,203.727476716,200.523681776,25230427.0
2025-08-15,203.13953301,203.189358748,205.720506228,200.578490087,34931422.0
2025-08-18,203.488313175,202.790752846,204.54960139,201.784272942,18526594.0
2025-08-19,202.32239091,200.867479366,202.73096196,199.263090609,24240233.0
2025-08-20,200.030406971,198.625321165,200.578490087,195.909818455,28955498.0
2025-08-21,199.048839937,199.053822511,201.774307794,198.734937789,19774633.0
2025-08-22,202.023436483,205.371726064,207.813187216,200.598420382,42827040.0
2025-08-25,205.710541081,207.763361478,209.786286433,204.564549111,29928878.0
2025-08-26,206.786777017,206.418066557,207.125592034,204.983085309,28464130.0
2025-08-27,204.983085309,206.756881574,208.181897675,204.933259571,23022850.0
2025-08-28,206.527683181,210.902382959,211.480361518,206.178903016,32339307.0
2025-08-29,209.776321285,212.167956699,213.896909801,209.467401711,39728364.0
2025-09-02,207.71353574,210.61339368,210.937260976,205.476360113,47523037.0
2025-09-03,225.421602954,229.856093618,230.50382821,224.006552001,103336125.0
2025-09-04,228.849613715,231.490377818,231.560133851,225.321951479,51684167.0
2025-09-05,231.390726343,234.18096766,234.938318874,231.091771916,46588925.0
2025-09-08,234.859204006,233.432913346,237.512304115,233.063873105,32474743.0
2025-09-09,233.557589103,239.008413199,239.846234286,232.624017034,38060959.0
2025-09-10,238.280306778,238.549606413,241.033147492,237.233030419,35141074.0
2025-09-11,239.257764713,239.74649368,241.621617066,235.63718073,30599328.0
2025-09-12,239.74649368,240.175378284,241.447071006,237.382641328,26771610.0
2025-09-15,244.02536566,250.95733775,251.755162854,244.02536566,58383796.0
2025-09-16,251.426118596,250.508505024,252.38362841,248.82288879,34109720.0
2025-09-17,250.568349388,248.882733153,250.947363689,245.641163471,34107992.0
2025-09-18,251.027156174,251.376248293,253.331164163,249.152032788,31239474.0
2025-09-19,252.593083682,254.059270584,255.335950336,251.156818961,55571424.0
2025-09-22,253.770022828,251.874951321,255.116521003,249.650735816,32290538.0
2025-09-23,252.38362841,251.007208052,253.700204404,249.830268906,26628016.0
2025-09-24,251.007208052,246.498932679,251.695517972,245.80074844,28201003.0
2025-09-25,243.766040086,245.152434504,245.850618743,240.115533921,31020383.0
2025-09-26,246.424127225,245.900489046,248.773018487,245.331967594,18503194.0
2025-09-29,247.207090979,243.416947966,250.497134595,242.140268215,32505777.0
2025-09-30,242.180164457,242.469412213,242.658919364,238.624411867,34724346.0
2025-10-01,240.125507982,244.264743114,245.661111592,237.991059022,31658234.0
2025-10-02,244.514094628,245.052693898,246.169788681,241.671487368,25483298.0
2025-10-03,243.855806631,244.713575839,245.661111592,241.028160462,30249559.0
2025-10-06,244.145054387,249.780398604,250.668089993,243.945573176,28894653.0
2025-10-07,247.626001523,245.122512322,249.790372664,244.883134869,23181285.0
2025-10-08,244.324587477,243.985469418,245.366876806,243.187544573,21307104.0
2025-10-09,243.83585851,240.903484705,244.125106266,238.529658292,27892086.0
2025-10-10,240.8037441,235.956350667,243.456844209,235.228244247,33180323.0
2025-10-13,239.586908711,243.516688572,243.865780692,239.088205683,24995028.0
2025-10-14,240.604262888,244.813316445,246.478984558,239.886130528,22111572.0
2025-10-15,246.603660315,250.378842237,251.456040778,245.351915715,27007690.0
2025-10-16,251.111935688,250.807726841,256.293460149,249.452252011,27997159.0
2025-10-17,250.109542602,252.642953984,253.560567556,247.167194737,29671629.0
2025-10-20,254.029348402,255.884523666,256.66250039,253.570541616,22350155.0
2025-10-21,254.079218705,249.810320785,254.218855553,243.516688572,47312098.0
2025-10-22,253.710178464,251.037130234,255.695016516,248.6433557,35029370.0
2025-10-23,252.323784046,252.423524652,254.378440522,251.196715203,19901425.0
2025-10-24,255.914445848,259.245782075,261.001216734,254.652727187,28655126.0
2025-10-27,264.128084719,268.571528699,269.439271967,263.594472479,35235231.0
2025-10-28,268.990439242,266.776197798,270.02774154,265.808713924,29738564.0
2025-10-29,267.055471494,273.857780795,274.621793834,266.975679009,43580277.0
2025-10-30,290.833631869,280.749856642,290.833631869,279.333540043,74875990.0
2025-10-31,282.475369119,280.460608886,285.258132016,276.311399693,39267945.0
2025-11-03,281.443053851,282.984046208,284.789351169,279.074214468,29785996.0
2025-11-04,276.032125998,276.820076782,280.540401371,275.54339703,30078369.0
2025-11-05,278.146626836,283.572515781,285.672055529,276.620595571,31010302.0
2025-11-06,284.589869958,284.011374446,287.602036247,280.410738583,37173648.0
2025-11-07,282.470382089,278.106730594,283.043890571,274.47617255,34479588.0
2025-11-10,283.682230447,289.347496845,290.045681084,282.121289969,29557309.0
2025-11-11,286.998605583,290.554358173,291.157788837,286.574708009,19842136.0
2025-11-12,290.918411383,285.966290315,291.247555382,282.954124026,24829923.0
2025-11-13,281.607625851,277.847405019,282.106328879,276.520854965,29494040.0
2025-11-14,270.700990628,275.693007938,277.837430959,269.997819359,31647227.0
2025-11-17,285.033715653,284.280674081,293.187510161,282.834435299,52670192.0
2025-11-18,287.168164613,283.542593599,288.050868972,277.478364779,49158743.0
2025-11-19,286.41512304,292.050467257,303.021933873,285.886497831,68198944.0
2025-11-20,303.750040294,288.699182909,305.625163679,287.921206185,62025218.0
2025-11-21,295.646116089,298.88269874,303.131648539,293.082782525,74137697.0
2025-11-24,310.322946203,317.75362132,318.65128677,308.791927907,85165123.0
2025-11-25,325.363829527,322.601014752,327.977033394,316.826033688,88632074.0
2025-11-26,319.848174038,319.120067617,323.658265172,315.96826448,51373361.0
2025-11-28,322.526209298,319.34947101,326.002169403,315.96826448,26018568.0
2025-12-01,316.875903991,314.073192973,319.020327011,313.075786917,41182956.0
2025-12-02,315.918394177,314.990806545,317.554140109,313.095735038,35854744.0
2025-12-03,315.070599029,318.800897679,320.745839488,313.285242189,41838317.0
2025-12-04,321.389166394,316.796111506,321.523816212,313.883685823,31240924.0
2025-12-05,318.661260831,320.436643611,322.321741056,318.337103863,28851705.0
2025-12-08,319.428604682,313.110894737,319.817847474,310.617644941,33909433.0
2025-12-09,311.763515839,316.464371106,317.372604289,311.289438079,30194027.0
2025-12-10,315.216798052,319.588294033,320.68615832,314.069030843,33428923.0
2025-12-11,319.458546435,311.823399346,320.496527216,308.000835509,42353697.0
2025-12-12,313.090933569,308.689495835,314.258661947,304.966737843,35940170.0
2025-12-15,310.710564182,307.621573301,310.815360319,304.288058101,29151889.0
2025-12-16,304.3529319,305.97477687,310.166622331,302.002504267,30585020.0
2025-12-17,307.411981028,296.143901206,307.491825703,295.545066141,43930358.0
2025-12-18,301.134193421,301.872756669,303.369844334,298.649826345,33518048.0
2025-12-19,301.144174006,306.563631351,306.653456611,300.385649589,59943239.0
2025-12-22,309.273360024,309.178544472,309.527864927,304.707242647,26429937.0
2025-12-23,309.023845413,313.739671557,314.328526038,308.719437588,25478670.0
2025-12-24,314.158856103,313.480176361,314.46825422,311.31438954,10097361.0
2025-12-26,313.869419154,312.901302464,314.473244512,311.668700287,10899017.0
2025-12-29,310.760467104,312.951205387,313.41031227,310.016913564,19621777.0
2025-12-30,311.893263437,313.240642335,316.334623508,311.853341099,17380888.0
2025-12-31,312.2375936,312.392292659,313.969224998,310.835321487,16377689.0
2026-01-02,316.284720586,314.538118311,321.873847867,309.727476616,32009385.0
2026-01-05,317.038254711,315.925419547,318.395614193,314.019127921,30195597.0
2026-01-06,315.785691365,313.729690972,320.316876696,311.174661358,31212101.0
2026-01-07,313.749652141,321.354857477,325.516761184,313.579982206,35104425.0
2026-01-08,328.326295701,324.808139689,329.678265668,320.875789424,31896101.0
2026-01-09,326.45493612,327.932062616,330.187674697,325.167440729,26214166.0
2026-01-12,325.167440729,331.215674893,333.391442299,324.368993975,33923928.0
2026-01-13,334.299675482,335.317695094,339.828919257,332.972257753,33517607.0
2026-01-14,334.409461911,335.187947497,335.866627238,329.838354242,28525571.0
2026-01-15,336.994433278,332.133888661,337.034355616,330.097849437,28442406.0
2026-01-16,333.760723923,329.35928619,334.000257949,327.063751771,40341637.0
2026-01-20,320.247012605,321.374818646,327.093693524,319.80786689,35361045.0
2026-01-21,320.296915527,327.742431512,331.834371322,318.731760277,35386603.0
2026-01-22,333.800646261,329.898237749,334.499287171,328.111713136,26253640.0
2026-01-23,331.83946142,327.293305212,333.04102398,326.81423716,27279974.0
2026-01-26,327.168547907,332.612956714,335.187947497,326.365110861,26042120.0
2026-01-27,334.713869736,333.900452105,337.253928474,332.832529571,21636164.0
2026-01-28,335.407520354,335.357617432,336.879656558,331.295519569,27434434.0
2026-01-29,339.639288152,337.593268344,341.625424454,325.906003977,39785612.0
2026-01-30,339.33987062,337.343753734,339.33987062,331.639849732,31023954.0
2026-02-02,335.567209705,343.022706274,344.160492899,334.978355224,32006052.0
2026-02-03,346.665619591,339.050433671,348.322396607,336.819274022,36506709.0
2026-02-04,342.294123611,332.393383856,342.643444066,327.882159694,70618398.0
2026-02-05,311.613807073,330.606859243,332.044063401,305.864990441,88205849.0
2026-02-06,326.54476138,322.233148906,329.738548398,319.298857084,56380484.0
2026-02-09,320.306896111,323.690314233,327.063751771,316.644021626,39640055.0
2026-02-10,320.346818449,317.96145877,321.045459359,313.999166752,39170012.0
2026-02-11,318.350701563,310.356253435,320.436643709,309.058777459,45406405.0
2026-02-12,311.484059475,308.400058887,315.626002014,306.603553689,47761288.0
2026-02-13,307.127534372,305.126427193,308.030777263,303.120329723,38499701.0
2026-02-17,299.457455237,301.433610954,303.843922094,295.674813738,39247556.0
2026-02-18,301.503475045,302.741067515,304.787087323,300.665105953,28482075.0
2026-02-19,301.233999266,302.261999462,304.876912583,299.457455237,25834395.0
2026-02-20,303.729145373,314.368448376,315.885497209,303.309960827,53210820.0
2026-02-23,318.425555946,310.88522441,318.894643415,309.26337944,31422974.0
2026-02-24,309.912117428,310.296369928,311.663709995,305.336019466,25615646.0
2026-02-25,311.454117722,312.292486814,313.031050062,308.839204601,29963621.0
2026-02-26,312.032991619,306.783204209,312.532020841,301.757979948,36431231.0
2026-02-27,303.544504561,311.154700189,311.763515839,303.210154983,44640640.0
2026-03-02,302.636271378,305.924873948,307.891049081,300.715008875,34790203.0
2026-03-03,298.010270495,302.990582125,303.349883165,296.133920622,35496961.0
2026-03-04,302.3019218,302.541455826,304.876912583,300.166076732,29536190.0
2026-03-05,302.446640274,300.295824329,302.711125761,297.411435429,35752321.0
2026-03-06,295.515124387,297.940406404,299.946503874,294.606891204,25576916.0
2026-03-09,293.995300323,305.980432827,306.419887685,293.715647231,29312149.0
2026-03-10,305.790668229,306.659590335,309.126530109,305.191811108,23239684.0
2026-03-11,306.369949633,308.317533665,311.034163699,305.540977968,24125714.0
2026-03-12,306.439862906,303.173914299,308.557236315,300.657036473,24928347.0
2026-03-13,306.629627504,301.905487775,307.308785012,300.067767458,23693092.0
2026-03-16,303.972923132,305.181423993,306.108873497,302.644670822,23519709.0
2026-03-17,305.481052306,310.534783178,311.034163699,305.121498331,21955171.0
2026-03-18,308.886827459,307.308785012,312.082862793,306.551724143,20009815.0
2026-03-19,303.628350573,306.749478829,307.678326598,301.975401048,25075831.0
2026-03-20,305.081547889,300.627073642,305.620878852,297.900455997,44364079.0
2026-03-23,301.735698398,301.685760346,305.600903631,300.557160369,29326946.0
2026-03-24,298.829303766,290.080157038,299.548411716,289.970293323,36864278.0
2026-03-25,293.076440164,290.569549949,295.633268432,288.881643788,29460669.0
2026-03-26,287.553291602,280.571951918,287.593242043,278.154950197,39080578.0
2026-03-27,276.93146792,274.000104262,279.023872303,273.610587455,35890612.0
2026-03-30,276.077527229,273.161144987,276.746697127,271.772867138,35141244.0
2026-03-31,277.695520117,287.203725237,287.723080979,276.746697127,43875400.0
2026-04-01,290.47466765,297.02154628,300.147668341,290.050194207,37684462.0
2026-04-02,290.329847298,295.403553392,297.710691399,289.091383606,21666465.0
2026-04-06,295.503429496,299.618324989,300.247544446,294.814284377,16945494.0
2026-04-07,302.349936439,305.081547889,305.251337266,297.351137424,23205361.0
2026-04-08,320.047982103,316.926853847,321.680956407,314.62970345,33547140.0
2026-04-09,315.513606973,318.095404266,319.14410336,310.674609724,23739173.0
2026-04-10,319.618514855,316.846952964,321.431266146,315.928092805,19152630.0
2026-04-13,316.742083054,320.911910405,321.231513938,315.079145919,18866424.0
2026-04-14,324.382605025,332.497538492,332.877067688,323.348887347,27721351.0
2026-04-15,332.477563271,336.702322479,337.061876454,330.490028797,24918842.0
2026-04-16,338.330302977,335.603685332,339.458902954,334.105543769,20541487.0
2026-04-17,337.231665831,341.25667283,341.895879897,335.823412762,25581881.0
2026-04-20,340.332818866,337.001950791,340.977019738,336.192954347,18784226.0
2026-04-21,337.266622467,331.878306646,338.919571992,330.939471266,23123795.0
2026-04-22,336.602446374,338.899596771,339.398977292,334.754738447,20293014.0
2026-04-23,340.757292309,338.470129523,341.536325922,335.763487099,18650256.0
2026-04-24,338.305333951,343.973302864,344.842224971,334.974465876,26426061.0
2026-04-27,345.551345311,349.905943454,352.742424813,342.305371924,28576887.0
2026-04-28,348.118161189,349.34663727,351.983366421,345.691171857,27824052.0
2026-04-29,347.134381562,349.506439037,355.349191133,343.783538266,35376328.0
2026-04-30,373.60654298,384.323248961,385.361960445,365.366764384,72039993.0
2026-05-01,381.157176458,385.212146288,386.280820603,378.58037297,30105226.0
2026-05-04,385.152220626,382.775169346,386.900052449,379.319456141,26298574.0
2026-05-05,385.751477251,387.948751544,392.333212642,383.544215348,23878626.0
2026-05-06,393.756547003,397.546845157,399.354502767,392.273386855,31308476.0
2026-05-07,399.424515916,397.496907105,399.604292904,392.193485972,24433490.0
2026-05-08,396.508133674,400.303425633,401.501938884,395.868926607,21461849.0
2026-05-11,393.157290378,388.158491362,396.947588532,387.988701985,30753738.0
2026-05-12,386.860102008,386.870089618,388.038640037,382.295764046,26017488.0
2026-05-13,385.117263989,402.12117073,403.199832655,384.52300117,28144555.0
2026-05-14,396.787786765,400.573091114,402.430786653,395.349570865,21136716.0
2026-05-15,395.82398236,396.288406244,399.044886844,392.692866493,20309702.0
2026-05-18,395.194762903,396.448208011,408.103749371,394.0411939,26837196.0
2026-05-19,396.468183232,387.179705541,396.65794783,385.631625926,39545672.0
2026-05-20,387.219655983,388.428156844,393.371924126,382.425602981,31744404.0
2026-05-21,385.222133899,387.179705541,392.013708985,382.545454306,24852843.0
2026-05-22,386.865095813,382.495516254,388.258367467,381.298601022,20442123.0
2026-05-26,384.033608259,388.398194012,388.777623332,382.125974669,27747388.0
2026-05-27,386.185938304,388.34825596,393.391999222,385.421886107,23087287.0
2026-05-28,387.519284296,389.646645315,391.384489528,384.682802936,24357455.0
2026-05-29,384.76270382,379.868774714,384.76270382,377.991103955,44415846.0
2026-06-01,376.053507533,375.903693377,378.090980059,373.057224407,28672120.0
2026-06-02,366.135810386,361.401683047,373.077199628,357.995907894,50412300.0
2026-06-03,361.581460035,358.545226467,365.99598384,357.636353919,55441583.0
2026-06-04,358.455337973,371.728872221,372.78745905,357.766192854,44055520.0
2026-06-05,365.886120126,368.073406808,371.619008507,363.669569745,37471206.0
2026-06-08,364.945417862,363.076619102,365.964762641,360.299304323,27942464.0
2026-06-09,366.854190928,364.026008846,371.840985482,357.070479769,29535072.0
2026-06-10,362.956696186,356.151070753,368.31824985,354.971828755,32357132.0
2026-06-11,355.696363034,357.540177854,358.569516208,346.137507341,35538165.0
2026-06-12,362.38706234,359.448950919,366.334524962,354.711995772,24731019.0
2026-06-15,367.693651334,369.112739163,372.750400921,366.31453781,27727493.0
2026-06-16,369.362578569,373.010233904,375.758467376,366.824210199,24876095.0
2026-06-17,368.887883697,363.556310762,372.090824888,361.787447764,24543644.0
2026-06-18,365.515051709,367.793587096,369.242655654,358.439599717,44470070.0
2026-06-22,357.715065438,349.455374659,358.689439123,341.502386736,52814764.0
2026-06-23,340.471149601,345.907655087,349.065625185,339.981464365,34007652.0
2026-06-24,348.81078899,345.068194681,353.248936207,341.710353058,44997277.0
2026-06-25,336.513693402,343.489209632,345.348014816,335.624265115,44564576.0
2026-06-26,342.329954786,337.173269436,346.137507341,329.987888105,114706326.0
2026-06-29,341.605420507,353.422824434,354.122374773,340.451162449,34213932.0
2026-06-30,353.637686324,357.140434803,358.389631836,350.17491215,35237231.0
2026-07-01,358.139792429,360.977968087,362.736837509,356.201038635,26736445.0
2026-07-02,359.249079394,359.678803173,363.971044177,353.19297218,25999346.0
2026-07-06,361.31774968,366.224595623,367.693651334,357.150928058,26915808.0
2026-07-07,368.832919027,366.79422947,372.920291718,365.265212303,24045581.0
2026-07-08,364.525687659,361.687512001,367.603709147,357.79001726,22094769.0
2026-07-09,354.082400468,358.659458395,359.41897019,350.854475336,24729093.0
2026-07-10,357.295335235,356.950556854,357.590145735,352.523402571,18146146.0
2026-07-13,355.961192804,352.283556741,357.899946599,351.524044945,15901732.0
2026-07-14,350.969401463,359.279060123,359.92864258,350.864468912,18259355.0
2026-07-15,357.740049379,370.681730635,373.409976954,357.530184277,28284564.0
2026-07-16,372.820355955,354.232304111,375.028936309,352.073791575,41158466.0
2026-07-17,345.777738596,346.547243968,348.296119813,341.140719211,29959283.0
2026-07-20,350.65460381,351.763890775,359.448950919,350.294835065,24736644.0
2026-07-21,351.094321166,346.926999865,351.094321166,346.777096222,23369833.0
2026-07-22,347.93135428,341.870250278,349.715207642,341.510481532,39334140.0
2026-07-23,320.923714437,317.485924203,324.28155606,314.697716427,69419700.0
2026-07-24,318.21545527,319.534607337,323.971755196,317.116161882,31806553.0
2026-07-27,324.831202755,326.350226346,330.207746782,324.241581755,28471593.0
2026-07-28,327.689365565,333.495633372,335.66423942,324.231588179,29511940.0
2026-07-29,334.450019905,336.49370625,342.279986905,331.406975934,27501632.0
2026-07-30,333.980321821,333.445665491,336.293834725,330.127798172,30168000.0
2026-07-31,340.611059669,355.901231347,358.349657531,339.78159284,46498023.0
2026-08-03,365.210247633,373.270066887,376.451222082,363.116593407,38669652.0
2026-08-04,367.983465045,377.407407458,380.275563845,367.263927555,35705703.0
2026-08-05,383.09375235,362.197184391,384.233020044,356.540820228,46926339.0
2026-08-06,360.538250732,357.520190701,363.891994989,356.650749566,25235895.0
2026-08-07,356.490852346,354.072406891,358.669451971,353.552740926,19859905.0
2026-08-10,354.946844814,357.290338447,357.380280633,352.483428266,18991368.0
2026-08-11,355.661385517,343.579151818,356.580794533,343.169415192,29081802.0
2026-08-12,346.08753946,343.319318836,346.257430256,340.66102755,25011987.0
2026-08-13,345.547886342,346.137507341,347.706498814,343.539177513,17866072.0
2026-08-14,346.577224696,345.677802833,350.224880031,344.278702157,17808598.0
2026-08-17,346.042568366,343.779023344,347.026935628,341.710353058,18291309.0
2026-08-18,342.18504793,343.978894869,344.648364542,339.971470788,19248828.0
2026-08-19,342.235015811,344.498560834,346.507269662,340.441168873,19733808.0
2026-08-20,342.839627175,340.451162449,343.679087581,338.347614582,18570357.0
2026-08-21,342.354938726,344.598496597,345.977610121,340.18133589,20849776.0
2026-08-24,343.394270657,347.836415305,351.374141301,342.269993328,26338229.0
2026-08-25,349.415400354,346.737121916,349.93506632,345.377995545,20649680.0
2026-08-26,346.397340324,341.780308092,346.657173306,339.961477212,20420257.0
2026-08-27,339.451804823,340.431175296,341.470507227,338.302543553,23391389.0
2026-08-28,340.486139966,346.367359595,348.915721541,340.051419399,25347206.0
2026-08-31,343.604135759,339.132010383,344.368644343,336.939419751,33493632.0
2026-09-01,335.784162336,334.804791862,336.983391487,332.836057339,23342665.0
2026-09-02,333.845408541,336.903442877,339.78159284,332.606205085,22582286.0
2026-09-03,340.34123311,342.259999752,344.458586529,339.841554297,20726904.0
2026-09-04,342.465,338.46,343.53,337.09,23189321.0
2026-09-08,335.42,338.36,339.68,333.22,22915839.0
2026-09-09,331.65,330.65,331.85,327.9,33151627.0
2026-09-10,328.225,332.6,333.23,327.74,23557551.0
2026-09-11,335.03,338.5,342.98,335.03,24708293.0
