time_key,open,close,high,low,volume
2018-01-02,101.99915106,101.83410389,102.20380955,101.365369927,4399768.0
2018-01-03,103.874086911,104.633303893,105.50475295,103.207296344,9884754.0
2018-01-04,105.399122762,106.752509556,107.164467292,105.214269931,7910939.0
2018-01-05,107.241049179,107.274058613,107.544735972,106.357056536,5439653.0
2018-01-08,107.386290688,107.921043519,108.208225595,106.753169744,5483372.0
2018-01-09,108.204924652,108.158711444,108.62084352,107.65036616,4545614.0
2018-01-10,107.551337858,108.389777482,108.488805784,107.2806605,4370037.0
2018-01-11,108.799094464,108.402981256,108.891520879,107.808811444,3972564.0
2018-01-12,108.284147293,107.703181255,108.759483143,107.6305605,5268082.0
2018-01-16,108.997151068,108.171915218,109.122586917,107.841820878,8160054.0
2018-01-17,110.918300126,111.340820882,111.654410505,110.423158616,12259701.0
2018-01-18,112.2320756,111.651109561,112.978088808,111.010726542,14928678.0
2018-01-19,108.574630312,107.194835971,109.195207672,106.488434084,22166324.0
2018-01-22,106.627073706,107.346679368,108.257739746,106.362998234,8878883.0
2018-01-23,107.491920877,109.75636805,109.762969936,107.287262386,7816696.0
2018-01-24,110.08646239,109.175402011,111.387034089,108.812298237,5909979.0
2018-01-25,109.531903898,109.241420879,110.10626805,109.056568049,3457540.0
2018-01-26,109.670543521,110.475973711,110.524827673,109.452681257,3965717.0
2018-01-29,110.548594466,110.119471824,111.169171825,109.597922766,3682082.0
2018-01-30,109.729960502,108.020071821,110.099666163,107.713084085,5132456.0
2018-01-31,108.10589635,108.072886916,108.924530313,107.452969745,4264008.0
2018-02-01,107.736190689,107.214641632,108.356768048,106.884547292,4642385.0
2018-02-02,106.752509556,104.98980578,106.95056616,104.881534836,5498463.0
2018-02-05,104.237190685,100.69857936,104.63990578,99.028302,9157164.0
2018-02-06,99.219756717,102.553709551,102.652737853,98.440734074,10330866.0
2018-02-07,101.781288795,101.570028418,102.553709551,101.19372087,6437850.0
2018-02-08,101.65669816,98.396590251,102.110046499,98.336588265,7097305.0
2018-02-09,99.069945872,99.67663262,100.363322016,96.267186434,8195749.0
2018-02-12,100.60332996,100.936674327,101.603363061,100.20331672,6157448.0
2018-02-13,100.60332996,100.50332665,100.789336117,99.763302155,5120594.0
2018-02-14,100.129980959,103.176748473,103.33675377,100.0033101,5736218.0
2018-02-15,103.670098137,104.010109391,104.576794815,102.470058415,5887551.0
2018-02-16,103.810102771,104.123446476,105.197482026,103.796768996,4483947.0
2018-02-20,103.863437869,103.443423967,103.976774954,102.5833955,4700346.0
2018-02-21,103.623429925,102.643397486,104.530126603,102.603396162,3903590.0
2018-02-22,103.003409403,102.123380274,103.363421319,101.863371667,4213542.0
2018-02-23,102.870071656,103.683431911,103.906772637,102.716733247,3408914.0
2018-02-26,103.876771644,105.723499437,105.923506057,103.676765024,3779759.0
2018-02-27,105.643496789,104.370121307,106.523525918,104.356787533,4436181.0
2018-02-28,105.003475605,103.890105419,105.430156394,103.870104757,3982048.0
2018-03-01,103.690098799,102.543394176,104.65279733,101.863371667,4228945.0
2018-03-02,101.863371667,102.996742515,103.176748473,101.256684919,3414218.0
2018-03-05,102.750067684,104.636796801,104.996808717,102.503392852,3842929.0
2018-03-06,104.856804083,103.816769658,105.263484211,103.441423901,3858744.0
2018-03-07,103.33675377,105.550160366,105.890171621,103.156747811,4823961.0
2018-03-08,106.003508706,104.143447138,106.383521284,103.383421981,6758638.0
2018-03-09,104.983474942,106.210182213,106.392188237,104.870137858,5257981.0
2018-03-12,106.430189495,106.84353651,107.350219948,105.91683917,5301177.0
2018-03-13,106.730199426,106.2168491,108.078244046,105.876837846,4382061.0
2018-03-14,106.783534524,105.41682262,107.123545779,105.163480901,3802302.0
2018-03-15,105.810168973,106.410188833,107.503558357,105.683498113,4052280.0
2018-03-16,106.710198764,106.84353651,107.990241133,106.430189495,9697445.0
2018-03-19,106.476857707,104.903472294,106.596861679,104.303452434,5739307.0
2018-03-20,105.016809379,104.13678025,105.29015176,103.530093502,4540304.0
2018-03-21,104.383455082,104.46345773,105.470157718,103.950107405,3645637.0
2018-03-22,103.33675377,101.396689554,103.503425953,101.336687568,4969142.0
2018-03-23,101.503359751,99.263285605,101.723367033,99.030611237,4649338.0
2018-03-26,100.810003468,102.250051133,102.4413908,100.189982945,4296541.0
2018-03-27,102.636730599,101.276685581,103.250084234,100.776669031,4066047.0
2018-03-28,101.383355779,101.683365709,102.576728613,101.263351807,3836852.0
2018-03-29,102.050044513,102.290052457,102.596729275,100.723333932,3580491.0
2018-04-02,102.230050471,100.049978311,102.25671802,98.956608787,5392196.0
2018-04-03,100.536661087,99.903306789,100.669998834,98.869939252,4329825.0
2018-04-04,98.596596871,102.750067684,102.98340874,98.303253828,5030819.0
2018-04-05,102.963408078,102.690065698,103.283418671,102.230050471,3334910.0
2018-04-06,102.310053119,100.383322678,102.636730599,99.696633282,3845325.0
2018-04-09,101.203349821,101.796702794,103.1100796,101.165348563,4620332.0
2018-04-10,103.356754432,103.596762376,104.406789188,103.170081586,4141644.0
2018-04-11,102.916739867,103.576761714,103.856770982,102.590062387,3461747.0
2018-04-12,104.503459054,105.383488183,105.990174931,104.450123955,5904159.0
2018-04-13,105.783501423,104.476791505,106.150180227,103.943440517,4247496.0
2018-04-16,105.330153084,105.263484211,106.096845128,105.116812689,4383281.0
2018-04-17,105.883504733,107.276884187,108.003574908,105.676831226,10686675.0
2018-04-18,101.43002399,99.196616731,101.75670147,98.843271702,21338411.0
2018-04-19,99.463292225,98.469926011,99.474625933,97.749902179,8465615.0
2018-04-20,98.603263758,96.603197556,98.649931969,96.34318895,8653632.0
2018-04-23,96.689867092,97.243218741,97.309887614,96.223184978,5565140.0
2018-04-24,97.676566418,97.043212121,98.203250518,96.356522725,5147255.0
2018-04-25,97.196550529,97.296553839,97.603230657,96.077180145,7670279.0
2018-04-26,97.736568404,97.816571052,98.243251842,97.46989291,4466049.0
2018-04-27,97.8965737,97.656565756,98.169916081,97.109880994,3355947.0
2018-04-30,97.909907475,96.64319888,98.256585616,96.64319888,4622798.0
2018-05-01,96.436525373,96.66986643,96.683200204,95.649832666,4641496.0
2018-05-02,96.309854513,94.969810158,96.549862457,94.716468439,5438766.0
2018-05-03,94.756469763,94.66313334,94.823138636,93.269753886,5254164.0
2018-05-04,94.069780367,95.943175709,96.236518752,93.523095605,4608807.0
2018-05-07,96.003177696,95.483160483,96.21651809,95.096681024,3828669.0
2018-05-08,95.336488962,95.336488962,95.67450015,94.709801552,5621145.0
2018-05-09,95.653310976,96.131914575,96.408291302,95.235375438,4392911.0
2018-05-10,96.495922947,97.230680586,97.291348648,96.401550406,3901534.0
2018-05-11,97.143048941,97.163271628,97.641875228,96.785781465,3217421.0
2018-05-14,97.385721189,97.271125961,97.823879414,97.163271628,3367023.0
2018-05-15,96.731854299,96.893635797,97.062158192,96.340882344,4281353.0
2018-05-16,96.866672214,97.493575521,97.761526128,96.576813696,3317395.0
2018-05-17,97.405943876,97.405943876,97.871065684,96.913858485,3295410.0
2018-05-18,97.385721189,97.122826254,97.70254329,97.062158192,2808147.0
2018-05-21,97.709284186,98.073292557,98.444041825,97.52728,3030575.0
2018-05-22,98.093515245,97.803656726,98.554592515,97.742988665,2391231.0
2018-05-23,97.304830439,97.520539104,97.540761791,96.718372507,3622147.0
2018-05-24,97.331794023,97.116085358,97.392462084,96.361105032,3558236.0
2018-05-25,97.00149013,96.82622684,97.453130146,96.704890716,5144970.0
2018-05-29,96.077987409,95.194930063,96.320659657,94.514099591,4750634.0
2018-05-30,95.653310976,96.138655471,96.462218468,95.59938381,5358793.0
2018-05-31,96.266732491,95.255598125,96.266732491,95.080334835,7150868.0
2018-06-01,96.010578452,95.687015455,96.286955178,95.464565894,4038602.0
2018-06-04,95.922946807,96.421773094,96.509404739,95.842056057,3177731.0
2018-06-05,96.428513989,96.866672214,97.122826254,96.421773094,2969139.0
2018-06-06,97.298089544,97.547502687,97.554243583,96.758817882,3371292.0
2018-06-07,97.742988665,97.985660912,98.888940945,97.695802394,4519099.0
2018-06-08,97.742988665,98.511450782,98.70693676,97.318312231,5455047.0
2018-06-11,98.835013779,98.808050196,99.367544545,98.511450782,3413009.0
2018-06-12,99.158576776,99.003536173,99.441694399,98.835013779,2764460.0
2018-06-13,98.949609007,98.653009593,99.40798992,98.551896157,3107506.0
2018-06-14,98.855236467,97.87780658,99.077686027,97.803656726,3482481.0
2018-06-15,97.675579707,98.0058836,98.059810766,96.866672214,9543955.0
2018-06-18,97.190235211,97.392462084,97.419425668,96.489182051,4487609.0
2018-06-19,96.47570026,97.00149013,97.217198794,96.361105032,3650695.0
2018-06-20,97.217198794,96.145396367,97.419425668,95.99709666,3486223.0
2018-06-21,96.118432784,95.215152751,96.489182051,94.932035128,4070136.0
2018-06-22,95.478047686,95.235375438,95.592642914,94.89833065,6295960.0
2018-06-25,94.64217661,93.556892391,94.64217661,93.213106707,9356591.0
2018-06-26,93.94112345,93.752378369,94.271359934,93.246811186,4333761.0
2018-06-27,93.772601056,92.673835045,94.224241073,92.653612358,4294367.0
2018-06-28,93.091770583,94.399504363,94.736549151,92.987286699,4736006.0
2018-06-29,94.588249444,94.170313906,95.288628515,94.109645844,3929881.0
2018-07-02,93.213106707,94.278168239,94.520840486,93.159179541,3565502.0
2018-07-03,94.810699005,94.082682261,95.006184982,93.946381349,2055386.0
2018-07-05,94.696103776,95.336488875,95.336488875,94.325354509,3920507.0
2018-07-06,95.403897832,96.04428293,96.354364136,95.161225585,3047041.0
2018-07-09,96.118432784,97.331794023,97.554243583,96.037542035,4087936.0
2018-07-10,97.412684772,97.547502687,98.140701515,97.24079193,3954282.0
2018-07-11,97.068899088,97.70254329,98.545155261,97.068899088,3692101.0
2018-07-12,98.315964805,98.720418551,98.97657259,98.241814951,3265934.0
2018-07-13,98.720418551,98.349669284,99.077618618,98.282260326,3211632.0
2018-07-16,98.194628681,98.05306987,98.27551943,97.210457899,3631643.0
2018-07-17,97.57446627,96.725113403,97.742988665,96.623999967,5335982.0
2018-07-18,96.738595195,97.419425668,97.608170749,96.216243182,7260830.0
2018-07-19,99.664143959,100.601128471,101.477444921,99.259690213,15343747.0
2018-07-20,100.15622935,98.653009593,100.344974432,98.592341532,6717137.0
2018-07-23,98.653009593,98.214851368,98.888940945,97.753100008,4080859.0
2018-07-24,98.888940945,98.673232281,99.118131402,98.363151075,4074297.0
2018-07-25,98.423819137,98.835013779,98.855236467,98.080033453,3793254.0
2018-07-26,99.381026337,98.895681841,100.621351158,98.841754675,5002302.0
2018-07-27,99.017017965,97.844102101,99.185540359,97.513798208,3925650.0
2018-07-30,97.608170749,98.073292557,98.57885974,97.534020896,3777655.0
2018-07-31,98.241814951,97.695802394,98.282260326,97.17607933,5731449.0
2018-08-01,97.581207166,96.731854299,97.871065684,96.623999967,3547436.0
2018-08-02,96.30043697,96.367845927,96.637481758,95.943169494,4021764.0
2018-08-03,96.556591009,99.563030522,99.711330229,96.394809511,8431601.0
2018-08-06,99.05746334,98.437300929,99.225985734,98.127219723,4097454.0
2018-08-07,98.855236467,99.097908714,99.522585148,98.653009593,3673459.0
2018-08-08,99.313617379,99.017017965,99.381026337,98.57885974,3749873.0
2018-08-09,99.160106307,98.642263383,99.439468937,98.615008492,3238713.0
2018-08-10,98.45829287,98.444665425,98.846675063,98.035842063,3144126.0
2018-08-13,98.219812576,97.238636508,98.322018416,97.1159895,2993036.0
2018-08-14,97.436234467,97.681528483,97.994959727,97.388538408,2994291.0
2018-08-15,97.129616945,98.056283231,98.117606736,96.754862198,4440591.0
2018-08-16,98.369714475,99.030645576,99.262312147,98.369714475,5497354.0
2018-08-17,98.655890828,99.52123361,99.746086458,98.587753601,2804563.0
2018-08-20,99.732459013,99.827851131,100.270743106,99.582557114,2616987.0
2018-08-21,100.161723543,99.459910105,100.243488215,99.405400324,3252712.0
2018-08-22,99.487164996,98.962508349,99.589370837,98.928439736,2501098.0
2018-08-23,98.826233895,99.051086744,99.153292584,98.628635937,2324838.0
2018-08-24,99.112410248,99.507606164,99.539562524,98.71040061,2907156.0
2018-08-27,100.120841206,99.950498139,100.584174349,99.834664853,3655459.0
2018-08-28,100.127654929,99.882360912,100.15490982,99.609812005,2570581.0
2018-08-29,100.073145148,100.529664568,100.795399753,99.889174635,3301886.0
2018-08-30,100.182164711,99.432655215,100.366135223,98.969322072,3497165.0
2018-08-31,99.289567038,99.807409963,100.011821643,99.166988167,3652225.0
2018-09-04,99.466723828,99.262312147,99.609812005,98.669518273,3482282.0
2018-09-05,98.928439736,99.930056971,99.991380475,98.833047618,3273299.0
2018-09-06,100.07995887,99.746086458,100.61142924,99.16692003,4448271.0
2018-09-07,99.439468937,99.105596526,99.823149662,98.880743677,4913422.0
2018-09-10,99.889174635,99.241870979,100.366135223,99.180547475,3788134.0
2018-09-11,99.480351274,99.814223685,100.15490982,98.969322072,3533185.0
2018-09-12,99.732459013,99.868733467,100.829468366,99.500792442,4718222.0
2018-09-13,100.400203837,101.490399467,101.524468081,100.242057333,5597506.0
2018-09-14,101.42226224,101.06794866,101.728879761,100.693193912,3614187.0
2018-09-17,101.14289961,100.802213475,101.572164139,100.68638019,3718607.0
2018-09-18,100.679566467,101.224664282,101.514247496,100.481968509,3799969.0
2018-09-19,101.272360341,101.565350417,102.178517322,100.999811433,4445707.0
2018-09-20,101.919663997,102.989418459,103.146134081,101.824271879,6231620.0
2018-09-21,103.214271308,103.125692913,103.977408249,102.710055829,20884231.0
2018-09-24,102.955349845,102.226281518,103.023487072,101.837899324,4465182.0
2018-09-25,102.144516845,101.463144576,102.48520298,101.088389828,4603873.0
2018-09-26,103.841133795,103.302849703,104.488437451,103.11887919,7749305.0
2018-09-27,103.57539861,103.227898753,103.833502426,102.996232182,3640883.0
2018-09-28,102.996232182,103.030300795,103.313070287,102.744124442,3460972.0
2018-10-01,103.370986929,104.249957157,104.536133509,103.370986929,3933792.0
2018-10-02,104.243143434,104.760986358,104.822309862,103.909271022,3172359.0
2018-10-03,104.931329426,104.399859056,105.176623442,104.113682703,3470918.0
2018-10-04,103.357359484,103.098438022,104.113682703,102.451134366,4437081.0
2018-10-05,102.819075392,101.544909249,103.425496711,100.754517417,4818281.0
2018-10-08,101.183781946,101.108830996,101.572164139,100.284370551,3391401.0
2018-10-09,100.897605593,100.325252887,101.088389828,100.114027484,3813474.0
2018-10-10,100.502409677,97.225009063,100.631870408,97.095548332,5808105.0
2018-10-11,97.177313004,94.724372836,98.247067467,94.560843491,9119361.0
2018-10-12,96.155254601,95.971284088,96.441430954,94.765255172,6871489.0
2018-10-15,95.651039122,96.162068323,96.932018987,95.487509777,5198615.0
2018-10-16,97.388538408,98.880743677,99.105596526,96.468685845,9103655.0
2018-10-17,92.591677634,91.337952659,93.450206693,90.908211169,20377600.0
2018-10-18,90.438541264,88.953149717,90.895060684,88.60564986,10481626.0
2018-10-19,89.021286944,87.965159927,89.866188558,87.188395541,8157375.0
2018-10-22,88.292218617,88.592022415,88.876767886,87.488199339,5987992.0
2018-10-23,87.910650146,89.402855415,89.873002281,87.495013062,6766980.0
2018-10-24,89.375600524,86.677366339,89.729914104,86.534278163,5978362.0
2018-10-25,86.70462123,86.159523415,87.072562255,85.266925742,10788012.0
2018-10-26,85.314621801,85.028445448,85.703003994,84.292563397,9178553.0
2018-10-29,81.314966582,81.519378263,84.456092742,80.606339422,21410392.0
2018-10-30,82.091730969,78.630359842,82.786730683,78.460016775,22465860.0
2018-10-31,79.373055615,78.65080101,79.379869338,77.73776217,22660993.0
2018-11-01,78.698497069,79.604722187,79.720555473,78.432761884,14266368.0
2018-11-02,80.06805533,78.814330355,80.231584674,78.043289495,11089901.0
2018-11-05,79.10732043,81.805554616,82.289328927,79.039183204,9573845.0
2018-11-06,82.241632868,83.890553759,84.360700624,81.975897683,10047893.0
2018-11-07,84.347073179,85.062514061,85.212415961,83.352269666,12963908.0
2018-11-08,84.64158329,85.138419585,85.845031205,84.620881778,10884447.0
2018-11-09,85.29713118,85.248827651,85.959579573,84.158548003,7288693.0
2018-11-12,85.221225635,83.427094569,85.269529163,83.254581966,5631608.0
2018-11-13,83.627209187,83.385691544,84.359007647,82.737044159,4276106.0
2018-11-14,83.572005155,82.944059282,84.137846491,82.647337605,4985816.0
2018-11-15,82.57143206,83.79972179,83.79972179,82.467924499,5452435.0
2018-11-16,83.420194064,83.889428343,84.082642458,83.179021446,4267657.0
2018-11-19,83.930831368,83.019964827,84.310359093,82.647337605,4325158.0
2018-11-20,81.76407308,80.873908052,82.45412349,80.52577762,6526390.0
2018-11-21,81.15682872,81.819277113,82.467924499,81.005017629,5586306.0
2018-11-23,81.488052916,80.867007547,81.659323428,80.673793433,2444322.0
2018-11-26,81.681267031,82.502427019,82.978561802,81.467351404,5246352.0
2018-11-27,81.688167535,82.826750712,82.833651216,81.681267031,5133954.0
2018-11-28,83.503000114,84.87620043,84.938304966,82.95786029,5344126.0
2018-11-29,84.4897722,83.827323806,84.959558519,83.772119774,5444206.0
2018-11-30,83.95153288,85.75256445,86.042385622,83.827323806,7591979.0
2018-12-03,86.718635024,86.470216877,87.353481401,85.814668987,6117387.0
2018-12-04,85.90437554,83.910129856,86.201097217,83.723816245,6282369.0
2018-12-06,82.612835085,85.504146303,85.504146303,82.323703963,7263721.0
2018-12-07,85.497245799,82.350615929,85.60075336,82.026292236,7349116.0
2018-12-10,82.626636093,83.585806163,83.966851999,81.784774593,6856939.0
2018-12-11,85.048713032,83.420194064,85.435141262,82.8060492,5279803.0
2018-12-12,84.538075729,83.606507675,84.79339438,83.49609961,3727933.0
2018-12-13,83.675512716,83.309785999,84.041239433,82.923357769,4181056.0
2018-12-14,82.461023995,82.737044159,83.572005155,82.41962097,4767978.0
2018-12-17,82.164302318,80.114852601,82.654238109,79.404100678,7720633.0
2018-12-18,80.666892929,80.494380326,81.584659974,80.059648568,6585447.0
2018-12-19,80.839405531,80.342569236,82.99236281,80.025146047,7307455.0
2018-12-20,79.838832437,77.989497338,80.356370244,77.078630797,8851197.0
2018-12-21,77.630671125,76.554192485,79.549011264,76.20916728,10873993.0
2018-12-24,75.836540059,74.228722603,76.59559551,74.180419075,4000751.0
2018-12-26,74.52544428,76.864715169,76.864715169,73.103940435,6957747.0
2018-12-27,75.898644595,78.513935649,78.513935649,75.539749377,6329369.0
2018-12-28,78.81755783,77.996397842,79.217787068,77.630671125,5357749.0
2018-12-31,78.203412965,78.438030104,78.907264383,77.575536097,5216645.0
2019-01-02,77.292546424,79.500707736,80.032046551,77.071730292,4438946.0
2019-01-03,79.031473457,77.913591793,79.2729911,77.761780702,4550691.0
2019-01-04,79.293692613,80.956714101,81.07402267,78.96936892,4687940.0
2019-01-07,81.080923175,81.529455941,81.99869022,80.508181334,3927285.0
2019-01-08,82.57143206,82.68874063,83.199377933,82.102197781,4987241.0
2019-01-09,83.433995073,83.282183982,83.772119774,82.716342646,3804227.0
2019-01-10,82.861253232,84.041239433,84.089542962,82.771546679,4093505.0
2019-01-11,83.896328847,83.813522798,83.920480612,82.944059282,3897098.0
2019-01-14,83.157974909,83.075168859,83.257894208,82.640920136,5474353.0
2019-01-15,83.468497593,83.999836409,84.137846491,83.371890536,3672371.0
2019-01-16,83.896328847,83.923930864,84.18615002,83.37879104,4021401.0
2019-01-17,83.192477429,84.317259597,84.468035612,83.185576925,5265973.0
2019-01-18,85.06251404,85.442041766,86.061362009,84.676085811,6290548.0
2019-01-22,85.083215553,84.544976233,85.428240758,83.868726831,10524242.0
2019-01-23,90.651922361,91.700798984,93.15680535,89.920468927,23099334.0
2019-01-24,91.521385878,91.452380837,91.918440884,90.693325386,6619726.0
2019-01-25,91.686997976,92.446053427,92.77037712,91.383375796,5976456.0
2019-01-28,91.845709571,92.65306855,93.02224552,91.486883357,5609228.0
2019-01-29,92.666869558,92.694471575,93.443107265,92.190734776,5273571.0
2019-01-30,92.46675494,92.728974095,93.177506862,91.949217132,4712192.0
2019-01-31,92.777277624,92.756576112,92.960831033,92.287341833,5113287.0
2019-02-01,93.136103837,92.535759981,93.294815431,92.018222173,3984702.0
2019-02-04,92.480555948,93.287914927,93.294815431,91.769804025,4152789.0
2019-02-05,93.350019464,93.536333075,93.722646686,93.101601317,5652331.0
2019-02-06,93.30861644,94.067671891,94.295388526,93.274113919,5108721.0
2019-02-07,93.229963571,92.978651052,93.872206675,92.231694399,4585009.0
2019-02-08,92.385274272,93.341658024,93.341658024,92.280560722,3402632.0
2019-02-11,93.746550415,93.537123316,94.346908099,93.48127609,3240351.0
2019-02-12,94.346908099,94.975189396,95.079902945,94.144461903,3472868.0
2019-02-13,95.582527983,96.001382181,96.280618313,95.226501915,4452679.0
2019-02-14,95.757050566,95.275368238,96.058555779,95.086883849,2920794.0
2019-02-15,96.043267601,96.357408249,96.465612251,95.907139987,4024502.0
2019-02-19,96.203828377,96.82512877,96.82512877,95.889687728,3544598.0
2019-02-20,96.86701419,96.33646554,97.202097549,95.792164509,3980443.0
2019-02-21,96.21080928,96.224771087,96.580797155,95.882706825,3075351.0
2019-02-22,96.84607148,97.209078452,97.299830195,96.636644381,3259854.0
2019-02-25,97.7326462,97.355677421,98.060748655,97.257944775,3344094.0
2019-02-26,97.502276391,97.537180907,98.074710461,97.362658325,3204035.0
2019-02-27,97.209078452,97.153231226,97.432467358,96.616190335,2649771.0
2019-02-28,96.873995094,96.427217282,97.072950838,96.141000247,3620096.0
2019-03-01,97.250963872,97.174173935,97.760569813,96.783243351,3172274.0
2019-03-04,97.725665296,96.636644381,97.788493426,95.757050566,3567151.0
2019-03-05,96.594758962,96.2526947,96.853052384,96.025815343,4450175.0
2019-03-06,96.420236379,95.624413403,96.608162296,95.442909917,2898197.0
2019-03-07,95.366119981,94.493507068,95.561585273,93.986902916,4563404.0
2019-03-08,93.690703189,94.305022679,94.409736229,93.250906281,3950860.0
2019-03-11,94.961227589,96.134019344,96.14798115,94.828590427,4124437.0
2019-03-12,96.699472511,96.531930832,97.519728649,96.238732893,4140284.0
2019-03-13,96.371370056,96.727396124,97.261435227,96.23175199,3322128.0
2019-03-14,96.692491608,96.8879569,96.99267045,96.378350959,2867348.0
2019-03-15,97.292849292,97.334734711,97.963016008,97.195116645,7489481.0
2019-03-18,97.613970843,97.879245169,97.98744917,96.839090577,3421933.0
2019-03-19,98.402812916,98.074710461,98.921075177,97.73404238,3645796.0
2019-03-20,98.102634074,97.453410068,98.22130943,97.020594063,3820760.0
2019-03-21,97.104364903,98.737896275,99.212597699,96.95078503,3774658.0
2019-03-22,98.40979382,97.348696518,98.737896275,96.964746837,4059631.0
2019-03-25,97.076441289,97.160212129,97.66981807,96.580797155,2973064.0
2019-03-26,97.683779876,97.886226072,98.444698336,97.327753808,2673579.0
2019-03-27,98.018863235,97.202097549,98.074710461,96.615701672,3243664.0
2019-03-28,97.66981807,97.676798973,98.039805945,97.104364903,2788926.0
2019-03-29,98.081691365,98.500545563,98.584316402,97.837359749,3247036.0
2019-04-01,98.786762598,100.036344289,100.113134225,98.786762598,4171270.0
2019-04-02,100.071248805,99.82691719,100.490103003,99.547681058,2517806.0
2019-04-03,100.280675904,100.266714097,100.678587392,99.833898093,2807521.0
2019-04-04,100.259733194,99.673337317,100.622740166,99.505795638,2901554.0
2019-04-05,100.029363385,100.022382482,100.175962355,99.449948411,2860224.0
2019-04-08,99.840878996,100.099172418,100.120115128,99.736165447,2217657.0
2019-04-09,99.589566477,99.205616796,99.792012673,99.017132407,3181085.0
2019-04-10,99.268444925,99.840878996,100.172471903,99.114865053,2804029.0
2019-04-11,100.385389454,100.371427647,100.601797456,99.847859899,3080081.0
2019-04-12,100.706511005,100.769339135,100.832167265,100.31558042,3034973.0
2019-04-15,100.804243652,100.455198487,100.845919644,100.015401579,3772290.0
2019-04-16,100.804243652,101.320830496,101.495353078,100.538969326,6597471.0
2019-04-17,95.896668632,97.111345806,99.114865053,95.121788365,13113649.0
2019-04-18,97.03455587,97.963016008,98.074710461,96.82512877,5192838.0
2019-04-22,97.327753808,96.957765933,98.123576784,96.671548898,4705296.0
2019-04-23,97.139269419,98.039805945,98.374889303,96.992600641,4671697.0
2019-04-24,98.151500398,97.697741683,98.647144532,97.579066327,2905119.0
2019-04-25,97.5232191,96.776262447,97.556867054,96.134019344,3046713.0
2019-04-26,97.271906582,97.341715615,97.655856263,96.901918707,2428727.0
2019-04-29,97.139269419,97.069460386,97.474352777,96.901918707,3097197.0
2019-04-30,97.111345806,97.921130589,98.039805945,96.811166964,4856574.0
2019-05-01,98.116595881,98.123576784,98.996189697,97.851321556,3197022.0
2019-05-02,98.081691365,97.446429164,98.626201822,97.320772905,3707583.0
2019-05-03,97.5232191,97.907168782,98.43073653,97.474352777,2701140.0
2019-05-06,96.545892639,97.997920525,98.214328527,96.266656507,2924789.0
2019-05-07,97.139269419,96.085153021,97.390581938,95.072922042,4948645.0
2019-05-08,96.175904764,96.33646554,96.82512877,95.729126952,3998168.0
2019-05-09,95.283955388,95.60182758,95.774750052,93.970083663,4389758.0
2019-05-10,95.276891562,95.587699927,95.891444466,93.539190248,4164398.0
2019-05-13,94.146679325,92.8328076,94.351530293,92.507871582,5190750.0
2019-05-14,93.115360659,94.167870804,94.881317279,93.016467088,3434354.0
2019-05-15,93.659275298,94.937827891,95.072040594,93.503871115,2670753.0
2019-05-16,95.177997991,95.98327421,96.145742219,95.107359726,3159112.0
2019-05-17,95.135615032,94.881317279,95.651274365,94.612891873,2742077.0
2019-05-20,94.323274987,95.446423397,95.665402018,93.900010504,3417891.0
2019-05-21,96.152806045,96.385912319,96.816805734,95.919699771,2621018.0
2019-05-22,96.068040128,96.315274054,96.597827114,95.864319372,1936651.0
2019-05-23,95.453487224,93.517998768,95.453487224,92.140552605,5594257.0
2019-05-24,94.323274987,93.440296677,94.82833858,92.95289265,2717982.0
2019-05-28,93.33433928,92.154680258,93.69459443,92.020467554,5139555.0
2019-05-29,91.82974424,91.610765619,92.027531381,90.643021391,3851669.0
2019-05-30,91.646084751,91.525999701,91.80855276,91.073914806,2870583.0
2019-05-31,90.727787309,89.703532469,90.727787309,89.604638898,3705479.0
2019-06-03,89.78123456,90.607702258,90.812553226,89.752979254,4467376.0
2019-06-04,91.518935874,93.729913563,93.765232695,91.183404117,4097236.0
2019-06-05,94.21731759,92.882254385,94.379785599,92.161744084,3309988.0
2019-06-06,93.376722239,93.397913718,93.701658257,92.465488623,2406127.0
2019-06-07,93.57450938,94.167870804,95.163870338,93.390849892,2673254.0
2019-06-10,94.923700238,95.177997991,95.610728001,94.591700393,3047984.0
2019-06-11,95.587699927,96.032720995,96.392976146,95.396976612,3567285.0
2019-06-12,95.757231762,95.269827735,96.025657169,94.944891717,2360578.0
2019-06-13,95.453487224,95.898508292,96.258763442,95.425231918,3094146.0
2019-06-14,95.672465845,95.467614877,95.98327421,94.95901937,2296323.0
2019-06-17,95.637146712,95.326338347,96.089231607,95.149742685,2297121.0
2019-06-18,95.502934009,96.336465534,96.908635479,95.502934009,3051513.0
2019-06-19,96.371784666,96.830933387,97.735103177,96.237571963,2494355.0
2019-06-20,98.137741286,98.081230674,98.568634701,97.622081953,3215170.0
2019-06-21,97.791613789,98.328464601,98.568634701,97.756294656,5537013.0
2019-06-24,98.328464601,98.434421998,98.999528117,98.222507204,2288754.0
2019-06-25,98.51212409,97.735103177,98.575698528,97.572635168,2932741.0
2019-06-26,98.095358327,97.8481244,98.667528272,97.768515076,2391804.0
2019-06-27,97.98940093,97.8481244,98.399102866,97.445486291,2250736.0
2019-06-28,97.883443533,97.410167159,98.286081642,97.3677842,6442909.0
2019-07-01,98.61101766,98.808804802,99.946080865,98.384975213,3546178.0
2019-07-02,98.716975058,99.048974902,99.197315258,98.519187916,2523221.0
2019-07-03,99.402166226,99.981399997,100.179187139,99.197315258,2020972.0
2019-07-05,99.508123623,99.868378774,99.946080865,98.829996281,2235305.0
2019-07-08,99.6352725,99.296208829,99.801272422,99.084294034,2507931.0
2019-07-09,99.324464135,98.420294345,99.592889541,98.279017816,3523190.0
2019-07-10,98.89357072,99.225570564,100.242761577,98.745230363,2631934.0
2019-07-11,99.451613011,99.769485203,100.009655303,99.105485514,2233465.0
2019-07-12,100.249825404,100.829059175,100.956208052,100.066165915,2917063.0
2019-07-15,100.935016572,101.238761111,101.372973814,100.391101933,2479477.0
2019-07-16,101.132803714,101.387101467,101.747356617,101.026846316,3637789.0
2019-07-17,101.443612079,101.062165449,101.577824782,100.271016883,6348921.0
2019-07-18,100.65952734,105.69603562,106.17637582,100.447612545,13291308.0
2019-07-19,105.929141894,105.731354752,107.073481783,105.639525008,7632902.0
2019-07-22,106.070418423,105.773737711,107.327779537,105.745482405,4285375.0
2019-07-23,106.360035309,106.225822606,106.465992706,104.81305731,3917863.0
2019-07-24,106.042163117,105.978588679,106.981652039,105.388759168,3091022.0
2019-07-25,105.830248323,106.232886432,106.395354441,104.975525319,3247726.0
2019-07-26,106.663779848,106.918077601,106.953396733,106.028035464,3040830.0
2019-07-29,106.741481939,106.57901393,107.002843519,106.183439647,2172953.0
2019-07-30,105.9573972,105.79492919,106.239950259,105.406418734,2756306.0
2019-07-31,105.745482405,104.714163739,106.084546076,103.40735584,3897660.0
2019-08-01,105.180376287,106.183439647,107.949396267,104.897823228,6641793.0
2019-08-02,105.272206031,104.014844918,108.041226011,102.842249722,8482014.0
2019-08-05,102.411356307,99.430421532,102.496122224,98.293145469,7448843.0
2019-08-06,100.327527495,99.409230053,100.63833586,98.406166692,5308666.0
2019-08-07,98.003528583,98.264890163,98.596890007,96.358716587,6210325.0
2019-08-08,98.951007764,100.130272212,100.358978044,98.457860813,5508416.0
2019-08-09,99.53706646,97.29289048,99.565654689,96.735420014,5490775.0
2019-08-12,96.956978789,95.877773142,97.107066991,95.184508588,3088659.0
2019-08-13,95.627626138,97.049890533,97.607360999,94.917065706,4764801.0
2019-08-14,95.706243768,93.805126537,95.8849202,93.612155991,5354217.0
2019-08-15,93.783685365,94.283979373,94.60559695,93.090420811,3914451.0
2019-08-16,95.084449787,95.599037909,96.192243662,95.022913624,3153375.0
2019-08-19,96.399508322,96.513861239,97.435831625,96.399508322,3314021.0
2019-08-20,96.656802384,95.055861558,96.685390613,94.92006747,3160642.0
2019-08-21,96.45668478,95.949243715,97.157096392,95.627626138,2938523.0
2019-08-22,96.263714234,95.999273116,96.971272903,95.634773196,2821512.0
2019-08-23,95.506126165,92.604420917,95.956390772,92.07553868,5044951.0
2019-08-26,93.662185392,92.904597322,93.840861823,92.31139157,2969998.0
2019-08-27,93.769391251,93.747950079,94.123956761,93.133303155,4950342.0
2019-08-28,93.226214899,94.884332183,94.977243928,92.940332609,2848055.0
2019-08-29,95.899214314,96.399508322,96.97841996,95.799155513,3112387.0
2019-08-30,96.899802331,96.864067044,97.250008136,96.02979105,3099564.0
2019-09-03,96.378067151,95.842037856,96.414731554,95.291785918,2960999.0
2019-09-04,96.992714075,97.428684568,97.507302198,96.592478868,2368263.0
2019-09-05,98.843801905,100.752066194,101.270227845,98.665125474,5248220.0
2019-09-06,101.145154343,100.466183903,101.148727872,100.387566273,2698173.0
2019-09-09,100.480478018,101.917036527,102.217212932,100.387566273,4425356.0
2019-09-10,102.202918818,103.668065556,103.961094903,102.174330588,5213490.0
2019-09-11,103.525124411,102.631742253,103.718094957,101.992152099,4051376.0
2019-09-12,102.939065715,102.646036368,102.946212773,101.402448404,2623036.0
2019-09-13,103.146330376,102.681771654,103.382183265,102.388742306,2310190.0
2019-09-16,101.888448298,101.83127184,102.660330482,101.681183638,2019023.0
2019-09-17,101.83127184,101.631154237,101.83127184,100.530507419,3078520.0
2019-09-18,101.523948378,101.645448351,101.702624809,100.42330156,2088811.0
2019-09-19,101.816977725,102.181477646,103.653771441,101.809830668,3331459.0
2019-09-20,102.381595249,101.402448404,102.79612457,101.359566061,5462808.0
2019-09-23,100.909301453,101.538242492,101.645448351,100.457607435,1936902.0
2019-09-24,101.845565955,101.259507259,102.124301188,100.823536766,3466597.0
2019-09-25,101.302389603,102.317271734,102.653183425,100.672590917,2665723.0
2019-09-26,102.324418791,102.596006967,102.831859856,101.066536713,2423186.0
2019-09-27,103.210653891,102.374448192,103.696653785,101.759801267,2467723.0
2019-09-30,102.724653997,103.932506674,104.754418259,102.724653997,4192396.0
2019-10-01,104.054006648,102.674624597,105.311888726,102.58885991,3113300.0
2019-10-02,101.624007179,101.266654316,101.678253344,100.466183903,3504397.0
2019-10-03,101.216624916,101.502507206,101.538242492,99.472742944,3310129.0
2019-10-04,101.531095435,102.19577176,102.245801161,100.794948537,2564461.0
2019-10-07,101.67403658,100.973624969,101.9885071,100.930742625,2605623.0
2019-10-08,100.230331014,98.900978363,100.398215389,98.808066619,3501054.0
2019-10-09,99.894419323,99.82294875,100.294654529,99.194007711,2757087.0
2019-10-10,99.894419323,100.86641911,101.330977832,99.74433112,2770928.0
2019-10-11,102.038536501,102.031389443,103.274977407,101.924183584,3160365.0
2019-10-14,101.709771867,101.516801321,101.795536554,101.002213198,2434773.0
2019-10-15,101.874154184,102.202918818,102.71750694,101.352419004,3190025.0
2019-10-16,101.838418897,101.566830721,102.167183531,101.052599952,6193388.0
2019-10-17,96.48527301,95.956390772,97.199978736,94.991538042,16573908.0
2019-10-18,95.927802543,95.834890799,96.120773089,94.519832263,7515332.0
2019-10-21,94.777126324,94.755685153,95.12733213,93.554979533,6672130.0
2019-10-22,94.734243981,95.741979054,95.80630257,94.062420598,4392753.0
2019-10-23,95.427508535,96.042155459,96.174376019,94.84144984,3797612.0
2019-10-24,96.363773036,95.820596684,96.53530241,95.270273275,2742259.0
2019-10-25,95.856331971,96.799743529,97.149949335,95.842037856,2700115.0
2019-10-28,97.199978736,97.178537564,97.650243343,96.803317058,3377566.0
2019-10-29,96.785449414,95.641920253,96.892655273,95.370332077,4356022.0
2019-10-30,95.64906731,96.663949441,96.685390613,95.198802703,2358744.0
2019-10-31,96.563890639,95.577596737,96.663949441,95.220243874,3572283.0
2019-11-01,96.127920147,96.864067044,96.885508216,95.834890799,3234823.0
2019-11-04,97.37150811,98.393537298,98.443566699,97.364361052,3491952.0
2019-11-05,98.486449042,98.550772558,99.172566539,98.364949069,3156483.0
2019-11-06,98.629390188,99.186860654,99.186860654,98.307772611,4687455.0
2019-11-07,99.700295088,99.570128605,100.61507621,99.49058242,4265137.0
2019-11-08,99.49058242,99.512276834,99.512276834,98.463713493,2385559.0
2019-11-11,99.21578651,97.964741972,99.21578651,97.62486282,2689332.0
2019-11-12,98.254000824,98.051519627,98.825287059,97.639325762,3189540.0
2019-11-13,97.906890201,97.248826311,98.044288156,96.789627882,3204603.0
2019-11-14,96.995724815,96.901715688,97.140354241,96.417207109,4430096.0
2019-11-15,97.183743069,97.19097454,97.711640475,96.923410101,3415805.0
2019-11-18,97.118659827,97.125891298,97.248826311,96.344892396,3361590.0
2019-11-19,97.538085164,97.277752196,97.89965873,97.234363368,3135659.0
2019-11-20,96.945104515,96.323197982,97.235375774,95.997781773,4334486.0
2019-11-21,96.467827408,96.786012146,97.0246507,96.164105613,3502373.0
2019-11-22,97.039113643,97.147585712,97.371761323,96.605225363,3452595.0
2019-11-25,97.24159484,98.326315538,98.348009952,97.154817184,2711752.0
2019-11-26,98.456482021,97.689946061,98.456482021,97.458538979,3971396.0
2019-11-27,97.877964316,96.735391847,98.138297283,96.626919777,3436922.0
2019-11-29,96.612456835,97.227131897,97.277752196,96.200262969,1910932.0
2019-12-02,97.227131897,96.113485314,97.263289254,95.802532047,3211834.0
2019-12-03,95.455421424,95.542199079,95.773606162,94.507375533,3885268.0
2019-12-04,96.077327957,95.448189952,96.670308605,95.426495538,3696507.0
2019-12-05,96.171337084,95.390338182,96.352123867,95.185253655,3767495.0
2019-12-06,95.997781773,96.337660925,96.822169503,95.961624416,3599373.0
2019-12-09,96.431670052,96.843863917,97.328372495,96.36658681,3118625.0
2019-12-10,96.843863917,96.836632446,97.509159278,96.583530949,3643754.0
2019-12-11,96.981261872,96.728160376,97.270520725,96.663077134,4138879.0
2019-12-12,96.684771548,97.856269902,98.102429185,96.655845663,5050633.0
2019-12-13,97.444076037,97.053576585,97.986436386,96.908947159,2653961.0
2019-12-16,97.581473992,96.995724815,97.950279029,96.793243618,3192460.0
2019-12-17,97.104196884,97.060808057,97.400687209,96.511216236,3044027.0
2019-12-18,97.29944661,97.198206012,97.62486282,97.010477016,3247977.0
2019-12-19,97.234363368,97.306678081,97.425997358,97.039113643,4048220.0
2019-12-20,98.159991697,98.051519627,98.651731747,97.588705463,7445912.0
2019-12-23,98.188917582,98.022593742,98.456482021,97.62486282,2934748.0
2019-12-24,98.06598257,97.610399877,98.073214041,97.342835438,1258512.0
2019-12-26,97.610399877,97.559779578,97.845784268,97.371761323,2230721.0
2019-12-27,97.62486282,97.820112545,98.167223169,97.530853692,2881918.0
2019-12-30,97.769492246,96.0411706,97.841806959,95.81699499,4312279.0
2019-12-31,95.838689403,96.930641573,96.988493343,95.744680276,3955351.0
2020-01-02,97.62486282,97.928584615,98.290158181,97.458611294,3296639.0
2020-01-03,96.590762421,97.147585712,97.523622221,96.583530949,2485096.0
2020-01-06,96.482290351,96.974030401,97.075270999,96.323197982,2540195.0
2020-01-07,96.677540077,97.039113643,97.595936934,96.467827408,3429741.0
2020-01-08,97.270520725,97.84903843,98.246769353,96.843863917,4550147.0
2020-01-09,98.159991697,98.883138829,98.919296186,97.84903843,3908049.0
2020-01-10,99.071157084,98.846981473,99.700295088,98.572185562,3408460.0
2020-01-13,97.971973443,98.781898231,98.810824116,97.675483119,3697343.0
2020-01-14,98.550491148,98.217843468,99.171674535,98.022593742,3856359.0
2020-01-15,98.348009952,98.796361173,99.834077308,98.138297283,4235868.0
2020-01-16,99.302564166,99.779841273,99.931702171,99.078388555,4523734.0
2020-01-17,98.738509403,100.018479826,100.032942769,98.463713493,5887295.0
2020-01-21,99.65690626,100.64038636,100.770552844,99.505045363,7584116.0
2020-01-22,103.641446958,104.053640823,105.427620374,103.084623666,17243553.0
2020-01-23,104.277816434,103.316030748,104.429460387,102.795364813,5923366.0
2020-01-24,103.692067257,101.645560873,104.075335237,101.57324616,5842123.0
2020-01-27,100.155877782,100.242655437,101.290495632,99.866618929,4362140.0
2020-01-28,100.879024914,100.91518227,101.580477632,100.336664565,3613573.0
2020-01-29,100.64038636,99.570128605,100.936876684,99.501429627,3198102.0
2020-01-30,98.897601772,98.904833243,99.04946267,97.603168406,5295324.0
2020-01-31,103.337725162,103.937937282,104.169344364,101.811884714,19886164.0
2020-02-03,104.313973791,105.774730997,106.5051096,104.060872294,9304681.0
2020-02-04,106.866683166,107.828468852,108.023718578,106.215850748,5884814.0
2020-02-05,108.623930697,113.049591145,113.852284462,108.580541869,15062140.0
2020-02-06,113.40393324,113.360544412,114.799607205,112.391527255,8794866.0
2020-02-07,112.929432465,112.096436328,113.652823847,111.738394128,6724944.0
2020-02-10,111.774929047,112.841748661,112.849055645,110.759258318,5485763.0
2020-02-11,113.345930533,112.147585213,113.41900037,111.599853718,4015132.0
2020-02-12,112.344873772,113.484763223,113.696665749,112.176813148,4646327.0
2020-02-13,112.797906759,112.754064857,113.134028007,112.096436328,4000040.0
2020-02-14,112.834441677,110.116243756,112.936739448,109.436694275,6385542.0
2020-02-18,109.451308243,110.408523102,110.613118645,109.341703488,3500458.0
2020-02-19,110.730030383,110.233155494,110.985774811,109.831271393,2861577.0
2020-02-20,110.196620576,110.496206906,110.788486252,109.2467127,3015929.0
2020-02-21,110.3646812,109.487843161,110.3646812,108.757144795,3703296.0
2020-02-24,106.323919236,106.996161733,108.179893086,106.228928449,5708344.0
2020-02-25,107.054617602,103.547265445,107.463808687,103.219181879,6503117.0
2020-02-26,104.416796501,102.115096648,105.264406605,102.005491893,5663460.0
2020-02-27,100.281043749,97.263259498,101.34055638,97.190189661,8816412.0
2020-02-28,94.976173612,95.100392334,95.787248798,92.331045527,13623021.0
2020-03-02,95.538811354,98.132790553,98.235088325,93.492855929,8931879.0
2020-03-03,98.264316259,94.187019377,99.44439412,93.383251174,8266709.0
2020-03-04,96.145290998,98.074334684,98.118176586,94.260089214,5230899.0
2020-03-05,95.356136763,94.661973315,96.664086838,93.858205112,5701872.0
2020-03-06,92.579482972,93.332102289,93.770521308,90.986560534,8577848.0
2020-03-09,87.800715658,86.083574498,89.444786982,85.696304364,11262443.0
2020-03-10,89.715145377,91.169235125,91.249611946,84.585642848,11946305.0
2020-03-11,88.421809269,86.200486237,89.569005704,85.041452488,8847729.0
2020-03-12,80.121075831,75.123099008,80.230680586,74.735828874,13099999.0
2020-03-13,79.412298416,78.878888609,79.763033632,73.661702276,13088962.0
2020-03-16,71.608439868,72.397594103,78.484311492,69.41634477,11064020.0
2020-03-17,73.515562603,77.928980733,78.473351016,70.950811338,9692924.0
2020-03-18,72.638724564,75.663815799,78.136864419,72.63141758,9184239.0
2020-03-19,74.772363792,73.318274044,75.76611357,71.780153984,8790653.0
2020-03-20,73.742079096,69.701317132,73.793227982,69.204442243,11041505.0
2020-03-23,69.124065423,69.248284145,71.418458292,66.172044024,10186090.0
2020-03-24,73.062529616,77.074063645,77.48325473,72.529119809,8348240.0
2020-03-25,77.074063645,77.344422041,82.187417741,75.137712975,9060267.0
2020-03-26,78.118962309,82.488538537,82.678520112,77.139826498,7494050.0
2020-03-27,79.33922858,78.937344478,81.472867809,78.656025608,6724535.0
2020-03-30,78.98118638,82.517766472,82.905036606,78.776590838,5825740.0
2020-03-31,81.838216992,81.05636974,83.160781034,80.501038982,6644588.0
2020-04-01,77.717078207,76.825626201,80.31836439,76.373323912,6399888.0
2020-04-02,76.993686825,80.37682026,80.610643737,76.825626201,6625741.0
2020-04-03,79.587666024,77.70246424,80.427969145,76.66487256,4751798.0
2020-04-06,80.632564688,83.898786384,84.49065206,80.471811047,7364378.0
2020-04-07,86.80696588,83.986470188,87.369603622,83.935321302,5857973.0
2020-04-08,84.987526949,87.16500808,87.654575985,84.084529908,5400787.0
2020-04-09,88.034539135,88.779851469,89.817443148,87.805976686,5838590.0
2020-04-13,88.874842256,88.52410704,88.999060978,86.251635122,5360032.0
2020-04-14,90.212020266,90.540834531,91.468821455,89.598233638,5327521.0
2020-04-15,87.040789357,86.72658906,87.819129257,85.316341214,5901957.0
2020-04-16,86.960412537,84.563721897,87.501129328,83.606507037,6760673.0
2020-04-17,87.172315063,87.771487723,87.968776282,86.163951318,5199095.0
2020-04-20,87.062710308,87.98339025,89.776158691,86.324704959,8565786.0
2020-04-21,83.299613724,85.316341214,85.597660085,81.882058893,15022575.0
2020-04-22,87.588813132,87.179622047,87.92493438,85.893592923,7420573.0
2020-04-23,87.369603622,88.670246714,89.897819968,87.040789357,7204638.0
2020-04-24,89.444786982,91.132700207,91.33729575,88.241619052,5221452.0
2020-04-27,91.746486834,92.009538246,92.791385498,91.680723982,5154929.0
2020-04-28,93.551311798,92.265282674,93.675530521,91.614961129,5002430.0
2020-04-29,94.17240541,94.03357272,94.486605707,93.185962615,5504369.0
2020-04-30,92.447957266,91.746486834,92.99598104,91.49804939,6947266.0
2020-05-01,90.014731707,89.050209864,90.21932725,88.699474648,5156739.0
2020-05-04,88.28297658,88.911377174,89.123279701,87.238808615,4206476.0
2020-05-05,90.16087138,89.569005704,90.840420861,89.488628884,4082454.0
2020-05-06,90.051266625,90.00011774,90.643132302,89.444786982,4045992.0
2020-05-07,91.066434693,89.770563326,91.273774112,89.489174115,4621536.0
2020-05-08,90.836880337,91.073839672,91.251559174,89.644678679,5238823.0
2020-05-11,90.200052122,90.777640503,91.414468717,89.355884489,3701221.0
2020-05-12,91.088649631,89.05228034,92.058701911,89.05228034,5009039.0
2020-05-13,88.822725983,85.697824744,88.8523459,85.046186571,6158952.0
2020-05-14,84.838847152,86.601232211,86.704901921,82.795072882,5506247.0
2020-05-15,85.845924329,86.623447149,86.927051298,85.342385741,5011000.0
2020-05-18,88.770891129,90.014927641,90.60732598,88.674626399,4405097.0
2020-05-19,89.740943409,89.074495277,90.466631375,88.963420589,3393255.0
2020-05-20,89.548413949,89.881638015,90.68574471,89.304049634,4021147.0
2020-05-21,89.592843824,88.208112706,90.133407309,88.097038018,4188663.0
2020-05-22,88.393237187,87.667549222,88.46358449,87.075150883,4377016.0
2020-05-26,89.822398181,90.163027226,90.79985544,89.607727833,5726010.0
2020-05-27,91.7773127,92.962109378,93.176853776,91.429278676,5996344.0
2020-05-28,93.946971617,92.214206475,94.02102141,91.984652119,4100211.0
2020-05-29,91.577378261,92.488190707,92.65850523,90.518466229,8302723.0
2020-06-01,92.295661247,92.480785728,93.117613943,91.843957513,3018635.0
2020-06-02,93.058374109,93.302738424,93.302738424,92.310471205,3117845.0
2020-06-03,94.154311036,95.561257092,95.96482846,94.043236348,4101644.0
2020-06-04,94.620824728,95.442777424,95.487207299,94.058046306,4046198.0
2020-06-05,99.141564554,97.790155843,99.397036338,97.560601487,6169575.0
2020-06-08,97.945660407,100.522593183,100.618857913,97.945660407,5622558.0
2020-06-09,98.871282812,97.649461237,98.930522646,97.020038002,5646821.0
2020-06-10,97.856800656,96.168465389,97.91604049,96.116630535,4957088.0
2020-06-11,93.324953361,87.386160011,93.376788216,87.256720974,12315813.0
2020-06-12,89.785373285,90.274101914,91.170104402,88.326592374,6512309.0
2020-06-15,88.259947561,90.081572454,90.612509466,87.593499429,5393039.0
2020-06-16,92.5622405,92.673315188,94.41348531,91.199724319,5872377.0
2020-06-17,93.176853776,91.932817264,93.487862905,91.377443821,3305017.0
2020-06-18,91.081244652,91.940222243,92.117941745,90.585111042,2999862.0
2020-06-19,93.428623071,90.688780752,93.909946721,90.525871209,8472209.0
2020-06-22,90.429606478,89.652083658,90.71099569,89.252214779,4997567.0
2020-06-23,90.348151707,88.422857104,91.007194859,88.289567478,6943939.0
2020-06-24,87.615714367,86.208768312,87.615714367,85.808899433,7067881.0
2020-06-25,86.460537606,88.141467893,88.27475752,85.971808976,6418397.0
2020-06-26,87.571284492,86.778951713,88.111847976,86.090288644,11254717.0
2020-06-29,87.363945073,88.674626399,88.696841336,86.912241339,4354734.0
2020-06-30,88.259947561,89.429934281,89.748348388,88.119252956,4103448.0
2020-07-01,89.059685319,87.77862391,89.766860836,87.652739263,4874306.0
2020-07-02,88.630196523,88.637601502,89.911257932,88.311782416,3922840.0
2020-07-06,89.785373285,89.000445485,90.229672039,88.459882001,4235331.0
2020-07-07,88.119252956,87.067745903,88.496906897,86.882621422,4479130.0
2020-07-08,87.423184907,87.164010634,87.852673703,86.253198187,5436556.0
2020-07-09,87.378755032,85.683014786,87.378755032,85.305360844,4986565.0
2020-07-10,85.527510222,87.637929305,87.800764798,85.372005657,4486875.0
2020-07-13,88.696841336,88.26735254,89.592843824,87.867483661,4868952.0
2020-07-14,87.837863744,89.304049634,89.518794032,87.319515198,4747241.0
2020-07-15,90.636945897,91.081244652,91.792122659,90.451821416,4683381.0
2020-07-16,90.844285316,91.829147555,92.177181579,90.459226395,4534210.0
2020-07-17,92.110536766,92.643695271,93.028754192,91.229344236,4175678.0
2020-07-20,93.354573278,93.576722655,94.095071202,92.665910209,10393672.0
2020-07-21,97.123707711,93.347168299,97.871610615,93.154638839,16086178.0
2020-07-22,93.228688631,95.279867881,95.87226622,93.154638839,8580056.0
2020-07-23,95.598281988,94.287600662,95.798216427,94.154311036,4418229.0
2020-07-24,93.658177427,93.147233859,94.521523957,92.932489462,3696824.0
2020-07-27,92.45857079,93.458242988,93.539697759,92.347496102,3908799.0
2020-07-28,93.169448797,92.1697766,93.554507718,91.932817264,4374299.0
2020-07-29,92.236421413,92.799199835,93.295333444,91.87357743,2966128.0
2020-07-30,91.606998178,91.007194859,91.751099074,90.074167475,4175261.0
2020-07-31,90.866500254,91.036814776,91.073839672,89.666893617,5525384.0
2020-08-03,91.451493614,92.051296932,92.125346724,90.451821416,3692111.0
2020-08-04,91.688452949,93.184258756,93.199068714,91.688452949,3592434.0
2020-08-05,93.843301908,92.895464565,93.858111867,92.273446309,3847923.0
2020-08-06,92.5622405,93.391598174,93.495267884,92.5622405,3577531.0
2020-08-07,92.648906636,93.744189256,93.82671055,92.431350498,3822614.0
2020-08-10,94.089278301,95.357105445,95.45463061,93.912907792,4154566.0
2020-08-11,96.594924845,95.087035758,97.87775586,94.982008657,5235931.0
2020-08-12,95.732202233,95.049526079,95.867237077,94.431366572,3695883.0
2020-08-13,94.494382832,93.796702807,94.81696607,93.601652477,3320116.0
2020-08-14,93.174042139,93.976749265,94.194305402,92.956486002,3102871.0
2020-08-17,93.961745394,93.354088597,94.216811209,93.33158279,3517785.0
2020-08-18,93.774197,93.714181513,94.149293788,93.204049882,3017652.0
2020-08-19,93.646664092,92.903972451,94.149293788,92.648906636,3919689.0
2020-08-20,92.423848563,92.386338884,93.054011167,92.131273068,2681385.0
2020-08-21,92.281311783,92.39384082,92.637053577,91.75617628,3543945.0
2020-08-24,92.866462773,94.284328631,94.56940219,92.543879535,4261900.0
2020-08-25,94.524390576,93.504127312,95.139549308,93.391598276,3117470.0
2020-08-26,93.736687321,93.151536331,93.864220229,92.986493745,3547751.0
2020-08-27,93.474119569,93.511629248,93.849216357,93.008999552,3583313.0
2020-08-28,93.744189256,93.82671055,93.999255072,93.188070759,3245451.0
2020-08-31,93.961745394,92.506369856,93.961745394,92.296315655,5054499.0
2020-09-01,92.161280811,92.573887278,92.986493745,91.636145308,3303747.0
2020-09-02,92.813949222,96.159812571,96.549913231,92.705171154,6901878.0
2020-09-03,96.167314507,93.361590533,97.487655201,92.761435672,5985094.0
2020-09-04,93.286571175,91.748674344,94.036764751,90.953469154,6300734.0
2020-09-08,91.643647244,90.930963346,92.176284683,90.555866558,5454863.0
2020-09-09,91.621141436,91.718666601,92.798945351,90.990978833,3947673.0
2020-09-10,91.921218867,90.443337522,92.706221425,90.203275578,4165570.0
2020-09-11,91.06599819,91.11851174,92.048751775,90.57087043,3714638.0
2020-09-14,91.793685959,91.591133693,92.558883406,91.343569813,3812837.0
2020-09-15,92.138775004,91.853701445,92.573887278,91.70366273,3052061.0
2020-09-16,92.05625371,93.18904601,94.389355732,92.05625371,3967335.0
2020-09-17,91.988736289,93.714181513,94.186803466,91.501110464,3320121.0
2020-09-18,93.219053753,92.093763389,93.714181513,92.011242096,5644650.0
2020-09-21,90.383322036,90.210777514,90.548364623,88.957954242,5560760.0
2020-09-22,90.270793,90.405827843,91.111009805,89.670638139,3096648.0
2020-09-23,90.62338398,89.145502636,91.216036905,88.845425205,4124313.0
2020-09-24,88.597861325,88.590359389,89.659385235,87.382547732,3712616.0
2020-09-25,88.222764537,89.235525865,89.58061491,87.727636777,3092332.0
2020-09-28,90.450839458,91.321064006,91.771180152,90.330808486,3674315.0
2020-09-29,91.081002062,90.728411081,91.663002238,90.18076977,2230572.0
2020-09-30,91.058496254,91.276052391,92.206292426,90.62338398,3414317.0
2020-10-01,91.793685959,90.840940117,92.49886792,90.289547839,3362416.0
2020-10-02,89.303043287,90.450839458,91.336067878,89.1380007,3062538.0
2020-10-05,91.403585299,91.531118207,92.086261454,90.810932374,3194160.0
2020-10-06,91.958728546,91.501110464,93.646664092,91.216036905,4054029.0
2020-10-07,92.026245967,93.076516974,93.316578918,91.763678216,2947830.0
2020-10-08,98.170331355,98.642953308,101.651229548,97.352620357,26475988.0
2020-10-09,99.025552032,95.867237077,99.025552032,95.724700297,8745826.0
2020-10-12,96.077291278,95.432124802,96.212326122,94.854475749,4852687.0
2020-10-13,94.952000914,93.849216357,95.387113188,93.369092468,5659849.0
2020-10-14,93.871722164,94.479378961,95.229572537,93.871722164,3905231.0
2020-10-15,93.08401891,93.691675706,93.935488618,92.911474387,3548394.0
2020-10-16,93.901729907,94.471877025,94.846973813,93.515380216,4935610.0
2020-10-19,95.124545436,94.164297659,95.537151903,93.834212486,7829786.0
2020-10-20,89.873190404,88.050220015,90.135758156,87.652617419,22510333.0
2020-10-21,87.517582576,86.317272854,88.29020694,86.114720589,10213222.0
2020-10-22,86.27226124,86.842408357,87.06746643,84.756870216,8227019.0
2020-10-23,87.397551604,87.022454816,87.487574833,86.669863835,4076116.0
2020-10-26,85.859654773,84.186723098,86.197241882,83.901649539,7541492.0
2020-10-27,84.134209548,82.941401762,84.186723098,82.543799167,6214746.0
2020-10-28,81.516033968,80.00814488,82.318741094,79.460503569,9869839.0
2020-10-29,80.458261026,81.703582362,82.251223672,79.933125522,7077566.0
2020-10-30,80.94588685,83.766614696,83.871641796,80.833357814,8295829.0
2020-11-02,84.509306336,84.704356666,85.391909078,84.209228906,5560818.0
2020-11-03,85.522067664,85.642098636,86.759887064,85.24449604,4401636.0
2020-11-04,84.269244392,83.946661154,85.454550242,83.391517908,6072326.0
2020-11-05,84.99693216,86.099716717,86.489817377,84.779376023,5132315.0
2020-11-06,86.332276726,85.552075407,86.347280597,85.064449582,5495567.0
2020-11-09,89.71513789,87.926619277,91.130731345,87.728740622,9414243.0
2020-11-10,88.809462507,89.737970042,89.935848697,88.474590937,5886688.0
2020-11-11,89.89779511,89.1976091,90.072841612,88.451758785,4490954.0
2020-11-12,88.002726452,87.142715375,88.565919547,86.36642219,6805946.0
2020-11-13,87.667854882,88.931233987,89.326991297,87.530861967,4903356.0
2020-11-16,90.034788025,90.08045233,90.225055962,89.13672336,5541856.0
2020-11-17,89.5020378,89.578144975,90.217445245,89.098669772,4328526.0
2020-11-18,89.59336641,88.870348247,90.47620964,88.855126812,4823072.0
2020-11-19,88.695301745,89.182387665,89.387877037,88.200605107,3601105.0
2020-11-20,89.5020378,88.999730445,89.83690937,88.809462507,5260447.0
2020-11-23,89.372655602,91.397106457,91.720561951,89.250884122,5920570.0
2020-11-24,91.983131705,94.692547135,94.928479377,91.941272758,8123213.0
2020-11-25,93.558550227,94.52511135,94.624050677,92.934471392,4330032.0
2020-11-27,94.52511135,94.639272112,95.372184207,94.304400542,2189346.0
2020-11-30,94.449004175,94.00758256,95.13396875,93.680321707,6269067.0
2020-12-01,94.296789825,93.73359673,95.765658302,93.67271099,5561404.0
2020-12-02,93.497664487,94.844761485,94.85998292,93.162792917,3863980.0
2020-12-03,94.49466848,94.076079017,95.027418705,93.832536057,4761651.0
2020-12-04,94.350064847,96.8083266,96.945319515,94.09891117,5781998.0
2020-12-07,96.267965657,94.905647225,96.633280097,94.806707897,8708970.0
2020-12-08,95.37751171,95.674329692,96.146194177,94.85998292,5648266.0
2020-12-09,95.74282615,96.496287182,97.181251757,95.666718975,6819261.0
2020-12-10,96.161415612,95.10352588,96.602837227,95.088304445,5028632.0
2020-12-11,94.43378274,94.578386372,95.522115342,94.076079017,4691773.0
2020-12-14,95.37751171,94.015193277,96.080361471,93.969528972,5287071.0
2020-12-15,94.669714982,95.841765477,95.841765477,93.94669682,4564240.0
2020-12-16,95.841765477,95.552558212,96.330982398,95.35163527,4742738.0
2020-12-17,95.95592624,95.552558212,95.963536957,95.065472292,3965768.0
2020-12-18,95.583001082,95.780879737,96.1994692,95.111136597,7907375.0
2020-12-21,94.350064847,93.908643232,94.509889915,92.63765341,6402740.0
2020-12-22,93.847757492,94.076079017,94.540332785,93.162792917,4541371.0
2020-12-23,94.28156839,94.296789825,95.293793817,94.175018345,2820340.0
2020-12-24,95.13396875,94.898036507,95.210075925,94.532722067,1843789.0
2020-12-28,95.210075925,94.996975835,96.35168355,94.722990005,3784920.0
2020-12-29,95.400343862,94.22068265,95.49928319,93.79448247,3650687.0
2020-12-30,94.22068265,94.631661395,95.019807987,94.091300452,3539174.0
2020-12-31,94.540332785,95.80371189,95.917872652,94.365286282,3742492.0
2021-01-04,95.780879737,94.327232695,95.832175973,93.64226812,5422270.0
2021-01-05,95.141579467,96.001590545,96.41256929,94.837150767,6401639.0
2021-01-06,96.580005075,98.398966557,100.37014239,96.44301216,8330229.0
2021-01-07,98.96977037,98.170645032,99.289420505,97.615062655,4718958.0
2021-01-08,97.850994897,97.820552027,98.42179871,96.640890815,4896001.0
2021-01-11,97.379130412,97.858605615,98.691979181,97.158419605,5865445.0
2021-01-12,98.246752207,98.338080817,98.825166737,97.371519695,3925201.0
2021-01-13,98.292416512,96.59522651,98.749059562,96.241328146,8038132.0
2021-01-14,97.432405435,98.155423597,99.06109898,97.074701712,7855379.0
2021-01-15,97.63028409,97.714001982,98.36091297,97.166030322,5135770.0
2021-01-19,98.39135584,98.193477185,98.627288082,97.484538849,5651336.0
2021-01-20,98.711005974,99.00021324,99.746063555,97.84338418,5861508.0
2021-01-21,99.03065611,100.195095887,100.64412822,98.977381087,13420967.0
2021-01-22,91.861360225,90.270720267,91.861360225,89.31938058,39850235.0
2021-01-25,90.386707602,90.247888115,90.976994851,89.387877037,14328830.0
2021-01-26,90.704531165,93.223678657,93.299785832,90.126116635,11196717.0
2021-01-27,92.91163924,93.208457222,94.974143682,92.562611735,12716699.0
2021-01-28,93.4596109,91.38949574,93.7640396,91.381885022,8463516.0
2021-01-29,91.496045785,90.651256142,92.318003275,90.491431075,12380584.0
2021-02-01,91.252502825,91.739588745,92.051628162,90.362048877,6543906.0
2021-02-02,90.84152408,90.90240982,92.08968175,90.78063834,6639570.0
2021-02-03,90.59798112,90.65886686,91.17639565,89.89779511,7030585.0
2021-02-04,91.260113542,92.104903185,92.165788925,90.468598922,4776270.0
2021-02-05,92.08968175,92.690928432,92.706149867,91.72436731,4780042.0
2021-02-08,93.322617985,94.076079017,94.355164028,93.1551822,6164381.0
2021-02-09,94.014379808,94.168628175,94.550624256,93.358824247,4938430.0
2021-02-10,94.885883083,94.276602032,95.17895498,93.48515366,5095210.0
2021-02-11,94.091503992,93.25085039,94.249608568,93.034902676,5634166.0
2021-02-12,93.320262156,93.166013788,93.597909216,92.618432085,4052908.0
2021-02-16,92.664706595,92.603007248,93.011765421,92.055425544,6951461.0
2021-02-17,91.986013779,92.525883064,92.980915748,91.79320332,4162535.0
2021-02-18,92.934641238,93.11202686,93.273987645,92.317647769,5652580.0
2021-02-19,93.127451697,91.770066065,93.135164115,91.299608545,6887547.0
2021-02-22,91.392157566,93.212288298,93.416667385,91.345883055,6155220.0
2021-02-23,93.258562809,93.096602023,93.590196798,92.394771952,4744170.0
2021-02-24,93.166013788,95.024706613,95.240654327,92.950066074,6093173.0
2021-02-25,95.148105307,94.453987654,95.903922306,94.349870007,5959004.0
2021-02-26,94.284314451,91.723791555,94.284314451,91.685229463,9475843.0
2021-03-01,92.818954962,93.119739278,94.338301379,92.444825547,5984065.0
2021-03-02,93.119739278,92.803530125,94.014379808,92.749543197,4736669.0
2021-03-03,92.934641238,94.369151052,94.580471316,92.533595483,7751825.0
2021-03-04,94.091503992,92.633856921,95.032419031,91.588824234,8447227.0
2021-03-05,93.042615095,94.731634715,95.441177205,92.741830779,7275463.0
2021-03-08,94.855033409,96.258693551,97.832026896,94.770196807,7578998.0
2021-03-09,96.713726234,95.772811194,97.508105325,95.757386357,5872316.0
2021-03-10,96.443791591,98.618693569,98.904053048,96.104445183,7588019.0
2021-03-11,98.788366773,98.055687029,99.212549783,97.778039968,5388534.0
2021-03-12,98.09424912,98.418170691,98.47215762,97.646928855,4198334.0
2021-03-15,98.541569385,99.166275272,99.297386385,98.364260887,3581875.0
2021-03-16,98.934902722,98.904053048,99.120000762,98.209935396,4871598.0
2021-03-17,99.073726252,99.513334099,99.868105343,98.325621671,4492787.0
2021-03-18,99.443922333,100.30771319,101.028824306,98.556994222,6109595.0
2021-03-19,100.276863516,99.41307266,100.600785087,99.127713181,10307106.0
2021-03-22,99.104575926,100.685621689,100.816732801,98.634118406,4360415.0
2021-03-23,100.600785087,100.616209924,101.464575944,100.107190312,4560846.0
2021-03-24,100.994118424,100.739608618,101.888758953,100.701046526,4193022.0
2021-03-25,100.515948485,102.629151116,102.760262228,100.084053057,5814669.0
2021-03-26,102.79882432,105.181961593,105.259085777,102.667713208,5828934.0
2021-03-29,104.873464859,104.780915838,105.71411846,104.510981196,4839651.0
2021-03-30,104.780915838,103.901700145,105.097124991,103.36183086,5015225.0
2021-03-31,103.762876615,102.775687065,103.893987727,102.351504055,5177448.0
2021-04-01,103.161307983,102.75254981,103.292419095,102.012157647,4265402.0
2021-04-05,103.068758963,104.834902767,105.421046562,102.883660922,5728453.0
2021-04-06,104.564968124,103.516079227,104.611242635,103.415817789,3790932.0
2021-04-07,103.22300733,104.063660931,104.071373349,103.17673282,3115835.0
2021-04-08,103.78601387,104.21019688,104.603453092,103.469804717,4279082.0
2021-04-09,104.017386421,104.6806544,104.688366818,103.893987727,3165858.0
2021-04-12,104.133072696,103.801438707,104.403007339,103.230719748,3930169.0
2021-04-13,102.575164188,101.171504046,103.053334126,100.554510577,8410623.0
2021-04-14,101.267909275,102.289804708,102.405490984,100.662484434,6143495.0
2021-04-15,102.791111902,102.251242616,103.246144585,101.973595555,4066267.0
2021-04-16,102.575164188,103.030196871,103.423530207,102.536602096,5540151.0
2021-04-19,103.037909289,102.667713208,103.203726284,102.251242616,8583423.0
2021-04-20,105.71411846,106.554772061,107.796471417,105.428758981,16207237.0
2021-04-21,106.477647878,110.711765557,110.850589088,106.207713235,12468013.0
2021-04-22,110.827451833,108.96104659,111.629543342,108.745098876,7434706.0
2021-04-23,108.984183845,109.847974701,110.758040067,108.706536784,4770591.0
2021-04-26,109.840262283,109.184706722,110.773464904,109.115294957,4931886.0
2021-04-27,109.277255742,109.52405313,109.94823614,108.552288417,4066353.0
2021-04-28,110.225883201,110.287582548,110.596079282,109.593464895,3945004.0
2021-04-29,111.159085822,111.243922424,114.714510686,110.272157711,4558251.0
2021-04-30,110.827451833,109.423791691,110.927713271,108.398040049,9288641.0
2021-05-03,110.912288435,111.637255761,112.408497597,110.711765557,6002591.0
2021-05-04,111.375033536,112.408497597,113.056340739,111.313334189,6648570.0
2021-05-05,112.555033545,111.999739423,112.601308056,111.335854451,5234584.0
2021-05-06,112.030589097,114.467713299,114.540981273,111.96888975,7855700.0
2021-05-07,113.797034472,113.438299303,113.968603466,112.744224737,7332209.0
2021-05-10,113.703451385,113.991999238,115.715487767,113.703451385,7311176.0
2021-05-11,113.071765544,112.471274065,113.227737356,111.441860102,7460917.0
2021-05-12,112.174927621,110.194085601,112.416683931,110.069308151,6239321.0
2021-05-13,110.311064461,112.432281112,113.001578228,110.17848842,4814793.0
2021-05-14,113.165348631,112.830009234,113.617666888,112.268510709,2876347.0
2021-05-17,112.642843059,113.165348631,113.703451385,112.557058562,4475848.0
2021-05-18,112.907995141,112.229517756,113.313521853,111.699213593,4003550.0
2021-05-19,110.989541846,111.66801923,111.675817821,109.897739157,4502608.0
2021-05-20,111.613429096,112.206121984,113.009376819,110.864764396,4305739.0
2021-05-21,112.518065609,112.876800778,113.62468562,112.518065609,4222813.0
2021-05-24,113.126355678,112.861203597,113.383709169,112.440079703,3452357.0
2021-05-25,113.017175409,112.135934668,113.079564135,111.675817821,4122140.0
2021-05-26,111.90977554,111.816192452,112.291438565,111.551040371,3228542.0
2021-05-27,112.15933044,112.15933044,112.90019655,112.011157218,5894633.0
2021-05-28,112.463475475,112.096941715,112.557058562,111.898077654,2653795.0
2021-06-01,113.079564135,112.447878293,113.726847157,112.104740306,2530930.0
2021-06-02,112.783217691,113.64106266,113.664458432,112.385489568,2917733.0
2021-06-03,113.009376819,113.508486619,113.76584011,112.330899434,4324637.0
2021-06-04,113.859423198,114.966823067,115.068204745,113.672257022,3264259.0
2021-06-07,115.068204745,115.434738505,115.99623703,114.771858301,3625251.0
2021-06-08,115.512724411,116.253590521,117.134831262,115.512724411,5318558.0
2021-06-09,116.222396158,117.501365022,117.813308647,116.058625755,5552186.0
2021-06-10,118.125252272,117.399983344,119.193659188,116.791693274,4981851.0
2021-06-11,117.314198847,117.97707905,118.417699421,117.267407303,3599646.0
2021-06-14,117.532559384,117.002255221,117.782114284,115.92994901,3501852.0
2021-06-15,116.86188059,116.479749649,116.908672134,115.887056761,2631254.0
2021-06-16,116.791693274,115.286565283,116.791693274,114.810851254,4061273.0
2021-06-17,115.068204745,113.547479572,115.465932867,113.297924672,4572392.0
2021-06-18,112.674037422,111.613429096,112.830009234,111.551040371,9586311.0
2021-06-21,112.385489568,114.366331588,114.693872395,112.346496615,4486882.0
2021-06-22,114.26494991,114.14017246,114.491109039,113.352514807,2551519.0
2021-06-23,114.194762595,112.7754191,114.249352729,112.744224737,3352976.0
2021-06-24,113.703451385,113.422702122,114.007596419,112.837807825,3779117.0
2021-06-25,113.375910578,114.51450481,114.584692126,113.036671886,3762930.0
2021-06-28,114.647080851,113.305723263,114.873239979,113.011014523,4071412.0
2021-06-29,113.282327491,113.508486619,114.436518904,113.157550041,2542625.0
2021-06-30,113.180945813,114.319540045,114.584692126,112.853405006,3397415.0
2021-07-01,114.608087898,114.51450481,115.029211792,114.303942863,2812383.0
2021-07-02,114.569094945,109.195866001,114.600289307,108.759144925,17618074.0
2021-07-06,109.172470229,108.228840763,109.507809626,106.918677537,8473667.0
2021-07-07,108.213243581,109.039894188,109.43762231,108.213243581,4250227.0
2021-07-08,107.4489817,109.757364526,110.201884192,107.355398612,5745004.0
2021-07-09,110.311064461,110.365654595,110.724389764,109.836130291,4087315.0
2021-07-12,110.29546728,109.897739157,110.708714597,109.269952612,3499529.0
2021-07-13,109.897739157,109.398629357,109.897739157,108.891720966,3312825.0
2021-07-14,109.741767345,109.039894188,109.765163117,108.343714003,4610464.0
2021-07-15,108.649964657,109.531205398,109.539003988,108.244827873,3810545.0
2021-07-16,109.960127883,108.32242385,109.960127883,108.080667541,4302198.0
2021-07-19,106.411769146,107.558161968,108.002681634,106.223745126,8985155.0
2021-07-20,111.519846009,109.156873048,113.017175409,108.166452038,14250607.0
2021-07-21,109.156873048,110.194085601,110.264272917,108.907318147,5029475.0
2021-07-22,110.474834864,109.733968754,110.591813724,109.500011035,3469719.0
2021-07-23,109.92893352,110.225279964,110.506029227,109.43762231,4684173.0
2021-07-26,110.264272917,111.340478424,111.519846009,110.061509561,4445585.0
2021-07-27,111.153312249,111.324881243,112.018955809,110.42804332,3284279.0
2021-07-28,111.527644599,110.560619361,111.597831915,110.459237683,2663519.0
2021-07-29,110.997340436,110.685396811,111.488651646,110.42804332,2796243.0
2021-07-30,110.365654595,109.92893352,110.623008086,109.796357479,3701513.0
2021-08-02,110.311064461,110.287668689,111.566637552,109.983523654,3067052.0
2021-08-03,110.662001039,112.354295206,112.845606416,110.467036273,4276460.0
2021-08-04,112.143733259,111.332679833,112.440079703,111.106520705,2962922.0
2021-08-05,111.54324178,111.340478424,111.839588224,110.911555939,2886820.0
2021-08-06,111.519846009,112.369892387,112.603850106,111.434061512,4006466.0
2021-08-09,112.172683114,111.423287552,112.405390157,111.20241307,5134261.0
2021-08-10,111.391734055,111.525836418,111.865825352,110.705445487,5548644.0
2021-08-11,111.841371392,112.117464494,112.621137196,111.620496911,4459914.0
2021-08-12,112.22001336,112.858971682,112.922078677,112.075340575,2187495.0
2021-08-13,112.519771585,112.9457438,113.261278773,112.362004098,2000119.0
2021-08-16,112.985185671,113.269167148,113.387492763,112.196348237,2917133.0
2021-08-17,112.803753062,112.34622735,112.929967051,111.297073563,3218375.0
2021-08-18,111.754599274,110.019156919,111.947864446,109.956049925,3675485.0
2021-08-19,109.403863721,108.87534264,110.003380171,108.236384319,4355405.0
2021-08-20,108.654468159,109.735175443,109.94816155,108.283714565,2782518.0
2021-08-23,110.137482535,110.137482535,110.555566375,109.490635839,3182265.0
2021-08-24,110.263696524,110.31102677,110.618673369,109.900831304,2476681.0
2021-08-25,110.374133765,110.326803519,111.068310707,110.011268545,2107298.0
2021-08-26,110.413575636,109.47485909,111.068310707,109.41964047,2616214.0
2021-08-27,109.41964047,109.971826673,110.109873224,109.175100865,2575098.0
2021-08-30,110.042822043,109.624738202,110.342580267,109.5024684,2089195.0
2021-08-31,110.07437554,110.705445487,111.178747947,109.608961454,4433896.0
2021-09-01,110.421464011,109.885054556,110.492380496,109.798282438,2590699.0
2021-09-02,110.216366278,110.445129134,110.476682631,109.672068449,2843132.0
2021-09-03,110.184812781,110.105929037,110.807994353,109.885054556,2014537.0
2021-09-07,110.161147658,108.906896138,110.271584898,108.67134928,3439577.0
2021-09-08,108.970003132,109.388086972,109.719398695,108.544030918,3125544.0
2021-09-09,108.741240276,108.654468159,109.616849828,108.508533233,3673045.0
2021-09-10,109.506412587,108.086505206,109.940194292,108.070728458,4161706.0
2021-09-13,109.175100865,108.977891507,109.640514951,108.473035549,4338880.0
2021-09-14,109.175100865,107.455435259,109.309203229,106.761258317,4663375.0
2021-09-15,107.455435259,108.228495944,108.701798405,107.02157467,3406870.0
2021-09-16,108.291602939,107.62109112,108.82012402,107.053128168,2768083.0
2021-09-17,107.084681665,106.674486199,107.218705145,106.532495461,5897915.0
2021-09-20,105.625332412,105.94875576,106.635044328,104.741834486,4994585.0
2021-09-21,106.579825707,104.891713598,107.005797922,104.868048475,4265786.0
2021-09-22,105.483341674,106.201183739,106.78492344,105.286132315,3771513.0
2021-09-23,106.690262948,107.85774235,108.40204018,106.516718713,3154679.0
2021-09-24,108.094393581,108.4572588,109.23820786,107.873519099,3103545.0
2021-09-27,108.828012394,109.301314855,109.699677759,108.449370426,3462089.0
2021-09-28,109.782505689,108.441482051,110.19112348,108.236384319,4517122.0
2021-09-29,108.646579784,109.790394064,110.382022139,107.628979494,3951398.0
2021-09-30,110.43724076,109.593184705,110.886878097,109.253984609,6097829.0
2021-10-01,111.226078194,113.05618104,113.568925372,110.72911061,6914058.0
2021-10-04,112.598655329,113.679362613,115.170265364,112.291087613,7696189.0
2021-10-05,114.184218571,112.922078677,114.38142793,112.519771585,7304131.0
2021-10-06,112.393557596,112.298897104,113.095622912,111.139306076,5578549.0
2021-10-07,112.590766954,111.865036515,113.115343848,111.644162034,4003292.0
2021-10-08,111.865036515,112.977297297,113.316497394,111.265520065,3906425.0
2021-10-11,113.198171779,112.354115724,113.65569749,112.330450601,2924415.0
2021-10-12,112.180571489,110.807994353,112.251566858,110.67389199,3296352.0
2021-10-13,110.847436225,111.036757209,111.549501541,110.169036032,3015969.0
2021-10-14,111.257631691,113.111399661,113.529483501,111.233966568,4415265.0
2021-10-15,113.111399661,114.07378133,114.263102314,112.6380972,3374055.0
2021-10-18,113.592590496,112.267343606,114.334097683,111.824805806,6442926.0
2021-10-19,111.289185188,111.999138879,112.756422815,110.847515109,4543246.0
2021-10-20,111.762487649,111.936031884,112.172683114,110.989426963,6479778.0
2021-10-21,105.317685813,101.231507905,105.483341674,101.050075295,32943567.0
2021-10-22,101.010633423,100.876531059,102.746075778,99.875496356,12125863.0
2021-10-25,100.600437958,100.687210075,101.483935884,100.135023871,6673235.0
2021-10-26,100.592549583,100.284902984,101.207842782,99.989088946,8920841.0
2021-10-27,100.529442588,98.738781613,100.876531059,98.612567624,7300764.0
2021-10-28,98.738781613,99.267302694,99.638056288,98.304921025,6808253.0
2021-10-29,98.943879346,98.683562993,99.645944662,98.53368388,6194523.0
2021-11-01,98.644121121,99.614391165,99.638056288,97.687655732,6182726.0
2021-11-02,99.630167914,99.535507422,100.316456481,98.53368388,4726345.0
2021-11-03,99.574949293,100.284902984,100.411116973,99.141088705,5675886.0
2021-11-04,101.623232007,99.806319286,101.862734139,99.021743338,7208736.0
2021-11-05,100.285323549,102.085718882,102.217857989,100.285323549,6790478.0
2021-11-08,102.395419914,102.853777442,103.051986102,102.019649329,5625275.0
2021-11-09,102.569234845,101.138152995,102.853777435,100.644387912,7236608.0
2021-11-10,101.263686491,100.610912313,102.460439149,100.369888001,6268961.0
2021-11-11,101.179997493,100.652756812,101.924327434,100.493747717,4643257.0
2021-11-12,100.42679652,99.55643095,100.962406101,99.405790755,5418279.0
2021-11-15,100.041827133,99.481110852,100.560698915,99.012452469,5046321.0
2021-11-16,99.522955351,99.137985964,100.343107522,99.104510365,4750760.0
2021-11-17,99.071034766,98.803229976,99.866080239,98.568900784,4043289.0
2021-11-18,99.054296967,97.631584016,99.054296967,97.338672527,5047879.0
2021-11-19,97.489312721,97.121081134,97.547895019,96.468306957,5384548.0
2021-11-22,97.079236636,97.472574922,99.430897454,96.401355759,6417218.0
2021-11-23,97.740379713,97.740379713,98.702803179,97.112712234,4914995.0
2021-11-24,97.213139031,97.690166314,98.142086899,97.146187833,3220802.0
2021-11-26,96.242346665,96.920227541,97.359594776,95.874115077,3322012.0
2021-11-29,99.27188836,99.171461563,100.100409431,98.359678291,8949795.0
2021-11-30,98.334571592,97.999815604,99.790676453,97.455837122,9252701.0
2021-12-01,98.96223907,97.849175409,99.531324251,97.790593111,5959867.0
2021-12-02,98.225775896,97.832437609,98.736278778,97.547895019,5267149.0
2021-12-03,98.217406996,99.456004153,99.891186938,98.217406996,6630139.0
2021-12-06,99.924662537,100.351476422,101.389219986,99.924662537,4785560.0
2021-12-07,100.824319256,101.749082674,102.167527659,100.485378817,5193991.0
2021-12-08,102.100576462,102.954204232,103.255484621,101.698869275,5483948.0
2021-12-09,102.226109957,103.414493716,103.732511905,101.924829568,4601092.0
2021-12-10,104.025423395,103.849676501,104.887420065,103.238746822,4966921.0
2021-12-13,103.57350281,102.585972645,104.071787099,101.087939597,6847468.0
2021-12-14,102.393487951,103.57350281,104.636353074,102.351643453,5716124.0
2021-12-15,103.606978409,103.029524329,104.45642173,102.251216656,4990028.0
2021-12-16,103.364280318,105.389554048,105.983662238,103.334989169,7280537.0
2021-12-17,105.339340649,106.619782305,107.657525869,104.786407445,10382693.0
2021-12-20,105.213807154,106.335239715,106.452404311,104.360179383,4941411.0
2021-12-21,106.837373697,107.933699559,108.239666533,106.837373697,4855972.0
2021-12-22,108.009019657,108.586473737,108.619949336,106.787160299,3923198.0
2021-12-23,108.79569623,109.322936911,109.599110602,108.393989043,3649044.0
2021-12-27,109.322936911,110.151457983,110.176564682,108.753851731,4294499.0
2021-12-28,110.134720183,110.996716853,111.490481936,110.126351283,3447079.0
2021-12-29,110.80423216,111.599277632,112.319003007,110.720543163,4239935.0
2021-12-30,111.934033621,112.067936016,112.452905403,111.582539833,3158111.0
2021-12-31,112.143256114,111.858713523,112.971777185,111.816869025,3362060.0
2022-01-03,112.201838411,113.850511654,114.063918597,111.833606824,4610665.0
2022-01-04,113.900725053,115.507553797,117.122751441,113.733347058,7300011.0
2022-01-05,115.750251889,115.674931791,119.005753876,115.390389201,8956910.0
2022-01-06,115.658193992,113.264688675,115.833857197,110.896290057,9908081.0
2022-01-07,112.896457087,112.837874789,113.533999867,111.734100607,5238099.0
2022-01-10,112.5365944,113.005252784,113.98441405,111.624384331,5432807.0
2022-01-11,109.230879014,111.197570446,111.515588635,107.096809588,11105324.0
2022-01-12,111.515588635,111.800131225,112.5365944,109.94223549,5352014.0
2022-01-13,112.059567116,112.779292491,113.858880554,111.775024526,4868349.0
2022-01-14,112.603545598,112.319003007,113.09731068,111.557433134,5310305.0
2022-01-18,111.264521644,111.256152744,112.051198217,110.285360378,5247453.0
2022-01-19,111.222677145,110.117982384,112.059567116,110.051031186,4103694.0
2022-01-20,109.850177593,109.481946006,111.205939346,109.273141958,5278244.0
2022-01-21,110.176564682,108.251717748,110.360680475,108.184766551,5906950.0
2022-01-24,107.113547388,107.808166064,108.084339754,103.935876168,13777648.0
2022-01-25,108.075970854,113.900725053,114.935204746,107.372983279,19715698.0
2022-01-26,114.210374342,112.360847506,114.712508324,111.415161839,8335992.0
2022-01-27,111.858713523,110.904658956,112.770923592,110.536427369,5499566.0
2022-01-28,111.465375237,112.561701099,112.586807798,110.293729278,5471497.0
2022-01-31,112.218576211,111.783393426,112.218576211,110.720543163,5859043.0
2022-02-01,111.94240252,113.423697769,113.783560457,110.887921157,6206448.0
2022-02-02,113.565969064,114.863148519,115.11839996,113.197737477,5357237.0
2022-02-03,114.653926027,115.306700204,116.126852375,113.67560165,6100777.0
2022-02-04,115.373651402,114.779459522,116.177065774,113.996967399,4142045.0
2022-02-07,115.030526513,114.85477962,115.34210065,114.042996348,3759046.0
2022-02-08,114.84641072,114.670663826,115.089108811,113.632920262,4181825.0
2022-02-09,115.356913602,115.315069104,115.783727487,114.511654731,5393478.0
2022-02-10,114.739128992,113.087536008,115.662327122,112.791096242,5978640.0
2022-02-11,113.409384897,112.384550277,114.095346517,112.121989341,4176155.0
2022-02-14,112.2998532,110.233244544,112.350671446,109.318516122,5345289.0
2022-02-15,110.648260217,110.055380684,111.529109808,109.775880333,4395714.0
2022-02-16,109.640365011,109.411682905,110.478866064,108.632469805,4875612.0
2022-02-17,108.454605946,105.845936002,108.835742788,105.74429951,6796997.0
2022-02-18,105.820526879,105.32081413,106.244012259,104.694055767,4609212.0
2022-02-22,105.193768516,104.956616703,105.871345125,103.906372959,5349687.0
2022-02-23,105.346223253,103.389720795,105.617253896,103.220326643,4086367.0
2022-02-24,101.63649132,103.305023719,103.415129918,100.628596114,6563202.0
2022-02-25,103.37278138,105.1768291,105.246704188,102.864598923,4460904.0
2022-02-28,103.508296701,103.76238793,104.503572043,102.516324546,6757332.0
2022-03-01,103.897903251,102.779901847,104.507722199,102.229370852,4873331.0
2022-03-02,103.83014559,104.905798457,105.566435651,103.161038689,4891435.0
2022-03-03,105.837466294,106.659027932,107.281551442,105.223497189,5206649.0
2022-03-04,105.363162668,107.243437757,107.861726413,105.202492315,4402911.0
2022-03-07,107.116392143,106.777603839,108.331795185,106.396466996,5047358.0
2022-03-08,107.243437757,106.447285242,108.70446232,105.718890388,4887565.0
2022-03-09,107.912544659,106.904649453,108.496954484,106.642088517,4403499.0
2022-03-10,106.506573195,105.32081413,106.743725008,104.283274948,5326835.0
2022-03-11,105.871345125,104.990495533,107.370483371,104.948146995,4119630.0
2022-03-14,105.405511206,104.973556118,106.006860446,103.910607813,3289440.0
2022-03-15,105.024374364,106.413406412,106.667328246,104.36373717,4021228.0
2022-03-16,107.141801266,107.599165477,107.805995737,105.625723604,4292845.0
2022-03-17,107.649983723,108.378378577,108.657878928,107.167210389,3671903.0
2022-03-18,107.887135536,109.055955186,109.199940215,107.031695067,7466026.0
2022-03-21,109.259228169,108.496954484,109.885986532,107.904074951,3384636.0
2022-03-22,108.835742788,109.310046414,109.513319397,108.285211793,2690193.0
2022-03-23,109.326985829,108.666348636,109.530258812,108.624000098,2924535.0
2022-03-24,108.691757759,109.470970859,109.57260735,108.242863255,2971075.0
2022-03-25,109.682713549,111.249609457,111.291957995,109.521789104,3531746.0
2022-03-28,110.800714954,111.351245948,111.376655071,109.767410625,2483492.0
2022-03-29,111.834019282,111.749322206,112.511595891,110.470396357,5791032.0
2022-03-30,111.808610159,111.91024665,112.714868873,111.283488287,2622860.0
2022-03-31,110.716017877,110.123138345,111.69850396,110.10619893,4274029.0
2022-04-01,109.818228871,110.233244544,110.334881035,108.463075653,4012373.0
2022-04-04,110.326411327,110.334881035,110.487335772,109.199940215,2811100.0
2022-04-05,109.979153315,109.166061385,111.147972966,108.97125811,3107181.0
2022-04-06,108.22592384,109.589546765,109.69541811,107.777029337,3958057.0
2022-04-07,109.14912197,108.878091326,109.470886162,107.336604541,3538317.0
2022-04-08,108.420727115,108.183575302,109.072894601,107.793968752,3143309.0
2022-04-11,108.369908869,107.031695067,108.560477291,106.870770622,3202545.0
2022-04-12,107.074043605,106.70137647,107.853256705,106.365552564,2690998.0
2022-04-13,106.413406412,106.836891792,107.285786295,105.795117756,3064918.0
2022-04-14,109.199940215,107.192619512,110.597441971,107.040164775,6384180.0
2022-04-18,107.226498342,106.862300915,107.895520546,106.320239628,4884150.0
2022-04-19,106.786073546,109.386273783,109.598016473,106.718315886,7971361.0
2022-04-20,114.341052735,117.152995661,118.203239405,112.968960102,17859155.0
2022-04-21,117.076768293,118.448860925,120.16821157,116.331434023,9922349.0
2022-04-22,118.321815311,117.093707708,118.948488977,116.331434023,6508599.0
2022-04-25,116.534707005,117.813632855,118.279466773,114.501977179,5748289.0
2022-04-26,117.728935779,115.34894794,118.465800341,115.332008525,4956236.0
2022-04-27,115.001689928,114.39187098,116.136630748,114.027673553,4369052.0
2022-04-28,115.907948642,114.967811098,116.026524549,114.18012829,4477068.0
2022-04-29,114.451158933,111.978004311,114.810698021,111.800140452,5078660.0
2022-05-02,112.647111213,112.680990043,113.299278698,110.860002907,4213477.0
2022-05-03,112.647111213,112.240565247,113.155293669,111.791670744,3688574.0
2022-05-04,112.537005014,116.373782561,116.771858819,111.918716358,5932574.0
2022-05-05,115.577630046,115.120265835,116.255206654,114.137779752,5957434.0
2022-05-06,114.739128992,116.602464666,116.87349531,114.739128992,7306396.0
2022-05-09,115.222300181,115.248017531,116.881069252,114.283616908,7647933.0
2022-05-10,115.72807473,110.696046591,116.079545179,110.095975093,8642398.0
2022-05-11,111.32183544,112.084783488,113.979294934,111.32183544,5301131.0
2022-05-12,112.530550887,113.927860234,114.545076632,111.793320189,5384809.0
2022-05-13,114.013584734,114.527931732,114.699380732,112.341956987,4195218.0
2022-05-16,114.099309233,115.753792079,117.022514676,113.507810185,4250395.0
2022-05-17,117.605441275,118.616990373,118.616990373,116.276711528,4372909.0
2022-05-18,117.528289225,113.962150034,117.969770399,113.302071385,6003015.0
2022-05-19,113.156339736,111.15038644,113.430658135,110.336003692,5819664.0
2022-05-20,111.596153839,110.138837343,111.759030389,107.841420748,6914458.0
2022-05-23,111.013227241,112.444826387,113.113477486,110.944647641,3591511.0
2022-05-24,111.930479388,114.699380732,115.188010381,111.801892639,4189723.0
2022-05-25,113.893570434,115.205155281,115.57377063,113.893570434,3299303.0
2022-05-26,115.72807473,117.348267776,117.914049474,115.31659713,3929338.0
2022-05-27,117.776890275,119.388510871,119.790901673,117.648303525,4608215.0
2022-05-31,118.471258723,119.019895522,119.86856807,117.279688176,7978053.0
2022-06-01,119.73140887,119.525670071,120.417119144,118.745577122,3796488.0
2022-06-02,119.542814971,120.142886469,120.262900769,117.313977976,3734812.0
2022-06-03,120.237183419,121.025848817,122.225477467,119.79141602,4352213.0
2022-06-06,122.568889814,122.483165314,124.06906856,121.728789716,4767100.0
2022-06-07,122.243136714,122.397440814,122.568889814,120.837254918,2887051.0
2022-06-08,121.788796865,120.725813068,122.414585714,120.142886469,3005666.0
2022-06-09,120.142886469,118.265519924,120.905834517,118.239802574,3592551.0
2022-06-10,118.128360724,116.748196277,118.128360724,115.942385979,4661716.0
2022-06-13,114.845112382,115.822371679,117.931194374,114.665090932,6486044.0
2022-06-14,115.72807473,116.345291128,117.3997882,115.60806043,4607785.0
2022-06-15,116.593892177,117.493999425,118.685569973,116.225276828,4606887.0
2022-06-16,115.985248229,116.302428878,116.791058527,115.205155281,5386396.0
2022-06-17,116.576747278,115.745219629,117.425419826,113.884997984,12968509.0
2022-06-21,116.499595228,118.171222974,118.728432223,116.499595228,4089272.0
2022-06-22,116.671044227,117.511144325,118.454113823,116.611037077,3791635.0
2022-06-23,117.562579025,118.676997523,118.831301622,117.013942227,4547925.0
2022-06-24,119.328503721,121.780224415,122.045970365,119.268496571,11493012.0
2022-06-27,121.951673415,122.414585714,123.297548062,121.685927466,3935968.0
2022-06-28,122.517455114,121.608775416,123.576152686,121.145863117,4065202.0
2022-06-29,122.363151014,120.622943668,123.032916531,119.585677221,4161491.0
2022-06-30,119.65425682,121.034421267,122.123122415,119.397083321,4878020.0
2022-07-01,120.871544718,120.974414117,121.445898866,119.379938421,4012106.0
2022-07-05,119.98858237,117.974056624,119.98858237,115.959530879,6274067.0
2022-07-06,118.299809724,118.368389323,119.277069021,117.554006575,3237059.0
2022-07-07,119.079902672,120.725813068,121.150149342,119.011323072,3897077.0
2022-07-08,120.665805918,120.417204869,121.14612029,119.85999562,2820928.0
2022-07-11,120.545791618,120.871544718,121.617347866,120.125741569,3912773.0
2022-07-12,120.734385518,119.311358821,121.343029466,118.784153147,3235571.0
2022-07-13,117.596868825,117.596868825,119.071330222,117.271115726,4123213.0
2022-07-14,116.242421728,119.208489421,119.525670071,115.745219629,5298351.0
2022-07-15,120.597226318,119.94572012,120.597226318,118.822729172,4519320.0
2022-07-18,120.142886469,118.411251573,120.280045669,118.114987702,8231694.0
2022-07-19,112.796296836,112.196225338,113.636396934,109.487331144,29690535.0
2022-07-20,112.041921238,110.738908841,112.059066138,109.778794443,9882016.0
2022-07-21,110.370293492,108.998701495,110.421728192,107.267066599,11975361.0
2022-07-22,108.895832095,109.941670993,110.001678143,107.764268698,6467205.0
2022-07-25,110.104547543,110.190272042,110.692360438,109.641635244,4702352.0
2022-07-26,109.950243443,109.795939343,110.841778241,109.410179094,3645313.0
2022-07-27,109.701642394,110.687474141,110.953220091,109.367316844,4175625.0
2022-07-28,110.370293492,110.773198641,111.27897319,110.246850212,3913680.0
2022-07-29,111.03037214,112.119073288,112.299094738,110.850350691,5786815.0
2022-08-01,112.084783488,113.190629535,113.756411234,112.041921238,4142099.0
2022-08-02,113.327788735,112.993463186,113.824990834,111.879044688,4403633.0
2022-08-03,113.002035636,113.447803035,113.895284924,112.573413137,3088532.0
2022-08-04,113.284926485,112.847731536,113.402026152,112.316239637,3179789.0
2022-08-05,112.513405987,113.567817335,113.730693884,112.359101887,2586519.0
2022-08-08,114.099309233,113.679259184,114.313620483,113.173484635,3825145.0
2022-08-09,112.776491757,112.385871211,113.531691479,112.082055231,3495991.0
2022-08-10,113.496969652,114.148003895,114.391056679,113.141070933,3663995.0
2022-08-11,114.89452316,115.050771378,115.645382653,114.582026724,3501925.0
2022-08-12,115.120215031,116.326798494,116.396242147,114.56466581,2767054.0
2022-08-15,115.415350554,117.125400499,117.351092369,114.790357681,2791241.0
2022-08-16,116.838945432,118.540314919,119.243431902,116.710214261,4313600.0
2022-08-17,118.453510354,119.608011078,120.150539613,118.314623049,3667568.0
2022-08-18,119.608011078,120.719109518,120.762511801,119.573289251,3177726.0
2022-08-19,120.441334908,120.111477559,120.953481846,119.495165142,3155842.0
2022-08-22,119.486484686,117.663588806,119.660093817,117.594145153,3093629.0
2022-08-23,117.507340588,116.960471824,118.141013917,116.943110911,4141798.0
2022-08-24,117.090678672,115.649722882,117.281648717,115.545557403,2855421.0
2022-08-25,116.014302058,116.300757124,116.687037442,115.510835576,2706005.0
2022-08-26,116.404922603,113.175792759,116.474366256,113.141070933,4185254.0
2022-08-29,112.837254953,113.115029563,114.078560242,112.472675777,2782973.0
2022-08-30,113.332040977,112.481356234,113.514330565,112.229622993,2407888.0
2022-08-31,112.776491757,111.500464641,112.84593541,111.457062358,3490380.0
2022-09-01,111.457062358,112.550799886,112.687343468,110.884152225,3396219.0
2022-09-02,113.106349107,110.927554508,113.332040977,110.450129396,3040813.0
2022-09-06,110.936234964,109.998745655,111.161926835,109.634166479,3347108.0
2022-09-07,109.972704285,110.858110855,110.994133609,109.616805565,2401513.0
2022-09-08,110.41540757,111.517825554,111.57858875,109.885899719,2964613.0
2022-09-09,111.891085187,112.142818427,112.403232124,111.161926835,3293365.0
2022-09-12,113.132390476,113.418845543,113.70530061,112.750450387,3741168.0
2022-09-13,112.099416144,110.458809853,112.766943255,110.042929178,4565585.0
2022-09-14,110.675821267,110.840749942,111.977889753,110.107251362,3819067.0
2022-09-15,110.580336245,108.931049496,110.645439669,108.418902559,5141671.0
2022-09-16,107.950157904,110.476170766,110.701862637,107.490093706,9839696.0
2022-09-19,109.799095153,110.875471768,111.161926835,109.616805565,3981606.0
2022-09-20,110.154993873,109.634166479,110.233117982,108.957090866,2837485.0
2022-09-21,110.146313416,108.444943929,110.97095679,108.436263472,3389545.0
2022-09-22,108.297376167,108.774801278,109.816456067,107.993560187,4046748.0
2022-09-23,108.097725666,106.51788257,108.505707125,105.675878283,5195693.0
2022-09-26,106.161983851,105.91025061,107.863353338,105.684558739,3987817.0
2022-09-27,106.422397548,105.675878283,107.594259185,105.102968149,4117215.0
2022-09-28,105.597754174,106.561284853,106.969266312,104.000550165,4996378.0
2022-09-29,105.771363305,105.58039326,106.439758461,104.660264864,3817723.0
2022-09-30,105.60643463,103.132504508,106.274829786,102.958895376,5346108.0
2022-10-03,104.304366145,105.476227782,106.083859741,103.818260577,4261729.0
2022-10-04,106.596006679,108.939729953,109.069936802,106.352953895,4566055.0
2022-10-05,108.253973884,109.148060911,109.773053784,107.837311969,3212872.0
2022-10-06,108.401541646,106.101220655,108.766120822,105.701919652,5074624.0
2022-10-07,105.467547325,103.141184964,105.729349895,102.490150721,4499672.0
2022-10-10,103.983189252,102.212376111,104.130757013,101.596063695,5990008.0
2022-10-11,101.960642871,102.255778394,103.497083684,101.509259129,4043265.0
2022-10-12,102.429387526,102.056127893,103.132504508,101.734951,3338754.0
2022-10-13,100.780100777,105.719280566,106.031777002,100.298335438,5837645.0
2022-10-14,105.727961022,104.200200666,106.370314808,104.026591534,3763840.0
2022-10-17,105.727961022,105.484908238,106.661110103,105.406784129,5458585.0
2022-10-18,106.769615811,106.717533071,107.585578728,105.745321935,5120336.0
2022-10-19,106.21406659,106.344273439,107.585578728,105.890719583,5906576.0
2022-10-20,109.590764196,111.370257793,111.943167926,108.635913973,13623115.0
2022-10-21,111.448381902,112.759130844,113.57943399,110.753945376,7201256.0
2022-10-24,113.627176501,115.180978227,115.545557403,112.715728561,5610914.0
2022-10-25,114.582026724,115.389309185,115.710486078,113.974394764,5957623.0
2022-10-26,116.075065254,117.194844151,117.935287096,115.285143706,5140023.0
2022-10-27,117.663588806,116.986513193,118.401427614,116.704398355,3993168.0
2022-10-28,117.672269262,120.233003951,120.538121999,117.377133739,5965457.0
2022-10-31,119.842383405,120.042033906,120.458609017,118.570696517,4915270.0
2022-11-01,120.00731208,119.963909797,120.354530343,118.661841311,3590607.0
2022-11-02,119.573289251,118.774687247,121.673959741,118.748645877,5365264.0
2022-11-03,118.418788527,116.726099496,118.470871267,116.292076668,4442443.0
2022-11-04,117.750393372,118.887533182,119.555928338,117.134080955,4177972.0
2022-11-07,118.609758572,120.085436189,120.397932625,118.496912637,4043062.0
2022-11-08,120.658346323,121.561113806,122.333674441,120.415293539,5042756.0
2022-11-09,121.174619909,120.682718588,122.009095363,120.287440742,4720007.0
2022-11-10,123.203712855,124.055756214,124.178731544,121.473274282,5389025.0
2022-11-11,124.292922922,125.759842931,126.603102337,123.818589506,5871264.0
2022-11-14,125.285509515,126.664590002,128.315973007,124.890231668,5245624.0
2022-11-15,126.559182577,126.787565333,128.38703518,124.73212053,4727107.0
2022-11-16,126.603102337,126.945676471,127.323386414,126.496025961,3445302.0
2022-11-17,125.970657783,128.324756959,128.403812528,125.830114548,3955162.0
2022-11-18,128.73760271,129.686269542,130.274794336,128.192997677,4661735.0
2022-11-21,129.607213973,128.843010136,129.939247364,128.640979236,3476208.0
2022-11-22,129.651133734,130.968726556,131.18832536,129.141664509,7062060.0
2022-11-23,130.968726556,130.661288231,132.163344048,130.266010384,3658459.0
2022-11-25,130.239658528,130.327498049,131.31130069,130.091209736,2075156.0
2022-11-28,129.984923915,128.403812528,130.213306671,128.188605701,3538696.0
2022-11-29,128.16664582,128.676115045,129.270612926,127.982182825,2754744.0
2022-11-30,128.41259648,130.793047513,131.443059972,127.955830969,6377582.0
2022-12-01,131.741714345,131.021430269,131.768066202,129.422750978,4495924.0
2022-12-02,130.116683197,130.591016614,131.021430269,129.765325111,2899995.0
2022-12-05,129.949788107,129.484238643,130.819399369,128.948417562,2784767.0
2022-12-06,129.387615169,129.563294212,129.826812777,128.86057804,2847610.0
2022-12-07,129.413967025,129.361263313,130.094723317,128.500436002,3971285.0
2022-12-08,129.914652298,129.809244872,131.015281502,129.444710858,2665687.0
2022-12-09,129.475454691,129.168016365,130.301146193,129.097744748,3047581.0
2022-12-12,129.844380681,131.06535003,131.06535003,129.073676719,4032780.0
2022-12-13,132.084288479,132.259967522,134.57893089,131.715362489,8811553.0
2022-12-14,132.172128001,131.636306919,133.43701711,130.397769666,4205878.0
2022-12-15,130.459257331,125.048342807,130.86331913,124.363194539,6687744.0
2022-12-16,124.073324118,123.115873334,124.657456936,122.070583028,9834427.0
2022-12-19,123.115873334,121.982743507,123.361823994,120.511431521,5282860.0
2022-12-20,121.95639165,124.099675975,124.227043281,121.517194043,5156450.0
2022-12-21,124.591577295,124.85509586,125.689571314,123.831765434,3793700.0
2022-12-22,123.809805554,123.748317889,124.240219209,121.763144703,3337851.0
2022-12-23,123.493583276,124.424682204,124.606070816,122.623972014,2092715.0
2022-12-27,124.494953821,125.10104652,125.364565084,124.055756214,2742525.0
2022-12-28,125.083478616,122.992898004,125.443620654,122.931410339,2539577.0
2022-12-29,123.484799324,123.906429027,124.960503285,123.370607946,2337207.0
2022-12-30,123.449663516,123.757101841,123.765885793,122.492212731,2858110.0
2023-01-03,123.941564836,124.336842683,124.644281008,123.396959803,3338829.0
2023-01-04,124.793608195,125.259157659,126.150728802,124.176535556,3869236.0
2023-01-05,125.118614424,123.950348788,125.169561347,122.984114052,2866648.0
2023-01-06,125.065910711,126.225392395,126.708509763,124.363194539,3574042.0
2023-01-09,126.559182577,126.093633113,127.780151926,125.961873831,3987782.0
2023-01-10,126.146336826,127.191627132,127.235546892,125.522676223,2152172.0
2023-01-11,127.367306175,127.59568893,127.832855638,126.005793591,3268738.0
2023-01-12,127.261898749,127.850423543,128.825442231,126.945676471,2716118.0
2023-01-13,126.541614672,128.149077916,128.333540911,126.497694912,2455786.0
2023-01-17,128.61462738,127.534201265,129.282207743,127.376090127,2986461.0
2023-01-18,126.840269046,123.335472138,127.084462915,123.172969023,6445642.0
2023-01-19,122.9753301,123.519935133,124.934151429,122.755731296,4833924.0
2023-01-20,124.442250109,124.029404357,124.609145199,123.423311659,7153341.0
2023-01-23,124.205083401,124.609145199,125.597339816,123.906429027,5898436.0
2023-01-24,124.073324118,124.28413897,125.390916941,122.9753301,4407622.0
2023-01-25,123.388175851,123.642910463,123.880077171,122.413157162,7347453.0
2023-01-26,120.805693918,118.100236656,121.455706378,116.80899569,17548483.0
2023-01-27,118.091452704,118.047532943,119.012010889,117.50301575,8143146.0
2023-01-30,117.986045278,118.846872589,119.558372713,117.687390905,5375712.0
2023-01-31,119.022551632,118.346187316,119.154310914,117.494143958,7206448.0
2023-02-01,118.135372465,118.662409594,119.277286244,116.650884552,5428898.0
2023-02-02,119.426613431,119.804323373,120.094193794,118.451594742,6107793.0
2023-02-03,119.769187565,120.287440742,120.296224694,119.048903488,3755720.0
2023-02-06,119.312422053,119.619860378,119.742835708,118.539434264,4841300.0
2023-02-07,119.171878819,119.321206005,119.813107326,118.100236656,3737553.0
2023-02-08,119.207014627,119.444181335,120.111761699,118.723897259,4593748.0
2023-02-09,120.031043327,118.928454293,120.689040009,118.563888564,3918817.0
2023-02-10,118.955129834,120.573445998,120.724607397,118.706158117,5049571.0
2023-02-13,120.92911988,122.129519231,122.165086619,120.795742174,4403015.0
2023-02-14,121.86276382,120.938011727,122.031708914,120.08439441,3202172.0
2023-02-15,120.217772115,121.284793762,121.324807073,120.102178104,2507004.0
2023-02-16,120.546770456,120.039935175,120.899954621,119.675369445,2965495.0
2023-02-17,119.595342822,120.057718869,120.555662303,119.052940152,3466184.0
2023-02-21,119.15075047,117.114517495,119.493086581,117.07005826,4257210.0
2023-02-22,117.283462589,116.456520813,117.363489212,115.851875214,3200185.0
2023-02-23,116.927788707,116.296467566,117.105625648,114.580341086,3725648.0
2023-02-24,115.256121462,116.100846931,116.189765402,114.90044758,3015907.0
2023-02-27,116.856653931,116.029712155,117.256787048,115.709605661,2761326.0
2023-02-28,116.083063237,114.971582356,116.13641432,114.829312803,5143133.0
2023-03-01,114.615908474,113.984587333,115.125055636,113.584454216,3760678.0
2023-03-02,114.162424274,114.642584015,114.90044758,113.557778675,3340254.0
2023-03-03,115.016041591,115.273905156,115.509539103,114.500314462,2860286.0
2023-03-06,115.273905156,115.762956743,116.358710496,115.22944592,2982980.0
2023-03-07,115.842983367,114.037938416,115.967469226,113.984587333,3530439.0
2023-03-08,114.242450898,113.860101475,114.473638921,113.411063199,2778798.0
2023-03-09,114.082397651,112.179542382,114.286910133,112.019489135,5478317.0
2023-03-10,112.143974994,111.548221242,113.184321099,111.263682136,5990867.0
2023-03-13,111.28146583,111.663815253,113.984587333,111.014710419,8188369.0
2023-03-14,112.472973335,110.836873478,112.606351041,109.547555656,8114792.0
2023-03-15,109.360826867,109.618690432,109.680933361,108.222670445,5989339.0
2023-03-16,109.334151326,110.881332713,110.988034878,108.409399233,6440023.0
2023-03-17,110.330038196,109.983256161,110.721279466,109.307475785,37400167.0
2023-03-20,110.534550678,111.983921747,112.179542382,110.427848513,4588304.0
2023-03-21,112.837539064,112.544108111,113.05983524,111.73495003,3856345.0
2023-03-22,112.926457535,110.303362655,113.117632246,110.267795267,3549024.0
2023-03-23,110.089958326,109.698717055,111.085845195,109.014044833,4651936.0
2023-03-24,109.689825208,111.405951689,111.503762007,109.26301655,3812644.0
2023-03-27,112.455189641,114.980474203,115.820753749,112.455189641,6524113.0
2023-03-28,114.864880191,115.007149744,115.29168885,114.526990004,2889115.0
2023-03-29,115.700713814,115.336148085,115.905226296,114.864880191,3279846.0
2023-03-30,115.736281202,114.90044758,116.910005013,114.793745415,3561762.0
2023-03-31,115.122743756,116.563222978,116.687708837,115.078284521,4524686.0
2023-04-03,116.456520813,117.425732142,117.91478373,116.278683872,3840139.0
2023-04-04,117.363489212,117.016707178,117.505669847,116.385386037,3382783.0
2023-04-05,116.812194695,117.496866918,117.91478373,116.812194695,2898759.0
2023-04-06,117.514650612,116.038604002,117.905891883,115.874104832,3050581.0
2023-04-10,115.44285025,116.509871896,116.554331131,114.918231274,2614402.0
2023-04-11,116.109738778,115.967469226,116.576560749,115.754064896,3132430.0
2023-04-12,115.949685532,114.29580198,116.381562543,113.966803639,3957542.0
2023-04-13,113.824534087,113.726723769,114.162424274,112.03727283,5621512.0
2023-04-14,114.224667204,113.940128098,115.451742097,113.202104793,4180614.0
2023-04-17,114.082397651,113.655588993,114.455855227,112.748620594,3662666.0
2023-04-18,113.940128098,113.620021604,114.420287839,113.237672181,3193787.0
2023-04-19,112.481865182,112.321811935,112.90867384,111.414843536,7014368.0
2023-04-20,115.727389355,112.357379323,116.46541266,111.895003277,9749618.0
2023-04-21,112.03727283,111.797192959,112.659702123,111.388167995,6725426.0
2023-04-24,111.637139712,111.503762007,112.081732065,110.756846854,4043892.0
2023-04-25,111.059169654,111.939462512,112.206217923,110.934683795,4275396.0
2023-04-26,111.868327736,111.903895124,112.521878494,111.254790289,4070168.0
2023-04-27,112.36627117,112.899781993,112.944241229,111.552667165,3204889.0
2023-04-28,112.552999958,112.401838559,113.148753711,111.717166336,5061247.0
2023-05-01,112.348487476,112.117299453,112.704161358,112.090623912,2724992.0
2023-05-02,112.304028241,111.290357677,112.437405947,109.609798585,4445283.0
2023-05-03,111.557113089,109.769851832,111.654923406,109.600906738,4554212.0
2023-05-04,109.396394256,108.987369291,109.832094761,108.263839697,4468237.0
2023-05-05,109.467529032,109.947688773,110.34782189,109.196327697,4971936.0
2023-05-08,110.04549909,109.725392597,110.187768643,108.969585597,3663818.0
2023-05-09,109.869602207,109.211646426,109.932693857,108.75197869,4540047.0
2023-05-10,109.950720043,109.977759321,110.401374687,109.148554776,4189222.0
2023-05-11,109.977759321,108.968292919,110.176047365,108.652834668,3446452.0
2023-05-12,109.427960656,110.716832937,110.734859123,109.157567869,4564825.0
2023-05-15,110.861042424,111.185513767,111.481233345,110.266178293,2915725.0
2023-05-16,111.176500674,111.275644696,111.636168411,110.365322315,2749125.0
2023-05-17,111.708273154,113.303590594,113.429773894,111.284657789,4515134.0
2023-05-18,112.934053786,113.700166681,114.024638024,112.834368979,3797883.0
2023-05-19,114.277004625,114.70061999,115.628968557,114.060690396,4306657.0
2023-05-22,114.91693422,114.91693422,115.538837628,114.601475969,2806770.0
2023-05-23,114.682593805,115.529824535,116.350015987,114.583449783,4592280.0
2023-05-24,115.205353192,113.276551315,115.277457935,113.087276365,3915505.0
2023-05-25,113.213459665,114.249965346,114.673580712,112.672674092,4102854.0
2023-05-26,114.520358133,116.16975413,116.863762282,114.295030811,5612570.0
2023-05-30,116.773631353,116.70152661,117.233208959,115.601929278,3741050.0
2023-05-31,115.8272566,115.899361343,116.665474238,114.880881848,11590211.0
2023-06-01,115.76416495,117.007971768,117.300897286,115.16930082,4136086.0
2023-06-02,117.512704969,119.351375916,119.982292418,117.305403833,5375796.0
2023-06-05,119.982292418,119.54966396,120.396894691,119.216179523,3993516.0
2023-06-06,119.360389009,119.594729424,119.820056746,118.864668901,3297951.0
2023-06-07,119.42348066,121.117942121,121.172020678,119.14407478,5772024.0
2023-06-08,121.397348,121.1449814,122.560036982,120.784457684,4128939.0
2023-06-09,121.099915935,121.947146666,122.668194096,120.92866717,3981748.0
2023-06-12,122.578063168,122.956613068,123.136874926,122.417269591,4500120.0
2023-06-13,123.037730904,124.020158028,124.533904322,122.578063168,3927331.0
2023-06-14,124.200419886,123.659634313,125.218899381,123.425293898,4514888.0
2023-06-15,123.722725963,124.741205459,125.101729174,123.637101581,3812582.0
2023-06-16,125.489292168,123.912000914,125.704705088,123.902987821,7473676.0
2023-06-20,122.902534511,122.542010796,123.686673592,122.478919146,4272511.0
2023-06-21,121.775897901,120.496038712,122.028264502,120.135514997,5501272.0
2023-06-22,118.684407043,118.224739306,119.838082932,117.783097755,6013021.0
2023-06-23,117.530731155,116.656461145,117.729019198,116.431133823,11324705.0
2023-06-26,116.620408774,118.377961885,118.441053536,116.548304031,4845649.0
2023-06-27,118.341909514,119.279271173,119.829069839,117.918294149,3219909.0
2023-06-28,119.026904573,118.756511786,119.126048594,117.990398892,2753779.0
2023-06-29,118.747498694,120.829523149,121.090902842,118.693420136,3639836.0
2023-06-30,121.397348,120.604195827,121.703793158,120.257191751,4236677.0
2023-07-03,120.252685204,120.478012526,121.090902842,119.756965096,1477149.0
2023-07-05,120.162554276,120.991758821,121.054850471,119.504598495,2955870.0
2023-07-06,120.085942986,119.117035502,120.685313663,118.567236836,3508083.0
2023-07-07,118.774537972,119.044930759,120.644754745,118.747498694,2982738.0
2023-07-10,118.756511786,119.784004375,119.919200768,118.697926683,2369425.0
2023-07-11,120.468999434,121.172020678,121.280177793,120.08143644,2925238.0
2023-07-12,121.73984553,119.729925817,121.974185945,119.491078856,3732189.0
2023-07-13,120.33380304,120.703339848,121.73984553,120.198606647,3221422.0
2023-07-14,120.694326756,120.234659019,120.703339848,119.820056746,2861496.0
2023-07-17,120.108475718,120.991758821,121.325243257,119.964266232,3168419.0
2023-07-18,121.415374186,122.001225223,122.532997703,121.036824285,3852058.0
2023-07-19,122.154447802,122.109382338,122.983652347,121.848002644,5519992.0
2023-07-20,123.65062122,124.723179273,126.471719292,123.082796369,10896330.0
2023-07-21,124.569956694,125.227912474,125.984922145,124.164367514,5858741.0
2023-07-24,125.597449282,125.768698047,126.291457434,125.082621417,3475442.0
2023-07-25,125.660540932,126.480732385,126.570863313,125.318313796,3770813.0
2023-07-26,126.579876406,127.147701258,127.30993693,126.075143205,4046441.0
2023-07-27,128.256311682,128.860188905,129.229725713,127.895787967,6331563.0
2023-07-28,129.28380427,129.292817363,129.743472007,128.75203179,6686627.0
2023-07-31,129.617288707,129.950773143,130.333829591,129.364922106,6138902.0
2023-08-01,130.013864794,129.184660249,130.22116593,128.139141474,4798703.0
2023-08-02,128.68894014,129.94176005,130.058930258,128.265324775,4959381.0
2023-08-03,129.590249428,130.194126651,130.888134803,129.168076158,3952640.0
2023-08-04,130.770964595,130.004851701,131.672273883,129.779524379,4223204.0
2023-08-07,130.68984676,131.753391719,132.041810692,130.626755109,3438654.0
2023-08-08,131.320763261,131.510038212,131.726352441,129.887681493,4654582.0
2023-08-09,132.139098492,129.905479123,132.139098492,129.732259662,4073038.0
2023-08-10,130.40690388,130.598356968,131.810893197,130.087815398,4735763.0
2023-08-11,130.47983839,130.47983839,130.780693243,129.645649931,2526433.0
2023-08-14,130.416020693,129.376703926,130.703200326,129.278242337,4226563.0
2023-08-15,129.002914562,129.340236671,129.741376476,128.729410149,3656559.0
2023-08-16,129.185250837,128.218868579,129.540806573,128.14593407,3285347.0
2023-08-17,128.556190688,128.237102207,130.060464957,128.182401325,3742058.0
2023-08-18,127.6353925,128.920863238,129.303769416,127.416588969,3915480.0
2023-08-21,128.929980052,129.714026035,129.814310986,128.647358826,2937781.0
2023-08-22,130.060464957,128.993797748,130.575564934,128.820578287,3557734.0
2023-08-23,129.203484465,130.744225988,130.803485278,129.075849072,2559083.0
2023-08-24,130.830835719,130.871861381,131.710608246,130.571006527,2900244.0
2023-08-25,131.446220647,132.512887856,132.622289621,130.826277312,3660147.0
2023-08-28,132.567588738,133.123714377,133.780124967,132.385252463,3561347.0
2023-08-29,133.378985162,133.515737368,133.771008153,132.759041827,2778113.0
2023-08-30,133.488386927,133.889526732,133.944227614,132.873184335,2245402.0
2023-08-31,133.962461242,133.862176291,134.680410325,133.597788692,3885949.0
2023-09-01,134.254199282,134.874142617,135.020011637,133.944227614,2727796.0
2023-09-05,134.846792176,135.047362078,135.840524875,134.538552703,3731281.0
2023-09-06,134.618871832,134.983544382,135.229698353,134.12656389,2932203.0
2023-09-07,135.047362078,134.49123644,135.639954972,134.381834675,3333040.0
2023-09-08,134.336250606,134.63710546,135.466735511,134.254199282,3722927.0
2023-09-11,135.448501883,135.275282422,135.639954972,134.545937322,3273720.0
2023-09-12,134.855908989,133.378985162,134.9288435,132.923144475,4457695.0
2023-09-13,133.059896681,133.606905506,133.998928497,133.032546239,2627999.0
2023-09-14,134.363601047,134.336250606,134.682689528,133.543087809,2723200.0
2023-09-15,134.117447076,133.096363936,134.792091293,132.676990503,6234033.0
2023-09-18,132.895794033,132.275850698,133.543087809,132.248500257,2508062.0
2023-09-19,132.193799375,133.579555065,133.76189134,131.883827707,3945423.0
2023-09-20,135.257048795,136.597220416,138.511660135,135.047362078,9636681.0
2023-09-21,135.840524875,134.363601047,136.068445218,134.299783351,4944786.0
2023-09-22,134.390951488,133.935110801,135.020011637,133.853059477,2562216.0
2023-09-25,133.625139133,133.543087809,134.409185116,133.333401093,2694245.0
2023-09-26,132.658756876,130.589240155,133.260466583,130.38876142,4824654.0
2023-09-27,130.981263146,130.525422458,131.118015352,129.239951719,4439121.0
2023-09-28,129.586390642,129.075849072,129.715849397,127.822287181,5783422.0
2023-09-29,129.45875525,127.908896912,129.577273828,127.279836763,5703983.0
2023-10-02,127.671859755,128.3647376,128.957330493,127.507757107,3275461.0
2023-10-03,128.428555296,127.990948236,129.130549954,127.6353925,3284421.0
2023-10-04,127.972714608,128.610891571,128.729774822,127.626275686,2637779.0
2023-10-05,128.455905737,129.02114819,129.185250837,127.808611961,3223910.0
2023-10-06,128.911746425,129.486105691,130.315735742,127.735677451,3511347.0
2023-10-09,129.732259662,129.641091524,129.8234278,128.255335835,2354396.0
2023-10-10,130.005764075,129.559040201,130.748784395,129.203484465,3015784.0
2023-10-11,129.923712751,130.580123341,130.680408292,129.586390642,2511459.0
2023-10-12,129.923712751,128.765877405,130.306618928,128.501489806,3921142.0
2023-10-13,127.425705783,126.231403182,127.744794265,126.058183721,4583553.0
2023-10-16,126.97898191,126.915164213,127.434822597,126.286104065,3361468.0
2023-10-17,125.00975014,127.92713054,128.200634952,124.271288226,4172822.0
2023-10-18,127.6353925,127.608042058,128.027415491,127.252486322,3329985.0
2023-10-19,126.395505829,125.821146563,127.092942081,125.748212053,5314159.0
2023-10-20,125.948781956,125.046217395,126.969865096,125.00975014,4865615.0
2023-10-23,124.563026266,124.335105922,125.52029171,123.870148421,3457527.0
2023-10-24,124.663311217,125.620576661,125.793796122,124.034251068,3697975.0
2023-10-25,125.356189062,124.973282885,126.258753623,124.289521853,6472549.0
2023-10-26,129.641091524,131.063314469,131.655907363,129.075849072,11130170.0
2023-10-27,130.935679077,129.932829565,131.920294962,129.194367651,5469227.0
2023-10-30,130.543656086,130.033114516,131.737958687,129.987530447,4204190.0
2023-10-31,130.370436625,131.865594079,131.974995844,129.996647261,6592041.0
2023-11-01,132.193799375,132.558471925,133.570438251,131.692374618,4750081.0
2023-11-02,132.895794033,134.026278938,134.108330262,132.047930355,3902657.0
2023-11-03,134.427418743,134.837675362,135.334541711,134.27243291,3510495.0
2023-11-06,134.828558548,135.813174433,136.045653184,134.792091293,4597249.0
2023-11-07,135.867875316,135.685539041,136.09579566,134.956193941,3549853.0
2023-11-08,136.068445218,134.956193941,136.46046821,134.550495729,3618588.0
2023-11-09,135.122157912,135.186699372,135.527847093,133.951191412,3412713.0
2023-11-10,135.942756483,137.399549451,137.537852581,135.398764172,3179541.0
2023-11-13,136.883217766,136.551290254,136.910878392,135.859774605,2647288.0
2023-11-14,137.796018423,138.681158455,139.046555324,137.427210077,4321940.0
2023-11-15,138.671938246,140.681943734,141.272037088,138.671938246,4632519.0
2023-11-16,141.069192498,141.124513749,141.391899801,140.267034344,3519172.0
2023-11-17,141.336578549,140.967770202,141.530202931,140.571393432,4426676.0
2023-11-20,140.617402273,142.313920667,142.618187552,140.469878935,3658936.0
2023-11-21,142.544425883,141.908231486,142.599747135,141.539423139,2859508.0
2023-11-22,142.452223797,143.033096942,143.56325894,142.138736702,3045091.0
2023-11-24,143.033096942,143.079197985,143.282042576,141.917451694,1799161.0
2023-11-27,142.904014021,143.438786123,143.959727912,142.682729013,4053093.0
2023-11-28,143.318923411,143.512547792,143.600139775,142.784151308,2666182.0
2023-11-29,143.973558225,144.213283651,145.227506603,143.853695513,3568887.0
2023-11-30,144.711174918,146.195628512,146.232509347,144.655853666,6740622.0
2023-12-01,146.057325383,148.030450036,148.06733087,145.679296828,4871860.0
2023-12-04,147.790724611,148.537561512,150.095776776,147.790724611,5779017.0
2023-12-05,148.224074418,148.804947563,149.800730099,148.187193583,4556668.0
2023-12-06,148.989351736,147.781504402,149.694697699,147.532558768,3555863.0
2023-12-07,148.445359426,147.72618315,148.874099128,147.495677934,3665498.0
2023-12-08,147.52333856,149.330499457,149.404261126,147.52333856,4561342.0
2023-12-11,149.99435448,150.759631799,150.88871472,149.321279248,6077207.0
2023-12-12,150.538346791,151.866056838,153.36895085,150.215639488,5292290.0
2023-12-13,151.552569744,150.861054094,152.101448765,150.045065628,4989141.0
2023-12-14,150.224859697,150.20641928,150.74948957,147.660719669,6129804.0
2023-12-15,149.643986551,149.579445091,151.294403901,149.404261126,11016108.0
2023-12-18,149.579445091,150.049675732,150.593668043,148.976996657,3677533.0
2023-12-19,149.182976118,148.96169111,149.625546134,148.740406103,3766591.0
2023-12-20,148.712745477,147.569439603,149.182976118,147.532558768,4865797.0
2023-12-21,148.06733087,148.242514835,148.519121095,147.089988752,2982924.0
2023-12-22,148.537561512,149.496463213,149.745408847,148.445359426,2442715.0
2023-12-26,149.579445091,150.483025539,150.575227626,149.413481335,1772443.0
2023-12-27,150.418484079,150.713530756,150.879494512,149.99435448,3234550.0
2023-12-28,151.174541189,150.980916807,151.174541189,150.658209504,2071313.0
2023-12-29,150.980916807,150.796512634,151.377385779,150.13265761,2526169.0
2024-01-02,150.13265761,148.906369859,150.556787209,147.947468158,3825044.0
2024-01-03,148.445359426,147.615540646,149.118434658,147.597100229,4086065.0
2024-01-04,147.72618315,148.316276504,149.192196327,147.680082107,3212004.0
2024-01-05,147.440356682,146.748841032,148.030450036,146.297050808,4199504.0
2024-01-08,146.315491225,148.574442347,148.644515933,145.573264428,3321698.0
2024-01-09,147.52333856,147.597100229,147.969320052,147.071548335,2617186.0
2024-01-10,147.781504402,148.657424225,148.75884652,147.283613134,2967852.0
2024-01-11,148.463799843,149.51490363,149.579445091,147.790724611,3778395.0
2024-01-12,150.261740532,152.871059582,153.037023338,149.694697699,4958261.0
2024-01-16,152.871059582,153.940603787,154.207989838,152.446929984,4869635.0
2024-01-17,153.78386024,153.129225425,154.733541732,152.589843218,4288604.0
2024-01-18,153.50725398,153.829961283,153.968264413,152.170323724,3776990.0
2024-01-19,157.28753953,158.108138101,158.199510369,155.987490109,6929079.0
2024-01-22,159.343646062,159.35286627,160.846540073,158.956397298,4925964.0
2024-01-23,159.417407731,160.376309432,160.450071101,159.030158967,3983461.0
2024-01-24,161.132366542,160.367089223,161.224568628,159.417407731,9097827.0
2024-01-25,170.536979375,175.580433512,181.545908515,170.417116662,29596239.0
2024-01-26,176.391811874,172.805150705,177.387225601,171.643404414,9895941.0
2024-01-29,172.84203154,172.546984863,174.686073272,171.541982119,6107908.0
2024-01-30,173.072536756,173.220060095,173.93923637,172.205837142,4575058.0
2024-01-31,172.464002985,169.338352249,173.017215504,168.858901399,8876055.0
2024-02-01,169.310691623,172.325699855,172.888132583,168.462432426,4669444.0
2024-02-02,172.510104028,171.302256694,172.777490079,171.140903042,4055411.0
2024-02-05,171.044090851,169.117067241,171.293036485,168.964933798,4379602.0
2024-02-06,169.236929954,169.107847033,170.278813532,168.766699312,3338196.0
2024-02-07,169.043305572,169.412113918,169.670279761,168.384060653,4841188.0
2024-02-08,169.923848675,171.53348706,171.710268154,168.863162109,5161185.0
2024-02-09,171.607921205,173.375732148,174.15729067,171.058969386,5064641.0
2024-02-12,172.96634435,173.208255321,173.505991901,171.226446212,4724021.0
2024-02-13,171.459052915,170.919405364,171.914962053,169.672633436,4290453.0
2024-02-14,172.12896022,170.798449878,172.12896022,169.579590755,3173391.0
2024-02-15,170.844971219,173.868858358,173.971205307,170.844971219,4714301.0
2024-02-16,173.645555923,174.585287003,175.804146127,173.008399642,4842840.0
2024-02-20,174.585287003,170.677494393,175.636669301,170.323932204,4247181.0
2024-02-21,169.858718798,167.197698116,170.2960194,166.313792645,4728473.0
2024-02-22,169.756371849,171.393923038,171.710268154,169.272549907,5078398.0
2024-02-23,172.035917538,172.798867524,173.482731231,171.72887669,3433800.0
2024-02-26,172.687216307,171.319488893,173.175690383,171.254359016,4620815.0
2024-02-27,171.347401697,172.008004734,172.249915705,169.914544407,3641378.0
2024-02-28,171.784702299,172.408088263,172.47321814,170.779841342,3216345.0
2024-02-29,173.198951053,172.156873024,173.849784608,171.840527908,6458487.0
2024-03-01,172.584869357,175.106326018,175.273802844,172.296437046,4018354.0
2024-03-04,174.696938221,179.628200324,180.407897993,174.548069931,7938266.0
2024-03-05,178.641947904,178.595426563,180.446975919,177.311437562,5653641.0
2024-03-06,180.037588122,182.512523441,184.345464261,179.535157643,6945818.0
2024-03-07,183.833729514,182.86608563,184.903720348,182.493914905,4604458.0
2024-03-08,182.41948076,182.317133811,184.010510609,180.856363716,3943113.0
2024-03-11,181.516966753,178.390732664,181.784464461,177.599869874,4725057.0
2024-03-12,179.069944237,184.019814877,185.322412414,178.781511925,5880075.0
2024-03-13,183.80581671,183.01495392,184.317551457,181.730964919,3993258.0
2024-03-14,183.247560623,179.972458245,183.990041219,178.753599121,4109636.0
2024-03-15,178.632643635,177.776650968,179.625688172,177.432393048,8828184.0
2024-03-18,178.36281986,178.353515592,179.786372882,177.078830859,5410562.0
2024-03-19,178.167430229,179.888719832,180.112022266,177.041613787,5317341.0
2024-03-20,179.45141923,180.465584455,180.484192991,177.999953403,3238643.0
2024-03-21,179.572374716,178.548905222,179.916632636,176.790398548,6013561.0
2024-03-22,178.641947904,177.562652802,179.558418313,177.255611954,3988398.0
2024-03-25,177.023005251,175.655277837,177.544044265,175.618060765,3718289.0
2024-03-26,175.869276004,175.385454062,176.78109428,175.385454062,4229535.0
2024-03-27,176.408923555,177.525435729,177.674304019,175.478496743,3693305.0
2024-03-28,177.655695483,177.674304019,178.576724984,177.097439396,3742169.0
2024-04-01,176.78109428,176.622921721,177.209090613,175.404062598,2364320.0
2024-04-02,175.980927221,175.73901625,176.595008917,174.548069931,2693455.0
2024-04-03,175.478496743,177.61847841,178.037170476,175.371497659,2826193.0
2024-04-04,178.641947904,174.864415047,179.832894223,174.30615896,2983853.0
2024-04-05,175.469192475,175.980927221,177.078830859,174.938849192,2014264.0
2024-04-08,176.073969902,176.613617453,177.004396714,175.768603823,2678284.0
2024-04-09,177.283524758,176.139099779,177.944127795,173.673468727,2794381.0
2024-04-10,174.380593105,173.096604104,174.841154376,172.612782162,3081915.0
2024-04-11,173.096604104,172.96634435,173.799076347,171.738180958,2861736.0
2024-04-12,171.198533408,169.588895023,172.287039735,169.044595338,3547378.0
2024-04-15,172.659303502,168.639859675,174.436418713,168.295601754,3528140.0
2024-04-16,172.677912039,170.965926705,172.789563256,170.137846842,4473654.0
2024-04-17,171.347401697,170.361149277,171.821919372,169.132985885,3003033.0
2024-04-18,169.663329168,168.844553573,170.696102929,167.634998718,2886733.0
2024-04-19,169.737763313,168.946900522,170.082021233,168.007169442,3037990.0
2024-04-22,169.756371849,169.244637102,170.561191041,167.895518225,3076451.0
2024-04-23,170.016891356,169.514460878,171.83122364,166.546399348,5950229.0
2024-04-24,170.426279154,171.291576089,171.468357183,168.779423696,7616643.0
2024-04-25,156.497789778,157.158392814,160.452103729,154.134505675,16702150.0
2024-04-26,155.84649101,155.502233089,156.19074893,154.199635552,8983796.0
2024-04-29,155.753448328,155.781361133,156.516398314,154.660196824,5263342.0
2024-04-30,154.906759929,154.636936154,155.157975169,153.762800164,6011634.0
2024-05-01,154.16241848,152.990080697,154.702066031,152.869125211,4030960.0
2024-05-02,152.915646552,153.231991668,153.408772762,151.306008167,3829853.0
2024-05-03,153.52042398,154.181027016,155.018411147,153.445989835,3400405.0
2024-05-06,154.916064198,156.879264771,156.93509038,154.80441298,4222266.0
2024-05-07,157.242131228,156.665266604,157.511955003,156.255878807,3155260.0
2024-05-08,156.321008684,158.079515358,158.414469011,156.218661734,3522011.0
2024-05-09,157.393561377,156.237775822,157.44054453,155.871307231,4266616.0
2024-05-10,157.045886047,157.064679308,157.929169317,156.284758974,2255370.0
2024-05-13,157.393561377,157.44994116,157.919772687,156.698210718,2414859.0
2024-05-14,157.731840076,157.26200855,157.9855491,156.435105063,2600967.0
2024-05-15,157.80701312,158.107705297,158.192274972,157.243215289,4468823.0
2024-05-16,158.107705297,158.774866065,159.39504368,157.666063662,3492267.0
2024-05-17,158.774866065,158.831245848,158.906418892,157.233818658,2956387.0
2024-05-20,158.803055957,159.667545965,159.893065098,158.220464864,2726261.0
2024-05-21,159.686339226,163.003349803,164.412844383,159.686339226,6459800.0
2024-05-22,162.928176759,163.210075675,164.431637644,162.336189036,3294900.0
2024-05-23,164.807502865,160.372293255,164.873279279,160.151472438,3341335.0
2024-05-24,161.133420328,160.579019127,161.631441746,159.940048251,2587829.0
2024-05-28,160.156170753,159.423233571,160.762253422,158.474173888,2629645.0
2024-05-29,157.863392904,156.970713003,158.455380627,156.181396039,4206576.0
2024-05-30,155.570615054,155.636391468,156.670020826,154.320863194,3852963.0
2024-05-31,155.702167882,156.782780393,156.895539959,153.954394603,4905002.0
2024-06-03,156.491484846,155.307509399,156.717003979,153.663099057,2776058.0
2024-06-04,154.668538523,155.805530817,156.359932019,153.991981125,2594203.0
2024-06-05,156.369328649,157.280801811,157.666063662,155.777340926,3049377.0
2024-06-06,157.280801811,158.051325514,158.276844647,156.73579724,2207263.0
2024-06-07,158.032532253,159.75211564,160.968979294,157.919772687,3475495.0
2024-06-10,159.319870636,160.09979097,160.45686293,158.69029639,3444684.0
2024-06-11,159.723925748,159.103748133,159.74271901,156.74519387,2951251.0
2024-06-12,161.011264131,158.803055957,162.06368675,157.958298872,3522698.0
2024-06-13,158.812452587,158.915815523,159.357457158,158.178180026,3525717.0
2024-06-14,158.135895189,159.000385198,159.244697591,157.139852353,2777717.0
2024-06-17,158.577536824,159.272887483,159.479613355,157.393561377,3239815.0
2024-06-18,159.74271901,160.259533689,160.447466299,158.220464864,3386442.0
2024-06-20,163.576544266,163.426198177,163.764476876,160.889107934,4723078.0
2024-06-21,163.47318133,162.05429012,164.403447752,161.058247284,10182025.0
2024-06-24,164.441034275,164.450430905,167.692174472,163.642320679,4864735.0
2024-06-25,164.572587102,162.185842947,165.148224688,161.077040545,4119267.0
2024-06-26,160.945487717,161.499888919,162.261015992,160.127980861,2779016.0
2024-06-27,160.795141629,160.541432605,162.091876642,160.193757275,2894001.0
2024-06-28,160.541432605,162.514725016,162.993953173,160.240740428,4193459.0
2024-07-01,162.984556542,164.53500058,165.812942332,162.918780129,3320961.0
2024-07-02,164.290688186,166.602259296,166.776096961,163.802063398,2883275.0
2024-07-03,167.147263867,165.126988303,167.241230172,164.600776994,1649049.0
2024-07-05,165.136384934,165.399490589,165.465267002,163.454388069,2085970.0
2024-07-08,165.765959179,166.921744734,167.814424635,165.390093958,2503038.0
2024-07-09,166.884158212,165.831735593,166.978124518,164.986038845,2513305.0
2024-07-10,165.944495159,167.109677345,167.466749305,163.924219595,3462182.0
2024-07-11,166.931141365,167.55131898,168.61313823,165.96328842,2807145.0
2024-07-12,167.786234743,171.798595979,173.04834784,167.72985496,4785565.0
2024-07-15,172.315410659,171.845579132,173.743698499,171.582473477,2925794.0
2024-07-16,173.527575997,174.598791877,175.341125689,173.386626539,3374526.0
2024-07-17,174.251116548,176.139839284,176.60027418,173.903441218,4225302.0
2024-07-18,175.378712211,174.044390676,178.037958651,173.93163111,3487808.0
2024-07-19,175.087416665,172.193254462,175.716990911,170.971692493,3816039.0
2024-07-22,172.33420392,173.038951209,173.809474913,171.826785871,2488525.0
2024-07-23,173.236280451,172.991968057,174.194736765,171.967735329,2180225.0
2024-07-24,173.029554579,172.916795013,173.904756746,172.094589841,6962071.0
2024-07-25,175.5290583,180.396512914,184.418270781,174.11956372,9532802.0
2024-07-26,179.015208227,180.180390412,181.890577169,178.180787435,4294875.0
2024-07-29,181.524108578,179.945474649,181.627471514,177.765456366,3336806.0
2024-07-30,179.926681388,179.513229645,181.138846726,177.680886691,3064978.0
2024-07-31,179.475643123,180.546859003,182.811352994,178.526583439,5558405.0
2024-08-01,181.176433248,178.216494631,181.951655267,176.929156249,4085354.0
2024-08-02,177.389591145,177.709076583,177.84062941,174.495428942,4548824.0
2024-08-05,173.414816431,172.249634245,174.077278883,170.840139665,4975002.0
2024-08-06,173.555765889,175.5290583,177.502350711,172.559723052,3632517.0
2024-08-07,176.731827008,175.5290583,178.413823873,175.435091995,3801942.0
2024-08-08,176.186822437,180.988500638,181.242209662,175.716990911,3712698.0
2024-08-09,181.215992434,181.47192045,182.590420664,179.187525943,2773706.0
2024-08-12,181.282344142,179.60459382,181.591448312,179.14970547,2290421.0
2024-08-13,180.372377866,181.035894942,181.339217034,179.348665804,2178862.0
2024-08-14,181.187555988,182.296577388,183.026446172,180.789445742,1895114.0
2024-08-15,183.424556418,183.841624295,184.125988756,183.206543664,2471985.0
2024-08-16,183.490908126,183.680484433,184.22077691,182.808433418,2494472.0
2024-08-19,183.737357325,184.580971894,185.334537717,183.618872133,2361378.0
2024-08-20,184.448268479,185.813217894,185.98383657,183.652047987,1790371.0
2024-08-21,185.756345001,186.931718108,187.045463893,183.998024748,2579343.0
2024-08-22,186.96963337,185.746866186,187.604714,185.377192386,1969496.0
2024-08-23,186.533607863,185.879569601,187.09285797,184.258692171,2321961.0
2024-08-26,185.784781448,187.661586893,188.007563654,185.689993294,2567217.0
2024-08-27,187.149730862,188.372498046,189.007578677,186.704226539,2617229.0
2024-08-28,188.628426062,188.116570031,189.5763076,187.197124939,2645244.0
2024-08-29,188.912790523,188.533637908,190.637934922,187.936472539,2989594.0
2024-08-30,188.732693031,191.595295275,191.633210537,188.372498046,4750999.0
2024-09-03,191.386761337,190.789595968,194.050308459,189.775362722,3874697.0
2024-09-04,190.296697568,193.472100721,193.709071105,190.050248369,3142476.0
2024-09-05,193.443664275,192.031320783,195.216202751,190.486273876,3229345.0
2024-09-06,191.83226566,190.277739938,193.462621905,188.945966377,3304491.0
2024-09-09,191.415197783,192.922329429,194.363109366,190.931778199,3705004.0
2024-09-10,193.557410059,194.619037382,195.102456966,192.296727614,3070644.0
2024-09-11,196.931868334,198.95085601,199.168868764,192.457867475,5554309.0
2024-09-12,199.05512298,200.581212256,201.567009055,197.410548511,4616446.0
2024-09-13,201.405869194,203.595475547,204.827721546,201.074110655,4572344.0
2024-09-16,204.628666423,205.841954792,206.54338713,204.287429069,4176257.0
2024-09-17,205.92726413,202.969873731,207.434395775,201.898767594,5635210.0
2024-09-18,202.969873731,203.737657777,205.55759033,202.458017701,3482764.0
2024-09-19,206.647654099,202.742382162,207.093158422,199.405839149,5279559.0
2024-09-20,203.159450039,206.353810822,206.495993053,202.600199932,9958980.0
2024-09-23,206.638175284,209.007879129,209.121624913,205.946221761,4074755.0
2024-09-24,208.325404421,209.453383451,209.66191739,206.78983633,3184114.0
2024-09-25,209.642959759,209.699832651,210.287519205,208.685599406,2537751.0
2024-09-26,210.533968405,211.785172035,212.325464512,209.818317843,2673210.0
2024-09-27,211.377582974,209.330158851,212.467646742,209.263807144,3830335.0
2024-09-30,209.150061359,209.557650421,209.78514199,207.605014452,3544264.0
2024-10-01,209.131103728,207.91781536,209.576608051,204.647624054,3548374.0
2024-10-02,206.93201856,208.278010344,208.723514667,204.550940137,3343399.0
2024-10-03,208.059997591,211.112176143,211.216443112,207.841984837,3788265.0
2024-10-04,212.088494127,214.221227588,214.297058111,211.633510989,3554328.0
2024-10-07,213.633541034,215.28285491,215.804189756,213.29230368,3457952.0
2024-10-08,216.221257633,216.704677217,217.391891332,215.207119175,3245342.0
2024-10-09,217.254448509,222.088644353,222.704767353,216.590931433,5083566.0
2024-10-10,222.846949583,220.875355984,223.538903106,219.728419323,3142031.0
2024-10-11,221.093368738,221.102847553,221.27346623,218.448779247,3469322.0
2024-10-14,221.39669083,222.998610629,223.813788752,221.017538215,2524389.0
2024-10-15,224.079195583,220.818483092,224.998640675,220.581512707,3350556.0
2024-10-16,220.012783785,221.491478984,221.690534107,219.074381062,2846669.0
2024-10-17,219.908516816,220.742652569,220.993841177,218.633616147,5040092.0
2024-10-18,219.832686292,220.098093123,220.524545027,218.173893601,4715688.0
2024-10-21,219.1596904,219.671546431,220.306627061,218.259202939,2733336.0
2024-10-22,219.899038,220.1454872,220.827961907,218.64783437,3180807.0
2024-10-23,218.40138517,220.619427969,221.178678076,218.259202939,5791002.0
2024-10-24,209.29224359,207.007849083,209.78514199,204.894073254,11193440.0
2024-10-25,205.500717438,203.481729762,207.254298283,203.211583524,8482235.0
2024-10-28,204.268471439,201.813458255,204.979382592,201.614403132,4993343.0
2024-10-29,200.94140724,199.462712041,202.221047316,198.912940749,5258366.0
2024-10-30,198.56222458,194.220927136,200.116750302,193.614282951,6956624.0
2024-10-31,193.491058351,195.946071535,197.282584503,192.903371798,5925250.0
2024-11-01,196.94134715,197.396330288,198.903461933,196.600109796,3334308.0
2024-11-04,196.827601365,195.56691892,196.874995442,195.07402052,2594119.0
2024-11-05,195.424736689,196.751770842,197.26836628,194.856007766,2441535.0
2024-11-06,202.353750732,202.467496516,203.159450039,199.405839149,3934386.0
2024-11-07,202.505411778,202.552805855,203.339452743,200.884534348,3675812.0
2024-11-08,202.998310178,202.581242301,205.405929284,201.691086749,3201038.0
2024-11-11,203.225801747,202.43906007,204.1831621,202.353750732,3012987.0
2024-11-12,202.439060193,201.445494253,203.5186078,199.725860896,2818216.0
2024-11-13,200.146215717,201.502815365,201.970937779,199.73550995,3247830.0
2024-11-14,200.62389165,199.658986266,201.101472047,197.136857342,6372853.0
2024-11-15,198.197297912,195.837578806,199.181310333,194.95865509,3986460.0
2024-11-18,197.757836055,198.799169587,199.109658943,196.20070805,3406045.0
2024-11-19,197.280160122,200.862729616,200.939157765,196.984001044,2860746.0
2024-11-20,201.579243515,205.018510229,205.3624369,200.4065491,4562901.0
2024-11-21,206.174485985,212.470254776,212.689985704,205.658691513,5236434.0
2024-11-22,213.377839047,213.014805339,217.055943728,211.027673459,5320740.0
2024-11-25,213.377839047,216.033717232,216.310769273,212.709092742,7189260.0
2024-11-26,216.606928351,218.613167267,218.756470047,215.442832103,4449543.0
2024-11-27,218.613167267,216.788445205,218.957093939,214.256762763,2995121.0
2024-11-29,217.581387253,217.256567619,220.074855621,217.046390209,2640253.0
2024-12-02,217.342549287,217.237460582,218.183258928,215.441399076,2656181.0
2024-12-03,217.094157802,218.775577085,218.88066579,216.549607239,3163815.0
2024-12-04,219.73092895,223.065106958,223.303944925,219.109950237,4104195.0
2024-12-05,223.12242807,224.268850308,225.959823109,223.036446402,4791116.0
2024-12-06,223.963137711,227.411957944,227.736777578,223.76251382,4028430.0
2024-12-09,227.37374387,219.73092895,228.663468887,218.689595417,4970449.0
2024-12-10,218.202365966,221.374134157,223.924923637,217.629154847,4769531.0
2024-12-11,222.300825466,219.845571173,222.596984545,218.899772827,3872680.0
2024-12-12,220.36146118,221.890024164,223.447247704,220.093962658,4515741.0
2024-12-13,221.880470646,220.514317479,223.33738224,219.979320434,2757683.0
2024-12-16,220.428335811,219.0908432,220.71494137,216.750231131,3610257.0
2024-12-17,218.995308013,218.746916529,219.921999323,217.457191511,3651346.0
2024-12-18,218.8090144,210.339820117,218.8090144,210.206070855,4152517.0
2024-12-19,214.400065543,213.92238961,216.100591863,213.024358857,4430120.0
2024-12-20,212.785520891,213.387392566,217.519002776,211.782401433,12423200.0
2024-12-23,212.86194904,212.021239399,213.750426275,211.209190314,2988137.0
2024-12-24,212.346059033,214.390512024,214.423567199,211.651327157,1186216.0
2024-12-26,213.339624973,214.849080919,215.336310371,212.613557555,3287238.0
2024-12-27,213.177215156,212.833288484,214.400065543,211.520061811,1810760.0
2024-12-30,210.693300307,210.416248266,211.700432243,207.934530726,2095565.0
2024-12-31,210.865263642,210.015000482,211.179861011,208.68706139,2270512.0
2025-01-02,211.916150694,210.120089188,212.556236443,207.884565824,2579498.0
2025-01-03,210.702853825,212.709092742,213.673998125,210.702853825,3873578.0
2025-01-06,213.043465895,212.728199779,214.333190912,210.893924198,2847128.0
2025-01-07,213.377839047,213.960603685,216.588776666,212.881056077,3299701.0
2025-01-08,213.912836092,213.21542923,214.858634438,210.970352347,2619768.0
2025-01-10,212.08811403,209.938572333,212.498915331,207.120284332,3570497.0
2025-01-13,208.161617864,207.693495451,209.785716035,205.161813008,3716816.0
2025-01-14,208.26670657,208.027868603,208.386125553,205.028063747,3485829.0
2025-01-15,211.008566422,210.206070855,211.77867556,208.276260088,2951825.0
2025-01-16,209.881251221,212.71864626,212.737753298,207.674388413,3329060.0
2025-01-17,215.866530656,214.753545733,215.866530656,213.654891088,5506837.0
2025-01-21,214.944616106,214.247209244,217.294781694,212.881247148,3982203.0
2025-01-22,212.069006992,213.291857379,214.380958506,210.511783452,4759490.0
2025-01-23,213.941496648,215.947735564,215.947735564,213.186768674,3619651.0
2025-01-24,215.212114628,214.763099252,216.683738641,213.807747387,3233293.0
2025-01-27,212.269630884,214.123013502,214.285423319,210.024554001,4898355.0
2025-01-28,214.304530356,215.584701855,215.689790561,211.868383101,4485429.0
2025-01-29,215.546487781,218.422096894,219.224592461,213.740872756,7079804.0
2025-01-30,238.83796625,246.738726173,250.111118257,235.981464173,15381890.0
2025-01-31,244.617845033,244.28347188,245.749936993,240.643581274,7203519.0
2025-02-03,241.130810726,249.088891761,250.359509741,240.595813681,8408523.0
2025-02-04,248.3914849,252.652354217,253.407082191,246.598576054,6077652.0
2025-02-05,253.846544049,251.544146054,253.856097567,249.5188001,6165096.0
2025-02-06,251.238433457,242.124376665,251.620574203,241.446076841,6128293.0
2025-02-07,243.882224097,241.073489614,245.458554674,240.767777017,3370284.0
2025-02-10,241.25621599,239.727086661,242.30448704,237.41896692,3564400.0
2025-02-11,241.487027964,244.949207577,246.920726523,240.986935354,4801550.0
2025-02-12,243.04500879,246.016712957,246.584125727,242.371807199,3075308.0
2025-02-13,245.872455473,249.267314927,249.353869417,244.670309775,4531538.0
2025-02-14,249.084588781,251.277302535,251.912035464,248.036317731,3925277.0
2025-02-18,251.902418298,252.998775176,253.859511496,249.882813524,4262812.0
2025-02-19,251.969738458,254.200920874,254.239389537,250.13285983,3718678.0
2025-02-20,253.55657078,254.604841829,254.941442625,252.113995941,4884805.0
2025-02-21,253.744105509,251.469645847,254.691396319,251.104193554,5667874.0
2025-02-24,251.488880178,251.844715305,253.744105509,249.642384385,4398107.0
2025-02-25,251.084959223,247.882443082,253.393078965,246.939960854,6292487.0
2025-02-26,248.219043877,246.045564454,248.435430103,244.670694461,3460124.0
2025-02-27,245.449300187,243.535484235,247.767037095,243.362375254,3402234.0
2025-02-28,241.251407407,242.775728153,243.131467109,237.101600455,7988809.0
2025-03-03,244.982867656,240.611865896,246.189821938,238.741327188,2977699.0
2025-03-04,239.226994051,243.516249904,245.699346493,238.601878287,5342106.0
2025-03-05,241.948651913,241.727457104,243.064243121,237.558031134,4009813.0
2025-03-06,240.18871061,239.169291057,242.448744523,237.353474022,3254358.0
2025-03-07,236.534187686,251.52734884,251.931269795,235.795877883,6700184.0
2025-03-10,251.546583172,247.064984007,256.249377145,244.994792942,8165503.0
2025-03-11,246.189821938,239.419337363,246.872640695,236.447633195,5630570.0
2025-03-12,240.765740545,240.073304623,243.436712098,236.130266731,3849206.0
2025-03-13,239.275079879,236.389930202,239.727086661,233.735592499,3862416.0
2025-03-14,233.451886114,238.842307427,239.419241191,232.427657979,4045284.0
2025-03-17,239.70785233,243.28543793,244.881887418,239.467423191,3234149.0
2025-03-18,242.843048313,237.495904245,242.900751306,235.735962942,4172239.0
2025-03-19,238.823073096,242.63147067,243.949022355,237.197772111,3853598.0
2025-03-20,234.88965237,234.004873135,237.351646761,228.142248992,7026796.0
2025-03-21,232.437275144,234.533817243,235.817708849,229.369399321,9580084.0
2025-03-24,237.842122206,238.938479083,239.29431421,236.548613434,4753331.0
2025-03-25,238.851924593,240.332968094,241.294684653,238.698049943,3133809.0
2025-03-26,241.631285448,240.75612338,244.583755284,239.977132967,4452220.0
2025-03-27,240.150241947,236.784233991,240.717654717,236.31780146,2889328.0
2025-03-28,236.841936984,234.658840396,238.092168511,232.802727437,3125594.0
2025-03-31,233.447077531,239.14043956,241.285067487,233.206648391,6794972.0
2025-04-01,238.534558128,240.75612338,241.025404016,234.16836495,4413139.0
2025-04-02,238.717284274,240.409905418,243.112328949,237.765184881,4080832.0
2025-04-03,233.418226034,234.16836495,241.01578685,233.245117054,5309626.0
2025-04-04,228.888541042,218.771282841,230.965848809,218.194252905,7407096.0
2025-04-07,210.846738395,217.136364691,223.39713949,206.288201905,7797889.0
2025-04-08,223.656802961,212.568211035,224.128044074,208.961773939,6849996.0
2025-04-09,208.80789929,226.301523498,227.253622891,206.926397014,7302808.0
2025-04-10,222.156525129,220.762036118,223.666420126,213.520310429,5656108.0
2025-04-11,220.925527933,226.465015313,228.484620087,218.800134338,4325895.0
2025-04-14,230.590779351,229.907960594,232.514212469,227.667161012,3321717.0
2025-04-15,230.379201708,231.485175751,232.283400495,229.148204512,3363708.0
2025-04-16,231.081254796,229.43671948,233.985542633,226.859319102,4870299.0
2025-04-17,230.504224861,229.667531454,232.519021052,228.311511106,4635204.0
2025-04-21,228.951052618,227.176685566,231.586155989,224.012638087,4908923.0
2025-04-22,229.369399321,231.677519063,233.350905875,228.907775373,4232658.0
2025-04-23,236.582273514,236.082180903,239.794406821,234.331856765,7948259.0
2025-04-24,222.324825526,220.550458475,223.868380604,215.847760673,15428144.0
2025-04-25,220.185006183,223.512545477,224.426176208,217.655691632,6700068.0
2025-04-28,223.945317928,227.118982573,227.570989356,223.185561847,3653461.0
2025-04-29,227.926824483,230.225327059,230.792739828,227.099748242,3426508.0
2025-04-30,227.667161012,232.562298297,233.18741406,225.368754607,5142993.0
2025-05-01,232.196846004,230.484990529,233.091242404,228.835646631,4243294.0
2025-05-02,233.817338406,236.149501062,236.28414138,232.091057183,3731946.0
2025-05-05,234.40879409,239.640532171,240.236796438,234.312622434,4138168.0
2025-05-06,238.274894657,239.582829178,240.611865896,236.688062335,2900556.0
2025-05-07,239.900195642,243.670124553,244.728012768,239.305854809,3400001.0
2025-05-08,245.237722545,244.410646304,246.699531714,243.554718566,3637012.0
2025-05-09,244.459052215,241.254587193,244.933429213,239.744325732,2901346.0
2025-05-12,244.449371052,245.601429474,245.717603433,236.849657932,4609520.0
2025-05-13,246.317835552,250.345199447,251.303634605,244.817255254,3521389.0
2025-05-14,249.386764289,249.59974988,252.242707436,248.050763766,3635124.0
2025-05-15,250.751808302,258.177260484,258.903347725,250.364561773,4856276.0
2025-05-16,257.857782098,258.254709789,259.435811701,256.153897373,3817937.0
2025-05-19,256.986477409,259.852101719,260.553986052,256.62827437,3198903.0
2025-05-20,258.874304235,258.43865189,260.694362918,257.151153995,2437860.0
2025-05-21,256.521781575,252.552504659,257.180003862,252.107171151,3753904.0
2025-05-22,252.455693027,250.132213856,252.940816115,249.686880349,3091253.0
2025-05-23,250.335518284,250.3839241,251.584001091,247.634473748,2722721.0
2025-05-27,252.678359781,254.837259176,255.376403155,251.352040421,3284216.0
2025-05-28,254.769491034,251.942591377,256.550825065,251.65215648,2318437.0
2025-05-29,252.4363307,250.442011079,252.804214902,248.583227743,2295228.0
2025-05-30,250.500098058,250.800214118,251.826417418,248.902706129,9668923.0
2025-06-02,249.628793369,255.485897111,255.559473952,249.018880087,2831881.0
2025-06-03,254.953433135,256.744448329,257.092970204,254.207983568,2494922.0
2025-06-04,256.454013432,257.054245551,258.487057707,256.347520637,2588741.0
2025-06-05,256.744448329,258.351521422,258.98079703,256.647636697,2659478.0
2025-06-06,259.445492864,260.297435227,261.555986444,259.000159357,2495543.0
2025-06-09,259.55198566,263.405088617,264.750770303,258.206303973,4331464.0
2025-06-10,264.479697733,267.432452513,268.623235587,263.869784451,5163507.0
2025-06-11,267.87778602,272.544106687,272.766773441,266.33848107,4656034.0
2025-06-12,272.553787851,272.06972969,274.035005822,270.907990105,3418007.0
2025-06-13,269.334801083,268.381206507,270.917671268,267.035524821,3243824.0
2025-06-16,270.399729036,272.844222747,275.429093324,269.780812272,3685321.0
2025-06-17,272.185903649,274.025324659,275.709750245,272.040783012,3069556.0
2025-06-18,275.913151485,274.18022327,277.762253658,273.918831863,3534110.0
2025-06-20,270.375526128,272.011642711,275.061209122,268.361844181,7676962.0
2025-06-23,272.669961809,279.959877706,280.347124235,271.275874307,3786159.0
2025-06-24,281.199066597,284.422893946,284.955261111,279.214428139,4219120.0
2025-06-25,285.100575371,281.77993639,286.717329627,280.269674929,3862309.0
2025-06-26,282.496342467,282.622197589,283.570951584,280.913472282,3621110.0
2025-06-27,283.629038563,280.463298193,283.774256011,279.320920934,3562501.0
2025-06-30,281.654081268,285.381329104,285.410372594,280.75373309,3495386.0
2025-07-01,285.15866235,281.915472675,285.698968069,280.831182395,3272797.0
2025-07-02,280.75373309,278.478659735,280.93767519,277.752572494,3257515.0
2025-07-03,278.759413468,282.660922242,282.999762954,278.720688815,1853289.0
2025-07-07,283.174023892,283.144980402,285.807203473,281.102932646,4488064.0
2025-07-08,283.754893685,281.160341944,286.18486565,280.259993766,2925329.0
2025-07-09,282.099414776,280.889269374,282.302719203,279.42741373,2971309.0
2025-07-10,279.688805136,278.265674145,279.688805136,273.212106949,3489068.0
2025-07-11,275.922832648,274.548107472,278.265674145,273.899469537,3790679.0
2025-07-14,273.812339068,274.741730736,275.84054276,272.728048788,2857401.0
2025-07-15,274.72236841,273.686483946,275.095093193,271.779391605,2864106.0
2025-07-16,273.734889762,272.931353216,274.819180042,270.946714758,2804831.0
2025-07-17,272.524744361,273.008802522,274.418960755,271.943874568,3337168.0
2025-07-18,274.344803044,276.755412684,278.004282738,273.221788112,4478165.0
2025-07-21,277.162021539,275.632397751,278.556109041,275.312919365,3051791.0
2025-07-22,275.661441241,272.970077869,275.796977526,272.282715281,4824219.0
2025-07-23,275.23547006,273.018483685,278.894949753,272.466657382,8105906.0
2025-07-24,252.920388861,252.203982783,253.693526555,244.691400132,22647720.0
2025-07-25,251.729605786,251.43917089,252.484736516,248.176618888,7758653.0
2025-07-28,252.000678356,254.81789685,255.582708744,251.332678094,5192516.0
2025-07-29,255.87314364,254.043403793,257.32522131,252.697722107,4627265.0
2025-07-30,253.259229573,251.961953703,253.646476102,250.645315506,3718290.0
2025-07-31,251.293953441,245.078646661,251.700562296,244.178298482,6739092.0
2025-08-01,243.389283681,242.077486066,243.4610211,237.7790496,9683404.0
2025-08-04,243.045602387,243.945950565,244.042762197,240.199340403,5280588.0
2025-08-05,243.965312892,242.677718185,244.739805948,241.056123347,5823016.0
2025-08-06,243.510298221,244.236385461,246.211342756,241.332036498,3692105.0
2025-08-07,244.749487112,242.183978861,246.869661855,240.939949388,6251285.0
2025-08-08,242.573843716,236.131328822,243.158640832,235.527038469,6828390.0
2025-08-11,236.102088966,230.312597518,236.989031259,228.753138542,9381960.0
2025-08-12,230.536769745,228.821364872,231.930536205,227.447091649,8800597.0
2025-08-13,230.215131332,233.98707273,234.73863449,230.215131332,5663562.0
2025-08-14,232.213188145,231.102073624,232.94418454,229.649827453,4556725.0
2025-08-15,231.589404554,233.645941079,234.523136753,230.770688592,4344322.0
2025-08-18,233.4997418,233.382782377,235.302866241,233.057050383,3569594.0
2025-08-19,233.9188464,235.16641358,236.677139463,233.421768851,3328305.0
2025-08-20,235.975382924,236.404234143,236.725872556,234.250231432,3240064.0
2025-08-21,236.07284911,233.334049284,236.35550105,232.603052889,2991902.0
2025-08-22,234.640096176,235.955889687,237.505602044,234.133272009,3134882.0
2025-08-25,236.41885407,233.363289139,236.41885407,233.363289139,3513327.0
2025-08-26,234.913001497,236.482207091,238.772662462,234.289217906,5386582.0
2025-08-27,236.716125938,238.636209802,239.727831085,235.86817012,3698372.0
2025-08-28,239.211260299,239.503658857,239.649858136,237.193710249,2820817.0
2025-08-29,239.016327927,237.320416291,239.240402689,235.595264799,2967558.0
2025-09-02,234.796042074,235.38083919,235.429572283,232.213188145,3469501.0
2025-09-03,233.938339637,237.914960026,238.061159305,233.343795902,3163225.0
2025-09-04,239.201513681,240.916918554,242.96370846,236.696632701,4765087.0
2025-09-05,241.940313507,242.232712065,242.720042995,239.230753537,3147478.0
2025-09-08,242.330178251,249.601155727,250.634297298,240.760972657,6940270.0
2025-09-09,249.630395583,252.544634544,254.055360427,248.421814876,4931105.0
2025-09-10,253.070951948,250.371138596,253.490056548,248.109923081,5185420.0
2025-09-11,251.033908661,250.497844638,251.993950593,249.177177818,3576048.0
2025-09-12,250.439364927,247.018301798,250.731763485,246.02902001,3433300.0
2025-09-15,247.583605677,249.747355006,252.486154833,247.56411244,4028365.0
2025-09-16,249.766848243,250.994922187,251.46275988,247.963723802,2719918.0
2025-09-17,250.97055564,252.515394688,254.352047497,250.497844638,3974785.0
2025-09-18,252.300969079,258.2853929,258.509565127,250.293555512,4988421.0
2025-09-19,259.308787853,259.649919503,261.082672438,256.95985277,9858112.0
2025-09-22,259.864345113,264.493988948,265.410171096,259.26005476,5030540.0
2025-09-23,265.790289222,265.341944766,266.371382622,262.442325732,5394121.0
2025-09-24,265.712316273,260.751287405,266.716120522,260.527115178,3159924.0
2025-09-25,266.019334759,274.308833878,277.028140467,264.277614015,11506192.0
2025-09-26,273.402398348,277.106113416,281.531078261,273.012533604,9063938.0
2025-09-29,278.75329196,272.710388428,278.75329196,272.573935767,6022125.0
2025-09-30,273.763023236,275.010590417,278.777658506,273.412144967,5926924.0
2025-10-01,273.100253172,279.230876271,279.328342457,273.051520078,4381338.0
2025-10-02,278.548612969,279.455048499,281.228933084,275.624627389,3814232.0
2025-10-03,280.21528475,281.063240568,285.887816775,280.020352378,4375082.0
2025-10-06,281.297159414,282.086635521,284.065199097,280.507683308,2881947.0
2025-10-07,288.061312723,286.423880798,293.414642989,285.85370361,7190126.0
2025-10-08,286.706532737,282.125621995,286.745519212,279.214307019,5297030.0
2025-10-09,282.476500265,280.926787907,282.778645441,276.141198175,4912375.0
2025-10-10,281.648037684,270.780557945,283.027184216,270.46866615,4508506.0
2025-10-13,272.700641809,270.195760829,275.283398272,267.68113323,4333836.0
2025-10-14,268.538835667,269.152872638,270.497906005,265.641068491,3058149.0
2025-10-15,271.326368586,273.636317195,278.217227937,269.98133522,3346753.0
2025-10-16,273.987195464,268.977433504,275.400455161,268.616808616,2956923.0
2025-10-17,269.152872638,274.15288798,276.219171124,268.373143151,5309565.0
2025-10-20,274.123648125,276.462836589,278.26596103,273.840996185,3494336.0
2025-10-21,276.131451556,274.903377613,278.080775276,274.464779776,4080981.0
2025-10-22,274.844897901,280.225031368,281.842970056,274.221114311,10538480.0
2025-10-23,258.236659807,277.7786301,278.343056783,256.884121543,16676394.0
2025-10-24,276.579796012,299.669535475,302.876172995,275.05932351,16914243.0
2025-10-27,300.000920508,305.156881747,305.55649311,295.205584156,9868151.0
2025-10-28,304.679297436,304.65005758,311.258264991,303.519449822,6044770.0
2025-10-29,304.864483189,300.40053187,306.365462453,299.728015187,4135948.0
2025-10-30,298.880059369,302.203656311,305.800158575,297.291360537,4694275.0
2025-10-31,304.09450032,299.620802382,305.55649311,293.987256831,7697499.0
2025-11-03,300.19585288,297.008708597,304.232025108,296.521377667,4957958.0
2025-11-04,292.398558,293.227020581,295.488236096,288.49991056,5677330.0
2025-11-05,293.743591366,298.997018792,299.416123392,292.11590606,4650368.0
2025-11-06,298.977525555,304.503858301,307.447337118,293.460939427,6818521.0
2025-11-07,301.833284804,298.616900666,302.1451766,294.962016157,5070773.0
2025-11-10,300.694576485,302.958459125,303.752288103,298.156283828,2975188.0
2025-11-11,302.831054475,307.456823333,311.56317323,302.272434083,4381913.0
2025-11-12,313.503644064,308.691668409,318.413623297,308.253004396,6042686.0
2025-11-13,306.055372174,298.773706366,308.319254815,297.617264152,5310150.0
2025-11-14,294.0107325,299.587136059,301.576608683,291.648846282,3592455.0
2025-11-17,299.489132482,291.237231256,299.89094715,290.590407645,3909741.0
2025-11-18,291.070625175,284.161372961,291.070625175,284.131971888,4861928.0
2025-11-19,284.700392637,282.76972216,285.298116456,282.318905704,3595912.0
2025-11-20,288.757740746,284.60238906,294.7065579,284.367180474,5597028.0
2025-11-21,287.620899247,291.501840916,294.481149672,286.062642364,5710903.0
2025-11-24,293.207103164,298.048479893,301.047389364,291.57044342,6050640.0
2025-11-25,298.053380071,298.401292772,299.89094715,291.129427321,2825322.0
2025-11-26,299.087317814,297.156647337,300.478968615,295.617991171,2196446.0
2025-11-28,297.989677746,302.419439449,303.007460914,297.53886129,1689031.0
2025-12-01,300.385865216,299.567535344,300.988587218,296.75483267,3166555.0
2025-12-02,300.870982925,295.755196179,304.269256974,295.549388666,4261100.0
2025-12-03,296.833235532,296.57842623,297.901474526,292.937593326,3953390.0
2025-12-04,296.828335353,301.841218342,303.428876297,296.500023368,2962463.0
2025-12-05,302.429239807,301.792216553,305.604555718,301.047389364,2344667.0
2025-12-08,303.438676655,303.007460914,309.049773481,301.802016911,3630157.0
2025-12-09,303.448477013,304.281507422,307.701832276,302.586045531,2935669.0
2025-12-10,304.036498478,306.427785769,308.407458034,300.52924445,3411524.0
2025-12-11,305.7711618,304.536316723,307.182413316,302.24303301,2755749.0
2025-12-12,304.369710641,303.066263061,304.840127813,297.27425163,2953374.0
2025-12-15,302.816353938,302.497842311,305.146781007,300.233959671,3566732.0
2025-12-16,301.179694194,297.127246264,301.243396519,294.422347525,3366878.0
2025-12-17,297.725068087,297.264451273,300.135956093,297.029242687,3130954.0
2025-12-18,297.097845191,294.451748598,298.371891698,289.796578667,5411669.0
2025-12-19,294.353745021,294.971167559,300.733777916,293.128700302,11031341.0
2025-12-22,295.020169348,296.745032312,297.127246264,292.364272398,2612100.0
2025-12-23,295.323980438,297.715267729,299.038316025,294.647755753,2923037.0
2025-12-24,297.695667014,298.479695634,299.057916741,296.264814782,1210642.0
2025-12-26,298.607100284,298.999114594,299.645938206,297.602563615,2814732.0
2025-12-29,298.567898853,299.636137848,303.81109025,297.685866656,4664711.0
2025-12-30,300.037952516,296.019805838,300.121255557,295.97080405,1883651.0
2025-12-31,295.735595464,290.296396912,295.823798683,289.963184749,3430133.0
2026-01-02,291.619445209,285.680428412,291.629147563,283.230338975,4662804.0
2026-01-05,289.865181171,289.081152551,293.216903522,288.375526793,4189960.0
2026-01-06,289.110553625,296.431420864,296.990041256,288.542132875,4147315.0
2026-01-07,296.460821937,290.806015515,298.23468669,290.428701742,2833274.0
2026-01-08,289.110553625,296.676429808,297.607463794,289.110553625,3343273.0
2026-01-09,296.568625872,298.14648347,300.870982925,295.97080405,2718828.0
2026-01-12,296.57842623,305.947568239,306.094573605,293.971531069,3895197.0
2026-01-13,305.37914749,297.107645549,306.564990777,295.843399399,4507760.0
2026-01-14,297.440857712,302.860455548,303.017261272,295.480786162,3779045.0
2026-01-15,302.831054475,292.001659161,305.653557507,291.109826606,4932480.0
2026-01-16,294.990768275,299.567535344,301.311999023,294.775160404,6199635.0
2026-01-20,295.333780796,285.533423046,295.57878974,284.367180474,7275490.0
2026-01-21,286.915273489,291.599844493,291.727249144,286.670264545,5185023.0
2026-01-22,293.44231175,288.787141819,294.917265591,287.67195911,3670152.0
2026-01-23,288.199120354,286.601662041,288.458829834,284.004567237,3298424.0
2026-01-26,287.307287799,290.414001205,290.889318556,287.287687083,3726890.0
2026-01-27,291.227430899,287.993312841,291.39403698,287.415091734,2954936.0
2026-01-28,288.297123931,288.287323574,290.041587611,285.44531783,5790347.0
2026-01-29,311.514171441,303.066263061,313.513444422,297.411456639,10124929.0
2026-01-30,301.45900439,300.576972192,301.638350936,293.74612284,5940669.0
2026-02-02,301.37080117,308.446659465,310.318527796,300.292761817,4581189.0
2026-02-03,306.16317611,288.43432894,306.72669668,278.183154733,11466529.0
2026-02-04,285.592225192,283.279340763,285.592225192,273.390779793,8708033.0
2026-02-05,280.388235227,284.102570814,285.984239502,279.408199452,5532797.0
2026-02-06,286.660464187,292.96209422,293.902928564,284.854258254,3744313.0
2026-02-09,290.00238618,290.423801563,291.776250933,285.60202555,4627815.0
2026-02-10,290.749057385,287.565493687,293.331390787,286.156052173,3837343.0
2026-02-11,288.13715528,268.887929575,289.280478466,268.444497591,7628244.0
2026-02-12,266.41401475,255.78899411,267.399638186,253.522060207,12565380.0
2026-02-13,256.26209336,258.607877137,260.855098571,252.950398615,6842620.0
2026-02-17,255.473594611,254.596389753,256.952029765,250.989007977,4929733.0
2026-02-18,254.921645487,257.040735874,257.356135373,252.566005475,3949229.0
2026-02-19,252.319599616,252.595574178,254.56682105,249.866382883,4948700.0
2026-02-20,251.52617275,253.462922801,255.315894861,250.151228056,4708550.0
2026-02-23,250.713033415,220.13899443,251.521244632,217.546804793,19522881.0
2026-02-24,224.52501872,226.023166343,233.192295529,220.414968992,13379817.0
2026-02-25,229.867097743,234.124990987,236.106094093,227.895850871,8569713.0
2026-02-26,236.263793843,238.530727746,243.931845613,235.514720032,7343055.0
2026-02-27,234.647371408,236.756605561,236.756605561,231.192761265,6642222.0
2026-03-02,232.311443865,235.928681875,237.31841092,230.419046868,6220287.0
2026-03-03,232.952099098,241.753716382,242.552071365,230.92171482,6960369.0
2026-03-04,242.212031279,246.464996406,247.24363892,241.433388765,6084995.0
2026-03-05,245.735635063,252.861692505,256.636630265,245.420235564,9899962.0
2026-03-06,252.753273927,255.128626408,255.670620736,248.584086793,6234402.0
2026-03-09,251.708513085,249.687985041,254.369696362,247.954273417,6126567.0
2026-03-10,249.618991401,246.602983687,249.796403619,243.005458145,4937960.0
2026-03-11,246.410787117,245.292104517,250.067450064,243.646113379,4012239.0
2026-03-12,243.547551035,244.119212628,246.450212054,242.108540819,5547724.0
2026-03-13,244.109356394,242.739339818,246.129884437,241.191911023,4338431.0
2026-03-16,244.306481081,245.666641423,248.574230559,242.561927599,5674228.0
2026-03-17,246.908526952,252.428018193,252.703992756,246.405859,5840139.0
2026-03-18,250.506052493,247.982856497,254.56682105,246.563558749,5177047.0
2026-03-19,245.844053641,246.770539671,248.564374324,244.681017987,4249458.0
2026-03-20,245.420235564,238.294178121,246.681833562,238.294178121,11314093.0
2026-03-23,242.956176974,244.868286439,247.736450638,241.192009585,4972008.0
2026-03-24,242.901967685,237.131142467,243.557407269,234.578377768,4151491.0
2026-03-25,240.097869009,237.919641216,242.650633708,234.578377768,4207946.0
2026-03-26,237.101573764,238.195615778,243.127872576,236.352499952,3606840.0
2026-03-27,235.416157688,232.942242864,235.997675515,230.389478165,4853707.0
2026-03-30,234.38125308,233.839160191,236.756605561,232.736247566,3882602.0
2026-03-31,236.815742967,238.905264652,239.358651432,232.981667801,4750293.0
2026-04-01,238.639146324,239.644482229,242.721401471,236.687611921,4228653.0
2026-04-02,239.506494948,244.592311877,244.641888736,238.013275442,3350858.0
2026-04-06,244.572599409,243.192726598,245.321574658,241.221479726,3376019.0
2026-04-07,241.793141319,241.54673546,242.226815631,237.633810419,2356072.0
2026-04-08,245.055554892,238.264609418,246.405859,237.338123388,4771476.0
2026-04-09,237.416973263,233.77016655,238.264609418,230.399334399,5078595.0
2026-04-10,235.751269656,227.442464091,235.82755691,227.196058232,5869361.0
2026-04-13,230.271203352,234.400965549,234.647371408,228.368950121,5349619.0
2026-04-14,235.317595345,236.815742967,238.065020672,234.69665258,3777272.0
2026-04-15,238.767277371,241.280617132,242.522502662,237.520463724,3879518.0
2026-04-16,245.173829705,247.391482436,247.608319591,242.586568185,4817500.0
2026-04-17,251.008720446,249.825972322,251.974631413,247.430907373,5671471.0
2026-04-20,251.33397618,250.062521947,254.783658206,248.929054996,5157714.0
2026-04-21,250.348352744,252.004200116,254.379552597,248.244046708,5584901.0
2026-04-22,250.851020696,248.23911859,253.837459707,243.655969613,12190197.0
2026-04-23,228.930755479,227.75786359,229.561554478,218.542284464,22297831.0
2026-04-24,228.595643511,228.644924683,229.453037338,221.7652731,9816859.0
2026-04-27,226.644109108,224.771424579,227.994413215,223.854794784,8060665.0
2026-04-28,227.186201998,229.689685525,230.197281594,225.175530188,5162895.0
2026-04-29,227.028502248,223.835082315,228.152112965,223.559107753,6443724.0
2026-04-30,223.273276957,227.659301247,228.270387777,221.666710756,6283334.0
2026-05-01,231.177976913,228.861761839,232.557849724,228.418231293,3582091.0
2026-05-04,228.664637152,226.180866093,230.724590133,225.328301821,4003082.0
2026-05-05,226.851090029,225.737335547,227.679013716,223.884363487,4221889.0
2026-05-06,225.461360985,222.494634442,225.707766844,221.154186569,7673185.0
2026-05-07,224.22933169,227.984556981,228.487224933,224.14062558,5485545.0
2026-05-08,228.093773804,228.123560133,229.061829476,223.228673505,5332800.0
2026-05-11,227.031394759,221.957790162,228.59021261,220.96491255,6677186.0
2026-05-12,222.831522461,217.658630102,222.831522461,217.658630102,6045225.0
2026-05-13,216.715396371,213.111250639,216.755111475,210.827632132,8361214.0
2026-05-14,214.009804878,216.814684132,219.386237147,213.46868658,5906199.0
2026-05-15,216.645894938,217.738060311,219.336593266,216.065061535,6154450.0
2026-05-18,216.993402102,221.163488073,221.739357087,216.199100013,5946367.0
2026-05-19,222.901023894,220.746479475,225.730725088,220.339399655,5937754.0
2026-05-20,219.475596132,223.3974627,223.3974627,215.236008729,4873381.0
2026-05-21,230.923474998,251.168249507,251.823548731,229.290191327,25707791.0
2026-05-22,260.183578224,252.03205303,262.49698306,251.585258104,19072873.0
2026-05-26,252.736996134,248.904488552,252.736996134,243.701809865,9256109.0
2026-05-27,248.671162313,253.382366582,255.785130403,248.671162313,9275543.0
2026-05-28,259.141056732,262.338122642,266.97486109,255.169546284,12432879.0
2026-05-29,275.324961807,295.678952853,298.856061924,271.383237687,28480996.0
2026-06-01,320.25267375,318.137844437,325.643999183,305.806304496,32880180.0
2026-06-02,311.515350765,326.885096198,330.092090885,307.900283379,17210696.0
2026-06-03,316.027979511,303.453184555,316.027979511,300.375363246,13926558.0
2026-06-04,305.235399869,299.620676973,308.228925869,298.04200157,9608097.0
2026-06-05,297.8632836,282.811259002,300.146902107,279.068209692,12509480.0
2026-06-08,284.399863181,278.819891001,288.430946286,277.439791121,6790639.0
2026-06-09,279.132647449,275.513608553,281.570161987,269.357767359,9007918.0
2026-06-10,271.869747717,270.420146404,278.512098942,269.397482463,5497137.0
2026-06-11,266.091200016,272.892411658,274.510702877,264.601883598,7558322.0
2026-06-12,276.953281091,270.30100109,276.953281091,265.77347918,5748915.0
2026-06-15,270.062710464,266.79614312,270.310929867,262.913991657,7178779.0
2026-06-16,268.940758762,268.881186105,274.649805031,266.696855359,4917642.0
2026-06-17,264.452951956,260.481441508,266.955003538,260.01478903,5537042.0
2026-06-18,249.589574104,247.325813149,250.671810701,241.944416492,16619749.0
2026-06-22,246.660585149,250.423591298,251.505827895,242.073490581,9615393.0
2026-06-23,259.716925746,263.052994523,265.624547538,253.441939239,15686117.0
2026-06-24,259.978052558,261.087096851,263.182068612,254.358961001,8149935.0
2026-06-25,265.763550404,256.430500851,266.841716202,254.176668672,8539694.0
2026-06-26,257.095728851,269.695345747,271.189626553,256.440429627,9719927.0
2026-06-29,272.346328971,276.019976136,276.168907777,267.143650284,6464204.0
2026-06-30,271.264092374,279.20711327,280.556831096,269.188978165,7458360.0
2026-07-01,277.668152971,284.211216435,292.392527957,276.973138643,6905811.0
2026-07-02,281.123367061,287.457926226,288.857883659,280.269492315,5950158.0
2026-07-06,286.291295032,297.386702346,298.677343954,285.601245091,7181525.0
2026-07-07,303.482970883,303.949623361,309.579239421,298.349892917,8618569.0
2026-07-08,298.627799361,299.898682704,301.656076077,293.484693331,7416749.0
2026-07-09,283.799172226,293.196758823,295.16642943,282.412221489,10841979.0
2026-07-10,295.142798943,285.511886106,296.642044137,285.45231345,3640089.0
2026-07-13,288.430946286,288.16286933,295.38108957,287.040917629,5024243.0
2026-07-14,224.75274064,215.523943236,228.282420551,211.70136443,67440873.0
2026-07-15,219.391201535,209.695751654,222.218916974,209.52696246,29590356.0
2026-07-16,207.332702937,217.489840908,218.383430759,202.983898997,22533271.0
2026-07-17,214.084270699,211.155281744,215.62313171,208.722731594,13150177.0
2026-07-20,208.573799952,211.482931356,214.735796988,207.332702937,9585016.0
2026-07-21,209.2191704,209.000737326,213.438900251,207.690138878,11954411.0
2026-07-22,206.20082246,204.304426221,210.829320024,203.271833504,14606736.0
2026-07-23,201.196719295,205.178158519,206.07174837,197.771291534,15306010.0
2026-07-24,207.789426639,212.664455714,214.560851953,205.327090161,10578780.0
2026-07-27,216.199100013,214.739569923,218.065709923,213.756621087,8369433.0
2026-07-28,218.164997684,225.92930061,227.349115595,213.578002405,13262958.0
2026-07-29,226.078232252,224.827206461,229.324942043,222.354941207,8806699.0
2026-07-30,220.418829864,220.160681684,223.258459834,218.631650162,9675157.0
2026-07-31,219.574883893,222.057077923,223.159172073,215.042397595,9093613.0
2026-08-03,226.703745147,224.698132371,226.922178222,223.26838861,7974681.0
2026-08-04,223.159172073,233.475170461,233.634030879,221.709570759,7537896.0
2026-08-05,234.418404193,234.239686223,237.260714933,231.797207297,5726854.0
2026-08-06,227.974628491,231.767420969,232.800013685,226.812961685,4250062.0
2026-08-07,233.703532312,235.589999775,235.624750491,231.062477864,4763304.0
2026-08-10,235.0,236.31,240.735,234.13,7348858.0
2026-08-11,236.31,238.42,241.8,235.44,4468987.0
2026-08-12,236.95,235.98,237.46,231.68,5696182.0
2026-08-13,238.92,237.14,239.71,233.61,5395192.0
2026-08-14,238.37,234.32,239.15,233.73,4523467.0
2026-08-17,231.59,228.85,233.65,227.4,7564317.0
2026-08-18,229.73,232.67,234.4499,229.415,4650116.0
2026-08-19,232.26,237.16,238.615,230.51,5342567.0
2026-08-20,236.0,233.69,237.5,233.03,4986890.0
2026-08-21,233.71,235.68,238.72,233.12,3888743.0
2026-08-24,234.37,231.04,234.49,230.47,4085030.0
2026-08-25,230.0,234.19,234.435,229.51,3023636.0
2026-08-26,230.7,229.87,234.23,228.96,4631964.0
2026-08-27,232.8,238.79,240.8065,231.45,5505922.0
2026-08-28,238.3,235.59,239.08,235.09,3945403.0
2026-08-31,232.73,233.87,235.9379,232.18,6101445.0
2026-09-01,231.0,231.4,233.09,229.9,3240341.0
2026-09-02,230.545,231.7,232.88,229.1,4654576.0
2026-09-03,234.38,234.71,238.29,232.815,4375426.0
2026-09-04,233.33,234.89,236.17,231.68,3722860.0
2026-09-08,232.95,232.09,233.4,230.2,4787646.0
2026-09-09,232.65,239.94,241.5,230.36,6404717.0
2026-09-10,238.18,234.02,242.31,231.83,5820269.0
2026-09-11,235.78,243.29,243.63,235.0,4919572.0
