time_key,open,close,high,low,volume
2018-01-02,38.937258688,39.331836342,39.373812688,38.794539111,23370791.0
2018-01-03,38.173289188,37.996988534,38.794539111,36.645350188,116478986.0
2018-01-04,36.536211688,37.300181188,37.484877111,35.839404342,89209119.0
2018-01-05,37.300181188,37.560434535,37.904640573,36.855231919,41824006.0
2018-01-08,37.165856881,37.560434535,37.644387227,36.905603535,33733769.0
2018-01-09,37.526853458,36.620164381,37.644387227,36.511025881,44282311.0
2018-01-10,36.376701573,35.679894227,36.603373842,35.629522612,45734951.0
2018-01-11,35.931752304,36.443863727,36.586583304,35.637917881,35371519.0
2018-01-12,36.477444804,36.30114415,36.603373842,36.108052958,29973553.0
2018-01-16,36.561397496,36.217191458,36.762883958,36.003112092,38367181.0
2018-01-17,36.557199862,37.266600111,37.316971727,36.527816419,32368612.0
2018-01-18,37.274995381,37.342157535,37.5562369,37.081904188,26826529.0
2018-01-19,37.459691304,37.627596688,37.686363573,37.149066342,25780217.0
2018-01-22,37.61080615,38.408356727,38.441937804,37.602410881,27706762.0
2018-01-23,38.458728342,38.668610073,38.693795881,38.307613496,22135103.0
2018-01-24,38.534285765,38.206870265,38.727376957,37.745130458,32464221.0
2018-01-25,38.517495227,38.030569611,38.928863419,37.921431111,36758746.0
2018-01-26,40.616312534,42.043508303,42.102275188,40.398035534,86916079.0
2018-01-29,41.64053538,41.959555611,42.689944034,41.447444188,46304040.0
2018-01-30,41.53979215,40.960518573,42.026717765,40.918542227,32814590.0
2018-01-31,41.329910419,40.414826073,41.346700957,39.927900457,41619914.0
2018-02-01,40.041236592,40.00345788,40.691869957,39.835552496,28840380.0
2018-02-02,39.726413996,38.735772227,40.12099165,38.70219115,28663029.0
2018-02-05,38.912072881,37.375738611,39.67604238,37.358948073,47869041.0
2018-02-06,37.206694141,37.95894216,37.97584661,36.369923873,58145381.0
2018-02-07,37.680018737,38.204056683,39.133801425,37.477165339,37508414.0
2018-02-08,38.271674483,36.1417138,38.390005632,36.12480935,43151330.0
2018-02-09,36.767178445,37.147528567,37.42645199,35.533153605,49301141.0
2018-02-12,37.316573065,37.891324361,38.170247783,37.265859716,28379521.0
2018-02-13,37.688470962,37.578592038,37.844837124,37.405321427,19517609.0
2018-02-14,37.248955266,38.356196732,38.466075656,37.223598591,19922010.0
2018-02-15,38.778807978,38.812616878,38.871782453,37.99275106,23536793.0
2018-02-16,38.723868516,38.508336781,39.378915948,38.466075656,21475207.0
2018-02-20,38.423814531,39.150705875,39.480342648,38.364648957,25511962.0
2018-02-21,39.446533748,38.829521328,39.77617052,38.812616878,27527487.0
2018-02-22,38.998565827,38.711190179,39.353559274,38.55905013,16946353.0
2018-02-23,39.167610325,40.34246959,40.39318294,39.138027538,26040911.0
2018-02-26,40.739724162,41.508876631,41.525781081,40.655201913,26992306.0
2018-02-27,41.728634479,42.185054625,43.021824893,41.677921129,43624077.0
2018-02-28,42.413264698,41.661016679,42.548500297,41.652564455,35541183.0
2018-03-01,41.838513403,40.435444065,42.020236239,40.122711742,36326639.0
2018-03-02,39.894501669,41.398997707,41.458163281,39.691648271,33310592.0
2018-03-05,41.052456485,42.049819026,42.087854038,40.605333786,30826521.0
2018-03-06,42.396360248,42.86123262,43.385270565,42.387908023,39132300.0
2018-03-07,42.413264698,43.37681834,43.516280052,42.345646899,31801943.0
2018-03-08,43.774072912,42.886589294,44.019187435,42.658379221,29481157.0
2018-03-09,43.334557216,44.112161909,44.205136383,43.106347143,32727914.0
2018-03-12,43.833238486,43.545862839,43.909308511,42.683735896,32044382.0
2018-03-13,44.391085332,43.765620687,45.456065673,43.435983915,45573922.0
2018-03-14,44.002282985,43.833238486,44.099483572,43.368366115,24993502.0
2018-03-15,44.145970809,43.004920443,44.205136383,43.004920443,25631228.0
2018-03-16,43.250034966,43.250034966,43.698002888,43.097894918,42559810.0
2018-03-19,42.886589294,42.962659319,43.300748316,42.201959075,31115248.0
2018-03-20,43.004920443,43.571219514,43.790977362,42.979563769,22214951.0
2018-03-21,43.571219514,43.579671739,44.095257459,43.250034966,23239476.0
2018-03-22,42.886589294,42.962659319,43.917760736,42.768258145,30915970.0
2018-03-23,42.75980592,41.720182254,43.097894918,41.720182254,37683871.0
2018-03-26,42.886589294,44.357276432,44.365728657,42.531595847,39306227.0
2018-03-27,44.805244353,43.266939416,45.008097752,42.920398194,38777042.0
2018-03-28,42.683735896,41.923035652,42.852780395,41.424354381,37970859.0
2018-03-29,42.2442202,44.019187435,44.019187435,42.151245725,45265805.0
2018-04-02,43.689550663,41.348284357,43.985378535,39.970571693,67187824.0
2018-04-03,41.415902157,42.049819026,42.22731575,40.917220886,39432360.0
2018-04-04,40.655201913,42.252672425,42.396360248,40.579131888,30370046.0
2018-04-05,42.269576874,42.582309197,42.869684844,42.235767975,25115351.0
2018-04-06,42.083627926,41.238405433,42.599213647,40.99329091,28215164.0
2018-04-09,41.551137755,41.880774528,43.199321617,41.551137755,31436989.0
2018-04-10,43.207773842,43.334557216,43.520506164,42.548500297,26417762.0
2018-04-11,43.097894918,43.190869392,43.723359562,42.954207094,17568432.0
2018-04-12,43.520506164,44.56012983,45.024156979,43.486697264,29781357.0
2018-04-13,44.847505478,43.833238486,44.974288852,43.613480638,20884874.0
2018-04-16,44.196684158,44.289658633,44.399537557,43.774072912,18855458.0
2018-04-17,44.720722104,45.253212275,45.388447874,44.703817654,21228696.0
2018-04-18,45.236307825,45.312377849,45.942068607,45.084167776,22164679.0
2018-04-19,44.754531004,44.137518584,44.762983229,43.621932863,25422376.0
2018-04-20,44.095257459,43.554315064,44.188231934,43.004920443,26910093.0
2018-04-23,43.68870544,43.190869392,43.858595161,42.979563769,21706733.0
2018-04-24,43.841690711,43.486697264,45.337734524,43.224678292,42494668.0
2018-04-25,43.833238486,43.42753169,44.036091885,42.768258145,25752805.0
2018-04-26,44.171327484,44.839053253,45.025002202,44.01073521,39575029.0
2018-04-27,46.859135011,44.568582055,47.154962884,44.145970809,69888148.0
2018-04-30,44.424894232,43.630385088,45.109524451,43.283843866,36417370.0
2018-05-01,43.647289538,45.075715551,45.151785576,43.478245039,27600758.0
2018-05-02,44.872862153,44.213588608,44.965836627,44.078353009,25778328.0
2018-05-03,43.858595161,44.188231934,44.424894232,43.283843866,28560967.0
2018-05-04,43.882195759,44.868312518,44.919318557,43.355133354,25642474.0
2018-05-07,44.93632057,45.335867877,45.548393041,44.91081755,20285746.0
2018-05-08,45.305944334,45.590898074,45.590898074,44.885314531,21026793.0
2018-05-09,45.701411159,46.194469538,46.219972557,45.216853786,19827532.0
2018-05-10,46.372990675,46.738533956,46.75553597,45.990445381,18715910.0
2018-05-11,46.432497721,46.475002754,46.917055094,46.270978597,15405004.0
2018-05-14,46.560012819,46.670525904,46.959645137,46.534509799,21878199.0
2018-05-15,46.398493695,45.837427263,46.543010806,45.531391028,21712649.0
2018-05-16,46.049952427,46.449499734,46.500505773,45.867180786,16260459.0
2018-05-17,46.372990675,46.594016845,47.129580257,46.26247759,16872598.0
2018-05-18,46.355988662,45.480384989,46.364489669,45.454881969,23679944.0
2018-05-21,46.211471551,46.177467525,46.942558113,45.786421224,25367377.0
2018-05-22,46.526008793,46.28798061,46.798041002,45.947940348,19009588.0
2018-05-23,45.905435316,46.934057107,46.95105912,45.769419211,20555425.0
2018-05-24,46.908554087,46.543010806,47.010566166,46.015948401,19667095.0
2018-05-25,46.585515839,47.129580257,47.180586297,46.364489669,18549989.0
2018-05-29,46.857548048,47.027568179,47.444117499,46.594016845,24253509.0
2018-05-30,47.512125552,47.333604414,47.775656754,47.278347872,24711519.0
2018-05-31,47.325103408,46.9255561,47.486622532,46.806542009,30962105.0
2018-06-01,47.469620519,48.52374533,48.540747343,47.435616493,31183166.0
2018-06-04,48.464238284,48.311220166,48.96537262,48.26446463,22538053.0
2018-06-05,48.370727212,48.05618997,48.557749356,47.788408264,21687019.0
2018-06-06,48.05618997,48.481240297,48.506743317,47.673644676,22955355.0
2018-06-07,48.387729225,47.503624545,48.455737278,47.282598375,27596110.0
2018-06-08,47.231592336,46.798041002,47.350606427,46.466501747,30822854.0
2018-06-11,46.585515839,46.347487656,46.832045028,46.126461486,25752361.0
2018-06-12,46.645022884,46.602517852,46.781038989,46.092457459,23294943.0
2018-06-13,46.738533956,46.781038989,47.350606427,46.679026911,22631436.0
2018-06-14,47.138081264,47.214590323,47.486622532,46.908554087,23419829.0
2018-06-15,46.900053081,46.849047041,47.078574218,46.398493695,39194688.0
2018-06-18,46.160465512,45.242356805,46.160465512,44.49426823,40764444.0
2018-06-19,44.324248099,44.995827616,45.012829629,44.103221929,31780850.0
2018-06-20,45.216853786,45.446380962,45.688659649,44.791803459,21403035.0
2018-06-21,46.228473564,44.366753132,46.355988662,44.154227968,44435555.0
2018-06-22,44.732296413,44.630284335,45.13184372,44.460264204,34682074.0
2018-06-25,43.499650465,43.108604164,43.992708844,42.428523641,45356466.0
2018-06-26,42.462527667,42.224499484,42.853573968,41.960968281,37543003.0
2018-06-27,41.943966268,41.450907889,42.556038739,41.442406882,33338795.0
2018-06-28,41.297889771,41.867457209,42.071481366,41.229881719,29055690.0
2018-06-29,42.105485392,42.25850351,42.598543771,42.079982373,28906523.0
2018-07-02,41.688936072,42.67505283,42.734559876,41.510414934,23755548.0
2018-07-03,42.998091079,42.054479353,43.236119262,42.020475327,16327904.0
2018-07-05,42.488030686,43.14260819,43.321129327,42.292507536,26163528.0
2018-07-06,43.159610203,43.669670595,43.780183681,42.845072961,19968048.0
2018-07-09,43.899197772,44.086219916,44.111722936,43.355133354,21361609.0
2018-07-10,44.290244073,44.341250112,44.426260178,44.069217903,17362901.0
2018-07-11,43.941702805,43.525153484,44.094720922,43.516652478,18665554.0
2018-07-12,44.24773904,44.502769236,44.613282321,43.975706831,20292712.0
2018-07-13,44.545274269,44.392256151,44.562276282,44.001209851,13750255.0
2018-07-16,44.332749106,44.213735014,44.477266217,44.094720922,15951549.0
2018-07-17,43.397638386,43.992708844,44.101946778,43.36363436,15754472.0
2018-07-18,44.094720922,43.967205824,44.179730988,43.750430158,14649019.0
2018-07-19,43.865193746,44.188231994,44.213735014,43.397638386,15954636.0
2018-07-20,44.060716896,44.128724949,44.264741053,43.635666569,17387554.0
2018-07-23,44.009710857,44.46876521,44.626033831,43.635666569,15945470.0
2018-07-24,44.851310505,44.358252125,45.310364858,44.268991557,17788677.0
2018-07-25,44.383755145,44.570777289,44.587779302,43.431642412,19892991.0
2018-07-26,44.587779302,44.341250112,45.208352779,44.094720922,28282484.0
2018-07-27,41.450907889,40.532799182,41.824952176,40.362779051,67816656.0
2018-07-30,40.49029415,40.541300189,40.796330385,39.470173365,35696572.0
2018-07-31,41.008855548,40.889841457,41.379244403,40.541300189,36581201.0
2018-08-01,40.851586927,41.493412921,41.578422987,40.804831392,28060679.0
2018-08-02,41.229881719,42.062980359,42.096984386,40.974851522,26452493.0
2018-08-03,42.079982373,42.190495458,42.318010556,41.799534167,22008160.0
2018-08-06,41.711543991,42.164837375,42.17339008,41.326672251,26669005.0
2018-08-07,42.276022545,42.506945589,42.618130759,42.258917134,28322714.0
2018-08-08,42.421418536,42.729315928,42.874711919,42.28457525,21997841.0
2018-08-09,42.643788875,42.883264624,43.276689071,42.524051,23795628.0
2018-08-10,41.489173652,41.779965634,42.053652205,41.30956684,28712389.0
2018-08-13,41.839834572,41.43785742,42.113521143,41.377988483,17070585.0
2018-08-14,41.626016938,41.155618144,41.702991286,40.753640992,23061591.0
2018-08-15,40.864826162,40.591139591,41.05298568,40.112188091,26739870.0
2018-08-16,40.839168046,40.343111135,41.010222153,40.240478671,24358040.0
2018-08-17,40.197715145,40.283242198,40.531270653,39.624683886,26381992.0
2018-08-20,40.240478671,39.770079877,40.300347609,39.504946011,24334042.0
2018-08-21,39.906923163,40.727982876,40.924695099,39.889817752,19254336.0
2018-08-22,40.411532778,40.240478671,40.497059832,40.129293502,23182485.0
2018-08-23,40.07797727,40.180609734,40.343111135,39.949686689,31343206.0
2018-08-24,40.4457436,40.762193698,40.958905921,40.266136787,18214708.0
2018-08-27,41.05298568,41.352330367,41.386541188,40.736535582,17170257.0
2018-08-28,41.523384474,41.540489884,41.728649402,41.318119545,13472427.0
2018-08-29,41.651675054,41.694438581,41.78851834,41.395093894,13479099.0
2018-08-30,41.497726358,41.258250608,41.762860224,41.129960028,16418812.0
2018-08-31,41.018774858,41.42075201,41.531937179,40.984564037,16483981.0
2018-09-04,41.377988483,41.018774858,41.417929617,40.676752171,15682894.0
2018-09-05,40.839168046,40.81350993,41.155618144,40.599692296,20857150.0
2018-09-06,40.847720751,40.420085484,41.018774858,40.377321957,19318129.0
2018-09-07,40.120740796,39.72731635,40.608245001,39.650342002,25958345.0
2018-09-10,39.821396109,39.59902577,39.992450216,39.539156833,21522362.0
2018-09-11,39.34244461,38.427305137,39.368102726,38.393094316,32455320.0
2018-09-12,38.110855039,38.427305137,38.470068664,37.683219772,29778722.0
2018-09-13,39.068758038,38.974678279,39.214154029,38.581253833,18657116.0
2018-09-14,39.154285092,38.949020163,39.312510141,38.786518762,22998666.0
2018-09-17,38.73520253,38.846387699,39.256917556,38.649675476,17603171.0
2018-09-18,38.983230985,39.427971663,39.795737993,38.837834994,20528084.0
2018-09-19,39.419418958,39.47073519,39.718763645,39.248364851,15918914.0
2018-09-20,40.009555627,40.368769252,40.505612537,39.787185288,21999267.0
2018-09-21,40.300347609,39.906923163,40.556073499,39.658894707,52650601.0
2018-09-24,39.607578475,40.120740796,40.197715145,39.47073519,17846994.0
2018-09-25,39.530604127,39.265470261,39.676000118,39.171390503,23389874.0
2018-09-26,39.376655431,39.085863449,39.59902577,38.983230985,23957663.0
2018-09-27,39.265470261,39.239812145,39.483564248,39.111521565,15415535.0
2018-09-28,39.017441806,40.4457436,40.839168046,38.880598521,46223464.0
2018-10-01,40.018108332,39.72731635,40.385874662,39.513498717,23797630.0
2018-10-02,40.633903117,41.138512733,41.80562375,40.471401716,42121090.0
2018-10-03,41.583253411,41.702991286,42.524051,41.531937179,39211946.0
2018-10-04,41.771412929,41.164170849,41.78851834,40.727982876,30108253.0
2018-10-05,41.249697903,40.223373261,41.343777661,39.906923163,28901448.0
2018-10-08,40.163504323,40.223373261,40.497059832,39.787185288,19376820.0
2018-10-09,40.351663841,39.812843404,40.727982876,39.804290698,23285714.0
2018-10-10,39.393760842,38.316119968,39.445077074,38.316119968,43109488.0
2018-10-11,38.615464655,37.828615763,39.008889101,37.400980495,43648820.0
2018-10-12,38.718097119,38.38454161,38.780446341,37.828615763,32087385.0
2018-10-15,38.170723977,38.085196923,38.606911949,38.008222575,21632953.0
2018-10-16,38.401647021,39.291128377,39.350997315,38.337501731,21471984.0
2018-10-17,39.34244461,39.248364851,39.624683886,38.949020163,23124370.0
2018-10-18,39.043099922,38.461515958,39.128626976,38.341778084,26638830.0
2018-10-19,38.504279485,37.63190354,38.641122771,37.512165665,28368505.0
2018-10-22,38.059538807,38.49572678,38.777966056,37.717430593,34508833.0
2018-10-23,37.785852236,38.059538807,38.564148423,37.554929191,38590347.0
2018-10-24,37.768746825,36.280576094,37.939800932,36.229259862,33631803.0
2018-10-25,37.238479093,37.897037405,38.435857842,37.016108754,48255281.0
2018-10-26,38.99178369,39.077310744,39.718763645,38.230592914,67280359.0
2018-10-29,39.770079877,38.829282289,39.983897511,38.008222575,35732223.0
2018-10-30,38.940467458,40.847720751,40.950353215,38.880598521,43975214.0
2018-10-31,41.301014135,40.09508268,41.531937179,40.052319154,33369091.0
2018-11-01,40.154951618,41.241145197,41.454962831,40.07797727,28335329.0
2018-11-02,41.164170849,40.291794903,41.266803313,39.983897511,30759786.0
2018-11-05,40.488507126,41.027327563,41.266803313,40.129293502,23751221.0
2018-11-06,41.139212444,40.665853305,41.242490801,40.476509649,23839582.0
2018-11-07,40.992901437,41.931013185,41.956832775,40.958475318,29913193.0
2018-11-08,41.733063,42.16338949,42.421585384,41.70724341,26581744.0
2018-11-09,41.991258894,41.406014867,42.193512344,41.199458152,21761447.0
2018-11-12,41.061753675,40.149461517,41.139212444,40.106428868,24412843.0
2018-11-13,40.44208353,40.786344722,41.526506285,40.44208353,29315924.0
2018-11-14,41.182245093,40.528148828,41.281220185,40.356018232,25632731.0
2018-11-15,40.459296589,41.406014867,41.517899755,40.209707225,29580992.0
2018-11-16,41.113392854,42.025685013,42.215028669,41.044540616,31670572.0
2018-11-19,41.836341357,41.31134304,42.301093967,41.121999384,26859030.0
2018-11-20,40.794951252,40.786344722,41.414621397,40.528148828,29200847.0
2018-11-21,41.182245093,40.476509649,41.208064682,40.467903119,19011435.0
2018-11-23,40.183887636,40.054789689,40.510935768,40.037576629,8906879.0
2018-11-26,40.683066364,40.837983901,40.84659043,40.192494166,20723037.0
2018-11-27,40.399050881,41.371588748,41.500686695,40.097822338,27621025.0
2018-11-28,41.255400596,42.051504602,42.068717662,41.010114497,28003222.0
2018-11-29,41.733063,41.053147146,41.793308708,40.992901437,23592512.0
2018-11-30,41.268310391,42.438798443,42.447404973,40.932655728,43312603.0
2018-12-03,43.032649,43.144533887,43.458672225,42.628142099,30866818.0
2018-12-04,42.619535569,41.096179795,42.688387808,41.031630821,35397722.0
2018-12-06,40.278559464,41.629784642,41.646997702,40.037576629,31661749.0
2018-12-07,41.259703861,39.796593795,41.362982218,39.787987265,34016375.0
2018-12-10,39.831019914,40.631427185,40.84659043,39.598643609,23289000.0
2018-12-11,41.225277742,40.777738192,41.819128298,40.562574947,23850962.0
2018-12-12,41.810521768,41.165032033,41.862160947,40.803557781,31305045.0
2018-12-13,41.535112814,41.560932404,41.810521768,41.186548357,19525963.0
2018-12-14,41.216671212,41.190851622,41.965439304,41.182245093,26372077.0
2018-12-17,41.190851622,40.519542298,41.664210761,40.158068046,26598676.0
2018-12-18,40.85519696,41.087573265,41.698636881,40.760525132,29014290.0
2018-12-19,40.87241002,39.219956298,41.078966735,39.056432232,39717559.0
2018-12-20,39.082251821,39.194136709,39.856839503,38.737990629,37750948.0
2018-12-21,39.374873835,38.591679623,40.149461517,38.557253504,52767741.0
2018-12-24,38.410942497,37.515863398,38.875695106,37.472830749,19241563.0
2018-12-26,37.86873112,39.753561146,39.762167676,37.447011159,28677632.0
2018-12-27,39.262988947,39.899872152,39.917085212,38.445368616,29970725.0
2018-12-28,40.028970099,40.235526815,41.087573265,39.848232974,24729695.0
2018-12-31,40.528148828,40.390444351,40.86380349,40.063396219,20490405.0
2019-01-02,39.55561096,40.519542298,40.85519696,39.392086894,18774573.0
2019-01-03,39.719135027,38.29045108,39.831019914,38.204385782,32267297.0
2019-01-04,39.448029338,40.640033715,40.941262258,39.194136709,35447286.0
2019-01-07,40.536755358,40.829377371,41.307039775,40.235526815,22736796.0
2019-01-08,41.139212444,41.087573265,41.337162629,40.261346404,22749206.0
2019-01-09,41.27691692,41.319949569,41.801915238,41.121999384,22554525.0
2019-01-10,41.096179795,41.793308708,41.870767477,40.803557781,27202575.0
2019-01-11,41.397408338,42.111750311,42.422446037,41.354375689,21751291.0
2019-01-14,41.70724341,41.612571583,42.025685013,41.569538934,19193910.0
2019-01-15,41.922406655,41.827734828,42.283880907,41.690030351,22480820.0
2019-01-16,41.827734828,41.423227927,42.077324192,41.380195278,19057707.0
2019-01-17,41.31134304,41.71584994,42.034291543,41.229581006,17448657.0
2019-01-18,42.266667847,42.335520086,42.499044152,41.905193596,29874317.0
2019-01-22,42.1375699,41.543719344,42.15478296,41.199458152,25940722.0
2019-01-23,41.664210761,41.259703861,41.999865424,40.898229609,18960709.0
2019-01-24,41.913800126,42.826092284,43.062771854,41.827734828,50578269.0
2019-01-25,40.321592113,40.485116179,40.820770841,39.374873835,86471848.0
2019-01-28,39.701921967,40.201100695,40.218313755,39.633069729,35928704.0
2019-01-29,40.261346404,40.054789689,40.42487047,39.874052563,20988342.0
2019-01-30,40.175281106,40.915442669,41.035934086,39.977330921,26931676.0
2019-01-31,40.192494166,40.553968417,40.605607596,39.676102378,43051306.0
2019-02-01,40.502329238,41.939619715,42.215028669,40.459296589,37442926.0
2019-02-04,41.844947887,42.361339675,42.378552735,41.517899755,20905010.0
2019-02-05,42.326913556,43.041255529,43.648790468,42.326913556,31641570.0
2019-02-06,43.262113181,43.218807762,43.859727958,43.149519093,21647843.0
2019-02-07,42.872364414,42.638515153,43.175502344,42.162155548,27825875.0
2019-02-08,42.240105302,42.300732888,42.456632395,41.581862939,18851208.0
2019-02-11,42.456632395,42.240105302,42.716464907,42.075544711,18004088.0
2019-02-12,42.751109241,43.314079683,43.426673772,42.673159488,18050058.0
2019-02-13,43.418012688,43.712489534,44.006966381,43.3054186,17712782.0
2019-02-14,43.660523032,44.006966381,44.206171306,43.60855653,17545365.0
2019-02-15,44.388054065,44.743158497,44.751819581,44.249476725,22520361.0
2019-02-19,44.474664902,44.51797032,44.786463916,44.466003818,15611772.0
2019-02-20,44.717175246,44.509309237,44.803786083,44.223493474,21607726.0
2019-02-21,44.448681651,44.526631404,44.899058004,44.35340973,16162142.0
2019-02-22,45.643911204,45.462028446,45.882091006,45.085271304,31934146.0
2019-02-25,45.955710218,45.990354553,46.432069822,45.782488543,20711750.0
2019-02-26,45.912404799,46.102948641,46.224203813,45.825793962,16082213.0
2019-02-27,45.695877706,46.111609725,46.232864897,45.479350613,17590309.0
2019-02-28,45.834455046,45.869099381,46.059643222,45.739183125,18388820.0
2019-03-01,46.284831399,46.163576227,46.492697408,45.808471795,18359325.0
2019-03-04,46.553324995,46.717885585,46.856462925,46.081295932,21706135.0
2019-03-05,46.639935832,46.492697408,46.761191004,45.999015636,21057745.0
2019-03-06,46.44939199,45.860438297,46.466714157,45.851777213,14740525.0
2019-03-07,45.70453879,45.557300367,45.89075209,45.349434357,17803407.0
2019-03-08,45.011652092,45.453367362,45.522656032,44.777802832,16793891.0
2019-03-11,45.799810711,46.206881646,46.466714157,45.531317116,18962954.0
2019-03-12,46.198220562,46.397425488,46.735207753,46.055312681,20782077.0
2019-03-13,46.769852088,47.090312185,47.26353386,46.466714157,25522312.0
2019-03-14,47.029684599,46.284831399,47.159600855,46.189559478,26647060.0
2019-03-15,46.492697408,47.05566785,47.367466864,46.492697408,46485239.0
2019-03-18,47.133617604,46.856462925,47.207236815,46.657257999,16273986.0
2019-03-19,47.176923022,46.917090511,47.328491987,46.769852088,18274766.0
2019-03-20,46.82181859,46.613952581,47.116295436,46.432069822,24325283.0
2019-03-21,46.700563418,47.324161446,47.627299376,46.631274748,19127216.0
2019-03-22,47.116295436,46.128931892,47.302508736,46.085626474,21438435.0
2019-03-25,45.877760464,45.713199874,46.375772778,45.362425983,16971406.0
2019-03-26,46.180898395,46.284831399,46.570647162,45.93838805,17724346.0
2019-03-27,46.414747655,46.042321055,46.648596915,45.851777213,19655973.0
2019-03-28,46.120270809,45.999015636,46.284831399,45.70453879,13607888.0
2019-03-29,46.596630413,46.510019576,46.804496422,46.319475734,18736074.0
2019-04-01,47.064328934,47.211567357,47.26353386,46.856462925,17830437.0
2019-04-02,47.228889525,47.081651101,47.462738785,46.964726471,13704511.0
2019-04-03,47.661943711,48.051692478,48.493407748,47.540688539,24552838.0
2019-04-04,47.86980972,48.432780162,48.623324004,47.86980972,16520453.0
2019-04-05,48.285541739,48.155625483,48.458763413,47.523366371,19268396.0
2019-04-08,47.878470804,48.224914152,48.276880655,47.809182134,11758823.0
2019-04-09,47.93909839,47.913115139,48.008387059,47.549349622,13339677.0
2019-04-10,47.913115139,48.285541739,48.380813659,47.913115139,13084042.0
2019-04-11,48.294202822,48.328847157,48.562696418,48.181608734,10845819.0
2019-04-12,48.68395159,48.865834348,48.926461934,48.363491492,12910185.0
2019-04-15,48.900478683,48.744579176,48.982758978,48.432780162,11676910.0
2019-04-16,49.073700357,49.117005776,49.775248138,48.562696418,30301933.0
2019-04-17,50.615373259,50.719306264,51.611397887,50.33821858,38788448.0
2019-04-18,50.84922252,50.658678678,50.996460943,50.341509792,20464197.0
2019-04-22,50.364201831,50.944494441,50.953155524,50.130352571,12327484.0
2019-04-23,51.005122027,50.909850106,51.08307178,50.667339762,17739929.0
2019-04-24,50.684661929,50.857883603,51.351478765,50.355540748,17723745.0
2019-04-25,50.494118087,49.89650331,50.563406757,49.567382129,27949926.0
2019-04-26,45.678555539,45.410061943,45.981693469,44.621903325,72364512.0
2019-04-29,45.184873767,44.266798892,45.410061943,44.171526972,42142301.0
2019-04-30,44.171526972,44.206171306,44.543953571,44.058932883,27130855.0
2019-05-01,44.258137809,43.963660962,44.691191995,43.946338795,20467582.0
2019-05-02,43.998305297,43.781778204,44.453012192,43.409351604,22655397.0
2019-05-03,44.240815641,44.821108251,44.881735837,43.937677711,25656641.0
2019-05-06,43.788484356,44.633754601,44.686039358,43.736199598,26245240.0
2019-05-07,44.093478774,43.988909259,44.337474309,43.509632316,29713382.0
2019-05-08,43.744913724,42.908357605,44.259047172,42.760217459,36812429.0
2019-05-09,41.740664689,40.62525653,42.080515612,40.128551335,59642160.0
2019-05-10,40.468402258,40.259263228,40.782110803,39.300709342,42522778.0
2019-05-13,39.501134245,39.00442905,39.771272159,38.952144292,39091928.0
2019-05-14,39.370422352,39.361708226,39.636203202,39.100284438,24706458.0
2019-05-15,39.14385507,39.753843906,39.867127548,39.00442905,23407893.0
2019-05-16,39.623132013,39.67541677,40.041410072,39.579561382,19954653.0
2019-05-17,39.370422352,39.117712691,39.849699295,39.007653276,22500360.0
2019-05-20,38.342155456,37.958733901,38.79529002,37.86618988,28674965.0
2019-05-21,38.638435748,38.743005263,39.021857302,38.494652665,25543371.0
2019-05-22,38.472867349,38.342155456,38.743005263,38.207086499,16932520.0
2019-05-23,37.793165502,38.804004146,38.987000797,37.348745064,35783928.0
2019-05-24,38.856288904,38.838860651,39.257138711,38.769147641,27168066.0
2019-05-28,38.917287787,37.967448027,38.943430166,37.732166619,34779863.0
2019-05-29,37.77573725,38.542580359,38.804004146,37.761184659,28450341.0
2019-05-30,38.603579243,38.978286671,39.239710458,38.542580359,21618859.0
2019-05-31,38.499009728,38.37701196,39.030571428,38.281156572,25532529.0
2019-06-03,38.560008612,37.871592639,38.851931841,37.645025356,31155678.0
2019-06-04,38.481581475,39.030571428,39.087213249,38.141730552,28094917.0
2019-06-05,39.309423468,38.821432399,39.370422352,38.507723854,20802012.0
2019-06-06,38.995714924,39.300709342,39.361708226,38.782218831,19076170.0
2019-06-07,39.431421236,40.111123082,40.189550218,39.300709342,24370253.0
2019-06-10,40.285405607,40.782110803,41.121961726,40.259263228,20806083.0
2019-06-11,41.18296061,40.825681434,41.235245367,40.538115268,18415495.0
2019-06-12,40.668827162,40.363832743,40.668827162,40.30283386,15900569.0
2019-06-13,40.607828278,40.69496954,40.917179759,40.546829394,12267633.0
2019-06-14,39.936840557,40.250549102,40.450974006,39.689272231,15381077.0
2019-06-17,40.206978471,40.198264345,40.546829394,39.910698179,12643343.0
2019-06-18,40.738540172,41.278815998,41.827805952,40.607828278,25732293.0
2019-06-19,41.374671387,41.017392211,41.461812649,40.956393328,17436381.0
2019-06-20,41.71452231,41.121961726,41.871376583,40.843109686,20126780.0
2019-06-21,40.912822696,41.357243135,41.592524543,40.782110803,31096251.0
2019-06-24,41.304958377,41.505383281,41.693172701,41.104533474,14479942.0
2019-06-25,41.444384397,40.825681434,41.548953912,40.782110803,16665577.0
2019-06-26,41.522811533,41.99337435,42.246084011,41.444384397,21886309.0
2019-06-27,41.958517845,41.357243135,42.193799254,41.165532357,23062947.0
2019-06-28,41.627381048,41.71452231,42.002088476,41.548953912,26646183.0
2019-07-01,42.951928236,41.871376583,43.091354256,41.605595732,27505447.0
2019-07-02,41.749378815,41.932375466,42.019516729,41.557668038,15384686.0
2019-07-03,41.984660224,42.280940516,42.315797021,41.823448888,10739100.0
2019-07-05,41.85394833,41.897518961,41.980303161,41.339814882,14339228.0
2019-07-08,41.496669154,41.670951679,41.78423532,41.017392211,16564291.0
2019-07-09,41.270101872,41.609952796,41.653523427,41.069676969,17853185.0
2019-07-10,41.758092942,42.010802603,42.359367652,41.740664689,16032269.0
2019-07-11,42.315797021,42.350653526,42.507507798,42.097943865,16615082.0
2019-07-12,42.699218576,43.50091819,43.509632316,42.533650177,20148730.0
2019-07-15,43.5706312,43.675200714,43.788484356,43.369596307,14345082.0
2019-07-16,43.492204063,42.847358722,43.5706312,42.664362071,17131368.0
2019-07-17,43.134924888,43.039069499,43.309207412,42.908357605,11928605.0
2019-07-18,42.94321411,43.518346442,43.561917073,42.603363187,15679636.0
2019-07-19,43.535774695,43.805912608,44.145763531,43.492204063,29141087.0
2019-07-22,43.574988263,44.747038242,44.890821325,43.474775811,21686529.0
2019-07-23,45.313456448,45.095603292,45.313456448,44.703467611,18413520.0
2019-07-24,45.296028195,46.115156062,46.158726693,45.139173923,20896369.0
2019-07-25,45.757876886,45.452882467,45.836304022,45.208886933,27765432.0
2019-07-26,45.914731158,44.956177272,46.620575384,44.903892514,36401545.0
2019-07-29,44.903892514,45.757876886,45.801360376,44.250333046,21897455.0
2019-07-30,45.060746787,45.05203266,45.583594361,44.930034893,16487692.0
2019-07-31,44.886464262,44.049908143,45.069460913,43.614201831,24169751.0
2019-08-01,44.023765764,43.134924888,45.217601059,43.108782509,34020779.0
2019-08-02,42.777645712,42.420366536,43.01292712,42.263512264,27881620.0
2019-08-05,41.618666922,40.930250949,41.792862305,40.581685899,38936649.0
2019-08-06,41.364512529,41.197826264,41.724203942,41.026753519,26119563.0
2019-08-07,40.618810819,40.996048154,41.127642574,40.329303096,29440393.0
2019-08-08,40.49598936,41.382058452,41.553131197,40.276665328,30643740.0
2019-08-09,41.180280342,40.338076057,41.23291811,40.162616831,24975455.0
2019-08-12,40.145070908,40.004703528,40.417032709,39.864336147,18494298.0
2019-08-13,39.908200953,41.092550729,41.272396435,39.794152456,29374656.0
2019-08-14,40.408259747,40.241573483,40.903932061,40.048568334,25650218.0
2019-08-15,40.443351593,40.092433141,40.513535283,39.859949666,21992683.0
2019-08-16,40.653902664,40.794270045,40.952183348,40.408259747,23335693.0
2019-08-19,41.636474329,41.434696219,41.759295788,41.268009955,21404916.0
2019-08-20,41.259236993,40.881999658,41.338193645,40.759178199,23115324.0
2019-08-21,41.329420684,41.364512529,41.487333987,41.136503265,15915801.0
2019-08-22,41.478561026,41.039912961,41.610155445,40.960956309,19785890.0
2019-08-23,40.662675625,39.443234004,40.908318541,39.302866624,32817083.0
2019-08-26,40.197708676,39.969611682,40.197708676,39.697649882,22086633.0
2019-08-27,40.241573483,40.171389792,40.460897515,39.916973915,16927568.0
2019-08-28,40.092433141,40.171389792,40.276665328,39.802925418,14895346.0
2019-08-29,40.759178199,41.118869613,41.425923258,40.706540432,17806113.0
2019-08-30,41.443469181,41.592609523,41.925982052,41.37328549,16923146.0
2019-09-03,41.338193645,41.215372187,41.425923258,40.789883564,15010268.0
2019-09-04,41.724203942,42.917326679,42.943645563,41.70665802,23472112.0
2019-09-05,43.79900929,43.952536113,44.891242972,43.750758003,30023117.0
2019-09-06,44.084130532,44.671918939,44.733329668,43.926217229,17067940.0
2019-09-09,44.794740397,45.259707346,45.645717643,44.759648552,20749659.0
2019-09-10,45.031610352,45.461485456,45.479031379,44.588575807,18532029.0
2019-09-11,45.268480308,46.312462702,46.312462702,45.075475159,18968942.0
2019-09-12,46.49669489,46.505467851,46.786202612,45.676423008,23308710.0
2019-09-13,46.286143818,46.09313867,46.49669489,45.82547562,18010814.0
2019-09-16,45.531669147,45.794857986,45.869428157,45.357174946,13354588.0
2019-09-17,45.663263566,45.575533953,45.745729402,45.049156275,19888219.0
2019-09-18,45.733447256,45.391301766,45.733447256,44.88247001,15029864.0
2019-09-19,45.356209921,45.242161424,45.610625798,45.180750695,11849919.0
2019-09-20,45.268480308,44.496459713,45.514123224,44.356092332,38632498.0
2019-09-23,44.592962287,44.654373017,44.939494259,44.20695199,21574149.0
2019-09-24,44.829832243,43.706893196,44.900015933,43.548979893,28472934.0
2019-09-25,43.645482467,44.759648552,44.926334817,43.355974744,20120838.0
2019-09-26,44.724556707,44.671918939,44.869310568,44.163087184,11482105.0
2019-09-27,44.417503061,44.549097481,44.935107778,44.163087184,14846405.0
2019-09-30,44.908788894,45.207069578,45.264093827,44.688061188,14059201.0
2019-10-01,45.593079876,44.531551558,45.829949831,44.242043835,18487336.0
2019-10-02,44.1367683,43.32965586,44.189406068,42.969964447,21436998.0
2019-10-03,43.426158435,43.891125383,43.926217229,42.576935781,17235566.0
2019-10-04,44.171860145,44.671918939,44.715783746,43.891125383,12748071.0
2019-10-07,44.478913791,44.4087301,44.943880739,44.356092332,12722054.0
2019-10-08,44.00517388,43.623550064,44.285908642,43.522661009,17884433.0
2019-10-09,44.277135681,44.285908642,44.557870442,43.996400919,12189955.0
2019-10-10,44.224497913,44.838605204,45.42200713,44.215724952,14611658.0
2019-10-11,45.61939876,45.698355411,46.312462702,45.461485456,24167112.0
2019-10-14,45.531669147,45.303572153,45.575533953,45.128112927,16425533.0
2019-10-15,45.55798803,46.189641244,46.558105619,45.470258417,18970764.0
2019-10-16,45.926452405,46.009795537,46.110684592,45.724674295,15173069.0
2019-10-17,46.176481802,45.496577301,46.356327509,45.075475159,16918323.0
2019-10-18,45.400074727,45.057929236,45.461485456,44.767631947,16975159.0
2019-10-21,45.198296617,45.733447256,45.768539102,45.040383314,13120652.0
2019-10-22,45.531669147,45.628171721,45.900133521,45.523159374,13347316.0
2019-10-23,45.066702198,45.373755843,45.584306914,44.917561856,15961603.0
2019-10-24,45.698355411,45.821176869,45.996636095,45.119339965,25654058.0
2019-10-25,47.540677284,49.532139499,49.663733919,47.303807329,59767680.0
2019-10-28,49.461955809,49.795328338,49.839193145,49.181221047,32307512.0
2019-10-29,49.453182848,49.426863964,50.216430481,49.339134351,18155771.0
2019-10-30,49.409318041,49.654960958,49.681279841,48.790824269,15247999.0
2019-10-31,49.418091002,49.593550228,49.654960958,48.79521075,19249679.0
2019-11-01,49.075945512,49.576004306,49.695755228,48.79521075,17953467.0
2019-11-04,49.944731869,50.541030049,50.707716314,49.87428499,19067981.0
2019-11-05,50.418208591,50.488392281,51.190229185,50.190111597,20865354.0
2019-11-06,50.713334055,50.810367744,50.907401432,50.263450591,17720996.0
2019-11-07,51.16321752,51.207323742,51.648385962,51.035309476,16962846.0
2019-11-08,51.030898854,51.401391118,51.427854852,50.554551656,11890273.0
2019-11-11,51.136753786,51.471961074,51.60427974,51.075005076,11236365.0
2019-11-12,51.516067296,51.339642408,51.868917072,51.189681253,11954038.0
2019-11-13,51.048541342,51.066183831,51.136753786,50.589836634,15409832.0
2019-11-14,50.819188988,50.995613876,51.198502497,50.78390401,12141218.0
2019-11-15,51.313178674,51.127932542,51.780704628,50.828010232,16112991.0
2019-11-18,50.898580188,51.38374863,51.586637251,50.78390401,16101282.0
2019-11-19,51.586637251,51.471961074,51.736598406,50.94268641,17062825.0
2019-11-20,51.392569874,51.075005076,51.480782318,50.604303474,18559091.0
2019-11-21,50.713334055,51.357284896,51.427854852,50.6427641,16139031.0
2019-11-22,51.463139829,50.819188988,51.736598406,50.713334055,15690160.0
2019-11-25,51.16321752,51.877738316,51.904202049,51.16321752,15012416.0
2019-11-26,52.001235738,51.957129516,52.160018137,51.560173518,22381498.0
2019-11-27,51.630743473,51.613100984,51.683670939,51.079415698,18185512.0
2019-11-29,51.295536186,51.207323742,51.423444229,50.977971387,9481129.0
2019-12-02,51.648385962,50.86329521,51.771883383,50.695691566,19166768.0
2019-12-03,50.157595658,49.46071735,50.157595658,49.17843753,26613647.0
2019-12-04,49.98117077,49.416611128,49.98117077,49.275471218,18882730.0
2019-12-05,49.76063966,49.469538595,49.76063966,49.187258774,17675582.0
2019-12-06,49.98117077,50.113489436,50.272271835,49.769460904,16477405.0
2019-12-09,49.875315837,49.866494593,50.245808102,49.84003086,14467822.0
2019-12-10,50.025276992,49.919422059,50.131131925,49.787103393,16157977.0
2019-12-11,50.20170188,50.34284179,50.431054234,49.910600815,20051865.0
2019-12-12,50.06056197,50.766261522,51.207323742,49.937064548,27896156.0
2019-12-13,50.766261522,50.977971387,51.463139829,50.616300367,22795852.0
2019-12-16,51.348463652,50.898580188,51.66602845,50.854473966,19135285.0
2019-12-17,51.16321752,50.545730412,51.251429964,50.395769257,21656376.0
2019-12-18,50.625121611,50.431054234,50.6824597,50.228165613,28273062.0
2019-12-19,50.431054234,51.127932542,51.154396275,50.250218724,18869002.0
2019-12-20,51.44549734,52.001235738,52.089448182,51.066183831,49970823.0
2019-12-23,52.098269426,52.248230581,52.733399023,52.080626937,23593186.0
2019-12-24,52.26587307,52.40701298,52.468761691,52.18648187,6313179.0
2019-12-26,52.40701298,52.768684,52.795147734,52.354085514,11486640.0
2019-12-27,52.8480752,52.998036355,53.350886131,52.839253956,14086147.0
2019-12-30,52.918645155,52.592259112,52.971572622,52.380549247,12751111.0
2019-12-31,52.592259112,52.795147734,52.865717689,52.362906758,14435832.0
2020-01-02,53.139176265,53.668450929,53.783127106,53.121533776,17713404.0
2020-01-03,52.759862756,53.015678844,53.544953508,52.759862756,15298577.0
2020-01-06,52.565795379,52.865717689,53.099480665,52.336443025,17759137.0
2020-01-07,52.733399023,51.983593249,52.751041512,51.948308271,21960524.0
2020-01-08,51.948308271,52.018878226,52.32762178,51.621922228,23138274.0
2020-01-09,52.089448182,52.309979292,52.495225424,51.895380805,18818492.0
2020-01-10,52.54815289,51.992414493,52.993625733,51.930665782,15201929.0
2020-01-13,52.195303114,52.565795379,52.728988401,52.115911915,16455825.0
2020-01-14,52.477582935,52.424655469,52.698114045,52.208534981,17092446.0
2020-01-15,52.309979292,51.992414493,52.618722846,51.82481085,18498803.0
2020-01-16,52.274694314,52.62754409,52.786326489,52.10709067,21365530.0
2020-01-17,52.909823911,52.574616624,52.9274664,52.257316462,21803446.0
2020-01-21,52.759862756,53.412634842,54.03012195,52.742220267,28358468.0
2020-01-22,53.844875817,55.335666121,55.441521054,53.783127106,29475122.0
2020-01-23,55.450342298,55.85611954,56.19573745,55.406236076,42778737.0
2020-01-24,58.72302397,60.399060406,61.122402447,58.625990282,84711037.0
2020-01-27,58.855342636,57.946754463,59.472829744,57.867363263,30764002.0
2020-01-28,58.66127526,59.375796056,59.613969655,58.167285573,30915394.0
2020-01-29,59.658075877,58.511314105,60.037389386,58.370174194,18076688.0
2020-01-30,57.902648241,58.634811526,58.66127526,57.276339889,18522360.0
2020-01-31,58.043788152,56.394215449,58.202570551,56.164863094,25268428.0
2020-02-03,56.85733078,56.826456424,57.373373577,56.720601492,16654563.0
2020-02-04,58.017324418,57.743865842,58.273140506,57.267518644,20970754.0
2020-02-05,58.828878903,59.402259789,59.631612143,58.334889217,23401417.0
2020-02-06,59.659335703,59.4731773,59.747982561,59.189507353,17408038.0
2020-02-07,59.269289526,58.524655915,59.659335703,58.515791229,18134646.0
2020-02-10,58.116880367,58.852649291,58.861513977,58.010504136,22299288.0
2020-02-11,59.242695468,59.756847247,60.022787822,59.012213636,17975623.0
2020-02-12,59.925276278,59.801170676,60.359645884,59.668200389,15586600.0
2020-02-13,59.384530442,59.783441304,59.969599707,59.162026827,11602733.0
2020-02-14,59.854358791,59.632741645,60.160190453,59.233830782,13405451.0
2020-02-18,59.091995809,58.631032145,59.118589866,58.400550313,12766566.0
2020-02-19,58.852649291,59.490906672,59.570688844,58.666490889,13551202.0
2020-02-20,59.428853871,58.019368822,59.650471017,57.230411783,26452594.0
2020-02-21,57.780022305,57.035388694,57.842075106,56.769448119,20780465.0
2020-02-24,54.6184321,54.748299747,55.643633017,54.35825357,26903117.0
2020-02-25,54.952187522,52.948768522,55.209263411,52.709422004,34495728.0
2020-02-26,53.285626584,52.877851035,53.915019278,52.540992973,26217740.0
2020-02-27,51.353125071,49.491541044,51.867276849,49.464946987,42226859.0
2020-02-28,48.135244111,49.216735783,49.979098765,47.514716102,60727999.0
2020-03-02,49.456082301,51.574742217,51.61020096,48.330267199,43140304.0
2020-03-03,51.441771929,49.615646646,52.319375827,49.110359553,49740276.0
2020-03-04,50.537573973,52.017976509,52.044570566,49.784075677,29223071.0
2020-03-05,50.581897403,50.493250544,52.000247137,50.18298654,29099163.0
2020-03-06,48.915336465,49.438352929,49.651105389,48.347996571,36259158.0
2020-03-09,46.025448881,45.076927496,46.725759062,44.3234292,56196983.0
2020-03-10,46.770082491,47.851574164,47.869303536,44.704610691,36568951.0
2020-03-11,46.442089115,45.794967049,47.461527987,45.218762469,38573961.0
2020-03-12,42.541627346,40.369779315,44.404097841,40.219079656,50661745.0
2020-03-13,42.780973863,48.250485027,48.75577212,42.3200102,48805059.0
2020-03-16,42.116122425,39.545363532,46.317983514,38.676624319,53878939.0
2020-03-17,40.56037006,44.394346686,45.768372991,40.068379996,52085162.0
2020-03-18,41.406947558,42.204769284,44.367752629,40.068379996,49309879.0
2020-03-19,42.408657058,40.724366748,43.64084839,40.032921253,44538030.0
2020-03-20,41.229653841,40.626855204,43.809277421,40.307726514,52344045.0
2020-03-23,40.795284235,43.951112394,44.757798806,40.70060939,46698478.0
2020-03-24,47.106940553,46.450953801,48.436643429,45.520161788,50019753.0
2020-03-25,46.521871288,45.440379615,47.67871279,44.243647027,41106063.0
2020-03-26,45.865884536,49.234465155,49.597917274,45.794967049,41475406.0
2020-03-27,47.355151757,46.424359744,48.436643429,46.153986825,31633487.0
2020-03-30,46.973970266,49.190141726,49.730887562,46.832135292,31628610.0
2020-03-31,48.808960235,47.975679766,49.460514644,47.17785804,48081861.0
2020-04-01,46.53960066,45.989990137,48.480966858,45.591079275,29586562.0
2020-04-02,45.466973673,48.17956754,48.365725943,45.404920872,27809987.0
2020-04-03,47.736333248,47.984544451,48.871013035,46.743488434,23906062.0
2020-04-06,50.200715911,51.796359363,52.097758681,49.748616934,32323387.0
2020-04-07,53.134926924,51.769765305,54.50895323,51.601336274,41410012.0
2020-04-08,52.29278177,52.283917084,52.753745433,51.335395699,26719500.0
2020-04-09,52.620775146,50.652814889,52.939903836,49.695428819,40515419.0
2020-04-13,50.147527796,52.03570588,52.097758681,50.147527796,23251938.0
2020-04-14,53.221623552,53.773184305,53.985936765,52.753745433,25673992.0
2020-04-15,52.957633208,52.18640554,53.03741538,51.756468276,22841552.0
2020-04-16,52.842392292,53.888425221,54.03912488,52.133217425,24433516.0
2020-04-17,54.978781579,53.50724373,55.076293123,53.032983037,27385636.0
2020-04-20,52.54897119,52.461210801,53.223573783,52.204134911,26420309.0
2020-04-21,51.512689416,49.961369394,51.947059022,49.580187903,25248033.0
2020-04-22,51.654524389,53.276761898,53.631349332,51.246748841,23443745.0
2020-04-23,52.898683047,52.337105199,53.276761898,52.133217425,35091952.0
2020-04-24,49.81953442,52.532128287,52.656233889,49.730887562,50220505.0
2020-04-27,52.939903836,52.71828669,53.03741538,51.756468276,25902236.0
2020-04-28,53.179250354,52.08002931,53.383138128,51.645659703,28784707.0
2020-04-29,52.691692632,54.783758491,54.987646265,52.585316402,30451541.0
2020-04-30,54.399563006,53.170385668,54.553276659,52.966497894,26279877.0
2020-05-01,52.150946796,50.945349522,52.585316402,50.803514549,21194802.0
2020-05-04,50.635085518,51.406313186,51.477230672,49.917045965,18957227.0
2020-05-05,52.115488053,52.08002931,52.567587031,51.725441876,17252063.0
2020-05-06,52.632744456,52.7575511,53.443987638,52.543596854,17848655.0
2020-05-07,53.426158118,52.74863634,53.574945466,52.525767334,14733519.0
2020-05-08,53.193839466,53.194374352,53.292436714,52.641659217,20391091.0
2020-05-11,53.256777673,53.604453323,54.2374013,53.230033393,18684439.0
2020-05-12,53.684686165,52.053285041,54.059106095,51.937393158,16754898.0
2020-05-13,52.106773602,51.473825625,52.802124901,50.724985765,21064971.0
2020-05-14,51.099405695,52.668403497,52.730806819,50.011804946,21569352.0
2020-05-15,51.170723777,51.955222678,52.03545552,50.778474327,21373268.0
2020-05-18,53.257312559,53.417243358,53.738174726,52.918016784,20443708.0
2020-05-19,53.604453323,53.747089486,55.066474002,53.354840036,21865009.0
2020-05-20,54.522673627,56.252137114,56.598921287,54.397866984,30583988.0
2020-05-21,56.247679734,55.253683967,56.876170331,55.111047803,20987740.0
2020-05-22,55.253683967,55.498839874,55.556785815,54.754457394,14103013.0
2020-05-26,56.769193208,55.574615336,57.179272179,55.37849061,20933556.0
2020-05-27,55.556785815,56.662216085,56.688960366,54.442440785,19886271.0
2020-05-28,56.162989512,55.00407068,56.564153722,54.816860715,17264131.0
2020-05-29,55.182365885,56.10058619,56.751363687,54.932752598,33395738.0
2020-06-01,55.703968507,55.146706844,55.859887663,54.968411639,14329044.0
2020-06-02,55.00407068,55.37849061,55.423064412,54.224029159,20702353.0
2020-06-03,55.672677698,55.209110166,55.75291054,54.852519756,16737271.0
2020-06-04,55.039729721,56.136245231,56.581983243,54.686526921,22010142.0
2020-06-05,56.48392088,57.357567384,58.044003922,56.305625675,26813098.0
2020-06-08,57.027721255,56.760278448,57.188186939,56.10950095,21546178.0
2020-06-09,56.157194917,56.198648552,56.795937489,56.073841909,23594133.0
2020-06-10,55.975779546,56.938573652,57.312102106,55.940120506,21367845.0
2020-06-11,56.225392833,53.221118632,56.430432319,53.060652948,26998242.0
2020-06-12,53.586623802,52.891272503,54.344378423,51.81347799,30419768.0
2020-06-15,52.891272503,53.577709042,53.809492808,52.222665485,29651719.0
2020-06-16,54.816860715,53.845151849,54.959496879,53.033908667,23226634.0
2020-06-17,54.148253697,53.925384691,54.62965075,53.542050001,20454771.0
2020-06-18,53.800578048,53.559879521,53.943214212,52.882357743,24899699.0
2020-06-19,54.068020855,53.14980055,54.281975101,52.686233018,60324579.0
2020-06-22,53.247862913,53.568794282,53.974415873,52.445534491,22846013.0
2020-06-23,53.657941884,53.417243358,53.907555171,53.364824567,22809579.0
2020-06-24,53.167630071,52.677318258,53.314723615,52.302898328,27764482.0
2020-06-25,52.579255895,52.160262164,52.677318258,51.242041859,21906941.0
2020-06-26,52.142432643,51.25987138,52.356386889,50.876536689,38477509.0
2020-06-29,51.233127099,51.946307918,52.017626,50.600179122,22150266.0
2020-06-30,52.338557369,53.337010515,53.470731919,52.187006444,31542056.0
2020-07-01,53.408328597,52.427704971,53.51530572,52.38313117,14748072.0
2020-07-02,52.76646586,52.712977299,53.319180995,52.570341135,15578580.0
2020-07-06,52.347472129,53.078482468,53.14980055,52.240495006,20536717.0
2020-07-07,52.659488737,51.981966959,53.105226749,51.830416035,15996487.0
2020-07-08,52.106773602,52.249409766,52.325185228,51.64320607,13277868.0
2020-07-09,51.883904596,52.080029322,52.369759029,51.438166584,20683689.0
2020-07-10,51.66103559,53.069567708,53.212203872,51.554058467,17742324.0
2020-07-13,53.345925276,52.222665485,54.041276574,52.053285041,19082943.0
2020-07-14,51.592837674,52.579255895,52.819954422,51.121692596,24190866.0
2020-07-15,52.623829696,52.623829696,52.900187264,52.080029322,19986312.0
2020-07-16,52.187006444,52.721892059,52.918016784,52.062199801,12425873.0
2020-07-17,52.971505346,53.48856144,53.898640411,52.846698702,16322814.0
2020-07-20,53.559879521,54.513758867,54.718798353,52.900187264,16868660.0
2020-07-21,54.839147616,54.112594656,55.206881476,53.88081089,19830305.0
2020-07-22,54.656395031,54.424611265,55.062016622,54.041276574,18959921.0
2020-07-23,54.60736385,53.845151849,55.039729721,53.470731919,43518551.0
2020-07-24,46.490474651,45.099772054,46.517218932,44.128063188,182269902.0
2020-07-27,45.492021504,44.190466509,45.590083867,44.096861527,107526547.0
2020-07-28,44.110233667,43.896279421,44.778840685,43.807131819,62362611.0
2020-07-29,44.119148427,42.853252473,44.128063188,42.701701549,60500806.0
2020-07-30,42.639298227,42.781934391,43.236587164,42.425343982,39735185.0
2020-07-31,42.906741035,42.550150625,43.077547841,41.872628847,46569883.0
2020-08-03,43.031547678,43.058291959,43.349537176,42.559065385,31767139.0
2020-08-04,43.325734766,43.798217059,43.807131819,43.236587164,29045836.0
2020-08-05,44.324187913,43.611007094,44.324187913,43.379223327,29471066.0
2020-08-06,43.790513241,43.59305653,43.817439156,43.171217194,23795529.0
2020-08-07,43.55715531,43.108390059,43.66485897,42.812204993,36765228.0
2020-08-10,43.260970244,44.176451357,44.329031543,43.135315974,37442609.0
2020-08-11,44.544438863,43.251994939,44.634191914,43.135315974,35348092.0
2020-08-12,43.682809581,44.149525442,44.212352577,43.296871464,30687169.0
2020-08-13,44.212352577,43.584081225,44.275179712,43.427013387,24774512.0
2020-08-14,43.736661411,43.880266291,44.167476052,43.66485897,22321168.0
2020-08-17,44.077723002,43.916167511,44.25274145,43.736661411,20018273.0
2020-08-18,44.212352577,43.66485897,44.490587033,43.637933055,19251395.0
2020-08-19,43.786025588,43.377649209,43.961044036,43.305846769,27774975.0
2020-08-20,44.705994354,44.131574832,45.05603125,43.978994647,55081342.0
2020-08-21,43.996945257,44.230303187,44.257229102,43.66485897,34316470.0
2020-08-24,44.212352577,44.104648917,44.338006848,43.817439156,36295307.0
2020-08-25,44.293130323,44.364932763,44.768821489,44.167476052,38384329.0
2020-08-26,44.329031543,44.472636423,44.580340084,44.185426662,28616620.0
2020-08-27,44.688043744,44.338006848,44.813698014,44.131574832,24420613.0
2020-08-28,44.490587033,45.262463266,45.594549552,44.391858678,35384684.0
2020-08-31,45.774055653,45.729179127,46.222820904,45.16373491,46114133.0
2020-09-01,45.693277907,45.585574247,45.774055653,45.07398186,30522707.0
2020-09-02,45.962537058,46.895968781,47.281906898,45.854833398,53000730.0
2020-09-03,47.120351407,45.226562046,47.228055067,44.997691767,47394340.0
2020-09-04,45.352216316,44.94832759,45.980487668,44.418784593,43318369.0
2020-09-08,44.212352577,43.898216901,44.786772099,43.844365071,39752694.0
2020-09-09,44.454685813,44.535463558,44.848163186,44.014895867,33437273.0
2020-09-10,44.87652515,43.943093426,44.957302895,43.718710801,32649149.0
2020-09-11,44.215493934,44.230303187,44.921401675,43.934118121,29333570.0
2020-09-14,43.844365071,44.346982153,44.625216609,43.844365071,27212491.0
2020-09-15,44.688043744,44.87652515,45.415043451,44.634191914,27598263.0
2020-09-16,45.334265706,45.208611436,45.800981568,45.024617682,26555283.0
2020-09-17,44.311080933,45.16373491,45.311827443,44.248253797,26959934.0
2020-09-18,45.172710215,44.777796794,45.325290401,44.014895867,50123495.0
2020-09-21,44.329031543,44.625216609,44.647654871,43.826414461,27377117.0
2020-09-22,44.777796794,44.831648624,45.065006555,44.400833983,22290855.0
2020-09-23,44.723944964,43.817439156,45.006667072,43.673834275,30078801.0
2020-09-24,43.55715531,44.122599527,44.553414168,43.458426955,29343397.0
2020-09-25,43.943093426,44.822673319,45.12783369,43.754612021,26633411.0
2020-09-28,45.334265706,46.159993769,46.186919684,45.02013003,29652247.0
2020-09-29,46.047802456,45.944586448,46.433740572,45.729179127,19687447.0
2020-09-30,45.989462973,46.474129445,47.012647747,45.908685228,27711346.0
2020-10-01,47.030598357,46.886993476,47.317808118,46.66261085,22127580.0
2020-10-02,46.222820904,45.783030958,46.652648262,45.765080347,25811766.0
2020-10-05,46.043314803,46.3933517,46.50105536,46.016388888,20883245.0
2020-10-06,46.41130231,46.106141939,47.299857508,45.980487668,25642790.0
2020-10-07,46.53695658,47.272931593,47.479363608,46.48310475,21978673.0
2020-10-08,47.488338913,47.901202945,48.08968435,47.272931593,22369537.0
2020-10-09,48.062758435,47.407561168,48.332017586,47.272931593,24343898.0
2020-10-12,48.062758435,48.358943501,48.646153262,47.757598064,27303474.0
2020-10-13,48.708980397,48.314066976,48.726931007,48.12558557,20005769.0
2020-10-14,48.475622467,48.062758435,48.825659363,48.026857215,21885105.0
2020-10-15,47.344734033,48.332017586,48.448696551,47.228055067,18272865.0
2020-10-16,48.376894111,48.610252042,49.094918514,48.376894111,23421388.0
2020-10-19,48.888486498,48.987214853,50.468140183,48.323042281,43537219.0
2020-10-20,49.005165463,47.955054775,49.094918514,47.811449894,27224899.0
2020-10-21,47.694770929,48.01788191,48.529474297,47.407561168,21866025.0
2020-10-22,47.676820319,48.376894111,48.664103872,47.631943794,41522739.0
2020-10-23,43.39559982,43.260970244,43.678321928,42.776303772,97322490.0
2020-10-26,42.946834568,41.9326251,42.955809873,41.510785763,54161291.0
2020-10-27,41.268452527,40.963292156,41.654390644,40.711983616,50130518.0
2020-10-28,40.290144279,39.715724757,40.644668828,39.670848232,45066011.0
2020-10-29,39.706749452,39.590070487,39.913181468,39.419629444,36796801.0
2020-10-30,39.581095182,39.742650672,40.204878881,39.141305235,46794171.0
2020-11-02,40.352971414,39.904206163,40.438236812,39.706749452,33856742.0
2020-11-03,40.146539399,40.254243059,40.801736666,40.119613484,33587541.0
2020-11-04,40.48760099,41.017143987,41.421032713,40.191415924,34748153.0
2020-11-05,41.722309789,41.297402192,41.930243294,41.157273091,31103209.0
2020-11-06,41.170833972,41.035225164,41.401368945,40.592236393,36233675.0
2020-11-09,42.16529856,41.225077495,42.807180249,41.170833972,48481729.0
2020-11-10,41.044265751,41.0804281,42.020649166,40.908656944,39224462.0
2020-11-11,41.49629511,41.903121532,41.998047698,41.460132761,31496938.0
2020-11-12,41.704228615,40.637439329,41.758472138,40.275815842,42909915.0
2020-11-13,40.673601677,41.098509274,41.20699632,40.655520503,30898107.0
2020-11-16,41.62286333,41.758472138,42.264745019,41.396848651,36306293.0
2020-11-17,41.360686302,41.161793385,41.695188028,41.048786045,31072061.0
2020-11-18,41.179874559,40.736885788,41.301922486,40.718804613,32817918.0
2020-11-19,40.610317567,41.243158669,41.288361605,40.411424649,29469084.0
2020-11-20,41.279321018,41.035225164,41.478213935,40.980981641,24199278.0
2020-11-23,41.116590449,41.640944505,41.776553312,41.089468687,35489638.0
2020-11-24,41.848878009,42.499800286,42.761977314,41.595741569,33901172.0
2020-11-25,42.51788146,42.535962634,42.653490268,42.10201445,28126887.0
2020-11-27,42.816220837,42.897586121,43.485224287,42.816220837,15921420.0
2020-11-30,42.87046436,43.711238966,43.846847774,42.730335259,46332671.0
2020-12-01,44.072862453,44.805150014,45.406349061,44.036700105,57778192.0
2020-12-02,44.49777005,45.112529978,45.257179373,44.461607702,33753518.0
2020-12-03,45.130611152,46.097953979,46.206441025,45.004042932,50261151.0
2020-12-04,46.16123809,46.997492403,47.59869145,46.106994567,39767719.0
2020-12-07,46.106994567,45.383747593,46.369171594,44.805150014,51040300.0
2020-12-08,45.049245868,45.826736364,45.853858126,45.031164693,28956507.0
2020-12-09,45.45607229,45.26621996,45.960808272,44.958839996,34068390.0
2020-12-10,44.895555886,45.437991116,45.853858126,44.832271776,33705981.0
2020-12-11,45.32950407,44.958839996,45.32950407,44.402843885,29398840.0
2020-12-14,45.04020528,45.627843446,46.41437453,44.967880583,33436404.0
2020-12-15,46.088913392,45.804134896,46.116035154,45.39278818,25472993.0
2020-12-16,45.844817539,46.215481613,46.522861576,45.817695777,28350977.0
2020-12-17,46.242603374,45.790574016,46.396293356,45.401828767,26399017.0
2020-12-18,45.718249318,42.906626708,45.817695777,42.590206157,119298410.0
2020-12-21,41.875999771,41.91216212,41.993527404,40.899616357,53775701.0
2020-12-22,41.812715661,41.740390963,41.894080945,41.374247183,32188769.0
2020-12-23,41.73587067,42.10201445,42.51788146,41.649985092,22564228.0
2020-12-24,42.129136212,42.554043809,42.572124983,41.894080945,11865642.0
2020-12-28,42.662530855,42.554043809,43.064836984,42.364191478,21269166.0
2020-12-29,42.689652616,44.651460032,45.805671796,42.029689753,84531388.0
2020-12-30,44.398323591,44.072862453,44.470648289,43.901091297,37385409.0
2020-12-31,44.072862453,45.04020528,45.374707006,44.045740692,28576790.0
2021-01-04,45.103489391,44.904596473,46.459577466,44.661947113,46102459.0
2021-01-05,44.701183262,45.754411667,45.953304585,44.597216509,24866563.0
2021-01-06,45.596201391,46.197400438,47.146662091,45.383747593,36809644.0
2021-01-07,46.549983338,47.18282444,47.634853798,46.378212182,32092336.0
2021-01-08,47.417879706,46.694632733,47.490204404,46.35109042,34625379.0
2021-01-11,46.369171594,46.595186274,47.228027376,46.333009246,32933279.0
2021-01-12,46.920647412,48.132086093,48.68356191,46.613267448,39883888.0
2021-01-13,53.791493661,51.486143933,54.469537699,51.440940997,124070671.0
2021-01-14,52.842232008,53.565478982,54.37009124,52.290756191,74680892.0
2021-01-15,53.203855495,52.055700924,53.927102469,51.983376227,50265363.0
2021-01-19,52.381162062,52.426364998,52.742785549,51.62175274,35647144.0
2021-01-20,52.652379678,53.041124926,53.53835722,52.51677087,28701263.0
2021-01-21,53.373818534,56.467507463,57.814554952,52.637281897,87156464.0
2021-01-22,53.203855495,51.223966905,53.899980707,51.214926318,85729315.0
2021-01-25,50.970830464,50.12101527,51.07931751,48.873414241,61968547.0
2021-01-26,49.971845582,49.913081765,50.808099895,49.587620627,31485880.0
2021-01-27,49.370646535,48.448506644,49.585902915,48.186329616,49722945.0
2021-01-28,49.533377104,50.686051968,51.892970355,49.452011819,49202558.0
2021-01-29,50.609206977,50.18429938,51.675996263,50.044170279,37256225.0
2021-02-01,50.582085216,51.251088666,51.883929768,50.365111124,26926638.0
2021-02-02,51.703118025,52.435405586,52.688542026,51.422859822,23580890.0
2021-02-03,52.339846579,52.146106796,52.733744962,51.874889181,21893188.0
2021-02-04,52.398503709,53.471758949,53.5536174,52.016497607,29853778.0
2021-02-05,53.662762001,52.916940563,53.735525068,52.862368262,23432611.0
2021-02-08,53.094300539,53.808288135,53.862860435,52.707746745,34358295.0
2021-02-09,53.453568183,53.462663566,53.944718886,52.694103669,28754075.0
2021-02-10,53.935623502,53.535426633,54.044768103,52.862368262,16325147.0
2021-02-11,53.749168143,55.172595643,55.472743295,53.535426633,27539121.0
2021-02-12,55.118023343,56.218564733,56.85524157,54.963401825,26214175.0
2021-02-16,56.391377018,56.818860037,57.182675372,56.118515516,26326297.0
2021-02-17,55.927512465,56.254946267,56.55964161,55.67284173,21065334.0
2021-02-18,55.158952568,56.036657065,56.373186251,55.154404876,17846142.0
2021-02-19,56.309518567,57.31001074,57.537395325,56.254946267,28290116.0
2021-02-22,56.282232417,55.21807256,57.028053855,55.172595643,32288182.0
2021-02-23,55.008878742,55.590983279,55.932060156,53.817383518,27374594.0
2021-02-24,55.054355659,57.473727641,57.555586091,54.917924908,24669870.0
2021-02-25,56.759740045,54.936115675,57.79206606,54.690540324,36393952.0
2021-02-26,55.381789461,55.281740244,56.109420132,54.281248071,38216774.0
2021-03-01,56.136706283,57.191770756,57.373678424,56.073038599,28503500.0
2021-03-02,57.119007689,55.70012788,57.428250724,55.581887896,23320016.0
2021-03-03,55.154404876,54.481346506,55.954798615,54.299438838,28740357.0
2021-03-04,54.417678822,53.053371313,54.786041849,52.666817519,40210352.0
2021-03-05,53.899241969,55.24535871,55.641007888,53.217088214,39511670.0
2021-03-08,54.997691421,54.435869589,56.113967824,54.317629605,33112387.0
2021-03-09,55.64555558,57.000767705,57.450989182,55.336312544,36387479.0
2021-03-10,57.501013791,56.618761602,58.319598296,56.509617002,27160323.0
2021-03-11,57.246343056,57.582872242,58.292312146,56.74609697,30701765.0
2021-03-12,56.982576938,57.209961523,57.573776858,56.609666219,20172961.0
2021-03-15,57.855733743,58.019450644,58.096761403,56.82795542,21251484.0
2021-03-16,58.346884446,58.9198936,59.78413693,58.283216763,30186635.0
2021-03-17,58.413735514,59.829431939,60.293296492,57.946687577,32394652.0
2021-03-18,59.693001188,57.960330652,59.756668872,57.892115277,30107865.0
2021-03-19,57.464632258,57.992164494,59.110896651,57.228152289,54951650.0
2021-03-22,58.956275133,59.693001188,60.375154942,58.719795165,34380148.0
2021-03-23,60.029530374,57.737493759,60.07500729,57.455536874,35159952.0
2021-03-24,60.55706261,56.427758551,61.339265582,56.382281634,74584670.0
2021-03-25,56.077586291,56.409567784,56.791573887,55.45910022,35401428.0
2021-03-26,56.20946935,59.00175205,59.092705884,56.1821832,34705755.0
2021-03-29,58.220731479,58.665222865,59.233684327,57.855733743,26161610.0
2021-03-30,58.001259878,58.001259878,58.210453696,57.437346107,20709487.0
2021-03-31,58.219549079,58.210453696,58.656036528,57.828447593,33013231.0
2021-04-01,58.869868991,58.710699782,59.019942817,57.823899901,31416250.0
2021-04-05,59.074515118,60.520681077,60.702588744,58.847130533,27947521.0
2021-04-06,60.085557935,59.629333504,60.552514918,59.383758153,28771404.0
2021-04-07,59.729382722,60.256914958,60.547967227,59.447425837,17793257.0
2021-04-08,60.911782562,60.984545629,61.202834831,60.356964176,22224223.0
2021-04-09,60.754978153,62.08508702,62.212422387,60.602539527,27177096.0
2021-04-12,62.030514719,59.488355062,62.294280838,58.856225916,51266884.0
2021-04-13,59.674810421,59.320090469,59.697185064,58.401456747,26821990.0
2021-04-14,59.40194892,58.38326598,59.465616603,58.064927561,25768415.0
2021-04-15,58.183167545,59.138182801,59.315542777,57.919310473,24927676.0
2021-04-16,59.420139686,58.89260745,59.592951971,58.728890549,24625458.0
2021-04-19,58.847130533,57.87392451,58.883512066,57.36458304,23997675.0
2021-04-20,57.883019893,57.028053855,57.992164494,56.764287736,19872123.0
2021-04-21,57.109912305,57.937592194,58.005807569,56.664238519,24364209.0
2021-04-22,57.619253775,56.909813871,58.128595245,56.646047752,38257616.0
2021-04-23,53.808288135,53.881051202,54.57230034,52.662269828,77519832.0
2021-04-26,53.753715834,53.444472799,54.135721937,53.171611297,39645910.0
2021-04-27,53.25801744,52.725937511,53.326232815,52.544029844,38167700.0
2021-04-28,52.316645259,52.407599093,52.898749796,51.980116073,30387352.0
2021-04-29,52.644079061,53.007894396,53.026085163,52.271168342,23290618.0
2021-04-30,52.398503709,52.325740642,53.144325147,51.907353006,30731840.0
2021-05-03,52.621340602,52.080165291,52.641168538,51.698159188,22281701.0
2021-05-04,51.734540722,51.752731489,51.825494556,50.761334699,35323622.0
2021-05-05,51.807303789,51.707254572,52.116546824,51.352534619,21001931.0
2021-05-06,51.810206955,52.336407944,52.391315873,51.471608057,25529252.0
2021-05-07,52.803125343,52.775671378,53.086816311,52.382164552,19959041.0
2021-05-10,52.296599695,51.219946715,52.37301323,51.137584821,35046472.0
2021-05-11,50.378025132,50.368873811,50.908801782,49.691676016,35968053.0
2021-05-12,49.77403791,49.069386151,50.01197227,48.88635972,30232253.0
2021-05-13,49.453741656,49.426287691,49.77403791,48.922965006,29192470.0
2021-05-14,49.97042527,50.652564779,51.10711092,49.650495069,28158312.0
2021-05-17,50.597656849,50.634262136,51.146736142,50.112636807,20010191.0
2021-05-18,51.201644072,50.18584738,51.375519181,50.149242094,18703385.0
2021-05-19,49.48119562,50.6617161,50.725775351,49.272362463,23769652.0
2021-05-20,50.853893853,51.201644072,51.467032397,50.6617161,23145167.0
2021-05-21,51.631756185,51.320611252,51.89714451,51.22918955,17723087.0
2021-05-24,51.840406316,52.125927548,52.519434375,51.613453542,19164350.0
2021-05-25,52.675006841,52.043565654,52.675006841,51.631756185,22309872.0
2021-05-26,52.208289442,52.089322262,52.37301323,51.78275299,15173599.0
2021-05-27,52.263197372,52.830579308,52.967849131,52.162532835,32387637.0
2021-05-28,52.66585552,52.272348693,52.757368735,52.107624905,20309599.0
2021-06-01,52.720763449,52.061868297,52.912941202,51.787328651,20326366.0
2021-06-02,52.080170941,52.601796269,52.793974021,51.938325457,18483588.0
2021-06-03,52.144230191,51.467032397,52.25404605,51.325186913,21831303.0
2021-06-04,51.750723365,52.501131732,52.848881951,51.741572043,21493760.0
2021-06-07,52.537737018,52.244894728,52.565190983,51.9566281,17364399.0
2021-06-08,52.574342304,52.162532835,52.748217414,51.796479973,33254482.0
2021-06-09,52.49198041,52.162532835,52.597220608,52.13507887,13904793.0
2021-06-10,52.299802658,52.510283053,53.105118954,52.093897923,26738082.0
2021-06-11,52.592644947,52.940395166,53.02275706,52.116776227,18119736.0
2021-06-14,53.095967633,53.251540099,53.260691421,52.37301323,21784523.0
2021-06-15,53.269842742,53.068513668,53.457444834,52.894730072,20806538.0
2021-06-16,53.214934813,52.363861909,53.416263887,51.947476778,21879679.0
2021-06-17,52.208289442,52.327256622,52.986151774,51.887993188,21498755.0
2021-06-18,51.869690545,50.945407068,51.933749796,50.42378174,55118305.0
2021-06-21,51.018617641,51.128433499,51.284005966,50.670867422,19254640.0
2021-06-22,51.19249275,51.128433499,51.50354617,50.79431875,18682808.0
2021-06-23,51.128433499,50.570202885,51.223607243,50.54274892,20287879.0
2021-06-24,50.78068328,51.31145993,51.338913895,50.643413457,21209732.0
2021-06-25,51.265703323,51.165038786,51.618029202,51.01404198,21101239.0
2021-06-28,51.576848255,52.601796269,52.826003647,51.558545612,22480879.0
2021-06-29,52.66585552,51.933749796,52.922092523,51.137584821,26359992.0
2021-06-30,51.558545612,51.375519181,51.590575238,50.689170065,29891584.0
2021-07-01,51.36636786,51.256552001,51.833085259,51.128433499,24871591.0
2021-07-02,51.750723365,51.942901117,52.153381513,51.540242969,17223577.0
2021-07-06,52.089322262,51.329762573,52.171684156,50.972861033,26186595.0
2021-07-07,51.585999577,51.210795393,51.659210149,50.977436694,14857388.0
2021-07-08,50.615959493,50.689170065,50.991163676,50.140182285,19161963.0
2021-07-09,50.798985924,51.238249358,51.343489556,50.615959493,18708003.0
2021-07-12,51.48533504,51.915447153,51.938325457,51.348065217,15392759.0
2021-07-13,51.814782616,52.043565654,52.437072481,51.558545612,15715983.0
2021-07-14,52.318105301,51.7232694,52.578917965,51.552963306,16263611.0
2021-07-15,51.613453542,51.07352557,51.613453542,50.853893853,18917047.0
2021-07-16,51.293157287,50.30481456,52.098016018,50.240755309,25263792.0
2021-07-19,49.792340553,50.002820949,50.153817754,49.389682405,27007665.0
2021-07-20,50.254482291,50.551900242,50.844742531,49.66275784,19866965.0
2021-07-21,50.496992312,51.457881075,51.503637683,50.341419846,18497169.0
2021-07-22,51.302308609,51.210795393,51.741572043,50.95455839,36690982.0
2021-07-23,49.947913019,48.502004215,50.0668802,47.879714349,67742254.0
2021-07-26,48.328129105,49.700827338,49.911307733,48.282372497,32881174.0
2021-07-27,48.611820073,48.666728002,48.685030646,47.870563028,39878025.0
2021-07-28,48.529458179,48.566063465,49.343925797,48.447096285,28478845.0
2021-07-29,48.941267649,49.142596723,49.508649585,48.794846504,16886626.0
2021-07-30,49.096840115,49.160899366,49.325623154,48.730787253,16465689.0
2021-08-02,49.407985048,49.12429408,49.847248482,48.991599917,18098082.0
2021-08-03,49.316471832,49.472044299,49.563557514,48.739938575,16375928.0
2021-08-04,49.645919408,49.325623154,49.819794518,49.142596723,17612708.0
2021-08-05,49.728591489,49.636484448,49.756223602,49.350952621,15310009.0
2021-08-06,49.608852336,49.664116561,49.857541347,49.489113183,19256023.0
2021-08-09,49.811487826,49.783855714,50.115441062,49.581220224,14670135.0
2021-08-10,49.958859092,49.682537969,50.092414302,49.286477692,16215714.0
2021-08-11,49.9772805,49.866752051,50.069387541,49.590430928,18590798.0
2021-08-12,49.894384163,49.314109804,49.903594867,49.051604737,15073693.0
2021-08-13,49.277266988,49.268056284,49.327925861,48.867390655,15281066.0
2021-08-16,49.028577977,49.249634876,49.268056284,48.816731783,17692907.0
2021-08-17,48.973313752,48.531199955,48.981050744,48.098296862,22014903.0
2021-08-18,48.448303618,48.07066475,48.844363895,47.996979117,15061736.0
2021-08-19,47.945767602,48.300932352,48.512778547,47.508811799,22999394.0
2021-08-20,48.043032637,47.904872076,48.245668128,47.361440533,25728334.0
2021-08-23,48.439092914,49.028577977,49.309504452,48.337775169,23976255.0
2021-08-24,49.327925861,49.562798815,49.710170081,49.10226361,20348797.0
2021-08-25,49.811487826,49.562798815,49.949648388,49.490034253,15048388.0
2021-08-26,49.502929239,48.936470936,49.502929239,48.791770774,19569984.0
2021-08-27,49.14831713,49.636484448,49.682537969,48.74304615,16524991.0
2021-08-30,49.9772805,49.682537969,50.539133451,49.516745295,14581326.0
2021-08-31,50.143073174,49.793066418,50.198337399,49.424638254,22350100.0
2021-09-01,49.839119939,49.433848958,49.880568107,49.3048991,18615029.0
2021-09-02,49.553588111,49.489113183,49.636484448,49.139106426,15880063.0
2021-09-03,49.222002763,49.286477692,49.811487826,49.110829565,13472750.0
2021-09-07,49.341741917,49.41542755,49.691748673,49.222002763,13914972.0
2021-09-08,49.489113183,49.341741917,49.664116561,48.807521078,18235078.0
2021-09-09,49.424638254,49.185159947,49.636484448,49.129895722,13495797.0
2021-09-10,49.599641632,49.590430928,50.640451196,49.562798815,20324696.0
2021-09-13,50.299655144,50.6496619,51.105591754,50.115441062,22639242.0
2021-09-14,50.999668657,50.216758807,51.064143585,49.986491204,22072717.0
2021-09-15,50.354919369,50.769401054,50.797033166,50.124651766,18796181.0
2021-09-16,50.529922747,50.502290635,50.612819084,49.958859092,19863089.0
2021-09-17,50.281233736,49.9772805,50.281233736,49.429243606,35359233.0
2021-09-20,49.013380315,48.798310374,49.277266988,48.190403903,35051904.0
2021-09-21,49.000945865,48.696992629,49.231213467,48.660149813,17968925.0
2021-09-22,49.185159947,49.277266988,49.61806304,48.816731783,18594117.0
2021-09-23,49.507534591,49.765434306,50.014123317,49.369374029,16474334.0
2021-09-24,49.530561351,49.940437684,50.127414977,49.489113183,12976200.0
2021-09-27,49.682537969,50.345708665,50.539133451,49.57200952,13899911.0
2021-09-28,49.903594867,49.737802194,50.281233736,49.700959377,24691319.0
2021-09-29,49.737802194,49.268056284,49.783855714,48.982524456,20514308.0
2021-09-30,49.516745295,49.074631498,49.719380785,49.056210089,20534072.0
2021-10-01,49.410822198,49.608852336,49.834514587,48.862785303,19895101.0
2021-10-04,49.673327265,49.249634876,50.041755429,48.890417415,27353323.0
2021-10-05,49.323320509,49.691748673,50.050966133,49.254240228,18129360.0
2021-10-06,49.25884558,49.719380785,49.802277122,48.881206711,20059578.0
2021-10-07,50.031623655,49.903594867,50.645056548,49.848330643,20704443.0
2021-10-08,50.24439092,49.562798815,50.272023032,49.46148107,16068031.0
2021-10-11,49.562798815,49.222002763,50.115441062,49.203581355,14398758.0
2021-10-12,49.341741917,48.052243341,49.479902478,47.904872076,32784309.0
2021-10-13,48.245668128,48.135139678,48.428408497,47.771316866,18533956.0
2021-10-14,48.720019389,49.645695152,49.737802194,48.568042772,26586650.0
2021-10-15,49.922016276,50.161494583,50.189126695,49.56233828,25231140.0
2021-10-18,49.90820022,50.170705287,50.253601624,49.479902478,22407571.0
2021-10-19,50.31411595,50.852297391,50.861508095,50.078598246,18392879.0
2021-10-20,50.889140207,50.999668657,51.105591754,50.732558237,16850266.0
2021-10-21,50.589792324,51.579943016,51.644417944,50.502290635,38390855.0
2021-10-22,46.41273801,45.556142528,46.560109276,45.261399996,109971887.0
2021-10-25,45.892333228,45.510089007,46.117995478,45.417981966,43178773.0
2021-10-26,45.500878303,44.469279443,45.537721119,44.146904799,68405390.0
2021-10-27,44.690336341,44.110061982,44.962512648,44.091640574,41081464.0
2021-10-28,44.340329585,44.28506536,44.542872968,44.100851278,31317178.0
2021-10-29,44.303486769,45.132450139,45.390349854,44.137694095,42300965.0
2021-11-01,45.500878303,45.639038865,45.685092385,45.132450139,28013741.0
2021-11-02,45.694303089,45.924570692,45.956808156,45.344296333,27193263.0
2021-11-03,45.990243012,46.41273801,46.468002234,45.78641013,23962115.0
2021-11-04,46.595912639,46.660835288,46.697933944,46.122904768,24805961.0
2021-11-05,46.883427227,47.2265898,47.838717634,46.874152563,36816156.0
2021-11-08,47.727421664,47.810893641,48.218978863,47.356435098,31647844.0
2021-11-09,47.801618977,47.486280396,48.014936252,47.082832506,22508422.0
2021-11-10,47.277600453,47.078195174,47.659994856,47.031821853,25040734.0
2021-11-11,47.310061778,46.864877899,47.365709762,46.753581929,25419988.0
2021-11-12,46.925163216,46.660835288,47.208040472,46.540264654,23884837.0
2021-11-15,46.753581929,46.670109952,46.95762454,46.484616669,24695780.0
2021-11-16,46.716483273,46.939075212,47.439907076,46.68865928,30927765.0
2021-11-17,46.929800548,46.586637975,47.245046382,46.354771371,23546918.0
2021-11-18,46.595912639,46.076531447,46.595912639,45.418030293,30667661.0
2021-11-19,46.002334134,45.928136821,46.122904768,45.668446225,27607603.0
2021-11-22,45.955960813,46.215651409,47.161667151,45.826115515,33389634.0
2021-11-23,46.521715326,45.538600927,46.790680586,45.111966376,44713339.0
2021-11-24,45.311371655,46.15072876,46.169278088,45.102691712,26035780.0
2021-11-26,45.353107644,45.241811674,45.608160908,44.625046509,25268977.0
2021-11-29,45.72409421,46.3733207,46.493891333,45.18616369,31478896.0
2021-11-30,45.909587493,45.631347568,46.744307265,45.149065033,49460840.0
2021-12-01,46.224926073,45.07486772,46.657310915,45.000670407,35133403.0
2021-12-02,45.084142384,45.909587493,46.182911845,44.824451788,37240777.0
2021-12-03,46.071894115,45.677720889,46.428968684,45.223262346,32224930.0
2021-12-06,45.891038164,47.291512449,47.49555506,45.61279824,40335981.0
2021-12-07,50.695314189,48.756909383,51.01065277,48.423021474,91731468.0
2021-12-08,48.756909383,47.996386924,49.044423972,47.656748723,37143437.0
2021-12-09,47.579027038,46.818504578,47.843354966,46.772131258,31694241.0
2021-12-10,47.152392487,46.920525884,47.365709762,46.41969402,23783632.0
2021-12-13,47.161667151,46.3733207,47.319336442,46.326947379,35726895.0
2021-12-14,46.206376745,46.095080775,46.623736631,45.742643538,34120382.0
2021-12-15,46.252750066,46.994723197,47.096744502,45.74728087,32590323.0
2021-12-16,47.059645846,47.143117823,47.671773679,46.906613888,33132254.0
2021-12-17,46.920525884,46.948349876,47.319336442,46.382595364,50190417.0
2021-12-20,46.289848722,46.002334134,46.493891333,45.408755629,30140276.0
2021-12-21,46.317672715,47.087469838,47.152392487,46.317672715,31956292.0
2021-12-22,46.966899204,47.272963121,47.319336442,46.568088646,23307948.0
2021-12-23,47.374984427,47.588301702,47.977837596,47.347160434,25198249.0
2021-12-27,47.625400358,48.172605543,48.283901512,47.581067464,20990716.0
2021-12-28,48.163330879,48.005661588,48.339549497,47.885090954,19290438.0
2021-12-29,48.052034909,48.070584237,48.358098825,47.912914947,14174781.0
2021-12-30,48.154056214,47.98711226,48.358098825,47.903640283,18359360.0
2021-12-31,48.126232222,47.764520321,48.375720687,47.727421664,16318965.0
2022-01-03,47.903640283,49.350487888,49.369037217,47.857266962,33892932.0
2022-01-04,49.684375797,49.285565239,50.022901039,48.831106697,45681384.0
2022-01-05,50.257550041,49.962615722,52.095788474,49.925517065,59109324.0
2022-01-06,50.648940868,50.09246102,50.704588853,49.540618503,35757881.0
2022-01-07,50.259404974,49.563805164,50.444898257,49.294839904,30717218.0
2022-01-10,50.055362363,51.205420716,51.298167358,49.44323453,49260830.0
2022-01-11,51.474385977,51.854647206,52.012316497,50.760236838,39795188.0
2022-01-12,52.064532856,51.696977916,52.197809779,50.834434151,29136787.0
2022-01-13,51.938119184,50.955004785,52.13288713,50.797335494,29605351.0
2022-01-14,50.871532807,51.659879259,51.724801908,50.574743555,30151532.0
2022-01-18,51.298167358,50.78806083,51.613505939,50.713863517,35332588.0
2022-01-19,50.667490196,49.730749118,50.871532807,49.675101133,30595113.0
2022-01-20,49.953341058,48.265352184,50.162021001,48.172605543,28582607.0
2022-01-21,48.302450841,48.265352184,49.276197829,48.181880207,46372373.0
2022-01-24,47.745970992,48.172605543,48.347989442,46.26202473,64273633.0
2022-01-25,47.310061778,47.300787114,47.87581629,46.605187303,44095360.0
2022-01-26,47.421357747,47.940738939,48.896029346,47.06892051,54895393.0
2022-01-27,46.354771371,44.564761192,46.428968684,44.31434526,89642770.0
2022-01-28,44.249422611,44.26797194,44.703881154,42.941694968,61945408.0
2022-01-31,44.221598619,45.278910331,45.325283652,43.873798714,51828446.0
2022-02-01,45.237174342,45.399480965,45.473678278,44.852275781,35386062.0
2022-02-02,44.745617143,45.918862157,45.983784806,44.601859849,37962659.0
2022-02-03,45.677720889,44.778078467,46.081168779,44.750254475,42145836.0
2022-02-04,44.726679265,44.866858995,45.081707795,44.044471244,32431494.0
2022-02-07,44.979002779,45.025729356,45.474304493,44.820132418,27558469.0
2022-02-08,44.838823049,45.614484223,45.735973322,44.764060526,28051185.0
2022-02-09,46.100440621,46.642468911,46.698540803,45.628502196,35217300.0
2022-02-10,45.960260891,45.6612108,46.663495871,45.567757646,32762682.0
2022-02-11,45.745318638,44.511737012,45.894843683,44.390247912,37208227.0
2022-02-14,44.782751157,44.465010435,45.023112668,44.025874067,28456926.0
2022-02-15,44.577154219,45.268707555,45.287398186,44.100543136,35857524.0
2022-02-16,44.913585572,45.072455933,45.315434132,44.483701066,26022941.0
2022-02-17,44.726679265,44.455665119,45.100491879,44.278104128,32030624.0
2022-02-18,43.166011601,42.091300336,43.184702232,41.595998622,76520104.0
2022-02-22,41.764214299,41.764214299,42.432404346,40.979301262,57093316.0
2022-02-23,42.212789435,41.726833037,42.717436464,41.634688228,38176736.0
2022-02-24,41.025934386,43.661313315,43.726730522,40.768938214,72740052.0
2022-02-25,43.857564937,44.586499534,44.661262057,43.222083493,39266331.0
2022-02-28,43.922982145,44.577154219,44.689298003,43.782802414,41946114.0
2022-03-01,44.427629173,43.754766468,44.764060526,43.194047547,53852979.0
2022-03-02,44.408938543,45.670556115,45.782699899,44.371557281,46936509.0
2022-03-03,45.025729356,44.792096472,45.371506024,44.50575601,36389883.0
2022-03-04,44.268758812,44.922930887,45.105164536,44.268758812,38324991.0
2022-03-07,44.862186337,44.558463588,45.362160708,44.483701066,43813747.0
2022-03-08,44.567808904,44.390247912,45.530376385,43.820183676,44813947.0
2022-03-09,45.240671609,44.511737012,45.287398186,43.815511018,36076458.0
2022-03-10,44.19399629,43.605241423,44.21268692,43.133302997,36455953.0
2022-03-11,44.063161875,42.829580249,44.179978317,42.768835699,27082085.0
2022-03-14,42.894997456,41.493200154,42.969759979,41.399747,35993898.0
2022-03-15,41.586653307,41.876358083,41.960465921,41.184804747,34448890.0
2022-03-16,42.334278535,43.577205477,43.577205477,42.306242589,38885498.0
2022-03-17,43.287500701,44.053816559,44.191473055,42.736127095,28554988.0
2022-03-18,43.754766468,44.343521335,44.483701066,43.315536647,46237117.0
2022-03-21,44.352866651,44.287449443,44.754715211,43.983726694,32910943.0
2022-03-22,44.390247912,45.221980978,45.296743501,44.296794759,27923323.0
2022-03-23,45.287398186,45.109837194,46.334073505,44.913679025,37126378.0
2022-03-24,45.474304493,48.240517836,48.268553782,45.408887285,51677908.0
2022-03-25,47.371403509,48.436769459,48.575360485,47.14711594,33249492.0
2022-03-28,47.997539637,48.137719367,48.193791259,47.249914409,22932366.0
2022-03-29,48.59563982,48.829272703,48.866653965,47.918104457,27303707.0
2022-03-30,48.829272703,48.062956845,49.072250902,47.866705222,24623262.0
2022-03-31,47.848014592,46.315382874,47.904086484,46.268656297,43698250.0
2022-04-01,46.567706389,44.960312148,46.633123596,44.226704893,46598563.0
2022-04-04,45.01638404,45.978951522,46.006987468,44.778078499,23811324.0
2022-04-05,45.633174854,44.979002779,45.773354584,44.87620431,25779171.0
2022-04-06,44.33417602,44.427629173,45.01638404,44.147269713,31518748.0
2022-04-07,44.320158047,44.446319804,44.773405841,43.708039891,24116972.0
2022-04-08,44.184650974,43.941672775,44.465010435,43.778129757,22167256.0
2022-04-11,43.829528991,43.521133584,44.198668947,43.483752323,30352478.0
2022-04-12,44.222032236,43.455716377,44.773405841,43.371608539,29861379.0
2022-04-13,43.689349261,43.93232746,44.174090768,43.502442954,22171270.0
2022-04-14,43.684676603,42.680055203,43.689349261,42.633328626,36181843.0
2022-04-18,42.549220788,43.586550792,43.820183676,42.539875473,25593058.0
2022-04-19,43.549169531,44.792096472,44.85751368,43.306191331,31483102.0
2022-04-20,45.193945032,44.960312148,45.558412331,44.834150391,22787142.0
2022-04-21,45.436923231,44.390247912,45.698592061,44.296794759,27316886.0
2022-04-22,44.343521335,43.493097638,44.530427642,43.455716377,28219860.0
2022-04-25,43.184702232,43.979054037,44.053816559,43.156666286,35999251.0
2022-04-26,43.633277369,42.539875473,43.773457099,42.530530157,35356573.0
2022-04-27,42.502494211,42.259516012,43.044522502,42.06326439,28320904.0
2022-04-28,42.787526329,43.773457099,44.175305659,42.559313729,41097044.0
2022-04-29,42.044573759,40.73622961,42.390350427,40.652121772,70765887.0
2022-05-02,40.85771871,42.016537813,42.044573759,40.661467087,45446472.0
2022-05-03,41.857667452,42.109990967,42.511839527,41.334329793,40158387.0
2022-05-04,42.109990967,43.493097638,43.586550792,41.502545469,44625615.0
2022-05-05,42.951494361,42.009575625,43.243489169,41.566873819,52996677.0
2022-05-06,41.905964564,41.727000004,42.52763093,41.293717386,40916578.0
2022-05-09,41.265459824,40.568439959,41.632808131,40.380056212,44925770.0
2022-05-10,41.774095941,41.453843571,42.136734654,40.973465016,42770024.0
2022-05-11,41.463262758,40.342379462,41.717580817,40.295283526,40351666.0
2022-05-12,40.248187589,40.35179865,40.413023368,39.570006099,42329642.0
2022-05-13,40.898111517,41.067656889,41.293717386,40.474248085,32034142.0
2022-05-16,40.898111517,40.577859146,41.076981885,40.299993119,25071905.0
2022-05-17,41.274879011,41.821191878,41.840030253,41.114752826,28596629.0
2022-05-18,41.425586009,39.890258469,41.425586009,39.767809033,35218393.0
2022-05-19,39.862000907,39.570006099,40.219930027,39.296849665,29181007.0
2022-05-20,39.791357002,39.230915354,39.833743345,37.968744248,44802286.0
2022-05-23,39.268592103,39.560586912,39.796066596,38.924791765,27199487.0
2022-05-24,39.276127453,39.249753729,39.456975851,38.712860049,29837489.0
2022-05-25,39.033112419,39.748970659,40.045675061,38.986016483,26283081.0
2022-05-26,39.720713097,40.954626641,41.143010388,39.63594041,28826682.0
2022-05-27,41.058237702,41.962479688,41.962479688,41.020560952,30553321.0
2022-05-31,41.679904068,41.840030253,42.150863436,41.110043232,41111478.0
2022-06-01,42.16970181,41.548035444,42.320408808,40.997012984,29885543.0
2022-06-02,41.623388943,42.235636122,42.273312871,41.387909259,28727637.0
2022-06-03,41.543325851,40.869853955,41.675948009,40.822758018,33174656.0
2022-06-06,41.265459824,40.822758018,41.482101133,40.577859146,25437061.0
2022-06-07,40.559020772,41.001722578,41.058237702,40.182253277,25168689.0
2022-06-08,39.796066596,38.835309485,39.805485783,38.646925738,59649874.0
2022-06-09,38.628087363,37.686168627,38.948339733,37.686168627,39047182.0
2022-06-10,37.535461629,36.904376076,37.752102938,36.904376076,43084434.0
2022-06-13,36.310967272,35.576270658,36.555866144,35.482078785,50335922.0
2022-06-14,35.802331155,35.726977656,35.981295715,35.359629349,31351683.0
2022-06-15,36.32038646,36.405159146,36.894956889,35.717558469,37652256.0
2022-06-16,35.505626753,35.171245602,35.595109033,34.78505892,45576545.0
2022-06-17,35.303114225,34.822735669,35.905942216,34.474225737,71393194.0
2022-06-21,35.190083976,35.538593909,35.816459936,35.157116821,34004880.0
2022-06-22,35.161826414,35.208922351,35.576270658,35.058215353,32591524.0
2022-06-23,35.42556366,35.237179913,35.434982848,34.766220545,30162971.0
2022-06-24,35.646914563,36.367482396,36.395739959,35.548013096,38159913.0
2022-06-27,36.612381268,36.386320771,36.791345828,36.235707965,29585325.0
2022-06-28,36.339224834,35.585689846,36.753669078,35.548013096,37842731.0
2022-06-29,35.359629349,35.124149665,35.411434879,34.869831606,25437197.0
2022-06-30,35.048796166,35.237179913,35.792911968,34.591965579,35141045.0
2022-07-01,34.935765918,34.229326866,35.039376979,33.796044247,40596289.0
2022-07-05,33.843140184,34.558998423,34.60609436,33.475791877,33225868.0
2022-07-06,34.681447859,34.841574044,35.251308694,34.342357114,26258324.0
2022-07-07,35.689300907,35.924780591,36.10374515,35.538593909,33165410.0
2022-07-08,35.472659597,35.78349278,35.924780591,35.21843573,22566348.0
2022-07-11,35.472659597,35.039376979,35.486788378,34.879250794,25946879.0
2022-07-12,35.46324041,35.048796166,35.510336347,34.841574044,30546281.0
2022-07-13,34.549579236,35.048796166,35.255924096,34.493064112,27059156.0
2022-07-14,34.841574044,35.519755534,35.938909372,34.182230929,36690674.0
2022-07-15,36.047230026,36.376901584,36.423997521,35.538593909,32892293.0
2022-07-18,36.829022577,36.46167427,37.055083074,36.287419304,30814369.0
2022-07-19,37.036244699,37.883971561,38.364350117,36.9608912,53095319.0
2022-07-20,37.874552374,38.204223932,38.307834993,37.262305196,36387873.0
2022-07-21,38.157127995,38.251319868,38.284287024,37.507204067,29661198.0
2022-07-22,38.025259372,36.923214451,38.157127995,36.678315579,41349965.0
2022-07-25,37.003277543,36.885537701,37.121017385,36.310967272,32263404.0
2022-07-26,36.829022577,36.697153954,37.267014789,36.621800455,35925485.0
2022-07-27,36.989148762,37.846294812,38.077064902,36.951472013,42571580.0
2022-07-28,37.761522126,37.403593006,37.789779688,36.772507453,56662303.0
2022-07-29,33.537016595,34.201069304,34.493064112,33.193216256,125292383.0
2022-08-01,33.956170432,34.813316482,35.500917159,33.956170432,52513446.0
2022-08-02,34.46480655,33.918493683,34.530740861,33.909074496,53929371.0
2022-08-03,33.993847182,34.398872238,34.46480655,33.212054631,59513858.0
2022-08-04,34.262818113,33.927915526,34.34654376,33.642487184,54046258.0
2022-08-05,33.628215767,33.671030018,33.95645836,33.471230179,40205089.0
2022-08-08,33.642487184,33.66151574,34.213343867,33.490258736,41601566.0
2022-08-09,33.509287292,32.843287828,33.585401516,32.729116492,48202280.0
2022-08-10,33.290458896,33.652001462,33.680544297,32.909887774,42243304.0
2022-08-11,33.90888697,33.861315579,34.527315043,33.76141566,35569724.0
2022-08-12,34.061115418,34.356058038,34.384600872,33.937429804,37675228.0
2022-08-15,34.34654376,34.574886433,34.660514936,33.975486916,25400551.0
2022-08-16,34.403629428,34.432172262,34.798471967,33.965972638,25000240.0
2022-08-17,34.070629697,34.042086862,34.322758065,33.556858682,29176062.0
2022-08-18,33.946944082,34.441686541,34.565372155,33.842287023,24598225.0
2022-08-19,34.061115418,33.66151574,34.275186675,33.480744457,31425530.0
2022-08-22,33.299973175,32.196316921,33.357058843,32.091659862,51006127.0
2022-08-23,32.329516813,32.300973979,32.719602213,32.262916867,30687098.0
2022-08-24,32.320002535,32.215345477,32.339031091,31.967974248,25105652.0
2022-08-25,32.224859755,33.195316116,33.233373228,32.177288365,29799148.0
2022-08-26,33.252401784,31.739631574,33.32375887,31.730117296,44851477.0
2022-08-29,31.611188821,31.340031896,31.787202965,31.216346282,32976762.0
2022-08-30,31.435174677,30.693060989,31.463717511,30.58840393,40182452.0
2022-08-31,30.811989464,30.369575535,30.811989464,30.226861364,44074488.0
2022-09-01,30.038478659,30.217347086,30.279189894,29.617947569,36440681.0
2022-09-02,30.645489599,29.703576072,30.802475186,29.551347623,34893283.0
2022-09-06,29.865318798,28.885348159,29.865318798,28.856805325,46989603.0
2022-09-07,28.942433828,29.161262223,29.289704976,28.59040554,37329544.0
2022-09-08,28.894862437,29.256405003,29.348598358,28.457205647,37359472.0
2022-09-09,29.675033237,29.931918745,29.969975857,29.56561904,34081212.0
2022-09-12,30.193561391,30.027061525,30.312489867,29.589404735,38305494.0
2022-09-13,29.332519228,27.867320408,29.427662008,27.829263296,71417851.0
2022-09-14,28.114691637,27.762663349,28.319248615,27.600920623,40767169.0
2022-09-15,27.734120515,27.439177896,27.981491745,27.315492281,39919105.0
2022-09-16,27.305978003,27.819749018,27.895863242,27.039578218,72747992.0
2022-09-19,27.610434901,28.010034579,28.067120247,27.496263564,33151882.0
2022-09-20,27.653249152,27.553349232,27.748391932,27.315492281,31129028.0
2022-09-21,27.734120515,27.087149608,28.152748749,27.07763533,39977313.0
2022-09-22,27.020549662,26.706578486,27.115692442,26.678035652,36092669.0
2022-09-23,26.544835759,26.183293193,26.544835759,25.869322017,43491060.0
2022-09-26,26.221350305,25.6600079,26.354074484,25.555350842,44786413.0
2022-09-27,26.069121857,25.583893676,26.254650278,25.327008169,44121431.0
2022-09-28,25.555350842,25.812236349,25.95495052,25.307979613,40433354.0
2022-09-29,25.479236617,25.098665495,25.479236617,24.913137073,41831294.0
2022-09-30,25.022551271,24.518294534,25.279436778,24.4897517,43820964.0
2022-10-03,25.051094105,25.6600079,25.926407686,24.798965737,44096180.0
2022-10-04,26.092907552,26.354550198,26.444935839,25.774179237,42427480.0
2022-10-05,26.035821883,26.29746453,26.487750091,25.583893676,30119962.0
2022-10-06,26.107178969,25.859807739,26.411635866,25.688550735,33985131.0
2022-10-07,24.898865656,24.470723144,24.998765576,24.405074626,57215513.0
2022-10-10,24.680037261,23.975980686,24.727608651,23.871323627,43409338.0
2022-10-11,23.795209403,23.823752237,24.242380471,23.490752505,48134930.0
2022-10-12,23.833266515,24.0996663,24.280437583,23.462209671,39634056.0
2022-10-13,23.524052478,25.136722608,25.531565147,23.395609724,62447044.0
2022-10-14,25.17477972,24.651494427,25.336522447,24.508780256,48185367.0
2022-10-17,25.032065549,25.136722608,25.450693783,24.900102512,39416474.0
2022-10-18,25.441179505,24.613437315,25.645736483,24.299466139,51126851.0
2022-10-19,24.484994561,24.73712293,24.974979881,24.44218031,33882274.0
2022-10-20,24.8798371,24.813237154,25.640979344,24.6847944,33247689.0
2022-10-21,24.594408759,25.6600079,25.736122125,24.53732309,53058711.0
2022-10-24,25.450693783,25.859807739,26.145236081,25.231865388,43831588.0
2022-10-25,25.859807739,26.078636135,26.216593166,25.688550735,32205300.0
2022-10-26,25.869322017,25.888350574,26.449692979,25.679036456,37153931.0
2022-10-27,26.116693247,24.994008437,26.249893139,24.860808544,56305125.0
2022-10-28,26.806478405,27.658006291,27.799388463,26.506778647,91695696.0
2022-10-31,27.667520569,27.049092496,27.762663349,26.68754993,59507744.0
2022-11-01,27.401120784,26.925406881,27.448692174,26.535321481,44418730.0
2022-11-02,26.896864047,26.088150413,27.448692174,26.078636135,51956099.0
2022-11-03,26.116693247,26.059607578,26.525807203,25.850293461,39678189.0
2022-11-04,26.585138973,27.192633988,27.226383711,26.430854525,43051927.0
2022-11-07,27.346918436,27.395132326,27.448167605,26.893707869,34389783.0
2022-11-08,27.727808167,27.462631772,27.915842338,26.932278981,36257963.0
2022-11-09,27.211919544,26.536925083,27.289061768,26.536925083,30544782.0
2022-11-10,27.848342892,28.696907357,28.764406803,27.621737609,62943924.0
2022-11-11,27.891735393,29.342973484,29.535829044,27.838700114,49826517.0
2022-11-14,29.256188482,29.26583126,29.882969052,29.101904034,39395339.0
2022-11-15,29.984218222,29.612971268,30.215644894,29.087439867,40933223.0
2022-11-16,29.034501015,28.475123463,29.150117924,28.388338461,35582751.0
2022-11-17,28.026734286,28.822263471,28.880120139,27.964056229,31992738.0
2022-11-18,29.179046258,28.802977915,29.179046258,28.552265687,27122210.0
2022-11-21,28.600479577,27.90619956,28.653514856,27.877271226,36086768.0
2022-11-22,28.094233732,28.754764025,28.793335137,28.01786293,25584062.0
2022-11-23,28.667979023,28.610122355,29.005476254,28.436552351,23143868.0
2022-11-25,28.619765133,28.291910681,28.619765133,28.287089292,11314878.0
2022-11-28,28.060484009,27.698879833,28.147269011,27.52048844,28282116.0
2022-11-29,27.819414558,27.867628448,28.137626233,27.713344,24361493.0
2022-11-30,27.742272334,28.995833476,29.005476254,27.211919544,72072532.0
2022-12-01,29.159760702,28.764406803,29.391187374,28.465480685,38896309.0
2022-12-02,28.127983455,28.359410127,28.378695683,27.684415666,31545955.0
2022-12-05,28.369052905,28.127983455,28.687264579,27.85798567,34040384.0
2022-12-06,28.147269011,27.578345108,28.262982347,27.33110428,27701186.0
2022-12-07,27.269776212,27.317990102,27.530131218,27.144420098,28239933.0
2022-12-08,27.308347324,27.42406066,27.578345108,27.062456485,28486091.0
2022-12-09,27.37584677,27.2312051,27.751915112,27.18299121,25641349.0
2022-12-12,27.125134542,27.66513011,27.684415666,26.863622402,35117866.0
2022-12-13,28.725835691,27.703701222,29.015119032,27.356561214,58546839.0
2022-12-14,27.491560106,27.250490656,28.079769565,27.009421206,37141077.0
2022-12-15,26.941921759,26.180142297,26.999778428,26.151213963,45682654.0
2022-12-16,26.035500627,25.958358402,26.16567813,25.507269247,81104229.0
2022-12-19,25.939072846,25.833002288,26.006572292,25.553361726,37662461.0
2022-12-20,25.587111449,25.495505058,25.910144512,25.47631593,31863274.0
2022-12-21,25.640146728,25.8715734,26.006572292,25.63050395,28100906.0
2022-12-22,25.505147836,25.042294491,25.507076392,24.444442255,47478307.0
2022-12-23,24.994080601,25.158007828,25.254435608,24.766028901,23600916.0
2022-12-27,24.921759766,25.013366157,25.167650606,24.733725595,29548058.0
2022-12-28,24.916938377,24.627655037,25.182114773,24.589083925,26176917.0
2022-12-29,24.849438931,25.273721164,25.350863388,24.830153375,30944829.0
2022-12-30,24.976723601,25.48586228,25.514790614,24.878367265,31030094.0
2023-01-03,26.078893128,25.77514562,26.103000073,25.428005612,31307955.0
2023-01-04,26.430854525,26.691209531,26.922636203,26.189785075,37665199.0
2023-01-05,26.45496147,26.575496195,26.786673033,26.401926191,33552552.0
2023-01-06,26.932278981,27.703701222,27.800129002,26.401926191,31788634.0
2023-01-09,27.80977178,28.262982347,28.798156526,27.80977178,37493157.0
2023-01-10,28.190661512,28.388338461,28.455837907,27.882092615,23008080.0
2023-01-11,28.619765133,28.783692359,28.812620693,27.964056229,30375377.0
2023-01-12,28.909048473,29.207974592,29.294759594,28.417266795,28963879.0
2023-01-13,28.899405695,29.034404588,29.092261256,28.745121247,31361937.0
2023-01-17,29.101904034,28.542622909,29.174899863,28.465480685,34759080.0
2023-01-18,28.735478469,27.780843446,28.754764025,27.607273442,44199580.0
2023-01-19,27.587987886,27.404775104,27.727808167,27.2312051,36886615.0
2023-01-20,27.404775104,28.176197345,28.185840123,27.240847878,35158497.0
2023-01-23,28.277446514,29.188689036,29.400830152,28.137626233,38795838.0
2023-01-24,28.870477361,28.851191805,29.111546812,28.667979023,24855130.0
2023-01-25,28.465480685,28.639050689,28.817442082,28.127983455,28268023.0
2023-01-26,28.986190698,29.015119032,29.034404588,28.282267903,56088080.0
2023-01-27,26.103000073,27.154062876,27.2312051,25.82335951,148548189.0
2023-01-30,26.724959254,26.951564537,27.491560106,26.681566753,55145771.0
2023-01-31,26.787637311,27.250490656,27.27941899,26.546567861,52621578.0
2023-02-01,26.893707869,28.031555675,28.378695683,26.691209531,63330567.0
2023-02-02,28.205125679,29.111546812,29.21761737,27.766379279,62230659.0
2023-02-03,28.561908465,29.236902926,30.056539057,28.475123463,57603100.0
2023-02-06,28.841611827,28.0022282,28.939214574,27.924146002,48726359.0
2023-02-07,27.963187101,28.35359809,28.568324134,27.748461057,50780776.0
2023-02-08,28.255995343,27.563015837,28.421920013,27.533735013,36479123.0
2023-02-09,27.992467925,27.065241826,28.129111771,26.904197293,43906378.0
2023-02-10,26.967639078,27.133563749,27.319008969,26.679710974,31232544.0
2023-02-13,27.201885672,27.865584354,27.865584354,27.050601414,32347470.0
2023-02-14,27.699659683,27.953426826,28.031509024,27.319008969,27928929.0
2023-02-15,27.680139134,28.158392596,28.18767342,27.484933639,23387676.0
2023-02-16,27.81678298,27.523974738,28.133991909,27.455652815,28972476.0
2023-02-17,27.328769244,26.948118529,27.397091167,26.72363221,32086218.0
2023-02-21,26.460104793,25.435275946,26.616269188,25.415755396,63668362.0
2023-02-22,25.288871825,24.859419737,26.255139023,24.693495066,89195317.0
2023-02-23,25.161988253,24.996063583,25.454796495,24.713015616,56473237.0
2023-02-24,24.615412869,24.537330671,24.74229644,24.322604627,44089879.0
2023-02-27,24.937501935,24.303084077,24.966782759,24.283563528,37656956.0
2023-02-28,24.342125176,24.332364901,24.517810121,24.137159407,50255301.0
2023-03-01,24.429967649,24.722775891,25.2986321,24.371406,47823397.0
2023-03-02,24.606628621,25.571919792,25.669522539,24.517810121,48381068.0
2023-03-03,25.571919792,25.767125287,25.840327347,25.386474572,36744858.0
2023-03-06,25.83544721,25.366954023,25.903769133,25.308392374,37879835.0
2023-03-07,25.220549902,24.917981385,25.366954023,24.888700561,43164607.0
2023-03-08,24.947262209,25.357193748,25.386474572,24.839899187,36071934.0
2023-03-09,25.357193748,25.806166386,26.330585947,25.347433473,54886084.0
2023-03-10,25.913529408,26.567467815,26.860276056,25.684162951,65187031.0
2023-03-13,26.098974628,26.303940397,26.655310287,25.972091056,50976996.0
2023-03-14,26.694351386,27.338529518,27.426371991,26.596748639,47689837.0
2023-03-15,27.065241826,27.728940507,27.811902843,26.996919903,49322838.0
2023-03-16,27.709419958,29.456509135,29.544351607,27.709419958,75804234.0
2023-03-17,29.202741992,29.09537897,30.256851663,28.734248805,80628498.0
2023-03-20,29.085618695,28.460961112,29.183221442,27.943666551,38780054.0
2023-03-21,28.304796717,27.777741881,28.46584125,27.304368557,55650832.0
2023-03-22,27.797262431,27.455652815,28.421920013,27.426371991,37415539.0
2023-03-23,27.699659683,28.334077541,28.460961112,27.543495288,43785479.0
2023-03-24,28.343837815,28.656166607,29.09537897,28.231594656,55931606.0
2023-03-27,28.665926882,28.480481662,29.017296772,28.382878914,34758156.0
2023-03-28,28.377998777,28.587844684,28.626885783,27.943666551,37407874.0
2023-03-29,29.056337871,30.764385948,31.125516113,29.041697459,85556189.0
2023-03-30,31.086475015,31.320721608,31.79897507,31.047433916,70077598.0
2023-03-31,31.037673641,31.886817542,32.111303861,30.969351718,59764991.0
2023-04-03,32.15034496,32.101543586,32.755481993,31.759933971,57038344.0
2023-04-04,32.062502488,32.306509356,33.028769686,32.052742213,55714058.0
2023-04-05,32.008820977,32.042981938,32.199146334,31.559848339,39615735.0
2023-04-06,31.818495619,32.023461389,32.208906609,31.681851773,28551916.0
2023-04-10,31.818495619,31.740413421,31.974660015,31.42808463,30534439.0
2023-04-11,31.877057268,31.574488751,32.316269631,31.545207927,27059106.0
2023-04-12,31.98442029,31.252399685,32.101543586,31.193838037,37070786.0
2023-04-13,31.05719419,31.359762707,31.652570949,30.89126952,29722344.0
2023-04-14,31.232879136,31.125516113,31.462245592,30.930310619,24623633.0
2023-04-17,31.184077762,31.369522982,31.857536718,31.008392817,29601148.0
2023-04-18,31.652570949,31.066954465,31.681851773,31.018153091,26041380.0
2023-04-19,30.35445441,30.403255783,30.764385948,30.33493386,25746574.0
2023-04-20,30.022605069,30.120207816,30.500858531,29.973803695,30255069.0
2023-04-21,30.100687267,29.573632431,30.100687267,29.500430371,28655762.0
2023-04-24,29.407707761,28.948974849,29.641954355,28.900173475,38732452.0
2023-04-25,28.734248805,28.18767342,28.861132376,28.177913145,38289873.0
2023-04-26,28.500002211,28.35359809,29.09537897,28.143752183,41218805.0
2023-04-27,28.060789848,29.144180343,29.227142678,27.826543255,60186244.0
2023-04-28,31.208478449,30.315413311,31.789214795,30.071406443,80252444.0
2023-05-01,30.364214685,29.573632431,30.491098256,29.554111882,36918529.0
2023-05-02,29.573632431,29.056337871,29.842039986,29.036817321,33463356.0
2023-05-03,29.905481772,29.915242047,30.364214685,29.51995092,45554489.0
2023-05-04,29.827039874,30.615959444,31.086371113,29.773138537,46104019.0
2023-05-05,30.753162847,30.370953366,30.782563577,30.116147046,35024562.0
2023-05-08,30.086746317,30.155348018,30.22394972,29.78293878,30882801.0
2023-05-09,29.773138537,29.498731731,29.969143399,29.312527112,30706515.0
2023-05-10,29.684936349,29.37132857,29.788720924,28.900916901,40526521.0
2023-05-11,29.008719576,28.283501586,29.08712152,28.244300614,47144359.0
2023-05-12,28.445205597,28.371703774,28.518707421,28.146298183,24153820.0
2023-05-15,28.322702559,29.204724438,29.229225045,28.303102072,28717475.0
2023-05-16,29.028320062,28.636310338,29.302726869,28.626510095,22812040.0
2023-05-17,28.930317631,28.293301829,28.969518603,28.10709721,41667261.0
2023-05-18,28.42070499,29.08712152,29.165523465,28.293301829,36529193.0
2023-05-19,29.008719576,29.332127598,29.635935134,28.910717145,40682998.0
2023-05-22,29.253725653,29.675136106,29.841740239,29.219424802,28693438.0
2023-05-23,29.449730515,28.920517388,29.59183404,28.900916901,29400851.0
2023-05-24,28.724512526,28.42070499,28.900916901,28.244300614,28045840.0
2023-05-25,27.724887729,26.852666094,27.724887729,26.318552845,78009435.0
2023-05-26,26.891867066,28.42070499,28.508907177,26.558658801,71910621.0
2023-05-30,29.106722007,29.390929056,29.439832269,28.415804868,54874794.0
2023-05-31,29.106722007,30.811964306,31.644984969,29.077321277,136243756.0
2023-06-01,31.164773058,30.50815677,31.301976461,30.400354096,52667368.0
2023-06-02,30.770803285,30.684561146,30.95886995,30.209249355,36520957.0
2023-06-05,30.684561146,29.263525896,30.772763334,29.234125167,48244128.0
2023-06-06,29.175323708,30.341552637,30.821764549,29.101821885,42295293.0
2023-06-07,30.410154339,30.655160416,30.743362604,30.312151908,39097992.0
2023-06-08,30.802164063,31.184373544,31.213774273,30.439555068,35198952.0
2023-06-09,31.292176218,30.713961875,31.350977676,30.06714583,40227073.0
2023-06-12,30.772763334,32.409403931,32.634809522,30.733562361,59926114.0
2023-06-13,33.095420948,33.232624352,33.271825324,32.409403931,51990041.0
2023-06-14,33.193423379,34.869264949,34.888865436,33.124821677,74404291.0
2023-06-15,34.575257656,35.104470784,35.69248537,34.511556076,67676296.0
2023-06-16,35.633683911,35.643484154,36.059994486,34.883965314,110240279.0
2023-06-20,36.035493878,34.30085085,36.368702144,34.021543921,65970238.0
2023-06-21,34.217548783,32.242799799,34.349852065,32.174198097,70973521.0
2023-06-22,32.036994693,32.05659518,32.576008064,31.483280958,45740308.0
2023-06-23,31.566583025,32.34080223,32.781813169,31.390178649,46327140.0
2023-06-26,32.527006848,32.674010495,33.311026296,32.433904539,38952369.0
2023-06-27,32.556407578,33.418828971,33.546232131,32.350602473,33038923.0
2023-06-28,32.938617059,32.899416086,33.134621921,32.37510308,33906877.0
2023-06-29,32.674010495,32.252600042,32.674010495,31.840989831,38312970.0
2023-06-30,32.692630957,32.772012926,32.889615843,32.497606119,33811252.0
2023-07-03,32.870015357,32.948417302,33.213023865,32.478005633,15752979.0
2023-07-05,32.644609766,31.860590318,32.664210252,31.850790075,37664722.0
2023-07-06,31.262775489,31.33137719,31.399978892,30.753162847,41711442.0
2023-07-07,31.36077792,31.213774273,31.762587887,31.184373544,28356250.0
2023-07-10,31.233374759,32.085995909,32.174198097,31.135372328,36305658.0
2023-07-11,32.164397854,32.634809522,32.693610981,31.850790075,28148832.0
2023-07-12,33.017019003,33.301226053,33.399228484,32.399603688,37762215.0
2023-07-13,33.467830186,33.193423379,33.614833832,32.948417302,32745752.0
2023-07-14,33.105221191,32.487805876,33.193423379,32.34080223,30438659.0
2023-07-17,32.497606119,33.683435534,33.908841126,32.409403931,34111173.0
2023-07-18,33.595233346,33.810838695,34.006843557,33.154222407,29679514.0
2023-07-19,33.712836264,33.771637722,34.139146838,33.644234562,26486676.0
2023-07-20,33.030739344,32.703411224,33.521731523,32.566207821,37877996.0
2023-07-21,33.051319854,33.340427026,33.565832617,32.75241244,79736956.0
2023-07-24,33.16402265,32.958217545,33.771637722,32.889615843,25283783.0
2023-07-25,33.026819247,33.418828971,33.654034805,32.732811954,31771091.0
2023-07-26,33.046419733,33.673635291,33.835339302,33.026819247,32643239.0
2023-07-27,34.124446474,33.85983991,34.330251579,33.428629214,58890821.0
2023-07-28,36.015893392,36.094295337,36.251099226,34.800663248,90863013.0
2023-07-31,36.133496309,35.055469568,36.447104088,34.962367259,55630700.0
2023-08-01,35.104470784,35.084870298,35.300475646,34.575257656,24743393.0
2023-08-02,34.447854496,33.70303602,34.477255225,33.596213371,39051971.0
2023-08-03,33.605033589,34.173447689,34.330251579,33.4482297,24864381.0
2023-08-04,33.91280693,34.561949986,34.975041022,33.91280693,26674897.0
2023-08-07,34.827508509,34.650469494,34.965205521,34.178365453,22486870.0
2023-08-08,34.099681446,34.443923976,34.522607983,33.303005878,34753598.0
2023-08-09,34.424252975,33.716096913,34.522509628,33.666919409,28720157.0
2023-08-10,34.129187949,34.109516947,34.512772482,33.91280693,30957295.0
2023-08-11,33.893135929,34.316062465,34.37015772,33.79478092,28783730.0
2023-08-14,34.099681446,35.093067032,35.122573535,33.902971429,36896056.0
2023-08-15,34.827508509,34.198036455,35.038971778,34.178365453,27420309.0
2023-08-16,33.952148934,32.97843435,34.060339443,32.909585844,35757254.0
2023-08-17,33.007940852,32.044061769,33.037447355,31.817845249,39906739.0
2023-08-18,31.699819239,32.211265283,32.368633297,31.650641735,23701056.0
2023-08-21,32.063732771,32.594849816,32.624356319,31.493273721,43718249.0
2023-08-22,32.673533823,32.348962295,33.243992872,32.28994929,23434190.0
2023-08-23,32.339126794,33.421031888,33.588235402,32.260442787,32324309.0
2023-08-24,33.165308866,32.05389727,33.529222397,31.955542261,37930960.0
2023-08-25,31.994884265,32.703040326,32.845655088,31.817845249,27324810.0
2023-08-28,32.948927847,33.066953857,33.224321871,32.663698322,22341778.0
2023-08-29,32.939092346,33.745603416,33.91280693,32.919421344,29943629.0
2023-08-30,33.499715895,33.961984435,34.089845946,33.21940412,26279156.0
2023-08-31,33.755438917,34.561949986,34.975041022,33.735767915,48157583.0
2023-09-01,35.201257542,36.007768611,36.145465623,35.142244537,43808478.0
2023-09-05,35.978262109,36.10612362,36.794608679,35.860236099,43379356.0
2023-09-06,35.958591107,36.371682143,36.430695148,35.437309562,39643390.0
2023-09-07,36.22414963,37.551942245,37.709310258,36.145662333,67659683.0
2023-09-08,37.49292924,37.38473873,38.1912498,37.09213258,44265054.0
2023-09-11,37.61095525,37.95519778,38.102730292,37.217535216,36349291.0
2023-09-12,38.014210785,38.220756303,39.40898316,38.014210785,55326564.0
2023-09-13,38.161743298,38.07322379,38.505887472,37.620790751,35407780.0
2023-09-14,38.171578798,38.033881786,38.260098306,37.665050505,30616490.0
2023-09-15,37.787994265,37.256877219,37.886349274,37.001154197,68881240.0
2023-09-18,37.001154197,37.365067729,37.758487763,36.892963688,29322150.0
2023-09-19,37.414245233,35.742210088,37.473258238,35.427474061,53288070.0
2023-09-20,35.624184078,34.119352448,35.653690581,34.060339443,57660829.0
2023-09-21,34.001326438,34.080010445,34.670140496,33.893135929,45240625.0
2023-09-22,34.237378458,33.617741905,34.311144715,33.578399901,29241605.0
2023-09-25,33.44070289,33.725932414,33.804616421,33.20956862,21729418.0
2023-09-26,33.578399901,33.273499375,34.207871956,33.086624859,34198291.0
2023-09-27,33.362018883,34.040668441,34.25213171,33.322676879,44369070.0
2023-09-28,34.080010445,34.60129199,35.06985525,33.814451922,32265276.0
2023-09-29,35.06159343,34.965205521,35.319283552,34.576703238,28763712.0
2023-10-02,35.024218526,34.876686014,35.383214307,34.404581973,26086163.0
2023-10-03,34.684893747,35.102902533,35.938920105,34.684893747,45292632.0
2023-10-04,35.919249104,35.338954554,35.919249104,34.743906752,39842200.0
2023-10-05,35.378296557,35.29961255,35.506158068,35.014383026,25771233.0
2023-10-06,35.279941548,35.594677576,35.860236099,34.60129199,33262158.0
2023-10-09,35.112738034,35.466816065,35.575006574,34.916028017,19376144.0
2023-10-10,35.545500071,35.830729596,36.135630122,35.216010793,24044104.0
2023-10-11,36.017604112,36.273327134,36.420859647,35.781552092,19262602.0
2023-10-12,36.194643128,36.233985131,36.607734163,35.791387593,23639229.0
2023-10-13,36.135630122,35.378296557,36.184807627,35.270106048,28408435.0
2023-10-16,35.545500071,35.958591107,36.332340139,35.486487066,29555783.0
2023-10-17,35.329119053,35.466816065,35.752045589,34.49310148,24993561.0
2023-10-18,34.939829929,35.053725029,35.427474061,34.866850513,22085950.0
2023-10-19,35.368461056,35.083231531,35.76188109,34.935699019,29201848.0
2023-10-20,35.06356053,34.345568968,35.683197083,34.296391463,32303325.0
2023-10-23,34.030832941,33.293170377,34.611127491,32.840737338,53924661.0
2023-10-24,33.086624859,34.02099744,34.13902345,33.086624859,52673857.0
2023-10-25,33.617741905,32.28994929,33.883300428,32.014555266,44658462.0
2023-10-26,32.348962295,31.985048764,32.673533823,31.616217482,59142509.0
2023-10-27,34.089845946,34.95537002,35.781552092,34.030832941,84128212.0
2023-10-30,34.881603764,35.102902533,35.368461056,34.345568968,36656267.0
2023-10-31,35.073396031,35.899578102,35.968426608,35.034054027,41185207.0
2023-11-01,35.899578102,36.676582669,36.701171421,35.683197083,41710705.0
2023-11-02,36.961812194,37.079838204,37.197864214,36.302833637,35439964.0
2023-11-03,37.37490323,37.512600241,37.689639257,37.045413951,30502744.0
2023-11-06,37.517534219,37.448459327,37.69515537,37.354714831,23877203.0
2023-11-07,37.734626737,38.257622348,38.38590429,37.478062852,32052041.0
2023-11-08,38.336565082,37.418855802,38.376036449,37.250313065,33483360.0
2023-11-09,37.547137744,37.300441701,38.005992384,37.270838176,48955771.0
2023-11-10,37.734626737,38.346432923,38.474714866,37.734626737,38871279.0
2023-11-13,37.843172996,37.724758895,38.055331593,37.63594832,24558261.0
2023-11-14,38.287225873,38.889164218,38.968106952,37.566873428,45457362.0
2023-11-15,39.061851448,40.073305224,40.300265584,39.056917527,47392143.0
2023-11-16,40.458151052,42.777093856,42.821499143,40.280529901,86405694.0
2023-11-17,42.34290882,43.231014575,43.231014575,41.99753436,49749721.0
2023-11-20,43.20141105,44.148723855,44.336212847,43.20141105,44596396.0
2023-11-21,43.911895654,43.063261266,44.070965262,42.727754647,37252056.0
2023-11-22,43.448107093,43.092864791,44.040177596,42.964582848,31490545.0
2023-11-24,43.102732632,43.379032201,43.418503568,43.03365774,13037105.0
2023-11-27,43.073129107,43.497446301,43.956300941,43.073129107,33339937.0
2023-11-28,43.112600474,43.645463927,43.79614587,43.082996949,24548874.0
2023-11-29,44.010574071,44.346080689,44.740794358,44.010574071,38982026.0
2023-11-30,44.059913279,44.109252488,44.494098315,43.823085078,46262971.0
2023-12-01,43.773745869,43.161939683,43.773745869,42.293569611,43928371.0
2023-12-04,42.727754647,41.790309684,42.737622489,41.134098209,50417587.0
2023-12-05,41.356124648,41.36599249,41.731102633,41.060089396,31859318.0
2023-12-06,41.918591626,40.724582778,42.027137885,40.625904361,31992262.0
2023-12-07,41.198239181,41.592952849,41.874186338,40.635870881,29118697.0
2023-12-08,41.287049756,42.135684144,42.387314108,41.257446231,42814959.0
2023-12-11,42.589604863,43.95136702,44.138856013,42.510662129,48288156.0
2023-12-12,43.773745869,43.457974934,43.852688603,43.053393424,31452163.0
2023-12-13,43.497446301,43.980970546,44.128988171,42.757358172,35216050.0
2023-12-14,44.415155581,44.58290889,46.447930976,44.059913279,70620765.0
2023-12-15,45.332864861,45.549957379,46.64528781,45.066433135,84583405.0
2023-12-18,45.540089537,45.086168818,45.619032271,44.800001408,27895652.0
2023-12-19,44.997358243,46.043349465,46.063085148,44.908547667,35358771.0
2023-12-20,46.023613782,45.15524371,46.329516875,45.09603666,38159137.0
2023-12-21,45.865728314,46.457798817,46.497270184,45.411807595,28320463.0
2023-12-22,46.625552127,47.365640256,47.519282551,46.576212918,30095727.0
2023-12-26,48.273481694,49.832600686,49.847402448,48.066257018,60287408.0
2023-12-27,49.960882628,50.08916457,50.60229234,49.526697592,52148041.0
2023-12-28,50.138503779,49.724054427,50.197710829,49.497094067,27705233.0
2023-12-29,49.635243851,49.585904643,49.901576899,49.11224824,29288707.0
2024-01-02,48.549781262,47.168283421,48.727402413,46.825573278,45905728.0
2024-01-03,46.477534501,46.428195292,47.178151263,46.181499249,35858434.0
2024-01-04,45.110838422,46.250574141,46.536741551,44.642115941,47797812.0
2024-01-05,46.408459609,46.270309825,47.197886946,46.018679861,34344031.0
2024-01-08,46.447930976,47.809693133,48.115596226,46.349252558,42135127.0
2024-01-09,47.375508097,47.414979464,47.918239392,47.1633495,30097005.0
2024-01-10,47.602468457,46.842644644,47.661675507,46.319649033,31480186.0
2024-01-11,46.813041119,47.010397954,47.207754788,46.112424357,31707881.0
2024-01-12,46.970926587,46.497270184,47.040001479,45.994010256,27587902.0
2024-01-16,46.3591204,46.438063134,46.595948601,45.767049897,43720666.0
2024-01-17,45.801686021,45.451278962,45.801686021,45.046697451,33488015.0
2024-01-18,46.408459609,46.122292199,46.941323062,45.559825221,46681348.0
2024-01-19,46.378856084,47.513657881,48.115596226,45.826256947,55979796.0
2024-01-22,48.204406802,47.582732773,48.520177737,47.010397954,45639521.0
2024-01-23,47.484054356,48.243878169,48.293217377,46.694627019,37224140.0
2024-01-24,48.520177737,48.441235003,49.11224824,47.627138061,49375834.0
2024-01-25,49.3392086,48.895155722,49.635243851,48.322820902,84845086.0
2024-01-26,43.596124718,43.073129107,44.80986925,42.777093856,127665287.0
2024-01-29,43.132336158,43.2606181,43.408635726,42.244230403,51790863.0
2024-01-30,43.092864791,42.352776662,43.240882417,42.323173137,47958762.0
2024-01-31,42.007402202,42.510662129,43.206344971,41.800177525,51584247.0
2024-02-01,42.579737021,42.786961697,42.994186374,41.923525547,38819855.0
2024-02-02,42.431719396,42.037005727,42.56986918,41.050221555,53683500.0
2024-02-05,42.05674141,42.204759036,42.579737021,41.864318497,28890264.0
2024-02-06,42.259191247,42.298778311,42.338365375,41.704972345,34068216.0
2024-02-07,42.447229802,42.338365375,42.650113507,42.110739755,34269246.0
2024-02-08,42.278984779,42.061255925,42.526403931,41.893010901,33206470.0
2024-02-09,42.110739755,42.862893979,43.070726067,41.95733988,51192958.0
2024-02-12,42.942068107,43.575461138,44.575034514,42.872790745,51107349.0
2024-02-13,42.55609423,42.714442487,43.179590494,42.318571843,36622233.0
2024-02-14,43.36762905,43.733809395,43.832777056,42.942068107,36186233.0
2024-02-15,44.29297668,43.59525467,44.802660134,43.565564372,44024507.0
2024-02-16,43.575461138,43.060829301,43.763400726,42.674855423,29975301.0
2024-02-20,43.803086758,44.060402677,44.703692473,42.971758406,61514136.0
2024-02-21,44.020815612,43.021242236,44.2286477,42.635268358,57714970.0
2024-02-22,44.218750934,42.536300697,44.218750934,42.090946223,62809318.0
2024-02-23,42.679803806,42.546197463,43.060829301,42.219604182,33810714.0
2024-02-26,43.050932535,42.546197463,43.229074324,42.37795244,27035379.0
2024-02-27,42.803513382,42.288881545,42.818358531,42.071152691,25126372.0
2024-02-28,42.001875328,41.556520853,42.011772094,41.477346725,26928470.0
2024-02-29,41.932597965,42.60557806,42.704545721,41.917851784,48875120.0
2024-03-01,42.96186164,43.36762905,43.812785589,42.684752189,41426072.0
2024-03-04,43.812983524,45.139150182,46.128826792,43.397319348,59990811.0
2024-03-05,44.099989741,42.714442487,44.404315299,42.24929448,56655135.0
2024-03-06,43.476493477,44.050505911,45.035234138,43.105364748,52652045.0
2024-03-07,45.079769585,45.673575551,45.940689268,44.713589239,50378153.0
2024-03-08,45.960581768,43.54577084,46.146344068,43.54577084,54916599.0
2024-03-11,43.41711288,44.396892724,44.466170087,43.209280792,35050986.0
2024-03-12,44.594828046,44.772969836,44.797711751,44.00102208,31795832.0
2024-03-13,44.050505911,42.78371985,44.515653917,42.754029552,53195932.0
2024-03-14,42.78371985,42.308675077,42.902481043,42.071152691,38100016.0
2024-03-15,42.011772094,42.19981065,42.704545721,41.912804433,66952857.0
2024-03-18,42.645165124,42.269088013,42.932171341,42.155275202,27668282.0
2024-03-19,41.813836772,41.61590145,41.853423836,41.012198718,34672950.0
2024-03-20,42.546197463,41.764352942,42.565990996,40.98250842,74864992.0
2024-03-21,42.546197463,41.982081796,43.149900196,41.883114135,50807592.0
2024-03-22,41.813836772,42.130533287,42.358158908,41.655488514,28503057.0
2024-03-25,40.467876582,41.398172596,41.779198091,40.151180067,47276531.0
2024-03-26,41.516933789,41.556520853,41.828681921,41.224979189,39109651.0
2024-03-27,42.100842989,43.318145219,43.377525816,42.061255925,51017828.0
2024-03-28,43.308248453,43.714015863,44.139576806,43.258764623,54204194.0
2024-04-01,43.832777056,44.060402677,44.94121486,43.723912629,31712593.0
2024-04-02,43.471545094,43.486390243,43.624944968,43.050932535,32748360.0
2024-04-03,40.972611654,39.913657681,41.220030806,39.804793254,83717976.0
2024-04-04,40.170973599,39.319851715,40.35881422,39.290161417,57307233.0
2024-04-05,38.943774603,38.310381573,39.05263903,38.112446251,67263035.0
2024-04-08,38.24110421,37.587917647,38.458833064,37.518640285,56967788.0
2024-04-09,37.65719501,37.934304461,38.181723613,36.939679468,78782981.0
2024-04-10,37.627504712,36.815969892,37.826528678,36.637828102,51108380.0
2024-04-11,37.043595512,37.241530834,37.281117898,36.697208698,41909086.0
2024-04-12,36.31123482,35.32155821,36.321131587,35.237435699,80254789.0
2024-04-15,35.667945024,35.935157709,36.321131587,35.519493532,50751563.0
2024-04-16,35.895570644,35.885673878,36.133093031,35.39479428,30607502.0
2024-04-17,35.727325621,35.311661444,35.756719016,35.004861695,41173345.0
2024-04-18,35.054345526,34.678268414,35.291867912,34.411055729,42334395.0
2024-04-19,34.767339309,33.846940062,34.767339309,33.827146529,59070310.0
2024-04-22,34.059720533,34.05477215,34.213120407,33.723230485,39909927.0
2024-04-23,33.980546404,33.92611419,34.242810706,33.827146529,46834042.0
2024-04-24,34.500126624,34.143843045,34.816823139,33.985494787,53261096.0
2024-04-25,34.203223641,34.747545777,34.930635949,34.143843045,66549403.0
2024-04-26,31.451922665,31.550890326,31.907173906,30.32369133,119742494.0
2024-04-29,31.531096794,31.036258489,31.580580625,30.749252272,58533264.0
2024-04-30,30.719561974,30.155446306,30.853168316,30.105962476,72346359.0
2024-05-01,29.858543323,30.056478645,30.714613591,29.710091832,60654760.0
2024-05-02,30.274207499,30.195033371,30.353381628,29.878336855,50899442.0
2024-05-03,30.660181377,30.581007249,30.734407123,30.383071927,36794828.0
2024-05-06,30.918864077,30.774778096,31.003328272,30.536290955,36185572.0
2024-05-07,30.894021666,30.486606134,31.251752377,30.417047385,44683401.0
2024-05-08,29.81089257,29.81089257,29.959947032,29.542594536,63734597.0
2024-05-09,29.74133382,29.900325247,30.193465691,29.617121768,45003402.0
2024-05-10,30.138812388,29.661838107,30.26302444,29.651901142,42931290.0
2024-05-13,29.840703462,30.317677743,30.933769523,29.81089257,51459143.0
2024-05-14,30.426984349,30.854273809,30.913895595,30.417047385,47759855.0
2024-05-15,31.182193628,31.072887022,31.202067556,30.615786669,36992927.0
2024-05-16,31.430617732,31.8280963,32.056646476,31.321311126,47752828.0
2024-05-17,31.857907193,31.629357016,31.907592014,31.390869876,41449777.0
2024-05-20,31.649230945,31.897655049,32.215637903,31.559798267,31989000.0
2024-05-21,31.778411479,31.539924339,32.036772548,31.420680768,42975363.0
2024-05-22,31.70885273,31.221941484,31.863869371,30.898990148,36706435.0
2024-05-23,31.246783895,29.890388283,31.370995947,29.681712035,62014547.0
2024-05-24,30.099064531,30.526353991,30.824462917,29.940172474,42434488.0
2024-05-28,30.744967203,30.864210774,31.171759815,30.461763724,36799147.0
2024-05-29,30.272961404,29.940073104,30.47666917,29.915230693,35848611.0
2024-05-30,30.019568817,29.999694889,30.307740779,29.870514355,33382756.0
2024-05-31,30.029505782,30.655534526,30.764841132,29.751270784,95797529.0
2024-06-03,30.834399881,30.099064531,30.869179256,29.86057739,35544896.0
2024-06-04,30.556164884,29.840703462,30.556164884,29.751270784,51027179.0
2024-06-05,30.078196906,30.585975776,30.640629079,29.820829534,44161657.0
2024-06-06,30.359412993,30.228245065,30.397173457,29.969883997,34248118.0
2024-06-07,30.059316674,30.54622792,30.585975776,30.014600335,34085530.0
2024-06-10,30.3574256,30.715156311,30.754904168,30.094096049,37445807.0
2024-06-11,30.576038812,30.725093275,30.834399881,30.337551672,25326850.0
2024-06-12,31.256720859,30.566101848,31.28156327,30.198334803,51323936.0
2024-06-13,30.188497209,30.267992922,30.387236493,29.950010068,33787162.0
2024-06-14,30.094096049,30.258055958,30.367362564,30.019568817,28125886.0
2024-06-17,30.148749352,30.78471506,30.804588989,29.989757925,36235315.0
2024-06-18,30.794652024,30.436921313,31.271626305,30.307740779,33294749.0
2024-06-20,30.362394082,30.426984349,30.913895595,30.258055958,43826322.0
2024-06-21,30.655534526,30.894021666,31.162319699,30.47676854,92549024.0
2024-06-24,30.943706487,30.377299528,31.221941484,30.337551672,40611793.0
2024-06-25,30.506480063,30.54622792,30.635660597,30.099163901,29498583.0
2024-06-26,30.446858278,30.347488636,30.486606134,30.082271062,30742984.0
2024-06-27,30.228245065,30.397173457,30.464943552,30.094096049,30184278.0
2024-06-28,30.556164884,30.774778096,31.112634878,30.526353991,41467675.0
2024-07-01,30.715156311,30.645597561,30.824462917,30.417047385,32401760.0
2024-07-02,30.660503008,30.874147738,31.112634878,30.392204975,35999280.0
2024-07-03,30.923832559,31.033139165,31.142445771,30.715156311,24065673.0
2024-07-05,31.202067556,31.818159336,32.13614219,31.114026053,45309446.0
2024-07-08,32.821792719,33.775741281,33.875110923,32.613116471,82315937.0
2024-07-09,34.794280111,34.371959133,34.997987877,33.507443248,97788840.0
2024-07-10,34.22290467,34.65019413,34.749563772,33.91485878,52256195.0
2024-07-11,34.810179253,33.288830036,34.928429127,33.100027716,55213668.0
2024-07-12,33.557128069,34.272589491,35.251380464,33.557128069,62792646.0
2024-07-15,34.481265739,34.242778598,35.002956359,34.093724135,39847917.0
2024-07-16,34.143408956,34.123535028,34.232841634,33.621718336,28409906.0
2024-07-17,35.852566797,34.242778598,36.92575893,34.183156813,112304214.0
2024-07-18,34.739626808,34.65019413,36.071180009,34.312337348,84188608.0
2024-07-19,34.347116722,32.772107898,34.362022169,32.642927364,69628654.0
2024-07-22,33.070216824,33.159649502,33.199397358,32.553494686,48503749.0
2024-07-23,32.75223397,32.742297006,33.020532003,32.623053435,29466374.0
2024-07-24,32.329912992,31.500176482,32.593242543,31.460428625,62216669.0
2024-07-25,31.174244056,30.90395863,31.783379961,30.754904168,49774032.0
2024-07-26,31.231878449,31.152382735,31.361058983,30.824462917,38352543.0
2024-07-29,31.221941484,30.635660597,31.271626305,30.595912741,32342201.0
2024-07-30,30.650566044,29.940073104,30.715156311,29.815861052,48256628.0
2024-07-31,30.347488636,30.54622792,30.675408454,30.089127567,56110610.0
2024-08-01,30.23818203,28.866880971,30.516417027,28.707889544,107672516.0
2024-08-02,21.801699432,21.34459908,21.841447289,20.291280875,300895920.0
2024-08-05,20.072667663,19.983234986,20.256501501,19.17178249,147385697.0
2024-08-06,20.191911234,19.704999988,20.499957123,19.625504275,106670372.0
2024-08-07,19.92,18.99,20.25,18.95,97972290.0
2024-08-08,19.1,20.49,20.55,18.84,96836821.0
2024-08-09,20.08,19.71,20.15,19.5,76394546.0
2024-08-12,19.87,19.36,19.97,19.0,54677578.0
2024-08-13,19.48,20.47,20.48,19.47,77511346.0
2024-08-14,20.485,19.92,20.5,19.785,56758181.0
2024-08-15,20.32,20.69,21.06,20.23,84814880.0
2024-08-16,20.53,20.87,20.895,20.4101,48582663.0
2024-08-19,20.885,21.52,21.86,20.835,65956303.0
2024-08-20,21.21,20.99,21.23,20.82,84161270.0
2024-08-21,21.072,21.41,21.44,21.07,57028870.0
2024-08-22,21.39,20.1,21.4,20.04,81444673.0
2024-08-23,20.32,20.54,20.93,20.26,73398430.0
2024-08-26,20.53,20.13,20.56,19.95,58534794.0
2024-08-27,20.13,20.07,20.26,19.84,43862017.0
2024-08-28,19.98,19.61,20.105,19.51,50144885.0
2024-08-29,19.76,20.13,20.6,19.75,64529661.0
2024-08-30,21.25,22.04,22.12,21.0,177785378.0
2024-09-03,21.54,20.1,21.69,19.99,115305533.0
2024-09-04,19.76,19.43,20.045,19.28,85871887.0
2024-09-05,19.28,19.4,19.9,19.24,65388789.0
2024-09-06,19.44,18.89,19.49,18.64,92686460.0
2024-09-09,19.0,19.07,19.54,18.95,64244126.0
2024-09-10,19.03,18.98,19.11,18.51,55621273.0
2024-09-11,19.01,19.64,19.69,18.52,71403141.0
2024-09-12,19.43,19.36,19.54,19.04,51602918.0
2024-09-13,19.49,19.66,19.8,19.49,44236271.0
2024-09-16,20.03,20.91,21.0699,19.76,149337028.0
2024-09-17,21.71,21.47,22.58,21.24,196249783.0
2024-09-18,21.36,20.77,21.74,20.715,118727940.0
2024-09-19,21.28,21.14,21.69,21.03,99829168.0
2024-09-20,20.89,21.84,23.14,20.35,260377912.0
2024-09-23,22.43,22.56,22.82,22.03,184439134.0
2024-09-24,22.53,22.81,23.105,22.285,113082534.0
2024-09-25,22.8,23.54,24.055,22.73,117013357.0
2024-09-26,24.28,23.92,24.42,23.25,95416939.0
2024-09-27,24.16,23.91,24.66,23.7034,85883278.0
2024-09-30,23.74,23.46,23.95,23.09,66460225.0
2024-10-01,23.46,22.69,23.72,22.255,86344357.0
2024-10-02,22.67,22.39,23.0668,22.35,59033896.0
2024-10-03,22.14,22.26,22.73,21.65,49565931.0
2024-10-04,22.7,22.59,22.91,22.3,49966930.0
2024-10-07,22.4,22.38,22.65,22.0209,54928674.0
2024-10-08,22.25,23.32,23.42,22.045,58650461.0
2024-10-09,23.25,23.46,23.48,23.06,44759018.0
2024-10-10,23.19,23.22,23.53,22.96,44874580.0
2024-10-11,23.05,23.56,23.82,22.98,43585252.0
2024-10-14,23.58,23.44,23.77,23.2701,35403646.0
2024-10-15,23.41,22.66,23.72,22.47,68900556.0
2024-10-16,22.38,22.31,22.54,21.74,62151767.0
2024-10-17,22.72,22.44,22.82,22.4,43807577.0
2024-10-18,22.61,22.77,22.82,22.5,39971695.0
2024-10-21,22.61,22.84,22.88,22.25,39726985.0
2024-10-22,22.73,22.4,22.82,22.17,50160378.0
2024-10-23,22.3,21.98,22.425,21.575,45799051.0
2024-10-24,22.09,22.34,22.365,21.97,40554417.0
2024-10-25,22.42,22.68,23.3399,22.41,67502984.0
2024-10-28,22.67,22.92,23.27,22.56,41914966.0
2024-10-29,22.87,22.9,23.14,22.41,83422242.0
2024-10-30,22.415,22.3,22.93,22.26,50941231.0
2024-10-31,22.15,21.52,22.25,21.47,112485547.0
2024-11-01,23.0,23.2,23.58,21.91,173471115.0
2024-11-04,22.96,22.52,23.0,22.0,84616300.0
2024-11-05,22.58,23.32,23.58,22.4,59153326.0
2024-11-06,24.3,25.05,25.12,24.05,116760537.0
2024-11-07,25.43,26.23,26.3799,25.19,101489302.0
2024-11-08,26.0,26.2,26.43,25.83,76427983.0
2024-11-11,25.96,25.05,26.2863,24.83,80185321.0
2024-11-12,24.66,24.16,24.96,23.89,62539733.0
2024-11-13,24.06,24.92,25.14,24.02,58201972.0
2024-11-14,25.12,25.03,25.61,24.9346,49252121.0
2024-11-15,24.81,24.35,24.82,24.23,55104875.0
2024-11-18,24.33,24.84,25.02,24.16,59667333.0
2024-11-19,24.5,24.2,24.54,24.095,61190859.0
2024-11-20,24.07,24.01,24.21,23.55,50191510.0
2024-11-21,24.08,24.44,24.77,23.83,58928410.0
2024-11-22,24.35,24.5,24.68,24.14,36784715.0
2024-11-25,25.04,24.87,25.565,24.76,91128387.0
2024-11-26,24.95,24.05,24.985,23.81,69613557.0
2024-11-27,23.83,23.65,23.93,23.06,53992319.0
2024-11-29,23.72,24.05,24.28,23.6,36616750.0
2024-12-02,24.84,23.93,25.48,23.44,150497884.0
2024-12-03,23.68,22.47,23.75,22.44,138160493.0
2024-12-04,22.53,21.96,22.54,21.81,104648976.0
2024-12-05,22.04,20.8,22.19,20.66,167993483.0
2024-12-06,20.95,20.92,21.05,20.66,78539132.0
2024-12-09,20.92,20.81,21.06,20.73,68818217.0
2024-12-10,20.83,20.16,20.86,19.96,90004833.0
2024-12-11,20.14,20.12,20.25,19.87,75209342.0
2024-12-12,20.02,20.78,20.9,19.92,77695010.0
2024-12-13,20.6,20.34,20.8,20.25,55104079.0
2024-12-16,20.17,20.83,21.1,20.0,73832891.0
2024-12-17,20.64,20.44,20.77,20.2925,51767153.0
2024-12-18,20.48,19.3,20.58,19.21,86041243.0
2024-12-19,19.53,19.06,19.69,19.03,69117805.0
2024-12-20,18.97,19.52,19.76,18.9,108453667.0
2024-12-23,19.58,20.2,20.23,19.52,57988375.0
2024-12-24,20.22,20.4,20.4,19.96,29884026.0
2024-12-26,20.23,20.44,20.665,20.08,39950380.0
2024-12-27,20.21,20.3,20.605,20.09,48260830.0
2024-12-30,20.01,19.82,20.115,19.73,59608126.0
2024-12-31,19.99,20.05,20.4,19.88,49846656.0
2025-01-02,20.23,20.22,20.43,20.0,46438529.0
2025-01-03,20.39,20.56,20.665,20.06,48983942.0
2025-01-06,20.83,19.87,20.98,19.78,83270990.0
2025-01-07,20.02,20.01,20.34,19.9,61726060.0
2025-01-08,19.825,19.88,20.12,19.71,47897071.0
2025-01-10,19.66,19.15,19.66,18.91,71244581.0
2025-01-13,18.92,19.2,19.249,18.73,50668970.0
2025-01-14,19.36,19.2,19.52,18.82,47147526.0
2025-01-15,19.4,19.72,19.77,19.171,56305989.0
2025-01-16,19.75,19.67,19.95,19.4,44898059.0
2025-01-17,21.26,21.49,21.62,20.79,166483914.0
2025-01-21,22.03,21.77,22.41,21.75,96262179.0
2025-01-22,21.725,21.86,22.285,21.57,60972578.0
2025-01-23,21.69,21.57,21.75,21.35,55778156.0
2025-01-24,21.36,20.83,21.41,20.75,66300614.0
2025-01-27,20.81,20.29,21.06,20.14,83582097.0
2025-01-28,20.34,19.8,20.342,19.74,73411385.0
2025-01-29,19.87,19.75,20.08,19.66,86506821.0
2025-01-30,19.72,20.01,20.1,19.43,108166983.0
2025-01-31,20.1,19.43,20.33,19.38,117474899.0
2025-02-03,18.97,19.38,19.75,18.78,77523142.0
2025-02-04,19.1,19.29,19.53,19.02,54098200.0
2025-02-05,19.19,19.65,19.77,18.91,66250254.0
2025-02-06,19.51,19.38,19.7,19.22,45553771.0
2025-02-07,19.35,19.1,19.36,19.03,58277917.0
2025-02-10,19.25,19.77,20.08,19.24,73007266.0
2025-02-11,19.87,20.97,21.88,19.8618,150960704.0
2025-02-12,21.98,22.48,22.56,20.93,162631182.0
2025-02-13,22.84,24.13,24.83,22.79,248661333.0
2025-02-14,24.36,23.6,25.19,22.86,230254092.0
2025-02-18,24.6,27.39,27.55,24.49,284292210.0
2025-02-19,25.98,25.72,26.33,25.46,151881727.0
2025-02-20,25.56,26.09,26.12,24.48,144939566.0
2025-02-21,25.96,24.87,26.29,24.84,111630859.0
2025-02-24,24.55,24.27,24.8,23.62,91358071.0
2025-02-25,24.21,22.99,24.28,22.7701,88886469.0
2025-02-26,23.245,23.52,23.82,23.21,67449304.0
2025-02-27,23.7,23.09,24.4,23.07,97871945.0
2025-02-28,23.02,23.73,24.44,22.64,104133777.0
2025-03-03,25.0,22.74,25.04,22.52,141348692.0
2025-03-04,22.54,21.33,22.63,20.76,152182200.0
2025-03-05,21.33,20.81,21.36,20.18,127219259.0
2025-03-06,20.26,20.75,21.13,20.0,96466381.0
2025-03-07,20.27,20.64,21.2,20.11,81099646.0
2025-03-10,20.24,19.93,20.51,19.65,82760577.0
2025-03-11,19.965,19.78,20.06,19.29,80788985.0
2025-03-12,20.79,20.68,21.17,20.21,128671089.0
2025-03-13,23.5,23.7,24.53,23.13,243260993.0
2025-03-14,23.675,24.05,24.37,23.52,116901643.0
2025-03-17,24.42,25.69,26.145,24.37,160723633.0
2025-03-18,25.55,25.92,26.41,25.39,132488822.0
2025-03-19,24.9,24.12,25.2299,24.03,135491427.0
2025-03-20,23.77,23.96,24.31,23.73,68937584.0
2025-03-21,23.6,24.26,24.7,23.49,94110710.0
2025-03-24,24.715,24.22,24.99,24.13,69169028.0
2025-03-25,24.175,24.2,24.75,24.11,51743281.0
2025-03-26,24.25,23.42,24.4194,23.25,59678008.0
2025-03-27,23.285,23.62,23.76,22.855,57720584.0
2025-03-28,23.35,22.71,23.58,22.56,58365257.0
2025-03-31,22.38,22.71,22.745,21.75,65832019.0
2025-04-01,22.56,22.05,22.62,21.66,64060355.0
2025-04-02,21.89,21.98,22.38,21.7,58878848.0
2025-04-03,21.4,22.43,23.9,20.86,242972129.0
2025-04-04,21.7,19.85,22.2,19.7,175014739.0
2025-04-07,19.14,19.57,20.67,18.56,142491152.0
2025-04-08,20.06,18.13,20.39,17.665,163982681.0
2025-04-09,18.07,21.53,21.73,17.975,224183490.0
2025-04-10,20.675,19.88,20.82,19.16,129064855.0
2025-04-11,19.245,19.74,19.795,18.175,128425810.0
2025-04-14,20.59,20.31,21.05,19.9801,101964371.0
2025-04-15,20.2,19.85,20.47,19.81,64056895.0
2025-04-16,19.34,19.23,19.43,18.72,89469703.0
2025-04-17,18.91,18.93,19.1,18.56,85646667.0
2025-04-21,18.93,18.84,18.985,18.25,72409946.0
2025-04-22,19.055,19.51,19.735,19.04,83365634.0
2025-04-23,20.715,20.59,21.03,20.31,97188101.0
2025-04-24,21.035,21.49,21.55,20.88,117086220.0
2025-04-25,19.73,20.05,20.18,19.34,147711174.0
2025-04-28,20.12,20.51,21.08,20.05,96624416.0
2025-04-29,20.31,20.34,20.845,20.22,70031864.0
2025-04-30,19.71,20.1,20.18,19.55,68297323.0
2025-05-01,20.215,19.98,20.65,19.94,72607511.0
2025-05-02,20.26,20.62,20.78,20.21,63298512.0
2025-05-05,20.39,20.27,20.58,20.235,44236981.0
2025-05-06,19.92,19.94,20.12,19.77,51330772.0
2025-05-07,19.97,20.31,20.37,19.82,61134293.0
2025-05-08,21.01,21.0,21.24,20.64,71651698.0
2025-05-09,21.2,21.42,21.45,20.83,51768565.0
2025-05-12,22.18,22.18,22.67,21.88,94578691.0
2025-05-13,22.355,22.56,22.88,22.3,76850385.0
2025-05-14,22.35,21.52,22.46,21.46,91584827.0
2025-05-15,21.23,21.55,21.63,21.185,66705457.0
2025-05-16,21.53,21.66,21.76,21.35,55795144.0
2025-05-19,21.18,21.38,21.56,21.05,64279077.0
2025-05-20,21.325,21.27,21.41,21.12,48497384.0
2025-05-21,21.19,20.69,21.6292,20.59,62904697.0
2025-05-22,20.73,20.55,20.9,20.51,56077473.0
2025-05-23,20.16,20.05,20.27,19.94,68206064.0
2025-05-27,20.44,20.55,20.67,20.18,69504564.0
2025-05-28,20.57,20.37,20.64,20.33,46096476.0
2025-05-29,20.54,20.25,20.595,20.1,66485207.0
2025-05-30,20.26,19.55,20.26,19.31,114281897.0
2025-06-02,19.482,19.74,19.82,19.3745,67885473.0
2025-06-03,19.75,20.29,20.4099,19.4,80401865.0
2025-06-04,20.34,20.25,20.5,20.01,71166549.0
2025-06-05,20.27,19.99,20.55,19.85,72595606.0
2025-06-06,20.17,20.06,20.44,20.03,70072846.0
2025-06-09,20.22,20.48,20.96,20.22,92893898.0
2025-06-10,20.5,22.08,22.44,20.28,171457008.0
2025-06-11,21.78,20.68,21.83,20.38,146784468.0
2025-06-12,20.5,20.77,20.98,20.41,78175914.0
2025-06-13,20.33,20.14,20.6,20.1,87655889.0
2025-06-16,20.41,20.74,20.93,20.3,86745123.0
2025-06-17,20.63,20.8,21.48,20.62,87512156.0
2025-06-18,20.805,21.49,21.6,20.66,94200572.0
2025-06-20,21.7,21.08,21.885,20.88,133472814.0
2025-06-23,21.065,21.19,21.58,20.73,81460982.0
2025-06-24,21.34,22.55,22.69,21.325,130368742.0
2025-06-25,22.575,22.2,22.77,22.125,64975117.0
2025-06-26,22.4,22.5,22.6201,22.21,63229338.0
2025-06-27,22.71,22.69,23.38,22.42,95542384.0
2025-06-30,22.97,22.4,22.97,22.265,77102415.0
2025-07-01,22.325,22.85,23.155,22.2831,79094907.0
2025-07-02,22.525,21.88,22.77,21.52,138245252.0
2025-07-03,22.15,22.49,22.63,21.99,61175951.0
2025-07-07,22.205,22.0,22.39,21.86,80725235.0
2025-07-08,22.18,23.59,23.785,22.1323,119545462.0
2025-07-09,23.29,23.44,23.53,23.13,70247739.0
2025-07-10,23.63,23.82,24.04,23.48,54599844.0
2025-07-11,23.56,23.43,23.66,23.16,49367905.0
2025-07-14,23.24,23.3,23.4,22.88,48420516.0
2025-07-15,23.57,22.92,23.78,22.9,66099351.0
2025-07-16,22.99,22.69,23.13,22.25,58865893.0
2025-07-17,22.66,22.8,23.045,22.5902,49384037.0
2025-07-18,23.22,23.1,23.59,22.9,60195598.0
2025-07-21,23.4,23.26,23.83,23.16,61657989.0
2025-07-22,23.34,23.24,23.535,23.08,53969845.0
2025-07-23,23.255,23.49,23.62,22.92,68711715.0
2025-07-24,23.49,22.63,23.575,22.6,131963323.0
2025-07-25,20.675,20.7,21.045,20.36,245077682.0
2025-07-28,20.82,20.68,21.29,20.65,86105582.0
2025-07-29,20.69,20.41,20.845,20.34,100831524.0
2025-07-30,20.43,20.34,20.6199,20.08,67420330.0
2025-07-31,20.17,19.8,20.2288,19.66,90665198.0
2025-08-01,19.5,19.31,19.55,18.965,86496139.0
2025-08-04,19.515,19.5,19.59,19.35,69249371.0
2025-08-05,19.7,20.19,20.535,19.68,97338249.0
2025-08-06,20.12,20.41,20.48,19.87,67074217.0
2025-08-07,20.0,19.77,20.44,19.6,131382767.0
2025-08-08,20.0,19.95,20.02,19.61,75415017.0
2025-08-11,20.445,20.65,21.6,20.44,175545596.0
2025-08-12,21.2,21.81,21.86,20.76,134488173.0
2025-08-13,21.62,22.22,22.3,21.36,86024355.0
2025-08-14,21.99,23.86,24.2,21.9,188052460.0
2025-08-15,25.01,24.56,25.645,24.11,310161102.0
2025-08-18,24.0,23.66,24.9,23.21,212515617.0
2025-08-19,24.94,25.31,26.53,24.94,297659156.0
2025-08-20,24.9,23.54,24.933,23.3302,161149398.0
2025-08-21,23.525,23.5,23.57,22.775,97718294.0
2025-08-22,23.65,24.8,25.23,23.65,200266834.0
2025-08-25,25.5,24.55,25.88,24.44,156825631.0
2025-08-26,24.58,24.35,24.735,24.1,78558225.0
2025-08-27,24.19,24.85,24.99,24.05,90934420.0
2025-08-28,24.96,24.93,25.14,24.61,60035093.0
2025-08-29,24.76,24.35,24.97,24.28,63734417.0
2025-09-02,23.88,24.21,24.24,23.68,57661836.0
2025-09-03,24.09,24.0,24.0905,23.72,47822866.0
2025-09-04,23.85,24.61,24.64,23.75,59056496.0
2025-09-05,24.6,24.49,24.71,24.1701,55975270.0
2025-09-08,24.48,24.48,24.735,24.12,51122136.0
2025-09-09,24.53,24.44,24.805,24.27,42146182.0
2025-09-10,24.415,24.77,24.87,24.28,61600705.0
2025-09-11,24.76,24.61,24.93,24.57,55536921.0
2025-09-12,24.61,24.08,24.63,24.05,52672821.0
2025-09-15,24.33,24.77,25.46,24.2201,83951622.0
2025-09-16,24.82,25.27,25.34,24.69,60336569.0
2025-09-17,25.075,24.9,25.26,24.45,63093682.0
2025-09-18,31.78,30.57,32.3771,30.16,523907959.0
2025-09-19,30.38,29.58,30.63,29.33,225702854.0
2025-09-22,29.67,28.76,30.1,28.73,130314474.0
2025-09-23,28.99,29.34,30.2,28.815,126317911.0
2025-09-24,29.38,31.22,31.7,29.23,164458509.0
2025-09-25,31.61,33.99,34.25,31.21,295709290.0
2025-09-26,35.015,35.5,36.3,34.49,268583278.0
2025-09-29,34.52,34.48,35.05,33.73,152605909.0
2025-09-30,33.93,33.55,34.235,33.02,124818376.0
2025-10-01,33.53,35.94,36.06,33.5,162649650.0
2025-10-02,35.76,37.3,37.57,35.44,149361652.0
2025-10-03,37.95,36.83,38.08,36.45,125359342.0
2025-10-06,37.19,36.59,38.68,36.43,112086069.0
2025-10-07,36.64,37.17,38.0468,36.3501,111140155.0
2025-10-08,36.545,37.43,37.79,35.9102,103202085.0
2025-10-09,37.53,37.8,38.1,36.86,89884658.0
2025-10-10,38.46,36.37,39.65,36.3,183063296.0
2025-10-13,36.44,37.22,37.51,36.28,104020679.0
2025-10-14,36.0,35.63,36.545,34.69,117908345.0
2025-10-15,36.4,37.15,37.485,35.64,99242706.0
2025-10-16,37.15,36.84,38.02,36.41,83357846.0
2025-10-17,36.36,37.01,38.38,36.08,119394707.0
2025-10-20,37.57,38.1,38.5198,37.56,80230234.0
2025-10-21,38.14,38.12,38.35,37.67,73134908.0
2025-10-22,37.835,36.92,37.93,36.0401,87099905.0
2025-10-23,36.6,38.16,38.4,36.4301,121974238.0
2025-10-24,40.02,38.28,41.12,37.83,246379974.0
2025-10-27,38.39,39.54,40.67,38.23,160007604.0
2025-10-28,39.59,41.53,42.48,39.54,181256370.0
2025-10-29,41.6,41.34,42.04,40.92,106962947.0
2025-10-30,40.97,40.16,41.43,40.11,84855468.0
2025-10-31,40.68,39.99,40.8263,39.79,80471369.0
2025-11-03,40.25,39.5,40.45,39.05,61267512.0
2025-11-04,38.14,37.03,38.25,36.63,102250306.0
2025-11-05,37.415,38.38,38.6898,37.11,74631599.0
2025-11-06,38.335,37.24,39.8446,36.8,77629908.0
2025-11-07,37.26,38.13,38.27,36.97,95521436.0
2025-11-10,38.93,38.45,39.525,37.9659,77820266.0
2025-11-11,38.145,37.88,38.22,37.49,53741898.0
2025-11-12,38.06,37.89,38.2,37.3525,53875959.0
2025-11-13,37.27,35.91,37.31,35.45,95593170.0
2025-11-14,35.025,35.52,36.1,34.62,71716180.0
2025-11-17,35.445,34.71,35.73,34.23,72580118.0
2025-11-18,34.25,34.33,34.76,33.57,61504802.0
2025-11-19,34.33,35.11,35.7499,34.25,67115474.0
2025-11-20,36.0,33.62,36.68,33.48,96389096.0
2025-11-21,33.51,34.5,34.98,32.89,105641670.0
2025-11-24,34.97,35.79,36.155,34.685,103804208.0
2025-11-25,35.55,35.83,36.13,34.68,62203283.0
2025-11-26,36.2,36.81,37.24,36.13,54563435.0
2025-11-28,37.4,40.56,40.59,37.34,95799486.0
2025-12-01,39.86,40.01,40.375,39.6,74534896.0
2025-12-02,40.47,43.47,43.68,40.05,167205815.0
2025-12-03,43.385,43.76,44.02,42.51,91957186.0
2025-12-04,43.26,40.5,43.2801,40.14,107850164.0
2025-12-05,41.155,41.41,42.83,41.15,103042015.0
2025-12-08,41.935,40.3,42.115,39.7,93953619.0
2025-12-09,40.73,40.5,41.2622,40.03,61877155.0
2025-12-10,40.11,40.78,40.99,38.89,75974890.0
2025-12-11,40.07,39.51,40.19,39.075,59096759.0
2025-12-12,39.245,37.81,40.03,37.62,87784470.0
2025-12-15,38.325,37.51,38.48,37.32,60898465.0
2025-12-16,37.58,37.31,37.96,36.92,50490257.0
2025-12-17,37.585,36.05,37.84,35.965,54791951.0
2025-12-18,37.38,36.28,37.485,35.67,69468393.0
2025-12-19,36.48,36.82,37.58,36.44,163221251.0
2025-12-22,37.89,36.37,37.9,36.29,51685394.0
2025-12-23,36.24,36.35,36.8,36.03,35957954.0
2025-12-24,35.17,36.16,36.175,34.95,37443756.0
2025-12-26,36.17,36.2,36.49,35.85,28779396.0
2025-12-29,36.01,36.68,36.795,35.82,38062295.0
2025-12-30,36.91,37.3,38.26,36.82,61935279.0
2025-12-31,37.395,36.9,37.58,36.87,51524682.0
2026-01-02,37.77,39.38,39.86,37.76,95396447.0
2026-01-05,41.59,39.37,42.1,39.27,96665355.0
2026-01-06,39.86,40.04,40.31,38.95,66395138.0
2026-01-07,40.18,42.63,44.57,40.12,166028381.0
2026-01-08,42.62,41.11,43.34,40.68,88241955.0
2026-01-09,41.825,45.55,45.7265,41.57,186691417.0
2026-01-12,44.24,44.06,45.45,43.89,101989119.0
2026-01-13,45.89,47.29,48.24,45.215,168656410.0
2026-01-14,48.95,48.72,49.0,47.42,148225796.0
2026-01-15,49.35,48.32,50.39,47.825,132328902.0
2026-01-16,49.27,46.96,50.21,46.71,127314711.0
2026-01-20,47.3,48.56,50.23,47.0,150153031.0
2026-01-21,50.32,54.25,54.41,50.15,220565312.0
2026-01-22,54.21,54.32,54.6,53.08,190066397.0
2026-01-23,46.86,45.07,48.13,44.45,294675401.0
2026-01-26,44.28,42.49,44.46,42.275,149407768.0
2026-01-27,43.97,43.93,44.53,43.099,121832221.0
2026-01-28,46.6,48.78,49.285,46.32,201995055.0
2026-01-29,47.56,48.66,48.77,46.99,124256563.0
2026-01-30,48.975,46.47,49.5777,45.96,114920097.0
2026-02-02,45.63,48.81,49.84,45.5,101414583.0
2026-02-03,50.055,49.25,51.49,48.43,122205136.0
2026-02-04,49.54,48.6,49.698,47.0,128702304.0
2026-02-05,47.59,48.24,50.86,46.785,114307769.0
2026-02-06,49.1,50.59,51.3,48.83,115600223.0
2026-02-09,49.59,50.24,51.22,47.59,94841413.0
2026-02-10,50.41,47.13,50.5393,46.765,99832891.0
2026-02-11,48.11,48.29,49.55,46.86,107681221.0
2026-02-12,47.8,46.48,48.95,46.19,88321152.0
2026-02-13,45.76,46.79,47.69,44.97,69740424.0
2026-02-17,45.93,46.18,46.8299,45.455,65802171.0
2026-02-18,45.915,45.46,46.77,44.88,65306065.0
2026-02-19,44.95,44.62,45.17,43.92,72724938.0
2026-02-20,43.89,44.11,44.39,42.88,90743566.0
2026-02-23,44.09,43.63,44.55,43.18,57130909.0
2026-02-24,44.095,46.12,46.6,43.54,98872271.0
2026-02-25,46.09,46.88,46.97,45.08,75645295.0
2026-02-26,46.77,45.46,46.95,44.39,71457507.0
2026-02-27,44.46,45.61,46.56,44.4,79327248.0
2026-03-02,44.2,45.5,45.81,43.95,60705104.0
2026-03-03,43.44,43.1,43.685,42.14,83971029.0
2026-03-04,44.07,45.58,46.125,43.27,96628102.0
2026-03-05,44.87,45.95,46.48,44.7,78229421.0
2026-03-06,44.67,43.42,45.18,43.28,74698310.0
2026-03-09,42.74,45.58,45.76,41.64,82937382.0
2026-03-10,45.41,46.78,47.875,45.41,85233306.0
2026-03-11,46.815,47.98,48.83,46.66,72480566.0
2026-03-12,47.4,45.25,47.435,45.17,85110211.0
2026-03-13,45.97,45.77,46.65,45.39,68386151.0
2026-03-16,47.91,45.76,49.17,45.69,114199390.0
2026-03-17,46.08,44.06,46.08,43.91,89061571.0
2026-03-18,44.2,45.03,45.705,44.052,78056208.0
2026-03-19,43.99,46.18,46.44,43.65,74051501.0
2026-03-20,46.95,43.87,47.55,43.642,162814210.0
2026-03-23,44.5,44.01,45.46,43.74,80772210.0
2026-03-24,43.535,44.06,44.31,43.2,65323531.0
2026-03-25,45.85,47.18,47.845,45.45,97467909.0
2026-03-26,46.295,44.1,46.6,43.915,82841371.0
2026-03-27,43.62,43.13,44.13,42.86,70002236.0
2026-03-30,43.72,41.19,43.99,40.63,84596011.0
2026-03-31,41.95,44.13,44.23,41.6,95294892.0
2026-04-01,45.0,48.03,48.77,44.98,129598509.0
2026-04-02,46.06,50.38,50.49,46.04,117134237.0
2026-04-06,50.88,50.78,52.385,49.87,79978811.0
2026-04-07,51.905,52.91,53.27,51.215,129543837.0
2026-04-08,55.365,58.95,59.17,54.8,184599933.0
2026-04-09,58.4,61.72,62.0799,58.39,155609887.0
2026-04-10,61.52,62.38,63.39,60.75,98624438.0
2026-04-13,62.18,65.18,65.65,62.18,112110972.0
2026-04-14,65.16,63.81,65.18,62.089,112796097.0
2026-04-15,63.77,64.94,65.84,62.875,92051518.0
2026-04-16,64.93,68.5,68.61,64.272,108328309.0
2026-04-17,68.85,68.5,70.325,67.735,118831534.0
2026-04-20,68.45,65.7,69.205,64.47,96851067.0
2026-04-21,67.14,66.26,67.67,65.64,91402314.0
2026-04-22,67.935,65.27,68.77,64.98,90267286.0
2026-04-23,66.1,66.78,68.28,65.42,155141780.0
2026-04-24,82.2,82.54,85.22,79.62,281405214.0
2026-04-27,83.67,84.99,87.1,82.61,178820193.0
2026-04-28,81.28,84.52,84.59,80.8,147773466.0
2026-04-29,86.135,94.75,94.95,85.87,235070906.0
2026-04-30,95.6,94.48,95.69,91.5,160597313.0
2026-05-01,93.2,99.62,100.45,92.61,158502811.0
2026-05-04,99.18,95.78,99.82,95.6,119294030.0
2026-05-05,100.505,108.15,110.48,100.08,198481963.0
2026-05-06,110.975,113.01,113.5,106.5801,157320083.0
2026-05-07,111.02,109.62,114.51,109.15,122699875.0
2026-05-08,111.81,124.92,130.57,111.8,227681300.0
2026-05-11,130.88,129.44,132.75,123.92,179486503.0
2026-05-12,124.36,120.61,127.79,115.0,172516514.0
2026-05-13,124.1,120.29,125.0,116.41,115364423.0
2026-05-14,114.66,115.93,118.57,113.17,118279791.0
2026-05-15,109.785,108.77,110.57,105.02,135205991.0
2026-05-18,113.47,108.17,115.54,103.85,145763995.0
2026-05-19,106.98,110.8,113.0699,102.4,150234892.0
2026-05-20,116.22,118.96,121.94,114.8,165086920.0
2026-05-21,116.58,118.5,119.41,113.17,102452545.0
2026-05-22,120.34,119.84,122.78,118.09,82663024.0
2026-05-26,122.095,123.52,125.62,117.35,108167302.0
2026-05-27,124.39,121.77,125.27,117.0,93323344.0
2026-05-28,121.445,120.89,123.08,116.31,97320987.0
2026-05-29,123.85,114.68,126.64,113.54,191676126.0
2026-06-01,109.43,109.33,113.3,106.33,134900437.0
2026-06-02,107.45,107.93,109.0,104.17,106336209.0
2026-06-03,116.42,112.71,118.29,110.86,118928807.0
2026-06-04,108.4,111.78,113.14,107.4801,77325824.0
2026-06-05,106.48,99.17,106.48,98.33,145209405.0
2026-06-08,111.0,110.27,112.54,106.66,136973898.0
2026-06-09,112.99,107.92,113.998,99.46,149623108.0
2026-06-10,106.03,107.04,111.5,104.92,122653462.0
2026-06-11,113.52,116.96,119.44,110.5118,188430320.0
2026-06-12,117.415,124.57,127.6,115.33,151526758.0
2026-06-15,129.49,127.86,132.61,126.66,134507523.0
2026-06-16,125.105,117.05,128.7,116.0,132962556.0
2026-06-17,121.85,121.1,125.2,118.06,115324920.0
2026-06-18,131.805,133.99,135.48,127.9,233906555.0
2026-06-22,139.12,140.94,141.45,136.21,127190553.0
2026-06-23,129.73,132.28,137.98,128.3,132976743.0
2026-06-24,133.045,131.65,136.08,127.95,104591698.0
2026-06-25,139.73,132.87,140.72,125.41,123120247.0
2026-06-26,128.705,128.32,131.23,125.5,99475352.0
2026-06-29,127.0,131.72,132.05,118.5,106805299.0
2026-06-30,131.99,139.63,142.35,131.5201,116996685.0
2026-07-01,135.0,127.02,135.7399,126.6805,113107246.0
2026-07-02,128.915,120.35,130.74,117.63,125021717.0
2026-07-06,122.57,122.2,127.3,121.52,86950209.0
2026-07-07,116.3,110.39,116.47,108.3,140405927.0
2026-07-08,108.3,110.24,110.49,104.41,105488080.0
2026-07-09,114.87,112.54,116.7699,111.51,99352457.0
2026-07-10,109.575,109.84,110.85,107.45,70846601.0
2026-07-13,105.98,103.12,106.17,101.79,100988772.0
2026-07-14,107.98,107.76,109.19,103.5905,91129016.0
2026-07-15,109.3,102.99,109.61,99.2,120625478.0
2026-07-16,101.14,96.98,101.88,95.48,107742913.0
2026-07-17,92.14,95.04,98.05,89.59,126779308.0
2026-07-20,97.58,97.06,100.98,96.92,89741378.0
2026-07-21,103.19,105.45,106.34,101.22,105429373.0
2026-07-22,101.545,102.62,106.85,101.48,78431041.0
2026-07-23,101.14,100.23,104.18,99.235,140806900.0
2026-07-24,100.36,92.32,101.74,91.58,181132891.0
2026-07-27,92.46,91.67,94.98,86.94,133247260.0
2026-07-28,86.62,86.3,88.2799,83.1,154346670.0
2026-07-29,86.57,81.88,88.47,81.79,152394563.0
2026-07-30,86.51,91.13,94.1,85.97,140322599.0
2026-07-31,96.72,90.2,97.9,90.13,109039502.0
2026-08-03,88.4,91.0,91.68,85.62,96633640.0
2026-08-04,95.24,100.86,101.39,94.32,124355055.0
2026-08-05,99.3,101.06,102.83,97.895,85388366.0
2026-08-06,98.22,99.81,103.3799,95.6,78088124.0
2026-08-07,102.33,101.65,103.66,98.03,76760636.0
2026-08-10,98.26,97.52,100.025,96.3,101153438.0
2026-08-11,96.78,97.71,98.35,95.35,164063575.0
2026-08-12,101.33,100.95,103.16,100.1232,162446693.0
2026-08-13,101.51,104.56,107.57,100.33,116837589.0
2026-08-14,104.48,102.5,106.87,102.05,95387502.0
2026-08-17,103.55,103.49,105.97,101.8,88616832.0
2026-08-18,99.22,96.685,99.31,95.25,121969461.0
2026-08-19,97.41,92.8,98.2,91.28,110268648.0
2026-08-20,91.87,92.13,92.68,89.85,85654715.0
2026-08-21,92.71,90.07,92.768,89.75,91670104.0
2026-08-24,88.86,87.26,88.91,85.14,96903359.0
2026-08-25,90.06,87.48,90.18,87.29,81853821.0
2026-08-26,86.805,88.24,88.2799,85.63,75752764.0
2026-08-27,89.91,92.09,92.95,88.46,100556755.0
2026-08-28,90.265,89.47,93.7,89.05,86172589.0
2026-08-31,90.0,89.51,91.85,88.97,65188218.0
2026-09-01,86.84,88.97,89.41,85.72,73962063.0
2026-09-02,88.85,90.05,90.43,87.5,61554546.0
2026-09-03,89.35,91.67,92.37,87.725,79927773.0
2026-09-04,92.45,95.8,95.94,91.87,97654325.0
2026-09-08,100.8,104.47,106.0899,100.35,140269269.0
2026-09-09,102.7,106.24,106.69,102.7,96891392.0
2026-09-10,102.45,100.32,103.23,99.34,96887071.0
2026-09-11,102.47,102.94,104.9,101.07,86990385.0
2026-09-14,95.82,97.19,98.86,94.5233,96459676.0
2026-09-15,98.83,97.14,100.48,96.5205,84999321.0
2026-09-16,101.365,101.05,104.42,99.29,119923560.0
