time_key,open,close,high,low,volume
2018-01-02,85.262538219,85.516036428,85.571489162,84.609780331,13578835.0
2018-01-03,85.444740057,85.603176438,85.943814656,85.143710934,11901037.0
2018-01-04,86.288001954,86.829491815,87.617837348,86.160592575,12953656.0
2018-01-05,87.004679711,86.272075782,87.235609211,85.822161412,14154974.0
2018-01-08,86.120777144,86.399485161,86.542820712,85.762438266,12466512.0
2018-01-09,86.574673057,86.837454901,87.2993139,86.391522075,13292310.0
2018-01-10,87.171904521,87.793025244,88.151364123,87.108199832,15834468.0
2018-01-11,88.127474864,88.262847329,88.333718797,87.634559829,13676788.0
2018-01-12,88.907857311,89.720092102,89.863427654,88.262847329,18884229.0
2018-01-16,88.796374104,89.401568655,90.325286653,88.445998312,22703336.0
2018-01-17,89.098971379,89.97491086,90.218581298,88.63711238,14940266.0
2018-01-18,89.791759878,90.189914187,90.558605078,89.401568655,14572911.0
2018-01-19,90.731404048,89.990837033,91.049927496,89.826797457,18785468.0
2018-01-22,89.712129016,91.04196441,91.089742927,89.584719637,12475654.0
2018-01-23,90.516400721,90.946407375,91.288820082,90.261581963,12320751.0
2018-01-24,91.464007978,92.109017959,92.371799804,91.304746254,15904504.0
2018-01-25,92.403652148,92.132907218,92.507172269,91.635214331,13509957.0
2018-01-26,92.132907218,92.626618562,92.626618562,91.54363884,13883875.0
2018-01-29,92.387725976,92.531061527,93.449205365,92.387725976,11679919.0
2018-01-30,91.997534753,91.663085133,92.849584975,91.559565012,14279124.0
2018-01-31,92.093091787,92.109017959,92.897363492,91.702900564,13141423.0
2018-02-01,92.188648821,93.064588302,93.156163793,91.957719322,13800613.0
2018-02-02,92.761991027,91.002148979,93.104403733,90.850850341,16477307.0
2018-02-05,89.982873947,86.638377747,91.249004651,82.800170203,30097591.0
2018-02-06,85.08557594,89.274159276,89.568793465,84.894461871,33114833.0
2018-02-07,88.828226449,89.879353826,91.137521444,88.506517767,21878324.0
2018-02-08,90.070467895,85.905773817,90.070467895,85.873921472,27425837.0
2018-02-09,86.877270332,87.625800434,88.430072139,84.591864596,28188027.0
2018-02-12,88.525629174,88.979525087,89.763889076,87.649689693,18043325.0
2018-02-13,88.645075467,89.528978034,90.022689377,88.230994985,16358181.0
2018-02-14,89.688239757,91.599380443,91.790494512,89.608608896,15186858.0
2018-02-15,92.164759563,91.98160858,92.359855174,90.954370462,12130197.0
2018-02-16,91.217152306,91.320672426,92.427541407,91.177336875,13214253.0
2018-02-20,91.296783168,91.344561685,91.886051546,90.755293307,13461495.0
2018-02-21,91.575491185,91.726789822,93.526447301,91.31270934,14212461.0
2018-02-22,91.973645494,91.559565012,92.710230967,91.384377116,17070356.0
2018-02-23,91.822346856,93.414964094,93.478668784,91.822346856,12162523.0
2018-02-26,94.075900248,94.577574678,94.681094799,93.422927181,16511229.0
2018-02-27,94.689057885,93.454779525,95.023507505,93.446816439,17563345.0
2018-02-28,93.82108149,91.973645494,94.354608265,91.846236115,17735637.0
2018-03-01,91.957719322,90.325286653,92.883826246,89.70416593,18690017.0
2018-03-02,89.497125689,90.237692705,90.428806773,88.485813743,18353697.0
2018-03-05,89.226380758,91.623269702,92.312076657,89.098971379,13933039.0
2018-03-06,92.085128701,91.702900564,92.228464252,91.034001324,10674360.0
2018-03-07,90.580105411,91.360487857,91.655122046,90.070467895,13006514.0
2018-03-08,91.663085133,91.368450944,91.758642167,90.150098756,11173721.0
2018-03-09,92.809769544,93.996269386,94.028121731,92.109017959,15366583.0
2018-03-12,93.964417042,93.693672111,94.561648506,93.367185577,12339295.0
2018-03-13,94.123678765,92.570876958,94.338682092,92.236427338,13312340.0
2018-03-14,92.81773263,91.535675754,92.841621889,91.256967737,12905124.0
2018-03-15,92.268279683,91.766605253,92.371799804,91.440118719,8747977.0
2018-03-16,91.846236115,91.925866977,92.851177592,91.846236115,19888948.0
2018-03-19,91.655122046,91.201226134,91.933830063,90.221766532,13214919.0
2018-03-20,91.471971064,91.288820082,91.92984852,91.133539901,9921175.0
2018-03-21,91.424192547,91.368450944,92.873474233,90.946407375,13632983.0
2018-03-22,90.14213567,87.554132659,90.460659118,87.227646125,22550426.0
2018-03-23,87.808951417,85.212985319,88.326552019,85.013908164,23081509.0
2018-03-26,86.948938108,87.840803761,88.517666088,86.514949911,20217469.0
2018-03-27,88.445998312,86.136703317,88.939709656,85.443914818,18039921.0
2018-03-28,86.224297265,86.001330852,86.933011936,84.926314216,19189269.0
2018-03-29,86.399485161,87.570058831,88.215068812,85.826142955,13274639.0
2018-04-02,87.562095745,85.881884559,88.175253381,84.472418303,18822525.0
2018-04-03,86.288001954,87.060421315,87.198182706,85.412062473,14050737.0
2018-04-04,85.284653094,88.382293622,88.557481518,85.220948405,15302608.0
2018-04-05,89.342709711,89.542796403,90.303125833,89.150626487,16627035.0
2018-04-06,88.478335202,87.309828921,89.27868197,86.293388525,18906018.0
2018-04-09,88.046147947,88.358283187,90.423177848,87.950106335,15974349.0
2018-04-10,89.742883095,90.047014867,90.335139704,89.17463689,14003640.0
2018-04-11,89.366720114,88.534359476,89.48677213,88.450323065,14503294.0
2018-04-12,89.286685438,90.735313088,91.551666791,89.238664632,16435523.0
2018-04-13,92.055885255,88.27824851,92.159930335,87.27781505,39152760.0
2018-04-16,88.790470441,88.206217301,89.214654228,87.870071658,16580538.0
2018-04-17,89.134619552,88.206217301,89.574810274,88.030141012,15501350.0
2018-04-18,88.462328267,87.493908677,88.894515521,87.149759567,16081436.0
2018-04-19,87.661981499,89.41474092,89.534792936,87.637971096,17910955.0
2018-04-20,89.878942046,89.214654228,90.231094624,88.742449635,15584384.0
2018-04-23,89.294688905,88.782466974,89.598820677,88.542362943,11285831.0
2018-04-24,89.438751324,88.366286654,90.359150107,87.710002305,16453112.0
2018-04-25,88.254238107,88.030141012,88.462328267,86.917659004,13548246.0
2018-04-26,88.014134076,88.118179156,88.694428829,87.509915613,10299488.0
2018-04-27,87.677988434,87.557936419,88.166199962,87.341842791,9383967.0
2018-04-30,87.838057788,87.061721423,88.27824851,87.03771102,13744860.0
2018-05-01,86.797606989,87.061721423,87.213787308,86.06929143,10503353.0
2018-05-02,86.525489088,86.373423202,87.629967628,86.221357316,12162086.0
2018-05-03,86.109308769,85.8291874,86.253371187,84.181273405,15379091.0
2018-05-04,85.180906518,86.781600054,87.029707552,84.820750472,11967906.0
2018-05-07,87.045714487,87.533926016,87.782033514,86.72557578,9356721.0
2018-05-08,87.661981499,88.83048778,89.110609149,87.461894807,12543228.0
2018-05-09,89.190643825,90.767326958,90.951406715,88.862501651,11368094.0
2018-05-10,90.591250669,91.471632114,91.591684129,90.239098092,9159709.0
2018-05-11,91.631701468,91.127483004,91.823784692,90.975417118,10253045.0
2018-05-14,91.327569696,91.159496875,91.799774289,91.031441392,8710654.0
2018-05-15,91.167500342,90.463195187,91.167500342,90.095035673,11536212.0
2018-05-16,90.351146639,90.711302685,90.991424053,90.143056479,7571089.0
2018-05-17,90.599254137,90.407170913,90.767326958,89.798907369,8617204.0
2018-05-18,90.239098092,88.942536327,90.27911543,88.710435765,11806349.0
2018-05-21,89.678855354,89.758890031,90.07102527,89.574810274,9441931.0
2018-05-22,89.918959384,90.447188251,91.46779045,89.870938578,11507550.0
2018-05-23,90.047014867,90.031007932,90.255105027,88.93453286,11453916.0
2018-05-24,89.750886563,89.022571004,89.758890031,88.130184358,14084769.0
2018-05-25,88.406303993,88.566373346,88.902518989,88.194212099,8283548.0
2018-05-29,87.38186013,84.780733134,87.397867065,84.000395035,30643840.0
2018-05-30,86.149326107,86.717572312,86.917659004,85.356982807,17490845.0
2018-05-31,86.397433605,85.645107643,86.589516829,85.17290305,19808203.0
2018-06-01,86.709568845,86.757589651,87.189776905,86.27738159,13594185.0
2018-06-04,87.229794244,86.797606989,87.441886137,86.653544571,9415437.0
2018-06-05,86.629534168,86.309395461,86.685558442,85.693128449,10415231.0
2018-06-06,86.96567981,88.326269316,88.630401088,86.821617392,15453563.0
2018-06-07,88.982553666,88.678421894,89.238664632,88.058153149,13444427.0
2018-06-08,88.534359476,88.926529392,88.950539795,88.086165286,10383168.0
2018-06-11,88.93453286,88.702432297,89.566806806,88.654411491,12642897.0
2018-06-12,88.950539795,88.190210365,89.262675035,87.653978031,15294082.0
2018-06-13,88.406303993,88.014134076,89.194645559,87.701998837,14979749.0
2018-06-14,88.262241575,86.461461347,88.326269316,86.261374655,20487343.0
2018-06-15,86.27738159,86.357416267,86.741582715,85.052851035,26028572.0
2018-06-18,85.845194335,86.581513362,86.757589651,85.388996677,9786825.0
2018-06-19,85.557069499,86.077294898,86.341409331,85.316965468,12707154.0
2018-06-20,86.581513362,86.06929143,86.949672875,85.989256753,8876903.0
2018-06-21,85.717138852,86.045281027,86.602402412,85.260941195,11048735.0
2018-06-22,86.565506426,84.636670716,86.733579248,84.444587491,19938788.0
2018-06-25,84.564639506,83.868337818,84.596653377,83.204050001,16907607.0
2018-06-26,83.804310077,83.924362092,84.204483461,82.523755248,17086772.0
2018-06-27,83.780299674,82.627800328,84.772729666,82.61979686,16276833.0
2018-06-28,82.979952906,83.980386366,84.404570153,82.843893955,14491252.0
2018-06-29,85.38099321,83.396133225,85.557069499,83.356115887,18972393.0
2018-07-02,83.011966776,84.100438381,84.108441849,82.739848875,11130044.0
2018-07-03,84.364552814,82.923928632,84.656679385,82.851897423,8311680.0
2018-07-05,83.793000415,83.463075032,83.994174429,83.310182781,10723412.0
2018-07-06,82.980257397,83.736671691,84.090737956,82.239937025,12173700.0
2018-07-09,84.259724128,86.327792994,86.472638285,84.259724128,13900793.0
2018-07-10,86.923268077,85.796693597,87.229052578,85.724270952,14575873.0
2018-07-11,85.547237819,85.611613504,86.150759862,85.466768213,10186482.0
2018-07-12,86.440450442,85.98177369,86.55310789,85.27364116,12456754.0
2018-07-13,86.343886916,85.587472622,86.746234944,84.605743432,21303844.0
2018-07-16,86.142712901,88.983289983,89.136182233,86.086384177,24662621.0
2018-07-17,89.071806549,88.918914298,89.264933603,88.315311786,14821876.0
2018-07-18,88.854538613,89.747751237,90.22252191,88.677505481,14244944.0
2018-07-19,89.36954409,88.428049703,89.393684972,88.299298334,16775305.0
2018-07-20,88.51656627,89.546577222,89.916737409,88.339533137,13582631.0
2018-07-23,89.36954409,91.21229806,91.928477551,89.264933603,18140010.0
2018-07-24,91.373237272,91.856054906,92.363013422,91.268626784,14000419.0
2018-07-25,91.638786971,92.684891845,92.958488504,91.236438942,13331966.0
2018-07-26,92.878018898,92.419342146,93.010793748,92.202878907,11897769.0
2018-07-27,92.684891845,93.368883493,93.586151429,92.387154304,12805930.0
2018-07-30,93.570057507,93.932170733,94.640303263,93.393024375,13411618.0
2018-07-31,94.213814353,92.499811752,94.213814353,92.395201264,15843763.0
2018-08-01,93.143568597,93.071145952,93.899982891,92.76536145,13531590.0
2018-08-02,92.19402725,93.46544702,93.545916626,92.000900196,11058108.0
2018-08-03,93.344742612,94.221861314,94.254049156,93.296460848,11016102.0
2018-08-06,93.980452497,94.246002195,94.575927579,93.489587902,9857351.0
2018-08-07,94.744913751,94.5920215,95.187496582,94.414988367,10562067.0
2018-08-08,94.414988367,94.785148554,95.170276086,94.374753564,8997220.0
2018-08-09,94.559833658,94.052875142,94.72881983,93.904006371,9694541.0
2018-08-10,92.942394583,93.127474676,93.304507809,92.285682131,12630949.0
2018-08-13,92.990676346,91.646833931,93.246569693,91.586481727,10340337.0
2018-08-14,91.952618433,92.258402935,92.572234397,91.453626408,10597611.0
2018-08-15,91.590505207,91.49394168,92.000900196,90.906513559,10152082.0
2018-08-16,92.016994117,92.354966461,92.789502332,91.976759315,10118820.0
2018-08-17,92.250355974,92.354966461,92.596375278,91.976759315,8505111.0
2018-08-20,92.210121171,92.234262053,92.580281357,91.823867064,8618739.0
2018-08-21,92.837784096,92.797549293,93.654550593,92.443483028,10976680.0
2018-08-22,92.789502332,92.515905673,92.869971938,92.363013422,8314901.0
2018-08-23,92.507858712,92.322778619,92.660750963,92.081369802,9265593.0
2018-08-24,92.523952633,92.282543816,92.717079687,92.098268419,8845718.0
2018-08-27,92.717079687,93.916076812,94.374753564,92.676844884,13768021.0
2018-08-28,94.149438669,93.457400059,94.17357955,93.32060173,8302618.0
2018-08-29,93.626386231,93.151615558,93.642480153,92.829737135,7221744.0
2018-08-30,93.014817228,92.692938805,93.376930454,92.523952633,8991802.0
2018-08-31,92.403248225,92.202074211,92.411295185,91.589700511,13065719.0
2018-09-04,92.008947157,92.660750963,92.733173608,91.437612956,10174177.0
2018-09-05,92.540046555,92.210121171,93.103333794,91.936524512,11462446.0
2018-09-06,92.137698526,91.815820103,92.298637737,91.333002469,9877635.0
2018-09-07,92.137698526,91.992853236,92.354966461,91.437612956,10955590.0
2018-09-10,92.419342146,91.501988641,92.515905673,91.461753838,8276936.0
2018-09-11,91.365190311,92.081369802,92.19805073,91.075499731,9333781.0
2018-09-12,91.936524512,90.995030125,92.443483028,90.809950032,10800758.0
2018-09-13,91.228391982,91.34909639,91.839960985,90.665104742,12470769.0
2018-09-14,91.582458247,91.333002469,92.129651565,91.115734534,10337948.0
2018-09-17,91.566364326,91.606599128,92.081369802,91.172063258,9561297.0
2018-09-18,92.000900196,91.976759315,92.262426415,91.381284232,7944210.0
2018-09-19,92.089416763,94.648350224,95.002416489,92.089416763,16052776.0
2018-09-20,95.356482754,95.461093241,95.951957836,95.01851041,15589976.0
2018-09-21,95.86344127,94.833430317,95.943910876,94.744913751,24788247.0
2018-09-24,94.761007672,93.924123773,95.324294912,93.69196896,12492474.0
2018-09-25,94.181626511,93.658574074,94.929993844,93.60224535,9308310.0
2018-09-26,93.948264654,92.556140476,94.044747711,92.266449895,14023640.0
2018-09-27,92.878018898,92.153792447,93.151615558,91.864101867,13282987.0
2018-09-28,91.453706878,90.801903071,91.928477551,90.544400333,15815120.0
2018-10-01,91.228391982,91.333002469,92.226215092,90.962842283,10147110.0
2018-10-02,91.220345021,91.711209616,91.831914024,90.780015339,13753074.0
2018-10-03,92.491764791,92.572234397,93.071145952,92.121604605,17141962.0
2018-10-04,92.823437127,93.406875579,94.654785603,92.547924524,16357406.0
2018-10-05,93.860661042,92.88016031,94.079450462,92.389909943,13777633.0
2018-10-08,92.580337772,93.447392138,93.820144483,91.853794832,14370869.0
2018-10-09,92.920676869,92.799127191,93.212396095,92.110345685,14069477.0
2018-10-10,92.944986804,90.32761708,93.1475696,90.32761708,23086389.0
2018-10-11,89.922451488,87.621110925,90.32761708,87.013362537,33705616.0
2018-10-12,89.436252778,86.664920128,89.809005122,85.57097303,32075740.0
2018-10-15,86.867502924,86.170618106,88.204549378,86.154411482,18903216.0
2018-10-16,86.835089677,88.018173206,88.147826195,86.486647268,19302764.0
2018-10-17,87.823693721,88.998673938,89.784695187,87.702144044,18794482.0
2018-10-18,88.342305679,87.588697678,89.00677725,87.361804947,17582467.0
2018-10-19,87.232151957,87.442838065,88.504371916,86.924226107,15234549.0
2018-10-22,87.637317549,86.18682473,87.791280474,85.986834994,16199139.0
2018-10-23,84.436509372,85.287357116,86.024758493,84.03134378,21407548.0
2018-10-24,84.890294835,83.699107995,85.109084255,83.388589085,23168916.0
2018-10-25,84.420302749,84.971327954,85.814072385,84.047550404,17464708.0
2018-10-26,84.274443136,83.804451049,84.728228599,83.245322532,19174916.0
2018-10-29,84.64719548,84.963224642,86.405614149,84.03134378,18445175.0
2018-10-30,85.66010946,86.462337332,86.689230064,84.971327954,18019681.0
2018-10-31,87.580594366,88.342305679,89.525389208,87.345598323,20859992.0
2018-11-01,88.82850439,88.309892432,89.3147031,87.77507385,13065023.0
2018-11-02,89.055397121,87.823693721,89.792798499,87.102498968,19009518.0
2018-11-05,88.010069894,88.399028862,88.561095099,87.856106969,10276448.0
2018-11-06,88.058689765,88.812297766,88.869020949,87.321288387,10824959.0
2018-11-07,89.436252778,90.335720392,90.538303188,88.60971497,12679585.0
2018-11-08,89.954864735,91.065018457,91.506648953,89.946761424,11662499.0
2018-11-09,90.94346878,90.181757467,91.048811834,89.809005122,10432161.0
2018-11-12,90.287100521,88.285582496,90.708472736,88.001966582,13279671.0
2018-11-13,88.407132174,88.804194454,90.044001166,88.407132174,13746059.0
2018-11-14,89.322806412,86.972845978,89.71176538,85.881816072,18361433.0
2018-11-15,87.710247356,89.193153422,89.201256734,86.551473763,19099954.0
2018-11-16,88.690748088,89.128326928,89.752281939,87.961450023,13798551.0
2018-11-19,89.104016992,89.809005122,90.10882766,88.754115987,13986991.0
2018-11-20,88.958157379,87.880416904,89.53349252,87.499561248,18936153.0
2018-11-21,88.350408991,87.224048645,88.820401078,87.224048645,10619625.0
2018-11-23,86.49475058,86.421820773,87.021465849,85.943725375,6488406.0
2018-11-26,87.28887514,88.536785163,89.120223616,87.07008572,13948285.0
2018-11-27,88.131619571,88.909537508,89.160740175,88.026276517,9238176.0
2018-11-28,88.974364003,89.898141552,90.270893897,88.220756002,13977257.0
2018-11-29,89.355219659,89.185050111,89.780643531,88.840659357,11144347.0
2018-11-30,89.014880562,90.100724348,90.206067402,88.796091142,18652718.0
2018-12-03,91.065018457,90.951572092,91.478287361,90.5464065,16033180.0
2018-12-04,90.432960134,86.89181286,90.432960134,86.486647268,23555940.0
2018-12-06,85.092877631,85.238737244,85.376493546,83.366872209,27213946.0
2018-12-07,85.214427309,83.699107995,86.690607627,83.391182145,19248595.0
2018-12-10,83.358768898,82.13516881,83.861174232,80.449679947,23636429.0
2018-12-11,83.569455005,81.332940938,83.998930533,81.203287948,16860677.0
2018-12-12,82.378268165,81.859656207,83.383078833,81.08198137,22621487.0
2018-12-13,82.289131735,81.940689326,82.629470832,81.576040293,17250942.0
2018-12-14,81.025015088,81.268114443,82.605160896,80.919672034,19879525.0
2018-12-17,80.846742227,80.230890527,81.486903863,79.764950097,25113534.0
2018-12-18,80.563126313,79.850034871,81.754313153,79.509695774,20837150.0
2018-12-19,79.744691817,78.837120891,81.503110486,78.277992374,28767868.0
2018-12-20,78.286095686,78.156442696,79.639348763,77.540590996,31825218.0
2018-12-21,78.342818869,76.308887597,79.760898441,75.915876973,41313933.0
2018-12-24,75.271663681,74.663915293,76.349404156,74.663915293,17009280.0
2018-12-26,75.109597444,77.759380416,77.759380416,73.829274174,22542900.0
2018-12-27,76.835602866,78.634538095,78.723674525,75.806482263,20304683.0
2018-12-28,79.371939472,78.464368546,79.67176201,78.148339384,17963271.0
2018-12-31,79.080220246,79.104530182,80.067608794,78.415748675,13237180.0
2019-01-02,77.751277104,80.473989883,80.854845539,77.743173792,15670850.0
2019-01-03,80.580188435,79.330313249,80.784416406,78.987210257,16286426.0
2019-01-04,80.964137021,82.254857801,82.450916653,80.286100156,16935205.0
2019-01-07,82.04246071,82.312041633,82.892049072,81.454529226,15430712.0
2019-01-08,83.022754974,82.156828375,83.177968232,81.319493691,13578777.0
2019-01-09,82.352887227,82.017953354,82.90838731,81.634004767,14230331.0
2019-01-10,81.707526837,82.009784235,82.287534276,81.094842923,14376430.0
2019-01-11,81.601328292,81.61766653,81.83006362,80.833431119,15439850.0
2019-01-14,80.768078168,82.459085772,82.802188764,80.596526672,21258458.0
2019-01-15,80.784416406,83.063600568,83.708960958,80.547511959,26504852.0
2019-01-16,83.529240343,83.733468315,84.509534606,83.161629994,18532952.0
2019-01-17,83.414872679,84.076571307,84.550380201,83.26031295,14247564.0
2019-01-18,84.77094641,85.440814156,85.694056841,84.003049237,16428710.0
2019-01-22,84.207277208,84.092909544,84.62390227,83.431210917,17083681.0
2019-01-23,84.501365487,83.880512454,84.713762578,83.296420455,12146678.0
2019-01-24,83.431210917,83.929527167,84.215446327,83.275997658,11296764.0
2019-01-25,84.558549319,84.460519893,85.212078828,83.929527167,14412559.0
2019-01-28,84.05206395,84.860806717,85.154894996,83.806990384,12283089.0
2019-01-29,84.860806717,85.097711164,85.865608337,84.738351625,9743271.0
2019-01-30,85.073203808,85.293770017,85.971806882,84.779115529,12526274.0
2019-01-31,84.476858131,84.550380201,84.795453766,83.921358048,17520551.0
2019-02-01,84.958836144,84.860806717,85.649535143,84.566718438,13000780.0
2019-02-04,84.787284647,85.163064115,85.163064115,84.150093376,9871549.0
2019-02-05,85.383630324,84.787284647,85.408137681,84.378828704,12762982.0
2019-02-06,84.721931697,84.746439053,85.465321513,84.521788284,8744957.0
2019-02-07,84.346152229,83.635438888,84.550380201,82.867541715,13177489.0
2019-02-08,83.390365322,82.802188764,83.598677853,81.740203313,12892562.0
2019-02-11,83.128953519,82.410071059,83.33318149,82.321027664,10978516.0
2019-02-12,83.284166777,83.815159503,84.076571307,83.235152064,12852252.0
2019-02-13,84.060233069,84.215446327,84.836299361,84.060233069,10754061.0
2019-02-14,83.708960958,83.668115364,84.223615446,82.794019646,11518530.0
2019-02-15,84.877144955,86.225049567,86.34758635,84.681086102,14716861.0
2019-02-19,85.70222596,85.922792169,86.078005427,84.803622885,12764888.0
2019-02-20,85.947299526,86.339417231,86.429277538,85.673634044,10030326.0
2019-02-21,86.143358378,86.159696616,86.584490797,85.743071554,8400075.0
2019-02-22,86.34758635,85.77574803,86.666181985,85.591942855,10647258.0
2019-02-25,86.388431944,86.674351104,87.630138011,86.339417231,11230679.0
2019-02-26,85.367292087,86.012652476,86.159696616,84.90982143,15465393.0
2019-02-27,85.922792169,85.906453931,86.086174546,85.371376646,9968822.0
2019-02-28,85.783917148,85.252924422,85.947299526,85.105880283,15156850.0
2019-03-01,85.857439218,85.310108254,86.515053286,85.122218521,13813310.0
2019-03-04,85.710395079,85.114049402,86.523630861,84.359876349,12466285.0
2019-03-05,85.065034689,85.048696451,85.408137681,84.354321348,10856646.0
2019-03-06,84.844468479,84.730100815,85.424475919,84.591225795,9070782.0
2019-03-07,84.346152229,84.117416901,84.525872844,83.455718273,12705739.0
2019-03-08,83.316843253,84.150093376,84.329813991,83.316843253,10582371.0
2019-03-11,84.942497906,85.244755304,85.404053121,84.681086102,9763235.0
2019-03-12,85.440814156,84.991512619,85.604196533,84.758202584,10219100.0
2019-03-13,85.114049402,85.277431779,85.759409792,84.917990549,13022241.0
2019-03-14,85.367292087,86.053498071,86.48646137,85.334615611,10926470.0
2019-03-15,86.110681903,87.041961453,87.246189424,85.963637763,24811730.0
2019-03-18,87.041961453,87.56478506,88.050847632,87.001115859,12935514.0
2019-03-19,88.389866065,87.246189424,88.553248442,87.041961453,12889267.0
2019-03-20,86.943932026,85.383630324,87.123652641,85.293770017,14920658.0
2019-03-21,84.542211082,84.035725712,84.542211082,83.554074464,19751044.0
2019-03-22,83.177968232,81.495129747,83.586424175,81.299070894,31115189.0
2019-03-25,81.356254726,80.817092881,82.156828375,80.130886897,21032295.0
2019-03-26,81.54414446,81.625835649,82.017953354,80.727232574,15987129.0
2019-03-27,81.593159173,81.348085607,82.058717257,80.939629664,12753234.0
2019-03-28,81.6911886,82.271196039,82.344718108,81.478791509,12454070.0
2019-03-29,82.949232904,82.695990219,83.316843253,82.169082053,14523395.0
2019-04-01,83.447549154,85.481659751,85.514336226,83.423041798,17499280.0
2019-04-02,85.448983275,85.890115694,86.135189259,85.228417066,10295539.0
2019-04-03,86.437446657,86.06166719,86.886748194,85.600111974,11499209.0
2019-04-04,86.061667289,86.893061684,87.032999354,85.979351013,11952078.0
2019-04-05,87.090620748,86.687270992,87.345801206,86.423858907,9933660.0
2019-04-08,86.522638439,86.967146333,86.967146333,86.358005885,8056282.0
2019-04-09,86.497943556,86.325079375,86.596723088,85.814718459,9092188.0
2019-04-10,86.539101694,86.711965875,87.020651913,85.995814268,10882304.0
2019-04-11,87.016536099,87.444580738,87.856162121,86.893061684,11183845.0
2019-04-12,90.08693322,91.543931318,92.070755488,89.62596207,25834073.0
2019-04-15,91.305214115,90.498514603,91.371067137,89.823521135,15163815.0
2019-04-16,90.465588093,91.453383413,91.692100616,90.432661582,11583232.0
2019-04-17,91.947281073,94.087504268,94.383842864,91.379298764,17791890.0
2019-04-18,94.276831704,93.396047543,94.618444252,93.289036384,12501949.0
2019-04-22,92.877455,93.511290331,93.782934044,92.739328288,7975860.0
2019-04-23,93.017392671,93.626533118,94.145125661,92.893918255,9193318.0
2019-04-24,93.23141499,93.470132192,93.964029853,92.860991745,9245743.0
2019-04-25,93.025624298,93.519521958,93.959914039,92.605811287,9311768.0
2019-04-26,93.799397299,94.227441938,94.317989842,93.511290331,7889519.0
2019-04-29,94.334453098,95.585660504,96.437633967,94.206862869,14242237.0
2019-04-30,95.840840961,95.52803911,96.082850815,94.877740524,11389147.0
2019-05-01,95.256395397,94.795424247,96.310043739,94.754266109,10412881.0
2019-05-02,94.803655875,95.001214939,95.301916298,94.317989842,8613305.0
2019-05-03,95.486880972,95.585660504,96.046631653,95.215237258,8185409.0
2019-05-06,93.988724736,94.737802854,95.050604705,93.610069863,9387010.0
2019-05-07,93.865250321,93.190256852,93.865250321,92.428831292,15017725.0
2019-05-08,92.73751733,92.696359191,93.568911724,92.572884776,9576075.0
2019-05-09,91.486309924,92.622274542,92.803370351,91.025338774,12205866.0
2019-05-10,91.988439212,92.614042915,92.885686628,90.992412264,13189381.0
2019-05-13,90.613757391,90.095164848,90.918327615,89.708278347,13783652.0
2019-05-14,90.177481124,90.811316455,91.963744329,90.136322986,10503672.0
2019-05-15,89.897605784,90.465588093,91.285293576,89.403708123,10142048.0
2019-05-16,91.058265285,91.626247594,92.334167574,91.033570402,9672729.0
2019-05-17,90.54790437,91.1817397,91.988439212,90.404427099,9570477.0
2019-05-20,91.025338774,91.659174105,92.037828978,90.852474593,8518244.0
2019-05-21,91.733258754,91.971975956,92.128376882,91.548047131,7967976.0
2019-05-22,91.700332243,91.222897838,92.021365722,91.165276445,7918898.0
2019-05-23,90.251565773,89.428403006,90.375040188,88.489997452,14557969.0
2019-05-24,90.152786241,90.309187167,90.514977859,89.881142528,8537252.0
2019-05-28,89.889374156,89.329623474,90.407966699,89.263770453,11665579.0
2019-05-29,88.448839314,89.082674644,89.230843942,88.127805835,9966365.0
2019-05-30,89.436634634,88.127805835,89.872910901,87.699761196,10367822.0
2019-05-31,86.893061684,87.222326791,87.740096171,86.300384492,10952857.0
2019-06-03,87.090620748,87.633908174,87.963173281,86.679039365,11680745.0
2019-06-04,88.77810442,90.33388205,90.465588093,88.185427228,12858587.0
2019-06-05,90.432661582,90.654915529,90.860706221,89.426427416,8340484.0
2019-06-06,90.671378785,90.852474593,91.264055977,89.667696423,8726664.0
2019-06-07,90.300955539,89.856447645,90.564367625,89.691815092,10618932.0
2019-06-10,91.165276445,90.82777971,91.543931318,90.724884364,11380602.0
2019-06-11,91.222897838,91.107655051,91.840269914,90.852474593,9847999.0
2019-06-12,91.124118306,89.94699555,91.28875086,89.634193698,9670511.0
2019-06-13,90.103396475,90.169249497,90.679610412,89.765899741,8406903.0
2019-06-14,90.19394438,90.399735071,90.797075739,89.420171379,9077685.0
2019-06-17,90.300955539,89.905837411,90.852474593,89.774131369,8128583.0
2019-06-18,89.73297323,91.132349934,91.704448057,89.708278347,11057340.0
2019-06-19,91.222897838,90.47381972,91.856733169,90.296839726,13126542.0
2019-06-20,91.272287604,90.704305295,91.441035972,89.75198829,13638199.0
2019-06-21,90.704305295,90.08693322,91.92258619,89.798826252,27089546.0
2019-06-24,89.955227177,89.444866262,90.358576933,89.341970916,13039577.0
2019-06-25,89.461329517,88.704019771,89.708278347,88.629935122,18660111.0
2019-06-26,89.148527666,89.296696964,89.97992206,89.033284878,10324609.0
2019-06-27,89.59303556,89.59303556,90.177481124,89.263770453,10906607.0
2019-06-28,91.403993647,92.02959735,92.548189893,91.28875086,21634683.0
2019-07-01,93.206720107,93.577143352,94.268600076,93.083245692,12762478.0
2019-07-02,93.437205682,93.675922884,94.005187991,93.198488479,10182625.0
2019-07-03,93.957779643,93.526704599,94.397144591,93.062469937,6849443.0
2019-07-05,94.098708022,94.082128213,94.728740778,93.609603646,7929536.0
2019-07-08,93.642763265,93.568154123,94.073838308,93.26142765,6917209.0
2019-07-09,93.079049747,93.966069547,94.082128213,92.971529683,8947322.0
2019-07-10,93.982649357,93.692502693,94.363984972,93.460385362,9242253.0
2019-07-11,93.982649357,94.587812398,94.799204968,93.77540174,11595170.0
2019-07-12,94.612682112,95.58260096,95.624050483,94.446884019,10783395.0
2019-07-15,95.781558672,94.422014305,95.806428386,94.115287832,12946597.0
2019-07-16,94.073838308,95.433382676,95.748399054,93.609603646,16944998.0
2019-07-17,94.861379253,94.496623447,95.284164391,94.281085925,13120924.0
2019-07-18,94.446884019,95.060336965,95.391933152,94.131867641,9400654.0
2019-07-19,95.242714868,94.123577736,95.433382676,94.007519071,10402772.0
2019-07-22,93.601313741,94.728740778,94.877959062,93.485255076,9061487.0
2019-07-23,95.234424963,96.461330856,96.535939998,95.184685535,12752167.0
2019-07-24,95.814718291,96.850956376,96.892405899,95.764978863,10011034.0
2019-07-25,96.900695804,95.922487052,97.190842468,95.595035817,10138368.0
2019-07-26,95.97222648,96.34527219,96.585679426,95.773268768,12800364.0
2019-07-29,96.544229903,96.038545717,97.14110304,95.988806289,8500370.0
2019-07-30,95.491412008,95.823008196,96.229213525,95.134946107,7121146.0
2019-07-31,96.245793334,96.162894288,96.312112572,95.217845154,13647968.0
2019-08-01,95.607470674,93.626183455,96.826086662,93.340181744,15664530.0
2019-08-02,93.178528603,93.617893551,94.032388785,92.349538135,11025527.0
2019-08-05,91.843853949,90.832485578,92.001362138,89.750653018,15855328.0
2019-08-06,91.230401003,91.545417381,91.603446714,89.812827303,10203487.0
2019-08-07,89.530970544,89.555840258,89.763087875,87.823250179,17320865.0
2019-08-08,90.401410535,91.072892814,91.255270717,90.12784368,10903331.0
2019-08-09,90.650107675,90.973413958,91.557852238,89.771377779,9980834.0
2019-08-12,89.895726349,89.319577974,89.957569038,88.876068074,7905354.0
2019-08-13,89.48952102,90.641817771,91.462518334,88.72684979,12236560.0
2019-08-14,88.121686748,86.878201046,88.627370933,86.588054382,19491849.0
2019-08-15,86.894780855,87.209797233,88.188005985,86.496865431,13365567.0
2019-08-16,88.179716081,89.298853212,89.514390734,87.765220847,11830550.0
2019-08-19,90.882225006,90.102973966,90.981703863,89.875001588,8265570.0
2019-08-20,89.406621973,88.958967121,89.895726349,88.900937788,8376105.0
2019-08-21,89.705058542,89.207664261,89.887436445,89.070880834,8189648.0
2019-08-22,89.837697017,90.12784368,90.579643486,89.472941211,9343395.0
2019-08-23,89.530970544,87.889569417,90.177583109,87.135188091,14764096.0
2019-08-26,88.386963698,88.594211315,88.693690171,87.881279512,8211955.0
2019-08-27,88.992126739,87.657452086,89.166214738,86.911360665,14335951.0
2019-08-28,87.110318377,88.536181982,88.876068074,87.077158758,10593762.0
2019-08-29,89.647029209,90.542338914,91.097762528,89.547550353,10002439.0
2019-08-30,91.056313005,91.072892814,91.653186142,90.749586531,10170346.0
2019-09-03,90.343381202,89.995205206,90.351671107,88.964521357,9869174.0
2019-09-04,90.733006722,91.081182719,91.371329382,89.995205206,6944055.0
2019-09-05,92.225189565,93.153658889,94.27279602,92.183740041,13226615.0
2019-09-06,93.394066124,93.352616601,93.659343074,92.816757162,7836735.0
2019-09-09,94.264506116,95.665500007,96.208488763,94.173317164,13985144.0
2019-09-10,96.411591428,96.884115995,97.215712182,95.936994385,14333096.0
2019-09-11,96.900695804,97.149392944,97.157682849,95.648920197,9919217.0
2019-09-12,96.618839045,97.746266081,98.212987715,96.09657505,12283450.0
2019-09-13,98.649865692,99.669523967,99.810452347,98.442618075,16257246.0
2019-09-16,98.566966645,98.782504166,99.3710045,98.135891601,11993932.0
2019-09-17,98.16905122,98.29339979,98.326559409,97.190842468,10819727.0
2019-09-18,98.086152173,99.279898447,99.545175397,97.613627607,10716320.0
2019-09-19,99.230159019,98.964882069,99.760381322,98.724474834,9460470.0
2019-09-20,99.263318638,98.566966645,99.760712919,98.542096931,22076823.0
2019-09-23,97.638497321,98.550386835,98.749344548,97.555598274,9184038.0
2019-09-24,98.442618075,97.26545161,98.865403213,97.025044374,11851899.0
2019-09-25,97.215712182,97.820875224,98.119311792,97.091363612,10269021.0
2019-09-26,97.721396367,97.01675447,97.862324747,96.950435232,9920613.0
2019-09-27,97.787715605,97.588757892,98.347284171,97.224002087,10207958.0
2019-09-30,98.119311792,97.563888178,98.459197884,97.170117706,9800755.0
2019-10-01,98.152471411,95.789848577,98.649865692,95.673789911,11328624.0
2019-10-02,95.176395631,93.883170501,95.251004773,93.617893551,12630337.0
2019-10-03,93.816319988,93.749469488,94.351123985,92.353965307,13102112.0
2019-10-04,93.874814175,95.780053416,96.047455415,93.816319988,9622741.0
2019-10-07,95.42073198,95.571145605,96.515408913,95.320456231,6816951.0
2019-10-08,94.476468672,93.440285927,94.476468672,93.306584928,11588324.0
2019-10-09,94.150572486,94.117147236,94.560031797,93.649193739,7339861.0
2019-10-10,94.543319172,95.437444605,96.431845788,94.426330798,11388900.0
2019-10-11,96.958293473,97.05021291,98.596130715,96.820414317,15193768.0
2019-10-14,96.807879849,97.309258596,97.66022372,96.649109912,8878537.0
2019-10-15,99.314773587,100.24232427,101.604403201,98.495854966,30522338.0
2019-10-16,100.24232427,100.008347521,100.793840892,99.757658147,11632039.0
2019-10-17,100.902472954,100.568220456,101.587690576,100.17547377,11064912.0
2019-10-18,100.27574952,100.743703017,101.12809339,100.158761145,10418383.0
2019-10-21,101.988793574,103.242240443,103.426079317,101.938655699,13272678.0
2019-10-22,103.158677318,104.278423188,104.537468874,102.882919007,12657085.0
2019-10-23,103.785400753,104.554181499,104.579250436,103.756153659,9397328.0
2019-10-24,104.696238811,104.478974687,105.005422372,103.676768691,8057164.0
2019-10-25,104.45390575,105.314605933,105.832697305,104.244997938,9055690.0
2019-10-28,105.765846806,105.715708931,106.300650803,105.623789494,9522184.0
2019-10-29,105.33967487,105.648858431,106.476133365,105.239399121,9797283.0
2019-10-30,105.331318558,105.063916559,105.506801119,104.383712725,8513704.0
2019-10-31,104.86336506,104.38705525,105.063916559,103.501286129,11589074.0
2019-11-01,105.456663245,106.793673238,106.948432145,105.30624962,11682642.0
2019-11-04,107.863281233,107.646017109,108.147395857,107.428836548,9159871.0
2019-11-05,108.122326919,107.879993858,108.882751353,107.662729734,13747635.0
2019-11-06,107.537385047,108.047120107,108.49836098,107.44546561,11231123.0
2019-11-07,108.991383415,108.63206198,109.710026287,108.56521148,13528925.0
2019-11-08,108.53178623,108.949601853,108.966314478,108.005338545,9294223.0
2019-11-11,108.297809481,108.56521148,108.715625104,108.08890167,8680490.0
2019-11-12,108.322878418,107.930131733,109.150153352,107.804787046,9101912.0
2019-11-13,107.069431549,107.361902486,107.641838953,106.476133365,8098146.0
2019-11-14,106.726822739,107.462178235,107.662729734,106.618190677,8483725.0
2019-11-15,107.98862592,108.239315294,108.239315294,107.295051986,10163667.0
2019-11-18,108.264384231,109.150153352,109.175222289,107.788074421,8752503.0
2019-11-19,109.459336913,109.116728102,109.676601037,108.782475604,8824852.0
2019-11-20,108.882751353,108.322878418,109.150153352,107.746292859,11785284.0
2019-11-21,108.63206198,108.573567792,109.233716477,108.122326919,7705492.0
2019-11-22,108.757406666,109.292210664,109.6515321,108.715625104,8167918.0
2019-11-25,109.676601037,109.877152536,110.361818659,109.354883007,10069669.0
2019-11-26,110.152910847,110.02756616,110.152910847,108.930633024,10493863.0
2019-11-27,110.545657533,110.353462346,110.662645907,110.010853535,6609027.0
2019-11-29,110.19469241,110.102772972,110.645933282,109.843727286,5712035.0
2019-12-02,110.562370158,109.860439911,110.921691594,109.760164162,8622886.0
2019-12-03,108.439866793,108.448223105,108.59863673,107.449643766,10649454.0
2019-12-04,108.949601853,110.587439095,110.696071157,108.623705667,10319310.0
2019-12-05,110.871553719,111.189093592,111.398001404,110.453738096,9587878.0
2019-12-06,112.551172523,112.843643459,113.462010581,112.517747273,10171252.0
2019-12-09,112.501034648,112.317195774,113.194608583,112.317195774,8576380.0
2019-12-10,111.347863529,112.392402587,112.618023023,111.038679968,7533000.0
2019-12-11,112.216920025,112.125000588,112.826930834,111.982943276,9012476.0
2019-12-12,112.384046274,115.333824572,115.709858633,112.150069525,13725737.0
2019-12-13,115.275330385,114.322710765,116.010685882,113.82968833,10594949.0
2019-12-16,115.634651821,114.765595325,116.019042194,114.7488827,11372787.0
2019-12-17,115.091491511,115.467525572,115.875898562,114.673675888,11547063.0
2019-12-18,115.442456634,115.350537197,116.169455818,115.079040606,10382144.0
2019-12-19,115.116560448,114.773951638,115.500950822,114.565043826,9351045.0
2019-12-20,115.333824572,114.682032201,116.052467444,114.397917577,29993960.0
2019-12-23,114.982859449,114.648606951,115.241905135,114.381204952,9738524.0
2019-12-24,114.757239013,114.966146824,115.007928386,114.535044664,3324291.0
2019-12-26,115.22519251,116.186168443,116.236306318,115.133273073,6773034.0
2019-12-27,116.403432567,116.269731568,116.796179253,115.876734193,7868575.0
2019-12-30,116.904811315,115.843559632,117.055224939,115.709858633,6963342.0
2019-12-31,115.743283883,116.486995692,116.553846192,115.563623165,7201834.0
2020-01-02,116.812891878,117.899212498,117.90756881,116.374185474,10811019.0
2020-01-03,115.636933775,116.343370315,117.09185665,115.283715504,10387518.0
2020-01-06,114.846397645,116.250860768,116.284500604,114.795937893,10266522.0
2020-01-07,115.45191468,114.274520446,115.939692292,114.224060693,10576911.0
2020-01-08,114.123141187,115.165976081,115.704213445,114.039041599,9697731.0
2020-01-09,116.09948151,115.586474022,116.250860768,115.250075669,9470746.0
2020-01-10,115.393044969,114.434309663,115.426684804,114.215650734,10192026.0
2020-01-13,114.535229169,115.38463501,115.38463501,114.16939596,12381809.0
2020-01-14,116.006971963,116.730228421,118.37858035,115.796722992,24942958.0
2020-01-15,115.931282333,114.980956987,116.562029245,114.501589334,16293416.0
2020-01-16,115.59488398,115.426684804,115.973332127,115.081876492,10783752.0
2020-01-17,115.67057361,116.225630892,116.297115542,115.485554516,14697672.0
2020-01-21,115.376225051,115.081876492,116.116301427,114.95572711,8474247.0
2020-01-22,115.418274845,114.947317151,115.552834186,114.695018387,7549111.0
2020-01-23,114.131551146,114.829577728,115.001729585,113.298965223,9345683.0
2020-01-24,114.686608428,111.978601688,114.737068181,111.280575106,15166392.0
2020-01-27,109.556533548,111.0366863,111.801992553,109.085575854,12860456.0
2020-01-28,111.717892964,113.055076417,113.509214193,111.413788853,13062789.0
2020-01-29,113.374654852,112.88687724,113.988581846,112.432739464,9326173.0
2020-01-30,111.591743582,114.282930404,114.484769416,111.591743582,9048887.0
2020-01-31,113.10553617,111.314214941,113.39147477,110.565728606,12785242.0
2020-02-03,111.566513706,112.163620782,112.895287199,111.566513706,10021369.0
2020-02-04,113.996991805,113.778332875,114.880037481,113.60172374,9157126.0
2020-02-05,114.854807604,115.712623404,115.830362827,114.38384991,10150709.0
2020-02-06,116.259270727,115.729443322,116.301320521,115.308945381,8992592.0
2020-02-07,114.989366945,115.359405133,115.779903074,114.627738716,6379784.0
2020-02-10,115.174386039,115.838772786,115.932123329,115.006186863,5960700.0
2020-02-11,116.276090645,116.057431716,116.747048339,115.872412621,6578649.0
2020-02-12,116.562029245,116.057431716,117.138111424,115.889232539,7957984.0
2020-02-13,115.847182745,115.95651221,116.343370315,114.711838304,7447535.0
2020-02-14,115.922872374,115.603293939,116.217220933,115.165976081,6627891.0
2020-02-18,115.502374433,114.072681434,115.80933793,113.576493864,8997247.0
2020-02-19,115.140746204,115.628523816,116.385420109,114.661378551,7071399.0
2020-02-20,115.359405133,115.628523816,116.360190233,114.821167769,7422800.0
2020-02-21,114.837987687,114.215650734,115.149156163,113.469266889,9772770.0
2020-02-24,110.54049873,111.146015765,112.020651482,110.00125217,13618432.0
2020-02-25,110.170460542,106.184140061,111.204885476,105.62067282,20797188.0
2020-02-26,106.747607302,106.503718496,108.446418983,106.251419731,24836163.0
2020-02-27,103.366803856,102.071670198,105.645902696,102.012800486,23005470.0
2020-02-28,98.833836052,97.648031859,99.649602058,94.746596066,45942580.0
2020-03-02,98.085349717,102.19781958,102.248279333,96.260388653,27355446.0
2020-03-03,101.735271845,98.362878358,103.397836604,97.757361323,32547736.0
2020-03-04,99.515042717,100.793356457,101.079295057,96.458022685,25795867.0
2020-03-05,97.27799367,95.848300671,97.917150541,94.679316395,25025628.0
2020-03-06,89.364222421,90.894834926,92.781356889,88.321387527,38159405.0
2020-03-09,81.214972324,78.582655214,83.45218957,78.212617026,40352025.0
2020-03-10,83.258592318,84.688285317,85.176062928,79.541390519,31102652.0
2020-03-11,82.165297671,80.701964836,84.141637994,79.516160643,38157806.0
2020-03-12,75.344821068,74.04968741,81.542960718,72.594764534,49725233.0
2020-03-13,80.727194713,87.387882098,87.455161769,77.371621144,38543328.0
2020-03-16,71.652849146,74.310396133,79.038474982,71.106201823,38589653.0
2020-03-17,76.438115714,78.851773896,81.946638742,73.587139675,35239844.0
2020-03-18,73.730108974,70.55114454,76.354016126,67.582429077,41525568.0
2020-03-19,68.591624135,71.736948734,74.100147163,64.680993284,32175060.0
2020-03-20,72.577944616,70.223156147,75.235491603,69.365340347,30150823.0
2020-03-23,69.533539523,66.463904554,70.433405117,65.673368425,32536580.0
2020-03-24,71.400550381,74.369265845,75.773728968,69.718558617,34363160.0
2020-03-25,75.050472509,77.144552255,80.020758172,71.097791864,38111699.0
2020-03-26,79.120892578,82.518515941,82.896964088,78.664652312,29840426.0
2020-03-27,78.372406243,76.639954726,79.760049448,76.152177115,30041458.0
2020-03-30,76.236276703,78.633114967,79.129302537,75.100932262,21656933.0
2020-03-31,77.413670938,75.714859256,79.196582207,75.134572097,23379303.0
2020-04-01,71.568749558,70.946412605,72.796603545,70.012907176,28029566.0
2020-04-02,70.231566105,73.595549633,73.931947986,69.76901837,24017959.0
2020-04-03,73.077211204,71.420227926,74.334819024,70.332567108,21199448.0
2020-04-06,75.617918895,76.017294352,77.317388923,74.521760727,26820846.0
2020-04-07,80.257472072,77.019981668,80.299958823,76.799050565,22563810.0
2020-04-08,78.260594789,80.13001182,80.605863428,76.943505517,22903255.0
2020-04-09,82.356317556,87.318770038,88.703838111,82.330825506,42084666.0
2020-04-13,87.616177293,83.435481024,87.616177293,82.679216862,26911949.0
2020-04-14,85.840231114,81.149693837,86.672971428,79.56918671,46151255.0
2020-04-15,77.453346526,77.147441921,78.201113338,76.586616811,30118621.0
2020-04-16,76.671590313,74.207358772,76.960500217,73.969432968,32449619.0
2020-04-17,78.175621288,80.877778632,81.319640839,77.291896873,30191898.0
2020-04-20,78.574996744,77.929198133,80.478403175,76.867029366,23679430.0
2020-04-21,75.30351694,75.668902996,77.652099545,75.057093786,23035023.0
2020-04-22,77.062468419,75.91532615,78.065155736,75.779368548,16706026.0
2020-04-23,76.255220156,75.957812901,77.563812077,75.847347349,16638765.0
2020-04-24,77.019981668,77.079463119,77.410859775,75.193051388,15815286.0
2020-04-27,78.124637187,80.401927024,81.260159388,77.788906883,22870210.0
2020-04-28,83.112581719,80.971249484,83.579851003,80.75031838,20238900.0
2020-04-29,84.191745187,83.15506847,84.506147142,82.653724811,20462562.0
2020-04-30,81.234667338,81.37062494,82.288338755,80.342445573,19127632.0
2020-05-01,79.450223809,79.237790055,79.654160212,78.03541501,18547741.0
2020-05-04,78.192615988,78.294584189,78.744943747,77.155939271,15725875.0
2020-05-05,79.577684061,78.175621288,80.053535668,78.090647786,18064140.0
2020-05-06,78.31157889,76.705579713,78.821419898,76.41717965,20978035.0
2020-05-07,77.614796178,77.504330626,78.94888015,76.968997568,16771938.0
2020-05-08,78.855409299,78.770435797,79.943070117,78.269092139,20494915.0
2020-05-11,77.419357125,76.450659209,77.419357125,75.9068288,31907585.0
2020-05-12,76.603611512,73.952438268,77.147441921,73.841972716,27962923.0
2020-05-13,73.400110509,71.403233226,73.807983316,70.867900167,35451600.0
2020-05-14,70.290080358,74.368808425,74.870152083,70.018165153,35152452.0
2020-05-15,73.799485965,72.992237702,74.164872021,72.482396694,26099044.0
2020-05-18,75.362998391,76.858532016,77.453346526,74.67471303,30528734.0
2020-05-19,76.51863801,75.346003691,77.494728621,75.27802489,19597291.0
2020-05-20,77.079463119,77.606298828,78.502769268,76.790553215,20552362.0
2020-05-21,76.705579713,76.620606212,77.971684884,76.195738705,14621406.0
2020-05-22,76.48464861,76.025791702,76.782055865,75.388490442,13557923.0
2020-05-26,78.93188545,81.421609041,82.849163865,78.693959646,41233949.0
2020-05-27,86.732452878,86.137638369,87.165817736,83.953819383,39402040.0
2020-05-28,87.471722341,84.854538498,87.480219691,84.463660391,24738542.0
2020-05-29,83.834856481,82.687714212,84.276718688,82.233105979,26538154.0
2020-06-01,83.061597618,83.78387238,84.558405845,82.747195663,15207495.0
2020-06-02,85.211427203,84.064284935,85.330390105,83.212510556,21194963.0
2020-06-03,86.316082722,88.601869909,89.154197668,85.874220514,25941090.0
2020-06-04,88.219489153,90.44579489,90.590249842,87.344262089,26784723.0
2020-06-05,97.660045159,94.516025607,98.37382257,93.071476083,42230986.0
2020-06-08,96.368447937,96.402437338,97.031241248,95.119337467,24881791.0
2020-06-09,94.023179299,93.929708447,94.855919612,92.629613876,17031144.0
2020-06-10,93.861729646,90.122895584,93.899967722,89.944451231,24913328.0
2020-06-11,84.99899345,82.60274071,86.316082722,82.033418251,36259224.0
2020-06-12,85.576813259,84.863035848,85.933701965,82.704708912,24856764.0
2020-06-15,81.931450049,86.035670167,86.18862247,81.464095792,22153641.0
2020-06-16,89.536578425,86.723955528,89.799996279,84.38718424,22193575.0
2020-06-17,87.123330985,84.531639192,87.131828335,84.302210738,15639830.0
2020-06-18,83.843353831,84.072782285,85.415363607,83.384496923,16591911.0
2020-06-19,85.423860957,83.112581719,85.483342408,82.194867904,40371167.0
2020-06-22,82.636730111,82.211862604,83.231544621,82.033418251,16216903.0
2020-06-23,84.098274335,83.214549921,84.948009349,83.146571119,15381376.0
2020-06-24,82.211862604,80.435916425,82.288338755,80.13850917,22919784.0
2020-06-25,80.17249857,83.240041971,83.452475724,80.097891836,25743638.0
2020-06-26,80.818297181,78.676964946,81.039228285,78.175621288,41896324.0
2020-06-29,79.365250307,79.025356302,80.291461472,78.32857359,18499738.0
2020-06-30,78.880901349,79.926075416,80.435746478,78.659970245,19137010.0
2020-07-01,80.631355478,79.246287405,81.323889514,79.050933325,18755728.0
2020-07-02,81.288363742,79.503692045,81.477127095,78.878198936,27845616.0
2020-07-06,81.022379018,81.511447705,81.683050752,80.207264541,18625272.0
2020-07-07,80.498989722,79.211966864,80.739233989,78.937401988,25757203.0
2020-07-08,79.186226407,80.052821798,80.087142408,78.76579894,18762214.0
2020-07-09,80.241585151,78.319631015,80.756394294,77.887534541,25600763.0
2020-07-10,78.937401988,82.601127058,83.090195744,78.826374816,28954234.0
2020-07-13,84.712101951,83.785188088,85.171998119,82.562516372,32079211.0
2020-07-14,84.40295906,84.265676622,85.758623138,82.918592696,42731666.0
2020-07-15,86.565157462,85.569859785,86.908363558,84.643203327,22508410.0
2020-07-16,84.754745308,85.810104052,86.848302491,84.557401803,16886886.0
2020-07-17,85.8015239,84.22277586,85.870165119,84.205615555,16161547.0
2020-07-20,83.596424735,83.484882754,84.420119365,83.450562145,14458137.0
2020-07-21,83.836669002,85.295294908,85.844424661,83.776607935,17812297.0
2020-07-22,85.501218566,84.677523936,85.913065881,83.682226259,14271150.0
2020-07-23,84.514501041,84.926348356,85.243813994,84.059752964,12870184.0
2020-07-24,85.458317804,84.325737688,85.629920852,84.034012507,12744151.0
2020-07-27,83.665065954,83.141676659,83.768027783,82.515325534,11959055.0
2020-07-28,82.798470563,83.502043059,83.987164875,82.798470563,11754273.0
2020-07-29,83.287539249,85.526959023,85.55269948,83.227478183,12743520.0
2020-07-30,83.690806412,83.244638487,83.862409459,82.412363705,14834785.0
2020-07-31,82.781310258,82.918592696,83.167417116,81.725951514,14539496.0
2020-08-03,83.244638487,82.455264467,83.716546869,82.240760658,12972563.0
2020-08-04,82.292241572,81.983356086,82.326562182,81.537188162,13366154.0
2020-08-05,82.257920962,83.407661383,84.488760584,82.129218677,15349693.0
2020-08-06,83.725127021,83.43340184,84.171294945,82.832791173,10482062.0
2020-08-07,83.167417116,85.269554451,85.363936128,82.849951477,14743678.0
2020-08-10,85.895905576,86.350653652,87.551874987,85.830953822,14989853.0
2020-08-11,89.113462722,89.079142112,91.086897772,88.813157388,31518607.0
2020-08-12,91.086897772,88.324088702,91.318561886,87.268729958,19250157.0
2020-08-13,87.517554378,87.835020016,88.684455103,87.204378815,13598648.0
2020-08-14,87.088546758,87.869340625,88.641554341,87.019905539,12134360.0
2020-08-17,87.088546758,85.55269948,87.517554378,85.398256737,14987988.0
2020-08-18,85.724302528,84.360058298,85.724302528,84.18845525,13246506.0
2020-08-19,84.874867441,84.557401803,86.307752891,84.377218603,13533015.0
2020-08-20,83.450562145,83.544943821,84.111233879,83.055875135,13672577.0
2020-08-21,83.459142297,83.502043059,84.570272032,83.175997268,12228301.0
2020-08-24,84.471600279,85.853004814,85.9817071,83.587844583,17898270.0
2020-08-25,86.891203253,86.230531519,87.500394073,85.629920852,13648931.0
2020-08-26,85.750042985,85.020730032,86.033188014,84.986409422,12052437.0
2020-08-27,84.943508661,87.817859711,88.075264283,84.943508661,22163863.0
2020-08-28,88.49569175,88.178226112,88.590073426,87.354531482,13756725.0
2020-08-31,87.620516206,85.964546795,87.671997121,85.818684204,14219441.0
2020-09-01,85.415417042,85.921646033,86.549026776,84.97782927,11602053.0
2020-09-02,85.758623138,87.217249044,87.466073463,85.423997194,14475673.0
2020-09-03,88.650134493,86.942684167,90.083019942,86.350653652,23281235.0
2020-09-04,89.276485617,88.821737541,90.271783295,86.977004777,26325470.0
2020-09-08,88.358409312,85.73288268,88.864638303,85.355355975,22108612.0
2020-09-09,86.487936091,86.547997157,87.251569653,85.423997194,13434024.0
2020-09-10,87.002745234,85.655661309,87.877920778,85.492638413,15922793.0
2020-09-11,85.775783442,86.719600205,86.968424625,85.449737652,13784342.0
2020-09-14,87.09712691,87.92082154,88.770256626,86.977004777,19017373.0
2020-09-15,88.143905502,85.183752927,88.246867331,85.063630794,23682973.0
2020-09-16,85.312455213,85.544119328,86.77108112,84.737585003,19284239.0
2020-09-17,84.686104089,84.565981955,85.238065292,83.836669002,18290104.0
2020-09-18,83.991111745,84.385798755,85.363936128,83.605004888,20121579.0
2020-09-21,81.683050752,81.777432429,82.412363705,80.498989722,28378768.0
2020-09-22,81.477127095,80.88509658,82.077737762,80.370287437,19257004.0
2020-09-23,81.322684352,79.572333264,81.811753038,79.505150671,19952667.0
2020-09-24,79.211966864,79.503692045,80.910837037,78.405432539,18366522.0
2020-09-25,78.980302749,80.198684389,80.408898122,78.825860006,13293076.0
2020-09-28,81.562928619,82.506745382,83.167417116,80.953737799,20894106.0
2020-09-29,82.395203401,81.811753038,82.395203401,80.938293525,12854673.0
2020-09-30,81.811753038,82.601127058,83.396936192,81.734531667,16400587.0
2020-10-01,83.330440011,83.201737725,83.888149917,82.395203401,15778666.0
2020-10-02,81.725951514,83.991111745,84.591722413,81.588669076,15149570.0
2020-10-05,85.142861294,85.766364754,85.948219929,84.458739443,13871881.0
2020-10-06,86.658321091,84.883068186,87.342442943,84.4415065,19220440.0
2020-10-07,85.697086591,86.363888902,86.900794659,85.44231615,16358533.0
2020-10-08,87.039350983,88.139141808,88.260378591,86.506775112,15659016.0
2020-10-09,88.329656754,87.636875132,88.420584341,86.692960172,13689115.0
2020-10-12,87.550277429,88.710686645,89.195633781,87.333783172,16057978.0
2020-10-13,89.195633781,87.273164781,89.386148726,86.822856727,21697310.0
2020-10-14,87.489659037,86.788217645,88.264708476,86.684300402,15214907.0
2020-10-15,85.818323375,88.087183186,88.139141808,85.766364754,17171199.0
2020-10-16,87.818730308,87.90532801,88.615429172,87.22380409,13276397.0
2020-10-19,87.983265943,86.424507294,88.21707974,86.216672808,11725674.0
2020-10-20,86.866155578,86.918114199,88.130482037,86.701619943,11257070.0
2020-10-21,86.909454429,86.052137172,87.455019956,86.017498091,10730521.0
2020-10-22,86.008838321,89.091716537,89.403468267,86.000178551,14837204.0
2020-10-23,89.628622294,89.897075172,90.45130047,89.135015389,15087611.0
2020-10-26,88.892541821,87.671514213,88.935840672,86.814196956,12410742.0
2020-10-27,87.039350983,86.017498091,87.394401564,85.870281997,10391663.0
2020-10-28,84.432760132,83.601422186,85.125541754,83.194412983,16389464.0
2020-10-29,83.237711835,84.146987713,84.848429105,82.475392258,14208820.0
2020-10-30,84.787810713,84.900387727,85.229458997,83.332969308,15200685.0
2020-11-02,86.069456713,86.814196956,87.359762483,84.744511862,15011597.0
2020-11-03,89.212953321,89.550684362,90.702433807,88.927180902,17482590.0
2020-11-04,87.463679727,86.814196956,88.390275145,85.671107281,18886518.0
2020-11-05,87.515638348,90.364702767,91.009855652,87.463679727,17837373.0
2020-11-06,90.953567145,89.160994699,91.014185537,88.667387794,12552785.0
2020-11-09,97.993960375,101.232714456,102.96466851,95.560564929,47792406.0
2020-11-10,101.622404118,100.903643186,101.709001821,99.318905226,20539339.0
2020-11-11,101.224054686,99.396843159,101.284673077,98.686741996,14443409.0
2020-11-12,97.448394848,98.17581555,98.682412111,97.03705576,22066464.0
2020-11-13,99.327564996,98.79065924,99.466121321,98.349097554,11856870.0
2020-11-16,102.00343401,101.579105267,102.713535172,100.221080093,19858562.0
2020-11-17,99.925089145,100.548592604,100.834365023,99.223647753,14553245.0
2020-11-18,101.613744348,99.803852361,102.713535172,99.76055351,12571217.0
2020-11-19,98.877256942,100.07230524,100.297459267,98.340351186,10202538.0
2020-11-20,99.093751199,99.214987983,100.150243172,98.79931901,12720823.0
2020-11-23,100.496633983,102.072712172,102.33250528,100.08096501,13209211.0
2020-11-24,103.977861631,106.792286969,106.948162834,103.666109902,20121557.0
2020-11-25,105.103631766,105.675176604,105.978268564,104.319922557,11715627.0
2020-11-27,105.649197294,104.973735212,105.952289253,104.852498429,5983627.0
2020-11-30,103.91724324,102.081371942,104.540660101,101.986114469,14411847.0
2020-12-01,104.211675429,103.692089212,105.285486942,103.594753395,12678222.0
2020-12-02,103.657450131,105.683836375,105.917650172,103.28508001,10811255.0
2020-12-03,105.519300739,104.991054753,105.549609935,104.228994969,12904414.0
2020-12-04,106.064866266,105.943629483,106.766307658,105.380831013,13583654.0
2020-12-07,104.913116821,105.54528005,105.796413388,104.099098415,9724307.0
2020-12-08,104.817859348,105.649197294,105.934969712,104.57538578,9592124.0
2020-12-09,106.662390415,104.826519118,106.774967429,104.298273131,13073933.0
2020-12-10,103.908583469,104.151057037,104.591059964,103.536213348,13668420.0
2020-12-11,102.999307591,103.536213348,103.93456278,102.505700685,9981643.0
2020-12-14,105.073322571,102.445082294,105.146930618,102.276216773,12112352.0
2020-12-15,103.30239955,104.194355888,104.696622564,102.722194942,12591419.0
2020-12-16,104.177036348,104.497447848,104.852498429,103.796006456,11169364.0
2020-12-17,105.008374294,103.631470821,105.172909929,103.553532888,11618001.0
2020-12-18,103.172502996,103.120544375,103.816530111,102.419102983,28954764.0
2020-12-21,106.662390415,106.991461685,108.247128375,104.861158199,28323642.0
2020-12-22,106.852905361,105.363424875,106.965482375,105.311466253,11808882.0
2020-12-23,106.324659375,108.307746766,109.563413456,105.952289253,14973226.0
2020-12-24,108.325066307,107.831459402,108.723415739,107.008781226,4164948.0
2020-12-28,108.957229537,108.541560564,109.675990469,108.064060831,8072641.0
2020-12-29,109.286300807,108.255788145,109.355492371,108.151870902,8389199.0
2020-12-30,108.671457118,108.558880104,108.978878962,108.160530672,7397964.0
2020-12-31,108.325066307,110.03970082,110.264854847,108.09125251,8580214.0
2021-01-04,110.412070942,109.000528388,110.72200412,108.056613429,16819915.0
2021-01-05,109.017972614,109.593633562,110.160136268,107.953872073,13731206.0
2021-01-06,113.283096913,114.739693554,115.803794095,111.538669797,24909056.0
2021-01-07,118.350657685,118.507656125,120.53119158,117.679053245,21940387.0
2021-01-08,118.594877481,118.638488159,118.926318633,116.981282398,12035126.0
2021-01-11,117.382500635,120.409081681,120.539913715,116.972560263,15949048.0
2021-01-12,121.621458527,122.301785102,123.557685404,121.089495478,18033462.0
2021-01-13,120.880077003,122.415172865,122.79894683,120.452692359,14816761.0
2021-01-14,122.537282763,123.130387982,124.508485404,122.10989812,18565597.0
2021-01-15,119.868309275,120.923687681,123.54905049,119.501979581,27881016.0
2021-01-19,121.987788221,120.400359546,122.72044761,120.208472563,19843782.0
2021-01-20,120.208472563,118.594877481,120.513747308,118.128243227,16028845.0
2021-01-21,118.350657685,117.600554025,118.760598057,117.160086178,13415022.0
2021-01-22,115.734017011,116.693451924,117.225502195,115.306632367,12933227.0
2021-01-25,115.254299554,115.236855282,116.152679518,113.440095353,14212764.0
2021-01-26,115.786349824,114.765859961,116.152679518,114.556528707,11307819.0
2021-01-27,113.030154981,111.521225525,113.256930506,111.076396611,17603851.0
2021-01-28,113.300541184,113.483706031,115.28046596,112.506826846,13761758.0
2021-01-29,114.425696674,112.227718507,114.887969859,111.809056,14808109.0
2021-02-01,112.864434405,113.056321387,113.448555824,112.057636864,11080662.0
2021-02-02,115.079856842,116.536453484,117.216780059,114.45186308,12253574.0
2021-02-03,116.571342026,117.870940228,118.407351566,116.449232128,10600777.0
2021-02-04,118.158770702,120.583524393,120.941131952,118.158770702,12419526.0
2021-02-05,121.577847849,120.348026732,121.665069205,119.824698598,10051265.0
2021-02-08,120.539913715,122.232008018,122.371562187,120.522469444,10136384.0
2021-02-09,121.612736391,121.743568425,122.092453848,120.836466325,8614807.0
2021-02-10,122.10989812,121.81334551,122.868723915,121.272573104,10323204.0
2021-02-11,121.81334551,121.473182222,122.589615576,120.557357986,9200955.0
2021-02-12,121.281295239,123.200165067,123.514161948,121.237684562,8324562.0
2021-02-16,125.20625625,126.165691164,126.750074248,124.203210659,12130618.0
2021-02-17,125.555141674,126.558187265,126.802407062,124.83120442,10834189.0
2021-02-18,125.598752352,126.985571909,127.16001462,125.075424217,10590274.0
2021-02-19,127.221069569,129.105050855,129.820265972,127.221069569,11969782.0
2021-02-22,128.102005263,130.3174277,130.997754276,128.032228178,11488415.0
2021-02-23,132.149076172,131.36408397,132.846847018,130.474426141,16234408.0
2021-02-24,130.927977191,133.675449899,134.111556678,130.927977191,15061433.0
2021-02-25,134.556385592,131.861245698,135.105880134,131.346639699,18127707.0
2021-02-26,131.093697767,128.36366933,131.594435571,127.788008382,19829182.0
2021-03-01,130.413371192,131.268140479,132.035601188,129.506269091,14845483.0
2021-03-02,130.901810784,130.840755835,132.384573833,130.69247953,14221724.0
2021-03-03,131.904856376,133.370175153,135.175657218,131.551609885,14324103.0
2021-03-04,133.108511086,131.320473292,134.651107985,129.628466211,20093905.0
2021-03-05,133.636200288,131.625748037,133.876059017,129.061440177,18465108.0
2021-03-08,132.986401188,133.370175153,135.594319726,131.486193868,17133270.0
2021-03-09,132.140354037,132.428184511,134.538941321,130.675035259,16238763.0
2021-03-10,132.497961595,135.306489252,136.204869217,132.149076172,14342237.0
2021-03-11,134.416831423,134.59999627,136.196147081,133.762671254,11771478.0
2021-03-12,136.815418707,136.196147081,137.487023147,135.25424366,12849532.0
2021-03-15,136.370589793,135.515820506,136.867751521,134.285999389,12103264.0
2021-03-16,134.399387152,133.893503288,134.844216066,132.742181392,12805565.0
2021-03-17,135.489654099,135.27160071,136.832862979,133.492285051,13952375.0
2021-03-18,137.46085674,137.504467418,141.028210193,137.033472097,21898467.0
2021-03-19,135.637930404,135.315211388,136.012982234,131.869967834,54418832.0
2021-03-22,133.274231662,131.678080851,134.294721525,131.36408397,19944845.0
2021-03-23,131.119864174,130.361038378,132.681126442,129.924931599,17076304.0
2021-03-24,130.8320337,131.372806105,133.605672814,130.709923801,13079793.0
2021-03-25,130.8320337,133.056178272,133.422507967,130.247650616,15608340.0
2021-03-26,134.582551999,135.27160071,135.585597591,133.056178272,16754402.0
2021-03-29,132.681213664,133.169566035,134.083296958,131.7391358,17570343.0
2021-03-30,134.722106168,134.739550439,135.951927285,134.216222305,13184306.0
2021-03-31,133.69289417,132.777069934,134.748272575,132.681126442,16736681.0
2021-04-01,132.48923946,134.067946,134.137723084,132.183964714,16561508.0
2021-04-05,135.462933566,134.778600093,135.936702893,133.883702475,13507979.0
2021-04-06,134.05039909,133.831061439,135.357651493,133.234463027,13071554.0
2021-04-07,134.322377778,135.927929387,136.191134569,133.927570005,16903523.0
2021-04-08,135.111993324,136.094626002,136.432405986,133.629270799,12335512.0
2021-04-09,136.69999792,137.112352705,137.780893867,135.963023411,12122400.0
2021-04-12,136.498207281,136.822827005,137.963382793,136.489433775,12273355.0
2021-04-13,135.770006278,135.190954878,136.164814051,133.734552872,16113557.0
2021-04-14,132.89229629,132.664185133,134.96284372,132.418526963,19939592.0
2021-04-15,132.699279157,133.506441715,133.532762233,131.005992487,17694125.0
2021-04-16,134.997937745,134.497847899,135.559442133,133.96266403,13773412.0
2021-04-19,134.603129972,133.927570005,135.006711251,133.550309245,11900220.0
2021-04-20,133.129180954,130.962124957,133.13795446,130.418167581,13716678.0
2021-04-21,129.66364606,132.076360227,132.137774769,128.786295454,12236674.0
2021-04-22,131.804381539,129.295158806,131.865796081,129.198650239,15256117.0
2021-04-23,129.128462191,131.769287515,132.593997084,128.694173641,14043086.0
2021-04-26,132.286924372,132.093907239,133.76087339,131.93598413,10799065.0
2021-04-27,132.041266203,132.699279157,132.980031351,131.699099466,12821182.0
2021-04-28,133.734552872,133.559082751,134.138134151,132.830881748,8943653.0
2021-04-29,134.708412045,136.156040545,136.235002099,134.410112839,12976866.0
2021-04-30,135.199728384,134.945296708,135.54189512,134.243416224,11705065.0
2021-05-03,135.857741339,134.550488936,136.41047222,134.348698296,11801108.0
2021-05-04,134.120587139,136.41047222,136.550848317,133.480121196,12977673.0
2021-05-05,136.866694536,138.200267457,138.867053917,135.664724205,10506708.0
2021-05-06,138.68281029,140.981468878,141.099911209,137.884421238,13542406.0
2021-05-07,137.937062275,141.464011711,141.692122869,137.761592154,14257828.0
2021-05-10,141.692122869,141.446464699,143.64861472,141.358729638,14014332.0
2021-05-11,141.323635614,139.095165075,142.472964908,138.656489772,15451666.0
2021-05-12,140.033930223,138.138852914,141.060430432,137.77036566,14381733.0
2021-05-13,138.779318857,141.692122869,142.521219191,138.340643554,15397363.0
2021-05-14,142.472964908,143.89427289,144.280307156,142.122024665,10583975.0
2021-05-17,143.332768502,144.47332429,144.631247399,143.034469296,9886843.0
2021-05-18,144.482097796,142.437870884,145.201525293,142.341362317,11098117.0
2021-05-19,141.253447566,141.349956132,141.411370675,139.182900135,13278895.0
2021-05-20,141.104297962,141.104297962,142.007969087,139.954968669,10426014.0
2021-05-21,141.551746772,142.709849571,143.203797963,141.200806529,10248994.0
2021-05-24,143.323994996,143.481918105,144.08290327,142.235115159,9440290.0
2021-05-25,143.753896793,141.999195581,145.376995414,141.744763905,12609084.0
2021-05-26,143.508238623,141.981648568,143.657388226,141.5210395,13058340.0
2021-05-27,143.841631853,144.192572096,144.543512338,142.630888017,15707512.0
2021-05-28,144.482097796,144.096063529,144.710208953,143.236259935,10294700.0
2021-06-01,145.526145017,145.684068126,146.438589647,145.18397828,9445366.0
2021-06-02,146.745662359,145.692841632,146.903585468,145.227845811,10498568.0
2021-06-03,145.122563738,145.789350199,146.7325021,144.465428134,13354653.0
2021-06-04,145.824444223,146.026234862,146.228025502,144.789170508,8510831.0
2021-06-07,146.517551202,145.341901389,146.605286262,144.885679074,7267196.0
2021-06-08,144.31540118,144.76284999,145.42963645,143.150104106,10370719.0
2021-06-09,144.008328468,142.955507741,144.078516517,142.376456341,12377367.0
2021-06-10,144.201345602,140.727037202,144.973414135,140.648075647,12119419.0
2021-06-11,140.75335772,140.630528635,141.428040336,139.55138739,13683774.0
2021-06-14,140.50769955,138.244134987,140.665622659,137.441359182,19917855.0
2021-06-15,137.48083996,136.147267039,137.673857093,135.226048902,24485479.0
2021-06-16,135.752459266,137.103579199,138.288002517,134.331151284,25321233.0
2021-06-17,137.831780202,133.146727966,138.14762642,132.699279157,29722421.0
2021-06-18,130.988445475,129.777701639,131.339385718,129.461855421,43595659.0
2021-06-21,130.795428342,131.97985166,132.657166328,130.742875041,18664796.0
2021-06-22,132.129001263,131.786834527,132.453620987,130.426941087,14251160.0
2021-06-23,131.778061021,132.585223578,133.392386136,131.681552454,12733326.0
2021-06-24,133.287104063,133.804740921,134.33992479,132.672958639,13733186.0
2021-06-25,133.874928969,135.155860854,135.546281873,133.066538121,15484922.0
2021-06-28,134.848788142,135.401519023,135.533121614,133.462837389,14125837.0
2021-06-29,135.98934393,135.234822408,137.138673223,134.769826587,14528708.0
2021-06-30,134.892655672,136.463113257,136.936882584,134.857298443,12530993.0
2021-07-01,137.094805693,137.81423319,137.866874226,136.353444431,10479389.0
2021-07-02,137.611279795,137.681872308,137.937770167,136.878882474,11431349.0
2021-07-06,137.461270705,135.369967511,137.461270705,134.430204683,15083360.0
2021-07-07,134.134598536,135.528800665,136.140220067,133.728691587,12271789.0
2021-07-08,133.781635971,133.190423676,134.593449869,132.396257906,17834574.0
2021-07-09,135.052301203,137.452446641,137.787761077,134.63757019,13694523.0
2021-07-12,136.199429537,139.420212938,140.444863262,135.837642909,19940363.0
2021-07-13,137.699520436,137.346557872,138.881945027,135.449472329,22671744.0
2021-07-14,137.611279795,136.878882474,138.784880322,134.964060562,14622833.0
2021-07-15,135.802346652,137.178900654,138.123075513,135.62586537,11539263.0
2021-07-16,137.620103859,134.046357895,137.902473911,133.261016189,14002741.0
2021-07-19,131.081472354,129.687270224,132.204775715,128.575438146,22172865.0
2021-07-20,129.290187339,132.10506379,133.34925683,129.120588827,15385158.0
2021-07-21,134.169894792,134.884643985,135.58174505,133.561034368,12356686.0
2021-07-22,134.902292113,133.181599612,135.396439703,132.334489457,9913322.0
2021-07-23,133.666923138,132.925701753,134.866995857,132.581563252,9666101.0
2021-07-26,132.528618868,133.816932228,134.090478215,132.510970739,8207990.0
2021-07-27,132.713924214,133.640450945,134.558153613,132.184480367,11218727.0
2021-07-28,134.381672331,133.861052548,134.805227408,133.137479291,9217294.0
2021-07-29,135.13171778,135.008180883,135.77587446,134.046357895,9063531.0
2021-07-30,134.63757019,133.931645061,135.599393178,133.419849343,9805241.0
2021-08-02,134.152246664,133.39337715,136.287670178,133.305136509,10203157.0
2021-08-03,134.081654151,134.911116177,135.290550934,131.937406572,10394804.0
2021-08-04,133.463969663,133.455145599,135.334671255,133.163951484,10154973.0
2021-08-05,134.372848267,135.140541844,135.617041306,134.134598536,9151499.0
2021-08-06,136.940650923,138.979009732,139.261379784,136.87005841,13328750.0
2021-08-09,138.99665786,138.829000642,139.905536464,137.567159474,9516867.0
2021-08-10,138.30838086,140.532045015,141.162965599,137.928946103,8666998.0
2021-08-11,141.18502576,142.208617196,142.508635376,140.373211861,9156458.0
2021-08-12,142.843949812,142.764533235,143.276328954,141.673790671,8849610.0
2021-08-13,142.764533235,141.167377631,143.091023607,140.805591003,8980903.0
2021-08-16,140.249674964,140.2408509,140.329091541,138.343677116,8759767.0
2021-08-17,139.040778181,138.546630591,140.179082451,137.011243435,9347213.0
2021-08-18,137.928946103,137.284789423,139.429037002,137.073011884,8065493.0
2021-08-19,135.149365908,136.137661089,137.267141295,135.017004947,9517737.0
2021-08-20,136.199429537,136.525919909,136.684753063,135.149365908,6974102.0
2021-08-23,137.06418782,138.273084603,138.617223103,136.984771243,7934587.0
2021-08-24,138.537806527,139.129018822,139.905536464,138.423093693,7670925.0
2021-08-25,139.870240207,141.996839658,142.755709171,139.243731655,11335040.0
2021-08-26,143.179264248,142.729236979,144.564642314,142.199793132,11027451.0
2021-08-27,142.729236979,143.876365313,143.973430018,142.296857837,8780185.0
2021-08-30,144.017550339,141.57328458,144.264624134,141.079225231,7937561.0
2021-08-31,141.57328458,141.140905439,142.393922543,140.611461592,12340838.0
2021-09-01,141.37915517,140.937951964,141.855654632,140.276147156,8729920.0
2021-09-02,141.202673888,141.590932709,142.605700081,140.682054105,8815634.0
2021-09-03,141.52916426,140.73499849,141.970367465,140.430568278,7961223.0
2021-09-07,141.176201695,140.487924695,142.403981976,140.267323092,9290968.0
2021-09-08,140.205554643,139.861416143,140.814415067,139.455509194,7852678.0
2021-09-09,139.658462668,140.470276567,141.919629097,139.49080545,7904256.0
2021-09-10,141.67917335,138.855472834,141.819740691,138.731935937,8311551.0
2021-09-13,139.887888335,141.061488862,141.22914608,139.481981386,10052807.0
2021-09-14,141.582108644,138.599574975,142.36745035,137.884825782,11685606.0
2021-09-15,138.290732731,139.561397963,140.029073361,138.070131129,11691485.0
2021-09-16,140.664405977,139.499629514,141.939483241,138.731935937,10880895.0
2021-09-17,138.873120963,139.137842886,140.311443413,138.537806527,25608018.0
2021-09-20,135.793522588,134.972884626,136.384734884,132.793340791,15819905.0
2021-09-21,135.47585628,134.990532754,136.37591082,134.635275933,8999860.0
2021-09-22,136.949474987,137.575983539,138.758408129,136.861234346,11236150.0
2021-09-23,139.420212938,142.226265324,142.693940722,139.129018822,12336136.0
2021-09-24,142.455690991,143.867541249,144.352864775,141.908599017,10102432.0
2021-09-27,145.597057815,147.344222508,147.714833201,145.252919314,13220871.0
2021-09-28,147.979555124,146.550056738,149.391405382,146.179446046,13387886.0
2021-09-29,146.664769572,146.435343905,147.273629995,145.632354071,7777078.0
2021-09-30,147.291278124,144.441105416,147.353046572,143.646939646,13168016.0
2021-10-01,144.714651404,147.47658347,148.508998971,144.361688839,11284976.0
2021-10-04,147.335398444,147.317750316,150.394701471,146.241214495,14120044.0
2021-10-05,148.436282217,149.723481603,151.037312699,147.956911412,12292877.0
2021-10-06,149.128706714,150.04306214,150.114080037,147.362136524,8692607.0
2021-10-07,151.978299836,150.992926514,152.253494188,150.504678471,10195443.0
2021-10-08,150.930785854,151.108330597,152.102581156,150.287186161,8190144.0
2021-10-11,151.623210351,147.9302797,152.058194971,147.770489432,12154737.0
2021-10-12,147.140205595,146.793993347,147.974488341,146.270236355,13032633.0
2021-10-13,145.648829755,142.923517954,146.838379532,142.568428468,22753485.0
2021-10-14,143.589310739,145.116195527,145.595566333,142.089057662,15180727.0
2021-10-15,146.785116109,147.903647989,148.400773269,145.710970415,14267441.0
2021-10-18,147.788243906,147.850384566,149.677675059,147.282241389,12672909.0
2021-10-19,148.604949723,149.643586468,149.714604366,147.877016278,8053949.0
2021-10-20,149.403901066,151.658719299,151.685351011,148.658213146,8185565.0
2021-10-21,151.583262784,150.469169523,152.093082513,149.741236077,8415166.0
2021-10-22,150.939663091,152.49317959,152.768373942,150.646714265,8817895.0
2021-10-25,153.318762644,151.747491671,153.540693573,151.339138762,10159202.0
2021-10-26,151.800755094,152.155844579,153.123640972,151.392402185,8015067.0
2021-10-27,151.197102968,148.98667092,151.534437979,148.5516863,9846993.0
2021-10-28,149.403901066,151.232611917,151.365770474,149.102075003,7212937.0
2021-10-29,151.960545362,150.815381771,152.901532499,150.371519914,8140070.0
2021-11-01,152.723987756,150.735486637,152.981427633,150.029746284,7435507.0
2021-11-02,150.735486637,151.330261525,152.413284456,149.954289768,7173754.0
2021-11-03,151.028435462,151.383524948,151.916159176,150.158466223,8402685.0
2021-11-04,150.91303138,149.395023829,151.090576122,147.797209916,9574152.0
2021-11-05,149.936535294,149.181970137,150.992926514,148.61382696,7975570.0
2021-11-08,150.069693851,150.078571088,151.729737196,149.7944995,6413707.0
2021-11-09,148.560563537,148.942284734,149.554814097,147.890332133,7990283.0
2021-11-10,148.649335909,148.80024894,149.98092148,148.329755372,6999214.0
2021-11-11,148.711476569,148.791371703,149.741236077,148.161087866,5815267.0
2021-11-12,148.826880652,148.125578918,148.906775786,147.113573884,8113441.0
2021-11-15,148.436282217,147.859261803,148.946723353,147.362136524,6492463.0
2021-11-16,148.30312366,146.793993347,148.312000897,146.580939655,9706145.0
2021-11-17,146.660834789,146.003919241,146.971538089,145.04517763,9909576.0
2021-11-18,145.932901344,144.743351567,146.341254252,144.308366947,8123567.0
2021-11-19,143.189835068,142.852500056,143.908891276,141.547546197,12193634.0
2021-11-22,145.72872489,145.897392395,147.344382049,144.690088144,14551672.0
2021-11-23,146.918274667,149.386146591,149.630270613,146.802870584,12362344.0
2021-11-24,149.54593686,148.214351289,150.4159061,147.752734958,9629790.0
2021-11-26,143.935522987,143.749101008,144.388262082,140.988280257,13619276.0
2021-11-29,144.974159733,143.127694408,146.279113592,141.8733408,12104369.0
2021-11-30,141.285667701,140.997157494,142.595060179,140.517786689,18922616.0
2021-12-01,142.923517954,140.162697203,144.938650784,140.082802069,12258685.0
2021-12-02,141.884881208,143.109939933,144.92089631,140.970525783,12969926.0
2021-12-03,143.367379811,140.517786689,143.659440912,139.541290603,12681765.0
2021-12-06,142.932395191,142.177830034,144.352753133,141.556423434,11186493.0
2021-12-07,143.704714822,144.317244184,145.04517763,143.065553748,9851554.0
2021-12-08,144.397139319,142.666078076,144.938650784,142.186707271,11705673.0
2021-12-09,141.72509094,142.444147148,142.861377294,140.837367226,11189642.0
2021-12-10,143.207589542,141.876003971,143.546700001,141.263474608,10405374.0
2021-12-13,141.591932383,140.189328914,141.84937226,139.625269267,12068987.0
2021-12-14,139.772098769,141.263474608,142.825868345,139.638940212,12563560.0
2021-12-15,141.902635682,140.207083389,141.902635682,139.683326397,14014167.0
2021-12-16,142.382006488,142.399760962,143.655890018,140.881753411,19542759.0
2021-12-17,141.427703495,139.159569406,141.485405537,137.756965938,28138027.0
2021-12-20,137.16219105,136.656188533,137.330858555,134.791968733,15147982.0
2021-12-21,137.961142392,138.564794518,139.532413366,137.677070804,11291338.0
2021-12-22,138.262968455,139.106305983,139.421447902,137.810229361,7272989.0
2021-12-23,139.914134563,139.603431263,141.254597371,139.559045077,8055154.0
2021-12-27,139.905257326,140.402382606,140.437891554,138.786725446,6189234.0
2021-12-28,140.437891554,140.828489988,142.168952797,140.331364709,6342743.0
2021-12-29,141.014911968,140.757472091,141.707336465,140.393505369,6398927.0
2021-12-30,141.245720134,140.686454194,142.248847931,140.588804586,6948171.0
2021-12-31,140.659822483,140.571050111,141.405510403,140.224837863,5805902.0
2022-01-03,141.91151292,143.544924553,144.379384844,141.60080962,13128118.0
2022-01-04,145.861883447,148.98667092,149.652463706,145.79086555,20195802.0
2022-01-05,149.870785552,146.262884386,150.352047418,146.218232144,17539410.0
2022-01-06,149.058114745,147.816782413,149.468915372,146.343258422,14047498.0
2022-01-07,147.946273915,149.281375955,149.611802547,147.405981785,13913345.0
2022-01-10,150.987091606,149.42426313,151.201422368,147.825712861,12922455.0
2022-01-11,150.263725283,149.576080754,150.500024948,148.522287839,11854115.0
2022-01-12,150.442334251,150.424473354,151.451474924,149.299236852,12568011.0
2022-01-13,150.33516887,150.236933937,151.647944789,149.933298691,13623418.0
2022-01-14,143.56588896,141.002850261,143.807011068,140.114270642,40158362.0
2022-01-18,139.118525642,135.0908934,139.118525642,134.438970665,32348432.0
2022-01-19,135.358806853,133.001168467,135.948216449,132.661811427,22380026.0
2022-01-20,133.054751158,131.867001517,134.501483804,131.599088064,14860843.0
2022-01-21,131.724114342,129.562945822,131.73304479,128.839579499,20705401.0
2022-01-24,127.062420262,129.446849992,129.920163759,124.642268737,28503121.0
2022-01-25,128.285891696,130.857860844,131.143635194,125.731783445,18915869.0
2022-01-26,132.81362905,132.099193176,134.46576201,130.348825284,20709097.0
2022-01-27,133.438760441,129.768346136,134.29608349,128.714553221,17544523.0
2022-01-28,128.768135912,130.929304432,131.063261158,126.964185329,14116969.0
2022-01-31,130.063050934,132.706463669,132.876142189,129.196797436,13985745.0
2022-02-01,132.786837705,134.983728019,135.269502369,132.438550216,14584935.0
2022-02-02,134.403248871,133.903143759,134.796188602,132.233149903,12441136.0
2022-02-03,133.95672645,132.795768154,135.43025044,132.425154544,12474882.0
2022-02-04,133.152986091,136.242921248,137.0823834,132.855870072,16654409.0
2022-02-07,136.876983086,136.698374118,137.189548781,134.715814566,12572283.0
2022-02-08,138.421950665,139.270343265,141.529746718,138.243341696,20411387.0
2022-02-09,139.841891965,139.850822413,140.592496155,139.154247436,9131135.0
2022-02-10,139.904405104,139.270343265,142.020921382,138.61842053,16455635.0
2022-02-11,138.966708019,137.457462234,141.270763714,136.609069633,16830005.0
2022-02-14,136.394738871,136.180408109,137.243131472,134.240536101,17026491.0
2022-02-15,137.984358691,138.171898108,139.261412817,137.394949095,9500867.0
2022-02-16,137.296714162,138.421950665,139.404299992,137.296714162,9076526.0
2022-02-17,136.635860979,135.233780575,137.287783714,134.55060127,11367457.0
2022-02-18,135.858911965,135.867842414,137.6539321,134.965867122,11733315.0
2022-02-22,134.492553355,135.626720306,136.850191741,134.322874835,11333475.0
2022-02-23,136.74302636,132.786837705,136.903774431,132.143845418,11799031.0
2022-02-24,127.651829858,129.089632055,129.482571786,124.829808154,25655100.0
2022-02-25,129.714763445,132.143845418,134.07005384,129.411128199,18367679.0
2022-02-28,128.196587212,126.633758737,129.545084925,125.812157481,31315344.0
2022-03-01,125.061999813,121.855968827,125.454939544,119.292930127,36840448.0
2022-03-02,122.606126495,124.383285733,125.061999813,121.996712694,19405581.0
2022-03-03,124.883390845,123.499171338,125.901461966,122.400726181,16640804.0
2022-03-04,120.507471114,120.025226899,120.936132639,118.239137213,21020675.0
2022-03-07,118.033736899,115.390324164,118.498120217,115.159293463,27560052.0
2022-03-08,115.774333446,114.577653356,117.694379858,113.657817168,19207816.0
2022-03-09,118.685659634,119.167903849,120.775384567,118.274859006,17536202.0
2022-03-10,117.756892997,117.756892997,119.176834298,116.386069163,15604247.0
2022-03-11,118.315046024,115.104549814,119.739452549,114.689194657,20061789.0
2022-03-14,115.613585374,116.247647213,118.703520531,115.40818506,15786898.0
2022-03-15,117.703310307,118.3105808,119.266138782,117.104970262,15096604.0
2022-03-16,120.444957975,123.597406271,123.677780307,120.052018244,20354896.0
2022-03-17,122.222117212,125.160234746,125.19595654,121.383101582,17050454.0
2022-03-18,125.19595654,125.115582504,125.785366136,123.650988961,23656519.0
2022-03-21,125.338843715,124.713712324,125.7049921,123.892200373,12676051.0
2022-03-22,127.053489813,127.366055508,128.535944252,126.562493758,13548587.0
2022-03-23,125.901461966,124.829808154,126.441754096,124.311752841,12093218.0
2022-03-24,125.294191472,125.642478961,125.660339858,124.231468109,10017625.0
2022-03-25,125.999696898,126.740924118,127.86616062,125.740713894,8386416.0
2022-03-28,125.02627802,125.803227033,125.892531517,123.146418625,10818077.0
2022-03-29,128.017978244,126.080070934,128.23677423,125.240608782,11316503.0
2022-03-30,126.723063221,125.508522235,126.919533087,124.945903984,8771027.0
2022-03-31,124.874460396,121.739872997,125.33437849,121.686290307,17353942.0
2022-04-01,122.704361428,120.837897706,122.713291876,119.489399993,15721297.0
2022-04-04,119.775174343,121.373724612,122.2935608,118.676729186,17422937.0
2022-04-05,120.61800651,119.961251496,121.814560166,119.664362243,12110267.0
2022-04-06,118.377842146,118.29687235,119.259513261,117.820050216,12914733.0
2022-04-07,117.811053572,117.937006589,118.683728043,115.813798598,12994231.0
2022-04-08,118.458811943,120.096201156,120.465063561,118.29687235,13126938.0
2022-04-11,119.655365599,119.655365599,121.364727964,119.268509905,10466429.0
2022-04-12,118.881654212,118.34185557,121.076835355,117.586137472,12989862.0
2022-04-13,114.203399316,114.527278501,116.281624087,113.366711422,30838027.0
2022-04-14,113.807546979,113.465674506,115.426942904,112.476043663,18835190.0
2022-04-18,113.060825525,115.570889209,116.272627443,112.943869152,11834444.0
2022-04-19,115.561892565,117.963996521,118.143929401,115.363966396,15015448.0
2022-04-20,119.223526685,118.377842146,120.114194444,118.16192269,13430189.0
2022-04-21,118.953627364,117.460184455,119.484429362,116.920385813,12174182.0
2022-04-22,117.208278422,114.086442944,117.424197879,113.97659392,14318842.0
2022-04-25,113.366711422,114.050456368,114.360840587,110.757684653,17149031.0
2022-04-26,112.134171189,110.676714857,113.726577183,110.541765196,17209535.0
2022-04-27,110.055946418,109.237251812,111.162533634,109.057318931,17215247.0
2022-04-28,110.487785332,110.964607466,111.24350343,108.985345779,13019941.0
2022-04-29,110.703704789,107.383943142,111.207516854,106.970097516,14874811.0
2022-05-02,107.851768631,108.364577341,108.598490086,106.358325722,18544958.0
2022-05-03,109.336214896,110.685711501,111.71132892,108.661466594,15720935.0
2022-05-04,110.478788688,114.347345621,114.617244942,110.424808824,17128535.0
2022-05-05,112.682966475,111.486412819,113.447681218,109.90300347,15055401.0
2022-05-06,111.378453091,111.306479939,111.819288648,109.021332355,14417942.0
2022-05-09,109.85802025,109.633104149,110.955610821,108.409560561,14312300.0
2022-05-10,110.757684653,106.961100872,111.360459803,105.764547216,16382441.0
2022-05-11,107.329963277,106.28635257,110.559758484,106.106419689,14630299.0
2022-05-12,105.260735151,106.19638613,106.448292162,103.794282174,16318801.0
2022-05-13,107.428926362,107.141033753,108.18464446,106.124412977,10443203.0
2022-05-16,106.646218331,106.394312298,107.473909582,105.467657963,10269025.0
2022-05-17,108.895379339,109.920996758,110.631731636,108.688456526,11160151.0
2022-05-18,109.129292083,108.040698156,109.732067233,107.53688609,12664912.0
2022-05-19,106.33133579,106.439295518,107.644845818,105.827523724,12765769.0
2022-05-20,107.473909582,105.566621048,107.662839107,103.479399633,13150099.0
2022-05-23,108.373573985,112.098184613,113.870523487,108.364577341,24376725.0
2022-05-24,111.882265157,113.681593963,114.698214738,110.757684653,19324922.0
2022-05-25,113.60962081,114.473298637,115.031090567,112.610993323,12780385.0
2022-05-26,115.489919413,116.452560324,117.130817317,115.345973108,15990944.0
2022-05-27,117.100318694,118.098946181,118.098946181,116.182661003,11177759.0
2022-05-31,117.118311982,118.962624008,119.790315259,116.695469713,17015042.0
2022-06-01,119.538409226,116.875402593,119.538409226,115.759818734,10768023.0
2022-06-02,116.866405949,118.755701196,118.76469784,115.759818734,8374794.0
2022-06-03,118.044966317,117.100318694,118.548778383,116.947375745,8596022.0
2022-06-06,117.937006589,116.713463001,119.106570313,116.470553612,11323459.0
2022-06-07,115.903765038,117.019348898,117.244264998,115.711146889,6722167.0
2022-06-08,116.056707987,115.157043584,116.461556968,114.16741274,8422110.0
2022-06-09,114.59025501,112.736946339,115.247010024,112.700959763,13565478.0
2022-06-10,110.289859163,107.554879378,111.01858733,107.347956565,12951760.0
2022-06-13,105.134782134,104.352074103,106.115416333,103.515386209,16805564.0
2022-06-14,103.956221766,102.615721806,105.548627759,101.860003707,13357912.0
2022-06-15,104.019198274,103.83026875,105.21575193,101.813491058,14083548.0
2022-06-16,102.435788925,102.048933232,102.795024921,100.645456763,16724855.0
2022-06-17,102.147896316,101.689067471,103.128530515,100.90635944,30919865.0
2022-06-21,104.239616053,104.208127799,105.287725083,103.497392921,11680485.0
2022-06-22,103.353446616,103.623345937,104.540913662,102.912611059,9848572.0
2022-06-23,103.470402989,102.489768789,103.623345937,100.294587646,11851541.0
2022-06-24,101.869000351,105.548627759,105.998459961,101.50913459,14841090.0
2022-06-27,106.214379418,104.702943221,106.610231755,104.038720992,11280485.0
2022-06-28,105.863510301,104.199131155,107.320966633,104.001204986,11615519.0
2022-06-29,104.361070748,103.731305665,105.098795558,103.218496956,9338432.0
2022-06-30,101.815020487,101.311208421,102.629216772,99.799772224,15172611.0
2022-07-01,101.347194997,102.606725162,102.935102669,100.006695037,10573577.0
2022-07-05,100.537345986,102.216447639,102.298133665,99.203140889,12515590.0
2022-07-06,101.4086636,101.553883203,102.552267969,100.550960324,10656197.0
2022-07-07,103.015155452,104.12245492,104.285826973,102.924393201,10347385.0
2022-07-08,104.521808827,103.795710815,104.966543859,103.114993929,8807840.0
2022-07-11,103.060536578,102.434277042,103.677719888,101.84886052,7944573.0
2022-07-12,102.180142738,102.534115519,104.539961277,101.889703533,11250917.0
2022-07-13,101.426816051,101.572035653,102.086566857,100.183373205,12979883.0
2022-07-14,98.014155394,98.02323162,98.231984798,96.26244394,26204846.0
2022-07-15,99.076073737,102.515963069,103.360052008,97.72371619,18863886.0
2022-07-18,104.167836046,101.463120951,105.139082899,101.009309694,13977903.0
2022-07-19,102.679335121,103.977235318,104.317593761,102.261828765,11862269.0
2022-07-20,103.559728961,103.959082868,104.139608986,102.997003002,11667540.0
2022-07-21,103.868320616,104.667028429,104.857629157,102.897164525,11595860.0
2022-07-22,104.594418628,104.158759821,105.511117368,103.16945128,7645542.0
2022-07-25,105.138992137,104.576266178,105.701718096,104.167836046,9394033.0
2022-07-26,103.995387768,102.942545651,104.903010283,102.58857287,10675119.0
2022-07-27,103.478042935,104.594418628,105.048229886,102.833630949,9274454.0
2022-07-28,104.603494853,104.204140947,105.266059289,103.042384127,10384770.0
2022-07-29,104.912086508,104.70333333,105.738022997,104.181450384,12944544.0
2022-08-01,103.922777967,103.659567438,104.471889589,102.624877771,14740406.0
2022-08-02,103.396356908,102.043999361,103.827477603,101.898779759,14942854.0
2022-08-03,102.969774326,103.114993929,103.557550667,101.39051115,14394499.0
2022-08-04,102.425200817,101.980465785,102.851783399,100.765522286,18033854.0
2022-08-05,102.134761612,105.066382336,105.456569255,101.699102805,14174642.0
2022-08-08,105.511117368,103.78663459,105.9195475,103.632338762,10339584.0
2022-08-09,104.149683596,104.72148578,105.275135514,103.80478704,10233754.0
2022-08-10,107.063151869,107.45342955,108.342899615,106.645645512,12847258.0
2022-08-11,108.823939548,109.041768952,110.003848818,108.288442264,11684856.0
2022-08-12,109.522808885,110.847937756,110.956852458,108.406433191,9906716.0
2022-08-15,109.949391467,111.147453186,111.38343504,109.459275309,8456202.0
2022-08-16,110.993157359,112.209371529,112.762022878,110.611955903,9554966.0
2022-08-17,111.002233584,111.265444113,111.782788947,110.452940438,8149335.0
2022-08-18,110.947776233,110.403202724,111.156529412,109.413894183,9531752.0
2022-08-19,109.477427759,107.671258954,109.813248089,107.199295246,13464469.0
2022-08-22,105.964928626,105.892318825,106.337053857,104.830400482,8967607.0
2022-08-23,105.910471275,104.848552932,106.455044784,104.723936361,7607042.0
2022-08-24,104.639799754,105.102687237,105.656336971,103.877396841,9771264.0
2022-08-25,105.429431342,107.598649153,107.771097431,104.993772535,10758870.0
2022-08-26,108.424585641,104.077073795,108.905625574,104.013540219,11276212.0
2022-08-29,103.46896671,103.82293949,104.249522072,102.978850551,8117296.0
2022-08-30,104.376589225,103.841091941,104.903010283,102.8880883,10745404.0
2022-08-31,103.904625517,103.22390863,104.4038179,102.869028227,10738299.0
2022-09-01,102.824554724,103.931854192,104.040768894,101.572035653,9979823.0
2022-09-02,105.166220813,103.20575618,106.600264386,102.72925436,10666594.0
2022-09-06,103.768482139,103.232984856,104.145145483,101.717255256,9751914.0
2022-09-07,102.679335121,105.193449488,105.384050216,102.343514791,10647866.0
2022-09-08,104.630723529,107.644030279,107.816478556,104.040768894,11434984.0
2022-09-09,108.134146437,108.161375112,108.960082925,107.707563855,9302228.0
2022-09-12,109.477427759,109.441122858,110.321516698,108.724101071,8614630.0
2022-09-13,107.162990346,105.63818452,107.934469483,105.084534786,12904575.0
2022-09-14,105.9195475,105.393126441,106.954237167,104.267674523,9345718.0
2022-09-15,105.393126441,106.981465843,108.35197584,105.061844223,10821438.0
2022-09-16,106.545807035,106.264444056,106.554883261,104.712409555,14844136.0
2022-09-19,105.28421174,107.244676372,107.762021205,104.839476707,8201305.0
2022-09-20,106.563959486,105.129915912,106.81809379,104.049845119,9619026.0
2022-09-21,105.774327898,102.098456712,105.828785249,102.034923136,12606281.0
2022-09-22,102.90624075,100.936699893,103.105917704,100.809632741,11684463.0
2022-09-23,99.883857775,99.057921287,100.146977542,97.260828707,18138572.0
2022-09-26,98.02323162,96.925008376,99.479965756,96.26244394,15753581.0
2022-09-27,97.796325991,96.071843212,98.177527447,94.982696194,12793612.0
2022-09-28,96.162605464,98.014155394,98.685796055,95.881242484,12762596.0
2022-09-29,97.070227979,96.353206192,97.369743409,94.75397532,12713926.0
2022-09-30,96.26244394,94.846552817,97.678335064,94.755790566,15973415.0
2022-10-03,95.863090034,97.77817354,98.349975725,94.810247916,12248137.0
2022-10-04,100.392126384,102.352591016,102.552267969,99.711409497,16013586.0
2022-10-05,100.502790189,101.088865685,101.601681744,99.660306663,10943502.0
2022-10-06,100.237224729,99.028444018,100.905717092,98.845295426,11521415.0
2022-10-07,98.460683381,97.050439218,98.634674544,96.395683,11681088.0
2022-10-10,97.73724644,96.143853685,98.268377359,95.713454492,8931729.0
2022-10-11,95.576093048,93.369152507,95.731769352,93.268420781,12739700.0
2022-10-12,93.222633633,94.880128396,95.905760514,92.746447292,13180960.0
2022-10-13,93.387467366,100.154807863,100.640151633,93.186003914,22398706.0
2022-10-14,102.528413623,101.821460055,105.530219056,101.394723835,33420141.0
2022-10-17,105.685895359,106.097979693,107.1510841,104.68773553,22276272.0
2022-10-18,109.577802952,108.826893722,110.017359574,107.105296952,21539680.0
2022-10-19,108.048512204,106.693212619,108.817736293,105.924080104,17072035.0
2022-10-20,107.288445545,106.345230293,108.707847137,105.90567367,12207437.0
2022-10-21,106.64742547,111.931262367,112.077781241,106.528378885,20593310.0
2022-10-24,111.784743493,112.068623811,112.727958745,111.1070937,12624177.0
2022-10-25,111.583280041,112.36166156,112.884276069,110.704166797,11289101.0
2022-10-26,112.636384449,113.652859137,114.651018967,112.526495293,11671494.0
2022-10-27,114.651018967,114.101573189,115.56676193,113.744433434,10727612.0
2022-10-28,114.733435834,115.456872775,115.640021367,113.59791456,11859472.0
2022-10-31,115.108890449,115.273724182,116.693125775,115.008158723,13295173.0
2022-11-01,116.180309715,117.352460708,117.471507293,115.685808515,13386945.0
2022-11-02,116.894589226,116.271884012,119.376252656,115.969688834,16546085.0
2022-11-03,115.667493656,116.482504893,117.379932997,115.301196471,12474358.0
2022-11-04,118.579556278,119.669290404,119.806651849,117.636341026,14354353.0
2022-11-07,119.962328153,120.301153049,121.143636575,119.487607,12011157.0
2022-11-08,120.182106464,120.374412486,120.933015693,119.174789204,9884053.0
2022-11-09,120.255365901,118.808492019,120.356097627,118.332305678,9493961.0
2022-11-10,121.454989182,123.698559442,123.854235745,121.363414886,16351589.0
2022-11-11,123.799291167,123.900022893,124.696719271,122.508551461,10704664.0
2022-11-14,123.442151412,122.627140175,124.293792367,122.627140175,11085604.0
2022-11-15,123.332262256,121.738869501,124.275477508,120.51177393,14038346.0
2022-11-16,121.793814079,121.903703234,122.306630138,120.905543404,7893359.0
2022-11-17,120.878071116,121.372572316,121.693082353,120.218736182,8824558.0
2022-11-18,123.23153053,122.563038167,123.323104827,121.134479145,9468537.0
2022-11-21,122.471463871,121.839601227,123.222373101,121.564878338,7800517.0
2022-11-22,122.709557042,123.661929723,123.872550605,122.425676723,9185670.0
2022-11-23,123.570355427,124.98059959,124.998914449,123.49709599,7316204.0
2022-11-25,124.98059959,125.21869276,125.584989945,124.59140883,3220496.0
2022-11-28,124.605144975,123.030067079,125.191220471,122.883548204,9907551.0
2022-11-29,123.313947397,125.053859027,125.127118464,123.085011656,7925322.0
2022-11-30,124.623459834,126.537362627,126.537362627,121.967805241,14761248.0
2022-12-01,126.537362627,124.760821279,126.976919249,124.019069479,8858472.0
2022-12-02,123.158271093,123.771818879,123.945810042,122.105166686,8932057.0
2022-12-05,122.929335353,120.301153049,123.23153053,119.596030967,10154531.0
2022-12-06,122.150953834,120.502616501,123.72603173,118.927538604,13966691.0
2022-12-07,120.246208471,120.420199634,121.867073516,119.348780367,11739425.0
2022-12-08,121.180266293,121.683924923,121.775499219,120.356097627,8907257.0
2022-12-09,121.061219708,121.02458999,122.48977873,120.878071116,7957818.0
2022-12-12,121.244368301,122.901863064,123.304789967,120.51177393,8841631.0
2022-12-13,125.35147549,122.782816479,125.539202797,121.867073516,10025383.0
2022-12-14,122.50809359,122.169268693,124.275477508,121.574035767,9966115.0
2022-12-15,120.095110882,119.138159486,120.951330553,118.176629375,12090286.0
2022-12-16,118.268203671,118.396407686,118.955010893,117.604290023,21133707.0
2022-12-19,118.726075152,119.101529767,120.26452333,118.213259093,9017156.0
2022-12-20,119.934855864,119.678447834,120.923858264,119.229733782,8549927.0
2022-12-21,121.042904849,121.02458999,121.775499219,120.667450234,8051704.0
2022-12-22,120.053902449,119.650975545,120.237051041,117.590553878,8651131.0
2022-12-23,119.577716108,120.218736182,120.365255056,118.716917723,5091905.0
2022-12-27,120.484301641,120.639977945,121.079534567,119.550243819,5410991.0
2022-12-28,120.740709671,121.299312878,122.169268693,119.971485582,8827738.0
2022-12-29,121.729712071,121.99527753,122.041064679,121.161951434,6585228.0
2022-12-30,121.619822916,122.801131338,123.011752219,121.280998019,9292519.0
2023-01-03,123.845078316,123.73518916,125.21869276,122.608825316,11054778.0
2023-01-04,124.531885538,124.889025293,126.079491145,124.147273493,11687643.0
2023-01-05,125.14732743,124.861350196,125.19345279,123.339582311,8381265.0
2023-01-06,125.57629328,127.250643857,127.656547027,124.067994,10029076.0
2023-01-09,127.859498613,126.72481475,128.11780063,126.27278622,8482297.0
2023-01-10,127.112267776,127.859498613,127.970199477,126.669464318,9048665.0
2023-01-11,128.136250774,128.809681034,128.920381898,127.39824501,8703698.0
2023-01-12,129.1510087,128.680530025,129.944364896,128.43145308,11001666.0
2023-01-13,125.091976998,131.927755387,132.370558845,124.353971234,20200047.0
2023-01-17,130.230342129,129.889014464,130.571669795,128.436065616,14292881.0
2023-01-18,128.154700918,125.986808986,129.824438959,125.839207834,13392601.0
2023-01-19,124.83367498,124.307845873,125.368729159,123.237737515,13303371.0
2023-01-20,124.686073827,124.612273251,124.990501205,123.200837227,13092492.0
2023-01-23,124.644561003,126.63256403,127.269094001,124.372421378,10487128.0
2023-01-24,129.418535789,127.721122532,129.418535789,124.538472675,6944991.0
2023-01-25,127.35211965,128.339202359,128.339202359,126.614113886,8967007.0
2023-01-26,128.615954521,129.132558555,129.206359132,127.638096883,7487631.0
2023-01-27,129.713738095,129.446211005,130.308755242,128.920289648,7489946.0
2023-01-30,128.440678152,128.348427431,129.234034348,128.145475846,6729255.0
2023-01-31,129.040307835,129.114108411,129.215584204,127.536621091,9188738.0
2023-02-01,127.499720803,128.772780745,129.958202504,127.416695154,8841846.0
2023-02-02,129.1510087,128.173151062,129.575362014,127.30599429,11822064.0
2023-02-03,127.472045586,130.156541553,131.300450487,127.425920226,11501232.0
2023-02-06,129.363185357,130.922222533,131.217424839,129.179883175,8406231.0
2023-02-07,130.424068642,132.518159998,133.154689969,130.239567201,10447888.0
2023-02-08,131.595652793,131.586427721,132.877937808,131.25091185,6957965.0
2023-02-09,132.029231179,129.538461726,132.232182764,129.031082763,6443109.0
2023-02-10,128.948057114,130.110416193,130.331817922,127.85027354,6582853.0
2023-02-13,130.350268066,131.521852216,131.669453369,129.833664031,7134607.0
2023-02-14,131.457276712,132.103031755,132.665761151,130.622407691,9249399.0
2023-02-15,130.6362453,132.656536079,132.739561727,130.350268066,6731172.0
2023-02-16,131.835504666,130.829971813,132.278308124,130.697130775,8165306.0
2023-02-17,130.05506576,131.217424839,131.76170409,129.215584204,7948829.0
2023-02-21,129.787538671,128.809681034,130.387168354,127.997874693,9996283.0
2023-02-22,128.154700918,127.822598324,128.625179593,126.784777719,11107501.0
2023-02-23,127.979424549,128.846581322,129.307834924,127.250643857,8068010.0
2023-02-24,128.329977287,130.0089404,130.405618498,128.16392599,9126888.0
2023-02-27,131.097498902,131.143624262,132.204507548,130.737813343,10014654.0
2023-02-28,131.863179882,132.241407836,132.61963579,130.90386464,11019757.0
2023-03-01,131.08827383,131.503402072,132.341315367,130.811521669,7139155.0
2023-03-02,131.217424839,130.138091409,131.392701208,128.726655385,11107549.0
2023-03-03,130.543994579,132.52738507,132.601185646,130.147316481,9513063.0
2023-03-06,132.324433485,131.752479018,132.877937808,131.604877865,9261255.0
2023-03-07,131.005248182,127.877948757,131.282000343,127.130717921,11747620.0
2023-03-08,127.30599429,127.121492849,127.85027354,126.277398756,10002548.0
2023-03-09,126.162085355,120.239589099,126.706364606,119.201768494,25888097.0
2023-03-10,118.966529156,123.293087948,124.778324548,117.914870943,37599655.0
2023-03-13,121.042170368,121.079070656,123.505264605,119.381657399,42901132.0
2023-03-14,124.796774692,124.187919937,125.027401493,121.115970944,29648116.0
2023-03-15,120.82999371,118.320774113,120.839218782,116.909338089,34280607.0
2023-03-16,118.090147312,120.617817053,121.724825699,116.254357974,24570587.0
2023-03-17,118.431474977,116.060631461,118.523725698,115.728528867,38395982.0
2023-03-20,117.149189962,117.287566043,119.437007831,116.245132902,22875505.0
2023-03-21,120.4702159,120.433315612,121.521874114,120.101213018,17807808.0
2023-03-22,120.442540684,117.324466331,120.530178869,117.232215611,17250168.0
2023-03-23,117.988671519,117.010813882,119.492358263,116.254357974,16677640.0
2023-03-24,115.894580164,115.230374976,115.940705524,113.569862007,22326916.0
2023-03-27,116.964688521,118.53295077,119.353982182,116.503434919,18853935.0
2023-03-28,118.735902355,118.89272858,119.318650156,117.844760395,10820466.0
2023-03-29,120.01818737,119.132580453,120.128888235,117.868745582,14595260.0
2023-03-30,119.879811289,118.772802643,120.036637514,117.758044718,12134675.0
2023-03-31,119.6122842,120.211913883,120.239589099,118.866344874,13105215.0
2023-04-03,119.842911001,120.073537802,121.254347025,119.381657399,11775388.0
2023-04-04,120.387190252,118.468375266,120.4702159,117.536642989,11579916.0
2023-04-05,117.891932153,118.645027303,119.147090736,117.575818139,9614692.0
2023-04-06,118.077881573,118.514862709,119.082008439,117.943347167,8760220.0
2023-04-10,117.650197907,118.905356491,119.221470504,117.352678835,9477292.0
2023-04-11,119.286552801,119.491097163,119.881590945,118.579945006,10516267.0
2023-04-12,120.104730248,119.472502221,121.266914122,119.063692422,11820995.0
2023-04-13,119.435312337,119.9280783,119.974565654,117.919824566,12450242.0
2023-04-14,125.655320429,128.983815044,129.346416412,125.422976629,43931328.0
2023-04-17,130.118106505,130.006536853,130.220378685,127.988985648,16050486.0
2023-04-18,130.415625576,131.466239798,131.819543696,129.262739173,13760139.0
2023-04-19,131.308182791,131.29888532,131.559214508,130.536492699,9158112.0
2023-04-20,130.080916621,130.91768901,131.494132211,130.015834324,10586245.0
2023-04-21,129.922859614,130.666657293,131.196613139,129.030302399,11842537.0
2023-04-24,130.58762879,130.843309242,131.187315668,130.201783743,7567666.0
2023-04-25,129.79269502,127.998283119,130.127403976,127.956444499,10629325.0
2023-04-26,127.951795764,125.729700197,128.12779689,124.586111266,14416145.0
2023-04-27,126.445605464,127.421839917,128.221422423,126.12949145,9041092.0
2023-04-28,126.966263839,128.528238965,128.602618733,126.138788921,9887262.0
2023-05-01,132.265822303,131.280290378,133.297841583,130.936283952,20415762.0
2023-05-02,131.466239798,129.160466993,132.405284368,128.704890914,14113447.0
2023-05-03,128.714188385,126.427010522,128.926821547,126.22246616,12930906.0
2023-05-04,125.478668481,124.697680917,126.185276276,122.549965119,17089164.0
2023-05-05,126.854694187,127.133618317,128.19353001,126.363787719,11261394.0
2023-05-08,127.830928641,127.440434859,128.277207249,126.887235336,7484872.0
2023-05-09,126.380523167,126.826801774,127.328865208,125.711105255,7343573.0
2023-05-10,128.258612307,126.891884071,128.360884487,125.394991242,8133416.0
2023-05-11,125.515858365,126.492092818,127.198700614,125.422883655,7057277.0
2023-05-12,127.207998085,124.679085975,127.366055092,123.777231289,9988598.0
2023-05-15,124.837142982,125.729700197,126.138788921,124.548921382,7639451.0
2023-05-16,125.94354203,124.883630337,126.388147093,124.548921382,6483267.0
2023-05-17,126.352630754,128.723485856,128.853557475,125.94354203,12711522.0
2023-05-18,128.556131378,129.69972031,129.913562143,128.081960358,10999607.0
2023-05-19,129.969346969,129.402201238,130.620169938,128.421318049,13492239.0
2023-05-22,131.094340959,128.332992074,131.689379102,127.988985648,11402476.0
2023-05-23,127.877415996,126.994156252,129.262739173,126.868640394,9514897.0
2023-05-24,125.887757204,125.831972378,126.771016948,125.590238132,8577997.0
2023-05-25,125.348503887,126.138788921,126.69663718,125.125364583,8472505.0
2023-05-26,126.547877644,127.319567737,127.933200822,126.101599037,8579941.0
2023-05-30,127.189403143,127.803036228,128.044770474,126.464200405,7399867.0
2023-05-31,127.124320846,126.175978805,127.226593027,124.962100992,14219906.0
2023-06-01,126.929073955,127.91460588,128.518941494,125.929595824,12248094.0
2023-06-02,129.755505136,130.601574996,131.540619566,129.550960774,12922471.0
2023-06-05,130.26686604,129.318523999,130.480707873,128.425966784,8511902.0
2023-06-06,128.937327689,129.550960774,130.257568569,128.497185412,9329541.0
2023-06-07,129.746207665,130.806119358,131.345372675,129.076789754,9281389.0
2023-06-08,130.787524416,130.843309242,130.992068778,129.681776191,7370043.0
2023-06-09,130.490005344,131.103638429,131.838138638,130.35984075,7253946.0
2023-06-12,131.159423255,131.094340959,131.39186003,129.941454556,7600196.0
2023-06-13,130.610872467,132.042682999,132.832968034,130.294758453,7701567.0
2023-06-14,132.953835157,131.549917037,133.520980887,130.815416829,9068729.0
2023-06-15,130.713144648,133.037512395,133.325733996,130.192486272,9343096.0
2023-06-16,133.000322511,133.195569402,133.851041107,132.488961607,13813512.0
2023-06-20,132.591233788,132.51685402,132.953835157,131.131530842,8431008.0
2023-06-21,132.860860447,132.321607129,133.902177197,131.736796204,9926459.0
2023-06-22,132.312309658,129.774100078,132.581936317,129.188359406,10076325.0
2023-06-23,128.807163095,129.095384696,129.402201238,127.951795764,9919539.0
2023-06-26,129.113979638,129.411498709,130.17389133,128.016878061,8429727.0
2023-06-27,129.234846761,129.42079618,130.015834324,128.807163095,8154024.0
2023-06-28,129.383606296,128.85365045,129.430093651,128.267909778,7558644.0
2023-06-29,130.229676156,133.353626409,133.474493532,130.025131795,15423230.0
2023-06-30,134.441430515,135.222418078,135.743076454,133.567468242,14212816.0
2023-07-03,135.919728402,136.310222184,137.11910216,135.743076454,8021622.0
2023-07-05,135.683013677,135.402173991,136.141718498,135.140056951,8935519.0
2023-07-06,133.885639686,134.063504821,134.232008632,132.406644286,9714100.0
2023-07-07,134.718797422,135.121334305,136.528902812,133.866917041,8981456.0
2023-07-10,135.271115471,135.879601458,136.665952579,135.271115471,9100060.0
2023-07-11,136.988918218,138.004621749,138.379074664,136.399154877,11265592.0
2023-07-12,138.032705718,138.687998319,140.298145852,137.611446189,11323228.0
2023-07-13,139.202871076,139.362013565,139.830079709,138.313545404,11234925.0
2023-07-14,141.870848094,140.204532623,143.125265359,138.931392713,27028429.0
2023-07-17,140.74748935,143.58397018,143.930339126,140.74748935,17262394.0
2023-07-18,143.58397018,143.84608722,144.538825112,143.059736099,13491725.0
2023-07-19,142.994206839,144.398405269,145.292411603,142.498056727,12510000.0
2023-07-20,144.66052231,146.177056615,146.588954821,144.548186435,9935907.0
2023-07-21,145.849410314,145.05369787,146.167695292,144.810303476,10636378.0
2023-07-24,145.072420516,147.908901346,148.643765191,144.847748767,14381425.0
2023-07-25,147.253608745,146.804265247,147.646597079,145.99919148,9944679.0
2023-07-26,146.701290695,147.684229597,148.142934417,146.29407315,8728593.0
2023-07-27,147.693590919,146.055359417,148.639084529,145.618934545,10778406.0
2023-07-28,147.234886099,146.888517153,147.534448431,146.448628591,9105974.0
2023-07-31,147.14127287,147.871456054,149.200763902,147.114125034,8894353.0
2023-08-01,147.375305942,147.14127287,147.908901346,146.177056615,6855682.0
2023-08-02,145.624738565,145.474957399,145.746435763,144.10820426,8303708.0
2023-08-03,145.100504485,146.364283072,146.897878476,144.492018498,6087542.0
2023-08-04,146.411089686,146.055359417,147.721674888,145.751116424,6209397.0
2023-08-07,146.598316144,146.74809731,147.628061659,146.598316144,7251832.0
2023-08-08,144.463934529,145.924300897,146.017914126,142.844425673,8623379.0
2023-08-09,145.400066816,143.967784417,145.587293274,143.668222085,6277813.0
2023-08-10,144.520102467,143.752473991,145.512402691,143.312491816,5995076.0
2023-08-11,143.256323879,144.585631727,144.651160987,142.881870964,5180690.0
2023-08-14,143.799280606,144.885194058,145.023554411,143.153349328,5044282.0
2023-08-15,143.087820067,141.196832848,143.477625552,140.635247089,10300303.0
2023-08-16,140.981522422,140.597708184,141.318530045,140.120280718,6978235.0
2023-08-17,141.243639462,139.137341816,141.601429222,138.92203139,9953912.0
2023-08-18,138.219932175,139.455626794,139.951776906,138.026808084,8517460.0
2023-08-21,140.092196749,139.93305426,140.51813694,138.566301121,8327018.0
2023-08-22,139.727105157,137.031044171,140.082273747,136.534894058,9681972.0
2023-08-23,137.002960202,137.957815135,138.159083576,136.169802467,7858021.0
2023-08-24,138.079512332,137.826756615,139.867525,137.599744535,6534026.0
2023-08-25,137.873563229,137.658252803,139.12788688,136.534894058,6695537.0
2023-08-28,138.145041592,138.135680269,139.118619171,137.733143386,5094201.0
2023-08-29,138.276100112,139.259039014,139.343290919,137.77995,6336962.0
2023-08-30,139.127980493,138.697359641,139.624130606,137.789311323,6277318.0
2023-08-31,138.79097287,136.984237556,138.875224776,136.63786861,10933938.0
2023-09-01,136.759565807,137.442942377,138.622469058,136.394474215,7903496.0
2023-09-05,137.761227354,135.926408072,138.744072643,135.748542937,7854739.0
2023-09-06,135.458341928,135.701736323,136.244693049,134.906023879,8629164.0
2023-09-07,134.924746525,134.540932287,135.990345907,134.232008632,8373738.0
2023-09-08,134.213285987,134.643906839,134.915385202,133.53927074,7110254.0
2023-09-11,135.505148543,135.23367018,135.785988229,134.512848319,6854220.0
2023-09-12,135.271115471,136.993598879,137.91100852,134.849855942,8363165.0
2023-09-13,137.929731166,137.059128139,138.266738789,136.50681009,8325914.0
2023-09-14,138.39779731,139.717743834,140.321549159,138.098234978,10034931.0
2023-09-15,139.40882018,139.305845628,140.16296835,138.837779484,19863383.0
2023-09-18,138.697359641,139.596046637,139.614769283,138.313545404,6512360.0
2023-09-19,139.951776906,139.418181502,140.157726009,137.808033969,7945606.0
2023-09-20,140.092196749,138.828418162,140.653876121,138.673956334,7334257.0
2023-09-21,138.154402915,137.742504709,139.347971581,137.265077242,8053410.0
2023-09-22,137.882924552,136.422558184,138.088873655,135.917046749,7071975.0
2023-09-25,136.066827915,137.096573431,137.162102691,134.522209641,7044672.0
2023-09-26,135.3647287,135.673652354,136.525532736,135.018359754,7468405.0
2023-09-27,135.917046749,136.469364798,136.759565807,135.281880992,6717822.0
2023-09-28,136.937430942,138.163764238,139.362013565,136.684675224,8868063.0
2023-09-29,139.109257848,135.75790426,139.259039014,135.608123094,11917826.0
2023-10-02,135.580039126,134.587738901,136.321736737,133.520548094,9170644.0
2023-10-03,134.054143498,133.595438677,134.41923509,133.263111715,9431118.0
2023-10-04,134.044782175,134.194563341,134.306899215,132.865255493,8128748.0
2023-10-05,133.949373049,134.760387277,134.948995236,132.808294893,8576237.0
2023-10-06,134.769817675,136.835074834,137.570645878,134.043677029,10270621.0
2023-10-09,135.477097524,136.523871701,137.113271575,135.326682676,6964907.0
2023-10-10,137.13684757,137.353746724,138.409951299,137.004821998,11288769.0
2023-10-11,138.164760951,137.825266623,138.843749606,136.75963165,8698175.0
2023-10-12,137.966722593,137.504633092,138.589128861,136.863366028,10484436.0
2023-10-13,140.041410151,139.569890252,144.388823624,139.419003884,29487199.0
2023-10-16,140.93729796,139.428434282,141.003310746,138.362799309,12663461.0
2023-10-17,139.164383138,139.126661546,140.805272388,138.428812095,11482739.0
2023-10-18,138.240204135,137.598937072,139.079509556,137.08969558,9620257.0
2023-10-19,137.193429958,137.014252396,138.645711248,136.627606079,11143631.0
2023-10-20,136.335263741,134.807539267,136.872796426,134.024816233,13332867.0
2023-10-23,134.798108869,132.968611659,135.49595832,132.713990913,10133410.0
2023-10-24,133.14778922,133.128928424,133.657030712,132.365066187,8881354.0
2023-10-25,132.563104545,132.402787779,133.138358822,131.563482358,8242565.0
2023-10-26,131.799242308,132.742282107,133.595733125,131.488039174,9109431.0
2023-10-27,131.035380071,127.961070326,131.17683604,127.489550426,17434717.0
2023-10-30,128.668350175,129.592529178,130.177213853,128.291134255,9855540.0
2023-10-31,129.86601072,131.139114448,131.308861612,129.642321679,9672460.0
2023-11-01,131.31829201,131.025949673,132.525382953,130.582720967,9432048.0
2023-11-02,132.110445441,133.364688374,133.421270762,131.299431214,10186175.0
2023-11-03,134.090829019,134.854691257,135.580831902,133.770195488,9538719.0
2023-11-06,135.015008022,135.873174239,135.976908617,134.656652899,7625063.0
2023-11-07,135.335641554,135.807161453,136.044053051,134.684944093,6297915.0
2023-11-08,135.901465433,136.476719711,136.589884487,135.439375932,7618169.0
2023-11-09,137.155708366,136.071212597,137.35365242,135.514819116,7992477.0
2023-11-10,136.684188467,138.089317767,138.136469757,135.8698736,7983935.0
2023-11-13,137.400898714,137.476341898,137.919570603,136.891657222,6676364.0
2023-11-14,138.325077717,139.984827763,140.74869,138.174191349,9927723.0
2023-11-15,140.003688559,141.210779502,141.606856217,140.003688559,8365296.0
2023-11-16,141.540843431,142.823377558,142.894105543,141.540843431,8126188.0
2023-11-17,143.530657407,144.115342083,144.153063675,142.90825114,7814064.0
2023-11-20,143.417492631,144.558570788,144.992369096,143.266606264,7020349.0
2023-11-21,144.473697206,144.256798053,144.87920432,143.879582133,7083506.0
2023-11-22,144.671735564,144.59629238,145.11496427,144.190785267,5175135.0
2023-11-24,144.841482728,144.794330738,145.641180477,144.544425191,3496941.0
2023-11-27,144.69059636,144.464266808,144.78490034,144.011607705,6259116.0
2023-11-28,144.492558002,144.794330738,145.105533872,144.021038103,6582937.0
2023-11-29,145.388445811,145.529901781,146.760568719,145.228129046,9126053.0
2023-11-30,146.086295263,147.189651827,147.236803817,145.587427209,9869790.0
2023-12-01,146.94446148,147.906362075,148.86826267,146.94446148,8916001.0
2023-12-04,147.133069439,148.990857844,149.047440231,147.001043868,9607465.0
2023-12-05,148.30243879,148.971997048,149.471808141,148.028957249,9135597.0
2023-12-06,149.792441673,147.406550981,150.150796796,147.114208644,9366004.0
2023-12-07,147.764906105,147.859210085,148.34959078,147.255664613,8130874.0
2023-12-08,148.30243879,149.490668937,149.735859285,148.038387647,7369370.0
2023-12-11,149.490668937,150.03763202,150.22623998,149.141744211,8093908.0
2023-12-12,150.160227194,151.376748535,151.49462851,149.830163265,10222978.0
2023-12-13,151.376748535,151.885990026,152.800738631,150.669468686,12379098.0
2023-12-14,152.612130672,154.649096638,155.450586163,152.494250697,13642990.0
2023-12-15,153.79093042,155.818465988,155.865617978,153.140232959,20309348.0
2023-12-18,156.46916345,156.761505787,157.610241606,156.195681908,8469608.0
2023-12-19,156.544606634,158.855054141,158.873914937,156.120238724,10345691.0
2023-12-20,158.421255834,157.063278523,159.760372348,156.968974543,10734709.0
2023-12-21,157.336760065,157.959166332,158.515559813,156.238118699,7601678.0
2023-12-22,157.959166332,157.864862352,158.647585385,157.704545586,6576322.0
2023-12-26,157.92144474,158.798471753,159.152111678,157.657393596,4683605.0
2023-12-27,158.279799864,159.75094195,159.816954736,158.034609516,6428643.0
2023-12-28,159.70378996,160.599677769,160.939172097,159.369010832,6320129.0
2023-12-29,160.31676583,160.411069809,160.967463291,159.967841104,6435102.0
2024-01-02,159.458599612,162.278288611,162.363162193,159.288852449,9977424.0
2024-01-03,162.070819856,161.571008762,162.240567019,160.665690555,9852335.0
2024-01-04,161.912596552,162.643214809,164.483993274,161.817711064,11972545.0
2024-01-05,162.700146102,163.459230005,164.512458921,162.700146102,10066029.0
2024-01-08,163.222016285,163.222016285,163.544626944,160.816669167,11229916.0
2024-01-09,162.842474333,161.93157365,163.003779663,161.395470643,9923630.0
2024-01-10,161.30532943,162.273161406,162.330092699,160.309031807,9670218.0
2024-01-11,161.61845154,161.589985893,161.646917186,160.01498168,11919498.0
2024-01-12,164.91097797,160.403917294,167.292603716,160.261589063,19436504.0
2024-01-16,156.4377039,159.398131123,159.493016611,155.896856619,17206420.0
2024-01-17,158.781375451,158.544161732,160.422894392,157.974848804,11107466.0
2024-01-18,158.572627378,158.857283842,158.961657878,156.788780205,9382255.0
2024-01-19,158.980634976,161.599474442,161.846176711,158.534673183,13115664.0
2024-01-22,161.741802674,161.409703466,163.184346746,161.030161515,12837505.0
2024-01-23,160.992207319,160.346986002,161.06811571,159.825115818,8360829.0
2024-01-24,160.698062307,161.779756869,162.263672857,160.226196776,9967060.0
2024-01-25,163.4971842,164.094962774,164.142405518,162.164043095,8873481.0
2024-01-26,163.781840664,163.468718554,164.208825359,162.994291114,7442955.0
2024-01-29,163.430764358,163.895703249,164.000077286,162.538840772,6971192.0
2024-01-30,163.990588737,167.254649521,167.719873068,163.990588737,10822075.0
2024-01-31,167.188229679,165.442336702,169.180824925,165.423359604,11521820.0
2024-02-01,164.759161189,164.844558128,165.897787044,162.662191906,9354798.0
2024-02-02,164.43655053,165.793413007,166.824059177,164.398596335,8607839.0
2024-02-05,164.967909262,165.575176385,166.135000764,164.075985676,7820160.0
2024-02-06,165.679550422,166.144489312,166.875107569,164.873023775,6765684.0
2024-02-07,166.704313691,166.457611422,166.875107569,165.06279475,7225478.0
2024-02-08,166.049603825,165.859832849,166.339763646,164.692741348,6060285.0
2024-02-09,166.049603825,166.059092373,166.144489312,164.790568286,6296729.0
2024-02-12,165.840855751,166.799199179,167.765133446,164.816092482,8539316.0
2024-02-13,166.353237386,165.347451214,167.21660044,163.786584938,8397631.0
2024-02-14,166.116023666,167.02692435,167.093344191,165.499267995,7056664.0
2024-02-15,167.140786935,170.670527085,170.993137744,167.140786935,8723390.0
2024-02-16,170.423824817,169.873488987,170.774901122,169.047985242,8152647.0
2024-02-20,170.025305768,170.537687402,171.230351464,169.280454687,9667959.0
2024-02-21,170.746435476,171.647847611,171.73324455,169.389572999,7027857.0
2024-02-22,172.520794099,173.706862698,174.038961906,171.970458269,9296459.0
2024-02-23,174.409015308,174.579809187,175.72792359,173.820725284,7105833.0
2024-02-26,174.352084016,173.982030613,175.02577098,173.147038319,7145391.0
2024-02-27,173.934587869,174.067427552,174.152824491,172.919313148,5717065.0
2024-02-28,174.048450454,174.94986259,175.72792359,173.602488661,6131608.0
2024-02-29,176.164396835,176.543938786,176.895015091,174.446969504,9643012.0
2024-03-01,176.20235103,175.813320529,176.90450364,175.633038102,6311996.0
2024-03-04,175.2629847,177.132228811,177.995686751,174.845488553,7063605.0
2024-03-05,176.82859525,178.906587435,179.618228594,176.82859525,6617832.0
2024-03-06,179.57078585,179.836465216,180.348846851,178.033640946,7572891.0
2024-03-07,180.19703007,178.261366117,180.756854449,177.084786067,7618277.0
2024-03-08,178.802213398,178.593465325,180.714155979,178.308808861,6172199.0
2024-03-11,177.701541739,178.659885166,178.802213398,176.695755567,5762569.0
2024-03-12,179.286129387,180.130610229,180.43424379,178.299320312,5708384.0
2024-03-13,180.624014766,181.591846743,181.92394595,180.130610229,7795535.0
2024-03-14,181.259747535,178.356251605,181.829060462,177.533594425,10310948.0
2024-03-15,176.942457835,180.567083473,181.174350596,176.942457835,17214229.0
2024-03-18,180.880205583,182.806380988,182.844335183,180.178052973,9013843.0
2024-03-19,182.853823732,183.878587001,184.011426684,182.540701622,8478717.0
2024-03-20,184.258128953,186.288678394,186.506915016,183.707793123,9367043.0
2024-03-21,186.468960821,188.879052213,189.230128518,186.288678394,11203796.0
2024-03-22,188.831609469,186.563846308,190.226426141,186.487937918,8108840.0
2024-03-25,186.544869211,184.855907526,186.86747987,184.419434282,8620015.0
2024-03-26,184.637670904,185.719365466,186.601800504,184.130413086,5961484.0
2024-03-27,186.449983723,189.315525458,189.391433848,186.336121138,8725757.0
2024-03-28,189.287059811,190.055632263,190.454151312,188.385647676,8628313.0
2024-04-01,189.761487251,188.765189628,190.662899386,188.409369048,7309009.0
2024-04-02,188.243319444,188.689281237,189.562227726,187.949174432,7014683.0
2024-04-03,188.860075116,188.157922505,189.353479653,187.588609578,9353426.0
2024-04-04,190.066701784,186.726337957,190.572528307,186.63089899,9243793.0
2024-04-05,187.213076686,188.444239354,189.085970964,186.210967538,6532278.0
2024-04-08,188.606485597,189.427260709,189.904455541,188.606485597,8000963.0
2024-04-09,189.035960946,188.157922454,189.809016575,186.020089605,7358631.0
2024-04-10,186.63089899,186.554547817,188.081571281,185.323385149,7681377.0
2024-04-11,187.06037434,186.51637223,187.604376449,184.426258864,10137699.0
2024-04-12,179.730661712,174.452886865,180.312839408,174.214289449,31532308.0
2024-04-15,176.084893192,174.548325831,178.9098866,173.885025014,14766592.0
2024-04-16,174.557869728,172.553651432,174.806011041,171.456103317,16451801.0
2024-04-17,173.097653541,171.866490873,174.09966725,171.026627968,9017093.0
2024-04-18,172.839968331,172.983126781,174.996888974,171.76150801,9557720.0
2024-04-19,174.080674896,177.325599757,177.40195093,173.135829127,13402313.0
2024-04-22,177.506933793,180.770946447,181.453335058,177.497389896,11529668.0
2024-04-23,182.412496671,183.376430233,183.457553354,181.830318975,9144372.0
2024-04-24,181.839862872,184.273556518,184.416714967,181.496282593,6964905.0
2024-04-25,183.481413096,184.550329521,185.089559681,182.460216154,9802265.0
2024-04-26,184.741207454,184.66485628,185.981914018,184.254468724,6413655.0
2024-04-29,184.655312384,184.464434451,185.399736322,183.653203235,5411129.0
2024-04-30,184.015871308,182.994674367,186.096440778,182.8992354,8153681.0
2024-05-01,183.500500889,183.109201126,185.590614255,182.088004185,7446703.0
2024-05-02,184.264012621,182.918323193,184.674400177,180.87592931,6501657.0
2024-05-03,183.24281568,181.820775079,183.747687812,179.864276265,8922775.0
2024-05-06,182.98513047,183.24281568,183.433693613,181.157474261,7911134.0
2024-05-07,182.95649878,183.004218263,184.130398068,182.908779297,7688771.0
2024-05-08,182.288426015,186.726337957,187.680727622,182.288426015,9227561.0
2024-05-09,186.268230918,188.491958837,188.577853907,186.201423641,7977291.0
2024-05-10,189.484524089,189.704033712,190.247940382,189.226838879,7529790.0
2024-05-13,189.732665402,189.665858125,190.73477455,189.007329256,7049241.0
2024-05-14,189.923543335,192.319061394,192.38586867,189.121856016,8596175.0
2024-05-15,192.796256226,192.891695193,193.445241198,190.658423377,8369975.0
2024-05-16,192.996678056,193.235275472,195.153598699,192.777263872,8497927.0
2024-05-17,194.514157623,195.449459495,195.697600808,193.564444468,9260490.0
2024-05-20,195.067703629,186.65953068,196.48974423,186.487740541,17373253.0
2024-05-21,188.014764005,190.41982596,190.782494033,187.633008139,14420799.0
2024-05-22,189.923543335,189.265014466,191.770287336,188.673292873,9425338.0
2024-05-23,188.787819633,187.938412831,189.255470569,187.127181616,8069445.0
2024-05-24,188.730556253,191.555549662,191.603269145,188.549222217,7356233.0
2024-05-28,190.744318446,190.400738167,191.269232762,189.599050848,6910206.0
2024-05-29,188.96915367,189.074136533,189.913999438,187.909781141,6120045.0
2024-05-30,189.503611882,190.238491924,190.73477455,189.350909536,6829719.0
2024-05-31,190.209860234,193.387977818,194.027418894,189.303190052,14417885.0
2024-06-03,193.082573126,192.61492219,193.187555989,190.104877371,6444309.0
2024-06-04,191.030635346,190.076245681,192.767624536,189.236382776,6848338.0
2024-06-05,190.64887948,188.262905317,190.70614286,187.938412831,8351597.0
2024-06-06,188.262905317,187.928868935,188.988241463,186.420933264,7640289.0
2024-06-07,188.42515156,190.830213516,191.755971491,188.024307901,6964498.0
2024-06-10,190.152596854,190.50572103,191.679620318,189.389085122,6071201.0
2024-06-11,188.8832586,185.495175289,188.91189029,184.769839144,9235302.0
2024-06-12,187.06037434,182.794252537,187.747534898,182.584286811,12751329.0
2024-06-13,183.548220372,184.827102523,185.705141015,182.173899255,8587786.0
2024-06-14,182.717901364,184.941629283,185.972370121,182.689269674,6874029.0
2024-06-17,184.655312384,186.086896881,186.65953068,183.853625065,8725445.0
2024-06-18,185.724228809,188.014764005,188.930978083,185.275665666,9022971.0
2024-06-20,187.432586309,189.608594745,190.353018684,187.165357203,8731062.0
2024-06-21,187.737991002,187.346691239,188.177010248,185.361560736,20972495.0
2024-06-24,188.787819633,189.809016575,190.143052957,188.110202971,9785929.0
2024-06-25,189.055048739,189.035960946,190.944740276,188.721012357,6915909.0
2024-06-26,188.444239354,188.42515156,188.91189029,187.322831497,7758582.0
2024-06-27,188.434695457,190.085789578,190.744318446,187.919325038,7913453.0
2024-06-28,190.887476896,193.034853642,193.359346129,190.211578135,15307616.0
2024-07-01,193.588399648,196.079356674,197.644555724,193.416609508,10205836.0
2024-07-02,195.926654327,199.305193741,199.333825431,195.430371702,7802936.0
2024-07-03,199.9923543,199.171579188,200.784497722,198.179013937,5560925.0
2024-07-05,198.643756257,196.532464582,199.00843391,196.273351513,8093096.0
2024-07-08,196.772384091,196.897142235,198.557385234,195.745528594,8706967.0
2024-07-09,197.338594131,199.257950199,201.302064411,197.165852085,9060258.0
2024-07-10,197.828029928,199.421095465,199.58424073,197.290610229,8328493.0
2024-07-11,197.895207391,199.085208153,199.708998875,197.098674622,10666937.0
2024-07-12,195.774318936,196.676416287,199.085208153,193.950930671,15443441.0
2024-07-15,198.835691864,201.580371041,203.077468774,198.384643188,10719670.0
2024-07-16,201.53238714,205.006421623,205.121582987,199.689805314,11557018.0
2024-07-17,205.179163669,208.125375233,208.787553077,204.670534311,11572470.0
2024-07-18,206.935374471,201.513193579,207.899850895,200.798233443,12415125.0
2024-07-19,202.68400078,201.321257972,203.787630519,200.495934863,8095898.0
2024-07-22,201.973839035,201.801096989,203.614888473,201.25408051,7663223.0
2024-07-23,202.511258734,201.849080891,202.94791224,200.911187548,5557262.0
2024-07-24,201.100532024,200.179241112,203.480533549,199.680208534,7118957.0
2024-07-25,200.236821794,200.256015354,201.714725966,199.661014973,6403774.0
2024-07-26,200.803031834,203.682065936,204.564969727,200.208031453,8027787.0
2024-07-29,204.07553393,202.348113468,204.996824842,202.055411668,6533636.0
2024-07-30,204.632147189,206.513116136,207.088922956,204.37303412,8850705.0
2024-07-31,206.119648142,204.219485635,207.664729777,204.09472749,9071637.0
2024-08-01,204.603356848,199.57464395,205.20795401,198.058352656,10918644.0
2024-08-02,195.659157571,191.11028369,196.417303218,188.951008114,18041676.0
2024-08-05,186.225522497,187.041248826,188.259943961,183.20253669,13926997.0
2024-08-06,187.521087843,192.261897331,194.430769688,186.177538596,10605780.0
2024-08-07,195.304076699,192.319478013,197.453755495,192.127542406,9204434.0
2024-08-08,194.306011543,195.831899618,196.647625946,193.65343048,7761199.0
2024-08-09,195.265689577,197.501739397,198.144723679,194.718673098,5540240.0
2024-08-12,198.087142997,197.87601383,198.787707962,195.448028404,6935954.0
2024-08-13,199.353918002,199.555450389,199.699402095,197.117868183,6387942.0
2024-08-14,199.363514783,201.762709868,202.256944055,198.768514402,6999809.0
2024-08-15,204.411421242,203.019888092,205.265534692,202.588032977,7001005.0
2024-08-16,203.154243017,205.342308934,205.457470299,203.053476823,7931234.0
2024-08-19,205.371099276,206.762632425,206.839406668,205.198357229,6090818.0
2024-08-20,206.33077731,205.870131853,207.290455344,205.064002305,5640223.0
2024-08-21,205.78376083,205.946906096,206.33077731,204.257872756,5202472.0
2024-08-22,205.927712535,207.895052505,208.058197771,205.692591417,5247098.0
2024-08-23,208.825940198,209.507311602,210.351828272,207.770294361,7213981.0
2024-08-26,210.179086226,210.332634711,210.822070509,209.257795313,5105245.0
2024-08-27,210.658925243,211.301909526,211.532232254,210.351828272,5185221.0
2024-08-28,210.409408954,212.367152143,213.250055935,210.351828272,6506402.0
2024-08-29,213.192475253,213.250055935,213.989008021,210.111908763,6416149.0
2024-08-30,213.528362565,215.735622043,216.388203106,212.981346085,8574128.0
2024-09-03,213.336426958,211.41707089,215.063847419,210.399812174,8956089.0
2024-09-04,212.127232635,210.486183197,213.11570101,208.451665765,7389474.0
2024-09-05,211.273119185,208.854730539,211.896909907,207.319245685,8067874.0
2024-09-06,208.825940198,203.893195103,209.919973157,202.578436197,7776998.0
2024-09-09,206.513116136,208.067794551,209.353763117,205.539042931,8935074.0
2024-09-10,209.785618232,197.271416669,209.824005353,192.5210104,28406903.0
2024-09-11,196.973916478,198.874078985,199.325127661,193.69277728,13658743.0
2024-09-12,199.27714376,198.269481824,200.361579938,196.628432386,9055756.0
2024-09-13,198.518998113,196.081415906,199.467351946,194.833834462,10226694.0
2024-09-16,197.530529738,199.478676147,199.814563459,197.30020701,8634936.0
2024-09-17,199.353918002,200.812628614,201.465209677,199.28674054,7573345.0
2024-09-18,200.582305886,199.161982396,202.814612961,198.365449627,8259876.0
2024-09-19,201.321257972,201.993032596,203.365372184,198.979643569,11635168.0
2024-09-20,201.465209677,202.578436197,202.890331558,201.052548123,20884974.0
2024-09-23,202.492065174,202.914323508,203.259807601,201.522790359,7223491.0
2024-09-24,202.636016879,203.058275214,204.36343734,201.887468012,7323239.0
2024-09-25,203.144646237,201.714725966,203.682065936,200.198434672,8976520.0
2024-09-26,202.616823318,201.321257972,203.163839797,200.582305886,7807480.0
2024-09-27,202.156177862,202.012226157,203.874001542,200.889402857,7032450.0
2024-09-30,197.991175194,202.357710249,202.453678052,196.983513258,8668314.0
2024-10-01,200.476741302,198.691740159,200.659080129,197.87601383,8540064.0
2024-10-02,198.73012728,198.931659667,200.524725204,197.396174813,5810931.0
2024-10-03,197.856820269,196.954722917,198.16391724,196.100609467,7251325.0
2024-10-04,202.091496816,203.945370079,204.379871624,199.783810827,10213415.0
2024-10-07,203.76191387,203.665357971,205.98269955,202.468064822,6718898.0
2024-10-08,203.327412324,203.491557353,204.051581568,201.203182544,6021772.0
2024-10-09,202.477720412,206.069599859,206.861358231,202.168741535,7023998.0
2024-10-10,207.411726856,205.509575644,207.411726856,204.186759826,7927051.0
2024-10-11,208.242107588,214.634108109,216.893419592,207.749672503,18320650.0
2024-10-14,215.512766791,213.852005326,215.995546286,211.34155195,9048925.0
2024-10-15,215.956923927,214.730664008,217.68527452,214.180295383,9235825.0
2024-10-16,214.672730469,215.937612747,215.976235106,213.42715937,6382515.0
2024-10-17,216.545914911,216.69074876,218.071498117,215.61897828,6470186.0
2024-10-18,217.250772975,217.608029801,218.139087246,215.416210892,7000543.0
2024-10-21,217.463195953,215.319654993,217.926664268,215.223099093,5869959.0
2024-10-22,215.338966172,216.401081062,217.521129492,213.48509291,9586793.0
2024-10-23,215.956923927,215.715534179,217.05756462,214.865842267,6180528.0
2024-10-24,214.189950973,217.231461795,217.308706514,214.025805945,6002202.0
2024-10-25,217.250772975,214.653419289,217.849419549,213.267842137,6369720.0
2024-10-28,215.657600639,217.73355247,217.868730729,215.271377043,6842956.0
2024-10-29,217.453540363,215.223099093,218.940501209,215.136198784,6580004.0
2024-10-30,214.875497857,216.68109317,218.515655253,213.948561225,7110941.0
2024-10-31,216.961105277,214.276851282,217.917008678,214.180295383,7829932.0
2024-11-01,215.860368027,215.261721453,218.361165814,215.029987295,6923452.0
2024-11-04,214.981709346,212.210555041,216.053479826,211.621564057,8229588.0
2024-11-05,212.451944789,213.861660916,214.315473642,212.42297802,5600686.0
2024-11-06,226.906362885,238.551004316,239.458629768,226.684284317,23987753.0
2024-11-07,236.079173299,228.238834292,236.146762428,227.118785863,16451071.0
2024-11-08,231.096888905,228.818169687,231.096888905,227.659498897,9502100.0
2024-11-11,231.73415784,231.048610956,233.761831721,230.768598849,9017079.0
2024-11-12,232.265215285,231.309311883,233.143873966,230.536864691,6860956.0
2024-11-13,232.294182054,232.854206269,235.683294113,232.033481127,11472557.0
2024-11-14,234.065982803,233.539753153,235.876405911,232.74799478,10172202.0
2024-11-15,233.143873966,236.861276082,237.933046562,233.143873966,11518836.0
2024-11-18,239.22689561,236.590919564,239.391040638,234.321855935,9052575.0
2024-11-19,233.906665569,234.717735122,236.707655646,233.230774276,6792660.0
2024-11-20,235.9826174,232.487293852,236.185384788,230.420997612,9015290.0
2024-11-21,234.85291338,236.330218637,237.0350767,233.766659516,8783516.0
2024-11-22,235.219825797,239.989687213,240.569022607,234.664339709,7997307.0
2024-11-25,240.993868563,241.669759857,245.551307001,240.482122298,10295350.0
2024-11-26,241.862871655,241.36078098,242.355306741,239.786919824,6212142.0
2024-11-27,240.762134405,241.186980361,242.538762949,240.20307575,5472265.0
2024-11-29,241.254569491,241.119391232,243.098787164,240.853862509,5494825.0
2024-12-02,240.955246204,237.768901533,241.631137497,236.590919564,8899741.0
2024-12-03,239.680708335,236.388152176,240.462811118,236.204695968,6657694.0
2024-12-04,236.272285097,235.017058409,236.895070646,233.887354389,7346265.0
2024-12-05,236.938520801,237.02542111,238.666871395,236.195040378,6572536.0
2024-12-06,237.237844088,238.840672013,239.20758443,236.407463356,5519738.0
2024-12-09,238.618593445,235.412937595,239.333010543,235.364659646,7076466.0
2024-12-10,235.490182314,234.495656554,239.420007408,233.8776988,9108339.0
2024-12-11,235.596393804,235.142581078,235.857094731,233.83907644,7884442.0
2024-12-12,234.630834813,233.211463096,235.692949703,232.73833919,6113771.0
2024-12-13,233.732864951,231.6762243,234.3556505,230.907349676,10392749.0
2024-12-16,232.323148824,231.328623063,232.381082363,229.339571542,9032044.0
2024-12-17,230.430653202,230.150641094,230.787910028,228.48022404,8083635.0
2024-12-18,230.768598849,222.435824756,230.836187978,221.624755204,11322358.0
2024-12-19,224.270386839,224.936622543,228.219523112,224.270386839,11790773.0
2024-12-20,223.932441192,229.416816261,230.971366237,223.61158594,32348414.0
2024-12-23,227.939511005,230.179607864,230.401686432,226.790495806,8611528.0
2024-12-24,231.183789215,233.964599109,234.140523957,230.836187978,3729092.0
2024-12-26,233.114907197,234.766013071,234.88188015,232.496949442,4452168.0
2024-12-27,234.360478295,232.863861859,235.007402819,231.772780199,5730607.0
2024-12-30,230.546520281,231.077577726,232.545227392,228.943692356,5723765.0
2024-12-31,231.782435789,231.454145732,233.123886895,230.797565618,4870971.0
2025-01-02,232.622472111,231.73415784,234.897329094,231.203100394,9220914.0
2025-01-03,235.490182314,234.90119133,236.446085716,231.985203177,9491053.0
2025-01-06,236.517150201,233.7559475,238.453389002,233.493900143,9917836.0
2025-01-07,235.007951537,236.007613675,238.036054323,233.804474788,8753357.0
2025-01-08,235.599984453,235.968791844,237.055803101,233.416256482,8675284.0
2025-01-10,235.929970013,232.80481265,236.628762964,231.708095936,10256829.0
2025-01-13,232.610703497,237.01698127,237.337261373,231.960437835,10005315.0
2025-01-14,235.512635334,240.180960464,240.423596905,235.056478825,12407386.0
2025-01-15,243.024659556,244.917223797,246.198247152,236.502592015,18448520.0
2025-01-16,246.51862431,246.780671666,249.464230706,244.897812882,15292348.0
2025-01-17,246.654500717,251.526640457,252.943637274,244.713409187,17678101.0
2025-01-21,252.409837103,255.282652567,256.466718401,251.860217036,13712114.0
2025-01-22,255.156481618,255.098248872,255.622343585,252.584535341,9021914.0
2025-01-23,256.893758537,258.116646201,258.999745793,256.039678264,10749681.0
2025-01-24,255.923212772,257.039340402,259.232773831,255.263241652,7666261.0
2025-01-27,256.38907474,258.019591625,258.136057117,254.535332328,7522258.0
2025-01-28,258.019591625,259.271595662,259.455999357,257.029731999,7375391.0
2025-01-29,259.339533865,258.728090033,262.70732767,257.786660641,7684870.0
2025-01-30,260.717708851,260.329490545,261.75619282,258.767008918,8753466.0
2025-01-31,261.30003631,259.426882984,262.843204077,259.096897424,7196268.0
2025-02-03,254.117997649,258.951315559,260.266405071,253.992700191,8381361.0
2025-02-04,261.892069227,260.048032274,261.892069227,258.970726474,5625972.0
2025-02-05,260.989461666,262.464691228,262.668505839,260.426545122,5704431.0
2025-02-06,264.425193674,268.744122328,268.821765989,263.20230601,7264371.0
2025-02-07,269.103224261,267.676521987,270.34552284,266.623479831,6857875.0
2025-02-10,268.016213004,263.056724145,268.045329377,261.649432786,8627352.0
2025-02-11,262.299698448,266.890379917,268.084151208,261.717370989,7196376.0
2025-02-12,266.007183271,267.336830969,268.307376734,265.201630286,6683894.0
2025-02-13,267.385358257,268.181205784,268.812060532,265.745135914,8398667.0
2025-02-14,269.200278838,268.443253141,271.008793816,268.307376734,5688627.0
2025-02-18,268.608245921,271.704286911,271.723697827,267.890042055,7919798.0
2025-02-19,270.18053006,271.024904876,271.995450641,269.054696973,7007248.0
2025-02-20,270.466841061,258.941610102,270.529926536,257.907978862,13846671.0
2025-02-21,260.416839664,256.457012943,261.266552482,255.098248872,12835566.0
2025-02-24,257.670195149,253.642430225,259.135719255,250.992840286,10372751.0
2025-02-25,254.506215955,249.81847991,255.253536195,245.887769562,9608439.0
2025-02-26,249.585548927,251.167538524,253.226551364,249.362323401,5943585.0
2025-02-27,252.516597137,251.419880423,255.874685484,250.264930962,8204447.0
2025-02-28,253.050397308,256.854936707,257.010224029,250.294047335,10467126.0
2025-03-03,256.22408196,252.943637274,258.475748134,250.226109132,9058307.0
2025-03-04,247.760922889,242.879077691,249.65348713,238.705730901,13465630.0
2025-03-05,243.849623456,244.12137627,245.596605833,240.530356939,7861424.0
2025-03-06,240.802109754,239.278352903,242.01529196,236.667584795,9983235.0
2025-03-07,238.00693795,235.143827944,239.45305114,232.368067056,20498734.0
2025-03-10,229.25261515,225.380137548,230.514324645,221.958963726,18887186.0
2025-03-11,224.919128309,222.390856592,226.447737889,220.013019467,18142995.0
2025-03-12,227.10770901,221.187379843,227.418283654,220.566230553,16054015.0
2025-03-13,222.546143914,218.55720082,222.740253067,217.625476885,16467851.0
2025-03-14,221.400899911,225.593657616,226.275951289,220.876805198,11962108.0
2025-03-17,224.370769952,227.039770806,228.728035164,223.667124273,9586025.0
2025-03-18,227.418283654,228.049138402,229.21379332,226.641847042,10344866.0
2025-03-19,228.796458641,232.067197869,235.192355232,227.97149474,10120588.0
2025-03-20,229.592306168,231.970143292,234.639144146,229.242909693,8328513.0
2025-03-21,230.805488374,234.512973196,235.163238859,229.534073422,19326865.0
2025-03-24,238.249574392,240.753582465,241.365026297,237.211090423,9422650.0
2025-03-25,241.966764672,243.733157964,244.402834542,240.331103894,9287694.0
2025-03-26,245.159860239,243.636103387,247.168889972,242.422921181,12785225.0
2025-03-27,242.175432011,240.811815211,243.257590539,239.899502192,8022517.0
2025-03-28,239.666571209,235.69703903,242.156021096,234.008289399,11978417.0
2025-03-31,232.358361598,238.074876154,238.618381782,230.372916127,13602996.0
2025-04-01,235.473813504,236.483181099,238.453389002,233.786810855,8054683.0
2025-04-02,234.483856824,238.579559952,239.962587667,234.347980416,7758750.0
2025-04-03,227.369756366,221.954110997,228.214131182,220.605052384,17188469.0
2025-04-04,210.250472691,205.343440224,212.589247369,204.025132994,27170689.0
2025-04-07,200.939317552,209.40577954,216.840055793,197.414066367,22914370.0
2025-04-08,218.272616316,211.778732554,222.489051099,208.24371613,19485734.0
2025-04-09,207.511323225,228.838604633,231.904889597,206.046537414,24022350.0
2025-04-10,224.60049102,221.778337024,224.942176723,214.932904667,18896440.0
2025-04-11,220.997117924,230.654939038,232.974183239,219.71787165,20284450.0
2025-04-14,231.533810525,229.209683705,234.150894507,228.145370335,13017824.0
2025-04-15,230.557286651,227.657010745,233.04742253,227.354288344,10912883.0
2025-04-16,226.553538768,224.219646709,228.096446488,222.5790866,9322325.0
2025-04-17,225.381710119,226.514477813,228.838604633,225.13757915,9557946.0
2025-04-21,225.21570106,223.614201907,226.367999231,221.022507545,8716177.0
2025-04-22,226.53400829,230.059259475,230.449869025,225.938328727,10701399.0
2025-04-23,234.580565012,235.225070769,240.996326864,234.36572976,14126766.0
2025-04-24,234.111833552,238.896800535,239.706827088,232.002541984,9055197.0
2025-04-25,238.906565774,237.832389512,239.853793931,236.074646539,8588564.0
2025-04-28,238.818678625,237.510136634,241.048766196,235.186009814,7394297.0
2025-04-29,236.504317044,238.877270057,239.492480098,236.016055107,7216788.0
2025-04-30,235.547323647,238.877270057,239.463184382,232.832587277,12991699.0
2025-05-01,237.139057562,241.093979251,242.617356495,236.484786566,8689579.0
2025-05-02,245.361388581,246.582043423,247.664715442,243.606477527,7165044.0
2025-05-05,245.283266671,246.630869617,249.169831689,244.707215238,5450744.0
2025-05-06,244.1309685,243.398575594,246.718756766,243.154444626,6369934.0
2025-05-07,243.984489918,243.535288936,246.523451991,242.988435567,8724267.0
2025-05-08,245.664110982,247.519506342,249.872928879,245.644580504,8320118.0
2025-05-09,248.525325933,247.138662031,249.511615045,246.416034365,5087639.0
2025-05-12,256.728126474,253.945033433,257.411693186,252.626726203,9603892.0
2025-05-13,254.90202683,256.8355441,257.480049857,254.27705155,8588961.0
2025-05-14,256.825778862,259.403801889,260.380325763,256.132446911,8643060.0
2025-05-15,260.702578641,261.210371056,263.19271452,258.54446088,9214641.0
2025-05-16,261.220136295,261.278727727,262.156915647,258.495634686,8932912.0
2025-05-19,259.31591474,258.661643745,262.020885871,255.780898316,12145045.0
2025-05-20,256.357047402,259.442862844,260.39985624,256.14221215,8436337.0
2025-05-21,258.144086091,254.911792068,259.413567128,254.605456529,7464045.0
2025-05-22,253.34935387,254.550478235,256.14221215,252.791465781,6514113.0
2025-05-23,250.781096081,254.58953919,255.839489749,249.990209396,6671841.0
2025-05-27,255.888315942,259.062018533,259.071783772,255.839489749,7506555.0
2025-05-28,259.989716213,257.30427556,260.458447673,256.728126474,5535408.0
2025-05-29,258.583521835,258.163616569,259.179103745,256.366812641,5081992.0
2025-05-30,257.265214605,257.802302736,259.101079488,256.557234796,10977662.0
2025-06-02,256.845309339,258.446808492,258.808122326,255.7516026,6011165.0
2025-06-03,257.53864129,260.019011929,260.32173433,256.708595997,6998383.0
2025-06-04,259.677228574,258.017137988,260.849057222,257.978077033,5915710.0
2025-06-05,258.524930402,255.800428794,258.524930402,254.19892964,8179258.0
2025-06-06,258.124555614,259.491689038,260.390091002,258.056198943,7738134.0
2025-06-09,259.755350484,260.47797815,261.610745844,257.167562217,8285364.0
2025-06-10,259.638167619,262.294312556,262.587269718,259.608871902,7538135.0
2025-06-11,262.372434466,261.854876813,263.290269255,259.546569679,7434064.0
2025-06-12,260.595161015,261.942763961,261.991590155,258.915539952,6618026.0
2025-06-13,258.856948519,258.730000416,260.751404835,256.542586938,7098265.0
2025-06-16,260.731874358,264.012994574,265.350832282,260.585395776,8566019.0
2025-06-17,261.87440729,263.19271452,264.237595065,261.513093457,6739262.0
2025-06-18,263.66144598,267.528480521,271.200210287,263.388019295,9586440.0
2025-06-20,269.100683958,268.54406535,270.79007026,267.383857335,13969674.0
2025-06-23,268.602656782,271.737298417,272.010725102,265.72464562,8094559.0
2025-06-24,273.631754733,274.657104801,276.077947037,272.948188021,9267941.0
2025-06-25,274.891470531,277.391371648,277.6062069,274.315321445,6826901.0
2025-06-26,278.016346927,281.971268617,282.615774374,277.791746436,8942062.0
2025-06-27,279.100288427,280.369769464,281.918731633,278.348365044,17868633.0
2025-06-30,283.582533009,283.104036311,285.779711726,282.137277676,12689156.0
2025-07-01,284.061029707,283.592298248,284.295395437,279.861977049,9338260.0
2025-07-02,285.184032162,285.144971208,285.947673832,282.898966297,8158692.0
2025-07-03,286.665875307,290.443604624,290.836095981,285.743520616,6541646.0
2025-07-07,289.707683328,286.489254196,290.482853759,284.634732531,8825732.0
2025-07-08,283.844843674,277.471765255,284.261865741,275.048131122,15440856.0
2025-07-09,281.789170188,277.844632045,281.803888614,277.177396737,11273801.0
2025-07-10,277.687635502,282.780210866,282.897958274,277.687635502,8413847.0
2025-07-11,280.160331054,281.475177102,281.985415867,278.3303401,7384674.0
2025-07-14,281.681235065,283.280637347,283.869374384,279.900894267,9079941.0
2025-07-15,282.593777472,281.1709963,286.469629628,280.121081919,12526110.0
2025-07-16,282.986268829,280.454699573,285.272530987,277.697447785,9979768.0
2025-07-17,278.119375995,284.45811142,284.847168478,278.119375995,8509504.0
2025-07-18,284.08524463,285.80239432,287.009305245,282.819460002,12217018.0
2025-07-21,285.537462654,285.508025802,288.657768946,285.125346728,7898141.0
2025-07-22,286.028076851,285.959390863,288.113187188,283.751626976,6717461.0
2025-07-23,287.342922898,291.189338203,291.415020734,287.058366664,7083510.0
2025-07-24,291.836948943,290.98328024,293.966116435,290.639850302,7001242.0
2025-07-25,291.130464499,293.014423016,293.289166966,290.399449346,5918875.0
2025-07-28,292.072443758,292.680805362,293.809218015,291.248211907,5840417.0
2025-07-29,294.3685182,291.464082153,295.637344636,290.639850302,7635719.0
2025-07-30,291.836948943,294.005463694,294.96706752,291.797699807,8061742.0
2025-07-31,293.524661781,290.679099438,295.325215884,289.952990427,14749652.0
2025-08-01,284.948725617,283.938060371,286.317539227,278.902003762,12007111.0
2025-08-04,284.811353642,288.736267218,288.795140922,284.811353642,6649542.0
2025-08-05,289.158195427,285.900517159,290.232640519,281.848043892,7182333.0
2025-08-06,286.813059566,285.880892591,287.784475676,284.713230803,6330155.0
2025-08-07,287.441045738,281.553675374,287.951284503,281.033624325,8057109.0
2025-08-08,283.555381298,283.339511051,285.763145184,279.361611142,6634506.0
2025-08-11,283.967497223,284.124493766,285.85145574,283.359135619,5510113.0
2025-08-12,286.028076851,287.352735182,289.217069131,284.889851913,8572034.0
2025-08-13,288.432086416,285.076285308,289.020823452,281.769545621,8420407.0
2025-08-14,285.125346728,288.638144379,288.677393514,284.202108932,6322381.0
2025-08-15,289.305379686,285.037036173,289.952990427,284.379613149,7340518.0
2025-08-18,284.55623426,286.057513702,286.420568208,282.996081113,5386856.0
2025-08-19,285.370653827,285.203845,286.989680677,284.095056914,6031520.0
2025-08-20,285.351029259,286.754185862,287.823724812,281.877480744,7374244.0
2025-08-21,286.459817344,285.998639999,287.27041012,284.038636282,6624161.0
2025-08-22,287.69616512,290.679099438,291.581829561,284.683793951,8552847.0
2025-08-25,290.679099438,289.36425339,291.765809884,288.618519811,5856258.0
2025-08-26,288.638144379,292.965361596,293.132170423,287.990631761,6714749.0
2025-08-27,291.670140116,293.662033756,295.418432581,291.464082153,6056513.0
2025-08-28,294.393048909,295.418432581,295.585143285,293.092921287,6410535.0
2025-08-29,296.370224123,295.761862519,297.263141962,294.103586533,6796380.0
2025-09-02,294.623637582,294.074149681,294.814977119,288.971762033,7221855.0
2025-09-03,294.927818384,293.887716286,294.927818384,290.816471413,6316911.0
2025-09-04,294.3685182,298.116810665,298.715359985,292.680805362,6605797.0
2025-09-05,297.950001838,288.854014625,299.421844429,288.785328638,9837709.0
2025-09-08,289.354441106,287.411608886,290.894969685,285.969203147,8188506.0
2025-09-09,287.107428084,292.258877152,293.387289806,286.82287185,7848196.0
2025-09-10,291.130464499,294.898381532,295.879609926,289.854867587,7787303.0
2025-09-11,295.585241408,299.82414807,299.990956897,295.146141702,7942489.0
2025-09-12,299.27466017,301.148806402,301.776792574,297.994157115,6846674.0
2025-09-15,301.403925784,303.101450906,304.13174072,301.403925784,7122015.0
2025-09-16,304.18080214,303.38600714,305.063907694,301.369288422,10525594.0
2025-09-17,304.563481213,305.897951829,307.036176766,302.976049917,8657765.0
2025-09-18,305.937200965,307.350169852,307.556227815,303.798123066,8050671.0
2025-09-19,307.713224358,308.871073863,309.871926825,303.317321153,23568551.0
2025-09-22,303.984556461,306.574999421,307.811347197,303.744155504,7520190.0
2025-09-23,305.961731675,306.869367939,310.376376342,304.749914608,8584420.0
2025-09-24,308.154777135,307.536603247,310.634635655,305.814547416,7310513.0
2025-09-25,308.223463123,307.566040099,309.724742566,305.947013249,7083198.0
2025-09-26,308.98882127,310.127046207,311.844195897,307.815272111,7258136.0
2025-09-29,311.108274601,309.763991701,312.040441575,307.772098062,6462442.0
2025-09-30,310.313479602,309.508872319,311.451704539,304.288737263,11823315.0
2025-10-01,308.076278864,304.877474299,308.684640468,301.639420599,9235211.0
2025-10-02,304.18080214,301.776792574,304.73029004,300.393260539,7599973.0
2025-10-03,302.718771832,304.210238991,305.809641274,302.424403314,6029854.0
2025-10-06,305.837137251,304.851138356,307.382591919,300.857941431,7214502.0
2025-10-07,305.018758168,303.382000002,305.669517438,300.433863306,8454217.0
2025-10-08,303.894719427,299.773244046,304.459893994,299.299964577,6489883.0
2025-10-09,300.778962919,301.252242389,303.722169621,299.146838948,7060332.0
2025-10-10,301.380422245,296.677207516,306.12307693,296.598327604,8597384.0
2025-10-13,301.321262312,303.658079693,305.127218046,301.173362477,10788680.0
2025-10-14,301.557902046,297.850546201,302.701660765,290.090734897,16178755.0
2025-10-15,302.100201439,301.410002212,307.749876507,301.163502488,11354778.0
2025-10-16,301.074762588,294.360110113,304.358040308,292.910691737,10549447.0
2025-10-17,294.971429428,293.393831196,295.355968997,290.080874909,10153454.0
2025-10-20,294.320670157,298.126625892,299.438004422,293.985529133,6894943.0
2025-10-21,297.436426665,292.930411715,299.792964024,292.841671815,7372671.0
2025-10-22,293.600890964,289.992135008,293.886732043,286.476851747,8054115.0
2025-10-23,290.25835471,290.416114533,292.220393911,288.414536776,5438810.0
2025-10-24,291.934552831,296.233508013,298.363265627,291.313373527,7228330.0
2025-10-27,297.929426113,299.891563914,300.266243494,296.795527383,5642222.0
2025-10-28,300.591623129,301.084622577,303.655516096,298.915425008,6335993.0
2025-10-29,299.260524621,301.232522411,303.929229389,298.767525173,7520324.0
2025-10-30,301.508602102,305.107498068,308.233114565,300.828262864,7514556.0
2025-10-31,304.220099063,306.763976212,308.489474278,302.948160488,7721297.0
2025-11-03,306.645656345,305.018758168,307.947174886,301.922721637,7770040.0
2025-11-04,302.415721085,304.920158278,307.848574996,300.828262864,7085164.0
2025-11-05,305.27511788,307.316135593,308.716254024,301.350842278,6865198.0
2025-11-06,306.635796356,309.03177367,310.431892101,305.916017162,7206111.0
2025-11-07,307.523195361,309.810712797,310.027632554,303.334672055,7302347.0
2025-11-10,310.589651925,312.453189836,315.080876891,309.810712797,5794505.0
2025-11-11,313.054649162,311.200971239,314.582947449,310.865731615,5030216.0
2025-11-12,311.832010532,315.923905946,317.738143913,311.782710587,10578266.0
2025-11-13,314.76042725,305.146938024,316.143290701,304.772258444,8973258.0
2025-11-14,303.204520201,299.35912451,303.332700057,297.01244714,10326983.0
2025-11-17,299.74366408,296.164488091,301.311402323,293.503671473,8344046.0
2025-11-18,295.306669052,295.217929151,298.703435245,292.861391792,8077315.0
2025-11-19,295.543308787,299.023884886,300.187264982,295.074959312,5546555.0
2025-11-20,302.050901494,294.20235029,305.580777538,293.985430533,7501582.0
2025-11-21,297.071607074,293.847390687,297.456146643,288.710435044,11766810.0
2025-11-24,294.064310444,293.82767071,295.622188698,290.386534566,10940186.0
2025-11-25,295.848968444,298.757665185,300.236663527,291.421833406,8877188.0
2025-11-26,300.729662975,303.332700057,304.205309079,298.954864964,7910851.0
2025-11-28,304.772258444,308.696534046,309.327573339,303.924299394,4322448.0
2025-12-01,308.56835419,304.594778643,309.643092985,304.220099063,7727324.0
2025-12-02,304.417298842,303.569339792,306.132936919,302.790400665,7249043.0
2025-12-03,302.898860544,307.759835096,307.986614842,302.504460986,8535260.0
2025-12-04,308.874013847,311.674250709,314.030788068,308.617654135,9627834.0
2025-12-05,311.220691217,310.62909188,314.020928079,310.274132278,6518908.0
2025-12-08,310.648811858,310.796711692,312.0390703,308.962852348,7417191.0
2025-12-09,310.54035198,296.302527936,314.336447726,295.819388477,18049223.0
2025-12-10,296.292667947,305.768117328,306.832996135,294.281230201,18874092.0
2025-12-11,304.910298289,312.936329295,313.54764861,304.910298289,9721859.0
2025-12-12,315.204126753,314.060368035,315.785866101,312.168531955,8982911.0
2025-12-15,315.115386853,315.539366377,318.359323217,313.932188179,10864122.0
2025-12-16,314.622387405,311.131951317,315.04636693,309.998052588,8331336.0
2025-12-17,313.971628134,310.569931947,314.898467096,310.2544123,8718653.0
2025-12-18,311.57565082,308.617654135,313.251848941,307.848574996,11444909.0
2025-12-19,309.396593262,312.768709482,314.099807991,308.804993925,24494412.0
2025-12-22,313.064509151,318.566382985,318.70442283,313.064509151,8354588.0
2025-12-23,319.07910241,321.366619847,323.190717803,318.566382985,6668305.0
2025-12-24,321.672279504,324.561256267,325.369775361,320.94402072,4289306.0
2025-12-26,324.502096333,323.318897659,326.227594399,321.968079173,4158293.0
2025-12-29,322.421638665,319.217142256,323.180857814,319.000222499,8635338.0
2025-12-30,320.262301084,318.89176262,320.390480941,317.974783648,7904263.0
2025-12-31,319.798881604,317.708563946,320.326391013,317.531084145,5048531.0
2026-01-02,317.984643637,320.922920344,321.169420068,316.249285582,8054040.0
2026-01-05,320.942640322,329.363070885,332.528127338,320.636980665,10752627.0
2026-01-06,329.442306847,331.413295334,332.661257894,327.491127289,7660787.0
2026-01-07,327.976446062,323.866093187,328.976697958,321.498926109,9815240.0
2026-01-08,323.271825301,326.63934332,328.233962146,322.538894909,11737068.0
2026-01-09,326.193642405,326.045075434,328.729185384,325.034820028,6738143.0
2026-01-12,318.80887348,321.389976997,322.905360105,318.161121485,12805062.0
2026-01-13,321.201792166,307.929809388,323.737335145,307.604942944,19371171.0
2026-01-14,305.255603903,304.928756566,308.781593357,303.195475233,25951464.0
2026-01-15,305.523024451,306.305477167,309.950320199,304.809902989,14751447.0
2026-01-16,307.385063826,309.484810355,314.179526651,307.03840756,14652508.0
2026-01-20,303.284615415,299.847766144,308.177421007,298.976173245,12900620.0
2026-01-21,300.52622198,299.154453611,302.48235377,298.272956247,10270144.0
2026-01-22,301.947512673,300.729263507,305.255603903,300.00623758,10535822.0
2026-01-23,299.114835752,294.875724834,299.481300948,293.677284598,11107925.0
2026-01-26,294.964865017,298.164007135,298.891985294,294.608304286,11752666.0
2026-01-27,298.451236613,297.440981207,299.085122357,295.301616819,11527448.0
2026-01-28,297.401363348,297.896586586,299.035600033,295.202572171,9556743.0
2026-01-29,299.511014342,303.492609175,303.898692231,299.327781744,11579987.0
2026-01-30,302.333786799,302.967672543,304.988183354,299.664533546,11953180.0
2026-02-02,301.551334082,305.196177114,306.345095026,298.490854472,9839360.0
2026-02-03,306.770987011,311.842072968,313.228698035,306.142053499,12687963.0
2026-02-04,311.401324286,314.23895344,316.254512019,311.401324286,9848802.0
2026-02-05,311.99063994,307.196878996,312.99099088,302.621016277,9387999.0
2026-02-06,311.703410461,319.319943862,321.14731761,311.703410461,17797443.0
2026-02-09,318.270070597,319.022809919,323.281729766,317.05667462,11477473.0
2026-02-10,319.468510833,315.239304381,323.009356985,312.109592561,9902224.0
2026-02-11,320.151918902,307.85057367,322.172429713,305.78063958,8703519.0
2026-02-12,309.291673292,299.748721496,310.61887157,297.153751729,13443363.0
2026-02-13,295.668082015,299.659581313,301.382958182,293.687189063,9114526.0
2026-02-17,299.867575073,304.195826173,305.295221762,299.61005899,8896753.0
2026-02-18,305.513119986,305.830062859,309.296625525,304.284966356,7209556.0
2026-02-19,304.235444032,305.107036931,306.226241449,302.205028757,6737705.0
2026-02-20,305.453693198,307.820860276,308.028854036,302.759678783,7792735.0
2026-02-23,305.849871788,294.82620251,308.028854036,292.280755067,12955428.0
2026-02-24,293.984323006,294.459737314,296.886331181,288.596294176,13554127.0
2026-02-25,295.786935592,300.40241617,300.758877857,294.172507836,8095520.0
2026-02-26,301.67018766,303.205379697,306.057865548,300.739167972,7007804.0
2026-02-27,297.1339428,297.431076742,300.055759904,291.636964858,18620786.0
2026-03-02,291.993525589,294.717253398,297.114034825,290.408811227,8508910.0
2026-03-03,289.492648237,297.391458883,299.501109877,286.734254802,10278216.0
2026-03-04,297.124038335,296.529770449,298.124389276,292.99387653,8055673.0
2026-03-05,295.133240918,290.745563029,298.36209643,289.636262976,12732488.0
2026-03-06,283.604443937,286.714445872,287.219573575,280.999569705,13496526.0
2026-03-09,282.772468898,287.150242321,288.318870118,277.770714194,12241052.0
2026-03-10,286.526261042,285.971611015,289.953205849,284.436418977,8344876.0
2026-03-11,286.050846733,284.773170779,287.707368464,282.138583153,10204994.0
2026-03-12,280.127976807,280.187403595,281.167945606,276.433611451,13760505.0
2026-03-13,281.94544609,280.732149157,284.446323442,280.246830384,9091183.0
2026-03-16,283.604443937,283.426163572,286.506353067,281.890971534,8149008.0
2026-03-17,286.239031564,284.149189499,288.972663837,283.218169812,8961193.0
2026-03-18,284.089762711,284.991069004,286.640162386,282.398377264,10057039.0
2026-03-19,284.139285034,285.218871693,286.744159266,281.900875999,9846696.0
2026-03-20,285.327820806,283.822342162,287.932695037,282.544666208,22436492.0
2026-03-23,291.498302351,287.140337857,292.924545277,285.218871693,11470841.0
2026-03-24,283.436068036,289.606549582,292.657124728,282.6438099,11092328.0
2026-03-25,291.339830915,292.597697939,294.796489116,289.646167441,12188164.0
2026-03-26,289.784829948,288.87361919,292.17170691,287.952503967,8669196.0
2026-03-27,286.37769407,280.137881271,287.338427152,279.058294613,9873292.0
2026-03-30,282.019729576,281.058996494,284.505750231,279.632753569,11734351.0
2026-03-31,285.714094931,291.34973538,292.253022566,282.222771103,12956879.0
2026-04-01,292.567984545,292.55808008,295.86617131,290.111677285,11267167.0
2026-04-02,289.121230809,291.785531829,292.795787235,285.96170655,6669252.0
2026-04-06,292.741226765,294.124993021,295.498804124,291.880106037,7142621.0
2026-04-07,291.825352696,296.06624784,296.842749768,291.38553404,7849083.0
2026-04-08,306.588844477,306.588844477,309.864089787,303.960684106,10590165.0
2026-04-09,305.573418879,308.938260566,309.864089787,304.737186034,6586601.0
2026-04-10,308.60974052,308.480323532,308.958170872,305.344450362,6069693.0
2026-04-13,306.091086831,312.273236794,312.332967712,304.087214099,8318221.0
2026-04-14,308.430547767,309.724717647,312.910366581,307.48480824,11455513.0
2026-04-15,312.542025923,304.557993281,312.830725358,302.895482743,9885824.0
2026-04-16,303.980594412,308.559964755,308.559964755,303.831267118,8208612.0
2026-04-17,311.068663291,308.898439954,313.48776545,308.699336896,11082391.0
2026-04-20,309.455928518,315.568392411,315.707764551,308.978081178,10772003.0
2026-04-21,316.066150057,311.596286396,318.798839533,311.347407573,7084264.0
2026-04-22,313.437989686,311.616196701,313.735250552,310.541438392,5545909.0
2026-04-23,312.113954347,310.292161363,313.577361827,307.504718545,6969656.0
2026-04-24,309.754583105,306.897454217,309.754583105,306.509203253,5215321.0
2026-04-27,305.503732808,310.232430445,311.178169973,305.503732808,7925317.0
2026-04-28,313.786420038,310.053237693,314.035298861,309.774493411,7398596.0
2026-04-29,309.177184236,307.863104051,310.645569292,305.911894078,8031805.0
2026-04-30,305.692880714,311.825254913,312.691353217,305.195123068,8865387.0
2026-05-01,312.542025923,311.068663291,314.662473495,310.431533504,6135359.0
2026-05-04,309.226960001,306.270279583,309.256825459,305.13539215,7338179.0
2026-05-05,306.330010501,308.012431344,309.575390353,305.424091585,6316845.0
2026-05-06,310.053237693,313.48776545,314.84116849,309.953686164,8629538.0
2026-05-07,313.238886627,304.89646848,314.881486859,304.767051492,8359599.0
2026-05-08,306.867588759,300.745169713,307.604270075,299.152345246,9464267.0
2026-05-11,300.745169713,298.6545876,301.830281381,297.539610472,9511957.0
2026-05-12,298.674497905,303.512702224,304.689799506,294.22454455,9498214.0
2026-05-13,300.914407312,298.903466423,301.641133476,298.725169634,7709525.0
2026-05-14,300.894497007,298.564991223,302.388168151,297.469924402,7364315.0
2026-05-15,298.858668234,296.47440911,299.44104468,295.120508313,8699281.0
2026-05-18,296.663557016,299.381313763,299.908936867,295.887055088,7546296.0
2026-05-19,299.739699268,294.373871844,300.436559972,293.935845115,8066927.0
2026-05-20,295.369387136,300.625707878,301.566469829,292.352975801,9327002.0
2026-05-21,299.879071409,301.641133476,302.611760885,298.863645811,7874388.0
2026-05-22,303.313599166,305.005975162,306.071176525,302.477366321,5978568.0
2026-05-26,307.106512429,305.364360668,308.540054449,304.070190788,7731840.0
2026-05-27,303.63216406,297.937816589,304.528127822,294.423647609,11785439.0
2026-05-28,296.23548544,295.399252595,299.719788962,294.423647609,9766204.0
2026-05-29,295.070732548,297.967682048,298.535125764,293.871136621,13973665.0
2026-06-01,296.354947275,295.249925301,298.206605718,293.945800268,7929978.0
2026-06-02,295.170284078,299.61028228,300.715304254,293.945800268,8296234.0
2026-06-03,298.574946376,299.500775598,300.605797572,295.230014995,7003935.0
2026-06-04,304.368845376,309.495749129,311.506690019,303.074675496,10345161.0
2026-06-05,312.880501122,310.969111762,313.58731698,308.211534403,9118778.0
2026-06-08,311.845165219,309.714762494,314.876509283,309.386242447,6827027.0
2026-06-09,312.103999194,311.297631808,314.995971118,307.62418038,11594550.0
2026-06-10,311.158259667,307.753597368,313.338438157,307.644090686,7446218.0
2026-06-11,308.171713791,312.084088889,313.308572698,307.494763392,9116617.0
2026-06-12,314.552966813,319.28166445,319.859063319,314.13485039,7426164.0
2026-06-15,322.467313384,317.967584264,324.458343968,317.410095701,7988879.0
2026-06-16,322.845609195,329.654933792,330.262198121,322.566864913,11094894.0
2026-06-17,330.690269696,331.96452927,336.255200178,330.013319298,12246449.0
2026-06-18,335.438877639,323.761483264,336.573765072,322.706237054,20111030.0
2026-06-22,328.221391772,329.993408992,331.277623718,325.284621661,10182506.0
2026-06-23,327.992423255,332.641479668,333.865963478,325.742558695,7582217.0
2026-06-24,331.576278306,331.954574117,333.029730632,328.291077842,7907442.0
2026-06-25,333.457802208,333.617084655,341.908233764,333.258699149,10049358.0
2026-06-26,334.493138112,327.574306832,334.891344228,326.03125813,17640907.0
2026-06-29,326.807760057,327.912782031,330.899327907,325.732603542,7981795.0
2026-06-30,327.415024385,325.86202053,328.955285645,325.21493559,8080064.0
2026-07-01,326.892378857,332.571793598,334.134752606,323.552425052,15210192.0
2026-07-02,336.504079001,332.969999715,338.47519928,330.282108426,8415407.0
2026-07-06,335.0,337.72,339.715,334.11,8673530.0
2026-07-07,340.975,339.22,341.4,337.09,7115819.0
2026-07-08,336.53,330.62,336.53,330.13,18505243.0
2026-07-09,331.46,335.47,337.0,330.8053,15570588.0
2026-07-10,337.47,336.47,338.5859,335.77,6299028.0
2026-07-13,338.34,334.53,338.35,332.5001,7120251.0
2026-07-14,327.0,342.89,344.73,325.75,14537914.0
2026-07-15,345.845,346.91,351.24,344.05,10749985.0
2026-07-16,349.28,343.15,349.34,341.11,12432392.0
2026-07-17,339.03,341.1,346.125,335.05,9250854.0
2026-07-20,341.8,338.87,344.26,337.37,7723269.0
2026-07-21,340.115,345.23,345.735,337.3,6015334.0
2026-07-22,345.07,348.21,349.07,344.2501,8040220.0
2026-07-23,346.58,349.9,349.92,345.42,10913025.0
2026-07-24,350.64,353.21,353.37,347.5,7520829.0
2026-07-27,357.89,356.2,359.05,352.58,7888760.0
2026-07-28,357.3,357.31,359.3,354.15,6538299.0
2026-07-29,356.5,344.71,357.37,343.78,8272605.0
2026-07-30,347.54,350.85,352.28,345.37,7607701.0
2026-07-31,353.3,351.79,354.47,349.7,6603422.0
2026-08-03,353.75,352.64,355.62,350.84,6436597.0
2026-08-04,355.0,357.52,363.0,353.873,8477203.0
2026-08-05,358.97,359.24,362.17,358.2,5269490.0
2026-08-06,362.81,356.3,362.81,354.945,5820107.0
2026-08-07,355.76,357.52,358.8543,353.33,4566210.0
2026-08-10,357.96,359.79,359.99,356.5,5327471.0
2026-08-11,360.05,362.04,363.12,358.6,4576473.0
2026-08-12,362.97,365.18,366.09,361.3,4366754.0
2026-08-13,366.5,363.11,366.5,361.52,5102686.0
2026-08-14,363.0,362.84,365.9,361.45,5058591.0
2026-08-17,361.94,360.96,365.75,360.96,5282595.0
2026-08-18,362.34,363.25,363.57,359.27,5525081.0
2026-08-19,363.01,357.26,363.05,355.645,6696210.0
2026-08-20,357.6,351.55,357.95,351.55,6799673.0
2026-08-21,354.07,351.58,356.86,350.3666,8112130.0
2026-08-24,353.3,356.39,358.28,352.815,4397594.0
2026-08-25,357.0,356.69,357.37,353.0737,4298730.0
2026-08-26,356.5,356.5,358.35,354.6001,5802515.0
2026-08-27,354.68,354.22,357.57,352.225,5214828.0
2026-08-28,355.67,357.62,358.73,354.22,3916485.0
2026-08-31,355.9,356.02,357.77,354.7701,7964106.0
2026-09-01,355.73,354.95,359.93,354.12,5079819.0
2026-09-02,357.55,356.22,361.47,353.79,5343789.0
2026-09-03,358.675,362.06,362.85,356.39,5416619.0
2026-09-04,361.0,358.64,362.86,355.2,4875394.0
2026-09-08,357.1,353.51,358.55,353.23,5633145.0
2026-09-09,352.0,354.71,356.33,348.69,6319796.0
2026-09-10,353.51,353.56,354.22,351.12,4186391.0
2026-09-11,358.32,356.23,360.05,354.79,5355273.0
