time_key,open,close,high,low,volume
2018-01-02,78.711979411,78.552042152,78.881055941,78.140774916,22483797.0
2018-01-03,78.648004507,78.917613029,79.063841379,78.570320696,26061439.0
2018-01-04,79.136955555,79.612197695,80.11485765,79.118677011,21911974.0
2018-01-05,80.11485765,80.599239062,80.800303044,79.904654396,23407110.0
2018-01-08,80.608378334,80.681492509,80.955670667,80.064591655,22113049.0
2018-01-09,81.01964557,80.626656878,81.090017964,80.297643089,19484317.0
2018-01-10,80.297643089,80.261086001,80.599239062,79.886375852,18652201.0
2018-01-11,80.54440343,80.498707071,80.54440343,79.73100823,17808877.0
2018-01-12,81.037924114,81.887876403,82.052383297,80.836860132,24271531.0
2018-01-16,82.344839999,80.745467413,82.975449761,80.434732167,36599736.0
2018-01-17,81.412634263,82.381397086,82.509346893,81.11103829,25621164.0
2018-01-18,82.070661841,82.344839999,82.865778498,81.942712034,24159683.0
2018-01-19,82.381397086,82.25344728,82.810942867,81.942712034,36875013.0
2018-01-22,82.25344728,83.724870059,83.734009331,82.01582621,23601555.0
2018-01-23,83.989908944,83.989908944,84.355479821,83.660895155,23412841.0
2018-01-24,84.583961619,83.916794769,85.388217548,83.697452243,33277483.0
2018-01-25,84.506277808,84.382897637,85.214571382,84.01732676,26383238.0
2018-01-26,85.104900119,85.963991679,85.963991679,84.611379435,29172167.0
2018-01-29,86.951033046,85.836041872,87.234350476,85.653256434,31569940.0
2018-01-30,85.269407013,84.757607786,85.598420802,84.172694383,38635053.0
2018-01-31,85.68067425,86.832222511,87.188654116,85.461331723,48756338.0
2018-02-01,86.631158529,86.146777117,87.800985335,85.526220554,47227882.0
2018-02-02,85.580142258,83.880237681,85.881738232,83.624338068,47867753.0
2018-02-05,82.765246507,80.425592896,85.214571382,80.425592896,51031465.0
2018-02-06,79.411133712,83.468970445,83.601489888,77.912293118,67998564.0
2018-02-07,82.701271604,81.897015675,83.871098409,81.522305526,41107592.0
2018-02-08,81.988408394,77.68381132,82.139206381,77.464468793,55628657.0
2018-02-09,78.871916669,80.59009979,81.275545184,76.614516505,63499065.0
2018-02-12,81.097329382,81.458330622,82.052383297,80.361617992,35720341.0
2018-02-13,81.275545184,82.098079657,82.25344728,80.242807457,26407702.0
2018-02-14,81.271681496,83.383588258,83.548867917,81.179859463,34960912.0
2018-02-15,83.75087639,85.08229587,85.13738909,83.209126395,27823866.0
2018-02-16,84.8894696,84.476270452,85.853600948,84.292626385,30596919.0
2018-02-20,83.994204778,85.13738909,85.449584002,83.567232324,30911725.0
2018-02-21,85.376126376,84.007978083,85.725050102,84.007978083,26922503.0
2018-02-22,84.522181468,84.228350962,85.146571293,83.88860944,24392753.0
2018-02-23,85.1649357,86.367804333,86.376986537,84.806829771,26329226.0
2018-02-26,86.679999246,87.616583984,87.644130593,86.542266196,30199846.0
2018-02-27,87.910414489,86.49635518,88.002236523,86.49635518,25869119.0
2018-02-28,87.084016192,86.101520437,87.878276778,85.972969591,31167338.0
2018-03-01,86.30352891,85.256757733,86.836096702,84.329355199,37135561.0
2018-03-02,84.090617912,85.440401799,85.532223832,83.429499274,32830389.0
2018-03-05,84.788465364,85.982151794,86.560630603,84.715007738,23901578.0
2018-03-06,86.624906026,85.688321288,86.762639076,85.340315783,22175776.0
2018-03-07,85.541406035,86.184160267,86.258536114,84.871105194,26716127.0
2018-03-08,86.560630603,86.707545856,87.322753478,86.096929336,25887828.0
2018-03-09,87.49721534,88.644990754,88.644990754,87.230931445,36937254.0
2018-03-12,88.608261941,88.85618143,89.260198376,88.185880589,26073742.0
2018-03-13,89.067372107,86.689181449,89.287744986,86.285164504,35387817.0
2018-03-14,87.341117884,86.174978064,87.60740178,85.853600948,32131981.0
2018-03-15,85.881147558,86.477990773,86.845278905,85.238393326,27610998.0
2018-03-16,86.937100939,86.863643312,87.57985517,86.239253487,49081279.0
2018-03-19,86.073973827,85.293486546,86.22088908,84.577274688,33344085.0
2018-03-20,85.440401799,85.513859426,86.101520437,85.394490783,23075240.0
2018-03-21,85.330215359,84.91701621,86.35862213,84.669096721,24457082.0
2018-03-22,83.801378508,82.44700352,84.246715369,82.327634877,38604715.0
2018-03-23,82.180719624,80.050448456,83.062211142,79.958626423,44068949.0
2018-03-26,83.199944191,86.110702641,86.312711114,83.007117922,56396780.0
2018-03-27,87.175838225,82.153173014,87.358564071,81.271681496,56569011.0
2018-03-28,82.47455013,82.079715388,83.769240797,81.604995476,52501146.0
2018-03-29,82.805109449,83.80596961,84.742554347,81.17067726,45867548.0
2018-04-02,83.071393345,81.2808637,83.447863681,80.353461165,48515417.0
2018-04-03,82.249586149,82.373545894,82.685740806,80.702384891,37213837.0
2018-04-04,80.665656078,84.779283161,85.174117903,80.555469638,35559956.0
2018-04-05,84.875696295,84.825194177,85.454175104,83.925338253,29771881.0
2018-04-06,84.007978083,82.851020466,84.898651804,82.162355217,38026000.0
2018-04-09,83.594778934,83.346859444,85.550588239,83.209126395,31533943.0
2018-04-10,84.834376381,85.284304343,85.651592475,84.145711132,26939883.0
2018-04-11,84.485452655,84.347719605,85.660774678,83.998795879,24872110.0
2018-04-12,84.871105194,85.927058574,86.459626366,84.871105194,26758879.0
2018-04-13,86.35862213,85.467948409,86.477990773,84.880287397,23346063.0
2018-04-16,86.376986537,86.46880857,86.918736532,85.780143322,20288083.0
2018-04-17,87.230931445,88.213427199,88.644990754,87.120745005,26771000.0
2018-04-18,88.351160248,88.553168721,88.810270414,87.708406017,21043287.0
2018-04-19,88.553168721,88.250156012,89.13164753,87.543126357,23552541.0
2018-04-20,88.066511946,87.230931445,88.250156012,86.35862213,31154377.0
2018-04-23,87.914087371,87.55230856,88.415435671,86.891189922,22331829.0
2018-04-24,88.371361096,85.504677222,88.580715331,84.852740787,34524799.0
2018-04-25,85.669956882,84.760918754,85.669956882,82.896931482,33729257.0
2018-04-26,85.899511965,86.5514484,87.368664494,85.486312816,42529043.0
2018-04-27,89.618304305,87.983872116,89.893770404,86.230071284,48272780.0
2018-04-30,88.452164485,85.871965355,88.512767027,85.532223832,41523605.0
2018-05-01,85.587317052,87.230931445,87.49721534,85.201664513,31408927.0
2018-05-02,87.221749241,85.862783151,87.387028901,85.568952645,27471002.0
2018-05-03,85.357761969,86.376986537,87.16206492,84.8894696,31142497.0
2018-05-04,85.688321288,87.377846697,87.570672967,85.321033156,22531325.0
2018-05-07,87.387028901,88.351160248,88.801088211,87.322753478,24242019.0
2018-05-08,88.007378556,87.974689913,88.296067028,87.288871147,23484589.0
2018-05-09,88.158333979,89.012278887,89.039825497,87.276842461,27327410.0
2018-05-10,89.489753459,89.902952608,89.939681421,89.113283123,22388119.0
2018-05-11,89.801948371,89.710126338,89.866223794,89.10410092,16778316.0
2018-05-14,89.912134811,90.013139047,90.619164466,89.352020409,19454124.0
2018-05-15,89.287744986,89.361202612,89.847859388,88.461346688,24594010.0
2018-05-16,89.785414684,89.591752635,89.822302694,89.098375511,17384742.0
2018-05-17,89.232094545,88.697218409,89.951502946,88.374448328,17246716.0
2018-05-18,88.54044437,88.863214451,89.388868584,88.54044437,17865840.0
2018-05-21,89.453422601,90.00674274,90.384844836,89.268982554,19422467.0
2018-05-22,90.080518759,89.914522717,90.532396873,89.637862647,15441189.0
2018-05-23,89.185984533,90.984274987,91.048829004,88.826326442,21251222.0
2018-05-24,91.044218002,90.661504906,91.242491053,89.278204556,26649287.0
2018-05-25,90.652282903,90.707614917,91.279379062,90.246514801,18363918.0
2018-05-29,90.228070796,90.384844836,91.187159039,89.665528654,28670981.0
2018-05-30,90.661504906,91.251713055,91.528373125,90.292624813,22158528.0
2018-05-31,91.565261134,91.150271029,92.210801297,90.938164976,34140891.0
2018-06-01,91.555854692,92.948561484,93.0131155,91.454597106,28655624.0
2018-06-04,93.381995593,93.760097689,93.935315733,93.004815698,27281623.0
2018-06-05,94.064423766,94.23964181,94.368749842,93.630989656,23514402.0
2018-06-06,94.507079877,94.51630188,94.617743905,93.972203742,21122917.0
2018-06-07,94.663853917,93.031559505,94.700741926,92.570459388,28232197.0
2018-06-08,93.227434834,93.723209679,94.018313754,92.718011425,22165128.0
2018-06-11,93.483437619,93.188333544,93.68632167,92.837897456,23490894.0
2018-06-12,93.234443556,93.428105605,93.556568097,92.911673474,18325228.0
2018-06-13,93.8062077,93.003893498,94.073645768,92.73645543,29492875.0
2018-06-14,93.741653684,93.52954763,94.092089772,93.142223533,25691811.0
2018-06-15,93.612545651,92.33990933,93.630989656,92.284577316,65738585.0
2018-06-18,92.229245302,93.0131155,93.243665558,91.685147164,23586037.0
2018-06-19,91.897253218,93.0131155,93.142223533,91.758923183,28653087.0
2018-06-20,93.483437619,93.944537735,94.543967887,93.25288756,26180792.0
2018-06-21,94.133588783,93.271331565,94.488635873,93.031559505,23198188.0
2018-06-22,92.598125395,92.598125395,92.930117479,91.874198212,38923105.0
2018-06-25,92.2200233,90.735280924,92.321465325,89.73008267,35433333.0
2018-06-26,91.131827025,91.371599085,92.293799318,91.067273008,26897244.0
2018-06-27,91.832699202,89.951410726,92.238467304,89.822302694,31298386.0
2018-06-28,89.803858689,90.95660898,91.399265092,89.693194661,26650671.0
2018-06-29,91.23326905,90.938164976,92.137025279,90.67994891,28053214.0
2018-07-02,90.467842857,92.229245302,92.275355313,90.375622834,19564521.0
2018-07-03,92.662679411,91.343933078,92.801009446,91.242491053,14670275.0
2018-07-05,91.758923183,91.998695244,92.146247281,91.325396853,18977402.0
2018-07-06,92.113970273,93.28977557,93.538769633,91.915697223,19234627.0
2018-07-09,93.737227123,93.926093731,94.294973824,93.373695791,18211980.0
2018-07-10,94.064423766,94.175087793,94.534745884,93.935315733,19293140.0
2018-07-11,93.280553567,94.045979761,94.377971845,93.234443556,19644648.0
2018-07-12,94.774517945,96.084042276,96.286926327,94.737629936,24335929.0
2018-07-13,96.250038318,97.227570565,97.384344604,95.991822252,24653500.0
2018-07-16,97.199904558,96.748026444,97.587228656,96.383757351,21786912.0
2018-07-17,96.471366374,97.707114686,98.214324814,96.203928306,25901726.0
2018-07-18,97.697892684,96.941688492,97.799334709,96.568197398,29493927.0
2018-07-19,96.766470448,96.277704325,97.116906537,95.807382206,40171646.0
2018-07-20,99.671401182,98.00221876,99.78206521,97.827000716,56038827.0
2018-07-23,98.029884767,99.569959157,99.726733196,97.873110728,29706955.0
2018-07-24,100.123279296,99.284077084,100.353829355,98.915196991,26316619.0
2018-07-25,99.556126153,102.207451823,102.502555897,99.22874507,30798058.0
2018-07-26,102.124453802,101.091589541,102.364225863,100.980925513,31372110.0
2018-07-27,101.608021671,99.302521089,101.608021671,97.88233273,37005292.0
2018-07-30,98.850642975,97.172238551,99.164191054,96.609696409,34668327.0
2018-07-31,98.205102812,97.827000716,98.417208865,97.181460553,27655152.0
2018-08-01,97.780890704,98.011440763,98.164526001,97.218348562,23628699.0
2018-08-02,97.199904558,99.201079063,99.680623184,96.683472427,26104258.0
2018-08-03,99.413185117,99.634513173,99.643735175,98.509428889,18659599.0
2018-08-06,99.708289191,99.717511194,99.984949261,99.190934861,20265947.0
2018-08-07,100.114057294,100.409161369,100.61204542,99.754399203,16080214.0
2018-08-08,100.824151473,100.971703511,101.211475571,100.298405121,15487502.0
2018-08-09,101.174587562,101.137699553,101.589577667,101.073145536,13677211.0
2018-08-10,100.907149494,100.519825397,101.156143557,99.948061252,18183724.0
2018-08-13,100.741153452,99.791287212,101.054701532,99.689845187,18474884.0
2018-08-14,100.114057294,101.036257527,101.211475571,99.634513173,16788314.0
2018-08-15,100.434520618,99.666148859,100.892766426,98.888519609,29982806.0
2018-08-16,100.258628288,99.647633877,100.777047788,99.332879181,21384289.0
2018-08-17,99.388424127,99.592088931,99.888328645,98.768172225,18061512.0
2018-08-20,99.527286493,98.934807065,99.888328645,98.573764913,17914201.0
2018-08-21,98.98109452,98.110890359,99.379166636,97.990542975,22881861.0
2018-08-22,97.990542975,99.110699395,99.369909145,97.925740538,18000639.0
2018-08-23,99.194016815,99.573573948,100.147538395,98.934807065,18167723.0
2018-08-24,99.67540635,100.351203198,100.499323055,99.573573948,17234020.0
2018-08-27,101.156604921,101.462102127,101.499132091,100.4530356,19662331.0
2018-08-28,101.776856823,102.073096537,102.295276323,101.637994457,19151528.0
2018-08-29,102.248988868,103.702414966,103.711672457,102.082354028,20818044.0
2018-08-30,103.378402778,103.637612528,104.248606939,103.165480484,22798702.0
2018-08-31,103.392289015,103.989397189,104.40320704,103.234911667,23222713.0
2018-09-04,102.61928851,103.415432742,103.642241274,102.036066573,22634641.0
2018-09-05,102.767408368,100.434520618,103.146965501,100.073478466,32872352.0
2018-09-06,100.212340832,100.665957895,100.897395171,99.527286493,23477624.0
2018-09-07,100.19382585,100.175310868,100.651886508,99.268076743,22498646.0
2018-09-10,100.758532805,101.258437323,101.499132091,100.314173234,20727906.0
2018-09-11,100.814077752,102.980330662,103.30434285,100.804820261,24301774.0
2018-09-12,103.156222993,103.415432742,103.545037617,102.304533814,18891064.0
2018-09-13,103.794989876,104.526331671,105.280817193,103.794989876,26055620.0
2018-09-14,104.942918769,104.95217626,105.285445939,104.091229591,19122349.0
2018-09-17,105.248415974,103.813504858,105.257673465,103.554295109,20736516.0
2018-09-18,103.859792314,104.804056403,105.25304472,103.424690234,22170934.0
2018-09-19,104.655936546,103.406175251,104.905888805,102.790552095,21728429.0
2018-09-20,103.943109733,105.137326081,105.350248376,103.619097546,23714512.0
2018-09-21,105.535398198,105.776092965,106.729614546,105.081781135,71229698.0
2018-09-24,104.637421564,106.155650099,106.368572394,103.885250414,27334460.0
2018-09-25,106.275997483,105.951985296,106.553722215,105.303960921,22668014.0
2018-09-26,105.970500278,105.516883215,106.512063505,105.29470343,19352025.0
2018-09-27,106.257482501,105.914955331,106.377829885,105.720548019,19091299.0
2018-09-28,105.711290528,105.877925367,106.063075188,105.239158483,21647811.0
2018-10-01,106.229710028,107.02585426,107.090656697,106.211195046,18883079.0
2018-10-02,106.738872037,106.600009671,107.238776554,105.942727805,20787239.0
2018-10-03,106.849961929,106.618524653,107.553531251,106.396344867,16648018.0
2018-10-04,106.100105153,104.415241778,106.23785662,103.341372814,34821717.0
2018-10-05,104.267121921,103.804247367,104.767026439,102.424881198,29068859.0
2018-10-08,103.369145287,102.61928851,103.711672457,101.221407359,29640588.0
2018-10-09,102.887755751,103.924594751,104.683709019,102.573001055,26198594.0
2018-10-10,102.980330662,98.277525199,103.22102543,97.934998029,61376315.0
2018-10-11,97.527668422,98.046087922,100.841850225,96.463056949,63904282.0
2018-10-12,100.915910154,101.434329653,102.980330662,99.166244341,47742109.0
2018-10-15,100.823335243,99.610603913,101.351012234,99.005904596,32068103.0
2018-10-16,101.40655718,102.758150877,103.13770801,100.860365207,31610164.0
2018-10-17,103.387660269,102.489683635,103.508007653,101.414148323,26548243.0
2018-10-18,101.92497668,100.443778109,102.323048796,99.823526207,32506192.0
2018-10-19,100.841850225,100.591897966,102.628546002,100.175310868,32785475.0
2018-10-22,101.202892377,101.4898746,102.332306287,100.203083341,26545607.0
2018-10-23,99.767981261,100.073478466,100.878880189,97.305488636,43770429.0
2018-10-24,100.360460689,94.722648628,100.434520618,94.046944355,63897759.0
2018-10-25,98.63856735,100.258628288,101.156604921,98.268267708,61646819.0
2018-10-26,97.842423118,99.018124484,100.675215386,96.981476449,55523104.0
2018-10-29,100.078107212,96.139044761,100.62892793,94.083881744,55162001.0
2018-10-30,95.963152431,96.027954869,96.629691788,92.676743101,65350878.0
2018-10-31,97.606357096,98.879262118,100.11050843,97.564698386,51062383.0
2018-11-01,99.101441904,98.055345413,99.351394163,97.694303261,33384201.0
2018-11-02,98.573764913,98.277525199,99.351394163,97.180512507,37680194.0
2018-11-05,98.471932511,99.527286493,99.740208788,98.036830431,27922144.0
2018-11-06,99.406939109,99.721693806,100.758532805,98.388615091,24340248.0
2018-11-07,101.31398227,103.646870019,103.906079769,101.276952305,37901704.0
2018-11-08,103.498750162,103.452462707,103.878307296,102.674833457,25644105.0
2018-11-09,102.61928851,101.434329653,103.174737975,100.684472877,32039223.0
2018-11-12,101.295467287,98.934807065,101.795371805,98.221980252,33621807.0
2018-11-13,99.564316457,98.999609502,100.665957895,98.72188477,35374583.0
2018-11-14,100.50580204,97.595689548,100.654561784,97.130815348,39495141.0
2018-11-15,97.614284516,99.743408352,100.22687752,96.610156244,38505165.0
2018-11-16,99.557458672,100.682454236,101.231005792,99.29712912,33502121.0
2018-11-19,100.663859268,97.270277608,100.933486304,96.27544682,44773899.0
2018-11-20,94.64838712,94.564709764,95.736192748,92.373106835,64052457.0
2018-11-21,96.32193424,95.866357524,97.093625412,95.057476416,28130621.0
2018-11-23,94.992394028,95.829167588,96.517088429,94.8343368,13823099.0
2018-11-26,97.428334836,98.990312148,99.139071892,97.233087672,32336165.0
2018-11-27,98.804362468,99.613243576,99.789895772,97.958291424,29124486.0
2018-11-28,100.310554876,103.313642208,103.508889372,100.282662424,46788461.0
2018-11-29,102.579140972,102.448976196,103.308993466,101.370468052,28123195.0
2018-11-30,102.92314788,103.099800076,103.174179948,101.677285024,33665624.0
2018-12-03,105.0615692,104.215498156,105.452063528,102.951040332,34732772.0
2018-12-04,104.076035896,100.896296368,104.724349455,100.609468986,45196984.0
2018-12-06,98.385975688,101.519227796,101.565715216,97.623582,49107431.0
2018-12-07,100.766131592,97.456227288,101.76096238,96.97275812,45044937.0
2018-12-10,97.43763232,100.031630356,100.394232232,96.591561276,40801525.0
2018-12-11,102.08637432,100.961378756,103.15558498,99.892168096,42381947.0
2018-12-12,103.099800076,101.416955472,103.453104468,101.379765536,36183020.0
2018-12-13,101.881829672,101.76096238,103.081205108,100.998568692,31333362.0
2018-12-14,100.6452643,98.581222852,101.584310184,98.0884562,47043136.0
2018-12-17,98.004778844,95.661812876,98.36738072,94.564709764,56957314.0
2018-12-18,96.4613965,96.665941148,97.168005284,95.317805968,49319196.0
2018-12-19,96.36842166,96.405611596,99.371508992,94.23000034,68198186.0
2018-12-20,95.81057262,94.378760084,96.982055604,91.840546952,70334184.0
2018-12-21,94.490329892,91.329185332,95.7640852,90.613279064,111242070.0
2018-12-24,90.817823712,87.517216892,91.087450748,87.377754632,43935192.0
2018-12-26,88.456262776,93.495499104,93.616366396,87.359159664,51634793.0
2018-12-27,92.32401612,94.071943112,94.081240596,89.62774576,49498509.0
2018-12-28,94.918014156,93.337441876,95.215533644,92.528560768,38169312.0
2018-12-31,94.174215436,94.434544988,95.20623616,93.383929296,33173765.0
2019-01-02,92.55645322,94.016158208,94.6018997,91.989306696,35329345.0
2019-01-03,93.06781484,90.55749416,93.146843454,90.37154448,42578410.0
2019-01-04,92.714510448,94.769254412,95.308508484,91.980009212,44060620.0
2019-01-07,94.499627376,94.890121704,96.013350746,93.885993432,35656136.0
2019-01-08,95.801275136,95.57813552,96.665941148,94.567870908,31514415.0
2019-01-09,96.563668824,96.944865668,97.512012192,95.991408683,32280840.0
2019-01-10,95.968629848,96.32193424,96.4613965,95.187641192,30067556.0
2019-01-11,95.940737396,95.57813552,96.173174496,94.499627376,28314202.0
2019-01-14,94.74136196,94.88082422,95.644705505,94.146322984,28437079.0
2019-01-15,95.308508484,97.632879484,97.67006942,94.722766992,31587616.0
2019-01-16,97.865316584,97.976886392,98.790416242,97.586392064,29853865.0
2019-01-17,97.623582,98.664900208,99.13442315,97.400442384,28393015.0
2019-01-18,99.910763064,100.143200164,100.31985236,98.469653044,37427587.0
2019-01-22,99.2506417,98.255810912,99.57605364,97.493417224,32371253.0
2019-01-23,98.664900208,99.213451764,99.520268736,97.939696456,25874294.0
2019-01-24,99.352914024,98.73928008,99.4830788,97.939696456,23164838.0
2019-01-25,99.706218416,99.641136028,100.301257392,99.101881956,31218193.0
2019-01-28,98.795064984,97.697961872,98.999609632,97.307467544,29476719.0
2019-01-29,97.512012192,95.708300296,97.595689548,94.992394028,31490547.0
2019-01-30,97.270277608,98.906634792,98.906634792,97.000650572,49471866.0
2019-01-31,96.50788392,97.093625412,97.828126648,95.931439912,55636391.0
2019-02-01,96.48464021,95.559540552,96.786715465,95.15974874,35535690.0
2019-02-04,95.643217908,98.311595816,98.36738072,95.550243068,31315282.0
2019-02-05,98.609115304,99.687623448,99.734110868,98.516140464,27325365.0
2019-02-06,99.4830788,98.581222852,99.4830788,98.116348652,20609759.0
2019-02-07,97.795585454,97.874614068,98.172133556,96.963460636,29760697.0
2019-02-08,97.056435476,98.246513428,98.348785752,96.935847108,21461093.0
2019-02-11,98.73928008,97.8560191,99.092584472,97.591040806,18914123.0
2019-02-12,98.683495176,99.380806476,99.613243576,98.069861232,25056595.0
2019-02-13,99.947953,99.306426604,100.208282552,99.213451764,18394869.0
2019-02-14,98.841552404,99.39010396,99.752705836,98.237215944,21784703.0
2019-02-15,100.329149844,100.617371848,100.69175172,99.82001962,26606886.0
2019-02-19,100.217580036,100.570884428,101.026461144,100.208282552,18038460.0
2019-02-20,100.710942341,100.048001779,100.785639869,99.245003351,21607671.0
2019-02-21,99.814572003,102.158206949,102.223567286,99.78656043,29063231.0
2019-02-22,102.755787175,103.614808748,103.829564142,102.541031781,27763218.0
2019-02-25,104.352446839,104.193714592,104.744608862,103.885587288,23750599.0
2019-02-26,103.885587288,104.9126783,105.73435111,103.801552569,21536733.0
2019-02-27,104.287086502,104.735271671,104.9126783,103.530774029,21487062.0
2019-02-28,104.613888188,104.604550997,105.398212233,104.324435266,29083934.0
2019-03-01,105.407549424,105.071410548,105.528932908,104.263743524,23501169.0
2019-03-04,105.528932908,104.81930639,105.743688301,103.456076501,26608014.0
2019-03-05,104.809969199,104.296423693,104.940689873,103.857575715,19538318.0
2019-03-06,104.45515594,104.343109648,105.192794031,104.044319535,17686996.0
2019-03-07,104.016307962,103.073251669,104.156365828,102.583049141,25338954.0
2019-03-08,101.924777174,103.185297962,103.372041782,101.588638297,22818430.0
2019-03-11,103.63348313,105.351526278,105.46357257,103.624145939,26491618.0
2019-03-12,105.342189087,106.089164369,106.434640436,105.183363468,26132717.0
2019-03-13,106.565361111,106.910837179,107.37769673,106.238559425,35513771.0
2019-03-14,106.948185943,106.994871898,107.56444055,106.752104931,30763367.0
2019-03-15,107.695161224,108.227381112,109.478564709,106.994871898,54630661.0
2019-03-18,108.470148079,109.777354822,109.814703586,108.358101787,31207596.0
2019-03-19,110.262888755,109.85205235,110.58969044,109.235797742,37588697.0
2019-03-20,109.609285383,109.730668867,110.879143362,108.974356394,28113343.0
2019-03-21,109.371187012,112.251710442,112.811941903,109.329169653,29854446.0
2019-03-22,111.579432689,109.291820889,111.663467408,109.282483698,33624528.0
2019-03-25,108.834298529,109.861389541,110.188191227,108.61244687,27067117.0
2019-03-26,110.757759879,110.094819316,110.837126002,109.105077068,26097665.0
2019-03-27,110.062139148,109.03037954,110.374935047,107.864631241,22733427.0
2019-03-28,109.655971338,109.179774596,109.786692013,108.432799315,18334755.0
2019-03-29,110.244214373,110.122830889,110.477644148,109.207786169,25399752.0
2019-04-01,111.065887182,111.13124752,111.21388166,110.272225946,22789103.0
2019-04-02,111.168596284,111.289979767,111.560758306,110.664387969,18142297.0
2019-04-03,111.915571565,112.018280666,112.447791453,111.252631003,22860744.0
2019-04-04,112.13966415,111.448712014,112.261047633,110.533667294,20112848.0
2019-04-05,111.476723587,111.943583138,112.261047633,111.458049205,15826245.0
2019-04-08,111.86888561,111.980931902,112.064966622,110.776434261,15116186.0
2019-04-09,110.76709707,111.374014486,111.616781453,110.720411115,17611981.0
2019-04-10,111.822199655,112.223698869,112.373093925,111.616781453,16477169.0
2019-04-11,112.550500555,112.354419543,112.839953476,111.971594711,14209121.0
2019-04-12,112.643872465,112.933325386,112.961336959,112.391768307,19745143.0
2019-04-15,112.923988195,113.026697297,113.521568421,112.578512128,15792572.0
2019-04-16,113.577591567,112.765255948,113.586928758,112.13966415,14071787.0
2019-04-17,113.204103926,113.69897505,113.773672578,112.550500555,19300938.0
2019-04-18,114.091137073,115.192925613,115.332983479,113.261807766,27990998.0
2019-04-22,114.492636287,115.557076063,115.781168648,114.445950332,15648724.0
2019-04-23,115.874540558,117.125724154,117.256444829,115.6224364,24025521.0
2019-04-24,117.45252584,116.724224941,117.508548986,116.266702581,31256980.0
2019-04-25,121.439506406,120.589822023,122.662678429,120.29103191,38033892.0
2019-04-26,121.103367529,121.280774158,121.864535341,120.46843854,23654933.0
2019-04-29,121.290111349,121.168727866,121.551552698,120.776565843,16324183.0
2019-04-30,121.20607663,121.943714721,122.037086631,120.818303087,24166503.0
2019-05-01,121.878354384,119.403998763,121.990400676,119.235929325,26821692.0
2019-05-02,119.497370673,117.844687863,119.516045056,117.200421683,27350161.0
2019-05-03,118.91846483,120.356392247,120.851263371,118.815755729,24911126.0
2019-05-06,118.012757301,119.656102921,120.038927753,117.751315953,24239464.0
2019-05-07,118.078117638,117.200421683,118.750395392,115.98658685,36017661.0
2019-05-08,117.125724154,117.191084492,117.994082919,116.481457974,28418996.0
2019-05-09,116.051947187,117.181747301,117.45252584,115.379669434,27235835.0
2019-05-10,116.63085303,118.703709437,119.450684718,115.613099209,30915084.0
2019-05-13,115.883877749,115.174251231,117.228433256,114.88479831,33944923.0
2019-05-14,115.659785164,116.462783592,117.536560559,115.501052917,25266315.0
2019-05-15,116.453411973,118.102840631,118.749491639,115.928593763,24722708.0
2019-05-16,118.786978654,120.830020969,121.251749888,118.515197796,30112216.0
2019-05-17,120.244286361,120.024050148,122.263899292,119.883473842,25770539.0
2019-05-20,118.571428318,118.290275706,119.573643663,117.859831057,23706934.0
2019-05-21,119.424257908,118.92755496,119.515445072,118.62765884,15293260.0
2019-05-22,118.665145855,119.649179998,120.183369961,118.571428318,15396485.0
2019-05-23,118.271532198,118.252788691,118.355877982,116.903256152,23603810.0
2019-05-24,118.936926714,118.309019213,119.410200278,118.055981862,14123358.0
2019-05-28,119.00252899,118.234045183,119.958447872,118.130955892,23128359.0
2019-05-29,117.503048392,117.090691227,117.512420145,116.24723339,22763140.0
2019-05-30,117.390587347,117.831059773,117.859175034,116.940743167,16829613.0
2019-05-31,116.425296712,115.909850256,116.786109231,115.572467121,26646769.0
2019-06-03,116.069170069,112.31109682,116.556501264,111.533241259,37983637.0
2019-06-04,113.660629358,115.422519061,115.534980106,113.072270658,29382642.0
2019-06-05,117.100062981,117.92477731,117.962264325,116.406553204,24926140.0
2019-06-06,118.496454288,119.789756304,119.93033261,117.709226974,21458961.0
2019-06-07,121.073686567,123.144844143,123.941443211,120.202113469,33885588.0
2019-06-10,124.082019517,124.269454592,125.656474145,123.707149368,26477098.0
2019-06-11,125.469039071,123.800866905,125.806422205,123.028353244,23913731.0
2019-06-12,123.144844143,123.229189927,123.679034106,122.498193135,17092464.0
2019-06-13,123.68840586,124.007045487,124.335056868,123.294792203,17200848.0
2019-06-14,123.950814965,124.128878286,125.384693287,123.369766233,17821703.0
2019-06-17,124.297569853,124.503748435,125.328462765,124.203852316,14517785.0
2019-06-18,125.759563437,126.668623549,126.743597579,125.178514705,25934458.0
2019-06-19,126.51867549,127.165326498,127.390248587,125.403436794,23744441.0
2019-06-20,128.814755156,128.346167469,129.011561984,127.193441759,33042592.0
2019-06-21,127.99941258,128.364910976,129.077164261,127.886951536,36727892.0
2019-06-24,128.393026238,129.124023029,129.705071761,128.393026238,20628841.0
2019-06-25,128.627320081,125.047310152,128.945959708,124.391287391,33327420.0
2019-06-26,125.909511496,125.515897839,127.212185266,125.206629966,23657745.0
2019-06-27,125.712704668,125.722076422,126.246894631,125.122284182,16557482.0
2019-06-28,126.115690079,125.544013101,126.14380534,124.790336665,30042969.0
2019-07-01,128.046271349,127.155954744,128.111873625,126.490560228,22654160.0
2019-07-02,127.568311908,127.99941258,128.008784334,126.837315117,15237843.0
2019-07-03,128.205591163,128.82412691,129.086536014,127.732317599,13629296.0
2019-07-05,127.399620341,128.44925676,128.702294111,127.193441759,18141140.0
2019-07-08,127.830721013,128.355539223,128.486743775,126.865524095,16779748.0
2019-07-09,127.455850864,127.886951536,128.364910976,127.268415789,19953097.0
2019-07-10,128.514859036,129.189625305,129.873763328,128.411769745,24204362.0
2019-07-11,129.517636686,129.705071761,130.473555568,129.208368813,22327942.0
2019-07-12,130.126800679,130.173659448,130.389209784,129.339479648,18936832.0
2019-07-15,130.67973415,130.173659448,130.773451687,129.761302284,16651457.0
2019-07-16,130.229889971,128.468000267,130.314235754,127.943182058,22726128.0
2019-07-17,129.049048999,127.708888214,129.264599335,127.662029446,20210956.0
2019-07-18,127.034121945,127.849464521,128.036899595,126.209407616,30808707.0
2019-07-19,131.410730942,128.036899595,131.83245986,127.877579782,48992364.0
2019-07-22,128.777268141,129.733187022,130.445440307,128.702294111,25080760.0
2019-07-23,130.97963027,130.539157844,131.195180606,129.358316873,18034589.0
2019-07-24,130.173659448,131.879318629,131.898062136,130.126800679,20738275.0
2019-07-25,131.60753777,131.382615681,131.776229338,130.568678868,18356883.0
2019-07-26,131.551307248,132.460367361,132.774321111,131.485704972,19037600.0
2019-07-29,132.610315421,132.169842995,132.619687174,130.610664325,16605870.0
2019-07-30,131.335756912,131.53256374,132.347812598,131.017585872,16846528.0
2019-07-31,131.513820233,127.708888214,131.663768293,126.593649519,38598786.0
2019-08-01,128.393026238,129.386432134,132.083904013,128.327423961,40557502.0
2019-08-02,129.414547395,128.2993087,129.630097731,126.762341087,30791624.0
2019-08-05,124.925477354,123.903956196,125.515710404,122.563795411,42749551.0
2019-08-06,125.394065041,126.228151124,127.155954744,124.84113157,32696651.0
2019-08-07,125.384693287,126.781084594,127.127839483,123.546330073,33414539.0
2019-08-08,128.018156088,130.164287694,130.258005232,127.390248587,27496508.0
2019-08-09,129.90187859,129.058420753,130.623503628,127.886951536,23466701.0
2019-08-12,128.458628514,127.259044035,129.198997059,126.743597579,20484348.0
2019-08-13,127.502709632,129.892506836,130.079941911,126.51867549,25496593.0
2019-08-14,128.218779741,125.980874961,128.745345571,125.689383162,32527251.0
2019-08-15,126.366396373,125.698786123,126.545052637,124.354162663,28125416.0
2019-08-16,126.827141474,128.002511632,128.312809353,126.676694094,25026151.0
2019-08-19,129.624522449,130.146386799,130.278028257,128.712435207,24370543.0
2019-08-20,129.958327574,129.065046254,130.428475637,129.046240332,21188998.0
2019-08-21,130.278028257,130.503699327,131.165197652,129.760865388,14982314.0
2019-08-22,130.381460831,129.55400024,130.889220739,128.152959012,18709662.0
2019-08-23,128.998943437,125.426100247,130.089969032,124.871325532,38515386.0
2019-08-26,126.930574048,127.363110266,127.46654284,125.905651271,20325271.0
2019-08-27,128.246988625,127.635796143,128.557286346,126.620276327,23115635.0
2019-08-28,126.827141474,127.46654284,127.654602065,125.576547627,17410828.0
2019-08-29,129.055643293,129.873700923,130.174595683,128.73594261,20179716.0
2019-08-30,130.842205932,129.62922393,130.870414816,128.13415309,23946123.0
2019-09-03,128.453853772,127.917884981,129.008628487,127.598184298,18880773.0
2019-09-04,129.102658099,129.412955821,129.469373588,128.331615276,18015310.0
2019-09-05,130.804594087,131.688472446,132.002249263,130.475490443,26119520.0
2019-09-06,131.669666523,130.795191126,131.810710942,129.948924613,20824504.0
2019-09-09,131.255936228,129.309523247,131.406383608,128.312809353,25773932.0
2019-09-10,128.632510036,127.955496826,128.713563562,126.479231908,28903378.0
2019-09-11,127.795646484,127.993108671,128.13415309,127.024603661,24726117.0
2019-09-12,129.619820969,129.309523247,130.15578976,128.698330765,27009981.0
2019-09-13,129.55400024,129.121464022,129.817283155,128.416241927,23363057.0
2019-09-16,127.720422794,128.190570857,128.538480424,127.560572453,16731440.0
2019-09-17,128.782957416,129.187284751,129.309523247,128.279898989,17976285.0
2019-09-18,129.159075867,130.249819373,130.390863792,128.378536053,24473386.0
2019-09-19,131.923546477,132.647574494,133.869959458,131.710663434,36095413.0
2019-09-20,132.591156727,131.114891809,133.192946247,129.995939419,40040766.0
2019-09-23,130.917429622,130.832802971,131.293548073,130.174595683,17408374.0
2019-09-24,131.979964245,129.177881789,132.290261966,128.707733726,30016670.0
2019-09-25,129.290717325,131.039668119,131.601965202,127.908482019,22544054.0
2019-09-26,131.114891809,131.208921422,131.810710942,130.174595683,17813512.0
2019-09-27,131.782502058,129.506985433,131.979964245,128.486764137,22498958.0
2019-09-30,129.807880194,130.729370397,130.903325181,129.55400024,18430390.0
2019-10-01,131.321756957,128.88638999,131.876531671,128.820569262,22581929.0
2019-10-02,128.115347167,126.610873365,128.228182702,125.604662481,32001763.0
2019-10-03,126.892962203,128.143556051,128.58549523,125.266249905,26379798.0
2019-10-04,128.58549523,129.873700923,129.995939419,128.275197508,23839548.0
2019-10-07,128.952210719,128.933404797,129.93011869,128.839375184,16601284.0
2019-10-08,128.895792952,127.569975414,129.535194317,127.522960608,26783336.0
2019-10-09,129.253105479,129.986536458,130.419072676,128.792360378,20178482.0
2019-10-10,130.221610489,130.795191126,131.331065888,129.995939419,18396605.0
2019-10-11,131.754293175,131.340562879,132.609962649,131.171309577,25551065.0
2019-10-14,131.34996584,131.218324383,131.914143516,131.190115499,13591639.0
2019-10-15,131.697875407,133.122424038,133.324587705,131.462801376,19917762.0
2019-10-16,132.384291579,132.026979051,132.572350804,131.19951846,20841687.0
2019-10-17,132.534738959,131.34996584,132.976678138,130.719967436,22102797.0
2019-10-18,131.415786569,129.206090673,131.64145764,128.406838966,32284428.0
2019-10-21,130.183998644,130.165192722,130.231013451,128.829972223,20716039.0
2019-10-22,130.67295263,128.228182702,131.650860601,128.124750128,27935270.0
2019-10-23,128.707733726,129.046240332,129.243702518,127.513557646,31380309.0
2019-10-24,131.067877003,131.585039872,132.036382012,130.390863792,37278399.0
2019-10-25,131.020862196,132.327873811,132.713395223,130.889220739,25959724.0
2019-10-28,135.778760594,135.581298407,136.972936674,134.941897042,35280137.0
2019-10-29,135.477865834,134.302495676,135.872790207,134.133242373,20589469.0
2019-10-30,134.951300003,135.97622278,136.34293827,134.264883831,18496591.0
2019-10-31,136.248908657,134.810255584,136.277117541,134.452943056,24605135.0
2019-11-01,135.647119136,135.139359228,135.797566516,134.429435653,33128366.0
2019-11-04,136.183087928,135.919805013,136.34293827,135.553089524,16911999.0
2019-11-05,136.314729386,135.835178361,136.361744192,135.313314012,18250172.0
2019-11-06,135.75055171,135.459059911,135.891596129,134.650405243,16575798.0
2019-11-07,135.252194763,135.647119136,136.230102734,135.186374035,17786715.0
2019-11-08,135.383836221,137.24562255,137.273831434,135.176971073,16752939.0
2019-11-11,136.662638952,137.386666969,137.678158768,136.089058315,14370178.0
2019-11-12,137.546517311,138.28935125,138.759499313,137.339652163,18648712.0
2019-11-13,137.979053529,138.515022321,138.65841748,137.546517311,17444230.0
2019-11-14,138.242336444,139.220244415,139.549348059,138.223530522,19755100.0
2019-11-15,140.038302045,141.016210016,141.035015938,139.417706602,23508807.0
2019-11-18,141.110239628,141.364119582,141.561581769,140.085316851,21554762.0
2019-11-19,141.87187949,141.411134389,142.295012747,141.227776644,23960164.0
2019-11-20,141.816837614,141.165825586,142.316890332,140.071370582,25720060.0
2019-11-21,140.958256534,141.033736189,141.335654811,140.110053906,18576083.0
2019-11-22,141.590398648,141.137520715,141.807402657,140.411029032,15841680.0
2019-11-25,141.52435395,142.684853652,142.798073135,141.448874294,22428585.0
2019-11-26,142.807508092,143.439650206,143.807613527,142.769768264,24635100.0
2019-11-27,143.722698914,143.713263957,143.883093182,142.958467403,15201293.0
2019-11-29,143.505694905,142.826378006,143.694394043,142.732028437,11977300.0
2019-12-02,143.232081154,141.099780888,143.250951068,139.939281185,27473616.0
2019-12-03,139.15617976,140.873341921,140.986561404,138.363643378,25192145.0
2019-12-04,141.656443347,141.382829596,141.694088825,140.769557395,17580617.0
2019-12-05,141.571528734,141.458309251,141.826272571,141.033736189,17880601.0
2019-12-06,142.458414686,143.175471412,143.288690895,141.779097787,16410400.0
2019-12-09,142.533894341,142.807508092,143.609479431,142.38293503,16741350.0
2019-12-10,142.741463393,142.590504083,143.307560809,142.246128155,16481060.0
2019-12-11,142.977337317,143.128296628,143.288690895,141.835707528,18860001.0
2019-12-12,143.081121843,144.581279995,144.769979133,142.486719556,24645366.0
2019-12-13,144.358143263,145.798389439,146.138047888,144.194446761,23850062.0
2019-12-16,146.345616941,146.741885132,147.090978538,146.07200319,24152770.0
2019-12-17,146.666405476,145.94934875,146.911714357,145.722909783,25443527.0
2019-12-18,145.581385429,145.647430128,146.694710347,145.468165946,24132379.0
2019-12-19,145.298336722,146.911714357,146.968324098,145.062462798,25813825.0
2019-12-20,148.459047293,148.515657035,149.534632383,147.458941858,53599613.0
2019-12-23,149.185538977,148.515657035,149.185538977,148.383567638,17726283.0
2019-12-24,148.581701733,148.487352164,148.798705743,148.237325805,8989150.0
2019-12-26,148.657181389,149.704461608,149.761071349,148.506222078,14526927.0
2019-12-27,150.440388248,149.978075359,150.534737818,149.279888546,18414352.0
2019-12-30,150.003077995,148.685486259,150.0346851,147.874079963,16356720.0
2019-12-31,147.911819791,148.789270786,148.855315484,147.609901169,18393383.0
2020-01-02,149.808246134,151.544278209,151.648062735,149.383673072,22634546.0
2020-01-03,149.374238115,149.657286823,150.907418616,149.128929235,21121681.0
2020-01-06,148.204303456,150.044120057,150.110164756,147.666510911,20826702.0
2020-01-07,150.317733808,148.676051302,150.647957301,148.430742422,21881740.0
2020-01-08,149.949770488,151.044225492,151.714107434,149.024295563,27762026.0
2020-01-09,152.690625476,152.931216878,153.049153839,151.931111443,21399951.0
2020-01-10,153.623270969,152.223595108,153.997367011,152.072635797,20733946.0
2020-01-13,152.619863299,154.053976753,154.082281623,152.148115453,21637007.0
2020-01-14,154.157761279,152.968956706,154.355895374,152.582123471,23500783.0
2020-01-15,153.431269595,153.959627183,154.67668391,153.384094811,21417871.0
2020-01-16,155.063517144,156.780679305,156.846724004,154.761598522,23865360.0
2020-01-17,157.960048922,157.6581303,158.004864967,156.082492492,34371659.0
2020-01-21,157.261862109,157.092032884,158.686540605,157.025988185,29517191.0
2020-01-22,157.941179008,156.33723633,158.02609362,156.318366416,24138777.0
2020-01-23,156.799549219,157.299601936,157.375081592,155.931533182,19680766.0
2020-01-24,158.044963534,155.714529172,158.063833448,155.157866713,24918117.0
2020-01-27,152.044330926,153.11048106,154.143608843,151.148010018,32078067.0
2020-01-28,154.525724599,156.110797363,156.389128593,153.858673144,24899940.0
2020-01-29,158.356317113,158.545016251,159.214898193,156.327801373,35127771.0
2020-01-30,164.215425366,163.017185836,164.215425366,161.139629407,51597470.0
2020-01-31,162.479393291,160.611271819,162.658657473,159.997999618,36142690.0
2020-02-03,160.799970957,164.526778945,164.639998428,160.771666087,30149052.0
2020-02-04,167.130827058,169.942444223,170.433061983,166.347725632,36433339.0
2020-02-05,173.631512382,169.73487517,173.79190665,168.329160937,39186324.0
2020-02-06,170.744415562,173.254114105,173.433283937,169.884890985,27751381.0
2020-02-07,172.513469986,173.499422985,175.141105491,172.169094058,33529074.0
2020-02-10,173.20693932,178.037637269,178.169726666,172.895585742,35844267.0
2020-02-11,179.87745387,174.018345616,179.924628655,173.131459665,53159906.0
2020-02-12,175.093930706,174.273089454,175.348674544,171.574691772,47062921.0
2020-02-13,172.735191474,173.329593761,175.707202907,172.53894437,35295834.0
2020-02-14,172.895585742,174.876926697,174.933536439,172.329488326,23149516.0
2020-02-18,175.117518099,176.6506986,177.094141576,175.018451051,27853113.0
2020-02-19,177.918436099,177.180499376,178.031964825,176.414180471,29997471.0
2020-02-20,176.868295377,174.474731391,177.152117194,171.333769954,36862376.0
2020-02-21,173.292140488,168.959127421,173.604344487,167.691389974,48600385.0
2020-02-24,158.722620569,161.674367462,165.136993625,154.427450412,68311066.0
2020-02-25,164.805868172,159.006442386,165.411354714,158.605496766,68073295.0
2020-02-26,160.55800165,160.993195102,163.916559813,159.138892567,56387148.0
2020-02-27,154.512596957,149.649783165,158.022526755,149.460568621,93174906.0
2020-02-28,144.19094356,153.273241691,154.881565318,143.803053744,97073557.0
2020-03-02,156.395281673,163.471905634,163.594895088,153.557063507,71030810.0
2020-03-03,164.427439083,155.638423496,165.56272635,153.509759871,71677019.0
2020-03-04,159.399062566,161.352702737,161.494613645,156.688564217,49814383.0
2020-03-05,157.090645124,157.303511486,161.655446008,156.754789308,47817251.0
2020-03-06,153.840885324,152.856969693,154.313921685,147.587344632,72821057.0
2020-03-09,142.856981022,142.497473387,149.242971895,141.9109083,70419274.0
2020-03-10,149.630861711,152.242022424,152.346090423,144.351775922,65354385.0
2020-03-11,148.656406807,145.34515228,149.195668259,142.99889193,56504304.0
2020-03-12,137.464366506,131.560872721,145.193780645,131.106757814,93226366.0
2020-03-13,139.545726495,150.264730435,153.178634419,133.140814167,92727446.0
2020-03-16,132.45018108,128.117168013,141.29596103,127.71981747,87905868.0
2020-03-17,132.45018108,138.665878863,139.54553728,127.71981747,81059817.0
2020-03-18,130.558035636,132.828610168,138.126617412,127.738738924,81593173.0
2020-03-19,135.070802519,135.014038156,142.052819208,131.504108358,85922661.0
2020-03-20,138.126617412,129.943088366,139.167297406,128.53344001,84866215.0
2020-03-23,129.621423641,128.646968737,132.989442531,125.373557119,78975176.0
2020-03-24,135.997953787,140.340427581,141.532479211,133.651693436,82516727.0
2020-03-25,140.879689033,138.997004316,146.007403186,136.650743965,75638224.0
2020-03-26,140.397191944,147.691412631,148.211752628,140.368809763,64694427.0
2020-03-27,143.566535563,141.627086483,146.53720391,141.154050122,57042291.0
2020-03-30,144.219325741,151.589232246,151.939279153,141.920369027,63420326.0
2020-03-31,150.803991886,149.205128986,155.893863131,148.117145356,77927186.0
2020-04-01,144.749126466,143.907121743,149.242971895,142.686687932,57969926.0
2020-04-02,143.670603562,146.887250817,147.095386816,142.251494479,49630735.0
2020-04-03,146.735879182,145.534366825,148.892924988,143.982807561,41243284.0
2020-04-06,151.674378791,156.357438764,157.521108213,149.082139532,67111697.0
2020-04-07,160.43974256,154.673429319,160.83236274,154.455832593,62769038.0
2020-04-08,156.735867853,156.224988583,157.681940575,154.682890047,48318234.0
2020-04-09,157.388658031,156.234449311,158.344191481,154.522057684,51431775.0
2020-04-13,155.48705186,156.584496218,156.641260581,153.54760278,41905264.0
2020-04-14,159.886290018,164.332831811,164.380135447,158.940217296,52874338.0
2020-04-15,161.967650006,162.610979457,164.209842357,160.113347471,40940833.0
2020-04-16,164.900475444,167.492714702,167.719772156,163.575973633,50479610.0
2020-04-17,169.820053599,168.968588149,170.29308996,166.385809618,52765625.0
2020-04-20,167.104824886,165.619490713,169.110499057,165.553265622,36669595.0
2020-04-21,164.143617267,158.769924206,164.304355022,157.152329065,56203749.0
2020-04-22,162.147403823,164.162538721,164.616653628,161.608142372,34651604.0
2020-04-23,164.720721627,162.175786005,165.619490713,161.693288917,32790804.0
2020-04-24,162.781272547,165.136993625,165.146454352,161.504074372,34305320.0
2020-04-27,167.066981977,164.663957264,167.360264521,163.954402722,33194384.0
2020-04-28,166.120909255,160.652608922,166.196595073,160.255258379,34392694.0
2020-04-29,163.878716904,167.861683064,168.098201244,162.610979457,51286559.0
2020-04-30,170.29308996,169.545692509,170.671519048,166.726395798,53875857.0
2020-05-01,166.319584527,165.155915079,169.006431058,164.626114355,39370474.0
2020-05-04,165.080229261,169.195645602,169.347017238,164.427439083,30372862.0
2020-05-05,170.879655047,171.012105228,173.746255395,170.198482687,36839168.0
2020-05-06,172.260921221,172.696114673,174.266595392,171.83575614,32139299.0
2020-05-07,174.23821321,173.698951759,174.597720845,172.733957582,28315992.0
2020-05-08,175.004248293,174.720710298,175.02345357,173.471894305,30912638.0
2020-05-11,173.273219034,176.669620106,177.398096102,172.989397217,30892660.0
2020-05-12,176.726384469,172.667732492,176.953441922,172.46905722,32038199.0
2020-05-13,172.705575401,170.056571779,174.124684484,167.019678341,44711488.0
2020-05-14,167.965751063,170.794508502,170.945880138,166.2060558,41873911.0
2020-05-15,169.403781601,173.282679761,176.972363377,167.454871794,46610382.0
2020-05-18,175.733008111,174.938307025,176.158740836,174.039537939,35306620.0
2020-05-19,175.051835751,173.72733394,176.537169925,173.594883759,26799116.0
2020-05-20,175.330649707,176.137051159,176.317305601,174.505274104,31261334.0
2020-05-21,175.890387186,174.021433233,177.095245825,173.888614171,29119513.0
2020-05-22,173.793743412,174.09732984,174.998602051,173.177083478,20826898.0
2020-05-26,176.78217232,172.256837116,176.933965535,171.810944549,36073609.0
2020-05-27,170.957107718,172.484526937,172.653112276,167.541760394,39517146.0
2020-05-28,171.469409816,172.095556826,174.702036058,171.127875084,33831824.0
2020-05-29,173.35733792,173.850665867,174.818347609,171.156336311,42146720.0
2020-06-01,173.177083478,173.452208679,173.61348897,172.152479281,22668821.0
2020-06-02,174.799373457,175.425520466,175.51090415,172.048121446,30794585.0
2020-06-03,175.335393245,175.852438882,176.402689284,174.163739372,27311016.0
2020-06-04,174.846808837,173.537592362,176.307818525,172.949393657,28761809.0
2020-06-05,173.252980085,177.598060848,178.10087587,172.674268455,39893643.0
2020-06-08,176.402689284,178.698561652,178.878816094,174.979627899,33211590.0
2020-06-09,178.35702692,180.064700582,180.918537413,177.655457657,29783916.0
2020-06-10,181.321738138,186.743602015,188.337430766,181.212636765,43872329.0
2020-06-11,183.223896856,176.715762789,185.718997818,176.526021271,52854672.0
2020-06-12,180.766744198,178.110362946,181.886219154,175.681671516,43373587.0
2020-06-15,175.112446962,179.248812054,181.032382323,174.571683635,32770189.0
2020-06-16,182.996207035,183.641328196,185.548230452,181.639555181,42556656.0
2020-06-17,185.026441277,184.276962281,186.250274068,183.755173107,25687822.0
2020-06-18,184.04927246,186.250274068,186.411554359,184.04927246,23061648.0
2020-06-19,188.403840298,185.140286188,189.067935611,184.400294268,44441141.0
2020-06-22,185.747459046,190.282281326,190.462535768,185.216277666,32818929.0
2020-06-23,191.724316863,191.553549496,193.48891298,191.093426315,30917447.0
2020-06-24,191.263529586,187.692309605,192.824817667,186.47796389,36740647.0
2020-06-25,187.654361302,190.06407858,190.320229629,185.441500848,27803933.0
2020-06-26,189.48536695,186.259761144,189.637160165,184.884135139,54675780.0
2020-06-29,185.73797197,188.261534159,188.346917842,183.622354044,26701586.0
2020-06-30,187.731775841,193.07148164,193.915831396,187.597438846,34310283.0
2020-07-01,192.720459832,194.200443673,195.765811196,191.420730434,32061206.0
2020-07-02,195.130177111,195.680427513,197.350152871,194.48505595,29315762.0
2020-07-06,198.121926496,199.892689213,200.300633476,197.416562403,31897629.0
2020-07-07,199.655512315,197.568355617,203.659058345,197.321691644,33600732.0
2020-07-08,199.295003431,201.913436379,202.321380643,197.985786957,33600025.0
2020-07-09,205.233912944,203.327010688,205.281348324,200.623194057,33121681.0
2020-07-10,202.662915375,202.710350755,203.099320867,200.253198097,26177633.0
2020-07-13,203.478803903,196.448880661,204.731097922,195.908117335,38135606.0
2020-07-14,195.557095526,197.663226376,198.137580171,191.667394407,37591820.0
2020-07-15,198.81116256,197.369127023,200.490374994,194.513517177,32179409.0
2020-07-16,194.864538986,193.460451752,195.149151263,191.933032532,29940653.0
2020-07-17,193.982240927,192.473795859,194.523004253,191.06022155,31635281.0
2020-07-20,194.48505595,200.746526044,201.410621357,192.597127845,36884836.0
2020-07-21,202.700863679,198.042709412,202.966501804,197.359639947,38105777.0
2020-07-22,198.469627828,200.888832182,201.410621357,197.70117468,49605692.0
2020-07-23,196.562725572,192.151235278,200.101404882,191.781239318,67457035.0
2020-07-24,190.139975187,190.974837867,192.454821707,187.3792361,39826989.0
2020-07-27,191.136118157,193.394042221,193.507887132,190.557406527,30160867.0
2020-07-28,193.166352399,191.657907331,194.200443673,191.392269206,23251388.0
2020-07-29,192.113286975,193.593270815,194.153008293,191.648420255,19632602.0
2020-07-30,190.69022559,193.441477601,193.972753851,189.333573736,25079596.0
2020-07-31,193.915831396,194.494543025,194.579926709,188.802297485,51247969.0
2020-08-03,200.670629436,205.433141538,206.476719887,199.646025239,78983009.0
2020-08-04,203.18470455,202.349841871,203.753929104,199.522693252,49280056.0
2020-08-05,203.877261091,202.017794214,203.97213185,200.718064816,28858621.0
2020-08-06,201.44856966,205.252887096,205.272335602,200.699090664,32656843.0
2020-08-07,203.829825711,201.581388723,204.636227163,200.110891958,27820421.0
2020-08-10,200.812935575,197.568355617,201.012164169,195.765811196,36716462.0
2020-08-11,196.529520806,192.948149654,196.999131063,192.720459832,36446459.0
2020-08-12,194.760181151,198.460140752,199.494232025,194.247879052,28041364.0
2020-08-13,198.697317649,197.995274033,200.509349146,197.473484858,22588870.0
2020-08-14,198.052196488,198.185015551,198.839623788,196.866312,17958936.0
2020-08-17,198.849110864,199.494232025,200.355089292,198.199246164,20184757.0
2020-08-18,199.731408922,200.642168209,201.467543812,198.479114903,21336167.0
2020-08-19,201.12717886,199.424887262,201.707289405,198.99693686,27627561.0
2020-08-20,199.272727119,204.065771619,204.465191995,198.673596556,26981478.0
2020-08-21,203.381050976,202.582210226,205.653943111,202.420540075,36249319.0
2020-08-24,204.265481807,203.219380825,204.959712459,202.021119699,25460147.0
2020-08-25,202.658290298,205.863163307,205.996303432,202.658290298,23043696.0
2020-08-26,207.204074566,210.313847486,211.207788326,206.709554102,39600828.0
2020-08-27,211.96858904,215.477782335,219.823856416,208.649595924,57602195.0
2020-08-28,216.999383764,217.693614416,219.342649965,215.477782335,26292896.0
2020-08-31,215.877202711,214.479231398,217.493904229,213.319010308,28774156.0
2020-09-01,214.46021138,216.133972952,216.305153112,213.433130415,25791235.0
2020-09-02,216.799673577,220.299356863,221.450067943,216.210053023,34080839.0
2020-09-03,218.035974738,206.652494048,218.074014773,204.427342159,58400288.0
2020-09-04,204.560292084,203.751941325,207.660459895,195.135873234,59664072.0
2020-09-08,196.381684404,192.729840975,199.738717556,192.292380564,52924330.0
2020-09-09,197.427785386,200.936978681,204.312936752,196.571884583,45678986.0
2020-09-10,202.943590566,195.307053395,204.217931762,194.10879227,35461514.0
2020-09-11,197.047385029,194.032712198,198.407316306,191.379419707,33620073.0
2020-09-14,194.232422386,195.345093431,198.949386815,194.032712198,30375768.0
2020-09-15,198.207606119,198.54996644,199.500967333,196.790614788,21823942.0
2020-09-16,200.299808083,195.002733109,200.32833811,194.612822743,26372464.0
2020-09-17,190.247728644,192.967591198,194.318012466,190.162138564,34011257.0
2020-09-18,192.8629811,190.571068948,193.671331859,186.633925251,55225326.0
2020-09-21,187.52786609,192.615720868,192.77739102,186.757555367,39839657.0
2020-09-22,195.012243118,197.256605226,197.903285833,192.173505452,33517065.0
2020-09-23,197.713085654,190.761269126,197.903285833,190.228708626,30803780.0
2020-09-24,190.057528466,193.233871448,195.497253574,189.439377885,31202493.0
2020-09-25,193.57623177,197.637005583,198.797226672,192.615720868,29437312.0
2020-09-28,200.547068315,199.177627029,202.154259825,197.865245797,32004936.0
2020-09-29,199.092036949,197.104445083,199.776757592,196.676494681,24464472.0
2020-09-30,197.551415502,200.024017824,201.593169298,196.41972444,33829088.0
2020-10-01,203.029180646,202.049649726,203.504681093,200.965508708,27158418.0
2020-10-02,197.808185744,196.086874127,200.651678414,195.468723547,33154781.0
2020-10-05,197.066405047,200.071567869,200.100097896,196.838164833,21331561.0
2020-10-06,198.588006476,195.820593877,199.88136769,194.784002904,28554261.0
2020-10-07,196.914244904,199.548517378,199.814797628,196.5909046,25681054.0
2020-10-08,200.195197985,200.261768047,200.841878592,198.112506029,19925837.0
2020-10-09,200.879918628,205.235502718,205.283052762,200.879918628,26458047.0
2020-10-12,208.069485379,210.55159771,212.891059906,206.186503611,40461368.0
2020-10-13,211.806918888,211.940059013,214.174911112,209.629126843,28950843.0
2020-10-14,212.073199139,210.038057227,213.233420228,208.392825683,23451713.0
2020-10-15,206.46229387,208.896856156,209.562556781,205.425702896,22733064.0
2020-10-16,209.362846593,208.896856156,211.397988504,208.573515852,26057882.0
2020-10-19,209.61486183,203.723411298,211.407498513,203.247910851,27625841.0
2020-10-20,205.225992709,204.132341682,206.719064111,202.648875389,22753511.0
2020-10-21,202.677310316,204.274991816,206.291113709,202.677310316,22724906.0
2020-10-22,203.447621039,204.360581896,205.468497937,201.326889048,22351450.0
2020-10-23,204.493722021,205.634923093,205.682473138,202.715350351,18879608.0
2020-10-26,203.371540968,199.786267601,205.739438091,197.903285833,37111561.0
2020-10-27,201.222278949,202.800940432,204.1513617,200.023066823,36700325.0
2020-10-28,197.494355449,192.748860993,198.607026494,192.197280475,51195593.0
2020-10-29,194.070752234,194.688902814,197.199545172,193.405051609,31432563.0
2020-10-30,193.528681725,192.549150805,194.27997243,189.83879826,36980111.0
2020-11-02,194.27997243,192.41601068,195.221463315,190.314298707,30842163.0
2020-11-03,193.899572073,196.315114341,197.922305851,193.167301386,27512030.0
2020-11-04,203.533211119,205.787083236,207.622514959,202.010183189,42311777.0
2020-11-05,211.160238281,212.348989397,213.138320139,210.313847486,36080137.0
2020-11-06,211.369458478,212.757919781,213.366560353,207.3467247,25231895.0
2020-11-09,213.43788542,207.689085022,216.942323711,207.204074566,44394950.0
2020-11-10,203.989691548,200.670698431,205.891693334,199.443907279,44045120.0
2020-11-11,201.983079664,205.939243379,207.356234709,201.802389494,29440788.0
2020-11-12,206.566903968,204.883632387,208.373805665,203.951651512,21616115.0
2020-11-13,205.758553209,205.901203343,206.766614156,203.666351244,18630307.0
2020-11-16,204.341561878,206.585923986,207.070934441,204.008711566,24953344.0
2020-11-17,205.511292977,203.951651512,207.013874388,203.590271173,24154112.0
2020-11-18,203.713278868,201.262807879,205.162584666,201.119784281,28372789.0
2020-11-19,201.548855076,202.540485359,203.12211466,200.166293624,24792746.0
2020-11-20,202.330717415,200.604899326,203.365254778,200.23303797,22843119.0
2020-11-23,201.138854094,200.337921942,202.416531574,198.478615161,25683507.0
2020-11-24,199.8421068,203.913511906,204.285373262,199.146058621,33979731.0
2020-11-25,205.105375227,203.923046812,205.277003545,202.578624986,21012887.0
2020-11-27,204.857467656,205.219794106,206.211424389,204.085140224,14512213.0
2020-11-30,204.142349663,204.113744943,204.771653497,201.029202668,33064753.0
2020-12-01,204.533280833,206.154214949,207.212589579,203.42723167,30931318.0
2020-12-02,204.886072376,205.353282798,205.448631863,202.902811809,23724509.0
2020-12-03,204.628629898,204.275838355,206.312208351,203.713278868,25120922.0
2020-12-04,204.256768542,204.390257234,205.362817704,203.265138259,24666039.0
2020-12-07,204.399792141,204.323512888,205.515376209,203.083975034,24619997.0
2020-12-08,204.018395878,205.963516818,206.859798036,202.988625968,23284094.0
2020-12-09,205.15304976,201.949321152,205.215026652,201.390575627,32440603.0
2020-12-10,201.920716432,200.728853111,203.169789193,200.576294606,26467017.0
2020-12-11,200.280712502,203.341417511,203.398626951,199.384431285,30979440.0
2020-12-14,203.188859006,204.237698729,206.154214949,202.979091062,28798379.0
2020-12-15,205.157817213,204.170954383,205.40095733,202.368857041,27018106.0
2020-12-16,204.76211859,209.081431266,209.872828512,204.733513871,35023253.0
2020-12-17,209.643990754,209.214919958,210.616551224,207.784683973,32515784.0
2020-12-18,208.423522713,208.423522713,209.472362436,205.973051725,63354922.0
2020-12-21,207.43189243,212.237485341,213.581907168,207.174545302,37181886.0
2020-12-22,212.332834407,213.524697728,215.136096938,211.531902255,22643397.0
2020-12-23,212.733300483,210.74050501,213.161322439,210.530737065,18699638.0
2020-12-24,211.121901272,212.390043846,213.210045811,210.912133328,10550572.0
2020-12-28,214.010977963,214.497258198,215.517493201,212.647486324,17933496.0
2020-12-29,215.784470585,213.724930766,216.614007457,213.181441092,17403213.0
2020-12-30,214.754700676,211.369808843,215.136096938,211.169575805,20272337.0
2020-12-31,211.388878656,212.075391929,212.628416511,209.462827529,20942132.0
2021-01-04,212.180275902,207.565381122,212.628416511,204.81932803,37130139.0
2021-01-05,207.155380139,207.76561416,208.356778367,205.667934714,23822953.0
2021-01-06,202.302112695,202.378391948,206.421096984,202.082809844,35930653.0
2021-01-07,204.085140224,208.137475516,209.138640706,203.770488307,27694480.0
2021-01-08,208.509336872,209.40561809,210.320969121,206.932358675,22956206.0
2021-01-11,208.309103834,207.37468299,208.728639723,206.650030091,23047029.0
2021-01-12,206.43072724,204.933746909,207.002821634,203.398817649,23249336.0
2021-01-13,204.066070411,206.278168735,206.678634811,203.977014383,20087080.0
2021-01-14,205.868167752,203.112579754,207.346078271,202.84560237,29346737.0
2021-01-15,203.589325082,202.759788211,204.533280833,202.168624003,31746512.0
2021-01-19,203.808627933,206.373517801,206.888402755,202.740718397,30480859.0
2021-01-20,207.574916028,213.906093991,215.288655444,207.184747652,37777260.0
2021-01-21,214.249350627,214.506793105,215.774935679,212.075391929,30749553.0
2021-01-22,216.518658391,215.441213949,219.369595455,215.29819035,30172663.0
2021-01-25,218.463779331,218.854710501,219.093083165,213.791675112,33152095.0
2021-01-26,221.076343732,221.52448434,223.288442056,219.379130362,49169601.0
2021-01-27,226.930776366,222.067974015,229.257293569,219.436339801,69870638.0
2021-01-28,224.651933695,227.817522677,231.354973014,224.156118554,49111159.0
2021-01-29,225.014260145,221.171692797,226.949846179,220.590063496,42503138.0
2021-02-01,224.127513834,228.50403595,231.221484322,221.619833406,33314193.0
2021-02-02,230.077295534,228.370547258,231.040321097,227.588684919,25916337.0
2021-02-03,228.427756697,231.698229651,233.691025124,228.132174593,27158104.0
2021-02-04,231.374042827,230.7542739,231.926972059,229.190549223,25296100.0
2021-02-05,230.964041845,230.935437125,231.965207034,229.238223755,18054752.0
2021-02-08,231.841253249,231.192879602,232.346603297,229.610085112,22211929.0
2021-02-09,230.620785208,232.432417456,233.376373207,230.153574786,23564953.0
2021-02-10,233.605210965,231.526601332,234.482422369,229.686364364,22186706.0
2021-02-11,233.39544302,233.118930729,233.748234563,230.887762592,15751059.0
2021-02-12,232.588027132,233.595676058,233.891258162,231.440787173,16561079.0
2021-02-16,233.633815684,232.36567311,234.682655407,231.621950398,26728487.0
2021-02-17,230.626323372,233.378701175,233.483826716,230.263162412,21673109.0
2021-02-18,231.085053006,232.986869613,233.120665756,230.186707473,16925563.0
2021-02-19,232.948642143,230.291833014,233.053767684,229.536840492,25262600.0
2021-02-22,226.899145098,224.118096693,227.386545334,222.101597678,36446936.0
2021-02-23,220.118547699,222.933045139,224.423916449,218.594227354,30228704.0
2021-02-24,219.817506377,224.156324163,224.777520542,218.852262773,26339746.0
2021-02-25,221.795777922,218.842705905,224.189964336,217.781893627,39542235.0
2021-02-26,221.265371783,222.082483944,224.939987287,219.36833361,37819227.0
2021-03-01,225.446501258,226.440415464,226.946929435,222.818362731,25332837.0
2021-03-02,226.507313536,223.506457182,226.78446269,223.105068752,22812459.0
2021-03-03,221.867454428,217.476073871,223.229212459,217.18936785,34029526.0
2021-03-04,216.687632313,216.68285388,222.187609485,214.322307639,44727785.0
2021-03-05,219.345874972,221.337048289,222.933045139,216.424818461,41872770.0
2021-03-08,221.117240339,217.313607126,223.02383538,217.065128574,35267440.0
2021-03-09,222.560327312,223.420445375,224.953271333,221.40394636,33080531.0
2021-03-10,226.497756669,222.120711413,226.497756669,221.757550453,29746812.0
2021-03-11,224.548155725,226.621995944,228.571596888,223.926959346,29907586.0
2021-03-12,223.640253325,225.303148247,225.370046319,222.89481767,22653662.0
2021-03-15,224.548155725,224.404802714,224.763185241,221.537742503,26042669.0
2021-03-16,225.809662218,227.176294252,229.41737965,225.484728727,28092196.0
2021-03-17,225.685422942,226.535984138,227.979071111,222.89481767,29562100.0
2021-03-18,222.254507556,220.49604396,223.812276938,220.123326133,34852251.0
2021-03-19,220.782749981,220.142439867,222.172318497,219.186370856,46430730.0
2021-03-22,220.065984928,225.532513064,226.402187995,219.941745653,30127005.0
2021-03-23,226.961264736,227.052054976,230.368287953,226.56465474,31638376.0
2021-03-24,227.305311961,225.025999094,227.453443406,224.89220295,25620127.0
2021-03-25,224.873089216,222.044256474,226.440415464,221.308377687,34061853.0
2021-03-26,221.289263952,226.000799565,226.220607515,221.289263952,25479853.0
2021-03-29,226.105925106,224.815748011,226.306619321,221.604640575,25227455.0
2021-03-30,223.176745257,221.575969973,223.487343447,220.85920492,24792012.0
2021-03-31,222.588997914,225.322261982,228.504698816,222.092040811,43623471.0
2021-04-01,227.902616172,231.610680711,232.078967213,227.501323311,30337982.0
2021-04-05,232.002512274,238.032895584,238.88345678,231.945171069,36910609.0
2021-04-06,236.637592948,236.876514632,238.348272207,235.93994163,22931923.0
2021-04-07,236.828730295,238.826115576,239.810472915,236.236204519,22719835.0
2021-04-08,241.568936511,242.027666145,242.877271654,240.833057724,23625197.0
2021-04-09,241.664505185,244.512451661,244.646247804,241.253559888,24326833.0
2021-04-12,243.422968781,244.569792865,246.251801522,243.336956974,27148668.0
2021-04-13,245.857389606,247.035464647,247.704445363,245.449024663,23837469.0
2021-04-14,246.065442609,244.263973109,247.360398137,243.853027812,23070938.0
2021-04-15,246.501235761,248.000708251,248.411653548,246.309142727,25627481.0
2021-04-16,247.972037649,249.185759805,249.434238357,246.186241412,24878582.0
2021-04-19,248.6601321,247.274386331,249.89296799,246.39611022,23209260.0
2021-04-20,246.395154533,246.815656697,248.669688967,245.458581531,19722875.0
2021-04-21,247.465523678,249.032849927,249.128418601,245.850413093,24030383.0
2021-04-22,248.679245834,245.773958154,250.179674011,244.311757446,25606152.0
2021-04-23,246.452495737,249.577591367,249.921638592,245.869526827,21499286.0
2021-04-26,250.064991603,249.959866062,250.805648824,248.641018365,19763346.0
2021-04-27,249.993315098,250.361254491,251.527192311,248.593234028,31014213.0
2021-04-28,244.730348237,243.27961577,245.171779941,241.740960124,46903119.0
2021-04-29,244.139733834,241.320457959,244.751373345,237.965997513,40589023.0
2021-04-30,238.673205698,241.005081336,241.865199399,238.539409555,30945098.0
2021-05-03,242.171019155,240.69926158,243.078921555,239.992053395,19626568.0
2021-05-04,239.848700384,236.809616561,240.078065201,234.869572485,32756052.0
2021-05-05,238.023338717,235.548110068,238.443840881,234.926913689,21901325.0
2021-05-06,235.528996333,238.663648831,238.787888106,233.846987676,26491085.0
2021-05-07,240.976410734,241.272673623,243.031137219,240.039837732,27032912.0
2021-05-10,239.753131711,236.226647651,240.575022305,236.169306447,29299890.0
2021-05-11,233.713191533,235.318745251,235.672349344,231.820931794,33641589.0
2021-05-12,231.433878665,228.409130143,233.550724788,227.520341477,36684370.0
2021-05-13,231.085053006,232.260547693,234.716662607,230.721892046,29624298.0
2021-05-14,234.692770438,237.153663786,238.138021125,234.611537066,23901081.0
2021-05-17,235.624565007,234.315274177,235.662792476,232.728834194,24970168.0
2021-05-18,235.35697272,232.308332029,235.490768864,232.136308417,20167975.0
2021-05-19,229.233494202,232.883068449,232.988436734,228.553389815,25739807.0
2021-05-20,233.687698991,236.101590619,237.509694068,233.591909641,21800716.0
2021-05-21,237.14090507,234.84675013,237.873693599,234.434855924,21863058.0
2021-05-24,237.35164164,240.220532682,240.584532213,237.088220927,21411547.0
2021-05-25,241.167889356,241.120952575,242.107582883,240.258848422,17704303.0
2021-05-26,240.843163459,240.900637069,242.289582648,240.191795877,17771600.0
2021-05-27,240.594111148,238.812429232,240.891058134,238.754955622,24426244.0
2021-05-28,240.426479785,239.166849829,241.465794236,239.051902608,18274942.0
2021-06-01,240.651584758,236.982852642,240.709058368,236.5613795,23213310.0
2021-06-02,237.677325431,236.887063291,238.774113492,235.488538777,19406705.0
2021-06-03,234.894644805,235.364012622,235.967485529,232.768121229,25307711.0
2021-06-04,237.327694303,240.230111617,241.053900029,237.088220927,25281094.0
2021-06-07,239.454217879,243.122949996,243.391160177,239.291375984,23079167.0
2021-06-08,244.416106225,241.935162052,245.230315703,241.877688442,22454998.0
2021-06-09,243.122949996,242.912213425,244.770526821,242.548213894,17937634.0
2021-06-10,243.582738877,246.408524711,246.619261282,242.988844906,24563619.0
2021-06-11,247.122155371,247.031155488,247.602826331,245.805051804,18999731.0
2021-06-14,247.040734423,248.946942494,249.004416104,245.98705157,19150507.0
2021-06-15,248.836784741,247.481365435,249.042731844,246.829997853,18038931.0
2021-06-16,248.477574678,246.542629802,249.607889011,243.707265033,27219956.0
2021-06-17,245.282999845,249.914414932,250.72862441,245.230315703,27565537.0
2021-06-18,248.697890183,248.506311483,251.255465836,247.854943901,37202217.0
2021-06-21,248.879889949,251.571570692,252.42409591,247.059892293,26696119.0
2021-06-22,251.657781108,254.330303981,254.598514162,251.351255187,24694090.0
2021-06-23,254.790092862,254.105199008,255.594723405,253.295778998,19518681.0
2021-06-24,254.952934758,255.460618315,256.571774778,254.291988241,21446867.0
2021-06-25,255.019987303,253.860936165,255.997038676,253.611883854,25611113.0
2021-06-28,254.976882096,257.405142126,257.577562956,254.713461382,19590024.0
2021-06-29,257.544036684,259.972296714,260.211770089,256.696300933,19937811.0
2021-06-30,259.292192327,259.493349962,259.933789395,258.25220735,21656457.0
2021-07-01,258.257667343,260.163875414,260.393769855,258.248088408,16725323.0
2021-07-02,261.332505488,265.959131107,266.294393834,261.025979567,26474408.0
2021-07-06,266.323130639,265.968710042,267.606516354,262.750187872,31565560.0
2021-07-07,267.635444738,268.143128294,268.875437877,265.480184356,23260031.0
2021-07-08,265.24071098,265.738815602,266.993656091,263.296187169,24618591.0
2021-07-09,264.110396647,266.236920223,266.342288509,263.727239245,23916665.0
2021-07-12,267.402676616,265.643026251,267.989865334,264.934185059,18931695.0
2021-07-13,265.834604952,269.148916472,270.937974168,265.710078797,26120128.0
2021-07-14,270.456441104,270.614493532,271.71607106,268.737022266,23113662.0
2021-07-15,270.125967846,269.196811148,270.614493532,268.047338944,22604227.0
2021-07-16,270.193020391,268.928600967,272.137544202,267.692918348,26186848.0
2021-07-19,267.188587419,265.346079266,268.564601436,262.893871898,32935634.0
2021-07-20,266.323130639,267.558813257,269.139337537,264.627659138,26259741.0
2021-07-21,267.161287454,269.551231744,269.666178964,265.614289446,24364320.0
2021-07-22,271.888491891,274.091646948,274.359857129,271.48617662,23384059.0
2021-07-23,275.269855957,277.473011014,277.779536934,274.436488609,22768071.0
2021-07-26,276.831222367,276.879117042,277.492168884,274.572509486,23176073.0
2021-07-27,277.243116573,274.474804349,277.382011131,271.035966673,33604073.0
2021-07-28,276.821643431,274.168278428,277.932799895,271.879200324,33566853.0
2021-07-29,274.182646831,274.436488609,276.465307048,274.034173338,18168294.0
2021-07-30,273.16249025,272.913437939,274.589751569,271.955544436,20944846.0
2021-08-02,274.302383519,272.827227524,274.699909322,271.792702541,16267357.0
2021-08-03,273.401963626,275.030382581,275.135750866,272.041754852,17879048.0
2021-08-04,274.168278428,274.446067544,275.478964108,272.664385628,16191301.0
2021-08-05,274.80048814,277.329326988,277.434695273,274.053331208,13900167.0
2021-08-06,276.357065083,277.271853378,277.310169118,275.512969328,16589336.0
2021-08-09,277.549642494,276.189433719,279.273850799,275.691329098,16117629.0
2021-08-10,276.639643666,274.379014999,277.070695742,273.191227055,18616578.0
2021-08-11,275.116592996,274.867540685,276.505538575,273.823436767,13955934.0
2021-08-12,274.561014764,277.607116104,277.760379064,274.283225649,14570391.0
2021-08-13,277.291011248,280.519112353,280.567007028,277.118590417,18249046.0
2021-08-16,280.844796144,282.195425983,282.406162554,277.80827374,22516027.0
2021-08-17,280.078481342,280.739427859,281.074690585,278.823640853,20075250.0
2021-08-18,280.278758939,279.021516184,282.946800817,278.580041629,21812985.0
2021-08-19,277.06703155,284.81826904,285.490078146,277.01568614,29850461.0
2021-08-20,287.649464557,292.102599201,293.522995596,286.056317249,40817646.0
2021-08-23,291.032503269,292.380920117,293.100715587,289.693683693,22830157.0
2021-08-24,292.736019215,290.43267371,293.340647411,289.841001833,18175774.0
2021-08-25,292.045015564,289.84724006,292.323336479,288.321273663,20006057.0
2021-08-26,288.868318221,287.044836362,290.249365797,286.910474541,17666084.0
2021-08-27,286.945984451,287.649464557,288.753150945,284.875852678,22605726.0
2021-08-30,288.988284132,291.363609185,291.96823738,288.935499131,16348072.0
2021-08-31,292.160182839,289.722475512,292.236961023,289.357779141,26285338.0
2021-09-01,290.667806897,289.674489148,292.899172855,289.348181868,18983826.0
2021-09-02,290.029588246,289.021874588,291.143063853,288.090939112,16290545.0
2021-09-03,288.868318221,289.012277315,290.413479164,288.167717296,14751610.0
2021-09-07,288.88271413,288.090939112,288.96429095,286.19067907,17184083.0
2021-09-08,287.707048195,288.119730931,288.503621849,285.485375482,15046819.0
2021-09-09,288.705164581,285.278938141,289.972004609,285.039006318,19927000.0
2021-09-10,286.397020439,283.800958108,287.841410016,283.484248101,19633363.0
2021-09-13,285.566856329,285.029409045,286.51698635,282.236602619,23652949.0
2021-09-14,287.49590819,287.716645468,289.252209138,286.094706341,21853433.0
2021-09-15,291.046899178,292.544073757,293.023937404,289.664891875,28356304.0
2021-09-16,291.526762825,292.927964674,293.014340131,288.647580943,19550815.0
2021-09-17,291.920251015,287.793423651,292.236961023,287.467116371,41372457.0
2021-09-20,284.395989031,282.447742624,286.689737263,277.860246158,38278661.0
2021-09-21,283.781763562,282.927606271,285.557259056,282.227005346,22364103.0
2021-09-22,284.775081312,286.555375442,288.129328204,282.649285355,26626342.0
2021-09-23,286.809703175,287.49590819,288.781942764,285.55140472,18604601.0
2021-09-24,286.219470889,287.294365458,287.726242741,284.971825407,14998978.0
2021-09-27,284.213640845,282.322978075,284.530350852,281.147216168,23571742.0
2021-09-28,278.124171164,272.101882394,279.069502549,271.362892378,43186237.0
2021-09-29,273.618251519,272.562551496,275.2209961,271.612421474,26353696.0
2021-09-30,274.203685168,270.566318724,276.238307032,270.278400536,32343635.0
2021-10-01,270.759895719,277.457160695,278.301720714,269.961690529,30086280.0
2021-10-04,275.825624295,271.708394204,276.161528848,268.963574143,31350747.0
2021-10-05,272.607082842,277.130853415,278.702886723,272.607082842,24993024.0
2021-10-06,274.270866079,281.305667144,281.804725337,274.0110679,28002559.0
2021-10-07,283.287504006,282.975592635,284.693504492,282.083046252,20430471.0
2021-10-08,284.289459301,282.975592635,284.694368246,281.929489885,17685700.0
2021-10-11,281.123318958,282.380561713,285.969941793,280.955366682,19298634.0
2021-10-12,283.445859009,281.084929866,283.541831739,280.5762744,17974143.0
2021-10-13,283.033176273,284.376794485,285.30772996,281.670363516,23424025.0
2021-10-14,287.160003637,290.557438258,291.056496451,285.835579972,27262902.0
2021-10-15,290.163950067,291.958640107,292.188974658,288.416382638,25384803.0
2021-10-18,291.344414639,294.914600173,295.797549283,290.49985462,22729297.0
2021-10-19,295.92999165,295.816743829,296.843652034,294.847419262,17682139.0
2021-10-20,296.757276577,295.029767448,297.227542951,293.782121966,16537069.0
2021-10-21,294.799624843,298.244853883,298.494382979,294.022053789,16918100.0
2021-10-22,297.899352057,296.709290213,298.56156389,295.404061093,17449332.0
2021-10-25,296.901235671,295.7207711,296.939624763,294.118026519,17554469.0
2021-10-26,298.475188434,297.621031142,299.814008009,296.168675828,28107349.0
2021-10-27,303.273824904,310.155069601,312.964479309,303.273824904,52588690.0
2021-10-28,311.263554626,311.287547808,311.786606001,308.418059172,26297943.0
2021-10-29,311.076407804,318.264765236,318.629461608,310.855670526,34765982.0
2021-11-01,318.010437503,316.105378824,318.140000688,313.226196942,27073182.0
2021-11-02,317.007522481,319.71395345,320.021066184,316.71000702,26487109.0
2021-11-03,320.452943466,320.548916196,321.41267076,317.333829761,21500082.0
2021-11-04,319.483618899,322.890650793,322.986623522,316.239740645,23992202.0
2021-11-05,324.877286291,322.525954421,325.146009934,320.953633195,22570098.0
2021-11-08,323.716016266,323.418500805,324.051920819,320.971196205,20897001.0
2021-11-09,323.530884871,322.420384419,325.078829023,321.057571661,21307370.0
2021-11-10,321.095960753,317.477788855,321.153832309,316.633228836,25500938.0
2021-11-11,317.909666137,319.042144344,320.332593663,317.199467939,16849844.0
2021-11-12,320.472138012,323.159374435,323.648835355,320.347373464,23831049.0
2021-11-15,323.946350816,322.535551694,324.272658096,320.581546923,16723009.0
2021-11-16,322.161258049,325.837013585,326.950297246,321.998104409,20886832.0
2021-11-17,325.885088014,326.058154976,329.009908148,324.981293884,19053380.0
2021-11-18,325.154360845,328.125343679,329.259893759,324.13518874,22463533.0
2021-11-19,329.442575551,329.894472616,331.807824021,329.019522979,21963403.0
2021-11-22,331.346312125,326.740807989,336.201801871,326.471592716,31031113.0
2021-11-23,324.067884921,324.673619286,326.375444405,320.71230884,30427563.0
2021-11-24,323.327542921,324.894760403,325.135131182,321.049789414,21661307.0
2021-11-26,321.471880503,316.981754342,324.913990065,315.481840678,24217242.0
2021-11-29,322.039155542,323.664062012,325.971621495,321.846858919,28563481.0
2021-11-30,322.404519127,317.856703979,324.769767598,316.31833099,42885609.0
2021-12-01,322.221837335,317.366347589,326.211992275,316.702924238,33401146.0
2021-12-02,317.577873875,316.799072549,320.645005021,315.176858233,30765980.0
2021-12-03,319.202780344,310.568661945,319.885433358,305.780476017,41779279.0
2021-12-06,311.472456076,313.62617826,314.837646989,306.934255759,30032556.0
2021-12-07,318.866261253,322.01992588,322.866031024,317.385577251,31021936.0
2021-12-08,322.394904296,322.068000036,322.577586089,318.058615434,24760988.0
2021-12-09,321.52956949,320.270026605,323.528492892,319.32777315,22214158.0
2021-12-10,322.077614867,329.346427239,329.788709474,321.894933075,38095694.0
2021-12-13,327.55806864,326.327370249,330.548281137,326.019695651,28899431.0
2021-12-14,320.385404579,315.693366964,321.750710607,311.626293374,44438699.0
2021-12-15,315.952967405,321.760325438,322.279526322,312.001271791,35381122.0
2021-12-16,322.779497543,312.385865038,323.789054817,310.578276776,35034831.0
2021-12-17,308.520702903,311.328233608,312.4050947,305.030519185,47983713.0
2021-12-20,307.722671915,307.588064279,310.36675049,305.338193783,28326532.0
2021-12-21,310.837877218,314.68380969,315.106862262,307.482301136,24740597.0
2021-12-22,315.654907639,320.366174917,320.75557558,313.203125688,24831493.0
2021-12-23,319.933507514,321.798784763,323.433306064,319.914277852,19617848.0
2021-12-27,322.539126764,329.259893759,329.288738252,322.51028227,19947029.0
2021-12-28,329.932931941,328.106114017,330.567510799,327.211934717,15661467.0
2021-12-29,328.154188173,328.7791522,331.038637527,326.596585522,15041956.0
2021-12-30,328.740692875,326.250451599,329.913702279,325.76971004,15994471.0
2021-12-31,325.471650274,323.366002245,326.284103508,322.91410518,18000797.0
2022-01-03,322.433363621,321.85647375,324.981293884,317.077902654,28918013.0
2022-01-04,321.933392399,316.337560653,322.289141153,313.558874442,32674306.0
2022-01-05,313.308888831,304.194028872,313.510800286,303.809435625,40054327.0
2022-01-06,301.088438401,301.790321077,306.424669706,299.492376425,39646148.0
2022-01-07,302.049921519,301.944158376,304.309406847,298.14630006,32720018.0
2022-01-10,297.564602774,302.165299493,302.597966896,292.954291223,44289467.0
2022-01-11,301.309579518,302.847952507,304.415169989,297.954003437,29386774.0
2022-01-12,307.357308331,306.011231965,310.953255192,304.867067055,34372217.0
2022-01-13,308.122456596,293.060054366,308.520702903,292.290867872,45365979.0
2022-01-14,292.531238651,298.252063203,298.848182736,292.050497092,39846414.0
2022-01-18,292.35817169,290.992865662,297.867469956,290.117916025,42434112.0
2022-01-19,294.492664212,291.646674182,301.818492533,291.040939818,45933855.0
2022-01-20,297.16558728,289.983308388,299.645636834,289.541026154,35380675.0
2022-01-21,291.026517571,284.627847421,292.396631014,284.224024511,57984403.0
2022-01-24,280.945367079,284.954751681,285.666249188,265.417414723,86035393.0
2022-01-25,280.291558559,277.378264711,283.627904978,274.18614076,72848638.0
2022-01-26,296.122378097,285.281655941,296.617541903,281.743398067,90428853.0
2022-01-27,291.002480493,288.291098101,295.463762161,286.454665345,53481317.0
2022-01-28,288.666076517,296.386785954,296.59831224,283.108704095,49743698.0
2022-01-31,297.050209306,299.002020035,300.3480964,294.569582861,46444536.0
2022-02-01,298.453974658,296.867527513,298.665500944,293.376670757,40950396.0
2022-02-02,297.704017826,301.386498168,302.982560144,296.982905487,36635989.0
2022-02-03,297.569410189,289.646789297,299.242390815,288.406476075,43729972.0
2022-02-04,288.646846854,294.15614512,296.905986838,288.416090906,35096488.0
2022-02-07,294.377286238,289.358344362,295.982963045,288.348787088,28533286.0
2022-02-08,289.646789297,292.829298418,293.791743019,288.396861244,32421188.0
2022-02-09,297.929966359,299.223161152,299.915428997,295.550295642,31284671.0
2022-02-10,292.329327196,290.73326522,297.213661436,289.117973582,45386199.0
2022-02-11,291.512066546,283.675979134,292.569697976,282.887562977,39175620.0
2022-02-14,282.454895574,283.63751981,285.329730097,280.128106429,36359487.0
2022-02-15,288.452627264,288.896832465,289.214121894,285.579715708,27379488.0
2022-02-16,287.466077725,288.559617511,289.879573023,282.952215261,29982121.0
2022-02-17,285.534318015,280.109975289,285.958245333,279.40664133,32461580.0
2022-02-18,282.345228419,277.412255993,283.125640073,275.84661533,34264008.0
2022-02-22,274.589285445,277.209927046,280.890386942,274.107549856,41736117.0
2022-02-23,279.580066141,270.032066777,281.04454233,269.868276677,37811167.0
2022-02-24,262.555530444,283.828974032,284.378152603,261.601693979,56989686.0
2022-02-25,284.358883179,286.449615633,286.75792641,281.001186127,32546721.0
2022-02-28,283.559202102,287.875552975,288.212767887,282.297054861,34627457.0
2022-03-01,285.572856862,284.175823656,289.012448964,281.47810436,31217778.0
2022-03-02,284.570846838,289.224412623,290.45765573,282.969557742,31873007.0
2022-03-03,291.825784801,285.110390697,292.057017884,283.308699596,27314469.0
2022-03-04,283.539932679,279.271755365,284.859888191,276.675200543,32369655.0
2022-03-07,277.990338699,268.721745977,279.107965265,268.355626929,43157178.0
2022-03-08,267.65229297,265.773524175,273.58727542,260.13721779,48159475.0
2022-03-09,273.086270408,277.961434564,279.021252859,270.523437078,35204480.0
2022-03-10,272.681612514,275.157733439,276.130839328,270.330742842,30628012.0
2022-03-11,277.441160128,269.839372542,278.934540453,269.222750989,27209330.0
2022-03-14,270.09950976,266.341972169,274.973903138,265.74462004,30660747.0
2022-03-15,270.109144471,276.660748475,277.306274164,268.543503809,34245085.0
2022-03-16,278.549151982,283.636279797,283.809704608,272.855037326,37826329.0
2022-03-17,282.576461502,284.435960873,284.811714632,278.799654488,30816633.0
2022-03-18,284.58048155,289.455645706,290.004824277,282.036917643,43390625.0
2022-03-21,287.971900093,288.232037311,289.176239064,284.127650097,28351245.0
2022-03-22,288.848658864,292.953046078,293.858708985,287.856283552,27599689.0
2022-03-23,289.5327234,288.549982799,292.153365001,286.844735163,25715377.0
2022-03-24,288.212767887,292.991584925,293.087932043,287.417904166,24484456.0
2022-03-25,294.080307355,292.586927031,294.340444573,288.352952944,22566453.0
2022-03-28,293.213183296,299.350494693,299.446841811,293.213183296,29578188.0
2022-03-29,302.443237172,303.888443937,304.28346712,297.760767251,30393403.0
2022-03-30,302.298716495,302.395063613,304.408718373,300.198349329,28163555.0
2022-03-31,302.43360246,297.04779858,303.628306719,296.643140686,33422070.0
2022-04-01,298.069078028,298.117251587,298.801316123,294.37898342,27110529.0
2022-04-04,298.762777275,303.464516619,303.599402584,298.396658228,24335868.0
2022-04-05,301.826615618,299.523919505,303.363352146,298.550813616,23156719.0
2022-04-06,294.041768508,288.559617511,295.785651339,285.871532927,40110372.0
2022-04-07,285.823359368,290.361308612,292.558022896,285.524683303,31411155.0
2022-04-08,289.465280417,286.122035433,290.120440818,285.457240321,24361917.0
2022-04-11,281.131254736,274.839787951,281.921301101,274.589285445,34569264.0
2022-04-12,278.669585879,271.756680184,280.118646529,270.244030436,30966721.0
2022-04-13,272.402205873,277.113579928,278.038512258,271.02444209,21907176.0
2022-04-14,277.566411381,269.608139459,277.773557684,269.116769159,28221607.0
2022-04-18,268.721745977,270.272934572,272.142068655,268.172567406,20778000.0
2022-04-19,269.17457743,274.878326798,275.716546722,268.240010388,22297720.0
2022-04-20,278.828558623,275.899606245,279.117599976,274.945962474,22906667.0
2022-04-21,278.038512258,270.552341213,282.586096214,269.82973783,29454587.0
2022-04-22,271.390561137,264.020006633,272.855037326,263.393750368,29405798.0
2022-04-25,263.307037962,270.465628807,270.841382566,260.879090596,35678852.0
2022-04-26,267.363251617,260.349181448,268.191740482,260.13721779,46518445.0
2022-04-27,271.795219031,272.874306749,280.341208371,268.962613771,63477694.0
2022-04-28,274.767527612,279.050156994,280.350843083,271.174936287,33646570.0
2022-04-29,278.067416393,267.382521041,279.291024788,266.39978044,37073923.0
2022-05-02,267.565580564,274.078645721,274.531477174,266.13000851,35151105.0
2022-05-03,273.58727542,271.486908255,273.751065521,269.916450236,25978605.0
2022-05-04,272.267319908,279.387371906,280.254495965,266.621378811,33599320.0
2022-05-05,275.10955988,267.21873094,275.889971533,264.318682698,43260386.0
2022-05-06,264.766696795,264.694436457,269.049326177,261.360826184,37780322.0
2022-05-09,260.19502606,254.91520401,262.411009767,253.701230327,47725952.0
2022-05-10,261.765484079,259.655482201,263.750234703,255.387304887,39336424.0
2022-05-11,255.975022305,251.032415167,261.44753859,249.828076196,48975898.0
2022-05-12,248.276887601,246.022365046,250.386889478,240.887063673,51033802.0
2022-05-13,247.9493074,251.581593738,253.431458398,246.022365046,34925093.0
2022-05-16,250.459149817,251.947712785,256.10990827,246.436657653,32550933.0
2022-05-17,256.389314911,257.073379447,258.528220924,252.872645115,28828799.0
2022-05-18,253.983091025,245.368911664,254.56252013,244.103824784,31355985.0
2022-05-19,245.195082932,244.461139399,248.835829142,243.244338279,32692286.0
2022-05-20,248.420571617,243.901024598,249.676001344,237.990847727,39199279.0
2022-05-23,246.73057006,251.713660363,252.534518262,244.7411968,33175379.0
2022-05-24,249.04828648,250.718973733,252.370346682,244.808796862,29043904.0
2022-05-25,249.289715274,253.51954774,255.508921001,248.309514371,28547947.0
2022-05-26,253.278118947,256.783665032,257.952180394,252.466338771,25002105.0
2022-05-27,259.275210184,263.872014417,263.968585934,258.386752223,26910806.0
2022-05-31,263.186356642,262.548984627,265.349558634,259.709782012,37827695.0
2022-06-01,265.759987584,263.080127973,268.169446945,260.781725857,25292174.0
2022-06-02,255.383378028,265.166072751,265.233672813,252.63108978,44008209.0
2022-06-03,261.042468954,260.762411553,264.074814603,259.207610121,28058958.0
2022-06-06,262.73247051,259.535953281,264.779786681,258.058409063,22400342.0
2022-06-07,257.493465686,263.157385187,263.765785747,256.822293639,22860677.0
2022-06-08,262.394470199,261.139040471,263.640242775,260.366468331,17372341.0
2022-06-09,258.599209561,255.711721188,263.358350515,255.55720676,26439728.0
2022-06-10,251.646060301,244.316282123,251.646060301,243.872053142,31445841.0
2022-06-13,236.706446544,233.954158295,240.486448882,233.249186217,46135788.0
2022-06-14,235.499302575,236.107703135,237.314847104,233.229871914,28651487.0
2022-06-15,239.796735104,243.128452458,246.547084177,237.971533423,33111729.0
2022-06-16,237.546618746,236.571246419,238.934737739,234.688101828,33169160.0
2022-06-17,236.310503322,239.159363088,241.911651337,235.663474155,43084780.0
2022-06-21,241.675051119,245.040568504,246.015940831,240.955593314,29928297.0
2022-06-22,243.25399543,244.451482247,248.352971554,241.786108364,25961215.0
2022-06-23,246.807827274,249.9850302,250.477544939,244.934339835,25861449.0
2022-06-24,252.831958536,258.521952347,258.792352596,252.746975601,33923231.0
2022-06-27,259.00963851,255.808292705,259.101381452,254.253491273,24615114.0
2022-06-28,254.929491896,247.686628084,257.759037359,247.532113656,27380247.0
2022-06-29,248.758571928,251.337031445,252.988404394,246.991313158,20069839.0
2022-06-30,248.237085733,248.024628395,250.632059367,244.229367757,31730868.0
2022-07-01,247.599713718,250.680345126,250.863831009,245.880740706,22837692.0
2022-07-05,247.377599228,253.838233748,253.963776721,246.006283679,22971634.0
2022-07-06,254.707377406,257.083036736,258.802009748,253.403661919,23824419.0
2022-07-07,256.030407196,259.197952969,259.830496409,255.933835678,20859874.0
2022-07-08,255.711721188,258.48332374,258.908238417,254.258319849,19658751.0
2022-07-11,256.542236238,255.441320939,257.392065592,253.191204581,19519108.0
2022-07-12,256.764350729,244.972968442,256.822293639,243.398852707,35868450.0
2022-07-13,241.612279633,244.055539026,244.857082621,239.603592069,29497423.0
2022-07-14,241.979251399,245.368911664,246.39005889,237.507990139,25102823.0
2022-07-15,246.952684551,247.918399726,251.443163543,246.037862565,29774050.0
2022-07-18,250.844516706,245.533083243,251.897146246,244.615653827,20975034.0
2022-07-19,248.7440862,250.632059367,250.815545251,244.982625594,25012562.0
2022-07-20,250.989373982,253.278118947,255.788978402,250.033315959,22788282.0
2022-07-21,250.883145313,255.760006946,255.808292705,248.21777143,22404675.0
2022-07-22,256.146293017,251.433602963,256.233207382,250.187830387,21881290.0
2022-07-25,252.046832099,249.956058745,252.534518262,248.005314091,21055998.0
2022-07-26,250.950745375,243.263652582,250.970059679,241.013536224,39347957.0
2022-07-27,252.206175103,259.526296129,260.791383008,249.975373048,45994049.0
2022-07-28,260.501668456,266.933331521,268.314304221,258.686123927,33459327.0
2022-07-29,268.179104097,271.114878229,272.33167935,267.14578886,32152752.0
2022-08-01,268.294989918,268.478475801,271.636364423,266.382873871,21539580.0
2022-08-02,266.5373883,265.397844393,268.36258998,263.041499366,22754184.0
2022-08-03,267.271331833,272.785565482,273.780252112,267.126474556,23518874.0
2022-08-04,272.138536315,273.925109388,274.069966665,270.562199434,18098668.0
2022-08-05,269.579391101,273.210480159,273.925109388,269.125504969,16774606.0
2022-08-08,274.311395458,270.709277856,276.117282836,269.743562681,18757818.0
2022-08-09,270.052591537,272.621393902,273.374651738,268.092189731,23405238.0
2022-08-10,278.290141979,279.246200003,279.873914866,277.102312314,24687845.0
2022-08-11,280.878258648,277.179569528,281.225916111,276.687054789,20065938.0
2022-08-12,278.589513684,281.901916734,281.901916734,277.102312314,22619675.0
2022-08-15,281.023115925,283.408432407,284.094090181,280.163629419,18085654.0
2022-08-16,281.979173948,282.674488874,283.958890057,280.463001123,18102882.0
2022-08-17,280.40024124,281.929309996,283.893873017,280.138944681,18253358.0
2022-08-18,280.834767741,280.816380205,282.500291366,279.761516317,17186192.0
2022-08-19,279.587318611,276.925964765,279.926036373,276.354983394,20570033.0
2022-08-22,272.987161072,268.796738471,273.354911786,268.283823002,25061070.0
2022-08-23,267.528966275,267.528966275,269.87095766,266.522490638,17527409.0
2022-08-24,266.532168289,266.899919002,268.293500653,266.241838778,18137019.0
2022-08-25,268.390277156,269.861280009,270.025800065,265.670857408,16583407.0
2022-08-26,270.083865967,259.448128233,271.303249911,259.341674079,27549307.0
2022-08-29,257.280334554,256.680320233,258.780370358,255.344804484,20338544.0
2022-08-30,258.073901883,254.493171253,258.441652596,252.257634023,22767071.0
2022-08-31,256.835162638,253.041523701,258.499718498,252.906036596,24791834.0
2022-09-01,250.52533461,252.006015113,252.480219981,247.176867589,23263431.0
2022-09-02,253.259270834,247.805914862,256.206115365,246.267168456,22855380.0
2022-09-06,247.941401967,245.086495113,249.518858974,243.818722917,21328242.0
2022-09-07,246.489754414,249.770477883,250.486624009,245.057462162,24126700.0
2022-09-08,249.209174162,250.186616848,252.035048065,246.576853267,20319911.0
2022-09-09,252.102791617,255.935141156,256.680320233,251.89956096,22093190.0
2022-09-12,257.212591002,258.054546582,258.82875861,256.61257668,18747690.0
2022-09-13,250.496301659,243.867111169,252.006015113,243.480005155,33353318.0
2022-09-14,245.357469323,244.089697127,246.034904848,241.805771645,23912954.0
2022-09-15,241.718672791,237.470184288,243.296129799,236.15402384,31530948.0
2022-09-16,236.386287449,236.850814665,237.392763085,234.259817337,39791768.0
2022-09-19,234.649149211,236.637906358,237.237920679,233.086208679,26826931.0
2022-09-20,234.262043197,234.634632735,235.660463672,231.915212987,26660299.0
2022-09-21,236.395965099,231.247455113,239.676688568,231.199066861,28625557.0
2022-09-22,230.202655981,233.212018134,235.999181435,229.911939364,31061162.0
2022-09-23,231.818436483,230.250657127,233.357182889,227.618336232,34176048.0
2022-09-26,229.403862721,229.79580756,233.6668677,229.263536791,27694190.0
2022-09-27,232.244253099,228.789331924,234.005585463,226.940900707,27018732.0
2022-09-28,229.176437938,233.299116987,234.518500931,227.163486665,29029679.0
2022-09-29,231.189389211,229.844195812,232.215220148,226.853801854,27484233.0
2022-09-30,230.60873019,225.392476651,232.786201518,225.227956595,35694832.0
2022-10-03,227.821566889,232.979754525,233.821710106,227.095743113,28880357.0
2022-10-04,237.189532428,240.85736191,242.289654162,237.078239449,34888416.0
2022-10-05,238.060520959,241.167046722,242.50256247,236.231445043,20347136.0
2022-10-06,239.937985127,238.834732987,242.270298861,238.147619812,20239886.0
2022-10-07,233.136532461,226.689281798,233.541058246,225.65377321,37769602.0
2022-10-10,225.537641406,221.860134273,226.997998844,219.421366385,29743608.0
2022-10-11,220.282677266,218.143916539,221.676258917,216.885821993,30473954.0
2022-10-12,218.134238889,218.472956651,220.514940875,216.740657238,21903937.0
2022-10-13,212.763142944,226.689281798,228.489324763,212.066352119,42551818.0
2022-10-14,227.947376343,221.192376399,229.592576903,220.979468091,30198588.0
2022-10-17,228.218350553,229.873228763,231.257132763,227.555431504,28142268.0
2022-10-18,235.399167113,230.811960847,236.066924987,227.782856287,26329591.0
2022-10-19,229.399023896,228.857075476,231.886180036,226.73767005,19985698.0
2022-10-20,228.169962301,228.537713015,233.531380595,227.29897377,21811015.0
2022-10-21,227.173164315,234.315270274,235.166903505,226.940900707,26299733.0
2022-10-24,235.902404931,239.279904903,239.850886274,233.51686412,24911212.0
2022-10-25,239.289582554,242.579983673,242.947734386,237.905678554,34775505.0
2022-10-26,223.71824314,223.863407896,230.61840784,222.644023952,82684846.0
2022-10-27,223.592433686,219.440721686,226.157011029,218.501989602,40424645.0
2022-10-28,218.947161518,228.266738805,228.973207281,218.763286161,40647724.0
2022-10-31,226.224754581,224.647297574,227.347362022,223.69888784,28357265.0
2022-11-01,227.037677211,220.814948035,228.14092935,219.997186581,30592271.0
2022-11-02,222.063364931,213.005084203,223.844052595,212.947018301,38407008.0
2022-11-03,212.995406553,207.343658748,213.305091364,207.082362189,36633922.0
2022-11-04,210.537283364,214.253501098,214.447054105,206.551059185,36789063.0
2022-11-07,214.834160119,220.524618525,221.047211644,214.147046944,33497979.0
2022-11-08,221.327863504,221.49238356,224.182770357,218.560055504,28192548.0
2022-11-09,220.040736007,217.272928007,221.262732917,217.098730301,27852910.0
2022-11-10,227.84092219,235.147548204,235.486265966,227.424783225,46268021.0
2022-11-11,235.157225854,239.144417798,239.996051029,234.131394917,34620246.0
2022-11-14,234.184621994,233.763644204,236.047569686,231.499074022,31123340.0
2022-11-15,237.741158498,234.170105518,239.037963645,232.292641351,31390117.0
2022-11-16,235.625843969,234.59712205,236.606041268,233.325777037,24093272.0
2022-11-17,230.763677165,234.548597431,236.072270462,230.618103308,23123544.0
2022-11-18,236.324598479,234.102170938,236.547811726,231.976792635,27613523.0
2022-11-21,234.305974337,234.90767961,237.450369635,234.073056167,26394700.0
2022-11-22,236.402237869,237.799746891,238.071484756,233.607219826,19665699.0
2022-11-23,237.872533819,240.27450245,240.953847113,237.062172685,19508462.0
2022-11-25,240.012469508,240.187158136,241.361453911,239.44958393,9200772.0
2022-11-28,238.818763886,234.626236821,239.37194454,233.69456414,24810271.0
2022-11-29,234.276859566,233.238432724,235.625843969,231.180988886,17956313.0
2022-11-30,233.471350894,247.611424812,247.795818364,232.782301307,47594239.0
2022-12-01,246.378899495,247.174703243,248.562507341,243.511676819,26041524.0
2022-12-02,242.448405372,247.494965727,248.504277798,242.322241363,21528520.0
2022-12-05,244.573783675,242.817192475,246.329404383,240.74033879,23435294.0
2022-12-06,243.418897748,237.887091205,244.428209819,236.586631421,22463727.0
2022-12-07,237.605648416,237.159221923,238.896403276,235.058105929,20481522.0
2022-12-08,237.615353339,240.099813822,241.400273606,235.88787691,22611757.0
2022-12-09,237.474631945,238.178238917,240.982961884,236.955418524,20609743.0
2022-12-12,240.143485979,245.059029863,245.088144635,239.876600575,30665069.0
2022-12-13,253.968149875,249.338901241,256.127495412,245.602505594,42196884.0
2022-12-14,249.54270464,249.630048954,254.839652029,246.80591614,35410933.0
2022-12-15,246.233325638,241.662306547,246.699161979,240.041584279,35568093.0
2022-12-16,241.215880054,237.469779483,242.467815219,236.324598479,86101994.0
2022-12-19,237.634763187,233.354891809,237.974435518,231.666235074,29696436.0
2022-12-20,232.335874814,234.665056516,235.742303054,231.384792285,25150802.0
2022-12-21,234.558302355,237.217451465,238.367484931,233.024924401,23690607.0
2022-12-22,234.136138171,231.161579039,234.849450068,226.969051975,28651664.0
2022-12-23,229.142954897,231.685644922,231.821513855,227.03970382,21206982.0
2022-12-27,231.656530151,229.967873416,231.879743397,228.871217032,16688648.0
2022-12-28,229.89993895,227.609576943,232.646432374,227.260199687,17457104.0
2022-12-29,228.696528404,233.898367539,234.781515601,228.696528404,19770693.0
2022-12-30,231.180988886,232.743481612,232.879350544,229.676725704,21938472.0
2023-01-03,235.907286758,232.510563442,238.498501402,230.394890062,25740036.0
2023-01-04,225.421116635,222.339803341,225.998559599,219.29245728,50623394.0
2023-01-05,220.495867827,215.750160108,220.835540158,215.2165834,39585623.0
2023-01-06,216.419799848,218.292850133,219.098455854,212.877502675,43613574.0
2023-01-09,219.767998545,220.418228437,224.413357352,219.72917885,27369784.0
2023-01-10,221.034491095,222.097180247,224.484591492,220.622031836,27033881.0
2023-01-11,224.465181645,228.812987489,228.987676117,224.290493017,28669331.0
2023-01-12,228.318036377,231.472136599,232.821121002,226.668199338,27269486.0
2023-01-13,230.008634096,232.17089111,232.306760043,227.988068969,21333265.0
2023-01-17,230.948070716,233.257842571,233.801318302,230.094037425,29831257.0
2023-01-18,234.436990808,228.851807184,235.227942094,228.570364395,30028692.0
2023-01-19,226.881707661,225.086296765,228.570364395,223.873181295,28623033.0
2023-01-20,227.924986965,233.131678562,233.636334598,227.590167095,35389809.0
2023-01-23,233.985711853,235.42204057,237.930763362,232.578497908,31933951.0
2023-01-24,235.34440118,234.897974687,236.751615125,233.345186885,40234444.0
2023-01-25,227.561052324,233.510170589,236.12079508,224.086689618,66526641.0
2023-01-26,236.460467412,240.682109248,240.982961884,234.859154992,33454491.0
2023-01-27,241.6428967,240.837388028,242.458110296,239.546633168,26498939.0
2023-01-30,237.295090855,235.548204578,238.352927545,235.053253467,25867365.0
2023-01-31,236.266368937,240.497715696,240.633584629,235.776270287,26541072.0
2023-02-01,240.682109248,245.291948034,247.650244507,238.226763536,31259912.0
2023-02-02,251.182836756,256.792282689,256.879627003,249.659163726,39940437.0
2023-02-03,251.883532251,250.726705339,256.404085739,249.513589869,29077256.0
2023-02-06,249.843557277,249.193327385,250.67818072,247.262047557,22517997.0
2023-02-07,252.842378719,259.664940122,260.844088359,252.40565715,50841365.0
2023-02-08,265.138517123,258.85943145,268.593469981,258.354775414,54686049.0
2023-02-09,265.720812548,255.841200161,265.895501176,255.045396412,42375102.0
2023-02-10,253.812871095,255.336544125,256.297331577,252.970483712,25818489.0
2023-02-13,259.742579512,263.313991456,266.497206449,259.267038248,44630921.0
2023-02-14,264.624156163,264.138909975,266.856288628,261.334187009,37047924.0
2023-02-15,261.054743632,262.027666797,263.39948846,258.972688059,28962163.0
2023-02-16,256.871174023,255.051807704,259.517525032,254.808576913,29603616.0
2023-02-17,252.366539769,251.072551959,253.047585984,249.06833024,30000055.0
2023-02-21,247.589487029,245.8284961,248.572139425,244.777739082,28397444.0
2023-02-22,247.210046994,244.699905229,247.453277786,243.561585126,22491056.0
2023-02-23,248.640244047,247.871634747,249.885585698,243.697794369,29219095.0
2023-02-24,243.191874323,242.471911181,244.203714415,241.382237236,24990905.0
2023-02-27,245.624182235,243.386458956,245.974434575,242.637308119,21190042.0
2023-02-28,242.325972706,242.666495814,244.680446765,241.99517883,22490950.0
2023-03-01,243.970212855,239.601787844,244.135609793,239.134784725,27565259.0
2023-03-02,239.87420633,244.310735963,244.592883681,238.959658555,24833646.0
2023-03-03,245.361492981,248.377554792,248.698619437,244.583154449,30760136.0
2023-03-06,249.481822585,249.914773393,253.076773679,249.048871776,24109849.0
2023-03-07,249.360207189,247.268422384,250.712570388,246.529000779,21473179.0
2023-03-08,247.161400836,246.83060696,247.649516388,244.018859013,17340217.0
2023-03-09,248.89320407,245.487972992,252.531936707,244.76800985,26653387.0
2023-03-10,244.281548268,241.858969587,245.94524688,240.895775654,28333930.0
2023-03-13,240.701191021,247.044650056,250.926613485,239.076409335,33339721.0
2023-03-14,249.798022613,253.7286322,254.001050686,248.932120996,33620293.0
2023-03-15,252.940564436,258.252724917,259.264565009,252.191413599,46028047.0
2023-03-16,258.024087973,268.721378173,269.071630512,256.151210881,54832140.0
2023-03-17,270.725599892,271.863919995,275.658320339,268.838226245,69527371.0
2023-03-20,269.480258241,264.858873207,269.966719824,262.543316075,43466649.0
2023-03-21,267.437119595,266.366904113,267.553870375,262.221375799,34558704.0
2023-03-22,265.99719331,264.917248597,273.430326291,264.810227049,34873330.0
2023-03-23,270.41426448,270.141845993,273.449784754,267.748455008,36610879.0
2023-03-24,269.733218264,272.973052404,273.031427793,267.826288861,28199962.0
2023-03-27,272.904947782,268.896504342,273.837883805,268.05979042,26840212.0
2023-03-28,268.322479675,267.777642702,268.663002783,264.678979714,21878647.0
2023-03-29,271.406646108,272.914677014,273.527424023,270.871538367,25087032.0
2023-03-30,276.533951187,276.358825018,276.757723515,273.858412484,25053410.0
2023-03-31,276.047489605,280.493748469,281.437483939,275.337255695,32765976.0
2023-04-03,278.761945235,279.452720682,280.464560774,276.261532701,24883342.0
2023-04-04,279.452720682,279.404074524,282.585435981,277.934960545,25824299.0
2023-04-05,278.110086715,276.640972736,279.374886829,275.259421841,22064770.0
2023-04-06,275.541569559,283.704394914,284.171398033,274.393520224,29770334.0
2023-04-10,281.377162703,281.554234719,281.758548584,277.000954307,23102994.0
2023-04-11,278.012794398,275.171858756,278.236566726,274.01408019,27276589.0
2023-04-12,277.07878816,275.813988045,279.238677586,274.325415603,27403432.0
2023-04-13,275.911280362,281.992050143,282.050425533,275.502652633,24222678.0
2023-04-14,279.228948355,278.392234433,280.668874639,276.008572678,20987917.0
2023-04-17,282.079613228,280.980210052,283.704394914,278.411692896,23836223.0
2023-04-18,283.675207219,280.561853091,283.855198004,279.238677586,20161845.0
2023-04-19,278.246295958,280.639686944,281.223440843,276.835557369,17150271.0
2023-04-20,277.526332816,278.363046738,281.203982379,277.360935878,23244363.0
2023-04-21,277.292831256,278.02252363,278.518714444,275.396409423,21676387.0
2023-04-24,274.451895614,274.140560202,277.234455866,271.173144548,26611014.0
2023-04-25,271.941753849,267.962498104,273.975163264,267.913851946,45772236.0
2023-04-26,288.666303055,287.372315246,291.458592539,284.80379809,64599182.0
2023-04-27,287.956069145,296.576168386,296.936149958,287.255564466,46462638.0
2023-04-28,295.778371391,298.940371677,300.565153363,295.097325176,36469613.0
2023-05-01,298.65822396,297.286402297,300.244088719,296.887503799,21294115.0
2023-05-02,299.42683326,297.140463822,300.808384154,295.681079075,26404431.0
2023-05-03,298.317700852,296.157811426,300.25381795,295.856205244,22360754.0
2023-05-04,297.947990049,297.140463822,299.42936286,295.184888261,22519907.0
2023-05-05,297.442070003,302.238581207,303.522839785,296.031331414,28197052.0
2023-05-08,301.732661161,300.292734877,301.800765783,297.802051574,21318613.0
2023-05-09,299.66033482,298.687411655,301.645098076,298.016094671,21340829.0
2023-05-10,300.263547182,303.853633661,304.524950645,299.339270175,30078044.0
2023-05-11,301.703473466,301.713202698,302.695855094,297.967545805,31680179.0
2023-05-12,302.14128889,300.60407029,302.238581207,298.298242389,19774696.0
2023-05-15,300.725685685,301.08080264,301.513753449,299.261436322,16336547.0
2023-05-16,301.440784211,303.299067457,305.215726092,301.440784211,26730347.0
2023-05-17,304.498379177,306.165714758,306.584986278,302.987051604,24315012.0
2023-05-18,306.682491282,310.57294097,311.079966994,305.892700744,27275991.0
2023-05-19,308.837351886,310.397431961,310.797202481,308.476583369,27546701.0
2023-05-22,310.650944974,313.166574095,314.541394661,310.075665446,24115664.0
2023-05-23,312.045266541,307.394277817,314.668151167,307.384527316,30797173.0
2023-05-24,306.877501292,306.01945725,308.603339875,304.810395192,23384887.0
2023-05-25,315.175177192,317.788311318,318.743860364,312.01601504,43301743.0
2023-05-26,315.935716228,324.584410145,325.081685669,315.799209222,36630633.0
2023-05-30,326.866027255,322.946326066,327.363302779,322.273541534,29503070.0
2023-05-31,323.999380117,320.196684934,327.558312789,319.163131884,45950553.0
2023-06-01,317.798061818,324.282144631,325.208442175,316.618251261,26773851.0
2023-06-02,325.907553059,327.031785763,329.079390862,324.252893129,25873769.0
2023-06-05,326.856276755,327.558312789,330.112846407,326.310346234,21307053.0
2023-06-06,326.96353226,325.354699682,327.002534262,323.882374111,20396223.0
2023-06-07,323.375348087,315.311684198,326.144490221,314.453640157,40717129.0
2023-06-08,315.852836974,317.144778287,318.490347352,315.282432697,23277708.0
2023-06-09,316.881514774,318.636604859,321.756765009,316.315985747,22528950.0
2023-06-12,320.381944443,323.570358096,323.814023103,317.047273282,24306753.0
2023-06-13,326.120113969,325.949480211,328.572364838,322.146785028,22951279.0
2023-06-14,325.998232713,328.923382854,330.580967934,324.506406142,26003791.0
2023-06-15,329.059889861,339.41492136,341.111508442,328.786875848,38899075.0
2023-06-16,342.554582512,333.788882589,342.700840019,333.418363571,46551985.0
2023-06-20,330.844231447,329.615668388,333.545120077,327.480308785,26375407.0
2023-06-21,327.977584309,325.237693677,329.303652373,323.784869107,25117799.0
2023-06-22,325.783721703,331.234251466,331.634021985,325.023182666,23556764.0
2023-06-23,326.017733714,326.661266745,329.527913884,325.130438172,23146901.0
2023-06-26,325.393701684,320.401445444,327.724071297,320.294189939,21520582.0
2023-06-27,323.580108597,326.222494224,327.763073299,321.083980477,24354110.0
2023-06-28,326.310248729,327.470558284,329.547414885,325.481456189,20259523.0
2023-06-29,326.359001231,326.690518247,327.724071297,324.321146633,16997042.0
2023-06-30,329.323153374,332.043543005,334.178902608,328.786875848,26832756.0
2023-07-03,330.727225441,329.557165385,332.394561022,328.173569368,12508692.0
2023-07-05,326.729520249,329.713173393,333.125848557,326.376162112,18172378.0
2023-07-06,328.884380853,332.755329539,334.43241562,327.129290768,28195534.0
2023-07-07,330.853981948,328.806376849,333.262355564,328.591865839,21214824.0
2023-07-10,326.251745726,323.550857096,326.866027255,319.416644896,32791449.0
2023-07-11,322.800068559,324.174889126,324.555158644,318.841365369,26698218.0
2023-07-12,328.20184582,328.786875848,333.127798657,327.295049276,29995262.0
2023-07-13,331.087993959,334.110649105,335.163703155,330.561466933,20567159.0
2023-07-14,338.917645836,336.626278226,342.661838017,335.719481682,28352729.0
2023-07-17,337.053350146,337.104052749,338.332615808,333.662126083,20363927.0
2023-07-18,337.201557754,350.520741396,357.628856238,333.632874581,64872705.0
2023-07-19,352.724354502,346.220770688,353.416640035,343.641763314,39732901.0
2023-07-20,344.748445117,338.215609802,349.038665324,336.753034732,33778395.0
2023-07-21,340.43872391,335.192954657,341.560031464,331.351257472,69405382.0
2023-07-24,337.221058754,336.49952172,338.264362305,333.769381588,26719207.0
2023-07-25,338.449621814,342.223065496,343.110361038,336.460519718,41637739.0
2023-07-26,332.921088047,329.342654375,336.070499699,324.798921156,58383702.0
2023-07-27,331.985040002,322.468551543,332.813832542,320.840217965,39635262.0
2023-07-28,325.344949182,329.927684403,331.52676648,324.857424158,28484868.0
2023-07-31,328.513861835,327.538811788,329.269525621,325.042683667,25446022.0
2023-08-01,326.827025253,327.948332807,330.093442911,325.374200683,18381253.0
2023-08-02,325.30594718,319.328890392,325.30594718,318.212555593,27761257.0
2023-08-03,317.866315322,318.509848353,321.649509504,317.817562819,18360352.0
2023-08-04,323.599609598,319.601904405,326.778272751,319.07537738,23741484.0
2023-08-07,320.177183933,321.873771015,322.848821062,319.348391393,17741526.0
2023-08-08,318.802363367,317.915067824,320.547702951,314.941165181,22327574.0
2023-08-09,318.324588844,314.190376644,318.948620874,313.039720084,22373268.0
2023-08-10,317.880941072,314.872911677,320.069928428,313.166574095,20113725.0
2023-08-11,312.269528052,313.000815587,314.365885653,311.245725502,24355491.0
2023-08-14,313.371334605,315.955217229,315.97471823,312.094019043,18836139.0
2023-08-15,314.941165181,313.829608127,316.979019779,312.896875252,16966285.0
2023-08-16,313.458304652,313.067458886,316.995458838,312.484610137,20698864.0
2023-08-17,313.204254904,309.628016142,314.503817077,308.973349483,21257161.0
2023-08-18,307.292712687,309.237170375,311.093687766,304.420777996,24755012.0
2023-08-21,310.653986278,314.513588222,315.383220052,309.784354448,24039956.0
2023-08-22,318.050742408,315.080314583,318.612583197,314.103200167,16102024.0
2023-08-23,316.409190189,319.516414032,321.666065747,316.057428999,21166382.0
2023-08-24,325.232533365,312.647299687,325.359558239,312.637528543,23281434.0
2023-08-25,314.112971311,315.588414079,317.913946389,311.504173532,21684104.0
2023-08-28,318.207080714,316.291936459,318.685866778,314.359204144,14808482.0
2023-08-29,314.513588222,320.894145358,321.454520476,314.513588222,19284590.0
2023-08-30,321.148195106,321.265448836,322.26210554,318.974115531,15222110.0
2023-08-31,321.666065747,320.259020988,323.336833687,319.30144886,26410954.0
2023-09-01,323.727777164,321.138423962,324.392214967,319.30144886,14942024.0
2023-09-05,321.470642864,325.916513456,327.186762197,321.138423962,18553859.0
2023-09-06,325.750404006,325.261846798,326.805687575,322.623637874,17535773.0
2023-09-07,323.708234876,322.359816982,325.457269681,321.499956296,18380995.0
2023-09-08,322.535697577,326.620035836,328.466782082,321.920115495,19548165.0
2023-09-11,329.522065651,330.206045743,330.675060662,327.753488558,16583324.0
2023-09-12,328.129677609,324.177249796,329.082364164,323.893886615,17565482.0
2023-09-13,323.727777164,328.36907064,329.140991029,323.590981146,16544412.0
2023-09-14,331.386399957,330.948652699,333.059219837,328.867398993,20267048.0
2023-09-15,329.209389038,322.662722451,329.675961172,322.105767234,37679792.0
2023-09-18,320.298105564,321.529269728,322.838603046,318.891060805,16834208.0
2023-09-19,318.705409066,321.128652818,321.851717486,317.083399136,16514487.0
2023-09-20,321.968971216,313.42899122,322.047140369,313.174941472,21436525.0
2023-09-21,311.953548452,312.217369344,317.904077534,307.79104104,35560362.0
2023-09-22,313.966404149,309.755041016,314.093429023,308.914722618,21447887.0
2023-09-25,309.344652961,310.272911656,310.39993653,307.79104104,17835964.0
2023-09-26,307.918065914,304.99649381,308.650901726,302.925011248,26297573.0
2023-09-27,305.152832116,305.63161818,307.106083834,302.602563491,19410082.0
2023-09-28,303.872812231,306.462165434,308.260055959,302.368056031,19683564.0
2023-09-29,310.478105684,308.523876852,312.158742479,307.771498751,24147298.0
2023-10-02,309.041747492,314.435419068,314.521405137,307.966921634,20570006.0
2023-10-03,313.487618085,306.21788683,314.034802158,304.092662975,21033492.0
2023-10-04,306.843240056,311.655528555,312.715697696,306.813926624,20720144.0
2023-10-05,311.787439001,312.051259893,312.657070831,307.693329598,16965629.0
2023-10-06,309.305568384,319.77046378,321.656294603,309.06128978,25673630.0
2023-10-09,317.317906596,322.271876685,322.740891604,315.783836962,19891180.0
2023-10-10,323.385787119,320.87460307,323.522583137,320.17108069,20557094.0
2023-10-11,323.630065723,324.812374166,325.203219933,321.607438882,20063246.0
2023-10-12,322.999826925,323.581210002,325.994584898,321.197050827,19313098.0
2023-10-13,324.77328959,320.229707555,326.190105493,318.891060805,21085695.0
2023-10-16,323.473727416,325.027339338,328.447239794,323.034025929,22158048.0
2023-10-17,322.047140369,324.460612976,325.828573159,319.917030942,18338523.0
2023-10-18,324.880772175,322.555239865,327.909826865,320.786662772,23153602.0
2023-10-19,324.548553274,323.737548309,329.170304462,323.336931398,25052071.0
2023-10-20,324.128394075,319.193966274,324.323816958,318.001886687,25027715.0
2023-10-23,318.021428975,321.783319477,325.110394063,316.966145406,24374748.0
2023-10-24,323.71800602,322.96562792,324.245647805,320.102682681,31153571.0
2023-10-25,337.124015808,332.873568098,338.277010819,329.893369129,55053828.0
2023-10-26,332.746543224,320.386045862,333.811597938,319.457787167,37828543.0
2023-10-27,322.863030906,322.26210554,329.013966155,320.885058194,29856522.0
2023-10-30,325.779717438,329.59046366,331.681488511,324.235876661,22828082.0
2023-10-31,331.095219861,330.372155193,331.241787024,327.030423891,20265282.0
2023-11-01,332.013707412,338.149985945,339.469090406,331.876911394,28158819.0
2023-11-02,339.293209811,340.348493381,340.846821733,336.879737204,24348072.0
2023-11-03,341.628513266,344.725965964,346.279577886,339.381150109,23637673.0
2023-11-06,345.361090335,348.370602736,349.357488296,345.263378893,23828301.0
2023-11-07,351.17492111,352.2790604,354.164891223,349.445428594,25833931.0
2023-11-08,353.402741978,354.887955891,355.542622549,352.298602688,26767828.0
2023-11-09,354.008552916,352.435398707,356.441567812,352.114905178,24847331.0
2023-11-10,353.217090239,361.209886162,361.630045361,352.806702185,28065164.0
2023-11-13,359.793070259,358.288314058,360.037348863,357.526164814,19986506.0
2023-11-14,362.51921948,361.796154812,363.437707031,358.938485991,27683862.0
2023-11-15,363.519366581,361.943019403,365.330697189,359.43652948,26860095.0
2023-11-16,363.20605534,368.307153972,368.483391545,362.442359192,27182315.0
2023-11-17,365.800664049,362.119256976,366.544778245,359.328828742,40325371.0
2023-11-20,363.460620723,369.550607957,370.950717562,363.245219246,52528964.0
2023-11-21,367.817605159,365.271951331,368.3575775,363.362710961,28423145.0
2023-11-22,370.098902628,369.952037984,371.851389468,367.127341333,23361184.0
2023-11-24,369.442907218,369.540816981,370.069529699,367.293787929,10176649.0
2023-11-27,368.904403524,370.696152179,372.68372036,368.336526901,22179228.0
2023-11-28,370.441586797,374.70066147,374.994390758,370.255558248,20453112.0
2023-11-29,375.738504953,370.93113561,376.267217671,369.550607957,28963399.0
2023-11-30,370.578660464,370.989881467,372.145216666,367.621785634,30554415.0
2023-12-01,368.884821571,366.681851913,370.255558248,363.54873951,33040472.0
2023-12-04,361.384933756,361.424097661,361.796154759,355.314528475,32063305.0
2023-12-05,358.790325047,364.733447637,365.276846819,357.978653115,23065035.0
2023-12-06,365.732127216,361.091204468,366.358749696,360.337299296,21182072.0
2023-12-07,360.533118821,363.196264364,363.688456741,358.663042356,23118864.0
2023-12-08,361.482843519,366.407704577,366.632897031,360.533118821,20154366.0
2023-12-11,360.777893228,363.538948533,363.832677821,358.447640878,27708757.0
2023-12-12,363.098354602,366.554569221,366.593733126,362.716506527,24838253.0
2023-12-13,368.160289328,366.544778245,369.742609001,363.020026792,30955531.0
2023-12-14,365.506934762,358.281194282,365.947528693,356.518818555,43277461.0
2023-12-15,359.181964098,362.980862886,364.615955922,358.623878451,78502324.0
2023-12-18,361.727617925,364.860730328,365.203414498,360.973712753,21802878.0
2023-12-19,363.724977082,365.45797988,365.45797988,362.109465999,20603658.0
2023-12-20,367.16160975,362.873162148,368.170080304,362.785043361,26316650.0
2023-12-21,364.772611542,365.732127216,366.58394215,362.305285525,17708006.0
2023-12-22,365.869200883,366.750388747,367.337847322,364.919476186,17107484.0
2023-12-26,367.16160975,366.828716557,369.061059144,365.692963311,12673050.0
2023-12-27,365.878991859,366.251048957,367.220355607,365.018952505,14905412.0
2023-12-28,367.523875871,367.435757085,368.589134088,366.339167744,14327013.0
2023-12-29,368.140707376,368.179871281,369.276460622,365.673381358,18730838.0
2024-01-02,366.045438456,363.117936554,368.042797613,359.104615385,25258633.0
2024-01-03,361.29681497,362.853580195,365.454259309,360.807266157,23083465.0
2024-01-04,362.917221541,360.24918051,365.30132426,359.495275338,20901502.0
2024-01-05,361.257651065,360.063151961,364.283062729,358.839279929,21004575.0
2024-01-08,361.580753281,366.858089485,367.357429275,361.29681497,23133967.0
2024-01-09,364.234107848,367.935096874,368.130916399,363.431247794,20829953.0
2024-01-10,368.502973497,374.769198304,376.13993498,368.454018616,25514245.0
2024-01-11,377.931683636,376.590319888,382.513860525,372.429154977,27850846.0
2024-01-12,377.432343846,380.350054772,380.555665273,376.60990184,21661153.0
2024-01-16,385.431571451,382.112430499,385.793837572,379.520661173,27202268.0
2024-01-17,379.870296935,381.329152398,381.955774878,376.766557461,22234108.0
2024-01-18,383.532122056,385.637181952,385.754673667,381.965565855,23392068.0
2024-01-19,387.487676465,390.336850557,390.336850557,385.274915831,29331136.0
2024-01-22,391.658632352,388.221999685,392.246090928,385.363034617,27016902.0
2024-01-23,387.477885489,390.562043011,391.032009871,385.69592781,20525882.0
2024-01-24,393.146860744,394.145540322,397.151370034,392.079644331,24866953.0
2024-01-25,395.868752144,396.407255838,398.502524758,394.115579935,21021155.0
2024-01-26,395.917707025,395.48690407,397.680082752,394.018257631,17803271.0
2024-01-29,397.572382013,401.155879324,401.410444707,395.87854312,24510236.0
2024-01-30,403.642787294,400.049499007,404.416274419,397.954327997,33477610.0
2024-01-31,398.453569876,389.269634145,406.63882603,388.907368023,47871097.0
2024-02-01,393.430799055,395.340039426,399.471831408,393.401426126,30657726.0
2024-02-02,395.369412355,402.624525763,404.024635368,395.124637948,28256670.0
2024-02-05,401.332116897,397.170951986,402.565779906,395.545649927,25352286.0
2024-02-06,397.39614444,397.014296366,399.442458479,394.488224491,18382624.0
2024-02-07,398.923536737,405.395372045,405.640146451,398.884372832,22340526.0
2024-02-08,405.395372045,405.454117902,406.87380946,403.907143653,21225257.0
2024-02-09,406.570289196,411.759506614,412.023862973,406.413633576,22032844.0
2024-02-12,411.764402102,406.580080172,411.945535163,406.080740383,21202921.0
2024-02-13,396.475792672,397.826947396,401.499542591,394.958191352,27824936.0
2024-02-14,400.279218151,401.672107826,402.015425704,396.846039374,20401190.0
2024-02-15,400.347881727,398.798046736,401.318980866,396.571385072,21825525.0
2024-02-16,400.171318247,396.345776181,400.49501796,395.737613083,22296495.0
2024-02-20,395.541431439,395.100022739,396.767566716,390.411281438,24307915.0
2024-02-21,392.530043197,394.501668723,394.609568628,389.636363942,18631072.0
2024-02-22,402.358743582,403.790869586,404.948341288,400.769672262,27009869.0
2024-02-23,407.734120638,402.505879815,407.9204932,401.162035551,16295879.0
2024-02-26,403.599592483,399.759336793,404.291132779,399.582773313,16193505.0
2024-02-27,400.200745493,399.7004823,400.524445207,396.139785454,14835827.0
2024-02-28,400.382213514,399.935900273,401.485735264,397.581818631,13183125.0
2024-02-29,400.838335838,405.742876948,406.292185552,398.170265474,31947263.0
2024-03-01,403.418124461,407.567366241,407.930302283,403.035570255,17823445.0
2024-03-04,405.546695303,406.998439472,409.382046451,404.448078095,17595956.0
2024-03-05,406.056767579,394.962695588,406.341230963,392.991070062,26919177.0
2024-03-06,395.276586219,394.413386983,397.424775225,390.784026562,22344149.0
2024-03-07,398.366447118,401.328789949,401.956571211,394.560523217,18718479.0
2024-03-08,400.171318247,398.46453794,402.584352473,396.610621401,18002186.0
2024-03-11,396.053465531,396.796993963,397.9348475,393.599233159,16120752.0
2024-03-12,399.837809451,407.351566432,407.636029816,399.023655627,22457003.0
2024-03-13,410.117727618,407.175002952,410.196200275,403.594687941,17115931.0
2024-03-14,412.216871213,417.101794158,419.652155536,410.009827713,34157299.0
2024-03-15,411.285008402,408.469801805,414.531814617,404.909104959,45079903.0
2024-03-18,406.341230963,409.352619205,412.697516242,405.880204099,20105977.0
2024-03-19,409.852882398,413.364533833,413.615253974,407.616411652,19837915.0
2024-03-20,413.943269684,417.111603241,417.827666243,412.628852666,17860085.0
2024-03-21,421.623781062,421.17256328,422.594880202,419.004756109,21296222.0
2024-03-22,421.496262993,420.5545911,421.653208308,417.935566147,17648473.0
2024-03-25,417.121412323,414.786850754,419.249983165,413.560715477,18060450.0
2024-03-26,417.484348365,413.599951806,417.857093489,413.305679339,16725647.0
2024-03-27,416.336685745,413.384151997,416.346494827,411.0103541,16704978.0
2024-03-28,412.923125133,412.687707159,413.815751615,411.118254004,21871161.0
2024-04-01,415.856040716,416.464203814,419.720819111,414.159069492,16315961.0
2024-04-02,412.089353144,413.393961079,414.316014808,409.86269148,17911992.0
2024-04-03,411.71660802,412.422861939,415.179214043,411.083922216,16502264.0
2024-04-04,416.876185267,409.901927809,420.485927524,409.59784626,19370875.0
2024-04-05,411.991262322,417.396066625,418.367165765,410.333527427,16554761.0
2024-04-08,417.052748747,416.483821978,419.122465096,415.218450372,14272387.0
2024-04-09,418.298502189,418.141556874,419.573682878,413.570524559,12512289.0
2024-04-10,414.129642246,415.179214043,415.934513374,411.687180773,16216581.0
2024-04-11,417.690339092,419.76005544,421.17256328,414.296396643,17966423.0
2024-04-12,415.954131539,413.845178861,417.061969285,411.755844348,19253750.0
2024-04-15,418.455447505,405.742876948,418.671247314,405.536886221,20273538.0
2024-04-16,406.655121594,406.664930676,410.412000084,405.831256778,16765616.0
2024-04-17,409.283955629,403.977242148,410.882836031,402.496070733,15855485.0
2024-04-18,402.790343199,396.551766907,404.026287559,396.237876276,21029917.0
2024-04-19,396.316348934,391.500089564,397.738665856,390.175863464,30565789.0
2024-04-22,392.441761457,393.304960693,395.158877232,388.194428856,20286875.0
2024-04-23,396.51743512,399.78876404,400.40673622,395.364867959,15734501.0
2024-04-24,401.740771402,401.250317291,404.595214328,399.013846545,15065330.0
2024-04-25,386.507266714,391.421616906,392.255290804,380.621817382,40586450.0
2024-04-26,404.300941861,398.562628763,405.115095686,398.013418249,29694654.0
2024-04-29,397.513056965,394.570332299,398.562628763,391.56875314,19582091.0
2024-04-30,393.82484205,381.896998071,394.482050559,381.740052755,28781374.0
2024-05-01,385.114377039,387.399893196,394.050352851,382.858288128,23562481.0
2024-05-02,390.06796356,390.24452704,392.294625224,387.116901174,17709364.0
2024-05-03,394.599759546,398.896137558,399.376782587,394.187778092,17446724.0
2024-05-06,400.956044824,405.644786125,406.027340332,398.611772264,16996639.0
2024-05-07,406.743403334,401.524971593,406.753212416,401.279744537,20018228.0
2024-05-08,400.377308973,402.702061459,404.359796355,398.948321875,11792308.0
2024-05-09,402.731488706,404.448078095,404.840441383,401.28955362,14689727.0
2024-05-10,405.051336651,406.821875992,407.449657254,403.938005819,13402281.0
2024-05-13,410.029445878,405.821349605,410.360992857,402.976715762,15440226.0
2024-05-14,404.153805628,408.607128956,409.519373602,403.692778764,15109306.0
2024-05-15,410.66092516,415.751194584,416.468549155,410.041838338,22239533.0
2024-05-16,414.493367391,413.69739862,418.050659922,413.068485023,17530050.0
2024-05-17,415.220548737,412.930910173,415.593966185,410.783759847,15352239.0
2024-05-20,412.930910173,417.972045723,419.377274541,412.714721125,16272137.0
2024-05-21,419.431321803,421.607952454,425.46987501,417.49053375,21453255.0
2024-05-22,422.639763824,423.062315147,424.919575612,419.731038439,18073698.0
2024-05-23,425.46987501,419.603290365,426.088961832,418.054590632,17211689.0
2024-05-24,419.789999089,422.708551249,423.588047607,417.058155652,11855285.0
2024-05-28,422.187732176,422.865779648,423.357118395,419.210219367,15718024.0
2024-05-29,418.315982846,421.735700529,423.475039695,418.315982846,15517130.0
2024-05-30,416.950061128,407.486876851,416.950061128,407.064325528,28424847.0
2024-05-31,409.530846041,407.938908499,409.530846041,397.502873502,47995250.0
2024-06-03,408.327066109,406.356797732,409.216389242,401.839822358,17484675.0
2024-06-04,405.285679262,408.862625344,409.226216017,402.578402764,14348917.0
2024-06-05,410.572484185,416.665084654,416.733872079,409.088641168,16988038.0
2024-06-06,416.665084654,417.166250177,417.942565398,413.294500847,14861251.0
2024-06-07,418.817148369,416.507856255,418.895762568,415.672580385,13621650.0
2024-06-10,417.343132126,420.458219785,420.664582059,416.547163355,14003034.0
2024-06-11,418.104707185,425.184898536,425.322473385,417.883604748,14551101.0
2024-06-12,427.779167123,433.419735944,435.719201283,425.745024708,22366233.0
2024-06-13,433.21337367,433.930728242,435.709374508,431.759010978,15960565.0
2024-06-14,430.682979121,434.903578962,435.461346708,429.155898293,13581985.0
2024-06-17,434.918319124,440.603108433,443.128589595,433.085625596,20790030.0
2024-06-18,441.914982888,438.608273118,442.342447599,437.18339075,17112504.0
2024-06-20,438.568966018,437.979359521,438.794981842,433.626098218,19877378.0
2024-06-21,439.630257713,441.988683701,442.774825697,438.775328292,34486172.0
2024-06-24,442.008337251,439.915234186,444.907235861,438.677060542,15913719.0
2024-06-25,440.485187133,443.13841637,443.600274792,439.011170891,16747529.0
2024-06-26,441.222195255,444.327456139,445.742511732,440.426226484,16507030.0
2024-06-27,444.342196301,445.00550361,448.267992894,443.944211916,14806324.0
2024-06-28,445.221692659,439.20770639,447.491677673,438.677060542,28362271.0
2024-07-01,440.888084906,448.818292291,449.447205888,437.940052421,17662818.0
2024-07-02,445.349440734,451.324119903,451.628749927,445.263947791,13979779.0
2024-07-03,450.253001434,452.788309371,453.033978744,449.94837141,9932830.0
2024-07-05,451.648403476,459.460689562,460.237004783,451.014576492,16000290.0
2024-07-08,458.468185292,458.163555268,459.598264411,456.414389327,12962321.0
2024-07-09,458.910390165,451.579616052,459.234673738,450.06629271,17228507.0
2024-07-10,453.230514243,458.173382043,458.379744317,450.906481968,18196100.0
2024-07-11,454.960026635,446.823456976,456.728846126,443.728022867,23111175.0
2024-07-12,446.454952915,445.693377857,448.454701618,442.838699734,16324274.0
2024-07-15,445.447708483,446.09627563,449.339111363,443.610101567,14429447.0
2024-07-16,446.351771778,441.733187552,446.430385978,438.922729916,17175679.0
2024-07-17,434.923232512,435.837122582,437.14408365,431.572302254,21754021.0
2024-07-18,436.642918128,432.741688473,436.947548151,426.875103828,20794822.0
2024-07-19,425.597623084,429.538159839,433.498350144,424.51667784,20940417.0
2024-07-22,434.137090516,435.267169635,436.898414277,431.309436024,15808755.0
2024-07-23,436.205626643,437.14408365,440.622761983,435.424398034,13107050.0
2024-07-24,432.820302672,421.470377605,433.832460492,420.178156699,26805800.0
2024-07-25,421.372109856,411.152263908,422.354787351,410.277680937,29943795.0
2024-07-26,410.955728409,417.903258298,421.485117767,410.041838338,23583839.0
2024-07-29,424.103953292,419.337967441,424.664079464,417.347259371,15125836.0
2024-07-30,420.310818161,415.593966185,421.617779229,410.130279313,32687578.0
2024-07-31,413.21097326,411.103130033,414.468800453,405.069490213,42891366.0
2024-08-01,413.495949733,409.884609939,420.055322012,405.934344677,30296400.0
2024-08-02,405.344639912,401.413929932,407.811160425,397.335818328,29437900.0
2024-08-05,382.428600729,388.305012149,394.092982594,378.900788522,40709238.0
2024-08-06,393.070998,392.687753776,398.642779396,391.596981757,24946525.0
2024-08-07,401.556418169,391.528194332,402.976387149,390.584823937,20650906.0
2024-08-08,395.468731087,395.714400461,398.82948812,393.012725224,20203030.0
2024-08-09,397.031188304,398.986716519,400.981551834,395.294207564,19276666.0
2024-08-12,400.008701114,399.76303174,401.679252856,397.240891682,16762883.0
2024-08-13,402.494875177,406.838309704,407.76202655,402.475221627,19414271.0
2024-08-14,407.614624926,409.638940565,410.484043211,405.301009031,18266980.0
2024-08-15,413.271556283,414.482428161,414.561184055,411.164836106,20752144.0
2024-08-16,414.059115228,411.962239538,414.787607252,410.810434581,22775593.0
2024-08-19,412.444619391,414.974652501,415.191231211,409.983497689,15233957.0
2024-08-20,415.142008777,418.193799688,419.23731529,415.082941856,16387581.0
2024-08-21,417.480074395,417.544063559,419.768917578,415.161697751,16067298.0
2024-08-22,417.760642269,409.087649389,420.152754119,408.162267629,19361901.0
2024-08-23,410.495411003,410.308365753,412.739953996,405.681456953,18493784.0
2024-08-26,409.889975064,407.059685106,410.790647162,404.943120442,13152830.0
2024-08-27,406.439482437,407.404242145,407.916155459,403.87007138,13492911.0
2024-08-28,408.428068773,404.214628418,408.546202615,400.975792258,14882660.0
2024-08-29,408.487135694,406.695439094,415.486565816,404.214628418,17045241.0
2024-08-30,409.136871823,410.652922792,410.99747983,405.7208349,24308324.0
2024-09-03,411.410948276,403.072667948,413.350312178,400.700146627,20313603.0
2024-09-04,399.597564104,402.54106566,404.844675574,398.081513135,15135806.0
2024-09-05,401.280971349,402.038996833,406.675750121,399.814142814,14195516.0
2024-09-06,402.698577449,395.453035157,404.263850852,394.567031344,19609526.0
2024-09-09,400.90688085,399.410518855,402.29495349,395.896037064,15295134.0
2024-09-10,401.851951584,407.75864367,409.85551936,401.359727243,19594287.0
2024-09-11,409.038426955,416.46117001,417.396396257,403.210490763,19266923.0
2024-09-12,416.726971154,420.359586787,420.72304524,413.222333849,17418759.0
2024-09-13,419.202859586,423.893757551,425.114473916,418.843535818,15874555.0
2024-09-16,423.903602038,424.632094062,426.788036673,421.560614177,13834697.0
2024-09-17,433.383842836,428.382843537,434.978649699,425.547631335,18874231.0
2024-09-18,428.235176235,424.110336261,429.249158376,423.716556789,18898042.0
2024-09-19,434.363369274,431.867791867,434.634092661,430.105628728,21706559.0
2024-09-20,430.420652306,428.500977378,432.409238642,427.467306263,55167106.0
2024-09-23,427.526373184,426.7683477,429.672471309,423.695784922,15128891.0
2024-09-24,426.266278873,422.495840424,426.610835911,419.473582974,17015754.0
2024-09-25,423.145576554,425.390119546,426.383428266,421.905171216,13396364.0
2024-09-26,428.318854372,424.602560602,428.530510839,422.456462477,14492044.0
2024-09-27,424.809294825,421.363724441,425.134162889,420.822277667,14896131.0
2024-09-30,421.550769691,423.608267434,423.726401276,418.754935436,16854606.0
2024-10-01,421.787037374,414.147715609,421.816570834,412.296952089,19092945.0
2024-10-02,416.008323616,410.643078305,416.2445913,410.229609859,16582257.0
2024-10-03,411.135302646,410.062253583,413.025444113,407.847244051,13686421.0
2024-10-04,411.735816341,409.589718216,413.222333849,408.516669154,19190913.0
2024-10-07,409.530651296,403.171112816,410.623389331,402.639510529,20919761.0
2024-10-08,404.509963022,408.260712497,409.195938744,401.822418123,19229261.0
2024-10-09,409.39282848,410.96794637,413.842536518,407.857088538,14974257.0
2024-10-10,408.767703568,409.373139507,410.859657015,406.724972555,13848376.0
2024-10-11,409.663551867,409.845674873,410.643078305,406.823417423,14144944.0
2024-10-14,411.273125461,412.621820154,417.445618691,411.027013291,16653086.0
2024-10-15,415.614544144,412.228040681,415.909878748,408.802159272,18900201.0
2024-10-16,408.71355889,409.648785137,409.885052821,404.096494576,15508932.0
2024-10-17,415.791744907,410.239454346,415.929567722,409.127027336,14820004.0
2024-10-18,410.652922792,411.657060446,413.123888981,409.786706397,17145317.0
2024-10-21,409.648785137,412.267418629,412.444619391,407.315740208,14206115.0
2024-10-22,411.981928511,420.861655614,423.88322395,411.538926605,25482197.0
2024-10-23,424.154636452,417.996909952,424.376137405,415.959101182,19654379.0
2024-10-24,418.710635246,418.124888281,419.353677124,415.831122854,13581631.0
2024-10-25,420.123319103,421.49170277,425.793743506,419.93135161,16899064.0
2024-10-28,424.942195397,419.955962827,425.222763271,419.67047271,14882444.0
2024-10-29,421.344035468,425.232607757,426.433635148,419.178346814,17644080.0
2024-10-30,430.632308773,425.803587992,431.680746618,425.38027506,29749149.0
2024-10-31,408.90060414,400.030721524,409.688163084,399.98149909,53970981.0
2024-11-01,402.649355015,403.988205221,409.038426955,401.162837507,24230442.0
2024-11-04,403.427069473,402.107908241,404.032505412,399.264131336,19672286.0
2024-11-05,402.019307859,405.061254284,408.447757746,401.733817742,17626011.0
2024-11-06,406.006325018,413.645646782,413.911447926,404.135872524,26681842.0
2024-11-07,414.728540331,418.814002357,420.211919484,413.350312178,19901782.0
2024-11-08,418.705713002,415.968945669,419.867362446,415.220764672,16891414.0
2024-11-11,415.944334452,411.509393144,418.203644175,409.530651296,24503321.0
2024-11-12,411.745660828,416.451325523,417.839398163,410.711989713,19401204.0
2024-11-13,415.082941856,418.587579161,422.64842997,411.706282881,21502185.0
2024-11-14,418.390689425,420.251297432,421.511391743,413.46844602,30246881.0
2024-11-15,413.291245257,408.546202615,416.224902326,407.207352408,28247644.0
2024-11-18,408.418224286,409.294383612,411.89697059,405.69130144,24742013.0
2024-11-19,406.685594607,411.292814434,411.440481737,405.149854665,18133529.0
2024-11-20,410.387121648,409.028582468,410.800590094,404.194939444,19191655.0
2024-11-21,413.802851883,407.262892626,414.079049257,404.716648761,20780162.0
2024-11-22,405.778331739,411.336803898,411.731371575,405.477473885,24814626.0
2024-11-25,412.698062385,413.102494255,415.361394209,409.21600263,27691090.0
2024-11-26,413.886697514,422.17755084,423.21467198,413.161679406,23458889.0
2024-11-27,419.331731465,417.24545487,421.42777361,416.288628251,18332444.0
2024-11-29,414.384839207,417.709071891,419.1146206,412.125939253,16271921.0
2024-12-02,415.844739614,425.12694423,427.119511002,415.588270624,20207223.0
2024-12-03,424.002426348,425.343956452,426.596708829,421.930946041,18301987.0
2024-12-04,427.149103577,431.479483839,433.698927025,426.7545359,26009429.0
2024-12-05,431.972693436,436.608863648,438.621158804,430.247446266,21697775.0
2024-12-06,436.293209506,437.545961882,440.041602443,435.770703259,18821002.0
2024-12-09,436.589135264,439.962688907,442.241317246,434.517654957,19144388.0
2024-12-10,438.354825621,437.309221276,443.513798006,435.60271607,18469459.0
2024-12-11,438.019443095,442.892353914,444.233884017,438.019443095,19200208.0
2024-12-12,443.010724217,443.454612854,449.969714347,443.010724217,20834779.0
2024-12-13,442.344891261,441.1957129,445.299216747,439.528664462,20177833.0
2024-12-16,441.1957129,445.457043818,446.039031142,439.232738704,23598834.0
2024-12-17,444.884920685,448.288066905,449.106794836,443.464477046,22733494.0
2024-12-18,445.190710636,431.449891263,446.502648164,431.084916161,24444545.0
2024-12-19,435.622444454,431.094780353,437.164612222,430.394422726,22963681.0
2024-12-20,427.228017113,430.6706201,437.713653145,422.808859124,64263694.0
2024-12-23,430.808718787,429.338954188,431.706360254,426.951819739,19152519.0
2024-12-24,428.747102672,433.3635445,433.629877682,428.293349842,7164543.0
2024-12-26,433.116939701,432.160113083,434.951679402,430.700212676,8199927.0
2024-12-27,428.697781712,424.683055592,429.309361612,420.559823361,18117713.0
2024-12-30,420.273761795,419.060466187,421.743526394,416.170257948,13158703.0
2024-12-31,420.313218563,415.775690271,420.934662655,414.947098148,13246509.0
2025-01-02,419.750959622,412.895346224,420.283625987,409.21600263,16896469.0
2025-01-03,415.361394209,417.600565779,418.271330831,413.84230865,16662943.0
2025-01-06,422.187415032,422.039452152,428.421584338,419.699073973,20573648.0
2025-01-07,423.173834226,416.633874969,424.801425896,415.085196835,18139065.0
2025-01-08,417.709071891,418.794133004,421.171403262,415.815147038,15054575.0
2025-01-10,418.863182348,413.260321326,418.942095883,409.383693893,20201132.0
2025-01-13,409.59577402,411.524223544,412.816432689,406.690769494,17604780.0
2025-01-14,412.135803445,410.024866369,414.039592489,405.142091359,16935856.0
2025-01-15,413.437876781,420.520366594,422.335377911,412.584624178,19637838.0
2025-01-16,422.872976371,418.813861388,423.657179631,418.626441741,15300023.0
2025-01-17,428.189775827,423.203426801,428.579411409,422.355106294,26197507.0
2025-01-21,424.357537258,422.680624629,425.047932052,419.81507687,26085703.0
2025-01-22,431.617582526,440.140244362,441.1957129,430.078768584,27803811.0
2025-01-23,435.997283748,440.643318151,440.682774919,435.508808963,18389270.0
2025-01-24,439.114368401,438.029307287,440.584133,435.405432231,15549453.0
2025-01-27,418.251602447,428.658324944,429.289633228,417.748528659,35647805.0
2025-01-28,428.697781712,441.126663556,442.290638205,425.521511907,23491703.0
2025-01-29,440.623589767,436.322802082,440.811009414,434.419013037,23581370.0
2025-01-30,413.082765871,409.354101318,417.117220374,407.548954193,54586260.0
2025-01-31,413.289913902,409.423150661,414.976690723,409.275187782,34223388.0
2025-02-03,406.01014025,405.339375198,409.768397379,403.11006782,25679149.0
2025-02-04,407.080405075,406.769683029,408.298534138,404.175400549,20532096.0
2025-02-05,406.749954645,407.677188688,408.206895795,404.826437217,16336188.0
2025-02-06,408.377546316,410.172829249,412.52050693,408.377546316,16309755.0
2025-02-07,410.823865917,404.185264741,412.964395568,402.557673071,22886844.0
2025-02-10,408.091484749,406.62172015,409.820085745,405.339375198,20817919.0
2025-02-11,404.07675863,405.852313179,406.888053333,403.741376104,18140592.0
2025-02-12,401.679759988,403.484907113,405.171683935,398.875666145,19121734.0
2025-02-13,401.472611958,404.964535904,405.418288734,400.841303673,23891731.0
2025-02-14,402.251883121,402.883191405,403.356672618,400.36782246,22758464.0
2025-02-18,402.459031152,404.07675863,405.020761798,400.979402361,21423051.0
2025-02-19,402.340660848,409.137089095,409.847310915,402.113784434,24114197.0
2025-02-20,410.471425429,411.301678981,414.444781711,407.753333445,23508728.0
2025-02-21,412.492697468,403.473574067,413.19742459,403.157287,27524799.0
2025-02-24,403.770093193,399.31242234,404.620114686,394.686723982,26443656.0
2025-02-25,396.446070793,393.283200121,397.251614417,392.097123619,29387402.0
2025-02-26,393.3919238,395.091966787,398.917063506,389.670608775,19618954.0
2025-02-27,396.609156312,387.975507775,401.032233267,387.619684824,21127406.0
2025-02-28,388.09905741,392.383758774,393.016332908,382.084661148,32845658.0
2025-03-03,394.192525439,383.982383551,394.192525439,381.674476358,23007726.0
2025-03-04,378.951442389,384.100991201,388.024927629,376.579289385,29342923.0
2025-03-05,384.822521073,396.366999026,397.009457131,384.298670618,23433132.0
2025-03-06,389.705202673,392.284919065,397.483887732,388.121494024,23304625.0
2025-03-07,387.767944387,388.746457501,390.219169158,381.06661215,22034087.0
2025-03-10,381.363131276,375.749035833,381.916633644,372.843148403,32840134.0
2025-03-11,374.602495215,376.035670988,381.52127481,372.536745307,30380177.0
2025-03-12,378.5066637,378.822950767,380.746865693,374.553767238,24253567.0
2025-03-13,378.709285103,374.375163885,380.849164792,373.070479733,20473017.0
2025-03-14,375.368502955,384.051571347,385.702194479,375.106577728,19952846.0
2025-03-17,382.213152769,384.189946939,388.148477264,381.096264063,22474272.0
2025-03-18,382.57885969,379.070050039,382.875378816,376.678129093,19486850.0
2025-03-19,381.051786194,383.320157504,385.158576082,379.54448064,19185532.0
2025-03-20,381.259349582,382.351528361,387.239151946,378.832834738,18470542.0
2025-03-21,378.768588928,386.720243477,387.194674077,378.358404138,39675928.0
2025-03-24,390.812207409,388.519126171,390.812207409,385.287067703,21004548.0
2025-03-25,389.344437737,390.574992108,391.76106861,388.084231454,15774968.0
2025-03-26,390.416848575,385.445211237,390.723251671,384.061455318,16132906.0
2025-03-27,385.603354771,386.048133459,387.68887262,382.900088743,13766761.0
2025-03-28,383.577140746,374.404815798,384.614957686,372.556513249,21632016.0
2025-03-31,368.21250806,371.034381738,372.69488884,362.978945495,35184676.0
2025-04-01,370.302967895,377.755481916,378.407823992,368.899444034,19689503.0
2025-04-02,373.579504232,377.706062061,380.611949491,372.250110152,16092555.0
2025-04-03,370.436401501,368.780836384,373.100131645,365.064463344,30197997.0
2025-04-04,359.900088575,355.664807066,370.24366407,355.308984115,49209854.0
2025-04-07,346.808769184,353.707780838,366.695219695,340.789430937,50424998.0
2025-04-08,363.982168536,350.446070457,369.31457081,346.186079021,35868918.0
2025-04-09,349.432963445,385.959177721,388.662443749,349.003010713,50199696.0
2025-04-10,377.626990295,376.925228364,379.445640931,363.532447863,38024368.0
2025-04-11,376.218524448,383.942847668,385.524283004,374.493771535,23839220.0
2025-04-14,388.657501763,383.310273533,390.070909595,379.752044027,19251172.0
2025-04-15,383.997209507,381.254407597,387.34293364,379.702525333,17199890.0
2025-04-16,376.253118346,367.298240756,377.182211606,363.73012728,21967826.0
2025-04-17,369.408468533,363.512679921,369.978279452,362.633006515,21120192.0
2025-04-21,358.605288394,354.953161165,360.25096954,351.543191221,20807279.0
2025-04-22,359.158790761,362.563818719,363.50279595,355.684772687,19484993.0
2025-04-23,371.696607785,370.045984653,375.976367163,368.691880646,20545526.0
2025-04-24,371.335842849,382.80619102,383.942847668,370.836702321,22232289.0
2025-04-25,382.509671895,387.303397757,387.609800853,380.137518891,18973165.0
2025-04-28,387.407179451,386.621403768,388.183071162,382.15187215,16579430.0
2025-04-29,386.75977936,389.467987373,390.515688283,385.850454042,14973976.0
2025-04-30,385.771382275,390.673831817,392.057587736,379.979375357,36461075.0
2025-05-01,426.107867314,420.464119959,431.919642174,419.969921416,58938100.0
2025-05-02,426.730557477,430.229483158,434.341215032,424.995920593,30757434.0
2025-05-05,427.847446183,431.109156564,434.400518857,427.096264399,20136053.0
2025-05-06,427.185220137,428.282340901,432.651056017,426.167171139,15104204.0
2025-05-07,428.806191356,428.321876784,433.03653088,426.108163833,23307241.0
2025-05-08,432.848735434,433.085950734,438.522134701,430.605074051,23491330.0
2025-05-09,434.8947174,433.639453102,435.626131242,430.822521409,15324233.0
2025-05-12,440.765796084,444.047274407,444.155998086,434.677270041,22821935.0
2025-05-13,442.584446721,443.928666756,445.444176007,440.192525775,23618819.0
2025-05-14,442.940269671,447.684575679,448.633436881,442.940269671,19902796.0
2025-05-15,446.35274134,448.694591823,451.724639383,446.021119468,21992323.0
2025-05-16,447.625163273,449.823433071,449.912552117,444.337660691,23849781.0
2025-05-19,446.461664618,454.378406528,455.086407837,446.387398746,21336509.0
2025-05-20,451.130512411,453.685258393,453.853594369,449.873042673,15441808.0
2025-05-21,450.120496557,448.140073315,453.299075861,447.39147333,19216906.0
2025-05-22,450.496776973,450.407657928,455.744898565,449.457054771,18025612.0
2025-05-23,445.575425217,445.773467541,449.249110331,444.515898783,16883509.0
2025-05-27,452.011800754,456.180591678,456.438046699,451.650373512,20974293.0
2025-05-28,456.705403837,452.88318698,457.992678944,452.457395983,17086261.0
2025-05-29,457.032173672,454.19026632,457.200509648,450.853748263,13982211.0
2025-05-30,455.215135348,455.853821843,457.160901183,451.08100183,34770475.0
2025-06-02,452.665340423,457.448062553,457.58669218,452.417787518,16626495.0
2025-06-03,456.952956742,458.438274174,459.59682177,456.351106119,15743760.0
2025-06-04,459.458192144,459.329464633,461.131649783,458.487883776,14162688.0
2025-06-05,460.403844242,463.102170909,465.052887802,459.487898492,20154460.0
2025-06-06,465.483629857,465.775742285,468.701817626,464.191403692,15285624.0
2025-06-09,465.102398383,468.122543827,468.79588773,464.032969833,16469932.0
2025-06-10,466.57286264,466.310456561,468.172054408,462.389218542,15375944.0
2025-06-11,465.419266102,467.993816317,470.815919436,465.05783886,16399176.0
2025-06-12,470.370324207,474.182638948,475.712515902,468.885006775,18950582.0
2025-06-13,471.74671836,470.31091151,474.48960455,468.132445943,16814456.0
2025-06-16,470.558464415,474.449996085,475.989082008,470.350519975,15626104.0
2025-06-17,470.741653565,473.360763302,474.053812416,469.439525283,15414128.0
2025-06-18,473.321154838,475.539228869,476.291789701,469.815805699,17526452.0
2025-06-20,477.509749994,472.727027865,478.727710288,472.202215706,37576206.0
2025-06-23,473.529099278,481.242847806,482.975718142,467.884893038,24863952.0
2025-06-24,484.163972087,485.312617568,487.034595577,482.030066044,22305642.0
2025-06-25,487.223725996,487.451474669,489.71470235,484.599665201,17495099.0
2025-06-26,488.15452492,492.580770866,493.164995722,487.986188945,21578853.0
2025-06-27,492.679792028,491.085551318,494.412662365,488.204035501,34539236.0
2025-06-30,492.174784101,492.541162401,495.858371331,490.481522229,28368991.0
2025-07-01,491.610363477,487.233628113,493.174897839,486.174101678,19945375.0
2025-07-02,485.193792173,486.283024956,488.669434963,483.916419182,16319641.0
2025-07-03,488.976400566,493.957165019,495.23453801,488.610022266,13984829.0
2025-07-07,492.511456052,492.848128004,493.868045973,490.377550009,13981605.0
2025-07-08,492.372826426,491.758895221,493.323429582,489.273464052,11846586.0
2025-07-09,495.402873986,498.581453289,501.81944529,494.848355478,18659538.0
2025-07-10,498.125955944,496.571323699,499.502350097,492.877834352,16498740.0
2025-07-11,493.590786719,498.393313081,500.086574953,492.922393875,16459512.0
2025-07-14,496.605981105,498.096249595,499.036950635,496.125728469,12058848.0
2025-07-15,498.096249595,500.868842134,503.324566954,497.868500922,14927202.0
2025-07-16,500.235106696,500.67079981,501.760032593,496.977310463,15154374.0
2025-07-17,500.730212507,506.691286465,508.344939872,500.67079981,17503129.0
2025-07-18,509.444074772,505.057437291,509.602508631,502.463082844,21209666.0
2025-07-21,501.745179418,505.067339407,507.077468997,500.601484996,14066805.0
2025-07-22,505.968431982,500.324225742,506.196180655,500.324225742,13868644.0
2025-07-23,501.789738941,500.918352715,501.829347406,495.798958634,16396585.0
2025-07-24,503.789966416,505.879312936,508.642003359,502.334355333,16107000.0
2025-07-25,507.448798355,508.681611823,513.216781048,505.363610724,19125699.0
2025-07-28,509.047990123,507.483455762,509.958984815,505.126752104,14308027.0
2025-07-29,510.483796974,507.552770575,512.553339262,506.552656838,16469235.0
2025-07-30,510.12732079,508.216212362,510.899685854,504.448457144,26380434.0
2025-07-31,549.790247269,528.277899803,550.013044884,526.693561209,51617326.0
2025-08-01,529.763217235,518.979812682,530.555386531,515.761624914,28977628.0
2025-08-04,523.099093025,530.396952672,532.981405003,522.960463398,25349004.0
2025-08-05,531.921878568,522.584182982,532.040703963,522.079175056,19171569.0
2025-08-06,525.703349588,519.801688327,526.495518885,518.900595752,21355702.0
2025-08-07,521.643481942,515.741820681,522.920854933,512.485113681,16079144.0
2025-08-08,517.484593134,516.930074626,519.524429073,514.325818063,15531009.0
2025-08-11,517.187529648,516.662717489,522.425749123,514.632783666,20194372.0
2025-08-12,518.623336498,524.059598298,525.782566518,517.583614296,18688921.0
2025-08-13,526.90150565,515.48436566,527.485730506,514.286209598,19619160.0
2025-08-14,517.444984669,517.36576774,520.801703043,515.048672546,20269074.0
2025-08-15,517.65292911,515.078378895,520.950333808,513.999048228,25213272.0
2025-08-18,516.479528339,512.038429219,517.702439691,508.988577426,23760583.0
2025-08-19,509.958984815,504.780178037,510.121478542,503.572119859,21481016.0
2025-08-20,504.874248141,500.769820972,505.998138331,499.502350097,27723025.0
2025-08-21,499.579614081,500.12512578,503.487461526,498.617628996,18443254.0
2025-08-22,500.135044175,503.090725745,506.56216383,498.310059581,24324161.0
2025-08-25,502.495622073,500.144962569,504.04289162,500.006105046,21638579.0
2025-08-26,500.239187317,497.943078984,500.856904929,494.441885715,30835709.0
2025-08-27,497.903405406,502.604724413,503.150236112,495.820542554,17277893.0
2025-08-28,502.951868221,505.481058826,506.919226033,501.374843491,18015593.0
2025-08-29,504.509056162,502.55513244,505.441385248,500.374573403,20961569.0
2025-09-02,496.380931845,500.997944499,501.870763218,492.755758644,18127995.0
2025-09-03,499.678798026,501.226067573,503.646155838,498.22079403,16345078.0
2025-09-04,500.184636147,503.82468694,504.003218041,499.044020776,15509486.0
2025-09-05,504.915710338,490.960529235,507.792044752,488.351991473,31994846.0
2025-09-08,494.040190736,494.134415484,497.104974646,490.990284418,16771015.0
2025-09-09,497.338056917,494.342701769,498.151365269,493.638495758,14410542.0
2025-09-10,498.875408069,496.286707097,499.123268749,492.666493094,21611816.0
2025-09-11,498.151365269,496.921484347,499.063857566,493.817026859,18881608.0
2025-09-12,502.515458862,505.738937084,508.367311635,499.738308394,23624884.0
2025-09-15,504.637995291,511.154380498,511.263482837,502.862602671,17143786.0
2025-09-16,512.661976466,504.885955155,513.009120275,504.449545795,19711922.0
2025-09-17,506.45306149,505.857957819,507.117593924,501.801334456,15816585.0
2025-09-18,507.315961814,504.300769877,508.88306815,503.517216709,18913696.0
2025-09-19,506.393551123,513.703407892,515.062227942,506.14559126,52474093.0
2025-09-22,511.382503572,510.251806595,513.514958396,508.362352437,20009314.0
2025-09-23,509.607110951,505.074404651,510.390564935,503.170072901,19799580.0
2025-09-24,506.215020022,505.986896947,508.297882873,502.783255514,13533711.0
2025-09-25,504.151993959,502.892357854,505.848039424,500.918597343,15786468.0
2025-09-26,505.897631397,507.286206631,509.745968474,502.485703678,16213129.0
2025-09-29,507.325880209,510.400582513,512.627262085,504.727260842,17617775.0
2025-09-30,509.051680857,513.723244681,513.931530966,505.500895615,19728229.0
2025-10-01,510.598950404,515.468882118,516.257394483,507.514329705,22632336.0
2025-10-02,513.41577445,511.53127949,517.343458684,506.511679202,21222886.0
2025-10-03,512.880181146,513.128141009,516.242516891,510.797318295,15112321.0
2025-10-06,514.37785872,524.256579672,526.696504726,513.971204544,21388581.0
2025-10-07,523.973905428,519.704036582,525.476542199,517.184764372,14615208.0
2025-10-08,519.009748965,520.566936907,522.649799758,518.821299469,13363447.0
2025-10-09,518.072460682,518.136930247,520.046221194,513.177732982,18343602.0
2025-10-10,515.399453356,506.790286904,519.307300801,505.471140432,24133840.0
2025-10-13,512.195811923,509.855070814,512.195811923,507.504411311,14284238.0
2025-10-14,506.061284906,509.378987877,511.07701702,501.870763218,14684300.0
2025-10-15,510.752685519,509.240130353,512.969446697,505.83812103,14694654.0
2025-10-16,508.397066818,507.434982549,512.632221283,503.983381252,15559565.0
2025-10-17,504.885955155,509.388906271,511.273401232,503.170072901,19867765.0
2025-10-20,510.410500908,512.572710915,514.467124271,509.240130353,14665620.0
2025-10-21,513.276916927,513.435611239,514.457205876,508.853312967,15586204.0
2025-10-22,516.89713093,516.292108864,520.943835899,513.485203212,18962694.0
2025-10-23,518.196440614,516.311945653,519.674281399,514.37785872,14023532.0
2025-10-24,518.523747633,519.337055985,521.057897436,516.460721571,15532360.0
2025-10-27,527.440384316,527.182506058,530.217534784,524.692989031,18734716.0
2025-10-28,545.51169915,537.646412287,549.201341915,536.357020998,29986683.0
2025-10-29,540.492991517,537.130655772,541.81213799,532.348700217,36023004.0
2025-10-30,526.150993027,521.469510809,530.604352171,517.8592152,41023088.0
2025-10-31,524.559090705,513.584387157,525.000459261,510.89650224,34006424.0
2025-11-03,515.563106866,512.810752384,520.676039246,510.390664119,22374742.0
2025-11-04,507.583758467,510.132785861,511.342829994,503.695747811,20958663.0
2025-11-05,509.111191224,503.021296983,510.628705587,502.441070903,23024342.0
2025-11-06,501.533537803,493.043392086,501.573211382,491.763919191,27406496.0
2025-11-07,492.889656971,492.765677039,495.30181052,489.224810192,24019764.0
2025-11-10,495.95444088,501.870763218,502.713826753,494.729519156,26101480.0
2025-11-11,500.680555874,504.528892952,505.441385248,498.249359007,17980020.0
2025-11-12,505.198384582,506.968818006,507.494492916,495.047006965,26574851.0
2025-11-13,506.14559126,499.1828783,509.309559115,497.199199394,25273114.0
2025-11-14,494.164170668,506.016652131,507.425064154,493.3806175,28505746.0
2025-11-17,504.300769877,503.348604002,507.94082067,500.789658214,19092752.0
2025-11-18,491.322550635,489.760403496,498.875408069,482.807608931,33815114.0
2025-11-19,486.100515915,483.144834345,491.14620158,478.889843091,23245314.0
2025-11-20,489.603857125,475.413881115,490.458435512,472.502352424,26802542.0
2025-11-21,475.483439821,469.143660623,475.900792057,465.317931797,31769248.0
2025-11-24,472.005504525,471.011808726,473.893526543,465.069507847,34421046.0
2025-11-25,471.081367431,473.982959165,476.12934209,461.959239997,28019793.0
2025-11-26,483.244204011,482.439310414,485.231595609,478.166418478,25709079.0
2025-11-28,484.521103113,488.908270065,489.524361461,483.582060583,14386730.0
2025-12-01,485.355807584,483.671493205,486.771724728,481.592184745,23963993.0
2025-12-02,483.64665081,486.91094151,490.388777436,483.254140969,19562722.0
2025-12-03,473.317182979,474.718294056,481.187253707,472.204243684,34615102.0
2025-12-04,476.735496528,477.808687991,478.287649366,473.486111265,22318155.0
2025-12-05,479.473128454,480.114062244,480.352549236,475.861143594,22608710.0
2025-12-08,481.828187498,487.924511224,489.196441847,481.326371119,21965900.0
2025-12-09,486.01661529,488.918207023,489.017576603,485.420497181,14696078.0
2025-12-10,480.978577589,475.543061569,481.197190665,472.085000188,35756229.0
2025-12-11,473.625228677,480.422107942,482.965969187,472.860082912,24669180.0
2025-12-12,476.795118276,475.513250695,479.408538227,473.337056895,21248102.0
2025-12-15,477.073353099,471.826639281,477.689941343,469.541138943,23727694.0
2025-12-16,468.930016027,473.386741685,474.877285384,467.911477833,20705560.0
2025-12-17,473.898495022,473.118443819,476.97398352,472.005504525,24527176.0
2025-12-18,475.175394123,480.9288928,486.51346319,474.877285384,28573545.0
2025-12-19,484.2875846,482.85666265,484.774495542,479.448286059,70836105.0
2025-12-22,483.055401809,481.862966851,485.648947845,479.647025219,16963019.0
2025-12-23,481.922588599,483.780799743,484.754621626,481.684101607,14683582.0
2025-12-24,482.618175658,484.943423827,486.078721278,481.773534229,5855880.0
2025-12-26,483.636713852,484.63537813,485.042793407,482.896410482,8842175.0
2025-12-29,481.798376624,484.029223692,485.271343441,481.127631959,10893408.0
2025-12-30,482.866599608,484.406828096,486.592958854,482.439310414,13944512.0
2025-12-31,484.764558584,480.571162312,485.062667323,480.253179656,15601554.0
2026-01-02,481.331339598,469.958491179,481.604605943,467.196016857,25571567.0
2026-01-05,471.066461994,469.869058557,473.068759029,466.54017763,25250260.0
2026-01-06,470.813069566,475.493376779,475.718647617,466.78860158,23037665.0
2026-01-07,476.730528049,480.422107942,486.61283277,474.936907132,25564196.0
2026-01-08,478.20616631,475.095898459,479.617214345,472.860082912,18162616.0
2026-01-09,471.071430473,476.258522544,476.795118276,469.223255657,18491036.0
2026-01-12,473.664976509,474.171761366,477.957742361,472.681515777,23519895.0
2026-01-13,471.68255339,467.702801715,472.780487878,463.012557544,28545800.0
2026-01-14,463.519342401,456.483976144,465.248373091,454.288007798,28184302.0
2026-01-15,461.194094231,453.781123571,461.323274685,453.025914764,23225839.0
2026-01-16,454.943747656,456.960950128,460.269957138,453.602258327,34246650.0
2026-01-20,448.370449945,451.654614561,453.920240983,446.447648574,26129992.0
2026-01-21,449.741750148,441.310241293,449.836151249,435.914473105,37980510.0
2026-01-22,444.798113548,448.29592276,449.985205619,441.896521815,25349378.0
2026-01-23,449.021320694,463.012557544,468.130090908,447.689768323,38000159.0
2026-01-26,462.371623753,467.315260353,471.260232675,459.087459138,29291235.0
2026-01-27,470.713699986,477.550327083,479.825890463,470.177104254,29213923.0
2026-01-28,480.163747034,478.593707672,480.690405808,474.986591922,36875403.0
2026-01-29,437.216214602,430.767128866,439.710391057,418.365805294,128855323.0
2026-01-30,436.401384046,427.577365351,436.82867324,423.761573483,58566819.0
2026-02-02,427.522712082,420.700990422,428.020553678,419.588051127,42219858.0
2026-02-03,419.349564135,408.617649506,419.389311967,405.984355639,61424123.0
2026-02-04,408.408973389,411.578862987,417.15349642,406.660068782,45012374.0
2026-02-05,404.871416344,391.188225192,405.725994731,389.846735863,66289247.0
2026-02-06,396.648583607,398.61113281,399.25703508,390.442953343,53515311.0
2026-02-09,402.297744225,410.992582466,412.274450047,398.342834945,45480526.0
2026-02-10,416.974631176,410.664662852,421.00903612,410.098256247,44857850.0
2026-02-11,413.551349148,401.820770241,413.834552451,398.481952356,42491012.0
2026-02-12,402.446798595,399.30671987,403.639233553,395.500864959,40802362.0
2026-02-13,401.900265905,398.789998054,402.983394326,395.540612791,34091553.0
2026-02-17,396.703236876,394.358114791,397.995041415,392.0378351,32078794.0
2026-02-18,395.620108455,397.08084128,400.022180845,393.821519059,23223417.0
2026-02-19,399.07276908,396.851769617,402.79767401,395.068994262,28234001.0
2026-02-20,394.511254487,395.626734038,398.500986214,393.565088796,34015249.0
2026-02-23,393.405734575,382.918234865,393.764281573,381.553764343,43238273.0
2026-02-24,382.589566783,387.429951265,387.788498263,380.169374543,33884653.0
2026-02-25,388.948796189,398.983132331,399.84962091,388.585269371,43625483.0
2026-02-26,403.076543898,400.098611882,405.845323498,397.130639504,34405869.0
2026-02-27,389.302363368,391.154856194,395.218388845,388.306399483,51367196.0
2026-03-02,391.269392041,396.941406366,399.570751023,389.053372397,35474907.0
2026-03-03,391.553241748,402.299692068,405.058512029,391.085138722,38199209.0
2026-03-04,399.645448314,403.564566202,409.373625157,398.694302804,35807990.0
2026-03-05,402.787714371,409.022448291,409.948694704,402.767795094,39001315.0
2026-03-06,407.548421742,407.309390409,411.382882699,406.861306257,31123859.0
2026-03-09,403.280716494,407.757574157,408.554345265,401.871427597,30131854.0
2026-03-10,408.375071766,404.122305977,408.544385627,401.303728183,31706375.0
2026-03-11,403.933072839,403.245857758,407.359188603,399.969136577,25512139.0
2026-03-12,402.996866787,400.238046826,404.480852976,400.088652243,27263886.0
2026-03-13,399.381517885,393.953514711,403.166180648,392.658761661,26848000.0
2026-03-16,396.463343701,398.335755805,399.013011247,393.196582159,27733721.0
2026-03-17,398.654464248,397.797935307,402.767795094,396.139655439,26228279.0
2026-03-18,395.52215783,390.208690504,396.39362623,389.421879035,25908484.0
2026-03-19,388.525511538,387.449870542,390.905865223,385.497781328,25138772.0
2026-03-20,385.228871079,380.328728764,385.438023495,378.585791966,50853154.0
2026-03-23,382.350535451,381.454167955,385.64717591,380.139495626,29680059.0
2026-03-24,380.816751068,371.235578494,380.926307095,370.349170637,42733625.0
2026-03-25,375.398707534,369.54243989,375.538142478,368.138130812,31181163.0
2026-03-26,369.318348016,364.492902993,373.20748739,363.716051163,36836574.0
2026-03-27,360.439329981,355.330035251,360.987110118,355.071084641,37883400.0
2026-03-30,360.434350162,357.511196159,363.885365023,354.842012947,44797002.0
2026-03-31,363.078634276,368.67595131,371.394932716,361.604607726,45244365.0
2026-04-01,371.982551408,367.879180202,372.480533351,366.713902457,29417206.0
2026-04-02,365.722918391,371.952672492,372.131945991,362.680248722,24099067.0
2026-04-06,371.982551408,371.375013438,372.221582741,368.010049856,16146572.0
2026-04-07,368.84526517,370.787394746,370.946748968,365.080521685,21443349.0
2026-04-08,383.426176447,372.819161072,383.446095725,369.910946527,33064818.0
2026-04-09,370.996547162,371.564246576,371.992511047,365.568543989,30435297.0
2026-04-10,371.474609827,369.373126029,374.123873761,368.536516366,28111128.0
2026-04-13,372.097087255,382.818638477,382.987952337,369.522520612,35745781.0
2026-04-14,386.349330449,391.523362832,393.09698577,384.95996083,37504486.0
2026-04-15,396.39362623,409.560268789,412.697455431,395.128752096,45063389.0
2026-04-16,418.165396756,418.56378231,419.121522085,410.476555563,41642361.0
2026-04-17,423.105377625,421.083570939,429.838093488,418.99204678,48568190.0
2026-04-20,419.445210348,416.382621401,421.621391437,414.619765325,27582237.0
2026-04-21,418.543863032,422.448041461,425.455852394,415.516132822,32048495.0
2026-04-22,424.464868328,431.172685094,431.949536924,421.960019157,29378173.0
2026-04-23,418.190295853,414.071985188,421.950059519,409.749601524,38307959.0
2026-04-24,415.287061128,422.906184848,423.23485293,414.121783383,27457404.0
2026-04-27,420.670245926,423.105377625,425.386134922,415.386757113,30867303.0
2026-04-28,422.856386654,427.517497636,428.184793439,420.197163081,30438087.0
2026-04-29,422.861366473,422.746830627,425.097305395,418.593661226,38288316.0
2026-04-30,409.151923596,406.134153025,412.747353221,396.403585868,70909408.0
2026-05-01,411.133891728,412.767272499,415.426496072,408.778437139,31372361.0
2026-05-04,409.878977232,411.950582113,419.08168353,409.141963958,28066528.0
2026-05-05,413.643720718,409.719623011,415.097728393,407.150036188,25700891.0
2026-05-06,406.35326508,412.289209834,416.73399746,403.474929452,30285898.0
2026-05-07,418.414387727,419.071723891,426.252623502,417.069836482,34942445.0
2026-05-08,415.70038614,413.444527941,416.940361177,412.32904839,33383790.0
2026-05-11,406.223789774,410.994456784,411.0243357,403.863355367,35657943.0
2026-05-12,412.807111054,406.124193386,413.822994217,404.998754196,38594221.0
2026-05-13,401.572638432,403.57452584,404.670086114,399.411396801,29667073.0
2026-05-14,402.847472204,407.777493435,410.177766398,399.262002218,27077542.0
2026-05-15,412.597958638,420.217082359,426.44185664,411.243447755,50771160.0
2026-05-18,414.938473768,421.830543852,423.404166791,413.932550244,32564130.0
2026-05-19,428.164874161,415.735244876,430.953573039,414.808998463,33018678.0
2026-05-20,412.493382431,419.360553418,420.396355858,409.640045496,27864016.0
2026-05-21,423.95191089,418.302545815,425.53892334,414.928896706,31393469.0
2026-05-22,418.746709677,417.783522875,423.602568527,415.54773175,22390344.0
2026-05-26,415.647543854,415.248295439,418.981268121,412.243951114,30398049.0
2026-05-27,410.237727828,411.894608751,415.158464545,408.810414744,28901479.0
2026-05-28,412.199035668,426.187702015,428.68300461,411.894608751,47250541.0
2026-05-29,431.732264381,449.394016149,449.483847042,431.547611989,79654376.0
2026-06-01,463.966583303,459.654700419,465.44380244,457.408928084,53628910.0
2026-06-02,446.040329461,440.480795279,452.647890733,439.602448766,37036801.0
2026-06-03,437.626169111,426.537044378,439.562523924,423.452850371,39037007.0
2026-06-04,434.99112957,427.245710315,435.330490723,425.608791813,26899511.0
2026-06-05,427.535165416,415.887092903,428.663042189,413.621358147,34782164.0
2026-06-08,413.361846677,410.966356186,416.376072399,407.792331285,32086714.0
2026-06-09,408.261448173,402.652007939,411.205905235,397.731271222,35317302.0
2026-06-10,397.801139694,396.613375659,404.278945231,396.413751452,32576041.0
2026-06-11,394.462424822,389.606565972,396.10433393,383.278478592,47224135.0
2026-06-12,390.694517904,390.005814388,391.003935426,381.551729196,34922036.0
2026-06-15,396.049437273,399.00886615,400.995127016,392.106859173,32266437.0
2026-06-16,395.04632563,393.090008395,396.094352719,389.955908336,31506846.0
2026-06-17,389.516735079,378.198042508,389.636509604,376.611030058,41987834.0
2026-06-18,377.110090577,378.687121817,380.653420262,372.578621064,59714157.0
2026-06-22,375.033998818,366.649782098,380.912931731,366.380289418,45171106.0
2026-06-23,371.68031213,373.237380949,376.511217954,369.973525155,40647605.0
2026-06-24,370.871834089,364.773314547,378.168098877,364.094592241,44509854.0
2026-06-25,362.088368955,352.167045837,363.54562567,348.543866469,66360473.0
2026-06-26,356.478928721,372.269203542,375.902364121,354.762160536,186201631.0
2026-06-29,376.790691845,367.877470975,379.785054959,359.223761576,51229885.0
2026-06-30,370.332848729,372.319109594,373.446986367,366.759575413,44945696.0
2026-07-01,380.109444296,383.557952482,388.099403205,374.185595935,48065801.0
2026-07-02,383.75757669,389.756284128,391.463071103,382.97904228,42194409.0
2026-07-06,386.312766547,386.013330236,388.418801937,380.503702106,34224543.0
2026-07-07,391.752526204,388.109384415,394.826739001,387.490549372,29297524.0
2026-07-08,383.308422223,382.619718706,384.586017151,380.61349542,25908255.0
2026-07-09,373.746422679,383.637802165,383.927257266,372.648489537,31083197.0
2026-07-10,387.071338536,384.376411733,391.173616002,380.783175997,24644605.0
2026-07-13,387.016441879,390.255344647,392.910346608,383.428196747,28914877.0
2026-07-14,382.100695767,384.206731157,387.460605741,377.938531038,27863916.0
2026-07-15,387.071338536,394.886626263,398.21036932,385.673969083,36253745.0
2026-07-16,397.561590645,400.346348341,405.227160217,391.31345276,37047443.0
2026-07-17,394.113082459,393.080027185,397.641440328,388.658350986,33049842.0
2026-07-20,390.674555483,401.534112377,402.4224401,388.917862456,27915762.0
2026-07-21,398.055660559,397.002642864,400.715653125,395.57532978,24126632.0
2026-07-22,398.829204364,389.606565972,400.246536238,386.232916864,28142511.0
2026-07-23,389.232270583,380.86302568,391.043860267,376.68089853,30351752.0
2026-07-24,386.322747757,380.982800204,388.299027413,379.934773114,27659388.0
2026-07-27,389.347054503,388.368895885,393.459313179,387.260981533,27856160.0
2026-07-28,392.4212673,392.610910297,399.567813932,390.564762169,32367546.0
2026-07-29,392.660816349,389.80619018,400.496066497,388.009572312,47209032.0
2026-07-30,437.07720254,450.252400241,457.82813892,431.627461672,110160704.0
2026-07-31,449.1544671,463.846808779,465.962825379,448.485726004,60845971.0
2026-08-03,475.230379217,486.73372418,490.726208332,474.10749305,66762074.0
2026-08-04,479.996407174,491.884028736,498.501471406,478.269657778,50455454.0
2026-08-05,495.422367816,486.544081183,497.303825973,484.767425735,33388871.0
2026-08-06,487.632033114,498.920782054,500.612597214,487.602089483,36441544.0
2026-08-07,498.272003379,499.050537789,504.230785976,497.792905281,28846235.0
2026-08-10,502.49405537,505.10913249,512.764720851,501.326253756,31206137.0
2026-08-11,503.382383094,502.863360154,504.380504132,498.611364532,23049791.0
2026-08-12,499.050537789,491.504742742,500.557700557,490.596452597,29001478.0
2026-08-13,492.338173809,495.946381361,500.39800119,492.083652944,23038979.0
2026-08-14,495.422367816,494.469162225,499.07050021,492.991943088,16217647.0
2026-08-17,489.219045565,479.447440603,491.734310581,477.511085789,29635848.0
2026-08-18,480.635204638,480.725035531,483.360075072,476.253952342,24087591.0
2026-08-19,479.162976107,483.399999913,488.380623893,478.459300775,19961871.0
2026-08-20,483.3,481.15,484.16,479.5,20020822.0
2026-08-21,479.88,483.24,486.36,478.53,22510774.0
2026-08-24,483.205,487.31,490.605,481.86,17230751.0
2026-08-25,485.44,491.71,492.435,484.3,19518987.0
2026-08-26,487.85,496.37,497.4,487.31,20758853.0
2026-08-27,494.88,505.06,506.48,490.08,28688756.0
2026-08-28,505.33,513.53,517.78,504.8675,29207325.0
2026-08-31,510.38,507.29,512.19,506.39,27208911.0
2026-09-01,497.52,501.02,505.97,496.78,21046892.0
2026-09-02,499.85,496.82,500.27,493.81,15336074.0
2026-09-03,501.66,510.12,515.65,500.8,24125893.0
2026-09-04,510.0,499.7,511.0,499.36,18101758.0
2026-09-08,493.01,493.95,495.19,490.15,18882338.0
2026-09-09,493.07,491.65,494.39,489.8,12889572.0
2026-09-10,488.32,492.44,494.52,486.0,16038805.0
2026-09-11,495.65,495.63,498.97,492.58,14518435.0
2026-09-14,497.06,505.41,509.95,495.3416,23091892.0
2026-09-15,500.06,497.12,505.9,495.54,17794612.0
2026-09-16,493.03,490.3,495.97,487.23,16670285.0
