time_key,open,close,high,low,volume
2018-01-02,40.507201365,42.584243707,42.628124883,40.165903327,37097032.0
2018-01-03,43.393607625,43.861673505,43.929933112,42.954795862,43376664.0
2018-01-04,44.846562127,45.71443428,45.811948005,43.890927622,52229537.0
2018-01-05,44.983081342,44.66128605,45.495028398,44.246852718,47381089.0
2018-01-08,44.183468797,44.417501737,44.944075852,43.793413897,32217370.0
2018-01-09,44.144463307,41.901647632,44.417501737,41.706620182,62982860.0
2018-01-10,40.907007637,42.233194297,42.291702532,40.360930777,53347952.0
2018-01-11,42.43797312,41.755377045,42.906039,41.560349595,39402219.0
2018-01-12,41.755377045,41.745625672,42.272199787,41.613982143,28458481.0
2018-01-16,42.067420965,41.85289077,42.769519785,41.365322145,38174769.0
2018-01-17,42.135680572,43.159574685,43.276591155,41.911399005,38077096.0
2018-01-18,43.110817822,42.896287627,43.539878212,42.818276647,25152064.0
2018-01-19,42.857282137,41.687117437,43.10106645,41.590578849,41469156.0
2018-01-22,41.414079007,41.81388528,41.81388528,40.64372058,37879367.0
2018-01-23,42.174686062,42.857282137,43.549629585,41.667614692,41334108.0
2018-01-24,42.67200606,42.00891273,42.857282137,41.674440653,31305715.0
2018-01-25,43.130320567,41.940653122,43.60813782,41.794382535,40519234.0
2018-01-26,42.145431945,42.584243707,42.715887236,41.960155867,27177473.0
2018-01-29,42.174686062,42.213691552,42.340459395,41.326316655,29455004.0
2018-01-30,40.946013127,40.633969207,41.730998613,40.438941757,38861906.0
2018-01-31,41.911399005,42.63300057,42.86703351,41.706620182,45114641.0
2018-02-01,41.96990724,41.433581752,42.993801352,41.053278225,35713522.0
2018-02-02,40.9557645,39.805102545,41.160543322,39.600323722,40657381.0
2018-02-05,39.142009215,38.42040765,40.497449992,38.040104122,45796837.0
2018-02-06,39.541815487,42.78902253,42.837779392,39.541815487,66972802.0
2018-02-07,42.184437435,40.965515872,42.47697861,40.702228815,51354784.0
2018-02-08,41.46283587,39.00549,41.960155867,39.00549,53794067.0
2018-02-09,40.029384112,39.405296272,40.165903327,36.58714962,65189252.0
2018-02-12,39.990378622,41.141040577,41.61885783,39.86361078,47941060.0
2018-02-13,41.004521362,41.570100967,41.85289077,40.936261755,30296775.0
2018-02-14,40.887504892,42.369713512,42.545238217,40.887504892,36765941.0
2018-02-15,42.637876256,42.418470375,42.82802802,41.209300185,35072341.0
2018-02-16,42.213691552,43.110817822,43.988441347,42.057669592,49404593.0
2018-02-20,42.925541745,43.783662525,44.144463307,42.808525275,36215897.0
2018-02-21,44.241977032,43.432613115,44.417501737,43.41311037,31618738.0
2018-02-22,43.666646055,43.149823312,43.715402917,42.94504449,24359578.0
2018-02-23,44.056700955,45.373136242,45.6364233,43.900678995,48476673.0
2018-02-26,45.802196632,46.787085255,47.030869567,45.538909575,41966130.0
2018-02-27,46.475041335,47.372167605,47.771973877,46.241008395,44731112.0
2018-02-28,47.5866978,47.596449172,48.230288385,47.147886037,45031445.0
2018-03-01,47.557443682,46.436035845,47.596449172,45.607169182,61278848.0
2018-03-02,45.20736291,47.888990347,48.025509562,44.807556637,52492924.0
2018-03-05,47.5866978,50.736391117,51.05818641,47.50868682,70984057.0
2018-03-06,52.07232915,52.403875815,53.28149934,51.887053072,73096298.0
2018-03-07,52.013820915,52.628157382,53.63254875,51.804166406,61669983.0
2018-03-08,53.227866791,53.847078945,54.090863257,52.949952675,51685913.0
2018-03-09,54.37365306,53.232742477,54.441912667,52.286859345,65504592.0
2018-03-12,55.095254625,57.893898532,59.649145582,54.948984037,138651643.0
2018-03-13,60.624282832,57.952406767,61.843204395,57.06503187,142315817.0
2018-03-14,57.84514167,58.293704805,58.566743235,56.12890011,80306937.0
2018-03-15,58.283953432,57.37707579,58.654505587,56.782242067,50963689.0
2018-03-16,58.508235,59.073814605,59.181079702,57.737876572,69323134.0
2018-03-19,58.85928441,58.644754215,59.473620877,57.289313437,71373332.0
2018-03-20,58.605748725,59.629642837,59.727156562,58.31320755,53890478.0
2018-03-21,59.824670287,59.551631857,60.18547107,59.09331735,51220155.0
2018-03-22,58.576494607,57.45508677,58.800776175,56.665225597,74274731.0
2018-03-23,56.255667952,52.862190322,57.3380703,52.34536758,118369484.0
2018-03-26,54.861221685,54.17862561,55.300033447,51.40923582,70260721.0
2018-03-27,53.691056985,51.0971919,54.090863257,50.39509308,67785075.0
2018-03-28,50.638877392,50.209817002,52.023572287,49.439458575,62987534.0
2018-03-29,50.86315896,50.843656215,51.37023033,49.868518965,61458758.0
2018-04-02,50.258573865,48.815370735,50.43409857,48.32780211,59875497.0
2018-04-03,49.5369723,50.268325237,50.482855432,49.06890642,52436387.0
2018-04-04,48.386310345,52.062577777,52.169842875,48.035260935,60272778.0
2018-04-05,50.765645235,48.60084054,50.90216445,47.967001327,89203496.0
2018-04-06,46.53354957,47.255151135,49.22492838,46.084986435,79392188.0
2018-04-09,47.908493092,46.76758251,48.591089167,46.72857702,50532861.0
2018-04-10,48.025509562,49.22492838,49.484314888,47.425800153,50491011.0
2018-04-11,49.02990093,49.22492838,50.51210955,48.864127597,38942202.0
2018-04-12,49.84901622,51.282467977,51.60426327,49.829513475,46656328.0
2018-04-13,52.07232915,50.931418567,52.160091502,50.297579355,43598892.0
2018-04-16,50.950921312,50.365838962,51.17520288,50.04404367,30879466.0
2018-04-17,50.560866412,50.960672685,51.389733075,50.453601315,33325289.0
2018-04-18,50.175687198,52.667162872,52.920698557,49.418005555,55393632.0
2018-04-19,51.584760525,50.141557395,52.754925225,49.712497005,52634973.0
2018-04-20,50.219568375,49.361447595,50.775396607,48.903133087,38510750.0
2018-04-23,49.546723672,47.801227995,49.61498328,47.596449172,43692970.0
2018-04-24,48.425315835,45.938715847,49.007472773,45.28537389,61915374.0
2018-04-25,46.37752761,46.4165331,47.139109802,44.929448793,43781171.0
2018-04-26,48.05476368,48.893381715,48.932387205,47.615951917,39041386.0
2018-04-27,49.839264847,46.33852212,50.112303277,46.016726827,50049798.0
2018-04-30,45.889958985,44.836810755,46.504295452,44.188344483,54743790.0
2018-05-01,44.456507227,45.626671927,45.699807221,44.280982522,34154908.0
2018-05-02,44.768551147,44.749048402,45.576939927,44.54426958,31640805.0
2018-05-03,44.602972842,45.460898595,45.699807221,44.203166569,30489613.0
2018-05-04,45.16835742,46.397030355,46.514046825,44.992832715,28632166.0
2018-05-07,47.060123685,47.27465388,47.888990347,46.913853097,33996912.0
2018-05-08,47.323410742,47.362416232,47.644230897,46.68957153,25205522.0
2018-05-09,47.840233485,49.741751122,49.761253867,47.771973877,36489113.0
2018-05-10,50.51210955,51.350727585,51.37023033,50.3170821,37146281.0
2018-05-11,51.077689155,50.531612295,51.4872468,50.395190593,27646392.0
2018-05-14,51.672522877,51.68227425,52.374621697,51.545755035,33376279.0
2018-05-15,52.46238405,52.667162872,52.823184832,51.379884188,43307320.0
2018-05-16,54.207879727,55.095254625,55.495060897,54.10061463,59011916.0
2018-05-17,54.617437372,53.340007575,55.03674639,52.589151892,54832177.0
2018-05-18,52.2673566,52.062577777,53.291250712,51.536003662,46088834.0
2018-05-21,54.778335018,54.10061463,55.066000507,53.174234242,70858134.0
2018-05-22,57.581854612,57.562351867,58.995803625,56.850501675,111262746.0
2018-05-23,57.581854612,58.478980882,58.508235,56.704231087,64066804.0
2018-05-24,58.683759705,59.961189502,60.448758127,58.07917461,74724955.0
2018-05-25,59.337101662,59.824670287,60.556023225,59.103068722,54715927.0
2018-05-29,59.83442166,61.063094595,62.389378768,59.824670287,75591946.0
2018-05-30,62.116242825,61.014337732,63.052374585,59.40536127,84737640.0
2018-05-31,58.752019312,56.158154227,58.752019312,55.743720896,101882177.0
2018-06-01,57.347821672,57.279562065,57.864644415,55.46580678,74761515.0
2018-06-04,56.002132267,57.630611475,57.68911971,55.212271095,64350519.0
2018-06-05,58.31320755,57.932904022,58.644754215,57.367324417,41711285.0
2018-06-06,57.786633435,57.942655395,58.108428727,56.850501675,36748973.0
2018-06-07,58.361964412,58.147434217,58.771522057,57.10403736,42264729.0
2018-06-08,57.172296967,59.863675777,60.0684546,56.772490695,57144868.0
2018-06-11,60.175719697,59.863675777,60.994834987,59.551631857,42251465.0
2018-06-12,60.30248754,59.044560487,60.312238912,58.449726765,43633349.0
2018-06-13,58.800776175,58.556991862,59.746659307,58.527737745,33281355.0
2018-06-14,59.044560487,57.708622455,59.064063232,57.211302457,43421919.0
2018-06-15,57.074783242,56.782242067,57.630611475,55.875364425,45854083.0
2018-06-18,56.1679056,56.996772262,57.14304285,55.456055407,36975630.0
2018-06-19,56.20691109,57.776882062,57.981660885,55.690088347,43486620.0
2018-06-20,58.635002842,57.484340887,59.60038872,57.3380703,57497566.0
2018-06-21,59.931935385,57.96215814,60.292736167,57.620860102,70419904.0
2018-06-22,58.70326245,55.680336975,58.908041272,55.602325995,63497506.0
2018-06-25,54.159122865,51.83829621,54.25663659,51.106943272,72196268.0
2018-06-26,53.057217772,53.232742477,53.408267182,52.277107972,42277106.0
2018-06-27,53.63254875,50.960672685,53.973846787,50.86315896,53007505.0
2018-06-28,50.707137,51.818793465,51.979691111,50.502358177,36878949.0
2018-06-29,52.355118952,51.13619739,52.511140912,51.0971919,32582221.0
2018-07-02,50.23907112,53.12547738,53.174234242,50.04404367,38934173.0
2018-07-03,53.193736987,50.20006563,53.427769927,48.854376225,52190187.0
2018-07-05,51.536003662,51.52625229,51.984566797,50.648628765,51136399.0
2018-07-06,51.233711115,51.906555817,52.082080522,50.687634255,31840970.0
2018-07-09,52.46238405,52.959704047,53.144980125,51.789539347,32579715.0
2018-07-10,53.301002085,54.354150315,54.510172275,52.998709537,34852848.0
2018-07-11,53.037715027,52.832936205,53.63254875,52.428254246,38699205.0
2018-07-12,53.291250712,54.071360512,54.276139335,52.998709537,29647703.0
2018-07-13,54.129868747,54.948984037,55.183016977,53.94459267,28815986.0
2018-07-16,55.19276835,54.753956587,55.758347955,54.666194235,25735182.0
2018-07-17,54.441912667,55.54381776,55.709591092,54.120117375,24729123.0
2018-07-18,55.826607562,56.021635012,56.704231087,55.50481227,33729693.0
2018-07-19,55.826607562,54.822216195,56.124024423,54.285890707,39392135.0
2018-07-20,54.68569698,53.652051495,54.744205215,53.466775417,32624511.0
2018-07-23,52.179594247,52.940201302,53.222991105,50.920692057,42781491.0
2018-07-24,53.63254875,51.848047582,54.02260365,51.623766015,39011464.0
2018-07-25,51.321473467,52.062577777,52.871941695,50.999678175,40098708.0
2018-07-26,52.2673566,52.42337856,53.379013065,52.121086012,28862468.0
2018-07-27,53.105974635,52.61840601,53.271747967,51.789539347,30109723.0
2018-07-30,52.842687577,51.692025622,52.901195812,51.116694645,25747836.0
2018-07-31,52.442881305,51.477495427,52.871941695,51.457992682,29301746.0
2018-08-01,51.350727585,50.989926802,52.247853855,50.872910332,28199956.0
2018-08-02,50.414595825,52.07232915,52.218599737,50.102551905,28707971.0
2018-08-03,51.974815425,51.496998172,52.07232915,50.960672685,22958948.0
2018-08-06,50.921667195,51.360478957,51.496998172,50.219568375,28776882.0
2018-08-07,51.623766015,51.72127974,52.11133464,51.389733075,21918614.0
2018-08-08,51.52625229,52.062577777,52.199096992,51.159795711,18074693.0
2018-08-09,51.340976212,50.960672685,51.536003662,50.638877392,34538404.0
2018-08-10,49.975784062,50.092800532,50.658380137,49.751502495,31340775.0
2018-08-13,50.326833472,50.063546415,50.765645235,50.000162493,24609540.0
2018-08-14,50.443849942,49.361447595,50.482855432,48.767589009,32050195.0
2018-08-15,48.591089167,46.309268002,48.620343285,45.967969965,57746241.0
2018-08-16,47.00161545,45.928964475,47.108880547,45.796443322,33663044.0
2018-08-17,45.061092322,45.938715847,46.18250016,44.485761345,34464220.0
2018-08-20,46.22150565,46.874847607,47.401421722,45.318821097,33022929.0
2018-08-21,47.684211525,48.698354265,49.117663282,47.654957407,38572923.0
2018-08-22,49.127414655,48.99089544,49.390701712,48.630094657,26740377.0
2018-08-23,48.805619362,48.464321325,48.99089544,48.17178015,26831962.0
2018-08-24,48.67885152,49.439458575,49.556475045,48.67885152,24785525.0
2018-08-27,50.073297787,50.775396607,51.145948762,49.897773082,29134051.0
2018-08-28,51.116694645,51.038683665,51.25321386,50.190314257,26198827.0
2018-08-29,50.794899352,50.541363667,50.86315896,50.024540925,31450783.0
2018-08-30,50.27807661,51.44824131,52.34536758,50.12205465,32416605.0
2018-08-31,51.389733075,51.21420837,51.906555817,50.921667195,29937271.0
2018-09-04,50.838780528,50.638877392,50.999678175,49.453695578,28975084.0
2018-09-05,50.112303277,48.308299365,50.3170821,47.849984857,39125064.0
2018-09-06,47.00161545,43.539878212,47.245399762,42.964547235,94413418.0
2018-09-07,44.017695465,43.744657035,45.304876635,43.539878212,47114308.0
2018-09-10,44.124960562,43.783662525,44.251728405,43.286342527,33078272.0
2018-09-11,42.564740962,42.5159841,42.662254687,41.297062537,48980655.0
2018-09-12,40.21466019,40.702228815,41.131289205,39.66858333,66915955.0
2018-09-13,41.248305675,42.535486845,43.388536911,41.248305675,59922055.0
2018-09-14,43.013304097,43.198580175,43.45211586,42.379464885,40610334.0
2018-09-17,42.506232727,42.496481355,43.21808292,42.174686062,28205256.0
2018-09-18,42.837779392,44.202971542,44.729545657,42.78902253,36507412.0
2018-09-19,44.641783305,43.939684485,44.914821735,43.72515429,29264655.0
2018-09-20,45.2463684,44.914821735,46.045883431,44.768551147,75144122.0
2018-09-21,43.2960939,43.627640565,44.4662586,42.71101155,97053409.0
2018-09-24,43.10106645,44.03719821,44.515015462,42.769519785,36918937.0
2018-09-25,43.978689975,43.53012684,44.330324467,42.925541745,32547450.0
2018-09-26,43.188828802,43.247337037,43.64714331,42.86703351,30299841.0
2018-09-27,43.130320567,43.871424877,44.38824762,42.950895313,26952377.0
2018-09-28,43.539878212,44.105457817,44.476009972,43.383856252,28080411.0
2018-10-01,44.31023664,44.027446837,44.93432448,43.890927622,26693432.0
2018-10-02,43.783662525,44.62228056,45.529158202,43.76415978,32397049.0
2018-10-03,45.12935193,44.027446837,45.260995458,43.603067106,29505110.0
2018-10-04,43.393607625,43.06206096,43.637391937,42.428221747,34579572.0
2018-10-05,42.98404998,42.496481355,43.520375467,41.745625672,35367076.0
2018-10-08,42.20394018,41.999161357,42.759768412,41.550598222,27426552.0
2018-10-09,41.745625672,41.219051557,41.96990724,40.936261755,31576374.0
2018-10-10,40.468195875,40.575460972,41.687117437,40.29267117,48451981.0
2018-10-11,40.91675901,40.926510382,41.85289077,40.395060581,48196988.0
2018-10-12,42.496481355,41.414079007,42.662254687,40.87775352,32851076.0
2018-10-15,40.985018617,41.287311165,41.492089987,40.594963717,27697328.0
2018-10-16,41.638360575,42.135680572,42.272199787,41.248305675,28827416.0
2018-10-17,42.252697042,41.297062537,42.311205277,41.063029597,27758963.0
2018-10-18,40.99476999,40.273168425,41.162981165,40.117146465,33560822.0
2018-10-19,40.633969207,39.444301762,40.941137441,39.268777057,28641375.0
2018-10-22,39.55156686,38.77145706,39.688086075,37.67930334,34441221.0
2018-10-23,37.201486087,37.71830883,38.137617847,36.479884522,46364174.0
2018-10-24,37.0552155,34.549112767,37.347756675,34.51985865,53096450.0
2018-10-25,34.705134727,35.865548055,36.23610021,34.188311985,39625699.0
2018-10-26,34.40284218,34.51985865,35.017178647,33.447207674,41257357.0
2018-10-29,35.241460215,33.798257084,35.29996845,32.979141795,34176423.0
2018-10-30,33.77875434,35.114692372,35.153697862,33.637359438,35319497.0
2018-10-31,35.670520605,36.78217707,37.09422099,34.90991355,44055370.0
2018-11-01,37.035712755,39.12250647,39.20051745,36.58714962,43981410.0
2018-11-02,39.190766077,39.31753392,39.922119015,38.65444059,33645741.0
2018-11-05,39.103003725,38.92747902,39.23952294,37.806071182,22903972.0
2018-11-06,38.751954315,38.81046255,39.55156686,38.57642961,19316554.0
2018-11-07,39.31753392,39.912367642,40.029384112,38.96648451,22957221.0
2018-11-08,39.658831957,39.43455039,40.399936267,39.337036665,15609308.0
2018-11-09,38.898224902,38.137617847,38.995738627,37.455021772,26102786.0
2018-11-12,37.28924844,36.50913864,37.572038242,35.919180603,24822391.0
2018-11-13,36.723668835,36.908944912,37.776817065,36.50913864,25870470.0
2018-11-14,37.659800595,37.084469617,38.001098632,36.674911972,23706441.0
2018-11-15,37.006458637,38.917727647,39.176139018,36.684663345,30046097.0
2018-11-16,37.494027262,38.45941314,38.718312079,37.377010792,25445714.0
2018-11-19,38.2253802,35.914304917,38.34239667,35.758282957,31039134.0
2018-11-20,33.252180225,35.22195747,36.070326877,33.203423362,38728639.0
2018-11-21,36.08007825,35.475493155,36.294608445,35.465741782,22728369.0
2018-11-23,35.036681392,35.4949959,36.567646875,35.02693002,11257770.0
2018-11-26,36.811431187,35.660769232,36.850436677,34.641750806,26569723.0
2018-11-27,35.192703352,36.08007825,36.518890012,35.124443745,21397318.0
2018-11-28,36.362868052,37.747562947,38.03035275,35.100065313,42293708.0
2018-11-29,37.347756675,36.967453147,37.747562947,36.791928442,23631284.0
2018-11-30,36.811431187,37.60129236,37.669551967,36.021570015,28176043.0
2018-12-03,39.20051745,39.034744117,39.23952294,38.176623337,35829990.0
2018-12-04,38.57642961,35.96306178,38.878722157,35.80703982,36616292.0
2018-12-06,34.773394335,36.733420207,36.74317158,34.256571592,37494418.0
2018-12-07,36.684663345,34.432096297,36.684663345,34.334582572,30619815.0
2018-12-10,33.964030417,33.934776299,34.83190257,33.671489242,33979652.0
2018-12-11,34.705134727,34.334582572,35.358476685,34.227317475,26238769.0
2018-12-12,35.046432765,35.134195117,35.699774722,34.51985865,26642500.0
2018-12-13,35.387730802,34.149306495,35.465741782,33.895770809,23825359.0
2018-12-14,33.583726889,33.34969395,34.568615512,33.213174735,28922077.0
2018-12-17,33.310688459,33.03765003,34.344333945,32.7646116,30890958.0
2018-12-18,33.534970027,33.261931597,34.066419828,33.125412382,46135371.0
2018-12-19,30.872845335,30.629061022,32.745108855,30.492541807,106669582.0
2018-12-20,30.8143371,30.50229318,32.082015525,30.092735535,60427566.0
2018-12-21,30.89234808,29.56616142,31.253148862,29.361382597,54630508.0
2018-12-24,29.117598285,28.298482995,29.595415537,28.27898025,23771773.0
2018-12-26,28.610526915,30.121989652,30.141492397,27.684146527,45711046.0
2018-12-27,29.653923772,31.136132392,31.214143372,29.478399067,39858341.0
2018-12-28,31.204392,30.785082982,31.475967724,30.61930965,29852928.0
2018-12-31,31.194640627,30.941104942,31.5944469,30.677817885,21392110.0
2019-01-02,30.22925475,31.935744937,32.25754023,29.985470437,26004253.0
2019-01-03,31.028867295,30.22925475,31.350662587,30.092735535,29145099.0
2019-01-04,30.872845335,31.886988075,32.21853474,30.765580237,28557302.0
2019-01-07,32.862125325,33.1546665,33.593478262,32.481821797,44841499.0
2019-01-08,33.690991987,32.901130815,33.725121791,31.989377486,33434082.0
2019-01-09,34.100549632,34.55886414,35.387828316,34.05179277,54147856.0
2019-01-10,34.383339435,35.017178647,35.056184137,34.20781473,24437350.0
2019-01-11,34.539361395,35.114692372,35.816791192,34.139555122,30469843.0
2019-01-14,33.85676532,33.808008457,34.05179277,33.408202184,34611955.0
2019-01-15,34.149306495,33.144915127,34.354085317,32.813368462,30633574.0
2019-01-16,33.19367199,32.745108855,33.476461792,32.696351992,24890929.0
2019-01-17,32.403810817,33.03765003,33.34969395,31.847982584,29398501.0
2019-01-18,33.378948067,34.87090806,35.290217077,33.213174735,44872405.0
2019-01-22,34.373588062,33.027898657,34.373588062,32.715854737,37021938.0
2019-01-23,33.261931597,33.38869944,33.822635516,32.608589639,31011607.0
2019-01-24,34.432096297,35.680271977,36.50913864,34.227317475,65094840.0
2019-01-25,37.142977852,37.99134726,38.327769611,36.567646875,61042704.0
2019-01-28,36.031321387,37.13322648,37.99134726,35.738780212,44213030.0
2019-01-29,37.32825393,36.460381777,38.010850005,36.323862562,30330993.0
2019-01-30,37.347756675,37.28924844,37.79631981,36.655409227,32848056.0
2019-01-31,36.694414717,37.269745695,37.854828045,36.357992366,34130464.0
2019-02-01,37.357508047,38.6154351,38.868970785,37.279497067,36839947.0
2019-02-04,38.566678237,38.488667257,38.625186472,37.552535497,30851483.0
2019-02-05,38.26438569,38.391153532,39.327285292,38.196126082,25094026.0
2019-02-06,39.3955449,40.48769862,40.915588845,39.366290782,47472616.0
2019-02-07,39.798764152,38.400904905,40.029384112,37.942590397,40396449.0
2019-02-08,36.86018805,37.620795105,37.815822555,36.521912937,35573221.0
2019-02-11,37.64029785,37.620795105,37.903584907,36.43112766,30356472.0
2019-02-12,38.410656277,39.3955449,39.756345682,38.26438569,43587923.0
2019-02-13,39.834356662,40.64372058,41.22880293,39.787062505,50101676.0
2019-02-14,40.360930777,41.180046067,42.08692371,40.282919797,41759190.0
2019-02-15,41.219051557,40.946013127,41.340943713,40.390184895,28968391.0
2019-02-19,40.663223325,40.91675901,41.433581752,40.468195875,25575881.0
2019-02-20,41.258057047,41.160543322,42.184437435,41.082532342,28048715.0
2019-02-21,41.414079007,40.497449992,41.804133907,40.390184895,24048828.0
2019-02-22,41.03377548,41.511592732,41.511592732,40.789991167,22834253.0
2019-02-25,42.715887236,41.687117437,42.896287627,41.638360575,25233731.0
2019-02-26,41.297062537,41.89189626,42.072296651,41.238554302,18051547.0
2019-02-27,41.560349595,40.29267117,41.69686881,39.990378622,29522196.0
2019-02-28,39.20051745,39.86361078,40.126897837,38.81046255,25777924.0
2019-03-01,40.60471509,40.546206855,41.50184136,40.087892347,26755751.0
2019-03-04,40.83874803,40.039135485,41.102035087,39.62957784,27047818.0
2019-03-05,39.249274312,38.995738627,39.658831957,38.527672747,28798762.0
2019-03-06,38.400904905,36.986955892,38.469164512,36.58714962,44890442.0
2019-03-07,36.606652365,36.889442167,37.357508047,36.216499951,31567767.0
2019-03-08,35.972813152,37.689054712,37.849952358,35.660769232,34080890.0
2019-03-11,37.942590397,38.059606867,38.566678237,37.864579417,25164660.0
2019-03-12,38.196126082,38.274137062,38.42040765,37.864579417,18623513.0
2019-03-13,38.42040765,37.864579417,38.73245157,37.67930334,22786331.0
2019-03-14,37.776817065,37.455021772,38.644689217,37.386762165,19757250.0
2019-03-15,37.620795105,38.556926865,38.84946804,37.474524517,30694138.0
2019-03-18,38.6154351,38.625186472,39.405296272,38.176623337,22296587.0
2019-03-19,38.937230392,39.366290782,40.029384112,38.898224902,32407260.0
2019-03-20,39.493058625,39.132257842,39.736842937,38.634937845,41714399.0
2019-03-21,40.663223325,42.896287627,43.110817822,40.614466462,84985448.0
2019-03-22,42.389216257,40.585212345,42.39896763,40.516952737,46605599.0
2019-03-25,40.312173915,39.541815487,40.936261755,39.066923646,34516015.0
2019-03-26,40.146400582,39.31753392,40.614466462,39.103003725,24689552.0
2019-03-27,39.376042155,38.254634317,39.834356662,38.040104122,26856732.0
2019-03-28,38.42040765,38.361899415,38.946981765,38.049855495,24584543.0
2019-03-29,39.249274312,40.302422542,40.48769862,39.220020195,35716883.0
2019-04-01,41.214175871,41.199548812,41.69686881,40.677850383,28072993.0
2019-04-02,41.03377548,41.38482489,41.726122927,40.711980187,21438082.0
2019-04-03,42.467227237,42.808525275,43.734905662,42.467227237,39097203.0
2019-04-04,41.30681391,41.823636652,42.252697042,41.199548812,37038395.0
2019-04-05,42.223442925,42.24294567,42.452600178,41.65786332,21119444.0
2019-04-08,41.131289205,41.833388025,42.067420965,41.07278097,24546811.0
2019-04-09,41.482338615,40.68272607,41.54084685,40.243914307,29055901.0
2019-04-10,40.653471952,41.121537832,41.379949203,40.477947247,23252244.0
2019-04-11,41.15079195,41.22880293,41.662739006,41.082532342,18163864.0
2019-04-12,41.784631162,40.965515872,42.121053513,40.765612736,21740384.0
2019-04-15,41.121537832,40.780239795,41.180046067,40.1756547,16932294.0
2019-04-16,41.209300185,41.69686881,41.862642142,41.03377548,19337506.0
2019-04-17,42.28195116,42.077172337,42.954795862,41.69686881,22091989.0
2019-04-18,42.1259292,42.32095665,42.447724492,41.726122927,16193579.0
2019-04-22,42.067420965,42.32095665,42.486729982,41.472587242,19447891.0
2019-04-23,42.291702532,41.706620182,42.389216257,41.65786332,21489440.0
2019-04-24,41.755377045,41.960155867,42.32095665,41.326316655,19637006.0
2019-04-25,42.535486845,41.687117437,43.539878212,41.628609202,28346185.0
2019-04-26,40.458444502,41.053278225,41.22880293,39.751469996,26092422.0
2019-04-29,41.082532342,41.063029597,41.550598222,40.692477442,13452843.0
2019-04-30,40.819245285,41.014272735,41.30681391,40.546206855,16342656.0
2019-05-01,41.375073517,40.858250775,41.862642142,40.848499402,17673308.0
2019-05-02,40.9557645,41.50184136,42.1259292,40.594963717,17046832.0
2019-05-03,41.433581752,42.252697042,42.301453905,41.355570772,16577018.0
2019-05-06,40.37068215,41.082532342,41.238651816,39.98062725,25775999.0
2019-05-07,40.64372058,39.259025685,40.887504892,38.742202942,35094080.0
2019-05-08,38.868970785,38.761705687,39.488182938,38.595932355,26190143.0
2019-05-09,38.127866475,38.293639807,38.644689217,37.25024295,27844397.0
2019-05-10,38.040104122,37.971844515,38.313142552,36.709236803,30368144.0
2019-05-13,36.43112766,36.450630405,37.035712755,36.135271018,33092081.0
2019-05-14,37.074718245,37.552535497,37.650049222,36.47013315,24004007.0
2019-05-15,36.957701775,37.455021772,37.737811575,36.82118256,17532268.0
2019-05-16,36.74317158,36.382370797,37.045464127,36.177591975,29479209.0
2019-05-17,35.699774722,35.163449235,36.353019166,34.90991355,31096274.0
2019-05-20,33.886019437,33.759251594,34.3248312,33.471586106,34489512.0
2019-05-21,34.412593552,34.75389159,34.98792453,34.276074337,32501335.0
2019-05-22,34.3248312,33.866516692,34.568615512,33.769002967,20902368.0
2019-05-23,33.047401402,32.979141795,33.057152775,32.14052376,32186684.0
2019-05-24,33.310688459,33.1546665,33.50571591,32.754860227,19705956.0
2019-05-28,33.300937087,32.121021014,33.456959047,32.06251278,26758419.0
2019-05-29,31.51643592,32.462319052,32.589086895,31.375041018,28796104.0
2019-05-30,32.598838267,32.49157317,33.46671042,32.209758504,20957589.0
2019-05-31,31.78947435,31.799225722,32.496448856,31.71146337,18607307.0
2019-06-03,32.125896701,31.877236702,32.394059445,31.662706507,21174520.0
2019-06-04,32.53057866,33.632483752,33.70074336,32.277042975,25076035.0
2019-06-05,34.3248312,32.511075915,34.514982963,32.21853474,27070346.0
2019-06-06,32.433064934,32.637843757,32.979141795,32.121021014,21088076.0
2019-06-07,32.715854737,33.144915127,33.179044931,32.394059445,21430449.0
2019-06-10,33.73974885,34.071295514,34.656377865,33.66173787,21728002.0
2019-06-11,34.90991355,33.97378179,35.095189627,33.886019437,19208637.0
2019-06-12,33.164417872,32.14052376,33.252180225,31.916242192,28746485.0
2019-06-13,32.25754023,32.550081405,32.802544439,32.184404936,16586706.0
2019-06-14,31.643203762,31.847982584,32.02350729,31.443300626,19714950.0
2019-06-17,31.730966115,31.623701017,32.033258662,31.340911215,20049979.0
2019-06-18,32.082015525,33.437456302,34.022538652,32.082015525,33727291.0
2019-06-19,33.827511202,33.096158264,33.827511202,32.867001011,20436384.0
2019-06-20,33.97378179,33.300937087,34.383339435,33.174169245,21691501.0
2019-06-21,32.862125325,32.423313562,33.047401402,31.916242192,38858209.0
2019-06-24,32.3745567,32.364805327,33.23267748,32.199031995,27306006.0
2019-06-25,32.520827287,31.86748533,33.03765003,31.799225722,39590484.0
2019-06-26,34.978173157,36.11908374,36.678422466,34.812399825,100271596.0
2019-06-27,35.933807662,37.123475107,37.377010792,35.602260997,51612422.0
2019-06-28,38.38140216,37.630546477,38.42040765,37.103972362,61402696.0
2019-07-01,40.131773523,39.112755097,40.672974697,38.751954315,61091350.0
2019-07-02,38.634937845,38.6154351,39.039619803,38.054731181,29774478.0
2019-07-03,38.634937845,38.605683727,38.781208432,38.196126082,13479738.0
2019-07-05,37.981595887,38.439910395,38.57642961,37.835227786,18407991.0
2019-07-08,38.059606867,39.405296272,39.600323722,37.971844515,28148461.0
2019-07-09,39.132257842,40.321925287,40.380433522,39.085158713,28254672.0
2019-07-10,41.180046067,41.833388025,42.906039,40.99476999,51625492.0
2019-07-11,42.145431945,42.39896763,42.457475865,41.385409972,30392443.0
2019-07-12,42.662254687,43.403358997,43.588635075,42.28195116,33257774.0
2019-07-15,43.578883702,43.2960939,44.144365793,42.623249197,26623252.0
2019-07-16,42.954795862,41.989409985,43.003552725,41.862642142,31238932.0
2019-07-17,41.93090175,42.291702532,42.662254687,41.54084685,19539283.0
2019-07-18,42.525735472,43.559380957,43.812916642,42.418470375,26483297.0
2019-07-19,44.007944092,44.38824762,44.8563135,43.520375467,39328352.0
2019-07-22,45.343882125,46.016726827,46.245884081,45.158606047,46042826.0
2019-07-23,45.616920555,45.782693887,45.967969965,45.080595067,29354432.0
2019-07-24,45.782693887,46.796836627,47.030869567,45.655926045,33169918.0
2019-07-25,47.1966429,46.582306432,47.489184075,46.406781727,28127781.0
2019-07-26,46.748079765,46.309268002,46.933355842,45.919213102,19676246.0
2019-07-29,45.704682907,45.655926045,45.802196632,44.710042912,21939478.0
2019-07-30,45.71443428,46.280013885,46.49454408,45.046465263,21301556.0
2019-07-31,45.548660947,43.773911152,45.626671927,43.33509939,34493922.0
2019-08-01,43.88117625,42.5159841,44.812432323,41.770004103,37906464.0
2019-08-02,41.57985234,42.98404998,43.300969586,41.170294695,31954131.0
2019-08-05,41.3458194,40.897256265,41.453084497,40.33167666,35172885.0
2019-08-06,41.609106457,41.560349595,42.116177827,40.653471952,26857009.0
2019-08-07,40.965515872,40.711980187,41.882144887,39.688086075,35604580.0
2019-08-08,41.043526852,41.570100967,41.69686881,40.633969207,18567510.0
2019-08-09,40.99476999,40.48769862,41.18979744,39.853859407,22900298.0
2019-08-12,40.029384112,41.082532342,41.3458194,39.951373132,23969178.0
2019-08-13,41.560349595,43.071812332,43.95918723,41.453084497,33273001.0
2019-08-14,41.81388528,40.99476999,42.077172337,40.624217835,24657245.0
2019-08-15,41.287311165,41.18979744,41.497453242,40.468195875,16228512.0
2019-08-16,41.57985234,42.467227237,42.784146843,41.492089987,18156572.0
2019-08-19,43.559380957,43.890927622,44.241977032,43.237585665,22625611.0
2019-08-20,43.734905662,43.130320567,43.847046446,42.94504449,13207442.0
2019-08-21,43.695900172,43.071812332,43.88117625,42.808525275,14994616.0
2019-08-22,43.393607625,43.666646055,44.319988012,42.954795862,20607789.0
2019-08-23,42.798773902,41.89189626,43.851922132,41.599355085,27547277.0
2019-08-26,42.652503315,42.350210767,42.681757432,42.08692371,12294059.0
2019-08-27,42.623249197,41.38482489,42.71101155,41.297062537,19148783.0
2019-08-28,41.053278225,42.077172337,42.184437435,40.624217835,11553526.0
2019-08-29,42.896287627,43.559380957,44.095706445,42.818276647,18689172.0
2019-08-30,43.99819272,44.144463307,44.783178206,43.929933112,16397407.0
2019-09-03,43.49112135,43.871424877,44.202971542,43.33509939,17113029.0
2019-09-04,45.295125262,45.646174672,46.319019375,45.2463684,26999066.0
2019-09-05,46.709074275,47.810979367,48.40581309,46.699322902,33094547.0
2019-09-06,47.645206035,47.752471132,48.269293875,47.489184075,19565738.0
2019-09-09,48.308299365,47.908493092,48.7568625,47.645206035,19474365.0
2019-09-10,48.137650346,48.162028777,48.693478578,47.294156625,23111317.0
2019-09-11,48.776365245,49.22492838,50.112303277,48.60084054,31012937.0
2019-09-12,49.5369723,49.18592289,49.84901622,48.854376225,19671259.0
2019-09-13,49.254182497,49.244431125,49.683242887,48.815370735,14732970.0
2019-09-16,48.298547992,48.903133087,48.99089544,47.801227995,17495280.0
2019-09-17,48.932387205,49.57597779,49.644237397,48.683727206,13875876.0
2019-09-18,49.73199975,49.22492838,49.897773082,48.454569952,15375857.0
2019-09-19,49.892897396,48.581337795,50.024540925,48.513078187,16856244.0
2019-09-20,49.088409165,47.93774721,49.195674262,47.557443682,23457185.0
2019-09-23,48.308299365,48.3668076,48.942138577,48.24979113,16941704.0
2019-09-24,48.503326815,47.303907997,48.659348775,46.855344862,25320435.0
2019-09-25,47.264902507,48.240039757,48.464321325,46.670068785,24057045.0
2019-09-26,48.152277405,47.39167035,48.503326815,46.928480156,37248173.0
2019-09-27,44.758799775,42.135680572,44.77830252,41.843139397,76016459.0
2019-09-30,41.93090175,41.784631162,42.389216257,41.521344105,32326103.0
2019-10-01,42.028415475,41.248305675,42.262448415,40.711980187,28431879.0
2019-10-02,40.780239795,40.936261755,41.609106457,40.72173156,26776005.0
2019-10-03,40.9557645,42.379464885,42.408719002,40.72173156,23884742.0
2019-10-04,42.623249197,43.442364487,43.510624095,42.213691552,22043116.0
2019-10-07,43.198580175,43.06206096,43.617889192,42.964547235,15152292.0
2019-10-08,42.5159841,41.574976653,42.75001704,41.562689924,22714375.0
2019-10-09,42.106426455,41.809009593,42.301453905,41.765128417,13781367.0
2019-10-10,41.804133907,42.20394018,42.701260177,41.550598222,16047857.0
2019-10-11,43.286342527,43.978689975,44.675913108,43.17907743,27604874.0
2019-10-14,43.84217076,43.744657035,44.202971542,43.6861488,12495857.0
2019-10-15,44.085955072,45.300000948,45.392638987,43.92018174,18047548.0
2019-10-16,44.846562127,44.03719821,45.392638987,43.95918723,16872605.0
2019-10-17,44.632031932,44.368744875,44.97332997,44.15421468,12090511.0
2019-10-18,43.715402917,42.389216257,43.861673505,42.150307631,26223185.0
2019-10-21,42.86703351,44.095706445,44.173717425,42.82802802,15752051.0
2019-10-22,44.173717425,43.549629585,44.563772325,43.510624095,14007587.0
2019-10-23,42.954795862,43.549629585,43.700775858,42.857282137,14132994.0
2019-10-24,44.758799775,45.928964475,45.98747271,44.446755855,25991088.0
2019-10-25,46.10448918,46.835842117,47.064999371,45.75343977,19855329.0
2019-10-28,47.294156625,47.479432702,47.537940937,47.030869567,15240031.0
2019-10-29,47.5866978,46.913853097,47.947498582,46.865096235,12183635.0
2019-10-30,47.021118195,46.68957153,47.135501794,46.083328701,12932759.0
2019-10-31,46.10448918,46.367776237,46.68957153,45.304876635,15445762.0
2019-11-01,46.29951663,47.177140155,47.333162115,46.075235062,18311723.0
2019-11-04,48.162028777,48.357056227,48.659348775,48.025509562,16021450.0
2019-11-05,48.386310345,47.46968133,48.48382407,47.396546036,13682559.0
2019-11-06,46.952858587,46.49454408,47.099129175,45.933840161,21803641.0
2019-11-07,47.31365937,47.1966429,47.85973623,46.806588,19253568.0
2019-11-08,46.37752761,46.016726827,46.811463686,45.782693887,18528347.0
2019-11-11,45.55841232,45.109849185,45.577915065,44.710042912,14645832.0
2019-11-12,45.6364233,45.733937025,46.49454408,45.51940683,15170689.0
2019-11-13,45.343882125,45.148854675,45.392638987,44.671037422,15839046.0
2019-11-14,44.97332997,45.6364233,45.665677417,44.632031932,11825147.0
2019-11-15,46.4165331,46.523798197,47.31365937,46.162997415,17865206.0
2019-11-18,46.757831137,46.631063295,47.201518586,46.289765257,12642611.0
2019-11-19,46.913853097,45.421893105,46.982112705,45.12935193,18393956.0
2019-11-20,45.002584087,44.437004482,45.348562783,44.105457817,24695539.0
2019-11-21,44.173717425,44.417501737,45.031838205,43.92018174,14192911.0
2019-11-22,44.788053892,44.729545657,45.226865655,44.612529187,11253713.0
2019-11-25,44.953827225,46.33852212,46.367776237,44.797805265,18828567.0
2019-11-26,46.465289962,45.553536633,46.484792707,45.382887615,12919896.0
2019-11-27,46.172748787,46.96260996,47.064999371,45.938715847,15441179.0
2019-11-29,46.748079765,46.328770747,46.757831137,46.26051114,7343564.0
2019-12-02,46.387278982,45.236617027,46.757831137,45.192735851,16094841.0
2019-12-03,43.99819272,44.105457817,44.27123115,43.442364487,20857141.0
2019-12-04,45.031838205,45.148854675,45.44139585,44.593026442,16930406.0
2019-12-05,45.548660947,45.460898595,46.22150565,45.100097812,13016024.0
2019-12-06,46.26051114,46.738328392,47.128383292,46.14349467,20485169.0
2019-12-09,46.382403296,45.295125262,46.582306432,45.275622517,16566735.0
2019-12-10,45.87045624,46.280013885,46.72857702,45.55841232,19283615.0
2019-12-11,46.562803687,48.035260935,48.113271915,46.504295452,22112203.0
2019-12-12,48.13277466,49.702745632,50.053795042,48.09376917,36682623.0
2019-12-13,49.751502495,49.9270272,51.01918092,49.439458575,30050047.0
2019-12-16,51.44824131,51.623766015,52.949952675,51.381931977,38712776.0
2019-12-17,52.647660127,51.68227425,52.6574115,51.340976212,28375948.0
2019-12-18,51.68227425,51.72127974,52.38437307,51.067937782,39580515.0
2019-12-19,53.642300122,53.174234242,53.915338552,52.559897775,56296823.0
2019-12-20,53.535035025,53.691056985,54.539426392,53.275941057,44372256.0
2019-12-23,53.856830317,54.02260365,54.714951097,53.769067965,23715219.0
2019-12-24,54.071360512,54.042106395,54.25663659,53.666678553,8621852.0
2019-12-26,54.071360512,53.734938161,54.266387962,53.549369542,13550984.0
2019-12-27,53.86658169,52.686665617,54.149371492,52.545270716,17188667.0
2019-12-30,52.433129932,51.887053072,52.54039503,51.350727585,15279481.0
2019-12-31,51.594511897,52.442881305,52.559897775,51.467744055,13299917.0
2020-01-02,53.486278162,54.012852277,54.110366002,53.154731497,20184045.0
2020-01-03,52.81343346,53.174234242,53.929965611,52.6574115,16826595.0
2020-01-06,52.413627187,52.233226796,52.793930715,51.842196759,18791489.0
2020-01-07,54.003100905,56.821247557,56.9480154,53.98359816,50303181.0
2020-01-08,56.645722852,56.08989462,56.938264027,55.641331485,29755395.0
2020-01-09,56.87000442,55.885115797,57.02602638,55.07575188,22405701.0
2020-01-10,56.041137757,55.261027957,56.070391875,54.874288524,19148555.0
2020-01-13,55.592574622,56.021635012,56.343430305,55.446304035,16192026.0
2020-01-14,56.36293305,56.08989462,56.845625988,55.056249135,26550790.0
2020-01-15,55.612077367,54.773459332,55.69983972,54.45166404,21638614.0
2020-01-16,55.3877958,56.24591658,56.40193854,55.34879031,22732675.0
2020-01-17,56.577463245,56.226413835,56.67497697,55.592574622,20549195.0
2020-01-21,55.943624032,57.503843632,57.708622455,55.846110307,24821715.0
2020-01-22,58.035293433,57.698871082,58.752019312,57.386827162,22604370.0
2020-01-23,58.830030292,57.7281252,59.05431186,57.562351867,26146124.0
2020-01-24,58.508235,56.32392756,58.527737745,55.81685619,28555345.0
2020-01-27,53.778819337,54.032355022,54.597934627,53.261996595,27310073.0
2020-01-28,54.851470312,55.066000507,55.368293055,53.86658169,18544882.0
2020-01-29,54.597934627,53.925089925,55.768099327,53.917288827,19306749.0
2020-01-30,52.832936205,53.661802867,53.700808357,51.896804445,30783775.0
2020-01-31,53.778819337,51.770036602,53.8275762,51.389733075,28550849.0
2020-02-03,51.929471542,52.442881305,52.764676597,51.68227425,20481023.0
2020-02-04,53.915338552,54.120117375,54.627188745,53.574040515,19998615.0
2020-02-05,55.602325995,55.358541682,55.836358935,54.432161295,19795257.0
2020-02-06,56.63597148,57.22105383,57.698871082,55.982629522,23358721.0
2020-02-07,56.528706382,55.46580678,56.5579605,55.358541682,20891081.0
2020-02-10,54.900227175,55.904618542,55.914369915,54.80271345,15929036.0
2020-02-11,56.44094403,55.826607562,57.37707579,54.929481292,26776853.0
2020-02-12,57.57210324,57.796384807,59.668648327,57.435584025,47180808.0
2020-02-13,57.537973436,57.854893042,59.117695781,57.396578535,23679687.0
2020-02-14,58.66425696,57.045529125,59.05431186,56.811496185,20920168.0
2020-02-18,55.651082857,56.314176187,56.593748037,55.212271095,21547966.0
2020-02-19,57.123540105,58.498483627,58.752019312,57.10403736,23335537.0
2020-02-20,58.39121853,57.53309775,58.498483627,56.255667952,20797112.0
2020-02-21,57.172296967,55.573071877,57.269810692,54.500420902,27051214.0
2020-02-24,51.984566797,53.642300122,54.081111885,51.301970722,33321075.0
2020-02-25,53.47652679,50.804650725,54.071360512,50.268325237,41894208.0
2020-02-26,51.340976212,51.067937782,52.920698557,50.59012053,28100934.0
2020-02-27,49.371198967,49.322442105,51.536003662,48.747111127,36349245.0
2020-02-28,47.440427212,51.25321386,51.600362721,47.186891527,40288568.0
2020-03-02,51.8773017,53.232742477,53.330256202,50.804650725,33272718.0
2020-03-03,53.24249385,50.51210955,54.02260365,49.829513475,36893228.0
2020-03-04,51.701776995,53.915338552,53.999297869,50.911915822,28222016.0
2020-03-05,52.121086012,52.38437307,54.227382472,52.013820915,26223045.0
2020-03-06,50.90216445,50.190314257,51.867550327,48.7568625,30313741.0
2020-03-09,44.34924213,44.827059382,47.39167035,43.803262783,31260751.0
2020-03-10,46.952858587,46.670068785,47.060123685,44.163966052,31652856.0
2020-03-11,45.05134095,42.63300057,45.16835742,41.779755476,38525899.0
2020-03-12,38.42040765,37.845076672,41.482046073,37.0552155,40117178.0
2020-03-13,40.536455482,41.921150377,41.950404495,37.396513537,35264761.0
2020-03-16,36.421376287,33.612981007,38.166871965,33.593478262,36879094.0
2020-03-17,34.607621002,36.450630405,38.157120592,33.174169245,34869000.0
2020-03-18,33.408202184,33.827511202,35.646142173,30.356022592,36518999.0
2020-03-19,33.798257084,35.387730802,36.372619425,32.813368462,31015192.0
2020-03-20,36.830933932,35.212206097,37.630546477,34.94891904,37667447.0
2020-03-23,36.070326877,37.298999812,38.488667257,34.802648452,45286038.0
2020-03-24,40.780239795,42.194188807,43.315596645,40.117146465,45587995.0
2020-03-25,42.818276647,41.443333125,43.76415978,39.034744117,54091017.0
2020-03-26,43.783662525,43.676397427,44.612529187,42.252697042,62564931.0
2020-03-27,42.174686062,42.39896763,44.15421468,41.258057047,39791531.0
2020-03-30,43.071812332,43.41311037,44.437004482,42.074734494,33763946.0
2020-03-31,43.2960939,41.014272735,44.046949582,40.868002147,36723661.0
2020-04-01,39.542108028,38.898224902,41.248305675,38.352148042,37452839.0
2020-04-02,38.800711177,40.068389602,40.555958227,38.53742412,31457661.0
2020-04-03,39.951373132,40.195157445,40.819245285,39.541815487,28522389.0
2020-04-06,42.272199787,45.217114282,45.529158202,42.262448415,37899134.0
2020-04-07,46.894350352,45.382887615,47.167388782,44.89531899,34646388.0
2020-04-08,45.90946173,47.089377802,47.479432702,45.6364233,27694408.0
2020-04-09,48.073973883,44.983081342,48.571586422,44.222474287,39840439.0
2020-04-13,43.783662525,45.022086832,45.236617027,43.286342527,30449948.0
2020-04-14,45.83145075,46.436035845,47.177140155,45.464994171,25737981.0
2020-04-15,45.2463684,45.275622517,45.499904085,44.500388403,22389406.0
2020-04-16,45.850953495,44.397998992,46.0264782,43.549629585,26588971.0
2020-04-17,45.616920555,44.563772325,45.724185652,43.734905662,23388325.0
2020-04-20,43.41311037,42.32095665,43.95918723,42.223442925,30463349.0
2020-04-21,41.93090175,40.380433522,41.999161357,40.161027641,32482200.0
2020-04-22,42.038166847,42.818276647,43.10106645,41.682241751,21398338.0
2020-04-23,42.730514295,42.681757432,43.603262133,42.340459395,22273104.0
2020-04-24,42.71101155,43.06206096,43.21808292,41.911399005,16592827.0
2020-04-27,43.877763269,44.15421468,44.261479777,43.471618605,16667220.0
2020-04-28,45.061092322,44.183468797,46.504295452,44.15421468,25234949.0
2020-04-29,45.421893105,48.591089167,48.893381715,45.178108792,35742961.0
2020-04-30,48.24979113,46.699322902,48.347304855,46.192251532,28585360.0
2020-05-01,45.20736291,43.939684485,45.75343977,43.41311037,28193974.0
2020-05-04,43.091315077,43.354602135,43.578883702,42.525735472,21377060.0
2020-05-05,44.319988012,44.280982522,45.782693887,43.988441347,21007549.0
2020-05-06,44.924573107,44.93432448,45.94846722,44.77830252,22011853.0
2020-05-07,45.945054239,45.431644477,46.319019375,45.187860165,16372090.0
2020-05-08,46.114240552,47.050372312,47.255151135,46.114240552,17444957.0
2020-05-11,46.553052315,47.00161545,47.518438192,46.26051114,17353524.0
2020-05-12,47.31365937,44.554020952,47.356760436,44.50526409,26738906.0
2020-05-13,44.729545657,42.447724492,44.73929703,41.882144887,35117460.0
2020-05-14,41.989409985,44.593026442,44.641783305,41.453084497,27543459.0
2020-05-15,42.20394018,43.305845272,43.666646055,42.16493469,28803929.0
2020-05-18,44.690540167,44.77830252,45.002584087,43.832419387,20325856.0
2020-05-19,44.641783305,43.99819272,45.080595067,43.900678995,17389546.0
2020-05-20,45.353633497,45.48040134,45.87045624,44.947293805,17876492.0
2020-05-21,45.343882125,44.095706445,45.415847254,43.64714331,17445286.0
2020-05-22,44.025496563,43.822668015,44.183468797,43.14007194,13385403.0
2020-05-26,45.070843695,44.66128605,45.524282516,44.319988012,24303857.0
2020-05-27,44.807556637,48.220537012,48.347304855,42.808525275,56071472.0
2020-05-28,47.489184075,45.314628007,47.576946427,44.924573107,38331501.0
2020-05-29,45.460898595,46.718825647,46.826090745,45.063042597,26354601.0
2020-06-01,46.309268002,45.187860165,46.484792707,45.16835742,21901335.0
2020-06-02,45.334130752,45.655926045,45.685180162,44.437004482,23035580.0
2020-06-03,46.84559349,47.70371427,48.191282895,46.270262512,34662060.0
2020-06-04,47.645206035,49.946529945,50.687634255,47.394985816,34830807.0
2020-06-05,51.350727585,52.38437307,53.457024045,51.282467977,34110668.0
2020-06-08,53.140104438,52.364870325,53.28149934,50.932393704,22850624.0
2020-06-09,51.340976212,51.828544837,52.169842875,51.145948762,17840779.0
2020-06-10,51.60426327,51.165451507,51.974815425,50.287827982,18766676.0
2020-06-11,49.166420145,47.31365937,49.814886416,46.996739763,29897582.0
2020-06-12,49.034776616,47.479432702,49.22492838,46.18250016,24293576.0
2020-06-15,46.18250016,48.01575819,48.493575442,45.928964475,18092296.0
2020-06-16,49.88802171,49.751502495,50.853407587,48.620343285,20987219.0
2020-06-17,50.024540925,49.69299426,50.229319747,49.278560928,13905124.0
2020-06-18,49.244431125,49.22492838,49.77100524,48.776365245,13220196.0
2020-06-19,49.88802171,49.566226417,51.438489937,49.488215437,28081459.0
2020-06-22,49.829513475,49.878270337,50.12205465,48.99089544,15952186.0
2020-06-23,49.429707202,48.60084054,49.624734652,48.335895749,23194172.0
2020-06-24,48.415564462,47.089377802,48.854376225,46.826090745,19346521.0
2020-06-25,47.041010994,47.967001327,48.084017797,46.099613493,14971944.0
2020-06-26,47.927995837,47.284405252,48.123023287,46.943107215,16929665.0
2020-06-29,47.479432702,47.923120151,47.927995837,46.397030355,24666247.0
2020-06-30,50.492606805,50.23907112,51.165451507,49.702745632,47852081.0
2020-07-01,50.23907112,48.464321325,50.273200923,48.376558972,25218352.0
2020-07-02,49.244431125,48.591089167,49.488215437,48.24979113,18562396.0
2020-07-06,49.488215437,49.65398877,50.151308767,49.22492838,16320963.0
2020-07-07,49.26393387,47.869487602,49.332193477,47.791476622,19797884.0
2020-07-08,48.32780211,48.474072697,48.513078187,47.74271976,15311881.0
2020-07-09,48.610591912,48.737359755,49.137166027,47.518438192,18510811.0
2020-07-10,48.766613872,49.439458575,49.449209947,48.17178015,18128740.0
2020-07-13,50.034292297,48.230288385,50.983100841,48.152277405,23296371.0
2020-07-14,47.85973623,48.474072697,48.552083677,46.757831137,17455171.0
2020-07-15,48.961641322,49.254182497,49.390701712,48.176655836,15911411.0
2020-07-16,48.581337795,48.854376225,49.034776616,48.006006817,14014036.0
2020-07-17,49.05583958,48.240039757,49.176171517,48.05476368,15003823.0
2020-07-20,48.425315835,49.936778572,50.04404367,48.303423678,17604199.0
2020-07-21,50.336584845,50.23907112,51.350727585,49.956281317,16665366.0
2020-07-22,50.297579355,50.365838962,50.482855432,49.751502495,11412629.0
2020-07-23,50.453601315,51.33122484,52.85243895,50.287827982,33399936.0
2020-07-24,50.00503818,48.776365245,50.00503818,48.415564462,25348045.0
2020-07-27,49.34194485,50.307330727,50.424347197,49.234679752,15991714.0
2020-07-28,49.985535435,48.844624852,49.995286807,48.79586799,15614360.0
2020-07-29,49.137166027,49.137166027,49.371198967,48.542332305,14714763.0
2020-07-30,48.503326815,49.478464065,49.488215437,47.888990347,17644313.0
2020-07-31,49.361447595,48.810495048,49.439458575,48.035260935,17436426.0
2020-08-03,49.137166027,49.137166027,49.365933226,48.776365245,15143482.0
2020-08-04,49.098160537,50.024540925,50.20006563,49.039652302,15701196.0
2020-08-05,49.819762102,49.780756612,50.00503818,49.371198967,13260598.0
2020-08-06,48.7568625,47.489184075,48.786116617,47.11863192,32204675.0
2020-08-07,47.479432702,47.537940937,47.956469845,46.855344862,13637316.0
2020-08-10,47.635454662,47.927995837,48.430191521,47.064999371,15881467.0
2020-08-11,47.791476622,46.57255506,48.503326815,46.44744495,21532825.0
2020-08-12,47.177140155,47.27465388,47.518438192,46.475041335,17224430.0
2020-08-13,45.98747271,44.992832715,46.055732317,44.788053892,41051686.0
2020-08-14,44.4662586,44.4662586,44.933739397,44.171279581,18167321.0
2020-08-17,44.758799775,44.095706445,44.797805265,43.627640565,17303785.0
2020-08-18,43.939684485,43.2960939,44.03719821,42.954795862,20118140.0
2020-08-19,43.198580175,42.954795862,43.588635075,42.759768412,19455520.0
2020-08-20,41.61885783,41.916274691,42.569616648,41.199548812,22445445.0
2020-08-21,41.784631162,41.599355085,41.989409985,41.3458194,15476669.0
2020-08-24,42.04791822,42.67200606,42.725638608,41.825294385,14972192.0
2020-08-25,43.76415978,43.978689975,44.407652851,43.49112135,21524906.0
2020-08-26,44.4662586,43.84217076,44.680788795,43.574008016,15328888.0
2020-08-27,43.442364487,43.510624095,43.715402917,42.584243707,13776961.0
2020-08-28,43.510624095,44.554020952,44.649876944,43.300969586,13459067.0
2020-08-31,44.222474287,44.378496247,44.680788795,44.017695465,13241826.0
2020-09-01,44.397998992,44.62228056,44.651534677,43.934808798,14114221.0
2020-09-02,45.270746831,46.640814667,46.991864077,45.12935193,24636210.0
2020-09-03,46.572262518,45.178108792,46.640814667,44.710042912,20632830.0
2020-09-04,45.041589577,45.32437938,45.782693887,43.773911152,20608463.0
2020-09-08,43.871424877,43.910430367,45.080595067,43.422861742,20893626.0
2020-09-09,44.73929703,44.027446837,44.73929703,43.344850762,17529098.0
2020-09-10,44.339490757,43.754408407,44.807556637,43.578883702,13744721.0
2020-09-11,44.105457817,44.944075852,45.32437938,43.84217076,18365511.0
2020-09-14,47.147886037,47.810979367,48.357056227,47.099129175,26715417.0
2020-09-15,48.142526032,47.830482112,48.425315835,47.489184075,14455967.0
2020-09-16,47.888990347,48.961641322,49.946529945,47.74271976,23552413.0
2020-09-17,47.93774721,49.712497005,50.014789552,47.596449172,20556870.0
2020-09-18,50.219568375,49.478464065,50.872910332,48.727608382,25548983.0
2020-09-21,48.376558972,47.927995837,48.542332305,46.699322902,21257519.0
2020-09-22,48.045012307,48.464321325,48.542332305,47.567195055,10845269.0
2020-09-23,49.741751122,48.610591912,50.326833472,48.40581309,19159965.0
2020-09-24,48.28879662,48.240039757,49.10791191,47.869487602,13842288.0
2020-09-25,48.332677796,47.918244465,48.3668076,46.592057805,17772994.0
2020-09-28,48.400937403,48.48382407,48.532580932,46.933355842,18904049.0
2020-09-29,48.474072697,49.449209947,50.102551905,48.357056227,36087184.0
2020-09-30,47.732968387,45.79244526,48.045012307,45.665677417,55392583.0
2020-10-01,45.928964475,46.72857702,46.982112705,45.880207612,24460003.0
2020-10-02,45.694931535,45.392638987,46.33852212,45.343882125,20277462.0
2020-10-05,45.821699377,46.4165331,46.543300942,45.811948005,16933667.0
2020-10-06,46.367776237,46.14349467,47.615951917,46.041105258,17926198.0
2020-10-07,47.216145645,47.206394272,47.776849563,47.11863192,13889331.0
2020-10-08,47.771973877,48.659348775,48.756764986,47.021118195,14569659.0
2020-10-09,48.99089544,48.649597402,49.34194485,48.084017797,13933654.0
2020-10-12,49.322442105,49.41995583,49.57597779,48.83487348,13108832.0
2020-10-13,50.599871902,50.560866412,51.438489937,50.35608759,22179391.0
2020-10-14,50.712012686,50.346336217,50.950921312,50.073297787,15905594.0
2020-10-15,49.49796681,50.648628765,50.677882882,49.06890642,14000580.0
2020-10-16,50.853407587,50.326833472,51.243462487,50.297579355,14228730.0
2020-10-19,50.677882882,51.321473467,52.6574115,50.024540925,24176188.0
2020-10-20,51.818793465,52.199096992,52.847563263,51.438489937,17343402.0
2020-10-21,51.974815425,51.984566797,52.613530323,51.857798955,12922246.0
2020-10-22,51.965064052,53.027963655,53.486278162,51.76028523,14842646.0
2020-10-23,52.745661421,51.536003662,52.77442797,51.077689155,16175695.0
2020-10-26,51.0971919,50.843656215,51.575009152,50.12205465,11678896.0
2020-10-27,50.736391117,50.66813151,51.01918092,50.253698178,8964755.0
2020-10-28,49.488215437,48.7568625,49.585729162,48.337553482,15463712.0
2020-10-29,48.474072697,49.22492838,49.644237397,48.152277405,12420700.0
2020-10-30,48.766613872,49.088409165,49.176171517,48.074266425,15961140.0
2020-11-02,49.523807947,48.474072697,49.523807947,48.21078564,13103224.0
2020-11-03,48.883630342,49.81001073,50.307525754,48.766613872,11429516.0
2020-11-04,50.443849942,50.66813151,51.194705625,49.663740142,13554355.0
2020-11-05,51.56525778,53.222991105,53.417043417,51.467744055,16373614.0
2020-11-06,53.105974635,53.78857071,54.032355022,52.979206792,13922596.0
2020-11-09,55.066000507,54.56868051,56.392187167,54.480918157,20968501.0
2020-11-10,53.758536482,54.032355022,54.549177765,53.00846091,14502115.0
2020-11-11,54.578431882,54.95873541,55.524315015,54.461415412,14765542.0
2020-11-12,55.19276835,54.851470312,55.553569132,54.500420902,13788739.0
2020-11-13,55.378044427,56.489700892,56.743236577,55.339038937,14328409.0
2020-11-16,58.230320883,60.321990285,60.370747147,58.127931472,31397249.0
2020-11-17,59.48337225,60.448758127,60.65353695,58.800776175,17703614.0
2020-11-18,59.970940875,59.229836565,60.49751499,59.117695781,18734474.0
2020-11-19,58.542364803,60.292736167,60.429255382,58.166936962,12723552.0
2020-11-20,59.95143813,59.87342715,61.077721653,59.824670287,14122261.0
2020-11-23,61.053343222,62.584308705,62.896352625,60.751050675,20612569.0
2020-11-24,62.689623528,62.360027137,62.689623528,61.326381652,22625586.0
2020-11-25,62.077237335,61.852955767,62.408784,61.053343222,12468450.0
2020-11-27,62.243010667,62.633065567,63.1888938,61.930966747,7500221.0
2020-11-30,62.95486086,62.496546352,63.627705562,61.999226355,20373490.0
2020-12-01,63.622829876,65.41220673,66.918793781,63.520440465,36204105.0
2020-12-02,65.929029472,67.391735347,67.664773777,65.10016281,23298933.0
2020-12-03,68.815435732,68.162093775,69.35176122,67.820795737,20462288.0
2020-12-04,69.337134161,71.516565915,72.530708655,68.786181615,31860827.0
2020-12-07,71.467809052,70.804715722,71.57507415,69.70281063,17460614.0
2020-12-08,70.209882,71.370295327,71.716469051,70.190379255,15431056.0
2020-12-09,71.331289837,69.634551022,72.750114536,69.020214555,18367270.0
2020-12-10,68.396126715,69.50778318,70.158979835,67.937812207,15610587.0
2020-12-11,68.630159654,68.776430242,69.54678867,67.67452515,15321960.0
2020-12-14,69.62479965,69.761318865,70.40490945,69.263998867,13573729.0
2020-12-15,70.999743172,71.331289837,71.545820032,70.531677292,11545370.0
2020-12-16,72.345432577,71.175267877,72.501454537,70.819342781,13889265.0
2020-12-17,71.758107411,70.463417685,71.906620815,69.979359554,11988148.0
2020-12-18,70.892478075,69.683307885,71.623831012,69.293252985,23912509.0
2020-12-21,68.2596075,69.693059257,69.916073146,67.918309462,13180361.0
2020-12-22,69.734405076,68.68866789,69.995351805,68.02557456,11165128.0
2020-12-23,68.717922007,68.210850637,69.288377298,68.152342402,8523980.0
2020-12-24,68.561900047,68.825187105,68.88369534,68.02557456,4848465.0
2020-12-28,70.005103177,68.903198085,70.317147097,68.717922007,8345201.0
2020-12-29,69.23474475,68.464386322,69.62479965,67.420989465,9403371.0
2020-12-30,68.669165145,70.13187102,70.843721212,68.620408282,11620343.0
2020-12-31,70.590185527,73.310818455,73.79838708,70.566197151,23214527.0
2021-01-04,74.57849688,72.208913362,76.655539222,71.916372187,31155894.0
2021-01-05,74.53949139,75.339103935,76.733550202,74.139685117,33418227.0
2021-01-06,74.46148041,75.192833347,76.499517262,74.207944725,22390857.0
2021-01-07,76.119213735,77.143107847,78.08899098,76.109462362,27945289.0
2021-01-08,80.487828615,75.495125895,82.06755096,75.153827857,51272079.0
2021-01-11,74.685761977,76.714047457,77.807468855,74.52301157,19941576.0
2021-01-12,77.221118827,77.484405885,77.640427845,75.885180795,18230997.0
2021-01-13,76.987085887,77.923217647,78.391283527,76.597030987,15067676.0
2021-01-14,78.020731372,79.278658425,80.166033322,77.572168237,17639331.0
2021-01-15,78.90810627,78.71307882,79.84423803,77.552665492,14322563.0
2021-01-19,79.25915568,83.374234875,83.546151572,78.94711176,26602543.0
2021-01-20,83.793543892,81.423960375,85.080725062,81.160673317,21191673.0
2021-01-21,81.911529,82.896417622,82.979304288,80.458574497,14703299.0
2021-01-22,81.98953998,80.23429293,82.837909387,80.180660381,14229542.0
2021-01-25,81.121667827,79.25915568,81.423960375,76.928577652,19283422.0
2021-01-26,79.756475677,77.533162747,79.941751755,77.045594122,13677969.0
2021-01-27,75.407363542,73.223056102,75.660899227,72.481951792,23513350.0
2021-01-28,75.2805957,76.441009027,78.186504705,74.814577608,18351383.0
2021-01-29,76.41175491,76.323992557,77.396643532,75.036811387,17934352.0
2021-02-01,77.611173727,78.430289017,79.073879602,76.52877138,14900200.0
2021-02-02,79.239652935,79.590702345,79.707718815,77.936577027,11386186.0
2021-02-03,79.814983912,77.143107847,80.478077242,77.006588632,17456045.0
2021-02-04,77.182113337,79.229901562,79.317663915,76.99683726,11519706.0
2021-02-05,79.736972932,79.083630975,79.980757245,78.71307882,10958008.0
2021-02-08,79.712789528,81.921280372,81.970037235,79.61020509,12394788.0
2021-02-09,81.277689787,81.24843567,81.911529,80.3513094,10362513.0
2021-02-10,81.911529,80.302552537,82.34058939,79.278658425,9869151.0
2021-02-11,82.3015839,84.32986938,84.48589134,81.911529,18750428.0
2021-02-12,83.969068597,85.821829372,86.119246233,83.335229385,14273930.0
2021-02-16,87.001745445,85.558542315,87.001745445,84.885697612,10312768.0
2021-02-17,84.534648202,83.910560362,85.14898467,82.792858046,10039202.0
2021-02-18,84.36887487,86.333776428,86.523928192,83.82279801,19168058.0
2021-02-19,88.001261126,88.69848426,89.215307002,86.601939172,21886532.0
2021-02-22,87.304037992,84.13484193,88.26942387,83.778916833,16077033.0
2021-02-23,83.12069919,86.036359567,86.9822427,80.39031489,23203201.0
2021-02-24,86.104619175,90.21969837,90.29770935,85.548790942,21281678.0
2021-02-25,89.24456112,85.92909447,90.785277975,85.402520355,22546157.0
2021-02-26,87.508816815,89.254312492,90.629256015,86.036359567,22787603.0
2021-03-01,92.189475615,92.40400581,93.369391687,90.268455232,19908856.0
2021-03-02,91.243592482,88.825252102,92.540525025,88.639976025,18679626.0
2021-03-03,88.318180732,86.894480347,91.009559542,86.192381527,26424120.0
2021-03-04,86.601939172,82.233324292,87.518568187,79.814983912,31971097.0
2021-03-05,85.353763492,86.718955642,87.09925917,81.224057238,30329128.0
2021-03-08,86.371221699,82.935423112,87.48931407,82.759898407,22708321.0
2021-03-09,85.812078,87.079756425,87.937877205,84.154344675,22301358.0
2021-03-10,87.772103872,83.286472522,87.772103872,83.188958797,23407761.0
2021-03-11,85.412271727,87.089507797,87.976882695,84.690670162,20716466.0
2021-03-12,85.392768982,85.587796432,86.328900742,84.281112517,21916381.0
2021-03-15,85.587796432,86.640944662,86.699452897,83.998322715,16155423.0
2021-03-16,88.493705437,89.156798767,92.32599483,87.869617597,28539023.0
2021-03-17,89.059285042,92.40400581,93.110980316,87.859866225,24616721.0
2021-03-18,90.658510132,87.586827795,91.15583013,87.186924008,27100866.0
2021-03-19,88.108526223,88.259672497,90.37572033,86.679267556,24963387.0
2021-03-22,89.546853667,89.01052818,90.122184645,87.421054462,19365773.0
2021-03-23,88.756992495,83.27672115,89.000776807,82.857217105,32043764.0
2021-03-24,84.895448985,80.93639175,84.983211337,80.85838077,24232794.0
2021-03-25,79.124586739,81.999291352,82.330838017,78.488797252,23630211.0
2021-03-26,82.06755096,85.802326627,85.948597215,81.940783117,23949134.0
2021-03-29,85.573169373,84.437134477,86.055764798,83.637521932,21772814.0
2021-03-30,84.115339185,84.388377615,85.051470945,83.130450562,13896963.0
2021-03-31,85.26600114,86.016856822,86.86522623,84.554150947,25372290.0
2021-04-01,90.68776425,90.112433272,92.033453655,88.981274062,39700637.0
2021-04-05,91.591228912,91.419117187,92.316243457,90.170941507,19795131.0
2021-04-06,91.50687954,91.165581502,93.712444972,90.356217585,22847008.0
2021-04-07,91.906685812,91.62389601,92.706298357,90.239201115,17621496.0
2021-04-08,92.63803875,92.920828552,93.993479527,91.448371305,17815590.0
2021-04-09,91.999128823,92.930579925,93.008590905,90.990056797,14080213.0
2021-04-12,92.823314827,93.213369727,94.54930776,92.394254437,18818295.0
2021-04-13,93.895965802,89.858897587,94.412788545,89.12754465,27102073.0
2021-04-14,89.381080335,88.415694457,90.229449742,87.284535247,19117367.0
2021-04-15,89.468842687,88.025639557,89.67362151,87.221151326,16017043.0
2021-04-16,88.186634717,88.405943085,89.059382556,87.84036348,12358662.0
2021-04-19,88.410818771,86.211884272,88.42544583,84.36887487,21361565.0
2021-04-20,86.182630155,85.30500663,86.738458387,84.378626242,17396914.0
2021-04-21,84.895448985,87.265032502,87.33329211,84.183598792,14781306.0
2021-04-22,86.00710545,82.603876447,86.16312741,81.814015275,34044137.0
2021-04-23,83.12069919,83.891057617,84.310366635,82.462481546,18168500.0
2021-04-26,84.320118007,85.65605604,86.104619175,83.969068597,14757740.0
2021-04-27,87.109010542,87.235778385,87.947628577,85.841332117,17680981.0
2021-04-28,85.483944315,83.891057617,85.57804506,83.227964287,19433542.0
2021-04-29,85.53903957,85.870586235,85.899840352,83.422991737,16463338.0
2021-04-30,84.772094122,83.930063107,86.280046366,83.43274311,14548113.0
2021-05-03,84.807686632,82.906168995,84.846887149,81.784761157,16300447.0
2021-05-04,82.048048215,82.311335272,83.31572664,79.990508617,17850528.0
2021-05-05,83.364483502,83.032936837,83.813046637,81.940783117,13172100.0
2021-05-06,82.755022721,82.6916388,83.00368272,81.20943018,13716894.0
2021-05-07,83.774041147,83.842300755,84.17384742,82.876914877,12746073.0
2021-05-10,82.837909387,78.839846662,82.88666625,78.791187313,24862898.0
2021-05-11,75.348855307,78.67407333,78.75208431,74.910043545,23227830.0
2021-05-12,77.172361965,74.8905408,77.981725882,74.510237272,23472579.0
2021-05-13,76.031451382,75.270844327,76.904199221,74.627253742,20153780.0
2021-05-14,76.831063927,77.718438825,78.152374901,75.16357923,18241100.0
2021-05-17,77.128480788,78.391283527,78.420537645,75.78766707,15011513.0
2021-05-18,78.547305487,76.91882628,78.90810627,76.8408153,20893773.0
2021-05-19,75.292297347,77.942720392,78.274267057,74.26645296,27299968.0
2021-05-20,78.498548625,79.112885092,79.463934502,77.54291412,17123032.0
2021-05-21,79.736972932,78.71307882,79.951503127,78.371780782,13076931.0
2021-05-24,79.393237051,80.838878025,81.540976845,79.337654228,15730440.0
2021-05-25,81.487344296,79.210398817,81.628739197,77.728190197,26272100.0
2021-05-26,79.556572541,80.19528744,80.39031489,79.005619995,12609782.0
2021-05-27,80.409817635,81.843269392,82.642881937,80.283049792,22286477.0
2021-05-28,82.126059195,82.048048215,82.618503506,81.150921945,11330310.0
2021-06-01,82.80865527,82.057799587,83.622894873,81.540976845,11067180.0
2021-06-02,82.291832527,82.243075665,82.711141545,81.375203512,10314162.0
2021-06-03,81.59948508,79.990508617,81.979788607,79.853989402,14742130.0
2021-06-04,80.907137632,81.67749606,82.272329782,80.790121162,12591138.0
2021-06-07,81.121667827,81.95053449,82.135810567,80.595093712,9006393.0
2021-06-08,82.857412132,78.527802742,82.862287818,78.020731372,29666509.0
2021-06-09,78.176753332,76.704296085,78.55705686,76.56777687,21434898.0
2021-06-10,77.42589765,77.30888118,78.83009529,76.572652556,22683299.0
2021-06-11,78.079239607,77.367389415,78.75208431,77.240621572,12675698.0
2021-06-14,77.523411375,78.488797252,78.927609015,77.394985799,14302957.0
2021-06-15,78.63506784,80.136779205,80.848629397,77.93296902,22308634.0
2021-06-16,80.673104692,78.488797252,81.043656847,78.128093983,18116431.0
2021-06-17,77.718438825,78.63506784,79.41517764,77.391767846,16003884.0
2021-06-18,76.938329025,75.036811387,77.31229416,74.237198842,39881533.0
2021-06-21,74.939297662,75.153827857,75.368358052,73.827641197,19810069.0
2021-06-22,75.680401972,75.729158835,76.33374393,75.129449426,16771830.0
2021-06-23,76.158219225,77.055345495,77.884212157,76.128965107,16662234.0
2021-06-24,78.430289017,78.576559605,78.887238332,77.93296902,15720992.0
2021-06-25,79.541945482,79.990508617,80.78036979,79.073879602,19603797.0
2021-06-28,80.575590967,81.306943905,81.5214741,80.11727646,18365547.0
2021-06-29,81.462965865,80.868132142,81.75550704,79.834486657,18530826.0
2021-06-30,82.740395662,82.867163505,83.27672115,81.355700767,40670774.0
2021-07-01,80.19528744,78.118245097,80.205038812,77.923217647,53298989.0
2021-07-02,78.605813722,78.332775292,78.878754638,76.928577652,22711217.0
2021-07-06,78.781338427,79.06412823,79.512496337,77.77694706,21126480.0
2021-07-07,79.658961952,76.275235695,79.775978422,76.011948637,23026891.0
2021-07-08,74.354215312,75.192833347,75.938813343,74.072400647,23114480.0
2021-07-09,75.485374522,76.782307065,76.986988373,74.822281192,15441108.0
2021-07-12,76.792058437,77.58191961,77.747692942,75.777915697,12639295.0
2021-07-13,77.30888118,76.499517262,77.523411375,76.158219225,14263435.0
2021-07-14,77.377140787,76.538522752,78.75208431,76.37274942,15952277.0
2021-07-15,76.392252165,75.00755727,76.511706478,74.441977665,16616848.0
2021-07-16,75.236714523,73.145045122,75.675526286,72.97927179,19132117.0
2021-07-19,72.00413454,72.725736105,72.82324983,71.3800467,23436873.0
2021-07-20,72.803747085,73.515597277,74.03242002,71.935874932,14855755.0
2021-07-21,73.471716101,75.270844327,75.31960119,73.466840415,15945835.0
2021-07-22,74.334712567,73.652116492,74.354215312,72.608719635,19042218.0
2021-07-23,74.037295706,74.051922765,74.14943649,73.032904338,12345202.0
2021-07-26,73.925154922,74.402972175,75.55363413,73.632613747,12023894.0
2021-07-27,72.930514927,72.374686695,72.930514927,70.707201997,23940464.0
2021-07-28,72.696481987,73.671619237,74.120182372,72.530708655,14348257.0
2021-07-29,74.18844198,75.16357923,75.20258472,74.061674137,14529403.0
2021-07-30,74.237198842,75.651147855,76.172846283,74.169134262,12528854.0
2021-08-02,77.07484824,75.70965609,77.515122708,75.543882757,14904234.0
2021-08-03,76.912000319,78.849598035,79.054376857,76.002197265,25807609.0
2021-08-04,78.449791762,79.941751755,81.024154102,77.562416865,29176932.0
2021-08-05,80.097773715,79.463934502,81.004651357,79.14213921,14820989.0
2021-08-06,79.1811447,79.9612545,80.81937528,79.034874112,14612555.0
2021-08-09,79.697967442,78.215758822,80.00025999,78.08899098,13363279.0
2021-08-10,77.835455295,74.022668647,77.835455295,73.886149432,40705022.0
2021-08-11,74.14943649,73.164547867,74.159187862,71.88711807,31624853.0
2021-08-12,70.385406705,68.503391812,70.40490945,67.099194172,72528554.0
2021-08-13,68.308364362,69.15673377,69.46877769,68.142591029,25301392.0
2021-08-16,68.45463495,69.166485142,69.97584906,68.18159652,18143946.0
2021-08-17,68.425380832,69.020214555,69.6706311,67.882229384,17545803.0
2021-08-18,69.478529062,68.864192595,70.09286553,68.825187105,14004290.0
2021-08-19,68.396126715,68.53264593,69.059220045,67.32347574,18022599.0
2021-08-20,68.396126715,68.483889067,69.263998867,67.850049855,14603090.0
2021-08-23,69.07872279,69.956346315,70.09286553,67.186956525,22264966.0
2021-08-24,70.346401215,70.190379255,70.882726702,69.907589452,18092685.0
2021-08-25,70.980240427,72.19916199,75.114822367,70.385309191,36552132.0
2021-08-26,71.409300817,70.960737682,71.41905219,69.917340825,20315127.0
2021-08-27,70.658445135,72.1601565,72.306427087,70.356542642,14994166.0
2021-08-30,72.27717297,71.34104121,72.891509437,71.024121603,12810663.0
2021-08-31,71.84811258,71.867615325,72.764741595,71.49706317,14807376.0
2021-09-01,72.47220042,71.88711807,72.47220042,71.204521995,14007056.0
2021-09-02,71.389798072,72.150405127,72.169907872,70.507298861,14817050.0
2021-09-03,72.1601565,71.974880422,72.86225532,71.7701016,9225452.0
2021-09-07,71.921247873,71.80910709,72.637973752,71.34104121,12031182.0
2021-09-08,71.3800467,70.473169057,71.41905219,69.342009847,17375480.0
2021-09-09,69.849081217,71.058251407,71.448306307,69.644302395,14638051.0
2021-09-10,71.935874932,71.672587875,73.744754531,71.633582385,18240604.0
2021-09-13,72.70623336,72.501454537,73.349823945,71.69209062,15796722.0
2021-09-14,71.955377677,71.662836502,72.27717297,71.097256897,13945140.0
2021-09-15,71.136262387,71.984631795,72.091896892,69.97584906,15258825.0
2021-09-16,71.477560425,72.774492967,73.09628826,70.970489055,12867652.0
2021-09-17,72.555087086,72.452697675,72.647725125,71.497160683,20449629.0
2021-09-20,70.79496435,70.570682782,70.95098631,69.420020827,23228318.0
2021-09-21,71.10700827,70.346401215,71.311787092,69.878335335,16026787.0
2021-09-22,71.22402474,72.130902382,72.725736105,70.83396984,16996129.0
2021-09-23,71.779852972,72.19916199,72.930514927,71.428803562,17304513.0
2021-09-24,71.472684738,72.208913362,72.647725125,71.253278857,14804342.0
2021-09-27,71.818858462,73.310818455,73.99341453,71.682339247,18435175.0
2021-09-28,72.647725125,71.282532975,73.125542377,71.243527485,27311541.0
2021-09-29,69.39076671,69.85883259,71.49706317,68.474137695,38169155.0
2021-09-30,70.503322815,69.311992429,70.893922941,69.194812391,16923261.0
2021-10-01,69.663532543,69.321757432,69.888127616,68.452672151,17813795.0
2021-10-04,68.940922309,68.960452315,69.888127616,68.706562233,19525749.0
2021-10-05,69.536587502,68.843272278,69.536587502,67.974186996,14512085.0
2021-10-06,68.159722056,68.296432101,68.72609224,67.407816813,17899257.0
2021-10-07,68.745622246,68.88233229,69.985777647,68.472202157,15236105.0
2021-10-08,69.263167413,68.472202157,69.272932417,68.062072025,13666158.0
2021-10-11,68.257372088,67.593351873,68.701679732,67.55429186,12700216.0
2021-10-12,67.758478076,65.152101083,67.79880754,64.126775751,36911713.0
2021-10-13,65.171631089,64.820090976,65.835748954,64.673615928,17532422.0
2021-10-14,65.69894126,66.206721424,66.480141513,65.239986111,15541629.0
2021-10-15,66.489906516,66.089541386,66.849649232,65.894241323,11786145.0
2021-10-18,65.435286175,65.679411254,66.03876337,64.732205947,11849258.0
2021-10-19,65.786826288,65.982126352,66.293629952,65.073981058,16930284.0
2021-10-20,65.620821235,66.665676573,67.573821867,65.435286175,19457791.0
2021-10-21,66.353196472,67.02698169,67.085571709,66.079776383,11140699.0
2021-10-22,66.900036649,65.923536333,67.466406832,65.508523698,17892148.0
2021-10-25,67.983951999,67.144161728,69.448702473,66.929331658,23341333.0
2021-10-26,67.73982692,67.319931785,68.179252063,66.860976636,14267900.0
2021-10-27,66.909801652,66.636381563,67.080689207,65.864946314,13541853.0
2021-10-28,67.661706895,67.944891987,68.69679723,67.55429186,16966036.0
2021-10-29,66.777974109,67.476171835,67.915596977,66.4410815,11440853.0
2021-11-01,67.349226794,69.038572341,69.302227426,67.319931785,11988416.0
2021-11-02,68.833507274,69.09716236,69.185047388,68.394082132,9761144.0
2021-11-03,69.053219845,69.575647515,69.65376754,68.608912202,10266900.0
2021-11-04,70.669327868,70.542382827,70.774789903,69.370582448,15936561.0
2021-11-05,71.284523068,71.206403042,72.007133301,70.659562865,13019283.0
2021-11-08,71.597003169,72.80786356,73.266818709,71.401703105,18742302.0
2021-11-09,73.335173731,73.813658886,74.477679101,72.80786356,20127255.0
2021-11-10,72.412380932,71.684888197,73.381069246,71.479823131,15228340.0
2021-11-11,72.28055339,72.798098557,73.198463687,71.888976763,12192644.0
2021-11-12,73.257053706,75.483474426,76.186554654,73.188698684,26553201.0
2021-11-15,75.932664572,74.975694262,76.440444736,74.799924205,12650712.0
2021-11-16,74.760864192,75.004989271,75.336999379,73.999193946,11807642.0
2021-11-17,74.682744167,73.686713845,74.770629196,73.42305876,11600537.0
2021-11-18,75.0928743,75.210054338,75.67877449,73.969898937,16848232.0
2021-11-19,77.075169941,81.078821237,81.889316499,77.075169941,47216140.0
2021-11-22,81.694016436,81.889316499,85.609782703,81.694016436,34775207.0
2021-11-23,83.041586872,83.402891989,85.648842716,82.348271648,31823330.0
2021-11-24,82.758401781,84.184092242,85.10688504,82.621691736,21666066.0
2021-11-26,81.176471269,81.45965636,82.074851559,80.053495905,16487233.0
2021-11-29,82.397096664,84.11573722,84.242682261,82.177384092,18889820.0
2021-11-30,83.568897043,82.026026544,84.877407466,81.977201528,27301042.0
2021-12-01,84.516102349,83.149001907,86.957353139,83.00252686,31653636.0
2021-12-02,80.690174111,80.93234619,81.625661414,79.438300706,22994496.0
2021-12-03,81.742841452,79.701955791,82.445921679,78.744985482,19167224.0
2021-12-06,79.907020858,80.512451054,81.2741213,78.637570447,15094888.0
2021-12-07,82.436156676,83.813022122,84.993611004,82.348271648,21716939.0
2021-12-08,83.427304497,83.998557182,84.311037283,82.056298053,12908466.0
2021-12-09,83.295476954,82.934171837,84.506337346,82.641221743,11964259.0
2021-12-10,82.358036651,83.52983703,83.666547074,82.153069235,11955861.0
2021-12-13,84.574692368,82.367801654,85.326597612,82.221326607,13054432.0
2021-12-14,81.264356297,81.332711319,82.777931787,80.961641199,12082484.0
2021-12-15,81.518246379,83.647017068,83.773962109,80.126733429,13971453.0
2021-12-16,83.861847138,80.74681113,84.291507277,80.202900454,16503228.0
2021-12-17,79.701955791,81.049526228,81.332711319,79.037935577,23251154.0
2021-12-20,80.209735956,80.102320921,81.293651307,79.008640567,22346807.0
2021-12-21,86.89876312,88.549048654,88.9982388,85.297302602,58363551.0
2021-12-22,87.88502844,88.217038547,88.353748591,86.830408098,18593895.0
2021-12-23,88.568578661,92.201159836,92.76753002,88.22680355,36400104.0
2021-12-27,91.517609615,92.210924839,92.699174997,90.550874302,17117704.0
2021-12-28,91.546904625,90.755939369,91.683614669,89.89661909,13683846.0
2021-12-29,91.791029704,93.910035389,94.471523071,91.703144675,32234608.0
2021-12-30,92.18162983,91.683614669,93.260662679,91.237549324,19327840.0
2021-12-31,91.888898462,91.057988209,92.296924272,90.940683233,13660556.0
2022-01-03,91.796032022,93.599596039,93.682687064,91.380576896,18719697.0
2022-01-04,93.452964818,94.176345508,94.420730877,91.439229384,19725020.0
2022-01-05,93.237905694,92.279915051,96.238958016,92.231037977,28613129.0
2022-01-06,92.968690773,93.501841892,94.538035853,92.006203438,22320264.0
2022-01-07,93.93196014,92.328792124,95.00725576,91.830245973,14857859.0
2022-01-10,92.143059244,91.781368899,93.521392721,88.995375701,20289997.0
2022-01-11,90.378596886,92.084406756,92.152834659,89.591676,14924886.0
2022-01-12,93.02284657,92.973969497,94.068815946,91.673839337,13339184.0
2022-01-13,94.332752144,93.472515648,95.901706208,93.162732755,23679830.0
2022-01-14,92.31901671,95.173437811,95.241865714,92.279915051,18384993.0
2022-01-18,93.384536915,90.784276597,93.795104334,90.461687911,19920161.0
2022-01-19,91.615186849,87.97873257,92.65138081,87.753898031,19043766.0
2022-01-20,88.252444182,83.159453108,88.301321256,83.022597301,24701342.0
2022-01-21,82.328542856,80.089972882,83.227881011,79.689180878,29716319.0
2022-01-24,78.467254037,81.087065185,81.175043917,75.896319963,29769629.0
2022-01-25,79.102655995,78.9071477,80.568968204,77.861178324,22128380.0
2022-01-26,81.375439919,80.129074541,82.880853788,78.799618138,21018662.0
2022-01-27,81.63448841,76.952064754,81.815333582,76.629573822,22693965.0
2022-01-28,75.632383766,77.489712564,77.499487979,73.82393204,24434646.0
2022-01-31,77.186674708,80.422336983,80.461438642,76.267785723,21898195.0
2022-02-01,80.35390908,79.620752975,80.53964196,78.613885258,15237402.0
2022-02-02,81.057738941,82.612029883,82.797762763,80.686273181,19862826.0
2022-02-03,80.813353572,80.129074541,83.26698267,79.874913758,19598165.0
2022-02-04,79.39787352,79.347041363,80.344133665,78.046911204,15657509.0
2022-02-07,79.532774243,79.053778921,80.197502444,78.672537747,11799784.0
2022-02-08,79.327490533,82.230788708,82.504500321,79.180859313,18315742.0
2022-02-09,82.700008615,86.1409546,86.786131972,81.683365483,22386914.0
2022-02-10,87.186923976,88.975824872,92.514525004,86.492869531,33820696.0
2022-02-11,89.229985655,87.744122616,92.455774762,86.952314023,30999980.0
2022-02-14,89.924040101,87.841876763,91.077539039,86.717704069,23499096.0
2022-02-15,88.966049457,93.843981408,94.332752144,88.966049457,27083529.0
2022-02-16,92.31901671,93.902633896,94.322976729,91.468555628,15573596.0
2022-02-17,92.905541593,91.624962264,93.843981408,91.39035231,17943285.0
2022-02-18,92.406995442,88.760765748,92.553626663,86.898549242,19530513.0
2022-02-22,87.822325934,88.535931209,91.859572217,86.67860241,24825717.0
2022-02-23,89.415718535,85.349146007,89.806735124,85.114536054,19135407.0
2022-02-24,82.240564123,86.835009046,86.942538608,81.908200022,24472315.0
2022-02-25,85.98796936,88.076486717,88.447952477,85.319819763,15008658.0
2022-02-28,86.463543286,86.86433529,87.734347201,85.202319278,17269788.0
2022-03-01,86.571072848,84.32272746,87.822325934,82.758661104,20794836.0
2022-03-02,85.212290201,91.20461943,91.957326365,85.075434395,28398700.0
2022-03-03,89.562349756,87.177148562,90.119548395,86.400003091,22099752.0
2022-03-04,85.456675569,80.070422053,85.456675569,78.706751698,28221728.0
2022-03-07,79.923790832,73.999889506,81.106616014,73.926573895,26715511.0
2022-03-08,74.537537316,75.427100056,78.447703208,72.269641098,28343183.0
2022-03-09,78.173991595,77.655894615,78.682313161,75.798565816,19647851.0
2022-03-10,75.989186403,74.019440335,75.989186403,72.152336122,21691955.0
2022-03-11,74.933441612,71.184570063,74.977430979,71.003724891,22786509.0
2022-03-14,70.138600687,67.841378226,70.852205963,67.411259978,24893444.0
2022-03-15,68.4748251,71.468057091,71.878624509,66.805184264,22850964.0
2022-03-16,74.75259644,77.880729153,77.919830812,74.439783168,35742765.0
2022-03-17,76.443743188,78.711639405,78.770291894,75.466201715,21612244.0
2022-03-18,77.323530514,77.62656837,79.376367607,76.306887382,28601158.0
2022-03-21,77.216000952,76.590374409,78.095788277,73.833707455,30878163.0
2022-03-22,75.954972452,77.343081343,77.939381642,75.769239572,16768042.0
2022-03-23,76.111379087,73.951012432,76.463294018,73.388926085,28059803.0
2022-03-24,74.1953978,76.453518603,76.771219582,73.628423746,23348049.0
2022-03-25,76.507283384,76.345989041,76.541497335,73.442690866,22491043.0
2022-03-28,76.824984363,78.066462033,78.379275305,75.534629618,26605277.0
2022-03-29,80.256154933,80.207277859,80.696048596,77.479937149,41290740.0
2022-03-30,82.406746173,77.382183002,84.303176631,76.834759777,70087027.0
2022-03-31,75.925646207,76.140705331,78.164216181,75.10451137,34588634.0
2022-04-01,76.668577727,74.469109413,77.137797634,72.39672149,33536055.0
2022-04-04,75.172939273,75.925646207,76.424192359,74.791991361,24320306.0
2022-04-05,74.987206393,72.9343693,76.267785723,72.631331443,21171421.0
2022-04-06,71.531597286,72.123009877,73.203193205,69.864889075,28080116.0
2022-04-07,72.015480315,71.634239141,73.002797203,70.510066447,22658636.0
2022-04-08,70.968602655,70.616206834,71.311209702,69.3338776,20562565.0
2022-04-11,69.059791962,70.508530334,71.369942338,68.609508415,21127921.0
2022-04-12,71.252477065,70.440008924,72.035578888,70.058246786,18658506.0
2022-04-13,70.836454222,70.851137381,72.192199252,70.342121197,18891991.0
2022-04-14,71.027335291,68.648663506,71.272054611,68.609508415,18543538.0
2022-04-18,68.766128779,69.647118329,70.577051743,68.570353323,17476740.0
2022-04-19,69.461131646,71.193744428,71.859380977,69.275144964,15138970.0
2022-04-20,72.24701638,71.653816749,74.619325463,71.350364793,19042573.0
2022-04-21,72.407552253,69.421976555,72.916568438,69.15767969,17645347.0
2022-04-22,69.147890917,67.943871865,69.480709192,67.845984138,18682432.0
2022-04-25,66.97478336,68.638874733,68.687818597,66.495133494,20072116.0
2022-04-26,67.234185839,65.663087808,67.699152546,65.623932717,18628694.0
2022-04-27,64.733154394,65.065972668,67.033515997,64.470815283,17123641.0
2022-04-28,66.221047856,68.69760737,69.314300055,65.643510262,21058415.0
2022-04-29,67.640419909,66.749641586,69.828210626,66.583232449,16843482.0
2022-05-02,66.720275268,69.108735826,69.245778645,66.152526447,15342804.0
2022-05-03,68.98148178,69.75479483,70.440008924,68.717184915,13539078.0
2022-05-04,70.254022242,72.064945206,72.339030844,68.678029824,17201941.0
2022-05-05,70.782615972,69.784161148,71.027335291,68.87380528,16603567.0
2022-05-06,69.059791962,68.864016507,70.39106506,67.434855681,15159769.0
2022-05-09,67.738307637,66.495133494,69.891837649,66.054638719,21770876.0
2022-05-10,68.10049223,67.454433226,69.098947054,66.181892765,17662664.0
2022-05-11,67.209713907,65.545622534,69.382821464,65.408579715,17237252.0
2022-05-12,64.605900348,66.279780493,67.445721219,64.478646301,27022917.0
2022-05-13,67.635525523,70.400853833,71.095856701,66.583232449,22871972.0
2022-05-16,69.999514149,68.98148178,70.518319107,68.834650188,13394748.0
2022-05-17,70.723883335,72.906779665,73.151498984,70.625897719,17671486.0
2022-05-18,71.634239204,69.549230601,72.652271573,68.609508415,20635056.0
2022-05-19,69.265356191,67.934083093,70.185500832,67.591476045,17557951.0
2022-05-20,69.108735826,67.444644454,69.196834781,64.713576848,20313303.0
2022-05-23,67.317390408,68.120069776,68.717087027,67.072671088,12356239.0
2022-05-24,66.916050724,65.21280426,66.964994587,64.61568912,18764531.0
2022-05-25,64.532484552,66.436400857,67.39570059,64.50801262,16241150.0
2022-05-26,64.987662486,69.108735826,69.539343941,64.948507395,14902509.0
2022-05-27,70.244233469,71.771282022,71.883852909,70.126768195,13078717.0
2022-05-31,71.918113614,72.280298207,72.906486002,70.410642606,15452990.0
2022-06-01,72.924399456,71.996423796,73.797557988,71.017546518,13595403.0
2022-06-02,71.58529534,73.777980442,73.817135533,71.58529534,11373151.0
2022-06-03,70.175712059,68.462676823,70.175712059,67.65030657,30306552.0
2022-06-06,69.2477364,68.961904235,70.616206834,68.531198232,13198700.0
2022-06-07,67.199925134,69.265356191,69.373032691,66.681120177,14327996.0
2022-06-08,68.364789095,67.15098127,68.912960371,66.328724357,16362980.0
2022-06-09,66.504922267,64.625477893,67.239080225,64.605900348,15073741.0
2022-06-10,63.470402705,61.297295148,64.175194345,60.964476873,26647545.0
2022-06-13,58.752214225,57.597139037,59.672358866,57.342630945,24278595.0
2022-06-14,58.106155222,57.460096218,58.607438276,56.500796486,17036011.0
2022-06-15,58.076788903,57.871224675,58.806052475,56.334387348,19726222.0
2022-06-16,55.796004846,53.848039062,55.796004846,53.104092331,22706176.0
2022-06-17,54.71923984,54.572408248,55.130368296,52.4678221,24139828.0
2022-06-21,55.614912549,55.60022939,56.696571941,55.149945842,15502830.0
2022-06-22,54.777972476,55.149945842,55.933047664,54.425576656,13524699.0
2022-06-23,55.414242707,55.032480569,55.629595708,53.794200812,13366626.0
2022-06-24,55.942836437,57.205588126,57.753759402,55.923258892,15647556.0
2022-06-27,58.316613836,57.5384064,58.776686157,57.137066716,16159869.0
2022-06-28,57.734181856,56.637839305,59.310174274,56.588895441,19404466.0
2022-06-29,56.021146619,54.836705113,56.30502103,54.151491018,17351367.0
2022-06-30,53.828461517,54.112335927,55.213572865,53.074726013,29572420.0
2022-07-01,52.164370144,52.516765964,52.82021792,50.314292089,43681742.0
2022-07-05,51.072921979,55.53170798,55.688328345,50.989717411,33766111.0
2022-07-06,55.649173254,56.158189438,56.892347397,55.269270982,23565024.0
2022-07-07,57.851647129,57.60692781,58.057211358,56.618261759,22945542.0
2022-07-08,57.102799788,58.004149353,59.269373443,56.985987239,19283045.0
2022-07-11,56.993931669,56.699693509,57.479424634,56.601614122,13963237.0
2022-07-12,57.293073799,58.043381108,58.926095589,56.98412373,21523085.0
2022-07-13,56.273048176,57.72952707,58.27808508,56.258336268,13987599.0
2022-07-14,56.822292742,58.210116065,58.514162164,56.219104513,14803838.0
2022-07-15,60.299207004,60.348246698,60.514981655,58.259155759,20317786.0
2022-07-18,60.897491264,59.28898932,61.127977823,58.984943221,13233041.0
2022-07-19,60.284495096,61.201537363,61.549719186,60.201127617,19103715.0
2022-07-20,61.024994466,62.084251844,62.300026495,60.662100735,15176188.0
2022-07-21,61.397696136,62.417721759,62.456953514,60.740564245,12924682.0
2022-07-22,60.1079522,60.112856169,61.711550174,59.838233886,22201715.0
2022-07-25,60.171703801,58.99475116,60.642484858,58.553393919,14479422.0
2022-07-26,59.151678179,58.514162164,59.519475879,58.406274839,11044824.0
2022-07-27,59.328221075,60.70133249,61.191729424,58.465122471,14589817.0
2022-07-28,61.054418283,60.877875386,61.103457976,59.033982914,10120280.0
2022-07-29,60.171703801,60.671908674,60.897491264,59.605491501,14199686.0
2022-08-01,61.29961675,61.338848504,62.760999613,60.809219816,13347167.0
2022-08-02,60.564021349,61.270192933,62.084251844,59.710730683,11535836.0
2022-08-03,61.29961675,63.016006019,63.290628302,61.239101768,12290125.0
2022-08-04,62.888502816,63.604482339,63.741793481,62.427529698,11338439.0
2022-08-05,61.652702542,61.260384995,62.000884365,60.608157073,15047086.0
2022-08-08,60.799411877,60.269783188,61.417312014,59.80881007,11464767.0
2022-08-09,57.861934242,58.013957292,59.377260768,56.631037938,33107228.0
2022-08-10,58.84763208,60.220743495,60.377866672,58.24934782,17418395.0
2022-08-11,60.809219816,61.123073853,62.869769653,60.809219816,18298541.0
2022-08-12,61.456543768,63.790833174,64.158630875,61.034802405,16193978.0
2022-08-15,63.457363259,63.457363259,63.869198604,62.662920226,9689080.0
2022-08-16,62.888502816,62.63349641,63.320052118,62.005788334,9275386.0
2022-08-17,61.603662849,60.436518146,61.603662849,59.593035419,14728358.0
2022-08-18,60.564021349,61.770397806,62.197043139,60.073624415,11303931.0
2022-08-19,60.647388827,59.347836952,61.054418283,59.122254363,14050335.0
2022-08-22,58.418044365,57.190090443,58.465122471,56.851716558,13096754.0
2022-08-23,57.229322197,56.748733202,58.151268433,56.650653815,12769112.0
2022-08-24,56.768349079,57.190090443,57.440192879,56.258336268,9961297.0
2022-08-25,57.474520664,60.024584721,60.093240292,57.454904787,12171626.0
2022-08-26,59.897081518,56.523150612,60.044200598,56.503534735,15754011.0
2022-08-29,56.209296575,55.915058414,56.886044344,55.434469419,11607551.0
2022-08-30,56.376031532,55.218694768,56.68988557,54.512523183,12743714.0
2022-08-31,54.914648669,55.444277358,56.057273525,54.738105773,14172195.0
2022-09-01,54.198669145,56.209296575,56.297568023,53.737696027,17594490.0
2022-09-02,57.180282504,55.248118584,57.670679438,54.924456608,12809670.0
2022-09-06,55.248118584,54.169245329,55.601204376,54.066261973,12133296.0
2022-09-07,54.247708839,53.94366274,54.649834324,52.97267681,17030573.0
2022-09-08,53.443457867,54.326172348,54.841089129,52.707862466,18415254.0
2022-09-09,55.091191565,56.336799777,56.572190306,55.091191565,13929807.0
2022-09-12,56.356415655,56.827196711,57.023355485,55.934674292,10711515.0
2022-09-13,54.630218447,52.590167202,55.159847136,52.119386145,22361781.0
2022-09-14,52.854981546,52.089962329,53.18864762,51.447542345,19984874.0
2022-09-15,51.687836843,51.678028904,52.423432244,50.981665258,15620790.0
2022-09-16,50.89339381,51.834955923,51.991882942,50.501076263,24901691.0
2022-09-19,50.971857319,51.099360522,51.756492414,50.883585871,19251428.0
2022-09-20,50.540308018,49.824328494,50.59915565,49.618361782,19373809.0
2022-09-21,48.784686994,49.137772786,51.501486008,48.765071116,31117286.0
2022-09-22,48.843534626,48.706223484,49.402587131,48.397273416,21316979.0
2022-09-23,48.333521815,49.137772786,49.18681248,47.519462904,24591711.0
2022-09-26,48.966133859,47.941204267,49.490858579,47.872548697,19266761.0
2022-09-27,48.863150503,49.608553843,49.677209414,48.446313109,17297534.0
2022-09-28,49.147580725,50.020487268,50.206838102,49.137772786,17784304.0
2022-09-29,49.078925154,49.049501338,49.33393156,48.274674182,25582107.0
2022-09-30,49.569322088,49.137772786,51.060128768,48.853342565,38917675.0
2022-10-03,50.030295206,50.726658852,52.065442482,49.667401475,24632356.0
2022-10-04,52.53131957,52.923637117,53.757311905,51.650174359,24275473.0
2022-10-05,51.866341327,53.678848395,54.139821513,51.168016093,20418268.0
2022-10-06,53.355186419,53.57096107,54.04909808,52.276313164,17149380.0
2022-10-07,52.642155295,52.003294187,53.708561913,51.610148889,21977713.0
2022-10-10,52.160552306,50.499513425,52.2195241,49.89505253,17227359.0
2022-10-11,49.772194625,52.789584781,53.841248451,49.46750702,32813669.0
2022-10-12,52.681469824,51.846036068,52.848556576,51.4922053,18131920.0
2022-10-13,50.471993254,53.91987751,54.961712548,49.870480949,27605005.0
2022-10-14,54.288451227,51.81655017,54.489938191,51.698606581,20409204.0
2022-10-17,53.664333067,52.5831835,54.047649732,51.944322392,18261725.0
2022-10-18,54.067306997,51.649463419,54.195079219,50.774715133,19774779.0
2022-10-19,51.197346327,52.121237776,52.514383073,51.16786043,14786102.0
2022-10-20,52.5831835,52.779756149,54.155764689,52.25883863,15711842.0
2022-10-21,52.573354868,55.08948477,55.315543316,52.421011065,20199202.0
2022-10-24,55.266400153,55.276228786,55.836460834,54.126475364,15293610.0
2022-10-25,55.708688613,54.912569386,56.052690748,54.391651867,17313001.0
2022-10-26,55.118970667,54.499766824,56.455664677,54.018163835,23527532.0
2022-10-27,54.421137764,51.315289917,55.266400153,51.226832225,27335831.0
2022-10-28,50.941801884,53.113929651,53.507074948,50.578142484,19171083.0
2022-10-31,52.98615743,53.172901446,53.988677937,52.257855767,15932482.0
2022-11-01,54.145936056,53.91987751,54.489938191,53.182730078,11729707.0
2022-11-02,53.797019605,52.534040338,55.305714683,52.504554441,17305837.0
2022-11-03,51.806721538,52.563526235,53.433360205,51.020430944,12769249.0
2022-11-04,54.313022808,55.197599726,55.934747159,53.875648665,18882663.0
2022-11-07,55.462972802,55.590745024,55.84619118,54.509595456,11411267.0
2022-11-08,56.396692883,56.50480784,56.878295872,55.512115964,14190068.0
2022-11-09,55.256571521,55.01085571,55.679202715,54.558738618,19952451.0
2022-11-10,57.595786039,59.237167655,59.345282612,57.065039888,24982467.0
2022-11-11,59.610655687,61.448609952,62.097299692,58.85385099,17579438.0
2022-11-14,60.878549271,60.721291152,61.674668498,59.939914874,13988191.0
2022-11-15,62.406901614,62.018670633,63.335707378,61.350323628,16324955.0
2022-11-16,59.492712098,57.861159115,60.328145855,57.119097366,25901919.0
2022-11-17,56.318063823,57.733386893,57.979102704,55.541601861,14215119.0
2022-11-18,58.539334753,57.576128774,58.637621077,57.104354418,9703731.0
2022-11-21,57.025725358,56.180462969,57.025725358,55.846289467,9968440.0
2022-11-22,56.563779634,57.615443304,57.674415099,56.003547586,8955745.0
2022-11-23,57.241955272,57.920130909,58.047903131,56.760352283,8996842.0
2022-11-25,57.664586466,57.409042023,58.116703558,57.389384758,4360454.0
2022-11-28,56.337721088,54.794625797,56.770180915,54.519424089,15518925.0
2022-11-29,54.755311267,54.175421954,55.546516178,53.835646131,12874235.0
2022-11-30,52.661812559,56.662065958,56.691551856,51.708435214,31461359.0
2022-12-01,56.838981342,54.539081354,56.927439034,54.155764689,21764196.0
2022-12-02,53.408788624,53.742962127,54.470280927,52.465239911,15946484.0
2022-12-05,53.438274521,53.113929651,54.318821701,52.774841832,13806856.0
2022-12-06,52.938979994,52.760098884,53.688904648,52.327639057,17987970.0
2022-12-07,52.209695468,52.897699738,53.3105023,51.541348462,11367325.0
2022-12-08,53.620104221,54.254051013,54.740568318,53.12385657,13609135.0
2022-12-09,53.742962127,53.929706143,54.897826437,53.585704008,9932167.0
2022-12-12,52.602840765,54.4014805,54.430966397,52.421011065,13250562.0
2022-12-13,56.20503455,54.293365543,56.897953137,53.708561913,14210470.0
2022-12-14,54.293365543,53.654504435,55.138627932,53.133586916,11235291.0
2022-12-15,52.642155295,51.148203165,52.799413413,50.961459149,17788826.0
2022-12-16,50.848429876,51.177689063,51.639634787,50.735400603,22951394.0
2022-12-19,51.275975387,50.833686927,51.393918976,50.224311717,16470021.0
2022-12-20,50.460198895,49.811509155,51.079402738,49.585450609,16942036.0
2022-12-21,50.052310649,50.312769409,50.858258509,49.875395266,20400778.0
2022-12-22,48.651730528,48.582930101,49.113676252,47.600066858,40959621.0
2022-12-23,48.160298907,49.339734798,49.683736933,48.145555958,17425714.0
2022-12-27,48.759845485,49.162819414,49.447849755,47.68557596,15159131.0
2022-12-28,48.985904031,48.278242496,50.209568768,47.988297839,12518743.0
2022-12-29,48.553444204,49.782023257,50.052310649,48.494472409,13204261.0
2022-12-30,48.708264407,49.235292852,49.274696847,48.39303244,11989834.0
2023-01-03,49.806650792,49.619481811,50.200690751,48.811699896,12422763.0
2023-01-04,52.259549535,53.392414417,53.707646384,51.944317568,25077299.0
2023-01-05,53.087033449,53.894815364,54.564683294,53.087033449,18030889.0
2023-01-06,54.60408729,55.924121152,56.436373099,53.224947434,21069764.0
2023-01-09,55.973376147,55.520230194,56.658020575,54.820809268,15715899.0
2023-01-10,55.323210215,56.357565107,56.4265221,55.027680246,10571344.0
2023-01-11,56.495479092,57.194900019,57.593865478,56.071886137,12142994.0
2023-01-12,57.244155014,56.416671101,57.372218001,55.589187187,14888081.0
2023-01-13,55.884717156,56.081737136,56.121141132,55.283806219,12520633.0
2023-01-17,56.308310112,56.002929144,57.726853964,55.707399175,10962708.0
2023-01-18,56.653095076,55.667995179,57.182389251,55.520328704,10035267.0
2023-01-19,54.879915261,55.520230194,56.23442762,54.456322306,12034241.0
2023-01-20,56.61566128,57.588939978,57.697300967,55.914270153,13826367.0
2023-01-23,58.042085931,60.898875632,60.987534623,57.982979937,20175377.0
2023-01-24,60.288113696,60.34721969,60.800365642,59.96303073,10183213.0
2023-01-25,59.76798095,60.623047661,60.751110647,59.519735776,10787198.0
2023-01-26,61.647551554,61.864273531,62.110548505,60.376772687,12219465.0
2023-01-27,61.214107599,62.918330421,63.381327372,61.036789618,15895821.0
2023-01-30,61.824869535,60.790514643,62.337121482,60.770812645,16168978.0
2023-01-31,58.219403912,59.401523789,59.440927784,57.776108959,23856292.0
2023-02-01,59.716755756,61.667253552,62.287866487,59.48525728,20902197.0
2023-02-02,62.612949453,62.228760493,62.967585416,60.938279628,15877623.0
2023-02-03,61.076193614,61.480084571,62.839522429,60.977683624,12187052.0
2023-02-06,60.031987723,59.086291822,60.268411698,58.849966356,11484265.0
2023-02-07,59.19465281,61.2042566,61.455457074,58.81046385,12713113.0
2023-02-08,60.529463171,59.352268794,61.40127658,59.332566796,9510471.0
2023-02-09,60.288113696,59.283311801,60.898580102,58.795687352,10094689.0
2023-02-10,59.598543768,58.928675838,59.854669741,58.367168897,11429707.0
2023-02-13,58.928675838,59.224205807,59.381821791,57.963277939,11466243.0
2023-02-14,58.633145869,61.145150606,61.376649082,58.150446919,12496242.0
2023-02-15,60.416176683,60.91857763,61.01708762,59.559139772,10461966.0
2023-02-16,59.874371739,59.155248814,60.43587868,58.958228835,12683409.0
2023-02-17,58.948377836,58.130744921,59.281341601,57.638194973,10874858.0
2023-02-21,57.47072799,56.741754067,58.820314849,56.633393078,12667499.0
2023-02-22,56.869817053,56.130992131,57.697300967,55.978301647,12260337.0
2023-02-23,58.258807908,57.874618948,58.857748645,56.584138083,16094550.0
2023-02-24,56.840264056,57.313112007,57.495355488,56.495479092,9867371.0
2023-02-27,58.288360905,57.037284036,58.672549865,56.968327043,8513994.0
2023-02-28,56.781158063,56.958476044,57.85984245,56.544734087,10493265.0
2023-03-01,56.99788004,56.485628093,57.677598969,56.367416106,9141394.0
2023-03-02,54.673044283,55.589187187,55.85023866,53.904666363,16628954.0
2023-03-03,55.618740184,55.933972151,56.022631142,54.613938289,13769228.0
2023-03-06,56.4265221,55.983227146,57.774237269,55.697548176,14472224.0
2023-03-07,55.65814418,54.732150277,55.884717156,54.485875303,13278335.0
2023-03-08,55.007978248,56.04233314,56.071886137,54.525279298,11515668.0
2023-03-09,55.796058166,54.771554273,56.702350071,54.712448279,10199959.0
2023-03-10,54.830660267,54.111537342,55.667995179,53.717497383,14180699.0
2023-03-13,53.160915941,53.096884448,53.737199381,51.973870565,17365237.0
2023-03-14,54.150941338,53.46137141,54.594236291,52.899864468,14657040.0
2023-03-15,52.535377507,53.323457424,53.46137141,52.092082553,14643637.0
2023-03-16,52.890013469,55.727101173,55.865015158,52.811205478,14794233.0
2023-03-17,55.953674149,55.815760164,56.859966054,55.377390709,26655249.0
2023-03-20,55.855164159,56.781158063,57.002805539,55.244402223,10610206.0
2023-03-21,57.510131986,57.756406961,58.633145869,56.736828567,14613706.0
2023-03-22,57.529833984,57.303261008,59.509884777,57.224453016,16949317.0
2023-03-23,58.298211904,60.426027681,60.859471636,58.248956909,23903101.0
2023-03-24,59.603469267,60.2487097,60.485133675,59.598543768,18740564.0
2023-03-27,60.278262697,58.899122841,60.504835673,58.288459415,15901000.0
2023-03-28,58.90897384,58.396721894,58.977930833,56.953550545,20496261.0
2023-03-29,60.002434726,62.593247455,63.460135364,59.96303073,51939839.0
2023-03-30,63.075946404,62.149952501,63.144903397,61.549041564,23038346.0
2023-03-31,59.450778783,59.440927784,60.739486469,59.00748383,35416496.0
2023-04-03,58.91389934,58.72180486,58.91389934,57.007731039,23610823.0
2023-04-04,58.785836353,56.416671101,59.19957831,56.101439134,21303220.0
2023-04-05,55.973376147,56.170396126,56.259055117,55.17544523,19456216.0
2023-04-06,56.214815251,57.804031274,58.386414786,56.066751646,21496506.0
2023-04-10,60.390208903,62.453228462,62.946773811,60.212532578,43280135.0
2023-04-11,62.81845202,62.749355671,63.460060974,62.226197601,23090190.0
2023-04-12,63.529157323,61.160139648,63.529157323,61.041688764,16694110.0
2023-04-13,60.715948833,62.186713974,62.551937532,60.005243531,23286546.0
2023-04-14,62.364390299,61.821490415,62.403873927,60.967656961,14953015.0
2023-04-17,61.416783229,61.732652252,61.959683113,61.174946008,11546753.0
2023-04-18,62.512453904,61.130526927,62.630904788,60.686336113,12175168.0
2023-04-19,60.192790764,59.867050833,60.419821624,59.600536345,11652635.0
2023-04-20,59.106990996,60.666594299,61.150268741,59.097120089,14382205.0
2023-04-21,60.360596182,60.340854368,60.651787938,59.946018089,9606175.0
2023-04-24,59.319215496,58.741767437,60.08914624,58.583832926,13402645.0
2023-04-25,58.366672972,57.389453181,58.573962019,57.280873204,15987313.0
2023-04-26,58.805928333,60.232274391,60.390208903,58.573962019,25385015.0
2023-04-27,59.965759903,61.100914206,61.160139648,59.35376367,13524587.0
2023-04-28,61.624072276,63.529157323,63.603189125,61.495750485,18094717.0
2023-05-01,63.065224695,61.54510502,63.272513741,61.500685938,12823373.0
2023-05-02,61.426654136,61.100914206,61.77213588,60.454369799,12237630.0
2023-05-03,60.69620702,60.123694415,61.377299601,60.029920798,10818080.0
2023-05-04,59.768341763,59.728858135,60.17304895,59.12673281,13357926.0
2023-05-05,59.827567205,60.439563438,60.942979694,59.329086403,12312661.0
2023-05-08,60.459305252,60.084210787,60.553078868,59.526504542,11510442.0
2023-05-09,59.106990996,60.143436229,60.59749795,58.781251065,11895219.0
2023-05-10,61.12065602,59.215570973,61.505621392,59.018152833,14548695.0
2023-05-11,59.807825391,60.814657903,61.012076043,59.289602775,15536578.0
2023-05-12,61.189752369,60.133565322,61.387170508,59.373505484,12131366.0
2023-05-15,61.426654136,63.805542718,64.032573579,61.002205136,22227199.0
2023-05-16,63.716704555,62.907290183,64.378055323,62.482841183,15266397.0
2023-05-17,63.746317276,64.081928114,64.476764393,62.621033881,15947694.0
2023-05-18,65.128244254,66.697718463,67.704550975,64.239862625,30688019.0
2023-05-19,66.697718463,67.289972882,67.507132836,65.572435068,16812097.0
2023-05-22,64.901213393,65.375016928,65.888304091,63.923993602,37491046.0
2023-05-23,64.999922463,65.157856974,66.687847556,64.861729765,15896231.0
2023-05-24,64.111540835,65.671144137,65.868562277,64.042444486,15806645.0
2023-05-25,68.844640732,68.711383487,68.977897976,66.638493021,29021516.0
2023-05-26,68.977897976,72.975615303,73.627095163,68.89893072,33409984.0
2023-05-30,73.42474157,70.764532139,73.80467278,70.659110853,24454683.0
2023-05-31,68.005613638,67.319585603,68.948285255,67.043200208,30403609.0
2023-06-01,68.05003272,68.198096324,68.889059813,67.21594108,18153026.0
2023-06-02,69.081542499,68.27706358,69.63431329,67.408423766,13468239.0
2023-06-05,68.602803511,66.895136603,68.602803511,66.638493021,12441091.0
2023-06-06,66.159754033,66.668105742,67.95132365,65.952464986,12476560.0
2023-06-07,67.52687465,66.194302207,67.778582778,66.080786777,14610807.0
2023-06-08,65.643505598,64.476764393,65.66127323,63.183675578,25856752.0
2023-06-09,65.078889719,64.58534437,65.542822347,63.632801846,14652510.0
2023-06-12,64.990051556,66.57926758,66.668105742,64.940697021,14742476.0
2023-06-13,67.670002801,66.993845673,67.990807278,66.727331184,11911879.0
2023-06-14,66.668105742,68.227709045,68.316547208,66.648363928,11085818.0
2023-06-15,67.704550975,67.931581836,68.622545324,67.477520115,11842643.0
2023-06-16,69.244412464,66.786556626,69.589894209,65.207211509,32259693.0
2023-06-20,66.446010335,66.036367696,66.747072998,64.920955207,13265684.0
2023-06-21,65.888304091,64.950567928,66.332494905,64.496506207,10427173.0
2023-06-22,64.684053439,65.394758742,65.799465928,64.664311625,8646854.0
2023-06-23,64.605086184,64.437280765,65.10850244,64.002960858,12663593.0
2023-06-26,64.782762509,64.605086184,65.838949556,64.565602556,13815879.0
2023-06-27,64.427409858,65.927787719,65.977142254,62.971056242,18305177.0
2023-06-28,64.802504323,66.204173114,66.855652975,64.545860742,27100091.0
2023-06-29,66.964232952,63.499544602,67.072812929,62.729613857,51141898.0
2023-06-30,63.662414567,62.29529395,64.259604439,62.088004904,31549615.0
2023-07-03,62.621033881,63.075095602,63.489673695,62.438422101,12921258.0
2023-07-05,62.680259323,61.258848717,62.927031997,61.219365089,16552989.0
2023-07-06,60.202661671,60.439563438,60.992334229,59.718987229,15622711.0
2023-07-07,60.75108209,59.979702568,60.810418976,59.954978865,15028085.0
2023-07-10,60.152768486,61.7894776,62.135609437,59.9104762,16953141.0
2023-07-11,61.908151373,62.897099478,62.966325845,61.621356422,13464462.0
2023-07-12,63.757484329,63.084999617,63.984942393,62.427349128,13953588.0
2023-07-13,63.470689378,63.816821215,63.930550247,62.847652072,11384662.0
2023-07-14,63.589363151,63.371794568,64.815658801,62.976215326,13860248.0
2023-07-17,63.094889099,64.439858521,64.944222055,62.63997297,11333639.0
2023-07-18,63.658589518,64.222289938,64.400300597,63.046232852,10402308.0
2023-07-19,64.904664131,64.2420689,65.033227384,64.083837204,9463941.0
2023-07-20,63.688257962,63.975052912,64.820603542,63.539915746,12745070.0
2023-07-21,64.568421775,64.924443093,65.428806626,63.628921075,24540157.0
2023-07-24,64.637648142,64.756321915,65.903501717,64.504140148,10275069.0
2023-07-25,64.677206067,64.954111536,65.265630189,64.360742673,8610906.0
2023-07-26,64.281626825,66.635323314,67.129797367,64.281626825,14920570.0
2023-07-27,69.70106244,70.284541822,71.540505915,69.186809425,25068346.0
2023-07-28,70.788905355,70.413105076,71.332727918,69.874128358,11935820.0
2023-07-31,70.333989227,70.601005215,70.976805495,70.086752201,11193789.0
2023-08-01,70.215315455,69.977967909,70.294431303,69.117583058,13153444.0
2023-08-02,68.979130323,67.416592317,69.078025134,66.59576539,14012010.0
2023-08-03,66.823223454,68.415429903,68.623109005,66.419139259,11081192.0
2023-08-04,68.731893297,69.13736202,70.150539354,68.365982498,11255547.0
2023-08-07,69.078025134,68.613219524,69.453232045,68.069298067,10537537.0
2023-08-08,67.940734813,66.902339303,68.000071699,66.21996511,14767793.0
2023-08-09,67.030902556,65.962838603,67.218802696,65.883722755,10043174.0
2023-08-10,66.318859921,64.716763991,66.714439163,64.212400457,12775328.0
2023-08-11,64.182732014,63.658589518,64.588200737,63.361905087,11823083.0
2023-08-14,63.658589518,67.525376609,67.72316623,63.490468341,21953958.0
2023-08-15,66.843002416,64.607979699,66.882560341,64.598090218,13808529.0
2023-08-16,64.281626825,63.510247303,64.508985994,63.381684049,9895360.0
2023-08-17,63.777263291,62.857541553,63.993842926,62.699309857,9933301.0
2023-08-18,61.621356422,62.887209996,63.149281244,61.067545483,9576535.0
2023-08-21,62.976215326,63.253120795,63.4855236,62.16527788,11311886.0
2023-08-22,63.589363151,62.709199338,64.360742673,62.585580824,8877758.0
2023-08-23,62.867431034,64.469526964,64.89477465,62.471851792,10747418.0
2023-08-24,65.409027664,62.986104807,65.507922475,62.669641413,12661624.0
2023-08-25,62.758646743,63.01577325,63.67836848,61.932875075,9409035.0
2023-08-28,64.99366946,64.588200737,65.379359221,63.945384469,9904856.0
2023-08-29,64.182732014,65.943059641,66.289191478,64.153063571,9954960.0
2023-08-30,66.447423174,67.337476469,67.940734813,65.784827944,16892172.0
2023-08-31,67.218802696,69.167030463,69.760399326,67.218802696,18420869.0
2023-09-01,69.434046452,69.61205711,69.839515175,68.781340702,10772024.0
2023-09-05,69.13736202,69.5131623,70.373547151,68.76156174,11144304.0
2023-09-06,69.354930603,69.631836073,69.878974204,68.870346032,9192768.0
2023-09-07,68.682445892,69.097804096,69.511184404,68.336314055,12043224.0
2023-09-08,68.993964545,69.404378008,69.829625694,68.840677589,9806902.0
2023-09-11,70.047194277,69.256035793,70.07686272,68.543993157,9310367.0
2023-09-12,69.181864685,69.532941262,70.897689647,69.018688247,11062110.0
2023-09-13,70.26476286,70.066973239,71.065810825,69.587333408,14525471.0
2023-09-14,70.877910685,70.996584457,71.431721624,70.492220924,11170290.0
2023-09-15,70.502110405,69.107693577,70.836374864,68.870346032,16416127.0
2023-09-18,69.869183618,69.720841402,70.264861755,69.137460915,12735677.0
2023-09-19,69.839515175,69.928520504,70.274652341,69.196698906,10400203.0
2023-09-20,70.165868049,68.909903956,71.506090521,68.880235513,15529661.0
2023-09-21,68.237419245,67.149576329,68.524214195,67.080349962,14978568.0
2023-09-22,67.831950521,68.118745472,68.979130323,67.040792037,15489768.0
2023-09-25,67.53526609,67.82206104,68.420374644,66.862781379,14899963.0
2023-09-26,67.218802696,67.189134253,68.281921909,66.843002416,12752503.0
2023-09-27,67.367144912,67.456150242,68.089077029,66.012286008,20852300.0
2023-09-28,65.240906486,64.479416446,66.348429469,63.124557542,46749773.0
2023-09-29,65.626596247,67.278139583,67.970403256,65.626596247,24315500.0
2023-10-02,67.485818685,67.208913215,68.514324714,66.318859921,14880490.0
2023-10-03,66.427644212,67.080349962,68.880235513,66.368307326,12481501.0
2023-10-04,67.555045052,67.357255431,67.742945192,66.378196807,12912847.0
2023-10-05,67.851729484,68.28686665,68.771451221,67.584713495,14045022.0
2023-10-06,68.063982121,69.302229503,69.663797739,67.360756667,15113360.0
2023-10-09,68.955520236,68.826742508,69.292323524,67.930251403,8588667.0
2023-10-10,68.836648487,68.420597367,69.450819189,68.242289744,9007592.0
2023-10-11,69.064486006,69.54987898,69.609314854,68.28191366,11165347.0
2023-10-12,69.728186603,69.094203943,70.055083912,68.643481896,11408726.0
2023-10-13,69.213075692,68.559281074,69.401289294,68.440409325,10288566.0
2023-10-16,68.361161493,68.430503346,69.371571357,67.499341314,11294107.0
2023-10-17,67.429999461,68.351255514,68.975332194,66.984230403,11843014.0
2023-10-18,67.370563587,68.48993922,68.896084362,67.340845649,11200982.0
2023-10-19,69.02486209,66.895076592,69.12392188,66.548367325,18111022.0
2023-10-20,66.924794529,66.587991241,67.875768519,66.503790419,11506070.0
2023-10-23,66.191752078,66.251187953,67.519153272,65.607299314,9489552.0
2023-10-24,66.657333094,67.429999461,67.707366875,66.498837429,8450723.0
2023-10-25,67.841097592,65.874760749,68.549375095,65.280203885,11924264.0
2023-10-26,65.825230853,63.923282874,66.80592278,63.274441245,16697863.0
2023-10-27,64.309616057,65.032752528,65.64692323,64.269992141,9980252.0
2023-10-30,65.731124052,65.448803649,66.91488855,64.557265534,10667691.0
2023-10-31,65.458709628,66.241281974,66.439401555,64.646419345,8268405.0
2023-11-01,66.370059702,68.747494676,69.005050131,66.370059702,16777513.0
2023-11-02,69.658844749,69.777716498,70.357216273,69.094203943,11925952.0
2023-11-03,70.629630697,71.897596017,72.50186074,70.481041011,14457882.0
2023-11-06,71.897596017,72.234399305,72.303741158,71.342960249,10069804.0
2023-11-07,71.798536226,72.115527556,72.442424865,71.035775839,8248379.0
2023-11-08,71.937219933,71.600416645,72.095715598,71.040728828,9917555.0
2023-11-09,72.858475986,72.878287944,75.384500646,72.803993101,22435873.0
2023-11-10,73.740108122,74.651458196,75.092274264,72.873334954,12309408.0
2023-11-13,73.452834729,74.07691141,74.495439025,72.699980321,9116000.0
2023-11-14,75.285440856,76.444440406,76.721807819,75.196287044,12972719.0
2023-11-15,76.771337715,76.414722468,76.771337715,75.592526206,9954004.0
2023-11-16,76.167072992,75.949141453,76.751525756,75.76092785,12988965.0
2023-11-17,75.879799599,76.830773589,77.207200793,75.751021871,9378253.0
2023-11-20,76.61284205,77.880807369,78.163127772,76.404816489,11426586.0
2023-11-21,77.118046982,75.988765369,77.197294814,75.587573217,12016735.0
2023-11-22,76.474158343,76.375098552,77.712405725,76.127449076,8580370.0
2023-11-24,75.959047432,76.147261034,76.28148705,75.651962081,4349574.0
2023-11-27,76.147261034,76.781243694,77.553811,75.939235473,11005568.0
2023-11-28,74.374090782,75.404312604,75.523184353,73.289386075,19225731.0
2023-11-29,76.721807819,75.968953411,78.277046532,75.65691507,14062876.0
2023-11-30,76.097731138,75.404312604,76.276038762,74.265125012,21701563.0
2023-12-01,75.295346835,75.216099002,75.820363725,74.383996761,14354668.0
2023-12-04,74.71089407,73.591518436,74.889201693,72.640544446,11659334.0
2023-12-05,72.779228153,72.997159693,73.274527106,72.353271054,8800502.0
2023-12-06,74.592022321,72.442424865,74.691082112,72.244305284,8883918.0
2023-12-07,73.324057002,72.957535776,73.507317614,72.303741158,10641263.0
2023-12-08,72.789134132,74.255219033,74.641552217,72.739604237,12007067.0
2023-12-11,76.464252364,77.058611107,77.7718416,76.241367835,18547625.0
2023-12-12,76.692089882,77.425132332,77.524192123,76.373612655,10262094.0
2023-12-13,77.563816039,79.039806919,79.510340925,77.296354605,11629880.0
2023-12-14,80.050216783,81.417241894,81.625267454,80.030404825,17342785.0
2023-12-15,82.110660428,80.644575527,82.209720218,80.347396155,19547762.0
2023-12-18,80.82288315,80.793165213,81.090344585,80.050216783,12416649.0
2023-12-19,80.902130983,81.397429936,81.496489726,80.40683203,14316381.0
2023-12-20,80.694105422,77.950149223,80.852601087,77.890713348,29084993.0
2023-12-21,84.20082201,84.676309004,85.211231874,82.328591967,53969655.0
2023-12-22,85.340009601,85.676812889,86.667410795,84.814992711,22531844.0
2023-12-26,85.87988546,86.241453696,87.043838,85.617377015,11203897.0
2023-12-27,86.657504816,85.845214533,86.667410795,85.409351455,9186288.0
2023-12-28,85.934368345,85.191419916,85.934368345,85.032924251,9606174.0
2023-12-29,85.146783457,84.650821298,85.448427642,84.343324759,8549232.0
2024-01-02,83.321642712,81.675048344,83.400996657,81.089812996,13597088.0
2024-01-03,80.544254621,81.595694398,81.921343152,79.934221166,12915620.0
2024-01-04,82.795922823,82.042060341,83.579543034,81.942867909,19134159.0
2024-01-05,80.82199343,82.776084337,82.855438282,80.355789001,15483746.0
2024-01-08,83.212531037,84.263970814,84.819448432,83.153015577,16219817.0
2024-01-09,82.458668555,82.657053418,83.510108332,82.230525962,12138742.0
2024-01-10,82.285081799,81.714725316,82.34955688,81.000539807,10748625.0
2024-01-11,82.13133353,82.716568878,82.776084337,81.159247698,10579319.0
2024-01-12,82.081737314,81.72464456,82.374354988,81.050136023,10187534.0
2024-01-16,81.873433207,83.926716545,84.526830758,81.6651291,13713528.0
2024-01-17,83.014146173,82.607457203,83.291884982,81.957746774,10245444.0
2024-01-18,84.531790379,84.135020652,85.12694497,83.361319684,15077686.0
2024-01-19,85.365006807,86.803297068,87.076076255,84.928560107,18156761.0
2024-01-22,87.557159549,88.519326138,89.223592404,87.299259227,14371228.0
2024-01-23,88.281264302,86.823135554,88.459810679,86.178384747,16850887.0
2024-01-24,87.696028954,87.368693929,87.854736845,85.910565181,19752769.0
2024-01-25,88.430052949,88.479649165,89.317428444,87.780342521,15892371.0
2024-01-26,86.535477502,87.338936199,87.785302143,85.5931494,14934528.0
2024-01-29,87.785302143,88.350699004,88.846661163,87.304218848,12108100.0
2024-01-30,87.368693929,85.464199238,88.072960195,85.067429511,12980385.0
2024-01-31,84.270914284,85.057510268,86.21806172,84.101592803,11396688.0
2024-02-01,85.37492605,84.918640863,85.493956968,83.931676167,10459042.0
2024-02-02,84.383001732,85.78161502,85.910565181,84.255043495,10450043.0
2024-02-05,86.039515343,86.277577179,86.515639015,84.918640863,8409312.0
2024-02-06,86.128788531,83.916797302,86.485881286,83.043903902,12990328.0
2024-02-07,83.460512116,84.482194164,84.591305839,81.803998505,16374835.0
2024-02-08,84.819448432,84.194536111,85.339811929,83.8473626,12524471.0
2024-02-09,84.373082489,84.869044648,84.928560107,83.281965739,12161514.0
2024-02-12,84.839286918,85.007914052,86.203182855,84.700417514,10365996.0
2024-02-13,81.803998505,80.871589646,82.875276768,80.112767543,21207909.0
2024-02-14,81.516340453,81.169166941,82.503305149,80.831912673,12870944.0
2024-02-15,81.575855912,80.970782078,82.042060341,80.85175116,11527608.0
2024-02-16,80.306192785,78.857983281,80.683619988,78.610002201,15553079.0
2024-02-20,78.694315768,80.058211705,80.117727164,78.510809769,12627192.0
2024-02-21,80.137565651,80.831912673,80.841831917,79.29442998,9943627.0
2024-02-22,84.31356703,85.216218159,85.612987886,83.202611793,17510923.0
2024-02-23,85.851049722,85.305491348,86.118770096,84.363163245,10232768.0
2024-02-26,88.955772838,88.737549488,91.604210767,88.18207187,28920115.0
2024-02-27,91.147925581,91.108248608,91.996020872,89.759231535,21422677.0
2024-02-28,89.729473806,88.985530567,90.056808831,88.578841597,14190651.0
2024-02-29,89.912979805,89.878262453,90.096485803,88.102817117,17027005.0
2024-03-01,91.17768331,94.381598857,95.283258062,91.17768331,23446165.0
2024-03-04,96.147224143,94.996591934,96.593590086,93.853597543,20913228.0
2024-03-05,93.488866971,93.707090321,94.594862586,92.521740761,12887534.0
2024-03-06,94.282406425,94.788287828,95.651261984,93.794082084,14232423.0
2024-03-07,98.131072779,98.180668995,98.884935261,96.682863275,24843323.0
2024-03-08,99.073400881,96.831651923,101.027491788,96.534074627,22379002.0
2024-03-11,95.125542096,93.746767294,95.681019714,92.76972184,15673308.0
2024-03-12,94.560145234,96.633267059,96.712621005,92.883793137,14993731.0
2024-03-13,94.550225991,93.399593782,94.570064478,92.348154005,16732631.0
2024-03-14,92.546538869,90.691640394,92.695327517,89.570765915,16718903.0
2024-03-15,91.733160928,92.496942653,93.935232914,91.276875742,29579528.0
2024-03-18,96.038112468,93.022662542,96.296012791,92.933389353,23140267.0
2024-03-19,91.83235336,93.240885892,93.399593782,90.265112938,21054656.0
2024-03-20,94.222890966,95.472715607,95.899243064,92.834196921,39807351.0
2024-03-21,112.44950031,108.962886332,112.583410093,107.90311439,89554124.0
2024-03-22,108.4272472,109.319979086,110.440853566,106.190259478,37281438.0
2024-03-25,109.349736816,116.184095367,120.429531448,109.27038287,55766124.0
2024-03-26,118.038993842,117.840608978,121.470952789,117.215696658,44295145.0
2024-03-27,118.336571137,118.286974921,119.142013683,116.134499151,29320731.0
2024-03-28,118.589803864,117.050837052,118.778451408,116.514680872,21047778.0
2024-04-01,118.346547819,123.41520948,126.473186179,118.152935866,44309399.0
2024-04-02,121.836527395,121.876242668,122.799622755,120.059268948,25026423.0
2024-04-03,121.33015767,127.09880101,127.366879099,120.466350492,40130137.0
2024-04-04,129.253354546,123.206704299,129.613869933,122.769836301,36009860.0
2024-04-05,123.514497661,122.700334574,124.795315201,120.337375144,23326521.0
2024-04-08,128.136362505,122.074819031,128.776771275,121.737239214,27955768.0
2024-04-09,124.00100975,121.75709685,125.242112017,120.406777583,19243787.0
2024-04-10,119.14581768,121.33015767,123.593928206,119.076315953,22242282.0
2024-04-11,122.02517494,126.602360103,126.652004193,121.211011853,21745300.0
2024-04-12,124.358447203,121.647879851,125.093179745,120.962791399,24808212.0
2024-04-15,122.749978664,120.506065765,123.89179275,119.751475586,17732610.0
2024-04-16,118.679163227,120.90321849,121.677567017,117.517491505,17452449.0
2024-04-17,121.151438944,115.501941422,123.534355297,115.372866786,25546487.0
2024-04-18,115.174290424,111.133261441,116.777794553,110.686464624,32146904.0
2024-04-19,108.879419723,106.00999128,110.090735536,104.967465376,33787517.0
2024-04-22,106.834083186,108.343263543,109.445362357,105.870987826,19820866.0
2024-04-23,108.929063813,111.659488802,112.086427982,108.134758362,17887455.0
2024-04-24,111.917638074,110.984329168,113.138882705,108.452480543,20505925.0
2024-04-25,108.594264066,110.785752806,112.254721449,107.300737638,18342804.0
2024-04-26,111.202763168,114.022547519,114.240981518,110.805610442,20630671.0
2024-04-29,112.999879251,113.545964249,113.933188156,111.311980167,14419102.0
2024-04-30,113.367245522,112.155929709,115.452297331,112.126143255,14845577.0
2024-05-01,109.733298083,108.919134995,112.920448706,107.975897272,16686150.0
2024-05-02,110.944613896,111.530414166,111.609844711,108.651056906,15439203.0
2024-05-03,114.211195064,113.883544065,114.65799188,112.642441798,15564363.0
2024-05-06,118.92738368,119.274892315,120.505966476,117.179911688,22538716.0
2024-05-07,119.294749952,118.361441046,120.545781037,118.331654592,12508334.0
2024-05-08,117.459904359,118.470658046,119.612472132,117.378488051,10867910.0
2024-05-09,118.465693637,116.971406507,118.778451408,116.604040236,11524824.0
2024-05-10,119.185532952,120.376991129,120.982649035,118.331654592,13922427.0
2024-05-13,122.054961395,122.124463122,123.226561935,120.784072673,16643246.0
2024-05-14,122.114534303,123.921579205,124.149942022,120.806908954,13887747.0
2024-05-15,125.331471381,126.900224647,127.039228101,124.549080511,14265109.0
2024-05-16,127.019370465,126.979655192,129.203710455,126.145634468,15874694.0
2024-05-17,127.446309645,124.398162476,128.11154046,123.971223296,13774737.0
2024-05-20,126.220100604,128.081754006,130.08737527,125.738552924,19123181.0
2024-05-21,123.315921298,126.592431285,127.903035279,122.402470029,15717818.0
2024-05-22,126.880367011,125.381115471,126.959797556,124.348518385,11190126.0
2024-05-23,130.83203663,125.371186653,131.010755357,123.772646933,20747381.0
2024-05-24,126.910153465,128.568266094,129.471788545,125.698837652,14048894.0
2024-05-28,130.817143403,131.725630263,132.351145806,128.349832095,14142956.0
2024-05-29,129.07463582,130.643389086,132.152569443,128.975347638,11242475.0
2024-05-30,129.372500364,125.39104429,130.732748449,124.805244019,12666205.0
2024-05-31,125.450617198,124.11022675,126.413712558,120.148628312,24153782.0
2024-06-03,127.217946827,127.2576621,127.922892915,124.254194613,16134335.0
2024-06-04,126.443499012,125.738552924,126.949868738,124.527237111,12995515.0
2024-06-05,127.883177643,132.758227349,132.91708844,126.741363557,22301829.0
2024-06-06,132.887301985,129.144137546,133.175237711,128.260472732,15505001.0
2024-06-07,129.283141,130.007944725,131.596555627,128.69734073,12139476.0
2024-06-10,128.786700093,133.860326163,134.699311296,128.786700093,14668151.0
2024-06-11,134.361731479,134.108546616,134.882994431,130.841965448,14124955.0
2024-06-12,137.524060057,139.74811532,140.701281861,135.856018609,16973557.0
2024-06-13,141.773594221,142.121102855,143.193415215,139.261702519,16312938.0
2024-06-14,140.790641225,140.353773227,141.474637506,138.656044613,14028467.0
2024-06-17,144.543734482,146.777718563,147.691169832,141.128221041,23908993.0
2024-06-18,150.659886456,152.357714358,156.413636568,150.431523639,42192569.0
2024-06-20,155.892373616,143.16362876,156.289526341,141.892740038,41284979.0
2024-06-21,136.670181697,138.546728325,141.584946676,134.734062159,51189670.0
2024-06-24,141.426085586,138.020500964,141.813309493,136.908473332,32410058.0
2024-06-25,139.072955686,140.115481591,140.125410409,136.769469878,32370046.0
2024-06-26,142.021814674,141.346655041,143.044482942,138.546728325,55490293.0
2024-06-27,134.823421523,131.288762265,136.412032425,130.146948179,68172714.0
2024-06-28,131.874562535,130.593744995,134.456055251,129.81929718,38140587.0
2024-07-01,129.571076727,130.583816177,131.143205791,126.362976297,24748994.0
2024-07-02,128.985276456,131.646199718,131.765345535,128.498764367,20776035.0
2024-07-03,131.715701445,135.846089791,135.846089791,131.487338628,14507146.0
2024-07-05,135.846089791,130.663246722,136.153883153,129.97815827,30104619.0
2024-07-08,130.474434347,129.873215467,132.437091019,129.276965339,20500745.0
2024-07-09,130.926590694,130.320403063,134.364966434,130.062028008,21903375.0
2024-07-10,132.273122234,135.537591687,135.646904211,131.870653397,22460199.0
2024-07-11,135.507779181,129.416090369,135.577341696,129.257090334,25401541.0
2024-07-12,130.926590694,132.715341079,133.589841268,129.903027974,20726899.0
2024-07-15,133.073091156,130.052090506,134.504091464,129.217340326,20416018.0
2024-07-16,129.604902909,126.693214782,130.151465527,126.444777229,21312635.0
2024-07-17,121.813901232,118.753150573,122.261088828,118.484838015,31414074.0
2024-07-18,119.746900787,116.715962634,120.87977603,113.376961915,30404911.0
2024-07-19,115.960712471,113.545899451,116.479847583,113.138461863,18038924.0
2024-07-22,114.639024687,114.559524669,114.857649734,112.929774318,23837761.0
2024-07-23,114.410462137,113.535961949,115.607931145,113.118586859,14707710.0
2024-07-24,110.773336354,109.590773599,113.327274404,109.31252354,25261038.0
2024-07-25,106.132522855,106.778460494,110.008148689,104.383522478,29068384.0
2024-07-26,109.31252354,108.726210913,109.938586174,107.106398064,18547885.0
2024-07-29,109.849148655,107.175960579,110.335986885,106.470397927,13517675.0
2024-07-30,108.318773326,101.919021947,108.567210879,101.531459364,23915140.0
2024-07-31,109.163461007,109.133648501,110.644049451,107.076585558,26503554.0
2024-08-01,106.510147936,100.875584223,107.185898082,99.325333889,31643707.0
2024-08-02,96.552770792,92.120644837,97.079458405,90.500831988,36039440.0
2024-08-05,87.082331252,89.854894349,91.673457241,84.37933067,36977615.0
2024-08-06,88.642519088,88.443769046,90.292144444,86.60533115,26460039.0
2024-08-07,92.796394983,86.257518575,92.995145026,86.038893528,29483752.0
2024-08-08,87.927018934,91.494582202,92.269707369,87.479831338,24760739.0
2024-08-09,91.216332143,92.498269919,93.939207729,90.87845707,21627209.0
2024-08-12,92.518144923,94.048520252,95.926708157,92.051181697,18886624.0
2024-08-13,96.011176925,96.831020852,97.168895924,94.31683281,23565495.0
2024-08-14,100.368771614,99.782458987,101.312834317,97.452313485,22458958.0
2024-08-15,102.863084651,106.281585387,107.373021247,102.107834488,29127952.0
2024-08-16,106.162335361,107.315085609,108.785835926,104.691585044,18383278.0
2024-08-19,106.5747417,107.951085746,108.040523266,104.105272418,15744648.0
2024-08-20,107.652960682,107.315085609,108.507585866,105.496522718,16075515.0
2024-08-21,107.484023146,107.652960682,107.722523197,105.546210228,13658899.0
2024-08-22,108.269085815,103.608397311,110.306273754,103.310272247,17967028.0
2024-08-23,102.39602205,102.207209509,103.757459843,99.683083966,25465076.0
2024-08-26,100.040834043,98.291833666,101.551334368,96.999958388,26752251.0
2024-08-27,96.483208277,97.248395942,97.874458576,96.063845686,17234616.0
2024-08-28,96.751520835,94.2671453,97.074191529,92.120644837,25564297.0
2024-08-29,95.956520663,94.972707951,97.367645967,94.396332827,18984288.0
2024-08-30,96.31427074,95.638520595,97.797840435,94.396332827,18819367.0
2024-09-03,93.044832536,88.026393956,93.293170715,87.758081398,28897236.0
2024-09-04,87.807768909,88.731956608,90.162956916,87.261206291,16356537.0
2024-09-05,87.549393853,88.831331629,90.133144409,87.21151878,13890660.0
2024-09-06,88.811456625,85.840143485,89.089706685,84.727143245,23587097.0
2024-09-09,87.300956299,85.730830961,87.410268823,84.478705692,20526393.0
2024-09-10,86.426456111,86.307206085,86.645081158,84.339580662,17019016.0
2024-09-11,87.648768874,90.083456899,90.262331937,85.542018421,20879599.0
2024-09-12,86.555643639,86.664956162,87.479831338,83.594268001,30982533.0
2024-09-13,87.539456351,90.649894521,90.898332074,87.320831304,21267222.0
2024-09-16,86.694768669,86.635143656,87.688518883,85.383018386,26494332.0
2024-09-17,87.509643844,88.175456488,89.010206667,86.992993108,17744764.0
2024-09-18,87.440081329,86.804081192,88.642519088,86.168081055,20130596.0
2024-09-19,88.79158162,88.692206599,89.825081843,87.032643742,25208917.0
2024-09-20,87.847518917,90.331894452,90.401456967,87.777956402,28711000.0
2024-09-23,92.095801082,92.985207523,94.207520287,92.001394812,23394101.0
2024-09-24,94.137957772,93.412520116,94.40627033,92.18026985,23043237.0
2024-09-25,93.57152015,95.171457994,95.573926831,93.342957601,54762883.0
2024-09-26,112.393149203,109.193273514,114.082524567,106.857960511,107965892.0
2024-09-27,109.809398647,106.828148005,110.276461247,106.361085404,42960180.0
2024-09-30,105.417022701,103.061834693,106.081145969,101.620896883,39627713.0
2024-10-01,102.753772127,99.683083966,103.548772298,98.321646173,34309766.0
2024-10-02,99.961334026,99.225958867,101.481771853,98.709208756,26334893.0
2024-10-03,98.848333786,101.183646789,101.889209441,98.778771271,22176651.0
2024-10-04,103.002209681,101.610959381,103.588422932,100.766271699,21945805.0
2024-10-07,101.635831138,102.381982991,104.056546724,100.292757801,21749278.0
2024-10-08,101.65572852,102.01388141,102.411829065,100.740448913,18858267.0
2024-10-09,101.72536936,101.178191334,101.765164126,99.807261662,18442718.0
2024-10-10,100.849884519,105.147719195,106.033152728,100.327578221,27605588.0
2024-10-11,104.501054255,106.371408234,107.097662705,104.452803102,19133928.0
2024-10-14,107.251867422,107.78412241,108.152223991,106.252023938,15021917.0
2024-10-15,107.306585224,103.784748476,108.928221919,102.183009163,23419132.0
2024-10-16,105.47602601,108.679504635,109.067503598,105.068129664,20450884.0
2024-10-17,110.768729824,111.475086912,113.554363411,110.440423009,26584811.0
2024-10-18,111.176626171,110.579704688,112.32072568,109.2963235,16700370.0
2024-10-21,110.529961231,108.520325573,110.569755997,107.137457471,14829420.0
2024-10-22,107.684635497,107.266790459,107.95822451,105.824230209,13758061.0
2024-10-23,106.017234821,104.511002946,106.550484679,103.008750548,15174706.0
2024-10-24,106.227152209,106.301767395,106.978278409,105.00346317,13206263.0
2024-10-25,107.78412241,107.356328681,109.316220883,107.167303545,12264950.0
2024-10-28,106.232126555,105.844127591,107.624943348,105.774486752,12381045.0
2024-10-29,106.038127073,107.624943348,108.192018757,105.061861988,15164581.0
2024-10-30,105.714794603,103.545979883,106.252023938,103.108237462,14321780.0
2024-10-31,101.675625903,99.138709601,101.964137953,98.56238191,19830324.0
2024-11-01,99.4869138,99.218299132,100.093783974,98.860146243,13623350.0
2024-11-04,100.979217507,101.208037408,103.254184764,100.482877294,15765848.0
2024-11-05,101.476652076,104.948745367,105.078078355,101.267729557,12071905.0
2024-11-06,107.823917176,111.256215702,111.74370158,106.450997766,20304531.0
2024-11-07,111.981077356,112.82810894,113.275800052,110.798575899,13569838.0
2024-11-08,111.564625135,111.325856542,113.713542473,109.997706242,13045721.0
2024-11-11,110.375756515,108.092531843,110.937857578,106.222177864,14479681.0
2024-11-12,104.46125949,103.565877265,104.550797712,101.546292915,21859729.0
2024-11-13,102.272547386,99.407324268,102.809975694,99.307837355,18416175.0
2024-11-14,100.770294988,98.671121106,101.765164126,98.054302241,18459749.0
2024-11-15,97.049484411,95.845692754,97.696149351,95.146697698,18518298.0
2024-11-18,96.049640928,97.009689646,97.566816363,95.039848753,14251177.0
2024-11-19,96.502306386,97.228560856,97.676251968,96.014820508,14160307.0
2024-11-20,97.472303795,97.865277105,98.024456167,96.034717891,10490585.0
2024-11-21,99.581426368,102.23275262,102.756451735,97.55885741,18915150.0
2024-11-22,101.834804965,102.113368324,103.177878301,101.128447877,12063730.0
2024-11-25,103.317159981,103.943927538,105.854076283,103.277365215,22837895.0
2024-11-26,103.466390352,101.277678248,104.182696131,99.795323232,19275679.0
2024-11-27,100.422090789,97.696149351,100.521577703,96.13917915,17046441.0
2024-11-29,96.741074979,97.447432067,97.696149351,95.606924161,13729436.0
2024-12-02,97.099227868,98.044353549,99.576452022,97.029587029,16525553.0
2024-12-03,100.601167234,99.327734737,103.148032227,99.118812218,23479706.0
2024-12-04,100.252963036,102.670495041,102.87941756,99.287939972,16306240.0
2024-12-05,103.342031709,100.35244995,103.714908662,100.093783974,13448928.0
2024-12-06,100.362398641,100.650910691,101.665677212,99.516759874,12381020.0
2024-12-09,100.133578739,102.292444769,103.963824921,99.855015381,14141937.0
2024-12-10,104.421464724,97.596662437,104.46125949,96.77102054,23548508.0
2024-12-11,98.989479231,101.531369878,102.133265707,97.795636265,15248381.0
2024-12-12,100.879730593,97.735944117,101.456754693,97.25840693,19334854.0
2024-12-13,100.24798869,101.974086645,102.670495041,99.153732125,23926017.0
2024-12-16,105.068129664,107.704532879,110.559807305,104.003619686,42741152.0
2024-12-17,109.186887895,108.042788386,109.923091057,107.127508779,35811475.0
2024-12-18,109.684322464,103.366903438,111.465138221,102.202906546,63024283.0
2024-12-19,89.612837605,86.643153228,90.533091558,84.175877766,91396777.0
2024-12-20,84.96809206,89.657606716,89.786939704,83.111367788,49578449.0
2024-12-23,89.53822242,89.259659061,90.632578471,87.946431799,26041473.0
2024-12-24,89.120377382,88.82191664,89.239761678,87.777304045,13021257.0
2024-12-26,88.045918713,89.359145975,90.164989976,87.647971057,14506092.0
2024-12-27,88.543353282,88.1752517,89.030839159,87.130639106,19422607.0
2024-12-30,86.65112443,84.982553603,86.71587494,84.255355571,22022912.0
2024-12-31,85.112054622,83.836967662,86.068369843,83.767236343,18691546.0
2025-01-02,84.653820246,86.994800213,87.313571953,84.414741441,18859957.0
2025-01-03,87.612420459,89.5250509,89.848803449,87.174109316,17484588.0
2025-01-06,95.198191713,98.87900915,101.130334565,95.11351797,42903278.0
2025-01-07,103.013080156,101.518837624,106.33019896,100.771716358,53570014.0
2025-01-08,102.42534476,99.028433404,103.077830665,97.92269393,33516888.0
2025-01-10,97.738404018,98.958702085,100.393174916,96.498182716,20512560.0
2025-01-13,95.472136177,94.695130061,95.631522048,92.523497581,22699139.0
2025-01-14,96.67749182,96.986301943,97.036110028,95.013901801,18613447.0
2025-01-15,99.058318254,102.793924584,103.530984617,98.968663702,27568126.0
2025-01-16,103.919587292,102.206189188,104.397744902,101.478991156,16243839.0
2025-01-17,104.238359032,105.344098506,105.473599525,102.10657302,18908887.0
2025-01-21,105.020345957,108.960165433,109.816864485,104.826094428,23533649.0
2025-01-22,108.74599067,108.81074118,110.24521401,107.346383498,20004316.0
2025-01-23,104.387783285,104.437591369,105.772448031,102.95341007,22677612.0
2025-01-24,105.095058084,102.793924584,105.314213655,102.325728591,19743841.0
2025-01-27,94.495897723,90.760291393,95.731138216,88.020846751,50696163.0
2025-01-28,92.249553117,87.911268966,93.091309743,87.702075011,34793604.0
2025-01-29,89.535012517,88.668351848,90.102824679,87.423149738,25342802.0
2025-01-30,90.312018634,92.14495614,92.802422854,89.953400426,22497086.0
2025-01-31,91.298218705,90.889792413,93.908162327,90.790176244,20540227.0
2025-02-03,88.309733641,89.574858984,91.049178283,87.681454464,18607873.0
2025-02-04,88.708198316,90.312018634,91.098986367,88.45925751,12827497.0
2025-02-05,90.038074169,93.240733996,93.290542081,89.873707491,15684526.0
2025-02-06,94.515820957,94.177125983,96.237985283,93.220810763,16141135.0
2025-02-07,95.223095755,91.945723802,95.561790729,91.238449003,15602828.0
2025-02-10,92.827326896,95.561790729,95.890524086,92.81238447,16217948.0
2025-02-11,93.883258285,93.718891607,95.472136177,93.200887529,12124047.0
2025-02-12,89.256087244,91.328103555,92.284418776,87.014723446,22874727.0
2025-02-13,91.706644997,95.292827074,95.696272557,91.666798529,16579876.0
2025-02-14,98.032271716,99.138011189,100.311788506,97.623845424,21284541.0
2025-02-18,102.241054847,106.380106661,107.465922901,101.653319451,29641935.0
2025-02-19,105.349079314,103.959433759,106.778571336,103.22227411,17875863.0
2025-02-20,103.580892318,102.783962967,104.447552986,101.947187149,14487950.0
2025-02-21,103.242197344,98.460621241,103.262120578,97.374805002,18650786.0
2025-02-24,99.830343562,95.043786652,100.313481981,94.914285632,14883722.0
2025-02-25,95.133441204,92.862192555,95.561790729,92.39897737,18608206.0
2025-02-26,95.631522048,97.334958534,99.337243527,95.133441204,21335231.0
2025-02-27,97.464459553,91.467566192,99.501610205,91.138832835,22386276.0
2025-02-28,90.650713608,93.270618847,94.097433048,89.5250509,23359055.0
2025-03-03,95.437270518,90.192479231,95.830754385,89.04689329,20281784.0
2025-03-04,89.853784257,90.849945945,93.230772379,86.466834518,23611503.0
2025-03-05,91.796299549,93.977893645,94.685168444,90.083001062,14010312.0
2025-03-06,90.576997643,88.927353887,92.931525408,88.688374698,18708085.0
2025-03-07,89.943438809,92.603190516,92.981731957,89.146509459,19133938.0
2025-03-10,89.246125627,86.745759791,91.019293432,85.430826362,21897870.0
2025-03-11,87.562612375,88.708198316,90.750329776,85.739935334,21962141.0
2025-03-12,92.115071289,95.27290384,96.617722119,91.885954101,23584745.0
2025-03-13,93.888239094,94.515820957,97.743384826,93.639198672,18824701.0
2025-03-14,98.37096669,100.403136533,102.385498292,98.37096669,24623572.0
2025-03-17,100.672100189,102.714231649,104.049088311,100.57248402,17095050.0
2025-03-18,101.508876007,101.329566903,102.913463987,99.905055689,18434126.0
2025-03-19,100.433021384,101.668261877,103.202350876,100.104288027,16633077.0
2025-03-20,101.190104267,102.604653864,104.288167116,100.960987078,29204411.0
2025-03-21,97.823077761,94.356435087,98.121926268,93.340350165,63239562.0
2025-03-24,95.731138216,96.567914034,98.041037938,94.964093717,35406647.0
2025-03-25,95.810831151,93.818507775,96.010063489,92.892077406,22191735.0
2025-03-26,95.631522048,91.776376315,96.269065528,90.620828757,27224340.0
2025-03-27,90.740368159,90.810099478,91.851088442,89.266048861,15658675.0
2025-03-28,90.122747913,88.100539686,90.541135822,87.263763868,17117992.0
2025-03-31,85.7814482,86.669186443,86.868678183,83.886376415,21089544.0
2025-04-01,88.300031417,88.484561277,88.664103843,86.025825581,15337056.0
2025-04-02,86.908576531,88.37484082,89.696473597,86.47966929,14520365.0
2025-04-03,82.70428811,74.151079758,83.137783661,74.021410127,44839501.0
2025-04-04,70.470457155,64.555527064,71.158703658,63.698011819,50737722.0
2025-04-07,63.772521984,68.196251319,72.275857402,61.383608398,50181767.0
2025-04-08,71.41804292,65.373443198,72.784561339,63.358576624,40822110.0
2025-04-09,66.03176594,77.672108969,78.360355472,63.53811919,63132622.0
2025-04-10,72.31575575,69.871981935,72.864358035,67.32846225,44882314.0
2025-04-11,68.864548648,69.373252585,69.986689685,66.655177627,30807779.0
2025-04-14,74.480241129,70.839516874,74.589961586,69.792185239,32634734.0
2025-04-15,70.939262744,70.859466048,72.61499336,70.370711285,19132748.0
2025-04-16,67.752382197,69.153811671,70.271464144,66.999300879,28475005.0
2025-04-17,70.256003534,68.62515856,70.300889176,66.8297329,20694057.0
2025-04-21,67.587801512,66.570393637,67.8271916,65.478176361,19826149.0
2025-04-22,67.368360598,70.031575327,70.22109248,67.268614728,20351236.0
2025-04-23,73.507718896,72.744662991,75.20838598,72.31575575,26385505.0
2025-04-24,74.380495259,77.223252554,77.392820533,73.41296032,23875592.0
2025-04-25,77.352922185,79.577255086,80.09593361,76.70457403,19746209.0
2025-04-28,78.564834505,78.360355472,79.407687107,76.724523204,16882413.0
2025-04-29,77.741931078,76.684624856,77.991295753,76.280654082,17098049.0
2025-04-30,73.432909494,76.754446965,76.948951411,73.31321445,19779295.0
2025-05-01,79.19822078,77.572363099,79.686975543,77.442693468,15349220.0
2025-05-02,79.382750639,80.514866264,81.462452029,78.89898317,18899715.0
2025-05-05,79.208195367,80.215628654,80.943773505,78.849110235,12513586.0
2025-05-06,78.839135648,80.305399937,81.00860832,78.340406298,13173791.0
2025-05-07,80.784180113,82.410037794,82.659402469,79.99618774,14919560.0
2025-05-08,84.035895475,84.933608305,85.990914527,83.148157232,17580500.0
2025-05-09,85.352540959,85.641803982,86.050762049,84.464802716,13017572.0
2025-05-12,92.574141947,92.055463423,93.96060954,91.716327465,27765334.0
2025-05-13,92.309815391,96.683671791,97.162451967,92.309815391,28009085.0
2025-05-14,96.05527281,95.077763284,97.401842055,94.080304584,28044449.0
2025-05-15,93.771092387,95.207432915,95.367026307,91.935768379,24196105.0
2025-05-16,95.65628933,97.7509526,97.940469753,95.45679759,22609277.0
2025-05-19,95.466772177,98.399300755,98.768360474,95.45679759,14380066.0
2025-05-20,97.671155904,97.85069847,98.379351581,96.723570139,12331253.0
2025-05-21,96.913087292,95.596441808,98.568868734,95.017915762,15764282.0
2025-05-22,95.167534567,94.589008521,96.972934814,94.130177519,13245249.0
2025-05-23,92.025539662,93.132718819,93.601524408,90.698919591,16544976.0
2025-05-27,94.938119066,96.135069506,96.45425629,93.950634953,17612618.0
2025-05-28,96.45425629,95.935577766,96.962960227,95.35705172,10500295.0
2025-05-29,98.339453233,96.55400216,99.376810281,95.865755657,14640052.0
2025-05-30,95.795933548,94.219948802,96.364385261,91.985641314,23758198.0
2025-06-02,94.339643846,97.930495166,98.987801388,94.16010128,16850336.0
2025-06-03,98.105050438,101.990152075,102.668423991,96.713595552,22757621.0
2025-06-04,102.119821706,102.987610775,103.645933517,101.44154979,14595879.0
2025-06-05,106.02985981,106.019885223,108.752922061,105.261816611,28863453.0
2025-06-06,107.805336296,108.284116472,110.767788635,107.765537693,20710120.0
2025-06-09,109.231702237,110.668042765,112.244027511,108.304065646,20159672.0
2025-06-10,111.246568811,113.849936018,114.631045925,110.947331201,22949441.0
2025-06-11,115.30622572,115.735132961,116.962007162,114.438436651,21614059.0
2025-06-12,113.815024963,115.884751766,116.183989376,113.231511624,17076501.0
2025-06-13,113.51080006,115.30622572,116.80241377,113.371155842,17453016.0
2025-06-16,117.510609447,119.535450608,120.653302573,117.021854684,21374055.0
2025-06-17,119.29606052,120.034179958,123.196124037,119.046695845,20837736.0
2025-06-18,120.153875002,121.510418834,122.667470926,119.874586566,20180011.0
2025-06-20,122.458004599,123.28589532,123.844472192,120.074078306,29290388.0
2025-06-23,123.355717429,121.769758096,124.192685024,119.505526847,23399222.0
2025-06-24,124.792057957,127.584942317,127.77445947,124.642439152,26420607.0
2025-06-25,126.288246007,126.926619575,127.17598425,125.300761894,39406992.0
2025-06-26,129.200825411,125.6797962,129.520012195,123.475412473,62678063.0
2025-06-27,124.821981718,124.442947412,127.215882598,123.076428993,36888608.0
2025-06-30,124.577604336,122.936784775,124.762134196,121.540342595,22799675.0
2025-07-01,122.034084651,120.582782243,123.674804467,118.777381996,24825833.0
2025-07-02,120.19377335,121.430622138,122.6874201,117.759974122,29303779.0
2025-07-03,122.014135477,121.979224423,123.315819081,121.520393421,13247931.0
2025-07-07,120.985818865,119.727837913,121.310298079,118.720454754,19148367.0
2025-07-08,122.248791805,124.220627028,125.248976536,121.754585002,26238160.0
2025-07-09,124.614994072,122.044120301,125.947854843,121.085658623,20463955.0
2025-07-10,124.080851366,122.912726196,124.150739197,121.824472833,15378419.0
2025-07-11,121.929304579,124.330450761,124.610002084,121.04572272,15820592.0
2025-07-14,120.1871008,118.419937082,120.247004655,116.832484928,32117724.0
2025-07-15,120.746203446,119.917533453,121.195482357,118.931116643,24958888.0
2025-07-16,118.834272078,116.243430355,118.899167921,114.626325793,30614775.0
2025-07-17,113.747436403,113.078510024,114.01700375,110.772211611,34702434.0
2025-07-18,114.056939653,114.20669929,114.616042298,113.098477975,19349851.0
2025-07-21,113.402989237,113.048558096,115.734247589,112.489455451,22189833.0
2025-07-22,112.674159003,109.044983796,112.818926653,107.951738445,27917613.0
2025-07-23,109.264631264,109.654006321,110.11227081,108.701535028,17809995.0
2025-07-24,110.882035345,111.550961725,112.549359306,110.073333305,20293061.0
2025-07-25,110.812147515,111.081714862,111.321330281,108.65560874,16372323.0
2025-07-28,111.540977749,111.071730886,111.820529072,109.683958248,12932264.0
2025-07-29,111.865456963,111.780593168,113.358061346,110.492660289,16653250.0
2025-07-30,112.41956762,114.556138443,114.705898081,112.22987208,16378824.0
2025-07-31,112.010224612,108.96511199,112.090096418,106.768637312,29224343.0
2025-08-01,105.320960819,104.711938295,106.329342376,103.214341923,24003253.0
2025-08-04,105.845119549,107.597307304,107.707131038,105.291008892,14780563.0
2025-08-05,109.124855603,108.885240183,110.457716373,106.658813578,17835962.0
2025-08-06,107.727098989,108.605688861,108.780408437,106.578941771,13021881.0
2025-08-07,113.957099895,111.690737386,115.095273137,110.612467998,18986483.0
2025-08-08,111.99025666,118.699488405,119.1386835,111.49105787,28962204.0
2025-08-11,124.769745697,123.521748721,127.076044109,121.455065728,35065759.0
2025-08-12,124.50017835,127.545290972,128.344009037,122.84523452,25990637.0
2025-08-13,127.375563383,124.07086739,128.393928916,123.152341616,18438169.0
2025-08-14,123.002581979,125.089232923,125.538511834,121.205466333,12235946.0
2025-08-15,122.972630051,120.676315615,123.182293543,119.248607074,18986654.0
2025-08-18,121.155546454,123.352021132,123.481812818,120.466652123,12208770.0
2025-08-19,122.742998608,121.854424761,124.040915463,121.115610551,11491231.0
2025-08-20,118.509792864,117.022180469,118.719456356,113.27818954,25794993.0
2025-08-21,116.812516977,115.604455903,117.541347211,115.424744339,13174938.0
2025-08-22,117.461475404,117.491427332,120.506588026,116.323302162,17038258.0
2025-08-25,117.491427332,116.23344638,117.890786364,115.913959154,8674832.0
2025-08-26,115.903975178,116.313318186,118.170337687,115.624423855,12584324.0
2025-08-27,116.662757339,117.561315162,118.539744792,116.253414331,15349289.0
2025-08-28,118.689504429,121.804504882,122.3745899,118.539744792,17295541.0
2025-08-29,122.40354343,118.819296114,122.573171179,117.870818412,16774027.0
2025-09-02,115.674343734,118.290145396,118.365025215,114.066923629,13771931.0
2025-09-03,119.168735268,118.529760816,119.248607074,117.107044263,14101285.0
2025-09-04,118.659552501,124.010963536,124.210643052,118.3300813,18589051.0
2025-09-05,127.565258924,131.159490215,131.199426119,125.458640028,28416041.0
2025-09-08,130.340804199,131.249345998,132.046666306,128.1942494,19492587.0
2025-09-09,131.548865272,135.023288854,137.778866178,131.349185756,20704950.0
2025-09-10,139.795629291,139.77566134,142.007079933,138.118321355,25791266.0
2025-09-11,147.483290665,150.328723771,156.009606007,147.373466931,52446416.0
2025-09-12,153.303948562,156.97805166,158.02636912,152.964493385,32288339.0
2025-09-15,156.708484313,157.517186354,160.082968297,156.299141305,20101397.0
2025-09-16,157.726849846,158.565503814,159.304318024,156.913155817,16911615.0
2025-09-17,157.152771237,159.733628984,160.332667532,155.011208426,18843556.0
2025-09-18,162.728821727,168.619367455,170.176867681,162.33944667,28212796.0
2025-09-19,162.489206307,162.469238356,163.437684009,159.124606459,37309873.0
2025-09-22,164.111602376,164.356209784,166.991979398,161.331065113,25851216.0
2025-09-23,165.41451122,166.143341454,168.719207213,164.965232308,43316501.0
2025-09-24,164.815472671,161.450872823,165.733998446,158.046337072,57096440.0
2025-09-25,157.137795273,156.578692628,158.695295499,154.402185901,32209195.0
2025-09-26,158.26598454,157.017987563,158.665343572,154.931336619,24044953.0
2025-09-29,159.74361296,163.637363525,165.534318929,159.714260071,26506504.0
2025-09-30,163.84203503,167.051883252,168.679271309,163.69726738,20092460.0
2025-10-01,165.334639413,181.858119379,182.097734798,165.234799655,41674762.0
2025-10-02,184.658624593,183.455555508,185.88166163,180.919625653,25122189.0
2025-10-03,185.029016677,187.646456468,191.662428306,184.739300059,29399259.0
2025-10-06,194.819440323,190.773397898,200.803587021,189.244892982,36392256.0
2025-10-07,194.659596671,185.508547631,195.109057039,183.06094172,27828161.0
2025-10-08,188.80532294,196.347945239,196.757544595,188.615508604,26833890.0
2025-10-09,192.776438654,192.142059162,196.427867065,189.314824579,19721480.0
2025-10-10,192.77144354,181.422544293,193.250974494,179.434488879,26990253.0
2025-10-13,190.603564018,192.581629204,193.210514069,187.806300119,20928376.0
2025-10-14,186.777306614,186.877208896,192.271932129,186.068000411,15912423.0
2025-10-15,192.286917471,191.752440262,192.691521714,187.240353691,17793126.0
2025-10-16,199.764603287,202.332091937,206.138368885,195.009254659,42041348.0
2025-10-17,199.085267768,202.182238513,203.191251563,195.358912646,23283075.0
2025-10-20,209.450129536,206.567948698,214.540150809,205.299189715,23268429.0
2025-10-21,204.10036233,202.09232646,205.668828159,200.643843271,13717259.0
2025-10-22,202.052365547,198.276059283,205.375515059,192.21199076,21949776.0
2025-10-23,196.50778889,206.508007328,208.795769589,195.009254659,19397915.0
2025-10-24,212.182456952,218.805978255,219.605196512,209.774811953,25821756.0
2025-10-27,224.590320389,219.884922902,224.760154268,215.529183402,23873072.0
2025-10-28,218.716066201,221.693154208,222.6821868,217.347404936,14957513.0
2025-10-29,228.831172264,226.408541923,232.1729036,225.879059828,23217288.0
2025-10-30,225.879059828,223.791102132,227.177789495,220.524297507,14795071.0
2025-10-31,227.527447482,223.551336655,231.024027356,218.606173691,16319993.0
2025-11-03,233.646462261,234.470656088,237.387802726,231.573489907,21199296.0
2025-11-04,221.922929456,217.816945662,228.449145937,217.187561285,23696205.0
2025-11-05,225.4444849,237.267919987,239.645594301,224.505403449,28617387.0
2025-11-06,237.607587746,238.097108928,246.169213322,234.650480196,32016797.0
2025-11-07,233.801310798,237.687509572,242.312985233,226.178866576,30613835.0
2025-11-10,247.712703581,253.052480559,256.818796594,247.567845272,27870630.0
2025-11-11,248.097327367,240.874392371,249.745715021,238.556659426,22622470.0
2025-11-12,244.660688862,244.660688862,248.946496764,240.604656209,17263143.0
2025-11-13,243.361959195,236.718457435,249.256193839,229.935092481,32324591.0
2025-11-14,231.22383192,246.588802907,254.920653234,231.004046899,36171119.0
2025-11-17,246.678714961,241.71357154,260.325366696,239.226004716,30304352.0
2025-11-18,235.249893889,228.276714598,238.696522621,225.299626591,33843910.0
2025-11-19,226.688268313,225.69923572,234.120998101,216.148577551,35256563.0
2025-11-20,230.010019192,201.173225464,230.372664476,199.404955071,47420728.0
2025-11-21,204.330137579,207.16736239,211.792838052,192.401805096,36679691.0
2025-11-24,213.201460229,223.711180306,225.889050056,212.152486267,33052839.0
2025-11-25,219.005782819,224.310593999,225.968971881,215.788929336,17441636.0
2025-11-26,229.391624066,230.034994763,233.601406332,225.779157546,17817622.0
2025-11-28,235.384761969,236.24891671,237.86733368,233.241858018,12914741.0
2025-12-01,232.058015975,240.225027537,242.123170897,231.273783061,18238209.0
2025-12-02,238.511703399,239.255975401,244.131106865,234.101017644,18166225.0
2025-12-03,236.159004656,233.931183765,237.567626833,227.867115241,19188220.0
2025-12-04,230.054975219,226.428522379,233.931183765,223.111766613,23513857.0
2025-12-05,228.721279753,236.988193597,240.334920047,226.463488178,21160980.0
2025-12-08,243.252066685,246.678714961,248.986457677,241.373903781,20495362.0
2025-12-09,244.246094392,252.173340476,255.257823436,242.592711623,17067054.0
2025-12-10,254.880692321,263.452308125,264.491291859,250.335138486,21960704.0
2025-12-11,261.274438376,258.207438315,262.593148499,251.304190622,18867027.0
2025-12-12,255.420164645,240.904363055,255.570018068,239.086141521,25936927.0
2025-12-15,246.868529297,237.267919987,249.86559776,235.769385756,27483624.0
2025-12-16,235.569581191,232.28279611,239.165963445,230.354682066,22577259.0
2025-12-17,236.323843421,225.299626591,237.217968846,221.473369187,41957128.0
2025-12-18,256.279324271,248.307122159,263.392366756,244.760591145,65006099.0
2025-12-19,251.503995186,265.66014856,268.117744699,251.499000072,62312103.0
2025-12-22,276.87917484,276.31972206,279.716399651,268.027832646,30961879.0
2025-12-23,275.65037677,276.000034757,281.584572327,272.053894614,20767600.0
2025-12-24,277.728344238,286.399862324,289.017302115,276.979077122,18592572.0
2025-12-26,290.550802145,284.511709192,290.585767944,283.143047927,17878464.0
2025-12-29,280.164204458,294.20114819,294.331073622,278.340251286,26642890.0
2025-12-30,294.530958901,292.462146261,298.658589916,291.842501895,23056391.0
2025-12-31,292.996839383,285.246287682,292.996839383,284.016993215,17573788.0
2026-01-02,294.955715119,315.239073826,315.418970577,294.690867124,42604280.0
2026-01-05,324.943504131,311.970949511,325.343274689,309.372440881,34608591.0
2026-01-06,318.097433318,343.233007178,344.352364741,317.877559511,48732420.0
2026-01-07,340.514567381,339.355232761,346.101360934,336.986692145,32781099.0
2026-01-08,342.703311188,326.832420019,343.462875249,321.175666618,33897720.0
2026-01-09,332.554136137,344.892054995,345.601647736,326.002896111,33387505.0
2026-01-12,340.354659157,345.671607584,348.270116214,339.12536469,23152588.0
2026-01-13,346.071378142,337.936047279,351.028533067,335.027716467,23881339.0
2026-01-14,334.647934436,333.158789106,338.905490883,328.011743167,20277196.0
2026-01-15,345.126920198,336.436907685,347.570517736,336.077114182,25370230.0
2026-01-16,352.897460427,362.541925149,365.60016992,351.838068447,47901925.0
2026-01-20,364.470818093,364.79063454,381.341035715,361.142728194,49744908.0
2026-01-21,372.636131748,388.886804947,393.973885303,366.519642205,56712817.0
2026-01-22,396.412485709,397.351946521,397.5518318,376.70379718,39607596.0
2026-01-23,396.932187435,399.420759161,412.193328559,390.515869973,35404198.0
2026-01-26,395.273139618,388.866816419,397.771705608,384.079563982,29193925.0
2026-01-27,404.377914085,410.004684695,416.211022671,399.370787841,36212062.0
2026-01-28,422.192689594,435.03032165,438.68822226,416.760807132,42725675.0
2026-01-29,439.11797561,435.540029112,444.454912565,417.460405609,42675710.0
2026-01-30,446.20890589,414.642023172,455.238723378,406.896468603,51022881.0
2026-02-02,411.943571903,437.548876168,442.176220382,409.76482236,37771237.0
2026-02-03,441.906375255,419.199407538,442.04629495,407.296239161,42763289.0
2026-02-04,410.354483933,379.182374642,412.763101548,363.69226493,58074935.0
2026-02-05,369.407984489,382.670372764,390.705760988,365.790060936,38899485.0
2026-02-06,377.748197764,394.463604237,396.422479973,372.658718785,37196006.0
2026-02-09,380.471634693,383.280022866,391.585156274,370.467376469,31009558.0
2026-02-10,375.774330632,373.035902307,382.570430124,365.850026519,35433808.0
2026-02-11,395.158205582,410.104627334,413.922436167,386.348261901,48474994.0
2026-02-12,422.007795711,413.732545152,438.518319772,410.928954226,45639117.0
2026-02-13,404.957581395,411.423870177,420.638581548,392.484739973,33807586.0
2026-02-17,400.720013476,399.550684592,413.422722969,395.073254338,28549505.0
2026-02-18,399.270845202,420.708541396,427.604583528,394.373655861,32306578.0
2026-02-19,415.57148972,417.11060637,420.073905634,407.506118705,21651264.0
2026-02-20,414.941851091,427.924399975,430.323023325,414.911868299,29894907.0
2026-02-23,422.067761294,420.728529924,431.447378021,415.061882201,25426639.0
2026-02-24,428.973797691,417.770227791,436.019753782,411.044088146,33389161.0
2026-02-25,426.255357894,428.753923884,436.639298205,422.757365508,27296338.0
2026-02-26,424.596310076,415.321633121,433.751055864,401.729434136,35433455.0
2026-02-27,401.579520176,412.133462918,417.720256472,400.951680514,28653878.0
2026-03-02,401.239715202,412.433290837,417.370457233,396.772279212,30049197.0
2026-03-03,386.328273373,379.462214033,389.866242815,374.335156621,39010902.0
2026-03-04,393.409209389,400.540116724,407.6460384,387.386565984,32644899.0
2026-03-05,398.371361445,396.822250531,404.297959973,380.081858398,29960060.0
2026-03-06,379.921950175,370.087594438,390.955517644,367.23922921,34458784.0
2026-03-09,363.751231088,389.09668449,389.77629444,357.464839057,35547220.0
2026-03-10,393.783994287,402.878774491,415.071776522,393.414206521,33745433.0
2026-03-11,410.534380684,418.449837741,422.507508909,405.557237232,30191430.0
2026-03-12,409.759825228,405.117489618,413.492682817,396.437471369,31720873.0
2026-03-13,413.512671345,425.885570127,429.103723122,412.763101548,39260990.0
2026-03-16,445.904080839,441.546581752,454.599090484,437.493907717,43067574.0
2026-03-17,452.275424113,461.425172769,462.464476278,444.884765858,43017891.0
2026-03-18,464.493411804,461.465149825,471.06963749,458.037117286,58973662.0
2026-03-19,424.726235508,444.01516495,456.957736779,420.868449619,74591901.0
2026-03-20,443.66036858,422.657422868,448.842394443,415.121847785,64224943.0
2026-03-23,425.900561523,404.118063222,444.01516495,401.289686521,54807325.0
2026-03-24,401.049824186,395.303122409,404.747701852,388.686919668,44975061.0
2026-03-25,382.780309668,381.870831647,388.696913932,371.167974372,55328681.0
2026-03-26,369.807755047,355.256106722,374.035328703,349.7992386,54515896.0
2026-03-27,359.653582864,357.015097179,368.488512205,353.85700971,45806655.0
2026-03-30,362.604238123,321.750520675,362.75421506,318.351043452,73833238.0
2026-03-31,321.620540664,337.788054397,337.788054397,311.44210592,73551844.0
2026-04-01,348.851353065,367.793440119,377.831796404,342.947261006,74429797.0
2026-04-02,341.287516244,366.18368767,366.883480054,340.147691528,51498685.0
2026-04-06,373.742525259,377.701916377,385.017591361,370.553015747,41414860.0
2026-04-07,374.067475288,377.521944054,379.191587293,364.044016712,40224123.0
2026-04-08,415.066170441,406.667462008,415.936036672,398.818669008,49216633.0
2026-04-09,407.547326701,421.445189465,423.874815833,398.378736662,43100965.0
2026-04-10,420.22537705,420.525330922,423.794828134,409.986951532,36377568.0
2026-04-13,416.405964405,426.494412987,426.814363784,408.437189857,37015799.0
2026-04-14,434.283215212,465.588401049,465.708382598,424.794674376,52534896.0
2026-04-15,457.554636495,456.159850987,463.878663975,439.252451035,40370110.0
2026-04-16,452.890353776,457.159697229,462.268911526,444.311673019,33626377.0
2026-04-17,466.778218077,455.000029346,470.897584594,452.130470632,33405025.0
2026-04-20,458.179540396,448.351051837,464.488570183,435.832976887,32013562.0
2026-04-21,451.250605939,449.310904229,457.749606512,441.232146594,27733985.0
2026-04-22,462.858820809,487.40504605,491.904354139,458.489492731,45998149.0
2026-04-23,482.205845591,481.645931696,493.544001991,471.727456975,38178002.0
2026-04-24,495.838749101,496.643625326,506.912046231,489.284756985,35379587.0
2026-04-27,510.481497315,524.479344703,531.278299149,509.940080575,41298792.0
2026-04-28,503.462576696,504.212461378,518.753525229,488.154930731,44816645.0
2026-04-29,525.919123292,518.380282627,530.938351426,508.721867914,36248450.0
2026-04-30,529.658548237,517.080482512,535.417662591,502.497725073,36554397.0
2026-05-01,511.70130973,542.126630874,545.82606197,510.13155113,40215252.0
2026-05-04,560.513803265,576.3613662,592.707852411,557.674239937,46043705.0
2026-05-05,609.681242215,640.101564128,651.639789761,605.376904143,64268503.0
2026-05-06,660.268462829,666.487506454,667.567340396,627.483504554,55725835.0
2026-05-07,649.730083438,646.530575464,682.984969447,635.322399076,47527514.0
2026-05-08,676.3459904,746.695171988,747.095110484,676.106027302,65130914.0
2026-05-11,792.858072981,795.207711649,818.544122938,767.881913856,70972938.0
2026-05-12,774.580883677,766.462132192,782.639644387,706.492354443,73742954.0
2026-05-13,813.029970913,803.506435458,814.824694917,779.350150251,54875148.0
2026-05-14,787.498897124,775.890682254,811.875148504,775.510740682,42142707.0
2026-05-15,732.457361501,724.548577727,749.47474454,718.889447998,48519043.0
2026-05-18,750.344610771,681.435207772,756.883605194,663.148020006,60042491.0
2026-05-19,665.47766175,698.632563135,725.838379379,652.109717494,61792066.0
2026-05-20,734.841994789,731.877450681,735.566883314,700.552267919,48827357.0
2026-05-21,736.246778759,761.982821028,764.782390505,732.087418392,42461460.0
2026-05-22,756.698633639,750.884527742,780.079938023,747.085112022,36002915.0
2026-05-26,820.373841561,895.742251282,916.65893468,820.168873081,76560763.0
2026-05-27,955.513059629,928.267249535,956.01298275,888.013439832,72295713.0
2026-05-28,929.687031198,923.378001411,949.343908331,904.640882836,49694349.0
2026-05-29,956.852853594,970.850700982,980.849163402,940.365389063,60498561.0
2026-06-01,1009.564747472,1035.340783591,1046.809019986,1009.344781299,46552116.0
2026-06-02,1049.8385541,1063.936386112,1076.394470287,1017.044597208,47555370.0
2026-06-03,1078.84409358,1079.404007475,1089.122512948,1038.340322317,40324175.0
2026-06-04,1006.945150318,995.846857032,1036.210549836,971.530596426,54917159.0
2026-06-05,944.254790944,863.87715155,961.742101717,863.87715155,77250536.0
2026-06-08,938.12073425,949.134040605,962.801938733,916.359080793,54097769.0
2026-06-09,988.023060188,935.746099425,988.997910274,854.218636852,73448646.0
2026-06-10,904.990829021,891.742866314,957.33277979,883.114193246,55712574.0
2026-06-11,904.230945877,995.71687702,996.616738638,895.362309711,59418902.0
2026-06-12,971.660576438,981.459069609,1012.464101604,960.042363105,40995386.0
2026-06-15,1055.727648465,1087.822712833,1097.301255207,1051.338423447,44994605.0
2026-06-16,1099.530912327,1020.603049983,1110.229167132,1019.84316684,45499755.0
2026-06-17,1061.136816634,1043.029601191,1093.501839488,1013.984067861,46149178.0
2026-06-18,1107.894626141,1133.815639965,1149.253265942,1092.625474257,64642538.0
2026-06-22,1196.031072374,1211.193740633,1213.373405441,1168.390323013,53140816.0
2026-06-23,1079.83394136,1051.608281948,1124.82702225,1038.340322317,60243260.0
2026-06-24,1082.053600017,1048.348783199,1083.153430883,990.94771043,68935710.0
2026-06-25,1232.810416386,1213.373405441,1254.80703371,1136.135283247,83040960.0
2026-06-26,1138.899858106,1132.155895203,1198.527788424,1121.187581929,86405307.0
2026-06-29,1128.526453345,1145.103904037,1148.613364347,1023.492605623,60694113.0
2026-06-30,1144.553988604,1154.112518678,1168.5003061,1124.487074527,42152627.0
2026-07-01,1081.843632306,1032.121278691,1096.831327474,1032.041290992,51328104.0
2026-07-02,1041.339861043,975.409999845,1064.476303082,950.133886847,61844373.0
2026-07-06,1007.0,984.75,1019.0,980.85,37115846.0
2026-07-07,923.01,938.38,942.02,891.66,52367526.0
2026-07-08,902.64,948.8,959.0,900.41,42978962.0
2026-07-09,1016.51,991.64,1035.5,987.13,41110745.0
2026-07-10,964.975,979.3,998.0,954.13,31768093.0
2026-07-13,929.0,937.0,943.5,902.6,35536239.0
2026-07-14,988.38,983.12,994.8,950.07,30835225.0
2026-07-15,975.805,904.28,978.4,873.6301,54779242.0
2026-07-16,866.765,853.2,887.71,840.51,46718034.0
2026-07-17,822.525,848.95,903.96,804.0,63346278.0
2026-07-20,885.57,865.46,900.9999,858.9,37705237.0
2026-07-21,925.35,970.82,982.88,916.5701,49369020.0
2026-07-22,938.25,959.48,982.62,936.06,31588637.0
2026-07-23,975.13,990.21,1011.77,964.4,40196319.0
2026-07-24,959.03,920.95,967.14,904.0,40803073.0
2026-07-27,932.445,900.2,935.0,854.79,47591161.0
2026-07-28,839.61,820.53,848.36,789.09,61039321.0
2026-07-29,833.0,739.0,841.8,737.88,69845966.0
2026-07-30,793.135,874.66,882.5,789.0,63075299.0
2026-07-31,919.65,823.03,930.88,818.0,54538600.0
2026-08-03,786.355,829.5,836.62,770.1,42607140.0
2026-08-04,866.82,892.67,902.4299,858.5,37478559.0
2026-08-05,885.3,893.19,928.98,881.2,34720297.0
2026-08-06,843.11,881.47,913.33,827.0,35784117.0
2026-08-07,903.6,877.57,904.8,847.02,34568477.0
2026-08-10,863.665,861.0,894.989,854.4,27818627.0
2026-08-11,871.8,868.52,879.0,844.62,29438280.0
2026-08-12,912.94,911.29,935.8,899.54,36804916.0
2026-08-13,912.89,949.83,978.0,906.5,36704680.0
2026-08-14,979.32,971.66,984.0,956.2,27881135.0
2026-08-17,999.55,1011.75,1036.13,995.26,33430506.0
2026-08-18,957.1,940.76,978.67,926.64,37305990.0
2026-08-19,959.355,937.105,960.0,915.18,26901876.0
2026-08-20,935.01,974.33,977.28,929.07,25212225.0
2026-08-21,989.675,966.78,989.96,958.26,21823443.0
2026-08-24,934.78,910.43,936.45,887.605,30012631.0
2026-08-25,928.975,932.97,946.67,916.3,19163180.0
2026-08-26,925.74,938.4,945.7499,924.6,18721684.0
2026-08-27,967.01,935.39,968.71,906.89,28838465.0
2026-08-28,919.29,932.86,946.7999,909.09,22890088.0
2026-08-31,931.39,958.73,959.9699,930.79,22569478.0
2026-09-01,941.125,933.44,969.44,922.39,27762236.0
2026-09-02,930.825,956.08,958.0,927.1569,21440498.0
2026-09-03,956.91,958.16,959.76,918.8801,24175871.0
2026-09-04,971.335,1016.59,1017.77,969.0,35249519.0
2026-09-08,1036.4,1000.26,1041.07,997.62,26604914.0
2026-09-09,998.805,1027.77,1042.4,992.29,23811958.0
2026-09-10,997.0,977.41,999.0,973.5,26230398.0
2026-09-11,993.195,975.26,993.99,967.38,21740290.0
