time_key,open,close,high,low,volume
2018-01-02,26.2,26.345999999,26.47,26.027999999,6413560.0
2018-01-03,26.4,26.582,26.65,26.348,7904355.0
2018-01-04,26.776,26.77,27.018,26.756,6809395.0
2018-01-05,26.989999999,27.002,27.026,26.78,5915150.0
2018-01-08,27.01,27.06,27.218,26.974,6687500.0
2018-01-09,27.13,27.089999999,27.28,26.924,6529195.0
2018-01-10,26.992,27.245999999,27.282,26.8726,9518390.0
2018-01-11,27.318,27.516,27.556,27.248,7578620.0
2018-01-12,27.527999999,27.638,27.812,27.416,5998295.0
2018-01-16,28.264,27.958,28.332,27.842,15751320.0
2018-01-17,28.166,28.158,28.186,27.8,8876845.0
2018-01-18,28.15,28.226,28.295999999,28.0,6463840.0
2018-01-19,28.245999999,28.454,28.504,28.204,8026100.0
2018-01-22,28.466,28.78,28.816,28.351,6897665.0
2018-01-23,28.918,28.886,28.998,28.712,6872040.0
2018-01-24,28.883999999,29.088,29.333999999,28.874,7166415.0
2018-01-25,29.377999999,29.108,29.38,29.083999999,6103720.0
2018-01-26,29.432,29.948,29.964,29.276,7372975.0
2018-01-29,29.918,29.418,30.17,29.366,12074195.0
2018-01-30,29.214,29.318,29.488,29.126,11851115.0
2018-01-31,29.736,29.774,30.02,29.552,14406745.0
2018-02-01,30.352,30.562,31.308999999,30.266,21153755.0
2018-02-02,30.102,29.952,30.388,29.466,14133790.0
2018-02-05,29.458,29.477999999,31.4,29.086,18943590.0
2018-02-06,28.982,29.804,29.8758,28.698,14815515.0
2018-02-07,29.724,30.633999999,30.806,29.614,12314080.0
2018-02-08,30.6,28.02,30.7,28.02,18686590.0
2018-02-09,28.427999999,29.032,29.352999999,27.52,14181100.0
2018-02-12,29.394,29.448,29.725,29.047,8074680.0
2018-02-13,29.208,29.51,29.664,29.114,7157635.0
2018-02-14,29.454,29.548,29.8,29.26,9260560.0
2018-02-15,29.789999999,30.508,30.558,29.56,9406665.0
2018-02-16,30.386,30.806,31.238,30.236,9523490.0
2018-02-20,30.58,31.352,31.626,30.406,8776615.0
2018-02-21,31.272,31.516,32.145999999,31.262,9620605.0
2018-02-22,31.556,31.21,31.862,31.1386,5851275.0
2018-02-23,31.372,32.08,32.126,31.372,5179185.0
2018-02-26,32.16,32.114,32.527999999,31.932,6025700.0
2018-02-27,32.254,32.668,32.847,32.15,9989465.0
2018-02-28,32.654,32.202,33.136,32.173,9673815.0
2018-03-01,32.524,31.914,32.852,31.575,10009285.0
2018-03-02,31.73,33.333999999,33.42,31.505,10948810.0
2018-03-05,32.952,33.66,33.837599999,32.762,10235320.0
2018-03-06,33.88,34.214,34.382,33.682,13674955.0
2018-03-07,33.889999999,34.612,34.838,33.876,8272420.0
2018-03-08,34.936,34.598,35.13,34.48,9256760.0
2018-03-09,34.868,34.552,34.998,34.492,11799380.0
2018-03-12,34.552,34.886,35.18,34.312,10601545.0
2018-03-13,35.198,34.792,35.198,34.434,9212955.0
2018-03-14,35.074,35.068,35.312,34.698,7013995.0
2018-03-15,35.192,34.766,35.2,34.182,8286375.0
2018-03-16,34.964,33.995999999,35.0,33.814,12212125.0
2018-03-19,33.96,33.962,34.556,33.483999999,9873990.0
2018-03-20,33.974,34.422,34.674,33.845999999,15006400.0
2018-03-21,34.398,34.638,35.239,34.3,9502005.0
2018-03-22,34.268,33.752,34.566,33.6,8221740.0
2018-03-23,33.795999999,32.954,34.126,32.904,10029550.0
2018-03-26,33.71,34.289999999,34.408,33.563,10211660.0
2018-03-27,34.642,32.564,34.676,32.272,10192480.0
2018-03-28,32.6,31.936,32.802999999,31.432,15395645.0
2018-03-29,32.32,33.089999999,33.492,32.054,11307485.0
2018-04-02,32.888,32.324,33.169,31.848,9501440.0
2018-04-03,33.32,32.354,33.594,32.014,9089550.0
2018-04-04,31.3,32.938,32.998,31.2,10302195.0
2018-04-05,33.356,33.154,33.632,32.9242,8813435.0
2018-04-06,32.792,32.588,33.376,32.248,5887520.0
2018-04-09,32.912,32.577999999,33.269,32.53,6185840.0
2018-04-10,33.25,33.316,33.486,32.426,9170765.0
2018-04-11,33.016,33.3,33.648,32.894,11262800.0
2018-04-12,33.345999999,33.714,34.033999999,33.308,7774485.0
2018-04-13,34.016,33.38,34.26,32.957799999,6710135.0
2018-04-16,33.702,33.889999999,34.144,33.454,6228470.0
2018-04-17,34.2,34.908,35.006,34.2,8504455.0
2018-04-18,35.078,34.86,35.108,34.242,8294385.0
2018-04-19,34.658,34.598,34.872,34.177,7627685.0
2018-04-20,34.338,33.78,34.51,33.586,9305645.0
2018-04-23,33.983999999,33.502,34.045999999,33.324,9631965.0
2018-04-24,33.838,32.132,33.9224,31.6342,15881300.0
2018-04-25,32.489999999,31.6,32.558,31.45,20523025.0
2018-04-26,32.0,33.032,33.522,31.236,19007660.0
2018-04-27,33.356,32.636,33.42,32.074,11201340.0
2018-04-30,32.636,33.227999999,33.382,32.636,9452805.0
2018-05-01,33.072,33.083999999,33.348,32.654,7098660.0
2018-05-02,32.912,33.1,33.582,32.838,6267205.0
2018-05-03,33.158,33.745999999,33.908,32.983999999,9725620.0
2018-05-04,33.739999999,34.244,34.618,33.492,9214145.0
2018-05-07,34.418,35.204,35.378,34.368,10818090.0
2018-05-08,34.522,35.206,35.226,34.14636,15787080.0
2018-05-09,35.454,36.008,36.196,35.166,11145695.0
2018-05-10,36.226,35.796,36.517,35.708,15408310.0
2018-05-11,35.844,35.774,36.008,35.462,7637000.0
2018-05-14,35.772,34.746,35.9,34.698,9031750.0
2018-05-15,34.396,34.684,34.909,33.758,8744870.0
2018-05-16,34.602,34.23,34.8,34.004,8031070.0
2018-05-17,34.226,34.342,34.388,33.85,7221410.0
2018-05-18,34.352,34.788,34.912,34.3,5957385.0
2018-05-21,35.054,34.289999999,35.474,34.116,5417995.0
2018-05-22,34.442,34.052,34.568,33.616,5963330.0
2018-05-23,33.739999999,34.792,34.814,33.739999999,6162320.0
2018-05-24,34.814,35.104,35.344,34.584,7757035.0
2018-05-25,35.038,35.344,35.498,34.94174,6705485.0
2018-05-29,35.2,35.26,35.476,34.922,7035120.0
2018-05-30,35.464,35.694,35.97,35.202,11109490.0
2018-05-31,35.622,35.522,36.282,35.44,10012900.0
2018-06-01,35.812,36.302,36.314,35.46,6384375.0
2018-06-04,36.514,36.7,36.894,36.242,7708130.0
2018-06-05,36.838,37.218,37.39,36.805,7628655.0
2018-06-06,37.312,37.284,37.4778,37.072,7050840.0
2018-06-07,37.4,35.49,37.4,34.864,14267205.0
2018-06-08,35.54,35.638,36.004,35.244,10090285.0
2018-06-11,35.692,36.016,36.1,35.41,5956585.0
2018-06-12,36.112,36.368,36.51,35.962,7102350.0
2018-06-13,36.646,36.246,36.79,35.89,6979225.0
2018-06-14,36.518,37.068,37.446,36.502,13087080.0
2018-06-15,36.994,37.27,37.318,36.25,8586860.0
2018-06-18,37.072,37.282,37.342,36.6,6996825.0
2018-06-19,36.716,36.722,36.85,35.862,7517975.0
2018-06-20,37.0,36.952,37.718,36.894,8593450.0
2018-06-21,37.0,36.054,37.31398,35.9882,6499395.0
2018-06-22,35.716,35.34,35.716,34.502,12079075.0
2018-06-25,34.886,34.277999999,35.0,33.892,9616815.0
2018-06-26,34.418,34.17,34.828,34.014,7531470.0
2018-06-27,34.442,33.594,35.148,33.47144,9713355.0
2018-06-28,33.568,34.482,34.76,33.5,7447995.0
2018-06-29,34.8,34.494,35.05,34.312,5265540.0
2018-07-02,34.322,35.52,35.538,34.07874,8400275.0
2018-07-03,35.606,35.438,35.87,35.314,3785560.0
2018-07-05,35.638,35.886,36.09,35.566,6202905.0
2018-07-06,35.88,36.432,36.6568,35.728,3928775.0
2018-07-09,36.646,36.97,37.052,36.22,7467500.0
2018-07-10,37.046,37.12,37.296,36.678,6107240.0
2018-07-11,36.674,37.436,37.636,36.674,6855040.0
2018-07-12,37.766,38.932,38.962,37.748,11061535.0
2018-07-13,38.658,38.212,38.796,37.848,9482570.0
2018-07-16,38.392,37.816,38.4,37.66,6547715.0
2018-07-17,37.39,38.24,38.334,36.845,6686340.0
2018-07-18,38.4,38.402,38.804,38.0221,7701790.0
2018-07-19,38.306,38.008,38.54672,37.896,4765925.0
2018-07-20,38.202,38.216,38.712,38.1,7199125.0
2018-07-23,38.036,38.1,38.27,37.316,8187270.0
2018-07-24,38.386,36.982,38.436,36.68756,13718885.0
2018-07-25,36.914,36.772,37.4652,36.672,18478270.0
2018-07-26,36.3,38.464,38.934,36.3,18939420.0
2018-07-27,38.406,36.79,38.496,35.67,16435200.0
2018-07-30,36.8,35.762,36.99,35.712,12196805.0
2018-07-31,35.85,35.192,35.998,34.86916,15314395.0
2018-08-01,35.318,35.588,36.124,35.2,9885730.0
2018-08-02,35.4,36.568,36.61212,35.358,9165840.0
2018-08-03,36.718,36.176,36.729,35.75,6409380.0
2018-08-06,36.224,36.932,36.988,36.224,5734940.0
2018-08-07,37.0,37.148,37.406,36.84,5240610.0
2018-08-08,37.06,37.226,37.444,36.472,4212880.0
2018-08-09,37.362,37.668,38.126,37.24,6053325.0
2018-08-10,37.272,37.494,38.0,37.09078,4149110.0
2018-08-13,37.402,37.004,37.834,36.9681,4361980.0
2018-08-14,37.22,36.898,37.374,36.352,6433455.0
2018-08-15,36.834,36.546,37.488,36.122,6305380.0
2018-08-16,36.87,36.406,36.904,36.352,3749625.0
2018-08-17,36.4,36.166,36.63192,35.76,8280140.0
2018-08-20,36.034,36.272,36.384,35.829,8308300.0
2018-08-21,36.48,36.42,36.966,36.364,7775565.0
2018-08-22,36.296,36.482,36.728,36.224,10250880.0
2018-08-23,36.434,36.97,37.246,36.36,7606235.0
2018-08-24,37.222,38.712,38.95,37.056,13825060.0
2018-08-27,38.8,38.65,39.326,38.444,8557950.0
2018-08-28,38.756,38.852,38.954,38.304,5935170.0
2018-08-29,38.854,40.046,40.2,38.854,14973900.0
2018-08-30,39.9,39.69,40.0079,39.292,9026095.0
2018-08-31,39.6,39.272,39.888,39.074,6126440.0
2018-09-04,39.19,40.052,40.132,39.06,8463895.0
2018-09-05,40.0,38.152,40.0,37.66,13524195.0
2018-09-06,38.384,38.636,38.866,37.848,9206265.0
2018-09-07,38.588,39.396,39.7,38.266,8158500.0
2018-09-10,39.976,39.802,39.976,39.1,10738280.0
2018-09-11,39.6,39.9,40.544,39.449,8825035.0
2018-09-12,39.968,40.554,40.668,39.058,8026615.0
2018-09-13,40.8,40.916,41.259,40.612,7362845.0
2018-09-14,40.824,40.594,41.068,40.43,6127710.0
2018-09-17,40.376,38.564,40.39,38.53,11567080.0
2018-09-18,38.604,38.376,39.156,38.31,11477580.0
2018-09-19,38.3,37.2,38.522,36.546,19650105.0
2018-09-20,37.4,37.47,37.788,36.85,14418940.0
2018-09-21,37.674,37.938,38.114,37.56,14403685.0
2018-09-24,37.526,38.624,38.814,37.134,10323995.0
2018-09-25,38.856,39.522,39.694,38.788,10529945.0
2018-09-26,39.522,39.142,39.777,38.938,6661285.0
2018-09-27,39.21,39.016,39.5,38.762,5598720.0
2018-09-28,38.916,39.126,39.56,38.91,6025180.0
2018-10-01,39.45,38.922,39.846,38.726,6692740.0
2018-10-02,39.144,38.58,39.194,38.466,6585045.0
2018-10-03,38.856,39.24,39.662,38.452,7911990.0
2018-10-04,39.098,37.488,39.1,36.924,17445290.0
2018-10-05,37.422,37.32,38.024,36.33,11224930.0
2018-10-08,36.878,36.052,37.162,35.454,13128160.0
2018-10-09,35.98,36.282,37.458,35.822,11989690.0
2018-10-10,36.09,34.428,36.166,34.362,17718595.0
2018-10-11,34.57,34.994,35.642,34.428,17547415.0
2018-10-12,36.464,36.89,37.614,36.058,14700820.0
2018-10-15,36.832,36.182,36.85,35.924,7313640.0
2018-10-16,37.042,38.544,38.67,36.932,13974170.0
2018-10-17,38.622,38.052,38.639,37.68656,9551390.0
2018-10-18,37.828,37.036,38.308,36.404,11188715.0
2018-10-19,37.292,35.43,37.52998,35.332,11299525.0
2018-10-22,35.782,35.768,36.18972,34.87554,13661385.0
2018-10-23,34.84,36.356,36.932,34.57,15125395.0
2018-10-24,36.356,34.042,36.756,33.93,18969355.0
2018-10-25,34.68,34.526,35.0,32.436,25767955.0
2018-10-26,32.848,33.352,34.432,32.486,15626240.0
2018-10-29,34.418,32.845999999,34.7,32.132,12688830.0
2018-10-30,32.0,33.7,33.8,31.52,15656620.0
2018-10-31,34.862,36.208,37.024,34.862,20065260.0
2018-11-01,36.206,36.746,36.863,35.41162,7692455.0
2018-11-02,36.974,35.756,37.27,35.672,7635275.0
2018-11-05,35.796,36.082,36.146,35.342,6937725.0
2018-11-06,35.9,35.474,36.496,35.252,5925595.0
2018-11-07,36.47,38.166,38.808,36.156,14972390.0
2018-11-08,38.0,37.232,38.316,37.036,8922260.0
2018-11-09,36.846,35.518,36.846,34.782,11029905.0
2018-11-12,35.04,34.474,35.398,33.304,13335475.0
2018-11-13,34.87,33.733999999,34.97398,33.416,10721140.0
2018-11-14,34.252,33.476,34.534,33.37,7215640.0
2018-11-15,33.333999999,34.594,34.71,33.326,8012445.0
2018-11-16,34.145999999,34.218,34.77598,33.8499,5546380.0
2018-11-19,33.912,31.36,33.970999999,31.218,15973625.0
2018-11-20,29.798,31.448,32.257,29.526,20491210.0
2018-11-21,32.044,31.827999999,32.6,31.527999999,9108370.0
2018-11-23,31.314,32.126,32.348,31.3,2887855.0
2018-11-26,32.818,33.452,33.654,32.141,8732950.0
2018-11-27,32.92,33.148,33.351,32.422,7455295.0
2018-11-28,34.25,35.574,35.672,34.08236,15560880.0
2018-11-29,35.248,35.82,36.362,35.07,8717670.0
2018-11-30,35.928,37.054,37.254,35.704,15722750.0
2018-12-03,38.41,37.618,38.432,36.92,12039990.0
2018-12-04,37.118,36.17,37.735,35.644,12722715.0
2018-12-06,35.164,37.52,37.56,34.8,13392700.0
2018-12-07,37.388,36.476,37.934,35.851,8745745.0
2018-12-10,36.2,36.98,37.554,36.2,7837425.0
2018-12-11,37.832,36.684,37.838,36.344,11123310.0
2018-12-12,37.4,37.528,38.271,37.192,11448345.0
2018-12-13,37.88,37.63,38.152,37.07,7218720.0
2018-12-14,36.908,36.396,37.525,36.292,8317410.0
2018-12-17,36.002,34.294,36.002,34.104,11578465.0
2018-12-18,34.684,34.714,35.124,34.144,8412520.0
2018-12-19,34.928,34.808,36.228,34.226,10699765.0
2018-12-20,34.368,33.983999999,34.962,32.0,15992165.0
2018-12-21,34.004,32.4,34.098,32.088,13998420.0
2018-12-24,31.804,31.783999999,32.762,31.6,4482100.0
2018-12-26,31.936,33.902,33.933999999,31.936,15254290.0
2018-12-27,33.374,35.64,35.648,33.29962,14687735.0
2018-12-28,35.922,36.066,36.81752,35.136,12210660.0
2018-12-31,36.584,35.61,36.654,35.36,8277370.0
2019-01-02,34.824,35.664,36.09,34.492,12807665.0
2019-01-03,35.024,33.824,35.598,33.694,12346210.0
2019-01-04,34.602,35.846,36.298,34.332,10979400.0
2019-01-07,36.15,37.334,37.6,35.88,9125325.0
2019-01-08,37.95,37.622,38.33,36.912,8046000.0
2019-01-09,37.052,38.094,38.258,37.052,10479960.0
2019-01-10,37.78,38.0,38.188,37.51,8188870.0
2019-01-11,37.62,38.338,38.39,37.212,8230075.0
2019-01-14,37.574,37.68,38.216,37.386,9055665.0
2019-01-15,37.89,37.67,38.064,37.516,12589260.0
2019-01-16,37.904,37.918,38.558,37.49,7255105.0
2019-01-17,37.366,37.306,37.888,37.044,10746780.0
2019-01-18,37.946,38.018,38.29,37.326,9653155.0
2019-01-22,37.556,37.14,37.936,36.95682,7532185.0
2019-01-23,37.504,36.792,37.964,36.582,7926725.0
2019-01-24,36.85,37.14,37.494,36.492,6759115.0
2019-01-25,37.522,38.216,38.254,37.472,7129100.0
2019-01-28,37.61,37.588,38.032,37.3,9652170.0
2019-01-29,37.636,36.964,37.764,36.801,8167645.0
2019-01-30,37.438,38.8,38.842,37.402,21257445.0
2019-01-31,42.272,44.004,45.682,41.998,55998265.0
2019-02-01,43.716,44.302,44.368,43.36,17760360.0
2019-02-04,44.166,45.028,45.176,44.02,17998710.0
2019-02-05,45.2,45.67,45.88,45.074,9524330.0
2019-02-06,45.6,45.112,45.9,44.66,8314430.0
2019-02-07,44.812,45.392,45.6078,44.424,7397510.0
2019-02-08,45.08,45.712,45.758,44.534,8018935.0
2019-02-11,45.978,45.802,46.45,45.4144,9682115.0
2019-02-12,46.122,46.93,47.362,46.1,11831055.0
2019-02-13,47.0,46.394,47.498,46.329,8388045.0
2019-02-14,46.288,46.806,47.168,46.152,6523615.0
2019-02-15,47.0,46.978,47.339,46.47934,7129255.0
2019-02-19,46.698,46.916,47.092,46.4,7172325.0
2019-02-20,47.0,45.9,47.098,45.57,11735200.0
2019-02-21,45.742,46.002,46.248,45.302,6588105.0
2019-02-22,46.064,47.0,47.22918,46.064,9904395.0
2019-02-25,47.5,47.4,47.89,47.118,8060355.0
2019-02-26,47.168,47.242,47.388,46.69,5921235.0
2019-02-27,47.16,48.062,48.172,47.06648,11071080.0
2019-02-28,48.034,47.888,48.288,47.548,9464600.0
2019-03-01,48.462,48.704,48.87,47.858,10279530.0
2019-03-04,48.92,47.394,49.066,45.734,22077310.0
2019-03-05,47.514,47.2,47.514,46.406,9700995.0
2019-03-06,47.09,46.622,47.49,46.358,6074080.0
2019-03-07,46.474,46.674,47.363,46.222,7886910.0
2019-03-08,45.86,46.79,46.806,45.34164,7637980.0
2019-03-11,47.102,47.972,48.018,47.026,9959635.0
2019-03-12,48.03,47.742,48.204,47.356,8468670.0
2019-03-13,48.112,48.078,48.684,47.91,9427715.0
2019-03-14,48.81,48.318,48.926,48.26,9734080.0
2019-03-15,48.274,48.378,48.648,48.04,10268750.0
2019-03-18,48.506,48.196,49.192,48.028,12057780.0
2019-03-19,48.452,48.392,48.826,48.07,10956500.0
2019-03-20,48.6,48.918,49.456,47.96,6054150.0
2019-03-21,48.744,50.19,50.33,48.744,7660460.0
2019-03-22,49.8,48.242,50.1,48.214,10074695.0
2019-03-25,47.758,48.34,48.602,47.324,7765935.0
2019-03-26,49.008,49.0,49.44772,48.64,6755645.0
2019-03-27,48.964,48.274,48.964,47.12,7893900.0
2019-03-28,48.746,48.666,49.169,48.146,5847620.0
2019-03-29,49.3,49.298,49.426,48.672,6949545.0
2019-04-01,49.998,49.146,50.07,48.76,9067015.0
2019-04-02,49.15,49.364,49.404,48.56,7401590.0
2019-04-03,49.78,49.428,49.78,48.858,5233940.0
2019-04-04,49.27,47.406,49.278,46.02802,14712160.0
2019-04-05,47.728,47.396,48.01786,47.052,5885680.0
2019-04-08,47.28,47.442,47.876,46.7012,7239865.0
2019-04-09,47.026,47.752,48.056,47.026,6804000.0
2019-04-10,48.1,48.732,49.116,48.004,6207645.0
2019-04-11,48.728,49.154,49.238,48.422,5214235.0
2019-04-12,49.4,48.86,49.548,48.74862,4987470.0
2019-04-15,48.814,48.758,49.28,48.488,6494960.0
2019-04-16,49.178,47.962,49.22462,47.77,5654115.0
2019-04-17,48.344,47.246,48.4,46.86418,12429025.0
2019-04-18,46.88,47.48,47.784,46.428,14684145.0
2019-04-22,47.204,48.528,48.714,47.2,6256810.0
2019-04-23,48.65,48.71,49.467,48.22,10289930.0
2019-04-24,49.0,48.54,49.076,48.211,13600080.0
2019-04-25,52.204,52.138,53.853,51.636,23886910.0
2019-04-26,52.0,53.416,53.566999999,51.417999999,11083445.0
2019-04-29,53.42,54.338,54.694,53.42,10130885.0
2019-04-30,54.2,54.302,54.764,53.746,7613585.0
2019-05-01,54.632,54.079999999,54.632,53.662,7643575.0
2019-05-02,52.972,52.534,53.998,52.07,16058775.0
2019-05-03,53.136,53.704,53.862,52.852,8265135.0
2019-05-06,52.1,53.95,54.194,51.5,6276850.0
2019-05-07,53.4,52.962,53.779999999,52.01002,7827845.0
2019-05-08,52.8,53.196,53.678,52.166,6314755.0
2019-05-09,52.47,54.098,54.36,52.055999999,8549305.0
2019-05-10,53.7,54.979999999,55.03968,53.3,8772190.0
2019-05-13,53.376,52.024,54.232,51.854,13880045.0
2019-05-14,52.644,54.414,54.586,52.644,10234280.0
2019-05-15,54.0,54.791999999,55.285,53.907,6419475.0
2019-05-16,55.0,55.591999999,56.348,54.841999999,21064950.0
2019-05-17,55.141999999,54.598,55.46412,54.324,8609170.0
2019-05-20,53.391999999,53.016,54.1,52.708,12072895.0
2019-05-21,53.941999999,54.241999999,54.6,53.55,5394280.0
2019-05-22,54.014,54.678,55.3,53.966,3879435.0
2019-05-23,54.012,52.958,54.174,52.776,7292340.0
2019-05-24,53.35,53.79,53.887,53.01058,5908965.0
2019-05-28,53.816,53.329999999,54.424,52.947,7224530.0
2019-05-29,52.779999999,52.838,53.664,52.302,5638180.0
2019-05-30,53.082,52.52,53.082,52.241999999,6524695.0
2019-05-31,51.862,52.386,53.088,51.5,6096890.0
2019-06-03,52.4,49.676,52.658,49.204,14111540.0
2019-06-04,50.228,51.51,51.614,49.502,7612805.0
2019-06-05,52.474,52.65,52.776,51.26,9135645.0
2019-06-06,52.648,53.698,53.935,52.364,4751980.0
2019-06-07,54.198,54.91,55.33742,54.198,8462625.0
2019-06-10,55.872,55.174,56.111,55.122,6243905.0
2019-06-11,55.972,53.258,55.972,52.79,7334900.0
2019-06-12,53.2,53.576,54.06892,52.8669,4888950.0
2019-06-13,53.72,54.758,54.817999999,53.72,5906775.0
2019-06-14,54.746,54.45,55.122,54.01,5077445.0
2019-06-17,54.74,54.912,55.276,54.344,4941790.0
2019-06-18,55.664,56.528,57.005999999,55.664,10049750.0
2019-06-19,56.841999999,57.102,57.166,56.21,7409120.0
2019-06-20,58.048,57.76,58.596,57.286,8664490.0
2019-06-21,57.504,57.148,58.167999999,57.129999999,8226775.0
2019-06-24,57.574,56.5,57.676,56.188199999,7712235.0
2019-06-25,56.629999999,55.072,56.629999999,54.612,7936150.0
2019-06-26,55.755999999,55.067999999,57.04,54.772,6552025.0
2019-06-27,55.474,55.702,56.165,55.241999999,5719905.0
2019-06-28,55.562,54.914,56.038,54.914,20804005.0
2019-07-01,56.398,56.702,56.866999999,55.898,8711735.0
2019-07-02,56.662,57.662,57.864,56.629,9731835.0
2019-07-03,57.979999999,58.629999999,58.845,57.979999999,5580505.0
2019-07-05,58.2,58.905999999,58.924,57.71,5025600.0
2019-07-08,58.729999999,58.6,58.755999999,57.929999999,6344095.0
2019-07-09,58.282,59.604,59.824,58.126,8279965.0
2019-07-10,59.922,59.75,60.598,59.662,6046790.0
2019-07-11,60.082,60.462,60.525,59.891999999,4433555.0
2019-07-12,60.46,60.226,60.634,59.2211,4819300.0
2019-07-15,60.4,60.22,60.482,59.575,3649965.0
2019-07-16,60.0,59.1,60.26,58.8405,5808710.0
2019-07-17,59.1,59.312,60.032,58.901,4328725.0
2019-07-18,59.264,58.936,59.698,58.80634,5501715.0
2019-07-19,59.61,57.948,59.84,57.691,6979835.0
2019-07-22,58.679999999,58.762,58.994,57.924,9818875.0
2019-07-23,59.004,58.202,59.004,57.528,8033315.0
2019-07-24,58.344,59.441999999,59.522,58.1,13830825.0
2019-07-25,57.7,57.146,58.15,55.938,22659925.0
2019-07-26,57.674,57.866,58.038919999,57.15,8558275.0
2019-07-29,57.867999999,57.167999999,58.0,55.117999999,16359225.0
2019-07-30,56.855999999,56.2,57.278,56.194,7784590.0
2019-07-31,56.341999999,55.478,56.50036,54.522,10487945.0
2019-08-01,55.476,54.8,56.344,54.224,13795020.0
2019-08-02,54.59,53.172,54.622,52.376,12189190.0
2019-08-05,51.002,51.362,52.508,50.37974,17952195.0
2019-08-06,52.332,52.341999999,53.0,51.47,8614000.0
2019-08-07,51.932,52.138,52.99,51.4,6457470.0
2019-08-08,52.402,53.422,53.546,52.276,8222830.0
2019-08-09,53.45,52.764,53.6,52.548,4497470.0
2019-08-12,52.26,51.712,52.624,51.55,3206230.0
2019-08-13,51.6,52.438,52.714,51.47,8062580.0
2019-08-14,51.667999999,50.462,51.9745,50.338,8881560.0
2019-08-15,50.4,50.458,50.982,50.03802,8893895.0
2019-08-16,51.182,51.382,51.979999999,50.97466,7533275.0
2019-08-19,52.0,51.102,52.316999999,50.927,9062555.0
2019-08-20,51.1,51.056,51.521,50.516,6770640.0
2019-08-21,52.4,53.155999999,53.567999999,52.048,9516610.0
2019-08-22,53.3,52.928,53.59,52.455999999,6364420.0
2019-08-23,53.274,52.614,54.912,52.363,13074450.0
2019-08-26,53.0,53.314,53.374,52.462,4248225.0
2019-08-27,53.804,53.241999999,53.92,52.388,7449440.0
2019-08-28,52.354,52.064,52.662,51.644,8296725.0
2019-08-29,52.772,52.958,53.189,52.11998,5452120.0
2019-08-30,53.182,52.367999999,53.316,51.329999999,7501865.0
2019-09-03,52.817999999,52.676,53.112,52.2,7130615.0
2019-09-04,53.144,53.704,54.028,53.05,6005640.0
2019-09-05,54.064,53.924,54.632,52.1203,10729625.0
2019-09-06,53.979999999,52.7,54.112,52.494,7004040.0
2019-09-09,52.8,50.936,53.167999999,50.0,14611310.0
2019-09-10,50.094,50.636,51.133,49.3,12629570.0
2019-09-11,50.526,50.734,51.813,50.204,7435505.0
2019-09-12,51.32,51.362,51.932,51.104,9069770.0
2019-09-13,51.075,50.392,51.27598,50.2,7602510.0
2019-09-16,50.2,52.229999999,52.248,50.0,5912755.0
2019-09-17,52.672,52.81,53.6,52.148,6365705.0
2019-09-18,53.338,53.17,53.379999999,51.954,7281125.0
2019-09-19,53.09,53.748,53.836,52.5,7467085.0
2019-09-20,53.894,54.234,54.278,53.317999999,10703225.0
2019-09-23,54.494,53.4,54.726419999,53.391999999,6177280.0
2019-09-24,53.4,51.5,53.666,51.220079999,7604295.0
2019-09-25,51.5,51.876,51.928,49.734,12832560.0
2019-09-26,51.878,51.598,51.9308,51.047,4758100.0
2019-09-27,51.784,50.052,51.898,49.054,11434540.0
2019-09-30,50.44,50.77,50.96,49.902,6076290.0
2019-10-01,51.064,50.026,51.224,49.942,8558435.0
2019-10-02,49.812,49.37,50.152,48.708,8973165.0
2019-10-03,49.554,51.474,51.712,48.858,8401970.0
2019-10-04,52.046,53.296,53.444,51.916,9575485.0
2019-10-07,53.246,53.629999999,54.1,53.246,10029660.0
2019-10-08,53.2,51.626,53.674,51.596,5817285.0
2019-10-09,52.167999999,52.404,52.704,51.896,4214700.0
2019-10-10,52.004,52.636,52.935,51.82,3885150.0
2019-10-11,53.612,54.066,54.791999999,53.262,8757415.0
2019-10-14,54.014,53.888,54.243859999,53.572,6798010.0
2019-10-15,54.088,54.848,55.3,54.0,8872875.0
2019-10-16,51.786,50.92,52.15,49.82,23632300.0
2019-10-17,51.658,50.862,51.812,50.41,11060195.0
2019-10-18,50.794,48.6,51.502,48.124,22130030.0
2019-10-21,49.018,48.18,49.16146,47.82,19207140.0
2019-10-22,48.382,45.668,48.49,45.0,41438185.0
2019-10-23,43.26,44.002,45.146,42.798,61441705.0
2019-10-24,47.312,47.556,48.764,46.45,46987380.0
2019-10-25,47.554,48.244,48.3,46.812,16690120.0
2019-10-28,48.68,48.94,49.256,48.00014,17386090.0
2019-10-29,48.798,48.208,49.798,48.164,9355525.0
2019-10-30,48.668,49.99,50.048,47.805,9551760.0
2019-10-31,49.992,49.452,50.162,48.802,7273820.0
2019-11-01,49.788,50.606,51.232,49.482,12405980.0
2019-11-04,50.898,49.16,51.115,49.01,9042590.0
2019-11-05,49.162,48.372,49.28,47.826,11088645.0
2019-11-06,48.35,48.27,48.546,47.794,6862150.0
2019-11-07,48.4,48.178,48.93,47.962,9597625.0
2019-11-08,47.984,49.69,49.84,47.658,9713015.0
2019-11-11,49.462,49.71,50.0,49.163,8483160.0
2019-11-12,49.858,50.506,50.698,49.84,9443900.0
2019-11-13,50.186,50.788,51.022,49.802,9818715.0
2019-11-14,50.554,50.77,51.082,49.894,9030360.0
2019-11-15,51.1,51.991999999,52.008,50.858,11141530.0
2019-11-18,51.6,53.262,53.69,51.46,16025750.0
2019-11-19,55.45,55.548,55.979999999,54.505999999,49347195.0
2019-11-20,55.376,56.6,56.859,55.329999999,189720090.0
2019-11-21,56.464,55.824,56.694,55.55,20345055.0
2019-11-22,56.0,55.996,56.17,55.378,10760470.0
2019-11-25,56.0,55.95,56.8,55.682,16177860.0
2019-11-26,56.2,55.772,56.229999999,55.724,11804935.0
2019-11-27,55.902,56.255999999,56.298,55.57,6605560.0
2019-11-29,56.194,56.608,56.698,56.02,4399495.0
2019-12-02,56.6,55.47,56.6,53.9,11704400.0
2019-12-03,54.358,55.802,56.0,54.212,11756990.0
2019-12-04,55.574,54.76,55.614,54.56,9263405.0
2019-12-05,54.6,54.626,55.45,54.372,5878525.0
2019-12-06,54.979999999,54.408,55.0618,53.924,9356320.0
2019-12-09,54.354,53.94,54.519,53.923,5345125.0
2019-12-10,54.0,53.355999999,54.489,53.24,7305640.0
2019-12-11,53.2,53.46,53.638,52.705999999,8920105.0
2019-12-12,53.272,53.129999999,53.717999999,52.816,11112435.0
2019-12-13,53.128,54.596,54.76,52.796,9334270.0
2019-12-16,54.866,56.358,56.36,54.822,10413800.0
2019-12-17,55.99,55.228,56.204999999,54.878,9631255.0
2019-12-18,55.486,55.49,56.036,55.219,6362455.0
2019-12-19,55.49,55.696,55.822,55.06608,7168245.0
2019-12-20,56.104,56.526,56.566,55.75268,11510360.0
2019-12-23,56.61,56.662,57.488,56.341999999,9708065.0
2019-12-24,56.779999999,56.84,56.984,56.514,1528640.0
2019-12-26,56.952,57.24,57.616,56.952,4729910.0
2019-12-27,57.614,57.376,57.614,56.8222,4988240.0
2019-12-30,57.255999999,56.562,57.284,55.55,7031295.0
2019-12-31,56.082,56.464,56.77,55.958,4851760.0
2020-01-02,56.991999999,58.248,58.336,56.844,8858850.0
2020-01-03,57.379999999,58.22,58.612,57.3,5679100.0
2020-01-06,57.038,58.574,58.682,56.92,7370450.0
2020-01-07,58.644,58.582,58.916,57.605999999,7199510.0
2020-01-08,58.912,59.129999999,59.538,58.648,8703930.0
2020-01-09,59.46,59.862,59.954,58.845,7017820.0
2020-01-10,60.144,59.776,60.678,59.49,6292640.0
2020-01-13,60.47,60.77,61.172,60.2,8218905.0
2020-01-14,60.77,60.3,61.2,60.274,7495545.0
2020-01-15,60.4,60.974,61.546,60.379999999,7431600.0
2020-01-16,61.2,62.004,62.1,61.06962,11347130.0
2020-01-17,62.088,62.504,62.558,61.912,10571415.0
2020-01-21,62.4,62.596,63.12,62.222,12792870.0
2020-01-22,63.405999999,62.57,63.45352,62.55,8849490.0
2020-01-23,62.6,62.291999999,63.236,62.179999999,7959150.0
2020-01-24,62.916,61.878,63.767999999,61.555999999,8947880.0
2020-01-27,60.09,61.526,61.636,59.61,8624195.0
2020-01-28,61.858,62.81,63.041999999,61.679999999,7720360.0
2020-01-29,63.104,62.586,63.196,62.212,12736615.0
2020-01-30,66.746,68.324,68.778,65.929999999,24736865.0
2020-01-31,67.9,67.646,67.982,66.566,12164510.0
2020-02-03,67.682,68.64,68.95,67.449,10596260.0
2020-02-04,69.2,70.406,70.92876,68.904,10196535.0
2020-02-05,70.634,67.7,71.198,66.962,14255740.0
2020-02-06,68.002,68.34,68.564,66.816,7372160.0
2020-02-07,68.341999999,68.212,69.154,67.938,8388705.0
2020-02-10,68.144,68.554,69.0,67.779999999,8909450.0
2020-02-11,69.192,68.714,69.238,68.208,5974025.0
2020-02-12,69.004,69.96,70.086,67.9,6534265.0
2020-02-13,69.5,70.362,71.4,69.5,12445480.0
2020-02-14,70.728,71.232,71.264,70.176,5532520.0
2020-02-18,71.2,71.498,71.7512,70.808,6445215.0
2020-02-19,71.75,71.544,72.59,71.48,6535660.0
2020-02-20,71.544,70.588,72.396,69.082,9740395.0
2020-02-21,70.096,68.896,70.35,67.755999999,11743400.0
2020-02-24,65.467999999,66.712,67.3,64.838,10084695.0
2020-02-25,67.712,65.944,68.416,65.514,9197755.0
2020-02-26,66.2,66.854,68.502,66.05,8082705.0
2020-02-27,64.738,64.02,66.286,63.554,11379915.0
2020-02-28,62.0,65.217999999,65.4,61.42,16012370.0
2020-03-02,66.766,68.88,68.896,65.264,13499860.0
2020-03-03,68.878,65.926,70.14,65.026059999,14762500.0
2020-03-04,67.348,69.014,69.043,66.326,7877540.0
2020-03-05,67.498,65.866,68.605999999,65.254,9799495.0
2020-03-06,63.878,63.448,64.702,60.16,20544775.0
2020-03-09,58.878,58.417999999,61.36812,57.6,17181480.0
2020-03-10,60.476,62.56,62.6,58.324,19596285.0
2020-03-11,60.996,58.126,62.053,56.762,14574800.0
2020-03-12,54.008,52.424,57.42688,52.322,19389115.0
2020-03-13,55.482,57.534,57.7,52.967999999,15191445.0
2020-03-16,50.202,53.086,56.7688,50.0,16945620.0
2020-03-17,54.282,57.484,60.595719999,54.004,19541670.0
2020-03-18,53.2,55.632,55.988,47.786,22142450.0
2020-03-19,55.291999999,55.532,58.0,51.602,13960750.0
2020-03-20,55.212,50.94,56.936,50.45,17511645.0
2020-03-23,50.98,51.064,52.078,48.032,14125375.0
2020-03-24,55.116,54.4,56.72,53.708,16856915.0
2020-03-25,54.47,52.934,55.7894,51.464,15443595.0
2020-03-26,53.938,58.946,59.0,53.597,18658440.0
2020-03-27,56.826,54.8,56.826,53.891999999,15380865.0
2020-03-30,55.554,57.278,58.539,55.04,11843685.0
2020-03-31,57.917999999,57.316,59.23396,56.262,16974230.0
2020-04-01,54.878,54.614,55.76,53.736,12120050.0
2020-04-02,53.0,51.8,54.524,49.84906,22093325.0
2020-04-03,51.77,49.914,52.232,49.334,14249060.0
2020-04-06,51.898,53.99,54.45,51.10224,16075585.0
2020-04-07,55.4,52.47,55.62,51.048,15226775.0
2020-04-08,53.288,54.81,55.282,52.780999999,8850260.0
2020-04-09,55.216,55.612,57.024,54.923,13771370.0
2020-04-13,55.352,56.712,56.9,54.752,11597680.0
2020-04-14,59.4,60.417999999,60.628,57.855999999,12780410.0
2020-04-15,59.441999999,59.184,59.878,58.712,8998550.0
2020-04-16,60.096,58.388,60.37,57.842999999,10382125.0
2020-04-17,60.417999999,59.917999999,60.624,59.302,10642895.0
2020-04-20,59.638,60.491999999,61.62702,59.32,9386050.0
2020-04-21,59.791999999,57.754,60.74006,56.314,14464240.0
2020-04-22,59.184,59.922,60.536,58.612,7109870.0
2020-04-23,60.0,59.462,60.9378,59.2,7284730.0
2020-04-24,59.505999999,60.588,60.736,58.5399,7376400.0
2020-04-27,61.505999999,61.72,62.2,61.254,5782760.0
2020-04-28,62.558,59.2,63.0,59.155999999,11273120.0
2020-04-29,60.32,64.398,65.088,60.314,17389490.0
2020-04-30,65.567999999,70.308,71.556,65.498,26947655.0
2020-05-01,68.417999999,67.902,70.2,67.2,12249155.0
2020-05-04,67.304,70.928,71.3,67.002,12688400.0
2020-05-05,72.0,74.128,75.236,71.214,14885950.0
2020-05-06,74.926,73.078,75.96,72.9,11952430.0
2020-05-07,73.794,76.366,77.31492,73.706,13816685.0
2020-05-08,76.8,75.452,77.52,75.226,10530395.0
2020-05-11,75.0,76.73,77.7,74.008,7882665.0
2020-05-12,76.826,73.12,76.998,72.914,16954590.0
2020-05-13,73.202,72.258,74.092,70.258,14476240.0
2020-05-14,71.742,73.566,74.012,70.302,11536205.0
2020-05-15,73.09,74.092,74.49,72.612,12523405.0
2020-05-18,75.6,74.974,76.3558,74.636,8774985.0
2020-05-19,75.0,76.576,77.934,74.646,8610415.0
2020-05-20,78.0,78.032,78.951,76.878,7318220.0
2020-05-21,78.104,76.728,78.71716,76.482,4958930.0
2020-05-22,77.808,77.592,78.828,76.998,5030860.0
2020-05-26,79.226,76.134,79.23,75.926,8574650.0
2020-05-27,75.61,74.232,75.61,70.414,18805580.0
2020-05-28,74.0,75.596,77.334,73.692,7734150.0
2020-05-29,76.282,77.586,77.646,75.725,9846310.0
2020-06-01,77.012,76.674,77.587,76.37,6682795.0
2020-06-02,76.89,78.58,78.58,75.088,10121935.0
2020-06-03,77.998,77.618,78.622,76.22002,7004350.0
2020-06-04,77.138,75.39,77.93998,74.484,10437240.0
2020-06-05,74.0,78.092,78.136,73.406,12277215.0
2020-06-08,77.316,77.328,77.754,75.136,7563800.0
2020-06-09,78.196,77.766,79.6,77.09826,8448395.0
2020-06-10,78.468,80.332,81.106,78.468,10026565.0
2020-06-11,78.766,75.01,79.492,74.574,14624930.0
2020-06-12,77.524,77.026,78.476,75.552,7783075.0
2020-06-15,75.64,78.5,78.796,75.074,7187930.0
2020-06-16,80.0,79.692,80.574,77.838,8719905.0
2020-06-17,80.002,80.13,81.518,79.61,7812740.0
2020-06-18,80.452,80.206,80.898,79.22,6603885.0
2020-06-19,81.25,79.974,81.598,79.688,11524780.0
2020-06-22,79.284,80.564,80.644,78.37038,7852565.0
2020-06-23,81.6,80.188,81.96,79.476,8359020.0
2020-06-24,79.956,78.586,81.048,77.773,7252455.0
2020-06-25,78.343,80.328,80.338,77.132,6477065.0
2020-06-26,80.366,79.994,80.568,78.216,10065790.0
2020-06-29,80.296,78.91,80.59798,77.1,6944685.0
2020-06-30,78.976,81.012,81.234,78.8,8804050.0
2020-07-01,81.076,83.358,83.523,80.7,8971420.0
2020-07-02,84.262,82.842,84.968,82.538,6928360.0
2020-07-06,83.858,83.288,85.0,82.43,8874125.0
2020-07-07,83.288,82.348,84.246,82.194,6567575.0
2020-07-08,83.36,85.04,85.356,83.1,7580965.0
2020-07-09,85.6,85.274,86.166,83.12,7035590.0
2020-07-10,85.3,84.582,85.556,83.892,7412660.0
2020-07-13,85.0,80.374,85.556,79.894,8114980.0
2020-07-14,80.0,82.646,82.761,78.168,8913440.0
2020-07-15,84.578,84.712,85.192,83.148,10591810.0
2020-07-16,83.212,82.776,83.6522,80.898,7232280.0
2020-07-17,83.15,84.362,84.68,82.29,5497600.0
2020-07-20,85.0,89.854,90.939,84.908,15659160.0
2020-07-21,89.446,87.444,89.494,86.836,8002865.0
2020-07-22,88.0,88.32,88.79298,86.863,4364150.0
2020-07-23,88.22,86.17,89.668,85.724,6621970.0
2020-07-24,84.056,85.038,86.062,82.9198,5019105.0
2020-07-27,86.0,86.762,87.232,85.201,4926275.0
2020-07-28,87.0,87.008,88.516,86.2,5190355.0
2020-07-29,88.514,89.142,89.301,87.574,11279340.0
2020-07-30,86.544,86.28,87.72,84.266,15715385.0
2020-07-31,87.398,87.84,87.84,85.66352,8729380.0
2020-08-03,88.744,87.992,88.958,86.232,9009705.0
2020-08-04,87.484,87.63,88.498,86.774,5705600.0
2020-08-05,88.0,87.148,88.21,87.066,5093145.0
2020-08-06,87.576,86.066,87.914,85.067,11154480.0
2020-08-07,86.408,86.242,87.85754,84.7428,12298310.0
2020-08-10,86.088,87.736,87.826,84.434,13622230.0
2020-08-11,86.87,84.272,86.998,83.7066,8195640.0
2020-08-12,85.028,85.426,86.286,84.61,8099445.0
2020-08-13,85.572,87.684,87.962,85.342,8500625.0
2020-08-14,87.672,87.146,88.57854,86.864,6261850.0
2020-08-17,87.396,88.474,89.03,87.396,9849685.0
2020-08-18,88.344,87.516,88.872,87.06,11360415.0
2020-08-19,87.6,87.426,88.728,86.42,9824605.0
2020-08-20,87.084,90.668,90.946,86.671,13591175.0
2020-08-21,90.556,89.884,90.798,89.23578,11696050.0
2020-08-24,90.61,89.62,91.728,89.0,11785035.0
2020-08-25,90.0,91.586,91.776,89.148,5824560.0
2020-08-26,93.0,97.54,97.7164,92.8202,10998770.0
2020-08-27,97.0,96.11,97.02,94.9,7605805.0
2020-08-28,97.0,97.574,98.8,96.88,5306860.0
2020-08-31,97.65,96.404,97.999,96.198,6953400.0
2020-09-01,97.0,99.438,99.45,96.516,6854265.0
2020-09-02,100.0,99.938,100.364,96.532,6777725.0
2020-09-03,97.0,93.768,97.598,92.534,10123085.0
2020-09-04,93.2,90.07,94.0,87.02,13400835.0
2020-09-08,87.998,88.628,90.546,86.57,8826855.0
2020-09-09,90.418,91.64,92.572,88.369,9027795.0
2020-09-10,92.2,90.596,93.664,90.054,5574205.0
2020-09-11,91.526,89.18,91.698,87.952,4479545.0
2020-09-14,90.284,91.612,92.64,90.234,7172165.0
2020-09-15,92.646,94.792,94.863,92.52192,5602510.0
2020-09-16,95.294,91.202,95.888,91.156,7536580.0
2020-09-17,89.14,90.76,91.0,88.4,7892515.0
2020-09-18,90.83,90.618,91.451,88.542,7306155.0
2020-09-21,89.364,92.376,92.48,89.24,5532065.0
2020-09-22,93.15,94.114,94.22,90.92098,4650645.0
2020-09-23,94.0,92.094,94.663,91.808,4133680.0
2020-09-24,91.758,92.024,93.034,90.74,4212695.0
2020-09-25,93.782,95.994,96.33,92.913,6033785.0
2020-09-28,97.322,96.842,97.68,95.794,6289930.0
2020-09-29,97.27,97.596,97.912,96.61904,4146685.0
2020-09-30,97.134,97.0,98.662,96.23,6011720.0
2020-10-01,98.314,98.504,99.026,97.49056,4612185.0
2020-10-02,96.098,98.63,100.526,95.798,7965550.0
2020-10-05,99.122,100.358,100.446,98.25404,6437185.0
2020-10-06,100.0,98.308,100.51998,97.964,5378925.0
2020-10-07,99.526,100.0,100.842,98.8,4290240.0
2020-10-08,101.0,99.3,101.0,98.4,4116780.0
2020-10-09,100.712,101.722,102.176,100.402,5967125.0
2020-10-12,102.709999999,101.818,103.109999999,100.4,4481605.0
2020-10-13,103.302,103.659999999,104.554,102.246,5902900.0
2020-10-14,104.0,103.378,104.3,101.996,4951035.0
2020-10-15,101.896,104.135999999,104.598,101.2,4726955.0
2020-10-16,104.83,104.974,106.146,104.198,5159460.0
2020-10-19,105.288,104.39,106.674,103.878,4459035.0
2020-10-20,104.6,103.638,105.516,103.183,4132490.0
2020-10-21,103.735999999,102.056,103.906,101.366,4156470.0
2020-10-22,102.34,101.192,102.709999999,99.034,4291150.0
2020-10-23,101.818,102.802,102.846,101.046,4226145.0
2020-10-26,103.602,100.322,104.372,98.502,8106065.0
2020-10-27,101.758,99.962,102.0,99.704,6020660.0
2020-10-28,97.39,96.81,97.98398,96.03,8882995.0
2020-10-29,99.4,102.118,103.58,98.60002,14286855.0
2020-10-30,100.88,99.514,101.59604,97.118,9369625.0
2020-11-02,99.842,95.2,101.515,94.857,9918520.0
2020-11-03,95.522,96.01,96.942,94.402,8916665.0
2020-11-04,101.27,102.716,103.646,100.2,11118875.0
2020-11-05,104.661999999,106.216,106.768,104.099,5932365.0
2020-11-06,105.906,107.035999999,107.506,103.8,4132125.0
2020-11-09,101.93,100.392,105.642,100.158,11992295.0
2020-11-10,99.106,96.256,99.936,94.402,12508465.0
2020-11-11,98.742,100.672,101.6115,97.91,7894225.0
2020-11-12,104.09,101.956,105.002,101.274,8158015.0
2020-11-13,102.32,101.602,102.32,99.104,6175850.0
2020-11-16,99.498,100.456,101.15014,99.03782,7935410.0
2020-11-17,101.0,102.62,103.2,100.814,5757685.0
2020-11-18,102.25,101.424,102.711999999,100.478,5081070.0
2020-11-19,101.64,102.866,103.985999999,101.0,4892660.0
2020-11-20,103.122,103.611999999,105.292,102.8,5922915.0
2020-11-23,104.02,104.422,104.974,102.853299999,6470775.0
2020-11-24,104.542,102.938,105.2,102.031,5911095.0
2020-11-25,103.8,103.844,104.8,102.3584,5418050.0
2020-11-27,104.2,105.496,105.95598,103.169,3708460.0
2020-11-30,106.0,106.909999999,107.0,104.196,8612595.0
2020-12-01,107.2,107.918,108.348,105.191,5754875.0
2020-12-02,106.154,105.304,107.0,104.233999999,5442250.0
2020-12-03,105.558,105.048,107.9,104.659999999,5112035.0
2020-12-04,105.108,105.14,105.95,104.448,3723330.0
2020-12-07,105.752,106.65,106.948,105.582,6897825.0
2020-12-08,107.358,108.45,108.809999999,105.72,9349920.0
2020-12-09,108.885999999,105.598,109.0,105.13,8187460.0
2020-12-10,105.3,107.6,107.711999999,103.702,5164490.0
2020-12-11,107.638,107.472,108.138,106.167,4275380.0
2020-12-14,107.7,106.496,107.821,106.192,6403730.0
2020-12-15,106.4,105.476,107.022,105.016,5363705.0
2020-12-16,106.59,109.0,109.976,106.4,7577035.0
2020-12-17,109.894,110.814,111.668,109.894,6140880.0
2020-12-18,111.694,113.085999999,113.348,111.109999999,10763850.0
2020-12-21,111.604,110.164,112.49,108.54,8213370.0
2020-12-22,110.142,112.344,112.5,109.79402,5998150.0
2020-12-23,112.322,110.011999999,113.0,109.944,4438500.0
2020-12-24,111.059999999,110.778,112.108,110.548,3118505.0
2020-12-28,112.6,108.748,112.6,108.18,5209715.0
2020-12-29,110.044,109.196,110.326,107.860999999,4631890.0
2020-12-30,110.164,109.476,110.4,108.93202,2900370.0
2020-12-31,109.402,110.085999999,110.216,108.742,3324715.0
2021-01-04,111.388,105.366,111.472,104.302,9445930.0
2021-01-05,105.208,106.394,106.666,104.959999999,7721390.0
2021-01-06,103.954,101.45,104.188,101.412,9848860.0
2021-01-07,102.0,102.282,103.38,101.742,9347860.0
2021-01-08,104.328,105.928,106.322,103.632,7975280.0
2021-01-11,105.0,104.611999999,105.392,103.016,6432640.0
2021-01-12,104.0,102.642,104.50198,101.46168,5866145.0
2021-01-13,103.642,104.342,104.74,102.2,5383500.0
2021-01-14,105.44,102.868,105.6,102.558,7243490.0
2021-01-15,103.682,102.752,105.311999999,102.6,5419240.0
2021-01-19,103.12,103.883999999,104.5903,101.937,4890570.0
2021-01-20,105.598,108.438,108.694,105.402,7695885.0
2021-01-21,108.7,108.866,109.28,107.574,5062090.0
2021-01-22,109.95,108.218,110.8679,108.059999999,5149965.0
2021-01-25,109.546,107.576,110.5641,105.011999999,8561320.0
2021-01-26,108.0,106.492,108.156,106.121,7088610.0
2021-01-27,104.976,103.3,106.614,101.644,11206505.0
2021-01-28,109.0,110.848,112.77598,108.572,16413675.0
2021-01-29,109.816,108.632,110.4,105.868,11900960.0
2021-02-01,109.202,111.711999999,112.946,109.202,8584610.0
2021-02-02,112.576,116.702,117.764,112.02,11258045.0
2021-02-03,116.6,115.33,117.485999999,114.911999999,7457690.0
2021-02-04,115.978,117.796,117.8,114.426,6266450.0
2021-02-05,117.735999999,117.946,118.508,116.464,4860760.0
2021-02-08,118.261999999,117.582,119.674,116.8,5158370.0
2021-02-09,117.428,116.356,117.72,115.202,8175110.0
2021-02-10,117.152,117.872,118.756,115.802,4834140.0
2021-02-11,118.8,118.894,119.0,117.6,3656445.0
2021-02-12,118.264,118.258,118.742,117.106,4115235.0
2021-02-16,118.364,117.148,118.932,116.230199999,4458420.0
2021-02-17,116.0,116.188,116.628,114.15,4435235.0
2021-02-18,113.992,115.159999999,115.86174,113.18,4867770.0
2021-02-19,115.432,114.146,116.422,111.816,9790860.0
2021-02-22,113.206,110.052,113.206,109.956,5194120.0
2021-02-23,107.868,110.35,110.759999999,104.882,7856000.0
2021-02-24,109.1,110.366,110.839979999,107.785999999,5567560.0
2021-02-25,110.0,105.758,111.298,105.378,8808265.0
2021-02-26,106.5,106.692,108.064,104.23,8995405.0
2021-03-01,108.964,111.294,111.328,108.00898,6171535.0
2021-03-02,111.911999999,109.859999999,112.485999999,109.661999999,5607625.0
2021-03-03,108.858,103.2,109.157,102.733999999,9030030.0
2021-03-04,102.188,98.126,103.55,96.98,14156575.0
2021-03-05,99.248,97.392,99.248,93.43,16164290.0
2021-03-08,98.156,92.81,99.452,92.501,9848805.0
2021-03-09,96.142,97.79,98.712,95.756,12241040.0
2021-03-10,99.422,94.8,99.8,94.792,9635145.0
2021-03-11,98.898,100.574,102.342,98.044,9616500.0
2021-03-12,97.8,97.844,98.97588,96.548,7525090.0
2021-03-15,98.0,99.354,99.442,97.29402,4850365.0
2021-03-16,100.856,99.798,101.83,99.062,5692595.0
2021-03-17,98.292,97.0,98.546,95.274,12429795.0
2021-03-18,95.938,93.236,95.96,92.933,9350805.0
2021-03-19,93.698,94.168,95.114,92.77,9469425.0
2021-03-22,94.326,95.33,96.888,94.264,5941450.0
2021-03-23,96.022,95.634,97.288,95.396,5704680.0
2021-03-24,96.126,94.464,96.3,94.0,7382130.0
2021-03-25,93.576,94.436,94.8,92.76,9519410.0
2021-03-26,94.698,99.0,99.09,94.20002,12200915.0
2021-03-29,97.892,97.078,98.588,96.41,8601385.0
2021-03-30,96.0,97.514,98.198,94.642,6269970.0
2021-03-31,98.688,100.022,101.378,98.103,7841945.0
2021-04-01,101.6,101.402,102.581,100.49974,5319630.0
2021-04-05,102.394,102.804,103.214,101.836,7943955.0
2021-04-06,102.28,101.816,103.028,101.324,4864295.0
2021-04-07,102.212,102.146,102.578,101.366,3233800.0
2021-04-08,104.0,104.808,105.764,103.496,6300585.0
2021-04-09,103.618,106.0,106.122,102.0,7265260.0
2021-04-12,105.835999999,107.4,108.243,104.946,6645065.0
2021-04-13,107.8,109.785999999,110.256,107.8,6821960.0
2021-04-14,110.2,108.968,112.038,108.568,6705325.0
2021-04-15,110.692,111.87,112.033999999,110.583,4425915.0
2021-04-16,112.111999999,111.382,112.158,110.052,4398435.0
2021-04-19,110.683999999,109.874,111.376,109.2,4476860.0
2021-04-20,109.792,108.156,110.583999999,107.3,3974200.0
2021-04-21,109.032,109.294,109.814,107.426,5162595.0
2021-04-22,109.4,109.698,111.6,108.77,4502180.0
2021-04-23,110.656,110.54,111.178,109.866,3902385.0
2021-04-26,110.8,111.842,111.878,109.85,3359860.0
2021-04-27,111.59,112.526,113.058,110.718,4806170.0
2021-04-28,111.85,111.448,111.958,110.488,8577840.0
2021-04-29,104.2,101.0,106.159999999,100.7,43464690.0
2021-04-30,100.056,101.274,103.964,100.056,17204225.0
2021-05-03,101.492,98.064,101.64418,97.756,12095475.0
2021-05-04,97.104,96.66,97.936,94.746,12347365.0
2021-05-05,97.836,95.994,97.90998,95.4,7224250.0
2021-05-06,95.42,97.168,97.32,94.62,10941660.0
2021-05-07,98.68,96.702,98.906,94.889,9986390.0
2021-05-10,96.5,93.36,96.5,92.94,10269195.0
2021-05-11,90.76,96.3,97.202,90.492,12940360.0
2021-05-12,94.646,92.942,95.0,92.002,8894800.0
2021-05-13,94.0,90.996,94.26422,90.2073,8503995.0
2021-05-14,92.382,92.066,92.982,91.75676,8948565.0
2021-05-17,91.894,90.88,91.894,89.654,9312560.0
2021-05-18,91.092,91.444,92.6,90.2,6820580.0
2021-05-19,90.05,91.952,92.144,89.654,5860725.0
2021-05-20,92.934,94.226,95.116,92.658,6432060.0
2021-05-21,94.778,93.894,95.724,93.786,6862910.0
2021-05-24,95.0,95.272,95.96,94.704,4644400.0
2021-05-25,95.75,95.98,96.739,95.274,6837575.0
2021-05-26,95.762,97.082,97.454,95.608,7712110.0
2021-05-27,96.194,95.844,96.522,94.526,8639170.0
2021-05-28,96.0,94.776,96.414,94.11,9478040.0
2021-06-01,95.52,93.834,95.528,93.408,8466230.0
2021-06-02,92.914,93.402,94.52,92.382,5162190.0
2021-06-03,92.862,91.84,93.036,91.2,4866290.0
2021-06-04,92.0,92.13,93.062,91.744,7877275.0
2021-06-07,92.004,91.892,92.548,91.4,6054565.0
2021-06-08,92.794,92.152,94.22,91.884,5371840.0
2021-06-09,92.992,92.942,93.522,92.144,5138795.0
2021-06-10,97.142,97.826,98.15798,95.80264,15208960.0
2021-06-11,98.0,99.602,99.902,97.6,10404075.0
2021-06-14,100.0,101.868,102.224,99.64402,9138325.0
2021-06-15,102.104,101.086,102.509999999,100.824,7825470.0
2021-06-16,101.54,102.016,104.3,100.4302,10288070.0
2021-06-17,101.16,106.08,106.2,101.16,9546820.0
2021-06-18,105.764,106.748,107.544,105.056,11230780.0
2021-06-21,106.264,106.95,107.6,105.004,5616425.0
2021-06-22,107.2,109.206,109.4,107.0,6417365.0
2021-06-23,109.0,110.04,110.19908,108.546,4451025.0
2021-06-24,110.4,110.414,111.75,110.161999999,4986175.0
2021-06-25,111.052,108.998,111.052,108.398,7559920.0
2021-06-28,109.6,110.433999999,110.542,109.35,4077250.0
2021-06-29,111.048,111.718,112.378,110.506,5244150.0
2021-06-30,111.378,109.909999999,111.592,109.522,4211595.0
2021-07-01,109.0,109.033999999,110.026,107.949,5829040.0
2021-07-02,109.65,110.366,110.948,109.44066,3406040.0
2021-07-06,110.858,111.698,112.758,110.43802,3974940.0
2021-07-07,112.18,112.356,112.652,110.614,5468415.0
2021-07-08,110.55,112.094,112.45798,109.39,4711170.0
2021-07-09,111.944,113.274,113.466,111.174,4883125.0
2021-07-12,114.0,112.385999999,114.73398,112.25,6396025.0
2021-07-13,112.2,111.866,113.27,111.0,4341965.0
2021-07-14,112.792,112.588,113.459999999,111.756,5669055.0
2021-07-15,112.676,111.656,113.344,110.909999999,4117995.0
2021-07-16,112.304,111.272,112.925,110.992,4705000.0
2021-07-19,110.348,111.018,111.078,109.0,5541840.0
2021-07-20,112.0,113.05,113.832,110.922,4353225.0
2021-07-21,112.498,113.426,113.426,111.708,3771770.0
2021-07-22,114.416,115.34,115.88,114.09,4693420.0
2021-07-23,116.0,117.235999999,117.696,115.564,4454545.0
2021-07-26,116.959999999,116.84,116.97,115.002,5220750.0
2021-07-27,116.8,116.458,117.374,114.933999999,7311860.0
2021-07-28,116.4,116.67,117.40054,115.202,6145850.0
2021-07-29,116.92,117.285999999,121.756,116.92,12698070.0
2021-07-30,115.942,117.578,119.178,115.1874,7831115.0
2021-08-02,117.578,116.933999999,118.343,115.802,4506435.0
2021-08-03,116.978,116.932,118.161999999,115.468,4024415.0
2021-08-04,117.0,118.694,118.938,116.63448,3848665.0
2021-08-05,119.0,119.1,119.4,117.876,2380955.0
2021-08-06,118.8,118.135999999,119.12,117.885999999,3546240.0
2021-08-09,117.99,117.592,118.459999999,117.0593,4004660.0
2021-08-10,117.6,115.159999999,117.888,114.556,4148190.0
2021-08-11,115.688,114.04,116.228,113.318,4541100.0
2021-08-12,113.854,116.314,116.398,113.398,4333220.0
2021-08-13,115.808,117.566,117.596,115.507,3194420.0
2021-08-16,117.2,116.044,118.335999999,115.264,4078900.0
2021-08-17,115.89,116.448,116.82,114.876,3549215.0
2021-08-18,116.094,116.39,117.72,115.696,3709410.0
2021-08-19,115.9,117.383999999,118.259999999,115.55,3841720.0
2021-08-20,118.209999999,120.104,120.282,117.714,5017345.0
2021-08-23,120.4,123.885999999,124.2,120.4,7882915.0
2021-08-24,124.0,124.37,125.306,124.0,5081815.0
2021-08-25,124.6,124.214,125.554,123.332,4548735.0
2021-08-26,124.524,124.806,126.046,124.22,5481590.0
2021-08-27,125.0,126.48,127.124,124.808999999,4106055.0
2021-08-30,126.8,128.33,128.656,126.697,3987930.0
2021-08-31,129.0,128.728,129.54,127.911999999,6233410.0
2021-09-01,128.72,130.17,130.511999999,128.5,4684060.0
2021-09-02,130.8,132.061999999,132.356,130.478,6771445.0
2021-09-03,132.0,135.726,136.21998,131.809999999,5729765.0
2021-09-07,135.726,132.218,135.8,132.041,7579710.0
2021-09-08,132.061999999,130.759999999,132.061999999,130.126,5564865.0
2021-09-09,131.156,130.038,131.274,129.8,4011815.0
2021-09-10,130.622,129.596,131.152,129.348,3771615.0
2021-09-13,129.8,127.816,129.816,126.133999999,6311275.0
2021-09-14,128.398,129.083999999,129.707,128.118,3747110.0
2021-09-15,128.818,130.43,130.824,127.533999999,4017385.0
2021-09-16,130.059999999,131.27,131.424,128.935999999,3111580.0
2021-09-17,130.678,130.206,131.492,129.652,6491210.0
2021-09-20,128.872,129.746,130.116,128.024,4788895.0
2021-09-21,130.0,130.84,131.435999999,129.126,3776210.0
2021-09-22,131.6,132.53,133.1,130.135999999,4081540.0
2021-09-23,133.6,132.844,134.098,132.602,4357500.0
2021-09-24,132.42,133.261999999,133.4,131.0,2498925.0
2021-09-27,131.976,129.911999999,132.0,129.242,4512450.0
2021-09-28,126.733999999,122.504,127.368,122.0,9943930.0
2021-09-29,124.0,123.604,124.768,121.435999999,6143055.0
2021-09-30,124.04,124.454,125.398,123.648,4742925.0
2021-10-01,124.756,126.559999999,127.082,122.865,5244690.0
2021-10-04,127.08,123.594,127.609999999,121.894,5868990.0
2021-10-05,124.494,126.683999999,127.908,124.4,5331450.0
2021-10-06,125.468,125.872,127.152,124.28,5191340.0
2021-10-07,127.285999999,127.583999999,129.672,127.08602,5108710.0
2021-10-08,128.0,123.516,128.732,123.383999999,8578880.0
2021-10-11,123.604,123.17,125.461999999,122.428,4575390.0
2021-10-12,124.472,125.826,126.6,124.048,3981045.0
2021-10-13,126.0,127.882,128.215,126.0,5554565.0
2021-10-14,130.0,130.606,132.55264,129.719,6631000.0
2021-10-15,131.372,132.635999999,133.122,130.98,4596465.0
2021-10-18,132.7,133.244,133.259999999,131.466,5673295.0
2021-10-19,134.48,136.05,137.53752,134.458,7363540.0
2021-10-20,136.846,136.222,137.346,134.23602,4362220.0
2021-10-21,136.0,137.268,137.45872,135.374,3248240.0
2021-10-22,137.2,137.33,138.594,136.683999999,4642765.0
2021-10-25,137.33,137.77,138.694,136.9,2930775.0
2021-10-26,138.538,135.342,138.6,135.109999999,5542340.0
2021-10-27,135.14,132.952,136.966,132.722,7502740.0
2021-10-28,134.302,137.54,138.8,134.259999999,10568000.0
2021-10-29,137.27,139.552,139.686,136.43,5535440.0
2021-11-01,140.0,136.396,140.964,135.332,5818055.0
2021-11-02,137.198,137.318,137.5,136.1,3412910.0
2021-11-03,137.82,137.534,137.82,134.444,3312625.0
2021-11-04,138.0,140.346,141.52,137.828,4167310.0
2021-11-05,140.4,138.402,140.548,137.379,2980665.0
2021-11-08,138.744,138.456,139.31798,137.83,3990895.0
2021-11-09,139.062,138.254,139.455,137.12,2499020.0
2021-11-10,137.358,134.182,137.586,132.764,6398765.0
2021-11-11,135.938,135.85,136.268,134.778,5076230.0
2021-11-12,137.0,138.28,138.348,136.286999999,4959690.0
2021-11-15,137.892,136.514,137.98,135.742,4060445.0
2021-11-16,136.998,138.51,138.512,136.42154,4633255.0
2021-11-17,138.866,136.985999999,139.122,136.78,3458520.0
2021-11-18,136.494,135.168,136.911999999,134.828,3759515.0
2021-11-19,136.061999999,135.194,137.451,134.835999999,5256975.0
2021-11-22,135.142,131.276,136.792,130.272,5971375.0
2021-11-23,130.0,127.382,130.885999999,125.482,9223510.0
2021-11-24,125.992,129.861999999,129.883999999,124.828,4185425.0
2021-11-26,128.903,129.909999999,132.213539999,128.903,3647280.0
2021-11-29,131.926,134.564,135.3,130.222,5408255.0
2021-11-30,134.926,129.54,135.924,128.529,10732145.0
2021-12-01,130.072,119.914,131.592,119.868,11594390.0
2021-12-02,119.914,124.674,125.159999999,119.728,7300760.0
2021-12-03,125.538,122.622,125.752,118.632,9274205.0
2021-12-06,120.316,123.308,123.932,118.809999999,7202090.0
2021-12-07,126.198,132.678,133.631,126.0,9249785.0
2021-12-08,132.0,133.161999999,134.594,130.209999999,4651270.0
2021-12-09,133.2,128.43,133.82216,128.25,5446020.0
2021-12-10,129.438,129.4,131.634999999,128.04002,4251595.0
2021-12-13,128.93,131.188,132.233,128.533999999,4997300.0
2021-12-14,128.418,124.938,129.379,121.438,8298475.0
2021-12-15,125.332,129.408,129.614,124.915,7907320.0
2021-12-16,127.878,121.796,128.759999999,121.338,7941335.0
2021-12-17,119.34,123.126,124.13,117.404,17093425.0
2021-12-20,121.0,121.074,122.811999999,120.24402,4983305.0
2021-12-21,122.5,126.264,127.068,121.0,5646135.0
2021-12-22,126.292,128.785999999,129.778,125.12,5053535.0
2021-12-23,129.192,129.714,130.338,128.205,3323610.0
2021-12-27,131.196,132.656,132.989,130.394,3405545.0
2021-12-28,133.528,130.8,133.528,130.6,2411745.0
2021-12-29,131.035999999,130.916,131.772,129.204,2208765.0
2021-12-30,131.24,130.908,132.633999999,130.768,2455510.0
2021-12-31,130.404,129.822,131.718,129.773,2323135.0
2022-01-03,129.632,126.028,130.282,125.08338,5221385.0
2022-01-04,125.678,120.788,125.763,115.394,14902770.0
2022-01-05,117.8,114.552,121.5,114.296,10480255.0
2022-01-06,113.48,114.808,117.89,111.0,8372745.0
2022-01-07,114.138,113.278,117.116,111.666,5952460.0
2022-01-10,110.02,114.4,114.62,107.161999999,9837940.0
2022-01-11,113.976,115.688,116.048,112.35,6699855.0
2022-01-12,117.464,114.678,118.304,113.924,8586985.0
2022-01-13,115.004,104.252,115.168,104.0,19524330.0
2022-01-14,104.252,106.204,107.708,102.932,16188405.0
2022-01-18,104.94,104.468,108.892,103.518,11933570.0
2022-01-19,105.083999999,104.258,108.74598,104.127,12852560.0
2022-01-20,106.442,103.0,108.559999999,102.744,9428135.0
2022-01-21,102.0,101.548,105.776,101.426,13027805.0
2022-01-24,100.058,105.168,105.524,96.88652,17103910.0
2022-01-25,103.09,99.016,103.52,96.888,14393735.0
2022-01-26,102.856,96.884,104.198,95.87,17376435.0
2022-01-27,110.705,105.738,111.398,103.627,27539500.0
2022-01-28,105.738,112.216,112.699579999,101.56,19039220.0
2022-01-31,113.454,117.156,117.68,112.992,13270340.0
2022-02-01,116.98,117.308,118.142,115.392,9208600.0
2022-02-02,118.97,116.23,118.97,114.616,6565880.0
2022-02-03,113.642,112.17,116.40798,111.859999999,6778825.0
2022-02-04,111.998,115.504,117.474,110.956,6252905.0
2022-02-07,115.598,114.64,117.68782,114.094,4942450.0
2022-02-08,112.84,118.254,118.4,112.794,6983170.0
2022-02-09,119.77,122.794,122.866,119.6,8327865.0
2022-02-10,120.094,122.092,124.282,119.992,9906530.0
2022-02-11,120.69,116.744,122.0,115.524,10699975.0
2022-02-14,115.774,115.916,117.866,114.83614,6200015.0
2022-02-15,117.561999999,118.332,118.77508,116.244,4934865.0
2022-02-16,117.168,118.178,118.606,115.296,5501885.0
2022-02-17,116.816,113.15,117.432,112.918,5346465.0
2022-02-18,113.192,111.202,113.8,110.303,6383630.0
2022-02-22,108.814,110.03,112.39,107.87928,5809935.0
2022-02-23,110.03,104.94,110.683999999,104.532,9319500.0
2022-02-24,101.65,114.79,115.194,100.49156,11838205.0
2022-02-25,113.792,116.046,116.059999999,112.809999999,5269460.0
2022-02-28,115.64,115.983999999,117.108,114.183999999,7480690.0
2022-03-01,116.764,114.214,119.916,113.358,7942690.0
2022-03-02,115.664,117.411999999,118.152,112.004,5451025.0
2022-03-03,118.404,112.461999999,118.666,111.34,7342750.0
2022-03-04,111.098,109.414,113.82,108.482,6937135.0
2022-03-07,110.674,103.924,112.62,103.735999999,10728105.0
2022-03-08,102.0,103.64,107.18,100.891,7397485.0
2022-03-09,107.292,111.916,113.156,106.6222,8238535.0
2022-03-10,109.716,106.718,110.383999999,106.1845,8821320.0
2022-03-11,108.528,102.43,108.909999999,102.272,6144530.0
2022-03-14,102.992,99.02,105.264,98.41,8188195.0
2022-03-15,100.036,102.844,103.519,98.262,6658485.0
2022-03-16,105.702,109.48,109.752,103.478,9127025.0
2022-03-17,108.076,113.335999999,113.594,108.076,6424165.0
2022-03-18,115.52,115.976,116.771,113.35,11542475.0
2022-03-21,115.0,113.959999999,116.122,111.074,7081400.0
2022-03-22,114.142,117.732,119.548,114.02,6754880.0
2022-03-23,114.728,113.592,115.966,112.49402,5564725.0
2022-03-24,114.0,116.218,116.546,112.461999999,4927310.0
2022-03-25,116.208,112.374,116.721,111.359999999,6785895.0
2022-03-28,113.466,116.552,116.775,112.39602,6531425.0
2022-03-29,118.044,119.55,120.324,115.528,6589930.0
2022-03-30,118.024,114.798,118.209999999,114.144,7573935.0
2022-03-31,114.798,111.378,115.398,111.278,10197085.0
2022-04-01,111.22,109.738,112.304,108.806,9658985.0
2022-04-04,109.6,114.964,115.161999999,109.304,7664260.0
2022-04-05,114.0,110.644,114.296,110.158,5778400.0
2022-04-06,108.564,105.59,108.564,103.935999999,8125015.0
2022-04-07,105.126,105.956,108.38,103.988,5777430.0
2022-04-08,105.0,103.12,105.876,102.844,6204955.0
2022-04-11,101.574,102.284,103.953939999,99.914,7113975.0
2022-04-12,104.518,102.042,106.826,101.79,8622360.0
2022-04-13,102.814,105.214,105.923,102.162,6946630.0
2022-04-14,104.98,101.466,105.182,101.344,6045035.0
2022-04-18,101.334,99.506,101.334,98.68,6549545.0
2022-04-19,99.756,102.88,104.144,98.414,7547385.0
2022-04-20,104.072,101.044,104.42,100.59634,5947540.0
2022-04-21,102.31,98.334,104.338,97.768,7071580.0
2022-04-22,98.69,94.28,99.546,93.82,8805245.0
2022-04-25,92.95,94.454,95.475,92.852,9075680.0
2022-04-26,94.384,91.2,94.432,90.784,9470995.0
2022-04-27,92.548,93.258,94.882,91.885,13400745.0
2022-04-28,101.6,100.804,102.8,96.952,18820340.0
2022-04-29,97.836,95.62,101.798,95.416,7277060.0
2022-05-02,94.938,96.9,97.062,93.803,7055825.0
2022-05-03,96.396,96.372,97.678,93.924,6524520.0
2022-05-04,97.048,99.892,100.222,92.018,9247420.0
2022-05-05,98.978,93.866,99.0965,92.396,9589275.0
2022-05-06,92.512,91.348,93.694,87.624,9827265.0
2022-05-09,88.6,85.174,90.062,84.522,14239370.0
2022-05-10,88.2,86.464,88.88168,83.312,9478720.0
2022-05-11,85.234,84.072,89.59598,83.7415,9473430.0
2022-05-12,83.718,86.588,88.621,81.294,13509695.0
2022-05-13,87.548,90.53,91.938,87.268,10467825.0
2022-05-16,89.25,86.586,90.358,86.156,8314570.0
2022-05-17,89.184,86.57,90.296,83.411,10688225.0
2022-05-18,85.7,82.45,86.924,81.643,8893595.0
2022-05-19,82.896,85.352,87.144,82.064,10223265.0
2022-05-20,87.534,86.606,89.335,83.973,8627680.0
2022-05-23,86.184,86.024,87.786,84.862,9763375.0
2022-05-24,85.3,83.93,86.022,82.208,8662505.0
2022-05-25,84.689,90.458,91.52,84.373,16291950.0
2022-05-26,90.028,90.974,92.15,88.8,8949305.0
2022-05-27,92.638,95.258,95.99396,92.578,9751840.0
2022-05-31,94.41,93.494,95.276,92.53,12059710.0
2022-06-01,98.208,95.026,99.396,94.146,8349450.0
2022-06-02,93.932,100.96,102.146,93.932,10023990.0
2022-06-03,99.168,98.496,101.132,96.94,5644750.0
2022-06-06,99.404,98.508,100.202,97.48,4721590.0
2022-06-07,97.54,101.286,102.09,97.04,6484770.0
2022-06-08,100.384,101.084,101.872,100.105,5578025.0
2022-06-09,100.126,98.444,101.556,98.388,4768165.0
2022-06-10,96.546,94.63,97.58,93.76,6218580.0
2022-06-13,90.0,88.074,91.77,87.8,7467225.0
2022-06-14,88.38,88.95,90.304,87.574,5394170.0
2022-06-15,89.904,93.19,95.091,89.814,9754300.0
2022-06-16,89.538,85.616,91.124,84.834,15155120.0
2022-06-17,86.026,88.758,90.21,85.806,11811785.0
2022-06-21,89.972,91.054,92.308,89.97,5681670.0
2022-06-22,90.042,91.73,93.22,89.666,4920280.0
2022-06-23,93.258,97.106,97.35,93.258,7196850.0
2022-06-24,99.032,100.818,101.27612,98.798,8502040.0
2022-06-27,101.274,99.34,101.94,97.846,5636285.0
2022-06-28,99.34,94.688,100.052,94.204,6274730.0
2022-06-29,94.722,95.558,96.692,93.5,4892690.0
2022-06-30,94.548,95.104,95.984,91.928,8870515.0
2022-07-01,94.986,96.872,97.09,93.818,7528955.0
2022-07-05,96.042,99.186,99.5,94.802,7322945.0
2022-07-06,100.074,98.662,101.29,97.58,5267455.0
2022-07-07,98.034,99.41,100.382,98.034,6259565.0
2022-07-08,97.856,98.83,99.883,97.166,7430840.0
2022-07-11,97.794,98.08,99.108,96.12,4807555.0
2022-07-12,92.25,85.588,93.345,84.958,34321370.0
2022-07-13,83.202,84.554,86.942,82.33202,15931960.0
2022-07-14,83.3,84.194,86.086,81.5,10826920.0
2022-07-15,86.2692,87.124,88.15198,85.518,10787815.0
2022-07-18,87.518,85.348,88.496,85.202,9056900.0
2022-07-19,86.444,87.188,87.381,84.052,7113770.0
2022-07-20,88.58,91.37,91.657,88.198,7317955.0
2022-07-21,89.88,92.058,92.166,88.002,10239560.0
2022-07-22,92.122,89.354,93.17614,88.768,6256570.0
2022-07-25,89.086,88.0,89.138,87.331,5156325.0
2022-07-26,88.72,84.564,88.72,83.556,9172725.0
2022-07-27,86.41,89.72,90.026,85.726,11275955.0
2022-07-28,86.246,87.3,89.262,84.738,19571090.0
2022-07-29,85.846,89.332,89.754,85.286,10098155.0
2022-08-01,87.798,90.754,91.114,87.14,8648010.0
2022-08-02,88.932,90.888,92.214,88.44936,5565190.0
2022-08-03,92.15,94.29,94.582,91.431,7003310.0
2022-08-04,93.558,98.6,99.096,92.726,16632355.0
2022-08-05,95.616,98.97,100.65346,95.052,14889355.0
2022-08-08,99.02,98.99,100.696,98.397,8184865.0
2022-08-09,98.456,97.492,99.55314,96.697,4917220.0
2022-08-10,100.392,103.24,103.324,100.196,9159665.0
2022-08-11,104.0,99.89,104.315,99.484,7409095.0
2022-08-12,100.888,101.302,101.6,98.598,8311165.0
2022-08-15,100.4,100.814,102.199,99.712,4964980.0
2022-08-16,99.8,99.348,100.08,98.31,7162725.0
2022-08-17,97.8,97.752,98.732,97.0964,4376840.0
2022-08-18,97.272,97.92,98.092,96.044,4908405.0
2022-08-19,96.834,95.252,96.938,94.664,4908040.0
2022-08-22,93.314,91.942,93.848,91.154,5096890.0
2022-08-23,91.998,91.998,92.814,91.276,3951200.0
2022-08-24,92.058,91.504,92.68398,91.032,4176360.0
2022-08-25,91.28,93.206,93.266,90.66,5283520.0
2022-08-26,93.458,88.938,93.5,88.934,4489790.0
2022-08-29,88.0,87.156,89.51688,87.102,4299830.0
2022-08-30,88.5,87.368,88.815,85.90116,4803420.0
2022-08-31,88.0,86.924,89.2,86.768,6980165.0
2022-09-01,85.962,86.112,86.34,83.336,7897450.0
2022-09-02,87.674,86.902,89.498,86.256,7788905.0
2022-09-06,86.022,86.094,87.551,84.87,4798765.0
2022-09-07,86.198,88.832,89.278,86.04,4409050.0
2022-09-08,87.808,90.154,90.65,87.616,6056790.0
2022-09-09,91.616,94.006,94.384,91.502,6960365.0
2022-09-12,95.04,95.258,96.538,93.852,5874880.0
2022-09-13,90.0,90.476,91.676,89.88,7249120.0
2022-09-14,90.874,91.498,92.114,89.642,5158295.0
2022-09-15,88.984,87.11,91.561,86.842,9825535.0
2022-09-16,86.294,85.16,86.802,84.222,10691180.0
2022-09-19,84.56,85.01,85.3,83.768,4428015.0
2022-09-20,84.3,82.24,84.3,82.202,8291505.0
2022-09-21,83.038,80.286,83.788,80.278,12609615.0
2022-09-22,79.974,77.394,80.892,77.34,12090250.0
2022-09-23,76.586,75.408,77.466,74.872,11060885.0
2022-09-26,75.296,74.02,76.522,73.542,11886815.0
2022-09-27,75.352,75.79,75.86,74.24,10471920.0
2022-09-28,75.688,77.77,78.078,75.284,7693775.0
2022-09-29,76.576,77.1,77.262,75.548,7487915.0
2022-09-30,77.0,75.522,79.216,75.436,9128490.0
2022-10-03,76.016,78.342,78.803,74.946,11638370.0
2022-10-04,80.426,82.31,82.732,80.166,9894575.0
2022-10-05,80.55,84.116,85.15,80.402,8858900.0
2022-10-06,84.424,83.686,86.678,83.308,8717785.0
2022-10-07,82.0,80.242,82.486,79.792,6177590.0
2022-10-10,80.278,76.356,80.441,75.43,8951565.0
2022-10-11,76.33,74.26,76.34462,73.376,10214240.0
2022-10-12,74.498,73.826,75.262,73.187,9184450.0
2022-10-13,69.55,72.38,73.314,67.4,13701780.0
2022-10-14,73.204,68.352,73.37,68.179999999,16009995.0
2022-10-17,70.286,69.722,71.776,69.502,12857935.0
2022-10-18,72.468,71.358,73.494,70.21,10496800.0
2022-10-19,70.142,71.088,71.972,70.103,6921590.0
2022-10-20,71.226,71.252,73.29398,70.208,8278265.0
2022-10-21,70.662,72.134,72.327,69.458,7256345.0
2022-10-24,73.6,73.312,74.18,71.85,8328740.0
2022-10-25,73.716,75.332,75.5,73.0,10662715.0
2022-10-26,70.76,73.282,76.51598,70.2,18074925.0
2022-10-27,85.392,83.134,85.526,81.72202,28128930.0
2022-10-28,83.246,84.08,84.288,80.754,15610940.0
2022-10-31,83.6,84.148,85.646,82.982,9492645.0
2022-11-01,85.416,83.712,86.048,83.32,6799265.0
2022-11-02,83.866,78.536,83.866,78.468,8863145.0
2022-11-03,78.124,77.112,79.124,76.972,6895590.0
2022-11-04,77.702,72.35,77.986,70.836,14191585.0
2022-11-07,73.0,72.64,73.015,70.25,8591990.0
2022-11-08,73.0,74.228,75.058,71.82,7861545.0
2022-11-09,73.0,72.254,73.7655,72.24,5763990.0
2022-11-10,78.652,80.812,82.11,78.128,14568330.0
2022-11-11,81.398,81.982,84.892,80.944,10721315.0
2022-11-14,80.302,80.08,81.32,78.244,7794735.0
2022-11-15,82.842,83.896,85.078,82.842,9238800.0
2022-11-16,83.08,82.44,83.499,81.084,5842385.0
2022-11-17,80.57,80.116,81.754,79.57,7627965.0
2022-11-18,81.582,79.876,82.0,78.85628,6026280.0
2022-11-21,78.84,77.476,79.194,76.5,6675930.0
2022-11-22,77.898,80.056,80.386,76.81,6878065.0
2022-11-23,79.968,81.874,82.12,79.35,5205235.0
2022-11-25,81.336,81.442,81.922,80.796,2007050.0
2022-11-28,80.788,80.386,81.244,79.495,5232675.0
2022-11-29,80.174,79.37,80.434,78.936,5098145.0
2022-11-30,78.822,83.26,83.454,78.602,10441150.0
2022-12-01,83.232,85.12,86.284,82.944,8899910.0
2022-12-02,83.446,82.574,84.32,81.946,6224625.0
2022-12-05,81.2,78.452,81.974,77.034,8583775.0
2022-12-06,78.448,77.83,78.964,76.312,7368055.0
2022-12-07,77.854,77.704,79.15998,77.009,5061385.0
2022-12-08,78.418,79.246,79.608,77.04394,5161935.0
2022-12-09,78.814,78.716,80.654,78.61,4192575.0
2022-12-12,79.112,80.328,81.412,78.942,7379395.0
2022-12-13,84.886,83.234,86.434,82.02,9725515.0
2022-12-14,83.302,83.678,85.846,82.31,7478535.0
2022-12-15,81.65,80.128,82.774,79.942,5811910.0
2022-12-16,79.966,78.874,80.872,78.428,9363500.0
2022-12-19,78.86,76.46,79.598,76.202,6983770.0
2022-12-20,75.3,77.294,77.674,75.164,4773895.0
2022-12-21,77.426,78.382,79.072,76.23,4816270.0
2022-12-22,76.794,75.988,77.354,74.73,6415310.0
2022-12-23,75.0,76.372,76.38,74.294,4283705.0
2022-12-27,76.03,76.128,76.766,74.822,4145440.0
2022-12-28,76.086,75.21,77.124,74.548,3860850.0
2022-12-29,76.19,77.97,78.424,75.802,4602395.0
2022-12-30,76.76,77.654,77.933,76.458,3496700.0
2023-01-03,79.016,77.1,79.73,76.13,5440380.0
2023-01-04,78.19,78.77,79.412,76.948,7025085.0
2023-01-05,77.69,73.264,77.94,73.05,8950220.0
2023-01-06,74.318,73.306,74.318,70.724,13383640.0
2023-01-09,74.776,75.712,78.598,74.638,10439070.0
2023-01-10,74.874,76.168,76.754,74.874,5322775.0
2023-01-11,76.964,78.756,78.784,76.642,6292020.0
2023-01-12,81.966,82.652,84.168,79.169,11570055.0
2023-01-13,81.734,82.978,83.47,81.61108,5590965.0
2023-01-17,83.0,83.648,83.884,81.59,6743650.0
2023-01-18,84.158,83.24,86.3,82.928,8633290.0
2023-01-19,83.204,85.686,86.85316,83.06,13394475.0
2023-01-20,85.84,88.366,88.648,85.716,7613390.0
2023-01-23,88.2,88.488,90.1553,87.355,9031380.0
2023-01-24,89.2,88.682,89.2,87.4,7076995.0
2023-01-25,85.748,89.754,89.858,85.456,17240400.0
2023-01-26,92.372,92.614,95.546,88.932,31754690.0
2023-01-27,91.496,91.772,93.426,90.33,11756695.0
2023-01-30,90.398,88.514,90.63618,88.024,11595870.0
2023-01-31,88.904,91.026,91.078,88.462,10180835.0
2023-02-01,91.238,94.762,95.502,90.652,11307450.0
2023-02-02,96.96,98.254,98.924,95.892,11498675.0
2023-02-03,95.626,94.444,96.94,93.78,8575895.0
2023-02-06,91.102,91.044,93.034,90.55,12298620.0
2023-02-07,90.966,92.652,93.248,90.102,6713110.0
2023-02-08,92.918,92.796,94.44398,92.194,7829710.0
2023-02-09,94.05,92.66,94.886,92.212,7614255.0
2023-02-10,91.722,91.672,92.198,90.874,8278360.0
2023-02-13,91.856,92.208,92.76,90.404,5891770.0
2023-02-14,91.328,92.27,93.896,91.12,4889285.0
2023-02-15,91.796,92.782,92.9,91.304,5282380.0
2023-02-16,90.0,90.738,92.198,89.8517,5752365.0
2023-02-17,90.0,87.802,90.594,86.878,9820400.0
2023-02-21,86.364,86.372,87.42,85.71,5493610.0
2023-02-22,87.53,87.968,89.414,87.058,6186675.0
2023-02-23,88.082,88.342,88.556,86.756,4733885.0
2023-02-24,86.464,85.118,86.916,84.752,5430030.0
2023-02-27,86.248,85.714,87.528,85.532,7410260.0
2023-02-28,85.132,86.434,86.844,85.132,7344150.0
2023-03-01,86.388,85.788,87.084,85.208,4587305.0
2023-03-02,85.742,87.208,87.284,85.116,5783640.0
2023-03-03,87.964,88.796,89.0765,87.826,4957640.0
2023-03-06,89.1,89.204,90.978,88.874,5470515.0
2023-03-07,89.12,88.962,90.908,88.752,6075980.0
2023-03-08,88.866,89.394,90.104,88.3,4088960.0
2023-03-09,88.846,85.7,90.16,85.61824,7346750.0
2023-03-10,85.6,83.016,85.846,81.862,9420990.0
2023-03-13,82.59,82.986,85.186,81.0744,8423625.0
2023-03-14,84.56,84.908,85.19598,83.386,5682115.0
2023-03-15,83.744,84.452,84.534,82.96,5934070.0
2023-03-16,84.568,88.478,88.58,84.3,10375535.0
2023-03-17,88.73,88.2,88.732,86.92,14587470.0
2023-03-20,87.608,87.03,87.898,85.17,6895595.0
2023-03-21,87.22,89.092,89.574,87.22,6410255.0
2023-03-22,89.436,86.702,89.752,86.694,4657750.0
2023-03-23,88.094,88.094,90.39474,87.533,5827255.0
2023-03-24,87.766,86.58,87.84398,85.42202,4614340.0
2023-03-27,86.7,86.262,87.54802,86.026,4676275.0
2023-03-28,85.804,85.816,86.382,85.402,5445585.0
2023-03-29,86.71,87.688,87.798,86.258,6522680.0
2023-03-30,88.708,87.926,88.768,87.616,5393985.0
2023-03-31,88.62,92.944,93.081,88.324,12270025.0
2023-04-03,92.306,92.898,93.178,91.482,6792805.0
2023-04-04,95.088,95.21,96.466,94.476,11236150.0
2023-04-05,95.15,93.466,95.2,92.058,6729055.0
2023-04-06,92.79,94.626,94.73,91.492,8457730.0
2023-04-10,93.23,94.528,94.606,91.275,6213800.0
2023-04-11,93.202,93.964,94.778,92.866,4889515.0
2023-04-12,94.918,94.286,96.166,93.895,8112475.0
2023-04-13,95.064,96.7,97.116,94.59,8000975.0
2023-04-14,93.356,92.606,93.964,90.93742,15376080.0
2023-04-17,93.002,94.11,94.338,92.714,5354655.0
2023-04-18,95.626,95.198,95.626,94.002,5905830.0
2023-04-19,95.0,95.118,95.67,94.634,5092855.0
2023-04-20,94.664,93.538,94.756,93.08,5193525.0
2023-04-21,94.038,94.662,94.832,93.022,5460415.0
2023-04-24,94.8,94.6,95.32,93.05,6118275.0
2023-04-25,93.35,88.456,93.64998,88.396,10292895.0
2023-04-26,90.0,90.806,90.9,89.176,14455620.0
2023-04-27,88.046,90.868,91.73,85.536,24276610.0
2023-04-28,90.848,91.884,92.336,89.84,11801615.0
2023-05-01,91.262,90.082,91.262,89.86,7121355.0
2023-05-02,90.106,88.736,90.2,87.878,6421570.0
2023-05-03,88.706,87.416,89.38,87.29,5960000.0
2023-05-04,87.812,86.102,88.508,85.794,8294050.0
2023-05-05,86.6,86.96,87.934,86.31,6514035.0
2023-05-08,87.38,87.798,87.914,85.81,7233220.0
2023-05-09,87.444,88.278,89.168,87.014,5858230.0
2023-05-10,89.836,90.828,91.998,89.25002,7688760.0
2023-05-11,90.798,90.514,91.092,89.49,10094035.0
2023-05-12,90.6,91.04,91.49458,89.32988,6106300.0
2023-05-15,90.66,92.628,92.93,90.447,7506135.0
2023-05-16,92.58,93.648,95.6,92.354,8142495.0
2023-05-17,95.898,98.584,98.988,95.432,16087970.0
2023-05-18,100.0,102.034,102.522,99.163,14300390.0
2023-05-19,102.0,102.06,102.346,100.55,8511245.0
2023-05-22,101.32,102.278,103.418,101.234,6804695.0
2023-05-23,101.5,100.028,102.356,99.97,5620700.0
2023-05-24,99.344,100.51,101.252,98.826,5494950.0
2023-05-25,104.658,106.356,107.959999999,103.559999999,15816520.0
2023-05-26,106.928,107.492,109.911999999,106.361999999,10673055.0
2023-05-30,109.6,109.824,111.316,108.874,9686690.0
2023-05-31,107.866,108.956,109.652,106.758999999,11928880.0
2023-06-01,106.959999999,108.592,110.124,106.404,7399035.0
2023-06-02,109.2,109.635999999,110.888,108.256,6390995.0
2023-06-05,109.616,111.342,111.972,108.474,6580945.0
2023-06-06,111.3,111.159999999,112.726,111.035999999,6940820.0
2023-06-07,111.109999999,105.664,111.564,105.448,12032965.0
2023-06-08,105.918,107.068,108.28964,105.222,7293540.0
2023-06-09,107.648,106.806,109.0,106.308,6850065.0
2023-06-12,107.804,109.27,109.38,106.426,6479500.0
2023-06-13,111.2,110.944,111.918,109.854,6727010.0
2023-06-14,110.99,113.461999999,113.596,110.8,6418275.0
2023-06-15,112.609999999,114.874,115.335999999,112.422,6595710.0
2023-06-16,114.874,113.096,114.93,112.99,10442765.0
2023-06-20,111.659999999,111.898,113.926,111.088,5593735.0
2023-06-21,111.558,109.359999999,111.93,109.118,5646140.0
2023-06-22,108.644,109.974,110.046,107.802,6190955.0
2023-06-23,108.246,108.598,110.328,107.376,6842595.0
2023-06-26,108.266,107.594,110.226,107.328,4832835.0
2023-06-27,108.228,107.992,109.016,107.002,4270415.0
2023-06-28,107.785999999,109.733999999,109.835999999,107.459999999,4805760.0
2023-06-29,109.994,109.616,110.148,108.535999999,3551635.0
2023-06-30,111.158,112.394,113.326,110.806,6629450.0
2023-07-03,112.17,112.574,112.911999999,111.188,2366790.0
2023-07-05,111.28,113.152,113.445,111.232,5581020.0
2023-07-06,111.4,111.166,112.105,109.685999999,5096735.0
2023-07-07,111.056,110.596,112.65998,110.556,4280305.0
2023-07-10,110.6,113.12,113.17,110.6,5885660.0
2023-07-11,113.442,112.288,114.253,111.507,5671700.0
2023-07-12,114.172,112.268,114.172,111.448,5840875.0
2023-07-13,113.324,115.49,115.888,113.0,6570740.0
2023-07-14,115.4,116.076,116.8525,115.2,4582420.0
2023-07-17,116.533999999,118.476,118.998,116.4,5216940.0
2023-07-18,117.961999999,119.426,120.4,116.783999999,6320105.0
2023-07-19,122.18,120.65,122.87198,119.90802,8685855.0
2023-07-20,119.524,115.776,120.176,115.156,7755805.0
2023-07-21,118.13,116.404,118.602,116.2,4050025.0
2023-07-24,117.3,115.608,117.443,115.210999999,4877590.0
2023-07-25,115.8,116.476,117.528,115.8,5395460.0
2023-07-26,114.783999999,115.454,117.018,114.242,9125480.0
2023-07-27,119.6,111.978,120.132,111.34202,15371790.0
2023-07-28,113.508,113.908,113.935999999,111.874,10214385.0
2023-07-31,114.764,116.6,116.72988,114.6,8353860.0
2023-08-01,115.648,118.078,118.3,115.042,5524475.0
2023-08-02,115.978,112.633999999,116.572,112.209999999,8732650.0
2023-08-03,111.594,112.08,112.502,111.2,4321190.0
2023-08-04,112.88,110.326,112.996,110.002,8172505.0
2023-08-07,111.072,110.978,111.382,109.811999999,6136130.0
2023-08-08,109.398,110.566,110.752,108.35,5425965.0
2023-08-09,110.304,110.066,111.0,109.02,4696865.0
2023-08-10,111.566,111.0,113.214,110.028,5647820.0
2023-08-11,110.154,111.488,111.714,110.002,4009410.0
2023-08-14,110.386999999,113.242,113.35,110.152,3855570.0
2023-08-15,113.498,111.92,114.796,111.693239999,4153295.0
2023-08-16,111.4,109.9,112.19598,109.654,4946620.0
2023-08-17,110.09,108.728,110.409999999,108.142,4951345.0
2023-08-18,106.792,108.3,108.68,106.508,4188960.0
2023-08-21,108.572,110.94,111.061999999,108.509999999,4237630.0
2023-08-22,111.924,112.364,112.85,111.259999999,4448775.0
2023-08-23,112.894,113.6,115.394,112.4,5690130.0
2023-08-24,114.92,109.908,115.174,109.894,4556955.0
2023-08-25,110.888,112.73,113.414,110.28,3402070.0
2023-08-28,113.324,113.661999999,114.4,112.46802,2940545.0
2023-08-29,113.032,115.774,116.18,112.6,3921045.0
2023-08-30,115.683999999,117.648,117.74,115.311999999,4278710.0
2023-08-31,118.0,117.766,119.292,116.902,6656925.0
2023-09-01,118.702,118.176,119.323499999,117.5,3633975.0
2023-09-05,118.176,119.432,119.926,116.9,3592450.0
2023-09-06,118.628,119.702,119.876,118.322,3344765.0
2023-09-07,118.254,119.864,120.29444,117.8712,5200045.0
2023-09-08,120.0,120.014,120.916,119.42,3644285.0
2023-09-11,120.7,121.188,121.58,120.158,4802430.0
2023-09-12,119.6,117.768,120.7015,117.738,4647480.0
2023-09-13,117.209999999,118.276,118.568,116.709999999,3193805.0
2023-09-14,118.69,118.022,118.996,117.083999999,3340820.0
2023-09-15,117.716,115.916,117.859999999,115.3,8551935.0
2023-09-18,115.448,115.702,116.88,115.333999999,3305255.0
2023-09-19,115.87,114.466,115.87,113.309999999,4148385.0
2023-09-20,115.0,114.109999999,116.688,113.954,3885480.0
2023-09-21,112.624,109.906,112.98,109.804,5356865.0
2023-09-22,110.356,110.818,111.784999999,110.121,5536485.0
2023-09-25,110.524,111.896,111.928,110.259999999,4007345.0
2023-09-26,110.711999999,108.926,110.95,107.726,7546855.0
2023-09-27,109.911999999,109.276,110.356,108.08,5081235.0
2023-09-28,106.802,110.704,111.23,105.6,5790370.0
2023-09-29,112.174,111.792,113.23492,111.702,6685985.0
2023-10-02,110.95,111.046,112.033999999,109.957,4969875.0
2023-10-03,110.4,108.248,111.27022,107.382,6860750.0
2023-10-04,108.916,109.728,110.114,108.328,3525690.0
2023-10-05,108.966,109.433999999,109.701,107.209999999,3314645.0
2023-10-06,108.578,112.144,113.116,107.804,5908350.0
2023-10-09,110.978,112.885999999,113.13,110.69,4040985.0
2023-10-10,111.211999999,111.659999999,112.936999999,109.4,7041295.0
2023-10-11,112.0,111.733999999,113.04,110.328,4394210.0
2023-10-12,112.152,112.03,113.978,110.9,4123120.0
2023-10-13,111.752,109.932,112.758,109.811999999,3887355.0
2023-10-16,109.932,110.326,111.54,109.3,4157740.0
2023-10-17,109.932,113.694,114.85,109.759999999,6986480.0
2023-10-18,112.559999999,110.135999999,113.6,109.972,4361260.0
2023-10-19,111.688,111.996,113.681,111.326,5365445.0
2023-10-20,111.32,108.502,111.483999999,107.233999999,7092955.0
2023-10-23,107.4,108.276,109.068,106.108,4715600.0
2023-10-24,109.142,110.878,111.388,108.852,6635620.0
2023-10-25,109.874,106.033999999,110.41998,105.448,10044520.0
2023-10-26,112.0,110.19,115.8,109.772,17739765.0
2023-10-27,111.292,110.802,112.8,109.688,8778835.0
2023-10-30,111.92,113.708,114.433999999,111.618,7240815.0
2023-10-31,114.174,116.37,116.968,112.98,8077420.0
2023-11-01,116.2,118.696,119.018,116.088,8847110.0
2023-11-02,120.242,119.885999999,122.174,119.68,8791940.0
2023-11-03,120.116,121.352,122.358,118.496,7392120.0
2023-11-06,121.7,121.85,122.196,120.49,4424615.0
2023-11-07,122.075,122.782,125.174,122.075,8289345.0
2023-11-08,123.216,125.066,125.238,123.2,8511680.0
2023-11-09,125.02,123.952,126.498,123.864,6076045.0
2023-11-10,123.952,126.952,127.285999999,123.108,5119170.0
2023-11-13,126.756,127.682,127.951,126.45,4983375.0
2023-11-14,129.496,130.833999999,131.368,129.3,6756055.0
2023-11-15,130.894,130.18,131.988,129.793,6167320.0
2023-11-16,130.0,130.456,131.358999999,129.606,5238290.0
2023-11-17,130.39,130.872,130.935999999,129.658,3964345.0
2023-11-20,130.8,133.383999999,133.708,130.517,5399320.0
2023-11-21,132.952,133.68,134.128,132.302,4631850.0
2023-11-22,134.535999999,133.932,135.606,133.455,4441455.0
2023-11-24,134.106,134.78,134.894,133.759999999,2250065.0
2023-11-27,134.4,134.109999999,135.521,133.914,5050005.0
2023-11-28,133.526,133.048,134.52,132.278,7603055.0
2023-11-29,134.2,135.785999999,136.458,134.2,7326510.0
2023-11-30,136.4,137.148,137.778,135.764,9164995.0
2023-12-01,137.09,138.158,138.953,136.65684,7266730.0
2023-12-04,136.8,137.524,138.798,136.14202,5830375.0
2023-12-05,135.885999999,137.644,137.927,135.448,4574810.0
2023-12-06,138.0,137.246,139.0789,137.146,4004780.0
2023-12-07,137.12,137.536,137.85,136.05936,3256685.0
2023-12-08,137.89,139.816,140.222,137.712,5419155.0
2023-12-11,139.822,141.024,141.774,139.64,5293465.0
2023-12-12,141.024,143.296,143.574,140.896,4518260.0
2023-12-13,143.4,143.128,144.136,142.01,6058255.0
2023-12-14,142.0,136.078,142.42,135.6,15115865.0
2023-12-15,135.052,139.648,139.962,134.804,10913500.0
2023-12-18,140.404,140.744,141.86,139.18792,5616625.0
2023-12-19,141.14,141.542,141.698,140.0,4526440.0
2023-12-20,140.814,138.76,141.572,138.72,4705430.0
2023-12-21,140.15,140.152,140.71,138.193,3935880.0
2023-12-22,140.77,139.51,140.77,138.884,2464945.0
2023-12-26,140.034,140.246,140.912,139.742,2319875.0
2023-12-27,140.262,140.752,140.902,139.82,1948270.0
2023-12-28,141.328,140.492,141.50676,140.265,2511105.0
2023-12-29,141.4,141.298,142.318,140.112,4628360.0
2024-01-02,139.41,137.504,139.872,135.085999999,5654650.0
2024-01-03,135.152,135.059999999,137.487,134.806,4415685.0
2024-01-04,134.954,134.374,135.838,134.244,4572345.0
2024-01-05,134.426,135.232,136.156,134.426,3618205.0
2024-01-08,136.848,139.252,139.564,136.49202,5990825.0
2024-01-09,138.772,139.734,140.2395,138.20062,4920570.0
2024-01-10,141.5,142.86,143.384,140.25,5059660.0
2024-01-11,144.512,145.292,146.86,143.682,6153690.0
2024-01-12,144.96,145.836,146.2,143.752,4164610.0
2024-01-16,146.0,145.512,146.8,145.002,4676135.0
2024-01-17,145.2,145.508,145.798,142.862,3369825.0
2024-01-18,148.484,149.192,149.495,147.094,6490880.0
2024-01-19,150.088,149.822,150.632,148.963,6790065.0
2024-01-22,152.038,150.49,153.362,150.412,8125015.0
2024-01-23,150.43,150.684,150.874,148.61,5723110.0
2024-01-24,154.18,152.684,155.192,152.25476,14085305.0
2024-01-25,156.0,153.338,156.776,151.458,15637785.0
2024-01-26,153.42,153.888,156.76598,152.904,8999320.0
2024-01-29,153.864,157.448,157.60914,153.799,6652860.0
2024-01-30,157.466,157.146,157.983,155.792,5406060.0
2024-01-31,155.578,153.08,155.578,151.506,6821940.0
2024-02-01,153.818,154.2,154.58502,152.811,4431710.0
2024-02-02,154.794,156.26,157.4,154.42002,4873955.0
2024-02-05,156.4,156.968,157.29,154.224,5402675.0
2024-02-06,157.776,155.49,157.82,153.17644,5489170.0
2024-02-07,156.562,158.078,158.694,156.52064,4558600.0
2024-02-08,158.4,159.882,160.06,158.168,4465215.0
2024-02-09,160.47,162.588,163.064,160.47,4548320.0
2024-02-12,162.82,157.47,163.0,156.57,6206020.0
2024-02-13,153.0,154.752,156.096,150.046,8929390.0
2024-02-14,157.0,158.4,158.456,155.258,3870625.0
2024-02-15,159.0,156.0,159.689,155.974,5282810.0
2024-02-16,154.854,153.0,155.9,152.934,5708745.0
2024-02-20,150.616,150.568,151.856,147.548,7427505.0
2024-02-21,147.398,149.588,149.716,146.104,4385930.0
2024-02-22,155.0,153.842,158.374,153.526,10730910.0
2024-02-23,155.07,154.194,156.994,153.316,6486820.0
2024-02-26,154.938,155.932,158.118,154.9,5604065.0
2024-02-27,156.452,153.428,156.798,151.392,7069985.0
2024-02-28,152.702,151.958,152.746,150.8,6333435.0
2024-02-29,153.41,154.268,154.664,152.596,7430765.0
2024-03-01,154.4,154.726,155.66046,153.67444,4562885.0
2024-03-04,154.6,155.218,155.576,152.947,4933250.0
2024-03-05,153.246,148.03,153.443,146.03,9787395.0
2024-03-06,150.102,148.212,150.478,146.53,6734860.0
2024-03-07,149.694,153.616,153.786,147.054,7934650.0
2024-03-08,153.82,151.536,155.51398,150.046,5134580.0
2024-03-11,150.4,151.348,151.84,148.896,4560290.0
2024-03-12,152.864,157.912,158.6,152.596,7651685.0
2024-03-13,159.012,155.376,161.5545,155.0,6126905.0
2024-03-14,157.626,155.898,158.0,154.62402,4430575.0
2024-03-15,152.312,148.782,152.4,147.2,12695645.0
2024-03-18,150.0,151.16,151.938,149.624,4723735.0
2024-03-19,150.0,151.388,151.664,148.55978,6122245.0
2024-03-20,152.124,153.512,153.636,151.01,3517625.0
2024-03-21,156.0,154.636,157.176,154.316,6313580.0
2024-03-22,154.948,154.83,155.978,153.864,4426280.0
2024-03-25,153.61,154.928,155.182,151.852,3604180.0
2024-03-26,155.798,155.714,157.76,155.302,4550380.0
2024-03-27,156.766,151.8,157.266,150.7,7007555.0
2024-03-28,151.93,152.48,153.752,151.15,5418505.0
2024-04-01,152.798,153.674,154.61798,151.814,3581915.0
2024-04-02,151.018,151.4,151.932,149.646,3845705.0
2024-04-03,150.5,151.832,152.93926,150.3,2821210.0
2024-04-04,153.68,151.51,156.45,151.484,5111230.0
2024-04-05,151.686,156.7,158.376,151.686,6432180.0
2024-04-08,156.668,157.12,157.998,154.482,4995855.0
2024-04-09,158.654,156.444,159.088,154.306,3952845.0
2024-04-10,153.8,153.838,154.989,152.82002,4304210.0
2024-04-11,154.0,154.268,155.19664,152.28,3741560.0
2024-04-12,152.44,153.742,154.992,152.18908,4800000.0
2024-04-15,153.8,147.162,154.326,147.092,5857835.0
2024-04-16,147.6,148.956,149.8,147.068,5429155.0
2024-04-17,149.356,147.29,149.798,146.99,3608325.0
2024-04-18,147.38,146.272,147.978,145.47,3944730.0
2024-04-19,145.0,142.782,145.206,141.70678,7703045.0
2024-04-22,144.65,144.39,144.998,142.124,7321615.0
2024-04-23,145.44,148.19,148.734,145.44,5824545.0
2024-04-24,150.794,149.258,151.45,147.826,8528190.0
2024-04-25,142.978,143.25,143.406,137.8,16932645.0
2024-04-26,144.752,144.71,146.942,143.969,7229420.0
2024-04-29,144.652,144.232,145.66,142.704,4013230.0
2024-04-30,143.33,138.666,143.493,138.438,9977335.0
2024-05-01,138.742,137.122,140.14,136.777,6666995.0
2024-05-02,138.6,139.144,139.214,137.0,5795825.0
2024-05-03,141.996,143.33,144.93,141.0,7185275.0
2024-05-06,143.998,145.312,145.328,143.682,5954475.0
2024-05-07,146.0,142.666,146.0,139.91,7763270.0
2024-05-08,143.27,144.206,144.39,142.953,5739745.0
2024-05-09,144.116,144.588,145.8,143.59834,5251390.0
2024-05-10,145.0,145.958,146.71,145.0,4104745.0
2024-05-13,146.57,146.024,146.57,144.59,4349860.0
2024-05-14,146.0,144.324,147.4,143.554,5495785.0
2024-05-15,146.0,152.114,152.262,145.512,7530460.0
2024-05-16,152.69,151.602,153.82198,151.484,5471470.0
2024-05-17,153.0,153.01,153.195,151.508,4438765.0
2024-05-20,152.706,154.836,154.968,152.447,3673790.0
2024-05-21,155.0,155.41,155.586,152.782,3921170.0
2024-05-22,156.0,154.166,156.866,153.894,4228515.0
2024-05-23,156.336,151.63,156.336,151.206,4307585.0
2024-05-24,149.872,147.702,149.94398,147.274,6785490.0
2024-05-28,147.776,145.772,147.795,143.662,7737175.0
2024-05-29,144.4,146.224,147.571,144.288,4388255.0
2024-05-30,138.198,128.658,138.514,128.03402,25491215.0
2024-05-31,130.358,131.385999999,131.508,127.598,21509160.0
2024-06-03,131.959999999,132.022,132.8736,129.09,9538510.0
2024-06-04,131.72,134.4,134.92,131.204,12455800.0
2024-06-05,136.69,140.822,141.144,135.238,13989740.0
2024-06-06,141.246,140.632,142.472,139.946,7054375.0
2024-06-07,140.102,139.762,140.798,137.702,5613515.0
2024-06-10,139.464,141.83,142.128,138.712,4653800.0
2024-06-11,142.346,142.408,143.8,141.374,5304910.0
2024-06-12,144.452,144.3,145.9,144.166,6480625.0
2024-06-13,144.4,141.952,145.564,141.834,5596570.0
2024-06-14,143.12,145.716,146.1,143.12,4790150.0
2024-06-17,144.684,145.1,145.866,143.809,5374710.0
2024-06-18,144.572,146.034,146.904,144.1535,5931915.0
2024-06-20,148.4,146.862,148.452,145.883,5920890.0
2024-06-21,147.988,149.866,150.108,146.724,8822385.0
2024-06-24,148.4,147.918,149.636,147.538,6070265.0
2024-06-25,149.0,150.962,151.282,148.476,5181415.0
2024-06-26,150.8,150.782,152.274,150.158,4930335.0
2024-06-27,151.642,154.826,156.0,151.334,5907105.0
2024-06-28,155.086,157.334,157.994,154.176,8608930.0
2024-07-01,156.8,157.792,158.096,154.156,5607385.0
2024-07-02,156.996,158.822,158.83,156.324,4379175.0
2024-07-03,158.734,157.184,159.19,157.038,2887320.0
2024-07-05,157.684,161.294,161.304,157.184,5967115.0
2024-07-08,152.7,153.24,155.33,152.288,10606660.0
2024-07-09,150.192,148.802,152.004,147.402,12174095.0
2024-07-10,148.112,148.63,148.676,146.31,7493900.0
2024-07-11,149.2,149.828,151.3,148.266,6407995.0
2024-07-12,149.8,151.698,152.52,148.8,4547590.0
2024-07-15,153.39,153.57,155.296,151.85,4555440.0
2024-07-16,153.57,152.158,154.008,150.902,4983555.0
2024-07-17,148.0,147.214,149.274,146.04,7278310.0
2024-07-18,147.668,147.754,150.116,146.019,7590000.0
2024-07-19,148.938,150.24,151.176,147.6,5936170.0
2024-07-22,150.962,151.3,152.888,150.75498,5257810.0
2024-07-23,152.694,153.104,155.194,152.132,5036415.0
2024-07-24,151.0,146.174,151.496,145.846,10473530.0
2024-07-25,157.866,165.758,170.066,156.608,32748840.0
2024-07-26,165.17,165.522,169.372,163.614,12050285.0
2024-07-29,165.8,159.812,166.1,159.71,9887360.0
2024-07-30,161.148,159.76,161.148,156.918,5955290.0
2024-07-31,163.232,162.878,164.2915,161.0,6568525.0
2024-08-01,163.772,162.276,167.718,160.424,6691375.0
2024-08-02,158.172,158.128,158.626,153.092,7844335.0
2024-08-05,151.408,156.254,158.19,149.22,10098505.0
2024-08-06,157.4,158.59,162.857,156.256,7729005.0
2024-08-07,161.128,155.256,163.308,154.98688,5312060.0
2024-08-08,158.4,159.228,160.54,157.354,7245520.0
2024-08-09,159.228,162.216,163.20296,159.228,3997730.0
2024-08-12,162.216,161.324,162.9658,160.014,2697875.0
2024-08-13,162.4,163.76,164.574,162.12,3828825.0
2024-08-14,164.4,163.804,165.409,163.1,4165735.0
2024-08-15,165.0,166.422,167.0,164.736,5828740.0
2024-08-16,165.85,165.512,166.207,164.77,4177535.0
2024-08-19,165.184,166.576,166.744,164.237,3207560.0
2024-08-20,167.0,167.644,168.6515,166.416,3923970.0
2024-08-21,166.706,167.836,168.084,166.0,3049360.0
2024-08-22,168.0,164.186,168.51,163.904,3533165.0
2024-08-23,166.0,165.654,166.9,163.0,3510260.0
2024-08-26,165.936,165.572,167.35198,165.098,2681500.0
2024-08-27,164.634,166.348,167.14106,164.634,2407515.0
2024-08-28,166.338,162.822,166.536,161.79202,4322870.0
2024-08-29,164.46,166.254,169.8,164.46,6228050.0
2024-08-30,167.352,171.0,171.45,167.168,9604900.0
2024-09-03,171.28,167.172,172.77,166.17402,6307520.0
2024-09-04,165.944,166.966,167.28,164.248,3545550.0
2024-09-05,165.33,167.08,168.072,165.01,3945690.0
2024-09-06,167.802,165.008,169.684,163.796,5354210.0
2024-09-09,166.698,171.116,171.4,165.394,5645625.0
2024-09-10,172.142,172.03,173.28998,169.498,4419655.0
2024-09-11,171.654,175.192,175.524,168.37002,5012245.0
2024-09-12,176.006,177.226,177.904,174.256,4709350.0
2024-09-13,176.354,175.79,176.9,174.57602,4565245.0
2024-09-16,177.0,178.492,179.598,175.946,5411370.0
2024-09-17,178.13,177.166,179.92164,176.56,5169410.0
2024-09-18,177.552,178.078,179.942,176.46,4905835.0
2024-09-19,181.6,183.85,184.394,180.572,7421560.0
2024-09-20,184.084,187.472,188.024,183.462,18047015.0
2024-09-23,187.376,185.11,189.092,184.584,6064975.0
2024-09-24,185.11,184.72,185.383,181.498,5006280.0
2024-09-25,179.694,178.006,180.2,177.302,11444055.0
2024-09-26,178.73,176.972,178.844,174.286,7997580.0
2024-09-27,176.808,176.358,177.237,175.2744,4533480.0
2024-09-30,175.852,178.878,178.96,175.244,4219400.0
2024-10-01,179.718,173.436,179.718,173.326,6565415.0
2024-10-02,173.8,176.082,176.917,172.648,4666035.0
2024-10-03,175.6,178.128,178.442,175.424,5968790.0
2024-10-04,179.958,183.536,183.658,179.277,5918130.0
2024-10-07,183.824,181.188,184.51,179.986,5618180.0
2024-10-08,185.194,184.4,188.6,183.8541,5903845.0
2024-10-09,184.392,187.73,188.68,183.192,5662135.0
2024-10-10,186.642,188.926,189.8,186.586,5552335.0
2024-10-11,188.564,187.718,189.354,187.418,4270435.0
2024-10-14,189.478,188.938,189.91874,187.182,2836830.0
2024-10-15,189.056,185.592,189.45,185.333,5407930.0
2024-10-16,184.992,183.774,185.4,182.406,5055960.0
2024-10-17,186.556,183.424,186.62,183.02176,3577610.0
2024-10-18,184.2,184.35,185.632,183.424,7113300.0
2024-10-21,180.4,183.668,183.726,179.95442,7085840.0
2024-10-22,183.298,183.59,184.88,182.872,5721250.0
2024-10-23,183.293,181.536,184.022,180.274,9249295.0
2024-10-24,189.678,191.316,195.956,188.082,17004910.0
2024-10-25,191.452,190.17,192.987,189.434,7473765.0
2024-10-28,191.802,189.0,192.0,189.0,6192490.0
2024-10-29,190.0,190.616,191.564,187.88692,8205665.0
2024-10-30,190.206,190.0,192.7,189.896,4754090.0
2024-10-31,188.16,186.598,190.87196,185.67036,6666680.0
2024-11-01,187.472,188.682,190.23198,186.11,4928440.0
2024-11-04,188.806,190.918,192.074,188.32,4741810.0
2024-11-05,192.292,194.208,194.772,191.666,4134775.0
2024-11-06,198.8,198.896,199.406,196.42,6232920.0
2024-11-07,199.36,203.056,204.88798,199.0,6304145.0
2024-11-08,202.188,201.616,203.992,201.004,5474880.0
2024-11-11,202.6,207.202,207.6,202.6,6535260.0
2024-11-12,206.155,209.658,210.65198,205.423999999,6458585.0
2024-11-13,209.658,209.11,212.331,208.7,6568660.0
2024-11-14,209.8,207.96,210.8,206.4,5788550.0
2024-11-15,204.794,202.278,205.944999999,200.602,7492360.0
2024-11-18,203.308,201.068,204.235,200.75,8757630.0
2024-11-19,199.534,204.42,205.16586,198.684,9150925.0
2024-11-20,205.6,204.596,206.338,201.262,5709680.0
2024-11-21,206.726,209.41,210.652,206.1977,5556485.0
2024-11-22,210.2,212.119999999,212.917999999,210.0,7186295.0
2024-11-25,212.919999999,210.542,213.776,209.83,9652980.0
2024-11-26,212.0,214.014,214.567999999,210.896,3722055.0
2024-11-27,212.737,208.28,213.04,207.682,4885705.0
2024-11-29,208.469999999,209.888,210.4,207.673999999,2915460.0
2024-12-02,209.68,209.686,211.064,209.098,5284955.0
2024-12-03,208.017999999,211.464,211.53,207.382,6420950.0
2024-12-04,216.734,224.626,225.32596,216.0,10315020.0
2024-12-05,223.019999999,224.744,226.119999999,222.62202,5377395.0
2024-12-06,227.123999999,224.867999999,227.39998,224.0,4522125.0
2024-12-09,224.84,224.096,226.804,221.142,6116955.0
2024-12-10,222.804,225.567999999,229.473979999,222.804,7997300.0
2024-12-11,227.208,229.436,231.58,227.208,6225350.0
2024-12-12,228.188,229.684,230.936,227.4,3436855.0
2024-12-13,226.0,224.219999999,228.352,222.92002,6736455.0
2024-12-16,223.56,225.986,226.905,222.00002,5932545.0
2024-12-17,226.0,222.944,226.467999999,222.134,6115385.0
2024-12-18,223.498,212.198,223.771,211.398,7942580.0
2024-12-19,214.048,214.973999999,216.164,212.504,9859205.0
2024-12-20,212.0,218.25,220.573999999,211.00002,10129825.0
2024-12-23,217.2,217.652,218.4,214.754,3935050.0
2024-12-24,219.416,221.112,221.31,218.0,2093445.0
2024-12-26,220.0,219.821999999,221.216,218.719999999,2184460.0
2024-12-27,218.4,216.292,218.914,212.4,5084620.0
2024-12-30,213.194,213.54,214.716,211.046,3600560.0
2024-12-31,214.7,212.023999999,214.7,210.586,4205585.0
2025-01-02,214.704,210.867999999,214.742,208.2,5143530.0
2025-01-03,211.86,214.754,214.828,211.344,4493470.0
2025-01-06,216.794,215.41,216.91,213.717,4254745.0
2025-01-07,214.819999999,210.83,217.0,208.894,5667200.0
2025-01-08,212.376,209.816,212.6,208.46,7110180.0
2025-01-10,207.826,204.914,208.306,203.35,7887280.0
2025-01-13,202.226,203.148,204.03,199.826,8562955.0
2025-01-14,206.88,206.258,207.412,204.118,6361455.0
2025-01-15,210.662,210.826,211.912,208.19602,6437265.0
2025-01-16,211.708,211.432,212.95,210.516,3164370.0
2025-01-17,214.516,214.296,216.0,212.4,5409620.0
2025-01-21,217.744,219.369999999,220.973979999,217.244999999,7197210.0
2025-01-22,223.0,225.034,226.14,222.171999999,8184185.0
2025-01-23,223.53,226.84,226.84,222.94968,5369710.0
2025-01-24,228.223999999,224.996,229.0,223.762019999,4588710.0
2025-01-27,223.483,228.123999999,233.196,222.20002,11206390.0
2025-01-28,230.0,234.078,239.617999999,226.394,12188425.0
2025-01-29,232.182,228.726,234.078,227.04,13097090.0
2025-01-30,205.423999999,202.55,206.2,198.0,31037385.0
2025-01-31,206.402,203.676,207.15,202.284,14336520.0
2025-02-03,201.3,204.188,206.198999999,199.61054,10079795.0
2025-02-04,207.982,202.026,208.69,199.66678,9594085.0
2025-02-05,203.072,205.412,205.769999999,202.416,6696105.0
2025-02-06,204.584,204.66,207.056,203.65802,6308445.0
2025-02-07,205.0,201.658,208.46938,200.79202,6935820.0
2025-02-10,203.51,204.362,206.61902,202.25002,5874285.0
2025-02-11,203.0,201.81,204.273,200.788,5079845.0
2025-02-12,199.25,196.48,199.684,196.0,8388245.0
2025-02-13,196.48,197.896,198.4,194.096,7817130.0
2025-02-14,195.82,197.326,197.8,193.32,7517095.0
2025-02-18,197.6,199.496,199.508,194.8,8363460.0
2025-02-19,199.464,197.428,200.569,195.134,8687700.0
2025-02-20,196.016,193.596,196.116,191.774,6756230.0
2025-02-21,192.94,187.682,193.4,186.602,10021065.0
2025-02-24,188.808,185.516,188.9,182.706,8463790.0
2025-02-25,184.744,184.458,185.328,179.642,10721690.0
2025-02-26,185.86,188.392,190.52,185.2,10012710.0
2025-02-27,189.632,184.192,190.67,183.928,7275385.0
2025-02-28,184.194,185.952,185.996,181.49,7839680.0
2025-03-03,187.202,182.062,187.8,180.536,7729540.0
2025-03-04,180.0,181.218,183.468,175.3886,12295510.0
2025-03-05,181.0,183.158,184.8,179.676,7703085.0
2025-03-06,178.0,173.418,181.58,171.65,10820815.0
2025-03-07,171.3,170.126,174.0,166.544,12642345.0
2025-03-10,164.68,156.766,166.4,155.582,19492495.0
2025-03-11,160.0,161.68,165.596,158.8,14995280.0
2025-03-12,166.958,168.628,169.85,164.6853,13709215.0
2025-03-13,166.0,162.324,167.0,161.195,9817805.0
2025-03-14,164.552,168.866,169.8116,164.552,9266195.0
2025-03-17,167.8,168.586,171.136,167.0,8283750.0
2025-03-18,167.486,166.0,167.494,164.07,8840225.0
2025-03-19,167.146,168.824,170.8,166.004,7809150.0
2025-03-20,165.448,164.824,165.652,161.836,12964980.0
2025-03-21,163.228,165.55,165.78,161.76,14536705.0
2025-03-24,169.2,169.946,170.695,168.243,7998525.0
2025-03-25,171.646,172.276,174.198,171.0,8215885.0
2025-03-26,171.268,167.71,172.102,166.806,6748755.0
2025-03-27,167.008,165.548,167.989,164.434,7399905.0
2025-03-28,164.0,159.552,164.202,157.9066,8794255.0
2025-03-31,156.304,159.228,159.8,151.568,14922390.0
2025-04-01,159.644,162.312,162.592,158.5453,7715030.0
2025-04-02,158.936,164.806,165.432,158.936,8132100.0
2025-04-03,156.55,154.814,157.612,151.45,10439180.0
2025-04-04,151.268,144.33,151.754,143.69,14501905.0
2025-04-07,137.6,147.1,151.729,135.73176,14390830.0
2025-04-08,153.602,145.52,155.176,142.638,10616085.0
2025-04-09,145.0,165.19,166.327,144.64,15460130.0
2025-04-10,161.418,156.698,161.998,152.216,10232175.0
2025-04-11,154.262,157.134,157.376,151.0,10514905.0
2025-04-14,160.444,159.964,162.426,157.36,8586505.0
2025-04-15,160.192,163.3,164.98,159.842,8676185.0
2025-04-16,160.922,159.332,164.234,158.147,9347330.0
2025-04-17,160.012,154.432,160.012,153.804,9019520.0
2025-04-21,151.872,151.198,153.109,148.482,8343420.0
2025-04-22,152.56,153.366,155.325,150.488,7914140.0
2025-04-23,164.208,162.54,166.79292,161.4,15096105.0
2025-04-24,180.062,187.714,188.796,179.666,30415290.0
2025-04-25,188.8,189.052,192.0,185.834,14438915.0
2025-04-28,191.97,187.482,192.205,185.426,10261850.0
2025-04-29,188.0,188.572,189.44556,186.11,6228205.0
2025-04-30,186.112,191.002,191.532,184.08,9739340.0
2025-05-01,194.772,191.59,195.72398,191.504,9038540.0
2025-05-02,195.784,195.472,197.1,193.81202,8346860.0
2025-05-05,194.6,195.61,198.4,194.268,6370835.0
2025-05-06,193.808,193.052,195.735,192.837,6402530.0
2025-05-07,194.244,196.658,197.46198,193.458,8651620.0
2025-05-08,197.0,194.898,198.4,194.56128,7343980.0
2025-05-09,196.0,196.012,197.356,194.324,4600335.0
2025-05-12,201.704,203.12,203.4,199.134,7160525.0
2025-05-13,204.6,207.344,207.996,203.4,7415450.0
2025-05-14,207.4,205.364,209.19998,205.33,7072935.0
2025-05-15,206.884,207.036,208.13,204.39202,4940170.0
2025-05-16,207.678,208.036,208.748,206.625,5804740.0
2025-05-19,205.789,205.15,206.938,203.21,10357610.0
2025-05-20,203.0,204.368,204.932,202.66356,5377235.0
2025-05-21,201.78,202.952,206.148,201.116,6298000.0
2025-05-22,202.952,203.154,205.498,202.358,4281895.0
2025-05-23,200.0,200.874,202.858,198.91912,6940645.0
2025-05-27,202.722,205.478,205.966,202.59602,5512535.0
2025-05-28,205.478,204.26,207.53398,203.635,4966365.0
2025-05-29,204.634,203.046,204.9165,200.94,6331225.0
2025-05-30,204.0,202.218,204.0,200.518,13319520.0
2025-06-02,201.828,202.422,203.589,200.06,5012970.0
2025-06-03,202.364,202.176,203.25,201.1,5119425.0
2025-06-04,202.312,202.548,203.51,200.592,3589590.0
2025-06-05,205.462,203.52,206.288,202.834,4521670.0
2025-06-06,205.246,206.042,206.919999999,203.268,4798615.0
2025-06-09,206.2,205.371999999,206.89598,203.612,4538750.0
2025-06-10,204.228,201.958,205.371999999,199.824,5947685.0
2025-06-11,202.048,200.866,203.544,200.279,3714115.0
2025-06-12,200.52,201.474,203.208,200.52,4240895.0
2025-06-13,199.606,197.732,200.2,195.637,6662295.0
2025-06-16,198.4,201.026,203.394,198.276,6154400.0
2025-06-17,200.77,200.982,202.4,199.868,4099885.0
2025-06-18,200.888,196.416,201.408,195.84002,6047385.0
2025-06-20,197.118,194.282,197.201,193.09,10038540.0
2025-06-23,194.282,196.08,196.26598,191.36554,5499570.0
2025-06-24,198.0,199.264,199.9,197.0,7570090.0
2025-06-25,199.656,201.032,202.8,199.63,5968680.0
2025-06-26,201.436,202.288,202.712,198.9002,6022120.0
2025-06-27,202.556,204.484,206.606,202.414,7571680.0
2025-06-30,205.948,205.616,207.273999999,203.68944,5046545.0
2025-07-01,205.452,202.378,206.388,198.946,6221305.0
2025-07-02,200.074,201.952,202.207,198.4,4358635.0
2025-07-03,203.546,208.938,211.477979999,203.0,6029430.0
2025-07-07,208.646,207.002,209.8,205.523999999,5668110.0
2025-07-08,207.436,204.596,207.754,202.25,7300975.0
2025-07-09,204.9,202.742,205.602,201.8,5768060.0
2025-07-10,202.74,193.618,202.74,193.062,10024500.0
2025-07-11,192.0,187.756,193.2,186.834,10773665.0
2025-07-14,187.74,192.356,192.86798,187.028,9063740.0
2025-07-15,193.054,191.384,194.868,191.2,6321375.0
2025-07-16,193.012,193.394,193.818,190.676,4925720.0
2025-07-17,193.698,191.83,195.0,191.0,6378065.0
2025-07-18,191.61,192.68,192.703,189.946,5778790.0
2025-07-21,191.906,191.982,193.81942,191.6,5563860.0
2025-07-22,192.756,192.474,194.792,191.368,5878685.0
2025-07-23,189.572,191.286,193.37,189.572,9920150.0
2025-07-24,206.932,199.236,210.2,196.4,20350260.0
2025-07-25,200.024,193.758,200.2,192.81626,9998140.0
2025-07-28,195.2,197.15,199.208,195.196,7374005.0
2025-07-29,198.306,198.64,201.15,196.456,6038695.0
2025-07-30,198.318,195.496,198.605,194.6,5470860.0
2025-07-31,196.4,188.624,196.4,188.012,10659520.0
2025-08-01,187.458,182.874,187.458,181.897,9055625.0
2025-08-04,183.703,184.6,185.91694,183.052,6427550.0
2025-08-05,184.4,181.024,185.1,180.89,7242325.0
2025-08-06,182.32,182.462,182.61,180.566,5342810.0
2025-08-07,184.4,174.824,184.577,172.4,13993435.0
2025-08-08,175.678,174.502,176.4,172.428,9514095.0
2025-08-11,173.584,171.274,175.9958,170.179,11848975.0
2025-08-12,171.562,170.686,171.946,168.006,14351995.0
2025-08-13,172.114,172.66,172.88012,168.54,12267840.0
2025-08-14,171.232,170.172,172.596,169.26802,8941340.0
2025-08-15,170.354,173.448,173.588,169.724,8794060.0
2025-08-18,173.29,178.41,178.448,173.074,12886925.0
2025-08-19,178.68,177.356,180.182,176.19146,10921115.0
2025-08-20,176.852,178.05,179.778,176.0,9859550.0
2025-08-21,177.186,175.394,177.675,174.614,5634945.0
2025-08-22,175.668,177.35,179.276,174.6,5421930.0
2025-08-25,177.941,175.988,178.034,175.738,4306460.0
2025-08-26,175.8,172.932,176.0,171.016,13418480.0
2025-08-27,174.334,177.596,177.922,173.64,6011180.0
2025-08-28,178.1,185.72,187.156,177.948,15217980.0
2025-08-29,185.852,183.492,186.798,181.942,9409955.0
2025-09-02,180.354,182.284,182.849,178.9272,6239655.0
2025-09-03,181.798,183.876,184.268,178.902,6690565.0
2025-09-04,181.896,179.712,182.045,175.638,8519555.0
2025-09-05,180.83,182.76,183.24,180.27,6419255.0
2025-09-08,183.028,187.866,188.964,182.511,8181905.0
2025-09-09,189.0,186.734,189.0,185.56,5988060.0
2025-09-10,187.2,184.714,188.984,183.866,8242845.0
2025-09-11,185.544,187.656,188.534,184.729,5866210.0
2025-09-12,188.346,185.792,188.37,185.386,3556085.0
2025-09-15,186.09,189.484,191.234,185.946,7731365.0
2025-09-16,188.142,186.402,189.287,185.694,6502380.0
2025-09-17,187.35,190.074,190.753,186.65,6422955.0
2025-09-18,191.31,189.548,192.407,188.102,7455445.0
2025-09-19,190.37,192.23,193.148,190.0,14036025.0
2025-09-22,190.778,189.556,191.35,186.182,6040030.0
2025-09-23,189.512,185.534,190.1,185.29,7035190.0
2025-09-24,192.528,186.674,194.726,186.22,10111345.0
2025-09-25,185.49,183.722,185.637,182.092,5944965.0
2025-09-26,183.938,187.2,187.628,183.34,4457870.0
2025-09-29,188.412,188.17,190.912,187.848,5115990.0
2025-09-30,187.82,184.056,188.329,180.9,7078105.0
2025-10-01,184.188,182.486,187.0,178.45078,9149710.0
2025-10-02,182.334,182.02,183.01,179.108,7561195.0
2025-10-03,182.73,182.472,183.94,181.666,5833260.0
2025-10-06,180.804,182.568,185.952,179.108,6440820.0
2025-10-07,182.8,180.848,183.159,178.672,5974455.0
2025-10-08,182.0,182.864,184.068,181.466,5452820.0
2025-10-09,180.78,183.59,183.93,178.746,5196950.0
2025-10-10,184.0,177.742,185.6,177.461,7019555.0
2025-10-13,179.408,184.74,185.152,178.532,5926670.0
2025-10-14,181.47,182.252,184.854,179.473,4396155.0
2025-10-15,183.6,180.61,184.42,179.94,3817100.0
2025-10-16,182.794,178.898,185.8,177.614,5392170.0
2025-10-17,178.0,180.72,181.306,177.59,4200455.0
2025-10-20,181.328,183.51,184.404,181.27,5358615.0
2025-10-21,183.5,188.3,188.888,182.056,6301205.0
2025-10-22,188.358,187.13,189.59998,185.58,6075230.0
2025-10-23,186.238,187.834,188.9166,185.6,4223260.0
2025-10-24,189.15,186.034,190.0,185.776,5355085.0
2025-10-27,188.814,189.258,190.338,187.402,5735105.0
2025-10-28,189.862,187.582,190.2,187.582,4724660.0
2025-10-29,186.908,182.34,186.908,182.02,13433755.0
2025-10-30,185.346,186.936,192.96598,179.385,15203200.0
2025-10-31,188.642,183.856,189.53,180.664,11873370.0
2025-11-03,184.428,182.768,184.428,177.204,8732825.0
2025-11-04,180.0,177.514,181.726,175.31,9724680.0
2025-11-05,178.334,175.926,178.524,174.46,7603760.0
2025-11-06,174.95,171.754,175.8,170.002,10231000.0
2025-11-07,170.268,172.374,172.62,168.11,8162490.0
2025-11-10,172.772,173.26,173.72,170.234,7045360.0
2025-11-11,172.686,172.134,174.13,171.866,5176825.0
2025-11-12,173.742,172.808,174.0,169.834,7603600.0
2025-11-13,170.476,169.938,172.5999,168.796,8147030.0
2025-11-14,168.398,170.086,173.063,167.8092,5917305.0
2025-11-17,169.384,167.158,170.696,165.642,5700750.0
2025-11-18,165.416,163.594,166.99998,162.321,7640335.0
2025-11-19,163.332,163.29,164.228,161.513,9576840.0
2025-11-20,166.1,160.092,166.338,159.456,8095580.0
2025-11-21,160.46,162.686,163.922,159.0,7353910.0
2025-11-24,162.68,163.168,163.898,160.76112,8947035.0
2025-11-25,162.474,165.062,166.18,162.2,7279940.0
2025-11-26,163.45,160.544,164.404,159.968,10035270.0
2025-11-28,161.6,162.482,162.8,161.002,4520350.0
2025-12-01,160.334,164.414,165.214,159.8,6934225.0
2025-12-02,165.724,164.876,166.685,164.8,6551620.0
2025-12-03,164.4,166.58,166.596,162.692,4619730.0
2025-12-04,168.2,167.774,169.3,166.138,5550200.0
2025-12-05,168.166,170.872,172.3,167.602,6472870.0
2025-12-08,170.848,170.704,174.395,170.086,7741080.0
2025-12-09,170.522,170.982,172.2,169.8,4896120.0
2025-12-10,170.114,170.712,172.331,169.11,8460455.0
2025-12-11,170.6,173.498,175.0,170.224,7038740.0
2025-12-12,173.478,173.012,174.926,171.582,7495155.0
2025-12-15,159.6,153.04,160.68,152.106,29629125.0
2025-12-16,154.894,156.224,157.2146,153.914,16672575.0
2025-12-17,157.0,156.478,161.932,156.29,11774455.0
2025-12-18,156.51,153.38,157.7799,151.15,9644020.0
2025-12-19,152.97,155.31,156.16,152.54,25257483.0
2025-12-22,156.86,156.68,157.155,153.15,11120320.0
2025-12-23,155.5,154.36,156.09,151.63,12572497.0
2025-12-24,153.5,152.59,153.9436,152.01,3896794.0
2025-12-26,152.5,153.89,154.48,152.21,5450461.0
2025-12-29,153.07,154.58,155.694,152.79,7157749.0
2025-12-30,153.85,154.23,154.69,153.25,5110624.0
2025-12-31,153.99,153.19,154.54,152.68,5256089.0
2026-01-02,153.08,147.45,153.2,145.64,9896627.0
2026-01-05,146.51,147.6,149.81,145.79,9854884.0
2026-01-06,147.42,148.81,149.57,146.7,6428186.0
2026-01-07,148.0,150.9,152.11,147.7512,6195552.0
2026-01-08,149.94,146.19,150.3,146.18,7426050.0
2026-01-09,147.35,141.8,147.35,141.43,11845425.0
2026-01-12,141.64,142.64,143.765,141.1479,9899964.0
2026-01-13,142.14,138.19,144.7,137.18,12898270.0
2026-01-14,137.39,134.61,138.19,132.61,15646945.0
2026-01-15,135.15,131.17,136.235,129.93,14582794.0
2026-01-16,129.7,127.31,131.35,126.85,20052358.0
2026-01-20,126.57,125.4,128.78,125.03,19712233.0
2026-01-21,128.0,125.3,128.01,123.78,16119611.0
2026-01-22,126.0,128.56,128.73,125.1,12944216.0
2026-01-23,128.65,133.11,133.85,128.23,16605381.0
2026-01-26,134.55,136.34,136.63,133.27,17489740.0
2026-01-27,135.83,131.8,136.03,130.86,11804175.0
2026-01-28,132.27,129.62,133.67,129.14,21254084.0
2026-01-29,118.53,116.73,118.96,113.13,55125067.0
2026-01-30,117.54,117.01,118.83,115.89,28053900.0
2026-02-02,118.8,118.0,121.67,116.35,18889053.0
2026-02-03,115.02,109.77,115.89,108.1,34729644.0
2026-02-04,107.19,111.07,111.15,105.25,36718099.0
2026-02-05,109.26,102.63,112.09,101.725,36178844.0
2026-02-06,101.68,100.74,104.0,98.94,34727047.0
2026-02-09,100.0,103.87,104.25,98.0,23127386.0
2026-02-10,104.99,106.48,108.98,104.9,21869554.0
2026-02-11,105.58,100.58,105.94,99.42,26075978.0
2026-02-12,101.92,103.29,103.71,99.27,27213071.0
2026-02-13,105.15,107.08,107.69,104.59,22771170.0
2026-02-17,109.56,105.91,110.85,103.88,27342961.0
2026-02-18,105.93,107.81,108.26,103.4,18138718.0
2026-02-19,108.07,107.37,109.22,106.19,13224743.0
2026-02-20,106.0,104.27,107.8,103.82,15700314.0
2026-02-23,101.94,100.8,101.94,99.18,24199956.0
2026-02-24,100.96,102.49,105.7,100.51,18461695.0
2026-02-25,101.63,104.23,104.73,100.16,15493136.0
2026-02-26,107.45,109.3,110.15,106.5701,26565077.0
2026-02-27,105.0,108.01,108.7,104.0,19085185.0
2026-03-02,105.98,109.42,111.075,105.1,14780512.0
2026-03-03,108.0,113.19,114.92,107.5067,17606052.0
2026-03-04,112.11,113.86,115.21,111.5,17432036.0
2026-03-05,114.77,120.38,122.08,114.13,26567952.0
2026-03-06,120.5,124.34,124.66,120.175,25972281.0
2026-03-09,123.06,121.93,126.67,121.2853,20324655.0
2026-03-10,120.99,116.61,121.43,114.66,21872618.0
2026-03-11,117.4,115.63,118.83,113.6,14594932.0
2026-03-12,115.28,112.97,117.21,112.42,18372088.0
2026-03-13,112.81,113.62,115.9099,111.71,14846421.0
2026-03-16,116.9,114.88,117.2,113.8,12289433.0
2026-03-17,115.4,116.72,118.99,114.2,13368492.0
2026-03-18,115.0,113.71,117.44,113.53,10080118.0
2026-03-19,114.18,113.27,117.09,111.945,11361578.0
2026-03-20,111.3,110.38,112.15,109.12,18863005.0
2026-03-23,110.76,110.95,113.25,109.89,12219082.0
2026-03-24,109.14,104.65,109.25,104.32,17835244.0
2026-03-25,106.5,103.06,106.88,101.14,14728636.0
2026-03-26,102.42,103.64,105.84,100.88,11595349.0
2026-03-27,102.64,99.41,102.67,98.34,18109916.0
2026-03-30,100.06,104.97,105.99,99.5,18685639.0
2026-03-31,105.54,104.55,106.58,104.06,16821305.0
2026-04-01,105.23,104.04,105.9,102.01,12439653.0
2026-04-02,101.79,102.0,103.41,98.455,16629939.0
2026-04-06,102.965,102.42,103.33,100.4,9141302.0
2026-04-07,102.77,100.55,103.96,99.5,12008228.0
2026-04-08,104.76,97.47,105.58,96.96,19796897.0
2026-04-09,96.5,89.81,97.16,88.6611,42131524.0
2026-04-10,88.91,83.0,88.91,81.24,58715602.0
2026-04-13,84.77,89.06,89.24,84.1806,31675449.0
2026-04-14,90.74,87.79,92.4,87.115,25132668.0
2026-04-15,90.195,94.19,94.83,89.2,25835933.0
2026-04-16,97.61,96.44,99.3889,95.372,21971842.0
2026-04-17,97.95,96.66,98.8248,96.13,17754618.0
2026-04-20,97.44,99.72,100.6697,96.81,20306567.0
2026-04-21,100.35,100.14,104.5,99.06,24147878.0
2026-04-22,101.5,103.07,104.31,101.03,35714825.0
2026-04-23,87.25,84.78,90.02,83.58,84103053.0
2026-04-24,85.78,90.17,90.39,84.93,39011787.0
2026-04-27,89.06,90.45,94.03,87.81,32789128.0
2026-04-28,91.1,90.49,93.0,90.1335,20990419.0
2026-04-29,89.06,88.89,89.3,87.1,18646580.0
2026-04-30,87.95,88.31,88.71,85.88,22152196.0
2026-05-01,90.93,91.16,92.6049,87.87,22911831.0
2026-05-04,91.27,91.97,95.62,91.1,21863487.0
2026-05-05,92.25,92.01,92.8877,89.14,22756773.0
2026-05-06,91.6,89.05,91.68,88.21,23117901.0
2026-05-07,92.17,93.59,95.56,91.89,27960738.0
2026-05-08,91.13,91.18,91.85,88.99,24699020.0
2026-05-11,91.04,91.49,94.75,90.47,21402857.0
2026-05-12,92.465,89.0,92.77,88.685,22354585.0
2026-05-13,88.58,87.05,88.58,86.0104,22107022.0
2026-05-14,87.32,90.5,92.0,85.44,25571514.0
2026-05-15,92.09,95.07,96.67,91.97,34569746.0
2026-05-18,98.86,103.42,104.68,97.85,51220734.0
2026-05-19,110.14,101.83,110.83,100.7723,55624414.0
2026-05-20,100.75,103.3,103.35,97.5,30037715.0
2026-05-21,100.99,99.69,101.59,98.11,26474043.0
2026-05-22,102.18,102.13,104.59,99.4328,23646295.0
2026-05-26,100.555,99.92,102.54,98.72,23589915.0
2026-05-27,99.21,102.12,105.4,98.55,28633258.0
2026-05-28,107.0,108.73,110.16,104.6,39117684.0
2026-05-29,118.48,124.37,124.74,116.29,68243445.0
2026-06-01,135.77,135.86,139.2,131.61,68788965.0
2026-06-02,129.9,127.65,132.7399,124.12,41371643.0
2026-06-03,127.99,117.9,128.0786,117.34,34316415.0
2026-06-04,121.94,119.36,124.8,119.36,28143982.0
2026-06-05,119.19,112.45,121.2,111.562,31452022.0
2026-06-08,111.685,114.19,115.36,111.2,19737744.0
2026-06-09,110.31,106.97,112.39,103.08,35824771.0
2026-06-10,105.28,106.06,109.795,104.73,20052679.0
2026-06-11,103.025,103.08,105.12,101.33,28321516.0
2026-06-12,103.38,102.15,103.45,98.42,26049350.0
2026-06-15,104.8,104.15,107.18,103.35,23017970.0
2026-06-16,102.9,101.33,105.6644,101.2,17198406.0
2026-06-17,100.68,95.48,102.89,95.09,32165614.0
2026-06-18,95.31,95.04,96.2413,92.45,36337231.0
2026-06-22,93.3,93.01,97.44,91.48,24940905.0
2026-06-23,95.14,95.94,97.5,94.61,32559715.0
2026-06-24,94.0,93.8,96.99,93.42,17246445.0
2026-06-25,91.7,89.52,92.06,89.39,23735598.0
2026-06-26,90.44,98.34,98.92,90.0,27314851.0
2026-06-29,100.48,99.97,103.21,99.47,25023060.0
2026-06-30,97.31,99.28,99.635,96.95,19433321.0
2026-07-01,103.6,105.8,106.69,101.765,26458594.0
2026-07-02,106.22,106.32,107.6799,103.84,20276620.0
2026-07-06,104.1,107.93,110.635,103.3359,16524507.0
2026-07-07,111.545,110.73,113.79,109.04,22339364.0
2026-07-08,106.21,107.78,108.44,105.4,15069394.0
2026-07-09,102.025,108.84,109.25,101.51,14241364.0
2026-07-10,111.27,107.71,111.5,105.71,11096949.0
2026-07-13,109.5,111.26,113.03,107.6523,16607255.0
2026-07-14,103.74,104.85,107.96,102.61,23213068.0
2026-07-15,106.5,104.73,108.75,104.33,13784215.0
2026-07-16,104.94,104.01,105.86,99.31,20318249.0
2026-07-17,102.88,103.24,105.83,102.64,16207257.0
2026-07-20,100.521,104.7,105.33,98.43,20547059.0
2026-07-21,101.65,102.06,104.5799,101.05,19158503.0
2026-07-22,100.87,95.46,101.16,94.74,43600908.0
2026-07-23,100.005,91.94,100.25,91.5311,48998238.0
2026-07-24,94.92,98.78,98.925,94.87,29625392.0
2026-07-27,101.87,105.56,108.1488,100.35,32533721.0
2026-07-28,106.88,110.62,112.28,106.5,33681078.0
2026-07-29,110.42,115.76,118.36,109.5,40448128.0
2026-07-30,110.5,110.07,113.115,106.38,29757945.0
2026-07-31,108.5,111.23,112.39,106.05,20525330.0
2026-08-03,114.51,114.19,119.64,113.7,24517547.0
2026-08-04,112.59,118.14,118.33,112.0,19398635.0
2026-08-05,119.9,117.22,120.0,115.71,15596907.0
2026-08-06,113.0,117.35,117.42,111.8,16281461.0
2026-08-07,121.665,124.88,126.15,120.96,26705943.0
2026-08-10,124.72,127.44,127.89,123.28,17216070.0
2026-08-11,126.26,127.54,128.9699,125.16,13460978.0
2026-08-12,123.64,124.94,125.64,121.85,12654575.0
2026-08-13,125.595,127.25,129.75,121.65,23124880.0
2026-08-14,127.7,124.0,128.65,122.17,15030799.0
2026-08-17,122.43,117.7,123.36,117.585,20204166.0
2026-08-18,119.48,119.49,121.838,117.84,17341506.0
2026-08-19,118.64,127.2,129.6,118.5113,22503782.0
2026-08-20,128.145,129.75,131.15,127.1,16952258.0
2026-08-21,130.29,128.48,131.18,127.47,12504630.0
2026-08-24,128.055,128.05,130.15,127.59,8949329.0
2026-08-25,125.955,127.0,129.805,125.25,12317489.0
2026-08-26,122.33,125.8,126.56,121.88,13384897.0
2026-08-27,130.48,138.43,139.32,130.25,27815534.0
2026-08-28,138.48,144.71,145.72,137.8,29034354.0
2026-08-31,142.08,147.99,149.6,141.69,26013730.0
2026-09-01,144.55,142.9,146.9599,142.06,16926088.0
2026-09-02,140.3,136.72,142.6,136.375,14617717.0
2026-09-03,140.99,145.59,146.98,140.81,18172777.0
2026-09-04,143.315,141.26,145.2582,138.8,12505095.0
2026-09-08,136.72,134.21,136.98,132.4583,14614138.0
2026-09-09,133.58,131.11,134.5999,130.852,10674693.0
2026-09-10,130.64,131.17,134.7,130.64,13852216.0
2026-09-11,130.5,132.53,134.45,130.39,10729980.0
