time_key,open,close,high,low,volume
2018-01-02,21.724644027,21.57591992,21.7381644,21.497051076,1482804.0
2018-01-03,21.747177982,21.810273058,21.841820596,21.675069325,1504762.0
2018-01-04,21.796752685,21.724644027,21.810273058,21.666055742,1208464.0
2018-01-05,21.715630445,21.837313805,21.846327387,21.706616862,1290786.0
2018-01-08,21.756191565,21.814779849,21.837313805,21.676872041,1228090.0
2018-01-09,21.742671191,21.891395298,21.936463209,21.675069325,1782380.0
2018-01-10,21.94097,21.85984776,21.94097,21.720137236,1757576.0
2018-01-11,21.828300222,21.936463209,21.949983582,21.801259476,1004530.0
2018-01-12,21.873368134,21.972517538,22.004065076,21.850834178,2192154.0
2018-01-16,22.058146569,22.094200898,22.28078205,22.053639778,2254006.0
2018-01-17,22.405169485,22.58994792,22.738672027,22.354242745,2310470.0
2018-01-18,22.567413964,22.635015831,22.698110907,22.454744187,1790308.0
2018-01-19,23.049640613,23.211885093,23.225405467,23.013586284,4188050.0
2018-01-22,23.112735689,23.283993751,23.288500542,23.058654195,2221592.0
2018-01-23,23.450745022,23.27948696,23.473278978,23.225405467,2561638.0
2018-01-24,23.216391884,23.184844347,23.419197484,23.060456912,1926558.0
2018-01-25,23.324554871,23.063160987,23.333568453,22.997812515,2307402.0
2018-01-26,23.265966587,23.369622782,23.378636364,23.21864528,2191370.0
2018-01-29,22.982038747,23.094708524,23.180337555,22.954998,2627038.0
2018-01-30,22.878382551,22.71163128,22.968518373,22.67107016,2903712.0
2018-01-31,22.594454711,22.179829929,22.626002249,22.017585449,3061718.0
2018-02-01,20.674561698,20.543864756,20.84581976,20.183772146,7568462.0
2018-02-02,20.264443707,19.912914001,20.295991245,19.876859672,4961016.0
2018-02-05,20.138253556,19.38111265,20.205855423,19.372099067,4336478.0
2018-02-06,19.498289219,19.489275636,19.674054072,19.074650854,6695340.0
2018-02-07,19.701094819,19.683067654,19.971502285,19.570397876,7166646.0
2018-02-08,19.466741681,19.034089734,19.633492952,19.034089734,4439952.0
2018-02-09,19.511809592,19.732642356,19.885873254,19.124225556,7086976.0
2018-02-12,19.953475121,19.912914001,20.039104152,19.759683103,2210076.0
2018-02-13,19.795737432,19.768696685,19.82728497,19.637999743,3353254.0
2018-02-14,19.692081236,20.061638107,20.106706018,19.656026907,2285218.0
2018-02-15,20.318525201,20.404154232,20.444715352,20.142760347,2147796.0
2018-02-16,20.679068489,20.539357965,20.854833343,20.471756098,4846208.0
2018-02-20,20.255430125,20.147267138,20.395140649,20.106706018,3328144.0
2018-02-21,20.597946249,20.390633858,20.717376214,20.377113485,4963166.0
2018-02-22,21.341566783,21.080172898,21.41367544,20.990037076,6427590.0
2018-02-23,21.260444543,21.472263725,21.479023911,21.111720436,2719922.0
2018-02-26,21.49479768,21.7381644,21.756191565,21.49479768,3438418.0
2018-02-27,21.125240809,20.88638088,21.25143096,20.88638088,3235720.0
2018-02-28,20.760190729,20.368099903,20.782724685,20.368099903,2180164.0
2018-03-01,19.98952945,19.809257805,20.039104152,19.615465787,3454556.0
2018-03-02,19.831791761,20.03009057,20.057131316,19.755176312,3890142.0
2018-03-05,19.795737432,20.075158481,20.129239974,19.78672385,3431304.0
2018-03-06,20.102199227,19.976009076,20.15177393,19.90299906,2407144.0
2018-03-07,19.926434374,19.985022658,19.985022658,19.782217058,2932846.0
2018-03-08,19.939954747,20.160787512,20.214869005,19.90840721,2965432.0
2018-03-09,19.976009076,20.093185645,20.172054489,19.976009076,2155702.0
2018-03-12,20.012063405,20.093185645,20.138253556,19.976009076,2171300.0
2018-03-13,20.129239974,19.849818925,20.174307885,19.804751014,4879136.0
2018-03-14,19.912914001,19.831791761,19.980515867,19.710108401,1846430.0
2018-03-15,19.917420792,19.876859672,20.102199227,19.822778178,1598590.0
2018-03-16,19.82728497,19.899393627,19.962488703,19.795737432,2756856.0
2018-03-19,20.079665272,19.899393627,20.11121281,19.74616273,2469390.0
2018-03-20,19.82728497,19.935447956,20.021076987,19.782217058,2563520.0
2018-03-21,19.926434374,19.813764596,20.007556614,19.791230641,1789890.0
2018-03-22,19.516316383,19.345058321,19.664589811,19.318017574,1839612.0
2018-03-23,19.564079355,19.383807711,19.721817044,19.370287338,3138264.0
2018-03-26,19.861527569,19.86603436,20.073346751,19.469436742,2975362.0
2018-03-27,19.636188013,19.415355249,19.717310253,19.325219426,2049360.0
2018-03-28,19.90659548,19.667735551,19.920115853,19.654215177,3220610.0
2018-03-29,19.757871373,19.726323835,19.86603436,19.62266764,1630776.0
2018-04-02,19.753364582,19.347753382,19.768687672,19.21705644,1972540.0
2018-04-03,19.708296671,19.676749133,19.712803462,19.293671889,2743368.0
2018-04-04,19.253110769,19.546052191,19.58210652,19.221563231,3076706.0
2018-04-05,19.568586146,19.532531818,19.70378988,19.507744466,2357074.0
2018-04-06,19.546052191,19.41986204,19.70378988,19.307192262,1873496.0
2018-04-09,19.870541151,19.9471566,20.116161266,19.793925702,1890836.0
2018-04-10,20.177002946,20.253618395,20.348261008,20.113907871,2545888.0
2018-04-11,20.091373915,20.019265257,20.174749551,19.989971115,2143466.0
2018-04-12,19.9471566,20.050812795,20.1499622,19.942649809,1748164.0
2018-04-13,19.789418911,19.681255924,19.827726635,19.62266764,2050336.0
2018-04-16,19.965183764,19.66322876,19.974197346,19.66322876,2067246.0
2018-04-17,19.609147266,19.721817044,19.762378164,19.58210652,1983282.0
2018-04-18,19.469436742,19.469436742,19.593824177,19.428875622,1706272.0
2018-04-19,19.162974947,19.009744049,19.25761756,18.937635391,2601016.0
2018-04-20,18.725816209,18.815952031,18.919608227,18.676241507,5174750.0
2018-04-23,18.658214342,18.775390911,18.838485987,18.631173596,4587124.0
2018-04-24,18.730323,18.748350164,19.009744049,18.698775462,6350720.0
2018-04-25,18.509490236,18.658214342,18.721309418,18.495969862,4597904.0
2018-04-26,18.784404493,18.784404493,18.883553898,18.673988111,2193180.0
2018-04-27,18.879047107,18.910594644,19.009744049,18.829472404,1378704.0
2018-04-30,18.743843373,18.685255089,18.897074271,18.671734716,2757656.0
2018-05-01,19.023264422,19.036784795,19.041291587,18.847499569,2836148.0
2018-05-02,20.131935035,19.618160849,20.167989364,19.591120102,4612000.0
2018-05-03,19.356766964,19.21705644,19.397328084,19.059318751,5012590.0
2018-05-04,18.888060689,19.068332333,19.099879871,18.865526733,4194434.0
2018-05-07,19.072839124,19.086359498,19.21705644,18.991716884,3025774.0
2018-05-08,19.203536066,19.325219426,19.428875622,19.133680804,3617080.0
2018-05-09,19.181002111,19.181002111,19.262124351,19.039038191,1930822.0
2018-05-10,19.307192262,19.230576813,19.451409578,19.226070022,2149616.0
2018-05-11,19.311699053,19.654215177,19.717310253,19.271137933,3628124.0
2018-05-14,20.064333169,20.055319586,20.201790297,20.001238093,3079600.0
2018-05-15,19.325219426,19.266631142,19.397328084,19.235083604,2914148.0
2018-05-16,19.464929951,19.550558982,19.573092938,19.395074689,3264760.0
2018-05-17,19.505491071,19.609147266,19.613654058,19.496477489,1007640.0
2018-05-18,19.334233009,19.487463906,19.496477489,19.293671889,1737772.0
2018-05-21,19.613654058,19.473943533,19.631681222,19.464929951,1264040.0
2018-05-22,19.46042316,19.442395995,19.555065773,19.422115435,1849430.0
2018-05-23,19.077345915,19.284658306,19.29817868,19.072839124,2101162.0
2018-05-24,19.144947782,19.208042858,19.271137933,19.068332333,2256742.0
2018-05-25,19.059318751,19.041291587,19.158468155,18.984956698,1408920.0
2018-05-29,18.743843373,18.622160013,18.910594644,18.500476653,6463736.0
2018-05-30,18.833979195,18.964676138,19.036784795,18.707789044,6134452.0
2018-05-31,18.960169347,18.955662555,18.996223675,18.793418075,1984558.0
2018-06-01,19.153961364,19.086359498,19.167481738,19.030024609,1602836.0
2018-06-04,19.140440991,18.982703302,19.158468155,18.784404493,2857450.0
2018-06-05,19.05481196,18.883553898,19.090866289,18.865526733,2183272.0
2018-06-06,18.64920076,18.644693969,18.712295836,18.473435907,3939524.0
2018-06-07,18.369779711,18.266123516,18.468929116,18.248096351,3436362.0
2018-06-08,17.752349329,17.779390076,17.905580227,17.711788209,7062434.0
2018-06-11,17.810937614,17.734322165,17.846991942,17.729815374,2807924.0
2018-06-12,17.653199925,17.490955445,17.657706716,17.484195258,2555022.0
2018-06-13,17.666720298,17.585598058,17.680240671,17.511236005,2897460.0
2018-06-14,17.585598058,17.653199925,17.716295,17.55405052,2112756.0
2018-06-15,17.680240671,17.738828956,17.842485151,17.610385409,4147216.0
2018-06-18,17.747842538,17.698267836,17.761362911,17.603625222,2908398.0
2018-06-19,17.581091267,17.662213507,17.705028022,17.563064102,2379478.0
2018-06-20,17.684747462,18.103879036,18.3247118,17.630665969,5509272.0
2018-06-21,18.662721133,18.441888369,18.676241507,18.36527292,4191290.0
2018-06-22,18.644693969,18.640187178,18.712295836,18.44639516,4121356.0
2018-06-25,18.910594644,18.698775462,18.937635391,18.577092102,5871288.0
2018-06-26,18.40583404,18.297671053,18.432874787,18.250349747,4486438.0
2018-06-27,18.306684636,18.004729631,18.306684636,17.986702467,3445580.0
2018-06-28,17.950648138,18.027263587,18.085851871,17.896566645,2340146.0
2018-06-29,18.414847622,18.315698218,18.44639516,18.315698218,2431376.0
2018-07-02,18.351752547,18.604132849,18.619906618,18.311191427,3416972.0
2018-07-03,18.874540315,18.698775462,18.879047107,18.694268671,2299460.0
2018-07-05,19.126920618,19.077345915,19.1359342,18.89256748,3987846.0
2018-07-06,19.343246591,19.347753382,19.439241242,19.244097186,4979682.0
2018-07-09,19.482957115,19.46042316,19.509997862,19.383807711,2396576.0
2018-07-10,19.771391746,19.838993613,19.861527569,19.679002529,4532522.0
2018-07-11,19.70378988,19.5415454,19.730830626,19.516758049,2393552.0
2018-07-12,19.780405329,20.019265257,20.021518653,19.753364582,2946146.0
2018-07-13,19.829980031,20.010251675,20.046306004,19.82547324,2078414.0
2018-07-16,19.829980031,19.848007195,19.927236583,19.820515769,1709078.0
2018-07-17,19.888568315,20.127428244,20.17087371,19.879554733,3153606.0
2018-07-18,20.118414662,20.163482573,20.226577648,20.037292422,1465800.0
2018-07-19,19.920115853,19.978704137,20.023772049,19.82547324,2609666.0
2018-07-20,20.136441826,20.262631977,20.348261008,20.113907871,2757800.0
2018-07-23,20.244604813,20.217564066,20.366288173,20.206297088,1985900.0
2018-07-24,20.388822128,20.447410413,20.508297161,20.300038344,2147688.0
2018-07-25,20.424876457,20.551066608,20.587120937,20.334740635,3286292.0
2018-07-26,20.424876457,20.623175266,20.803446911,20.424876457,2536130.0
2018-07-27,20.505998697,20.528532653,20.596134519,20.460930786,2560310.0
2018-07-30,20.397835711,20.384315337,20.537546235,20.359527986,3795476.0
2018-07-31,20.127428244,19.960676973,20.244604813,19.920115853,4813462.0
2018-08-01,19.852513986,19.897581897,19.969690555,19.780405329,4894800.0
2018-08-02,19.924622644,19.938143017,20.005744884,19.807446075,1805118.0
2018-08-03,19.974197346,20.064333169,20.077853542,19.897581897,1764280.0
2018-08-06,19.893075106,19.902088689,20.046306004,19.857020777,2719252.0
2018-08-07,20.095880706,20.167989364,20.267138768,20.016786522,3209228.0
2018-08-08,18.874540315,18.761870538,19.072839124,18.757363747,5081456.0
2018-08-09,18.924115018,18.671734716,18.960169347,18.64920076,2702038.0
2018-08-10,18.721309418,18.653707551,18.788911284,18.541037773,2630874.0
2018-08-13,18.874540315,18.847499569,18.996223675,18.707789044,3418222.0
2018-08-14,19.262124351,19.320712635,19.455916369,19.212549649,3946982.0
2018-08-15,19.117907035,18.991716884,19.117907035,18.88112023,3028514.0
2018-08-16,18.996223675,19.059318751,19.194522484,18.9331286,2193762.0
2018-08-17,19.078395998,19.127970701,19.218106523,19.078395998,2480416.0
2018-08-20,19.321762718,19.465980034,19.497527572,19.222613314,2297372.0
2018-08-21,20.006794967,19.903138771,20.015808549,19.747654478,5199184.0
2018-08-22,19.934686309,19.813002949,19.943699891,19.758921456,1840852.0
2018-08-23,19.921165936,19.81750974,19.952713474,19.740894292,2945934.0
2018-08-24,19.849057278,19.916659145,19.97975422,19.808496158,2750844.0
2018-08-27,19.984261011,20.178053029,20.18255982,19.975247429,1776896.0
2018-08-28,20.160025865,20.119464745,20.191573403,20.069890043,1362260.0
2018-08-29,20.105944371,20.245654896,20.26368206,20.047356087,1409610.0
2018-08-30,20.119464745,20.087917207,20.173546238,20.027075527,1129160.0
2018-08-31,19.9391931,19.89863198,20.006794967,19.799482576,1639188.0
2018-09-04,19.565129438,19.731880709,19.763428247,19.547102274,2446546.0
2018-09-05,19.41189854,19.393871376,19.511047945,19.303735554,3772680.0
2018-09-06,19.218106523,19.344296674,19.375844212,19.200079358,1521956.0
2018-09-07,19.222613314,19.353310256,19.438939287,19.204586149,1453094.0
2018-09-10,19.619210932,19.565129438,19.67554582,19.538088692,2029796.0
2018-09-11,19.375844212,19.601183767,19.601183767,19.369084025,2042770.0
2018-09-12,19.758921456,19.808496158,19.894125189,19.745401083,3657038.0
2018-09-13,19.803989367,19.831030114,19.871591234,19.7363875,2004342.0
2018-09-14,19.506541154,19.357817047,19.529075109,19.321762718,2084516.0
2018-09-17,19.285708389,19.209092941,19.326269509,19.173038612,2795692.0
2018-09-18,19.078395998,19.114450327,19.159518238,19.006287341,2657882.0
2018-09-19,18.965726221,18.92065831,18.979246594,18.864323421,1983896.0
2018-09-20,18.974739803,19.145997865,19.177545403,18.952205847,3072228.0
2018-09-21,19.105436745,19.218106523,19.303735554,19.091916372,2169250.0
2018-09-24,19.182052194,19.357817047,19.393871376,19.145997865,2475242.0
2018-09-25,19.425418914,19.456966452,19.641744887,19.416405332,3228762.0
2018-09-26,19.091916372,19.168531821,19.371337421,19.087409581,3660606.0
2018-09-27,19.096423163,19.204586149,19.276694807,19.082902789,3154894.0
2018-09-28,18.997273758,18.983753385,19.091916372,18.961219429,2009418.0
2018-10-01,18.826015696,18.722359501,18.913898123,18.672784798,3036866.0
2018-10-02,18.853056443,19.033328087,19.105436745,18.803481741,3465294.0
2018-10-03,18.898124354,18.780947785,18.983753385,18.762920621,2517278.0
2018-10-04,17.248638808,17.235118434,17.433417243,17.072873954,11665970.0
2018-10-05,17.690304336,17.550593812,17.793960532,17.482991945,6398974.0
2018-10-08,16.919643057,17.181036941,17.212584479,16.888095519,3682918.0
2018-10-09,16.757398577,16.89260231,17.063860372,16.707823874,6156444.0
2018-10-10,16.924149848,16.545579395,16.928656639,16.541072603,6513166.0
2018-10-11,16.635715217,16.459950363,16.680783128,16.31978916,6116146.0
2018-10-12,16.761905368,16.906122683,16.937670221,16.698810292,3772012.0
2018-10-15,16.698810292,16.802466488,16.955697386,16.694303501,3904652.0
2018-10-16,17.068367163,17.293706719,17.323000861,17.012032274,4009656.0
2018-10-17,17.271172763,17.343281421,17.374828959,17.185543732,3476958.0
2018-10-18,17.388349332,17.280186345,17.415390079,17.194557314,3571918.0
2018-10-19,17.388349332,17.194557314,17.415390079,17.17653015,2307832.0
2018-10-22,17.208077688,17.172023359,17.230611643,17.108928283,1720496.0
2018-10-23,16.802466488,17.01428567,17.102168097,16.734864621,3460834.0
2018-10-24,17.068367163,16.563606559,17.144982612,16.529580286,2866604.0
2018-10-25,16.509525066,16.757398577,16.856547981,16.482484319,3574296.0
2018-10-26,16.667262755,16.843027608,16.942177012,16.595154097,3028644.0
2018-10-29,17.050339999,16.946683803,17.185543732,16.662755963,2790386.0
2018-10-30,16.716837457,16.924149848,16.97372455,16.703317083,2916934.0
2018-10-31,17.253145599,17.199064105,17.325254257,17.158502985,3467382.0
2018-11-01,17.437924034,17.50101911,17.676783963,17.329761048,3175974.0
2018-11-02,17.568620977,17.442430825,17.58214135,17.316240674,2562160.0
2018-11-05,17.108928283,17.262159181,17.35905519,17.099914701,3903772.0
2018-11-06,17.25765239,17.185543732,17.31655615,17.093154514,4079912.0
2018-11-07,17.676783963,17.811987696,17.843535234,17.586648141,2384814.0
2018-11-08,17.965218594,17.870575981,18.001272923,17.830014861,1968222.0
2018-11-09,18.041834043,17.992259341,18.064367999,17.852548816,3028126.0
2018-11-12,17.974232176,17.811987696,17.983245759,17.787200345,2301032.0
2018-11-13,17.739879039,17.654250008,17.80522751,17.60242191,2290086.0
2018-11-14,17.816494488,17.775933368,17.897616728,17.640729634,2326066.0
2018-11-15,17.329761048,17.374828959,17.428910452,17.169769963,2573044.0
2018-11-16,17.392856123,17.645236425,17.712838292,17.334267839,2203872.0
2018-11-19,18.361816212,18.23111927,18.415897705,18.055354416,3567050.0
2018-11-20,17.685797545,17.406376497,17.766919785,17.374828959,3915862.0
2018-11-21,17.717345083,17.676783963,17.782693554,17.638476239,1633710.0
2018-11-23,17.672277172,18.095915536,18.199571732,17.478485154,3198232.0
2018-11-26,18.654757634,18.546594647,18.744893456,18.429418079,3798936.0
2018-11-27,18.267173599,18.397870541,18.465472407,18.122956283,2772034.0
2018-11-28,18.159010612,18.456458825,18.504050539,18.118449492,4288224.0
2018-11-29,18.406884123,18.43392487,18.560115021,18.307734719,2778234.0
2018-11-30,18.71785271,18.749400247,18.767427412,18.55560823,2072756.0
2018-12-03,18.560115021,18.488006363,18.622759417,18.43392487,2508984.0
2018-12-04,18.650250843,18.325761883,18.663771216,18.294214345,2531446.0
2018-12-06,18.086901954,18.307734719,18.343789047,17.951698221,2748808.0
2018-12-07,18.492513154,18.19055815,18.497019945,18.145490239,3042718.0
2018-12-10,18.573635394,18.447445243,18.582648976,18.172530985,2737488.0
2018-12-11,18.451952034,18.10943591,18.483499572,17.911137101,3575530.0
2018-12-12,18.343789047,18.47448599,18.620956701,18.334775465,4043432.0
2018-12-13,18.43392487,18.817002114,18.866576816,18.429418079,5396294.0
2018-12-14,18.659264425,18.695318754,18.884603981,18.622083398,5948690.0
2018-12-17,18.672784798,18.55560823,18.711092523,18.458712221,5029734.0
2018-12-18,18.447445243,18.163517403,18.523384673,18.053101021,3662710.0
2018-12-19,18.388856959,17.960711803,18.406884123,17.870575981,3460094.0
2018-12-20,18.591662558,18.177037776,18.59616935,18.113942701,3832580.0
2018-12-21,18.037327252,17.78494695,18.140983447,17.730865456,3068946.0
2018-12-24,17.739879039,17.564114185,17.888603145,17.487498737,1744364.0
2018-12-26,17.492005528,18.050847625,18.050847625,17.388349332,2354618.0
2018-12-27,18.032820461,18.285200763,18.289707554,17.84578863,2486094.0
2018-12-28,18.298721136,18.39336375,18.524060692,18.208585314,2713584.0
2018-12-31,18.447445243,18.501526736,18.569128603,18.402377332,1450422.0
2019-01-02,18.528567483,18.826015696,18.848549652,18.51504711,2595726.0
2019-01-03,19.010794132,18.997273758,19.114495395,18.952205847,3092862.0
2019-01-04,19.114450327,19.073889207,19.240640478,19.015300923,3838388.0
2019-01-07,19.357817047,19.209092941,19.429925705,19.202332754,5054778.0
2019-01-08,19.488513989,19.524568318,19.603437163,19.357817047,4097338.0
2019-01-09,19.718360336,19.763428247,19.799482576,19.662340922,2737786.0
2019-01-10,19.578649812,19.61470414,19.643998283,19.502034363,2154706.0
2019-01-11,19.41189854,19.619210932,19.628224514,19.387471733,2624350.0
2019-01-14,18.907137936,18.762920621,18.947699056,18.71785271,4152086.0
2019-01-15,18.988260176,19.010794132,19.105436745,18.956712638,2847908.0
2019-01-16,19.001780549,18.862070025,19.055862043,18.857563234,2621802.0
2019-01-17,18.974739803,19.213599732,19.274441412,18.938685474,2526444.0
2019-01-18,19.384857794,19.393871376,19.593882766,19.281201598,3604134.0
2019-01-22,19.209092941,19.456966452,19.488513989,19.191065776,3454992.0
2019-01-23,19.195572567,19.100929954,19.227120105,19.053608647,3587104.0
2019-01-24,18.929671892,18.826015696,19.001780549,18.699825545,3722028.0
2019-01-25,18.771934203,18.632223678,18.812495323,18.58494744,2684416.0
2019-01-28,18.542087856,18.650250843,18.731373083,18.51504711,2187872.0
2019-01-29,18.731373083,18.762920621,18.794468158,18.614196514,1675160.0
2019-01-30,18.75841383,18.943192265,19.006287341,18.735879874,2250440.0
2019-01-31,18.708839127,18.929671892,18.979246594,18.688558567,4376862.0
2019-02-01,19.709346754,19.646251678,19.853564069,19.488513989,4458164.0
2019-02-04,19.646251678,19.619210932,19.659772052,19.438939287,2782198.0
2019-02-05,19.767935038,19.731880709,19.853564069,19.722867127,3350106.0
2019-02-06,19.610197349,19.673292425,19.781410344,19.610197349,2672884.0
2019-02-07,19.772441829,19.664278843,19.77694862,19.529075109,2755468.0
2019-02-08,19.641744887,19.781455412,19.788215598,19.583156603,1813474.0
2019-02-11,19.677799216,19.668785634,19.7363875,19.558369252,2002300.0
2019-02-12,19.81750974,20.002288176,20.038342505,19.745401083,1737168.0
2019-02-13,19.840043696,19.862577651,19.948206683,19.831030114,1737814.0
2019-02-14,20.160025865,20.173546238,20.232134523,20.074396834,4031850.0
2019-02-15,20.187066611,20.430433331,20.439446914,20.110451163,4402566.0
2019-02-19,20.259175269,20.416912958,20.516062362,20.096930789,5568334.0
2019-02-20,20.200586985,20.137491909,20.277202434,20.069890043,2127606.0
2019-02-21,20.164532656,20.119464745,20.191573403,20.002288176,1515872.0
2019-02-22,20.191573403,20.173546238,20.22312094,20.108197767,1320124.0
2019-02-25,19.975247429,20.015808549,20.105944371,19.961727056,2128786.0
2019-02-26,19.986514407,20.024822131,20.146505491,19.970740638,3062088.0
2019-02-27,19.997781385,19.853564069,20.051862878,19.810749554,3505598.0
2019-02-28,19.641744887,19.799482576,19.921165936,19.641744887,2521754.0
2019-03-01,20.128478327,20.092423998,20.200586985,20.038342505,2965972.0
2019-03-04,19.970740638,19.903138771,20.038342505,19.811741048,3027968.0
2019-03-05,19.988767803,20.128478327,20.227627731,19.984261011,2262840.0
2019-03-06,20.155519074,19.894125189,20.164532656,19.815256345,1719982.0
2019-03-07,20.06087646,19.921165936,20.06087646,19.85807086,2086250.0
2019-03-08,20.155519074,20.128478327,20.155519074,19.966233847,1526116.0
2019-03-11,20.083410416,20.155519074,20.18255982,19.975247429,1205628.0
2019-03-12,20.1419987,20.069890043,20.187066611,20.065383251,1115034.0
2019-03-13,20.259175269,20.416912958,20.470994451,20.196080194,2037114.0
2019-03-14,20.498035198,20.498035198,20.549863296,20.403392585,1878860.0
2019-03-15,20.606198185,20.673800051,20.732388336,20.561130274,2176628.0
2019-03-18,20.890126025,20.926180353,20.939700727,20.822524158,1971012.0
2019-03-19,21.147013118,21.27771006,21.322777971,21.106451998,2942270.0
2019-03-20,21.165040282,21.457981704,21.548117527,21.151519909,3395774.0
2019-03-21,21.313764389,21.250669313,21.410660398,21.239402336,2520276.0
2019-03-22,20.969900734,20.947366778,21.141158796,20.933846405,2678334.0
2019-03-25,21.060036556,21.325937232,21.339457605,21.037502601,3047196.0
2019-03-26,21.663946565,21.497195294,21.663946565,21.447620592,2332988.0
2019-03-27,21.501702085,21.596344698,21.645874333,21.380018725,2689622.0
2019-03-28,21.614371863,21.546769996,21.663946565,21.483584785,1774448.0
2019-03-29,21.537756414,21.663946565,21.756335783,21.497195294,2800154.0
2019-04-01,21.600851489,21.582824325,21.72704164,21.519729249,1473878.0
2019-04-02,21.722534849,21.56479716,21.722534849,21.438607009,2886816.0
2019-04-03,21.055529765,21.105104467,21.267348947,21.037502601,3173644.0
2019-04-04,21.136652005,20.875258121,21.186226707,20.816669836,3121454.0
2019-04-05,21.028489018,20.965393943,21.133767659,20.91131245,1526780.0
2019-04-08,21.375511934,21.235801409,21.375511934,21.123131632,2375288.0
2019-04-09,21.195240289,21.145665587,21.199747081,21.062289952,1568462.0
2019-04-10,21.141158796,21.141158796,21.231294618,21.069050138,3290352.0
2019-04-11,21.100597676,21.03299581,21.172706334,20.929339614,6166750.0
2019-04-12,20.74906797,20.717520432,20.945113383,20.658932147,2556974.0
2019-04-15,20.758081552,20.785122298,20.884226635,20.724280618,2662270.0
2019-04-16,20.807656254,20.356977143,20.83019021,20.345710165,2762630.0
2019-04-17,20.311909232,19.951365943,20.327683001,19.874750494,3205550.0
2019-04-18,19.987420272,19.89728445,19.987420272,19.617863401,2255328.0
2019-04-22,19.951365943,19.766587508,20.014461019,19.667438103,2379830.0
2019-04-23,19.928831988,20.01896781,20.091076468,19.892777659,4036566.0
2019-04-24,20.118117214,19.888270868,20.118117214,19.865736912,2945392.0
2019-04-25,19.802641836,19.915311614,19.928831988,19.766587508,2030238.0
2019-04-26,20.163185125,20.14065117,20.194732663,20.014461019,2014270.0
2019-04-29,20.415565427,20.370497516,20.447112965,20.239800574,2524526.0
2019-04-30,20.046008556,20.176705499,20.311909232,20.041501765,2345586.0
2019-05-01,20.212759827,20.230786992,20.447112965,20.041501765,3002632.0
2019-05-02,20.136144379,20.113610423,20.185719081,20.041501765,2229122.0
2019-05-03,19.57279549,19.49167325,19.717012805,19.406720237,4305760.0
2019-05-06,19.302388023,19.608849819,19.739546761,19.275347277,3733740.0
2019-05-07,19.635890565,19.464632503,19.676451685,19.388017054,2335420.0
2019-05-08,19.838696165,19.906298032,19.994180459,19.73503997,3297874.0
2019-05-09,19.93784557,19.924325196,19.996433854,19.762080716,3208230.0
2019-05-10,19.85672333,19.847709748,19.888270868,19.604343028,3424668.0
2019-05-13,19.53223437,19.437591757,19.559275117,19.338442352,2208552.0
2019-05-14,19.198731828,19.270840486,19.365483099,19.158170708,1825660.0
2019-05-15,19.059021303,19.243799739,19.293374441,19.036487348,1816750.0
2019-05-16,19.04550093,19.176197872,19.320415188,19.031980557,2182606.0
2019-05-17,19.180704663,19.176197872,19.320415188,19.158170708,2055932.0
2019-05-20,19.347455934,19.388017054,19.442098548,19.275347277,2174562.0
2019-05-21,19.455618921,19.509700414,19.649410939,19.433084965,2146776.0
2019-05-22,19.640397357,19.901791241,19.960379525,19.590822654,2600564.0
2019-05-23,19.622370192,19.892777659,19.97840669,19.617863401,6150680.0
2019-05-24,20.009954228,19.987420272,20.095583259,19.910804823,2080328.0
2019-05-28,19.883764076,19.69447885,20.055022139,19.687718663,1939748.0
2019-05-29,19.419564592,19.284360859,19.487166459,19.203238619,1761296.0
2019-05-30,19.32942877,19.351962725,19.401537428,19.266333694,1395356.0
2019-05-31,19.32942877,19.360976308,19.469139294,19.234786157,2098354.0
2019-06-03,19.739546761,19.960379525,20.066289116,19.698985641,3248434.0
2019-06-04,19.870243703,19.784614672,19.874750494,19.721519597,2272548.0
2019-06-05,19.865736912,20.014461019,20.24205397,19.865736912,3542532.0
2019-06-06,20.077556094,20.154171543,20.451619756,20.077556094,4008264.0
2019-06-07,20.365990725,20.320922814,20.379511099,20.199239454,3129360.0
2019-06-10,20.803149463,21.168199543,21.325937232,20.767095134,4895616.0
2019-06-11,21.384525516,21.339457605,21.429593427,21.253828574,4150856.0
2019-06-12,21.483674921,21.736055223,21.763095969,21.479168129,2542386.0
2019-06-13,21.722534849,21.389032307,21.754082387,21.271855738,3893760.0
2019-06-14,21.190733498,21.055529765,21.339457605,21.028489018,2461032.0
2019-06-17,21.109611258,21.078063721,21.231294618,21.069050138,1998750.0
2019-06-18,21.582824325,21.609865072,21.632399027,21.461140965,2714830.0
2019-06-19,21.357484769,21.713521267,21.754082387,21.357484769,4368852.0
2019-06-20,21.425086636,21.127638423,21.555783578,21.039755996,3898226.0
2019-06-21,20.888778494,21.001448272,21.055529765,20.816669836,2481608.0
2019-06-24,20.920326032,21.204253872,21.229041223,20.897792076,3699484.0
2019-06-25,21.172706334,21.154679169,21.330444023,21.123131632,2178940.0
2019-06-26,21.195240289,21.03299581,21.195240289,20.965393943,2016654.0
2019-06-27,20.920326032,21.010461854,21.078063721,20.906805658,1388648.0
2019-06-28,21.127638423,21.091584094,21.159185961,21.037502601,1230226.0
2019-07-01,21.339457605,21.307910067,21.425086636,21.267348947,1542916.0
2019-07-02,21.416073054,21.501702085,21.578317534,21.384525516,1672814.0
2019-07-03,21.700000894,21.650426192,21.785629925,21.553530183,922036.0
2019-07-05,21.037502601,20.888778494,21.114163117,20.852724165,2832860.0
2019-07-08,20.771601925,20.717520432,20.848217374,20.681466103,1868120.0
2019-07-09,20.645411774,20.771601925,20.843710583,20.631891401,1306122.0
2019-07-10,20.974407525,20.834697001,20.987927898,20.771601925,1467484.0
2019-07-11,20.640904983,20.145157961,20.66794573,20.068542512,8104928.0
2019-07-12,19.89728445,19.514207205,19.901791241,19.381256868,6647146.0
2019-07-15,19.626876983,19.563781908,19.676451685,19.498433437,3254322.0
2019-07-16,19.757573925,19.595329445,19.771094299,19.559275117,4088462.0
2019-07-17,19.901791241,19.861230121,19.928831988,19.789121463,3966436.0
2019-07-18,19.865736912,19.847709748,19.89728445,19.640397357,3129400.0
2019-07-19,19.667438103,19.717012805,19.798135045,19.53223437,4357486.0
2019-07-22,19.888270868,19.901791241,20.005447436,19.820669001,1780336.0
2019-07-23,19.726026388,20.284868485,20.550769161,19.527727579,8789448.0
2019-07-24,20.298388859,20.411058636,20.501194459,20.208253036,3741108.0
2019-07-25,20.226280201,20.118117214,20.336696583,20.034741579,2075762.0
2019-07-26,20.158678334,20.10009005,20.24205397,20.05952893,2175956.0
2019-07-29,20.451619756,20.226280201,20.451619756,20.116990516,2802728.0
2019-07-30,19.915311614,19.910804823,19.933338779,19.789121463,2581342.0
2019-07-31,19.568288699,19.685465268,19.987420272,19.550261534,2430370.0
2019-08-01,19.969393108,19.97840669,20.14065117,19.858976725,3837210.0
2019-08-02,20.10009005,20.046008556,20.136144379,19.886017472,2570724.0
2019-08-05,19.933338779,19.676451685,20.017255229,19.595329445,1744708.0
2019-08-06,20.023474601,20.113610423,20.122624005,19.91756501,2802812.0
2019-08-07,20.185719081,20.393031472,20.555275952,20.05952893,4613868.0
2019-08-08,20.649918565,20.924832823,20.965393943,20.62738461,2996902.0
2019-08-09,20.798642672,20.744561178,20.807656254,20.501194459,3902650.0
2019-08-12,20.888778494,20.776108716,20.938353196,20.685972894,1476500.0
2019-08-13,21.208760663,21.461140965,21.582824325,21.195240289,3476988.0
2019-08-14,20.978914316,20.771601925,21.138905401,20.767095134,2783472.0
2019-08-15,20.852724165,20.956380361,21.161439356,20.821176627,2814146.0
2019-08-16,21.409421031,21.571665511,21.580679093,21.323792,3376166.0
2019-08-19,21.328298791,21.373366702,21.409421031,21.28323088,2270150.0
2019-08-20,21.481529689,21.400407449,21.481529689,21.328298791,2093130.0
2019-08-21,21.747430364,21.643774169,21.76996432,21.612226631,3070362.0
2019-08-22,22.026851413,22.040371786,22.103466862,21.936715591,3832034.0
2019-08-23,21.914181635,21.846579768,22.089946488,21.787991484,2385210.0
2019-08-26,21.963756337,21.801511857,21.990797084,21.747430364,2385128.0
2019-08-27,21.945729173,21.792498275,21.990797084,21.781231297,2684174.0
2019-08-28,21.896154471,21.860100142,21.945729173,21.783484693,1845676.0
2019-08-29,22.05389216,22.008824248,22.083186302,21.97276992,2383536.0
2019-08-30,21.774471111,21.774471111,21.869113724,21.666308124,1731756.0
2019-09-03,22.153041564,22.130507608,22.234163804,22.029104808,2422186.0
2019-09-04,22.364860746,22.369367537,22.423449031,22.288245297,3629462.0
2019-09-05,22.17557552,22.062905742,22.202435995,21.968263128,2193390.0
2019-09-06,21.89164768,21.97276992,22.180082311,21.89164768,2517532.0
2019-09-09,21.454488942,21.1209864,21.454488942,21.075918489,3386606.0
2019-09-10,20.354831911,20.643266542,20.643266542,20.192587431,4422352.0
2019-09-11,20.801004231,21.20210864,21.224642595,20.74169486,3240552.0
2019-09-12,20.976769084,20.67481408,21.139013564,20.598198631,4964170.0
2019-09-13,20.656786915,20.598198631,20.83705856,20.526089973,3120594.0
2019-09-16,20.611719004,20.589185049,20.733402364,20.449474524,1930844.0
2019-09-17,21.157040729,21.260696924,21.314778417,21.084932071,3557092.0
2019-09-18,21.287737671,21.260696924,21.36435312,21.175067893,2696226.0
2019-09-19,21.612226631,21.670814915,21.738416782,21.533357786,3632892.0
2019-09-20,21.630253795,22.148534773,22.342326791,21.60771984,6443538.0
2019-09-23,22.315286044,22.162055146,22.387394702,22.098960071,2073242.0
2019-09-24,22.062905742,22.144027982,22.195856079,21.990797084,2345716.0
2019-09-25,22.071919324,21.977276711,22.112480444,21.9322088,2172980.0
2019-09-26,21.963756337,21.81052544,22.05389216,21.700109057,2585372.0
2019-09-27,21.616733422,21.558145137,21.824045813,21.522090809,2639448.0
2019-09-30,21.531104391,21.589692675,21.684335289,21.449982151,3376836.0
2019-10-01,21.292244462,21.071411698,21.323792,21.035357369,3113206.0
2019-10-02,20.873112889,20.760443111,20.891140053,20.598198631,4063632.0
2019-10-03,20.656786915,20.99930304,21.091692258,20.652280124,3883042.0
2019-10-04,21.382380284,21.418434613,21.44547536,21.260696924,1974984.0
2019-10-07,21.612226631,21.693348871,21.824045813,21.549131555,1828950.0
2019-10-08,21.675321706,21.499556853,21.675321706,21.413927822,1924850.0
2019-10-09,21.40491424,21.531104391,21.580679093,21.391393866,1358370.0
2019-10-10,21.260696924,21.56715872,21.603213049,21.24266976,2313924.0
2019-10-11,21.386887075,21.377873493,21.553638346,21.323792,2441044.0
2019-10-14,21.724896409,21.738416782,21.842072977,21.670814915,2328206.0
2019-10-15,21.806018648,21.936715591,21.986290293,21.76996432,1618894.0
2019-10-16,21.774471111,21.855593351,22.01333104,21.706869244,1656706.0
2019-10-17,22.121494026,22.031358204,22.126000817,21.995303875,2457708.0
2019-10-18,22.008824248,21.959249546,22.016936472,21.801511857,1561970.0
2019-10-21,22.040371786,21.995303875,22.144027982,21.896154471,2987276.0
2019-10-22,22.355847164,22.306272462,22.536118808,22.234163804,2378704.0
2019-10-23,22.337819999,22.400915075,22.468516942,22.225150222,5033770.0
2019-10-24,22.630761422,22.770471946,22.793005902,22.540625599,2606272.0
2019-10-25,22.454996568,22.711883662,22.729910826,22.436969404,1483024.0
2019-10-28,22.639775004,22.815539857,22.880888328,22.626254631,1741596.0
2019-10-29,22.734417617,22.842580604,22.937223217,22.716390453,1425632.0
2019-10-30,23.076933742,23.374381955,23.383395537,22.982291128,2721898.0
2019-10-31,22.838073813,23.176083146,23.203123893,22.815539857,3977194.0
2019-11-01,23.176083146,23.734925244,24.131522861,23.099467697,3223016.0
2019-11-04,24.04589383,23.861115395,24.072934577,23.775486364,2733506.0
2019-11-05,23.76196599,23.734925244,23.825061066,23.568173972,2558232.0
2019-11-06,23.725911661,23.838581439,23.865622186,23.716898079,1756122.0
2019-11-07,23.64028263,23.694364124,23.712391288,23.509585688,2474180.0
2019-11-08,23.897169724,24.37038279,24.397423537,23.892662932,3542860.0
2019-11-11,24.158563608,24.108988906,24.280246968,24.090961741,3235552.0
2019-11-12,24.04589383,24.018853083,24.16757719,23.996319128,1902394.0
2019-11-13,24.253206221,24.266726595,24.379396372,24.149550026,2257412.0
2019-11-14,24.108988906,24.379396372,24.433477866,24.081948159,3191080.0
2019-11-15,24.221658683,24.104482115,24.316301297,24.090961741,5359794.0
2019-11-18,23.960264799,24.009839501,24.063920995,23.789006737,4007308.0
2019-11-19,24.113495697,23.996319128,24.149550026,23.906183306,2365328.0
2019-11-20,23.266218968,22.833567022,23.351487456,22.662308959,7299048.0
2019-11-21,22.531612017,22.644281795,22.698363288,22.486544106,4751436.0
2019-11-22,23.067920159,22.833567022,23.07242695,22.756951573,2986852.0
2019-11-25,23.500572106,23.64028263,23.649296212,23.374381955,3738588.0
2019-11-26,23.563667181,23.64028263,23.72140487,23.514092479,1966028.0
2019-11-27,23.545640017,23.689857332,23.757459199,23.541133226,3559214.0
2019-11-29,23.739432035,23.595214719,23.76196599,23.545640017,1094262.0
2019-12-02,23.536626435,23.536626435,23.59972151,23.387902328,1662594.0
2019-12-03,23.676336959,23.76196599,23.789006737,23.644789421,3385394.0
2019-12-04,24.095468532,24.145043235,24.158563608,23.982798755,2983834.0
2019-12-05,24.081948159,24.009839501,24.104482115,23.946744426,2639530.0
2019-12-06,24.032373457,23.861115395,24.032373457,23.743938826,4478846.0
2019-12-09,23.879142559,23.838581439,24.203631519,23.829567857,2442286.0
2019-12-10,23.933224052,23.951251217,24.036880248,23.852101812,1718792.0
2019-12-11,23.80252711,23.915196888,23.942237635,23.789006737,1863614.0
2019-12-12,23.865622186,23.752952408,23.973785172,23.698870915,3940656.0
2019-12-13,24.000825919,24.090961741,24.275740177,23.910690097,2399558.0
2019-12-16,24.600229137,24.487559359,24.640790257,24.4081497,3146118.0
2019-12-17,24.469532194,24.505586523,24.645297048,24.404183723,4897342.0
2019-12-18,24.203631519,23.910690097,24.221658683,23.84308823,4431142.0
2019-12-19,24.068427786,24.28926055,24.30954111,24.032373457,3858590.0
2019-12-20,24.437984657,24.428971075,24.564174808,24.363622603,4207780.0
2019-12-23,24.437984657,24.275740177,24.437984657,24.266726595,1805944.0
2019-12-24,24.307287715,24.415450701,24.49206615,24.262219803,1000422.0
2019-12-26,24.41094391,24.469532194,24.505586523,24.356862417,1130284.0
2019-12-27,24.708392123,24.546147643,24.712898914,24.53262727,1604598.0
2019-12-30,24.618256301,24.307287715,24.631776674,24.284753759,1187114.0
2019-12-31,24.284753759,24.374889581,24.379396372,24.239685848,1595230.0
2020-01-02,24.568681599,24.591215554,24.609242719,24.433477866,2224714.0
2020-01-03,23.937730844,24.027866666,24.158563608,23.915196888,2491142.0
2020-01-06,23.973785172,23.982798755,24.059414203,23.919703679,2494904.0
2020-01-07,23.978291964,23.955758008,23.978291964,23.779993155,2091498.0
2020-01-08,23.937730844,23.910690097,24.063920995,23.829567857,1826104.0
2020-01-09,24.136029652,24.176590772,24.307287715,24.122509279,1842054.0
2020-01-10,24.649803839,24.73543287,24.908944328,24.595722346,2942924.0
2020-01-13,24.965279217,24.866129812,25.001333545,24.771487199,2380428.0
2020-01-14,24.780500781,25.14104407,25.195125563,24.77599399,2506192.0
2020-01-15,25.997334381,26.407452372,26.542656105,25.988320799,5968982.0
2020-01-16,26.051415874,25.920718932,26.173099234,25.677352212,4531440.0
2020-01-17,25.988320799,25.920718932,26.024375127,25.877904416,2506782.0
2020-01-21,25.943252887,25.844103483,25.997334381,25.817062736,2297982.0
2020-01-22,25.817062736,25.925225723,26.07394983,25.817062736,2430000.0
2020-01-23,25.925225723,26.046909083,26.076203225,25.808049154,1750738.0
2020-01-24,26.258728265,25.817062736,26.380411625,25.731433705,4056812.0
2020-01-27,25.388917581,25.312302132,25.452012656,25.289768177,2116950.0
2020-01-28,25.34384967,25.479053403,25.483560194,25.235686683,2245176.0
2020-01-29,25.726926914,25.632284301,25.805795759,25.623270719,2604228.0
2020-01-30,25.771994825,25.722420123,25.771994825,25.589469785,2392184.0
2020-01-31,25.947759679,25.704392959,25.947759679,25.612003741,2807426.0
2020-02-03,25.690872585,25.762981243,25.893678185,25.650311465,2281342.0
2020-02-04,25.785515199,26.046909083,26.206900167,25.744954079,3532492.0
2020-02-05,27.002348798,27.317824176,27.410213394,26.849117901,6502366.0
2020-02-06,27.060937083,27.435000745,27.502602612,26.948267305,2716984.0
2020-02-07,26.925733349,26.795036407,27.006855589,26.767995661,2695864.0
2020-02-10,26.700393794,26.970801261,26.988828425,26.686873421,1972086.0
2020-02-11,26.997842007,26.722927749,27.002348798,26.650819092,2423430.0
2020-02-12,26.831090736,26.835597527,26.867145065,26.664339465,2166330.0
2020-02-13,26.493081403,26.565190061,26.659832674,26.463787261,1997904.0
2020-02-14,26.813063572,26.885172229,26.903199394,26.709407376,1614646.0
2020-02-18,27.060937083,27.17360686,27.294073387,27.060937083,1457096.0
2020-02-19,27.169100069,27.196140816,27.250222309,27.115018576,1396878.0
2020-02-20,27.187127234,26.912212976,27.286276638,26.790529616,2233284.0
2020-02-21,27.015869172,27.065443874,27.155579696,26.916719767,1747004.0
2020-02-24,26.11451095,25.907198559,26.393931998,25.862130647,2926648.0
2020-02-25,25.835089901,25.609750345,25.938746096,25.463279634,2224032.0
2020-02-26,25.799035572,25.826076319,25.965786843,25.677352212,3106496.0
2020-02-27,25.686365794,25.10048295,25.87114423,25.095976159,3162664.0
2020-02-28,24.49206615,24.487559359,24.812048319,24.099975323,7482568.0
2020-03-02,25.379903999,25.835089901,25.853117065,24.906690932,8582894.0
2020-03-03,26.39843879,26.006347963,26.60124439,25.66833863,5715828.0
2020-03-04,26.808556781,27.484575447,27.502602612,26.610257972,5441750.0
2020-03-05,26.826583945,26.659832674,27.092484621,26.448013492,3773366.0
2020-03-06,26.03338871,26.47956103,26.533642523,25.89142479,5918952.0
2020-03-09,25.452012656,25.082455785,25.91170535,24.861623021,5248492.0
2020-03-10,25.618763928,25.799035572,25.857623856,24.821061901,4868024.0
2020-03-11,24.906690932,24.379396372,25.159071234,24.104482115,5494554.0
2020-03-12,23.405929493,22.364860746,23.572680764,22.306272462,6396044.0
2020-03-13,23.897169724,23.852101812,23.928717261,22.333313208,5985582.0
2020-03-16,20.9181808,21.990797084,23.13326863,20.675084487,5833896.0
2020-03-17,21.760950737,23.162562773,23.248191804,21.409421031,5165508.0
2020-03-18,21.9322088,21.950235964,22.464010151,20.67481408,6396224.0
2020-03-19,22.062905742,21.589692675,22.400915075,21.540117973,4790674.0
2020-03-20,21.792498275,20.580171467,21.918688426,20.481022062,7517056.0
2020-03-23,21.044370951,21.008316622,21.684335289,20.724388782,6648914.0
2020-03-24,21.684335289,21.066904906,21.745041765,20.846072142,6003816.0
2020-03-25,22.026851413,22.184589102,22.518091644,21.585185884,8886904.0
2020-03-26,22.964263964,23.870128977,23.973785172,22.824553439,5629116.0
2020-03-27,23.61892044,24.209310076,24.614921275,23.434142005,4762484.0
2020-03-30,25.124188671,25.764153008,25.777673382,25.124188671,5827536.0
2020-03-31,25.723591888,25.773166591,26.030053684,25.475718377,8613354.0
2020-04-01,25.367555391,25.570360991,26.021040102,25.28192636,5072812.0
2020-04-02,25.025039266,25.372062182,25.480225169,24.790686129,3023424.0
2020-04-03,25.498252333,25.610922111,25.858795622,25.345021435,3951534.0
2020-04-06,25.633456066,25.980478982,26.066108013,25.493745542,3250086.0
2020-04-07,25.692044351,25.025039266,25.80922092,24.99799852,7768756.0
2020-04-08,25.263899195,25.520786289,25.7686598,24.975464564,7711248.0
2020-04-09,25.867809204,25.683030769,26.01202652,25.475718377,6012036.0
2020-04-13,25.804714128,25.160243,25.885836368,24.943917026,7375486.0
2020-04-14,25.417130093,25.588388155,25.822741293,25.272912777,11586502.0
2020-04-15,25.867809204,25.615428902,25.867809204,25.349528226,11505474.0
2020-04-16,26.237366075,26.435664884,26.512280333,26.097655551,7156068.0
2020-04-17,26.82775571,27.066615639,27.129710715,26.695706731,2620042.0
2020-04-20,27.566869452,27.535321915,27.917182325,27.382136085,5325252.0
2020-04-21,27.55785587,27.530815124,27.693059604,27.31448915,3611572.0
2020-04-22,27.620950946,27.751647888,27.895865204,27.571376244,2995856.0
2020-04-23,27.620950946,27.47673363,28.00402819,27.454199675,2308006.0
2020-04-24,27.652498484,27.895865204,27.954453488,27.647991692,1641858.0
2020-04-27,28.049096101,27.999521399,28.121204759,27.778688635,1957020.0
2020-04-28,28.314996777,27.751647888,28.333023941,27.726860537,3160880.0
2020-04-29,27.125203924,27.053095266,27.224353328,26.86831683,2516560.0
2020-04-30,27.246887284,27.183792208,27.460959861,27.066615639,2127906.0
2020-05-01,27.485747213,27.228860119,27.539828706,26.958452653,2229108.0
2020-05-04,27.255900866,27.31448915,27.332516315,26.987746795,2081306.0
2020-05-05,26.724099515,27.093656386,27.287448404,26.719592724,3808310.0
2020-05-06,26.90887795,26.575375408,27.03056131,26.485239586,3289742.0
2020-05-07,27.120697133,26.724099515,27.138724297,26.670018022,2023314.0
2020-05-08,26.895357577,26.926905115,27.03056131,26.793954777,1518362.0
2020-05-11,26.962959444,27.47673363,27.548842288,26.800714964,3746188.0
2020-05-12,27.057602057,26.82775571,27.282941613,26.809728546,2189960.0
2020-05-13,27.053095266,27.147737879,27.328009524,26.904371159,4197432.0
2020-05-14,27.589403408,27.616444155,27.715593559,27.231113515,3059980.0
2020-05-15,27.445186093,27.445186093,27.602923781,27.291955195,1692810.0
2020-05-18,27.197312581,27.386597808,27.584896617,27.07112243,2047476.0
2020-05-19,27.877838039,27.697566395,28.161765879,27.607430572,4363128.0
2020-05-20,28.310489986,27.877838039,28.396119017,27.796715799,4219680.0
2020-05-21,27.936426324,27.855304084,27.976987443,27.47673363,2183478.0
2020-05-22,27.715593559,27.859810875,27.88234483,27.584896617,1611936.0
2020-05-26,27.756154679,27.215339746,27.76066147,27.188298999,3069768.0
2020-05-27,26.778181008,26.940425488,26.944932279,26.372569808,2637070.0
2020-05-28,27.562362661,27.918399159,28.18655323,27.544335497,3234596.0
2020-05-29,28.179793043,28.360064688,28.378091852,27.670525648,3246308.0
2020-06-01,28.387105435,28.251901701,28.432173346,28.022055355,2150228.0
2020-06-02,28.022055355,28.00402819,28.107684386,27.823756546,1619434.0
2020-06-03,27.697566395,27.805729381,27.927412741,27.629964528,1812540.0
2020-06-04,27.92290595,27.63897811,28.139231923,27.544335497,2451328.0
2020-06-05,27.936426324,27.706579977,27.936426324,27.490254004,1760902.0
2020-06-08,27.607430572,27.629964528,27.72010035,27.445186093,2490572.0
2020-06-09,27.756154679,27.769675052,28.067123266,27.684046021,2063834.0
2020-06-10,28.472734466,28.639485737,28.718354581,28.36907827,4576640.0
2020-06-11,28.720607977,27.675032439,28.819757381,27.580389826,4250458.0
2020-06-12,28.40963939,27.76066147,28.432173346,27.422697205,3381212.0
2020-06-15,27.729113932,28.107684386,28.161765879,27.503774377,4457376.0
2020-06-16,28.314996777,28.067123266,28.40963939,27.877838039,4950586.0
2020-06-17,28.468227674,28.711594394,28.945947532,28.396119017,2144888.0
2020-06-18,28.445693719,28.414146181,28.526815959,28.238381328,1951474.0
2020-06-19,29.30198403,29.085658057,29.30198403,28.828770963,3945886.0
2020-06-22,29.085658057,29.26142291,29.320011194,28.842291337,2292338.0
2020-06-23,29.126219177,29.26142291,29.610699221,29.112698803,2480332.0
2020-06-24,28.927920368,28.625965363,29.081151265,28.454707301,2408364.0
2020-06-25,28.459214092,28.950454323,28.963974697,28.278942448,1846784.0
2020-06-26,28.716101186,28.405132599,28.81525059,28.301476403,2223872.0
2020-06-29,28.463720883,28.188806626,28.502028608,28.116697968,1971482.0
2020-06-30,27.819249755,28.152752297,28.229367746,27.738127515,2995446.0
2020-07-01,27.846290501,28.242888119,28.355557897,27.837276919,2704646.0
2020-07-02,28.495268421,28.549349914,28.69356723,28.305983195,2748230.0
2020-07-06,28.260915283,28.351051106,28.526815959,28.175286252,1973258.0
2020-07-07,27.80122259,27.96346707,28.193313417,27.792209008,3192680.0
2020-07-08,28.175286252,28.333023941,28.337530732,28.076136848,1555020.0
2020-07-09,28.355557897,28.211340581,28.472734466,28.013041772,1758802.0
2020-07-10,28.283449239,28.134725132,28.310489986,27.877838039,1613182.0
2020-07-13,28.112191177,28.00402819,28.535829541,27.954453488,2062654.0
2020-07-14,27.864317666,28.157259088,28.197820208,27.738127515,1613954.0
2020-07-15,28.472734466,28.65300611,28.65300611,28.305983195,2514138.0
2020-07-16,28.432173346,28.233874537,28.504282003,28.143738715,1759308.0
2020-07-17,28.643992528,28.914399994,29.013549399,28.630472154,1711014.0
2020-07-20,29.563377914,29.495776048,29.649006945,29.214552282,2085216.0
2020-07-21,29.572391496,29.437187763,29.680554483,29.428174181,2139722.0
2020-07-22,29.694074856,29.518310003,29.721115603,29.347051941,2043454.0
2020-07-23,29.211848208,28.576390661,29.247902537,28.553856706,2131656.0
2020-07-24,28.621458572,28.463720883,28.625965363,28.305983195,2268098.0
2020-07-27,28.878345665,29.022562981,29.102603591,28.77468947,1854034.0
2020-07-28,29.067630892,28.963974697,29.184807461,28.887359248,1355718.0
2020-07-29,28.968481488,28.801730217,28.968481488,28.685500074,1253144.0
2020-07-30,28.680046857,28.914399994,28.95721451,28.513295586,1365026.0
2020-07-31,28.680046857,28.08515043,28.743141932,27.976987443,2633506.0
2020-08-03,28.040082519,28.12571155,28.32851715,28.008534981,3708888.0
2020-08-04,27.589403408,27.769675052,27.891358412,27.558261481,2253918.0
2020-08-05,28.080643639,27.976987443,28.116697968,27.774181844,2160114.0
2020-08-06,27.463213257,27.346036688,27.589403408,27.156751461,3815584.0
2020-08-07,27.666018857,27.774181844,27.832770128,27.47673363,2917870.0
2020-08-10,27.814742964,27.765168261,27.981494235,27.634471319,1771810.0
2020-08-11,28.301476403,28.022055355,28.364571479,27.981494235,2118952.0
2020-08-12,28.65300611,28.878345665,29.094671639,28.603431408,1935134.0
2020-08-13,28.725114768,28.77468947,28.900879621,28.643992528,1623226.0
2020-08-14,28.593417319,28.51680187,28.71960747,28.426666048,999174.0
2020-08-17,28.88185195,29.008042101,29.168033185,28.850304412,1162566.0
2020-08-18,28.96297419,28.832277248,29.012548892,28.733127843,1896470.0
2020-08-19,29.28746315,28.904385905,29.364078599,28.879598554,1741186.0
2020-08-20,28.733127843,28.84129083,28.88185195,28.584403737,1583034.0
2020-08-21,28.692566723,28.764675381,28.845797621,28.579896946,1025436.0
2020-08-24,29.048603221,28.602430901,29.077897363,28.462720377,1135494.0
2020-08-25,28.981001354,28.827770457,28.990014937,28.674539559,1591392.0
2020-08-26,28.863824785,28.967480981,28.976494563,28.670032768,1278364.0
2020-08-27,29.134232252,28.737634634,29.138739043,28.548349408,1182414.0
2020-08-28,28.728621052,28.543842617,28.728621052,28.440186421,1427414.0
2020-08-31,28.462720377,28.63848523,28.776483174,28.461007796,1022214.0
2020-09-01,29.026069265,28.570883363,29.030576057,28.44559457,1782060.0
2020-09-02,28.59792411,28.71960747,28.769182172,28.503281497,1474736.0
2020-09-03,28.994521728,28.205833283,28.999028519,28.048095595,1850592.0
2020-09-04,28.282448732,28.219353657,28.386104928,27.800222083,2452450.0
2020-09-08,28.169778955,28.093163506,28.39511851,27.930919026,2640318.0
2020-09-09,28.805236501,28.913399488,29.107191505,28.76016859,1562078.0
2020-09-10,28.949453817,28.539335826,29.035082848,28.440231489,1305374.0
2020-09-11,28.967480981,28.823263665,29.068883781,28.561869781,1611804.0
2020-09-14,28.854811203,28.917906279,29.071137177,28.764675381,1308576.0
2020-09-15,29.589418154,29.485761959,29.787716963,29.427173674,1098508.0
2020-09-16,29.508295914,29.503789123,29.796730545,29.494775541,2159836.0
2020-09-17,29.702087932,30.229382492,30.310504732,29.593924945,2460658.0
2020-09-18,30.053617638,30.170794207,30.197834954,29.864332412,1756338.0
2020-09-21,29.886866367,29.967988607,29.995029354,29.49026875,2122874.0
2020-09-22,29.756169425,29.999536145,30.05812443,29.620965692,1502366.0
2020-09-23,30.265436821,30.152767043,30.504296749,30.109952527,1735314.0
2020-09-24,29.756169425,29.643499647,29.85531883,29.539843452,2136528.0
2020-09-25,29.548857034,29.999536145,30.040097265,29.524971041,1265630.0
2020-09-28,29.850812039,30.049110847,30.143753461,29.837291665,1447722.0
2020-09-29,30.247409656,30.522323914,30.630486901,30.197834954,2550004.0
2020-09-30,30.197834954,30.166287416,30.278957194,29.999536145,2791712.0
2020-10-01,30.42317451,30.085165176,30.432188092,30.004042936,1816396.0
2020-10-02,29.81475771,29.819264501,29.965735212,29.679553976,1602820.0
2020-10-05,30.130233087,30.477256003,30.531337496,30.103192341,1349910.0
2020-10-06,30.256423238,30.044604056,30.310504732,30.008549727,1929376.0
2020-10-07,29.972495399,29.828278083,30.044604056,29.675047185,1644762.0
2020-10-08,29.927427487,30.982016607,31.2389037,29.886866367,4430364.0
2020-10-09,31.144261087,31.356080269,31.464243256,31.049618474,2623014.0
2020-10-12,32.023085354,32.054632891,32.140261922,31.793239007,2061924.0
2020-10-13,31.761691469,31.856334082,32.126741549,31.621980945,2577884.0
2020-10-14,31.446216091,31.202849372,31.504804376,31.045111683,1431368.0
2020-10-15,30.666541229,30.680061603,30.840052687,30.436694883,1789992.0
2020-10-16,30.639500483,30.882867203,31.004550563,30.594432572,1229596.0
2020-10-19,31.270451238,30.774704216,31.27946482,30.716115932,1564890.0
2020-10-20,31.297491985,30.986523398,31.342559896,30.923428323,2291912.0
2020-10-21,31.018070936,30.806251754,31.112713549,30.756677052,1742930.0
2020-10-22,30.918921532,30.819772127,30.932802448,30.585418989,1671640.0
2020-10-23,30.792731381,30.756677052,30.952722465,30.621473318,2351334.0
2020-10-26,30.400640554,30.265436821,30.628233505,30.060828504,1300112.0
2020-10-27,30.161780625,29.499282332,30.211355327,29.472241585,2444362.0
2020-10-28,29.161272999,28.868331577,29.219861283,28.692566723,3041344.0
2020-10-29,29.16577979,28.769182172,29.179300163,28.674539559,2678970.0
2020-10-30,28.142738208,27.669525141,28.390611719,27.367570137,4286740.0
2020-11-02,28.034575221,28.183299328,28.318503061,27.912891861,2748538.0
2020-11-03,28.489761123,28.286955523,28.593417319,28.255407986,1999396.0
2020-11-04,29.53082987,30.409654136,30.698088767,29.463228003,4789304.0
2020-11-05,31.180315416,31.126233923,31.283971612,30.932441905,2710114.0
2020-11-06,31.288478403,30.585418989,31.338053105,30.427681301,7208022.0
2020-11-09,29.093671132,29.494775541,29.729128679,29.075643968,4148578.0
2020-11-10,29.296476732,29.309997105,29.497028936,28.990014937,3126198.0
2020-11-11,29.445200839,29.386612554,29.575897781,29.224368074,2119378.0
2020-11-12,29.472241585,29.620965692,29.787716963,29.427173674,1505408.0
2020-11-13,29.557870616,29.557870616,29.65251323,29.49026875,1291284.0
2020-11-16,29.16577979,29.201834119,29.355065016,29.08465755,2307460.0
2020-11-17,29.607445319,28.949453817,29.634486065,28.893118928,2775570.0
2020-11-18,29.174793372,28.854811203,29.237888448,28.850304412,2341214.0
2020-11-19,29.242395239,29.219861283,29.319010688,29.00353531,1981024.0
2020-11-20,29.32802427,29.337037852,29.589418154,29.264929194,2145792.0
2020-11-23,29.174793372,29.251408821,29.269435985,28.985508145,2353722.0
2020-11-24,28.63848523,28.584403737,28.778195754,28.507788288,2041122.0
2020-11-25,28.552856199,28.683553141,28.697073514,28.485254332,1694102.0
2020-11-27,28.863824785,29.314503896,29.364078599,28.850304412,2550908.0
2020-11-30,29.53082987,29.129725461,29.539843452,29.021562474,3651528.0
2020-12-01,28.990014937,29.300983523,29.386612554,28.958467399,1532332.0
2020-12-02,29.373092181,29.584911363,29.73363547,29.337037852,1209420.0
2020-12-03,29.413653301,29.16577979,29.418160092,29.080150759,1114252.0
2020-12-04,29.418160092,29.436187256,29.620965692,29.359571808,1124916.0
2020-12-07,29.832784874,29.616458901,29.89587995,29.548857034,1319486.0
2020-12-08,29.422666883,29.783210172,29.837291665,29.391119345,996850.0
2020-12-09,30.625980109,30.535844287,30.630486901,30.305997941,3013766.0
2020-12-10,30.490776376,30.09868555,30.542604474,29.963481816,1974180.0
2020-12-11,30.143753461,30.215862118,30.283463985,30.044604056,1234886.0
2020-12-14,30.287970776,29.846305247,30.409654136,29.837291665,2130644.0
2020-12-15,30.080658385,30.188821372,30.224875701,29.986015772,2290652.0
2020-12-16,31.4417093,31.252424074,31.52283154,31.225383327,3293508.0
2020-12-17,31.283971612,31.202849372,31.367347247,31.11722034,2730664.0
2020-12-18,31.833800127,32.135755131,32.189836625,31.612967363,3340834.0
2020-12-21,31.342559896,31.27946482,31.36058706,31.09693978,2277062.0
2020-12-22,30.945962278,30.702595558,30.986523398,30.598939363,1729532.0
2020-12-23,30.540351078,30.251916447,30.549364661,30.215862118,1773050.0
2020-12-24,30.324025105,30.166287416,30.369093016,30.121219505,555044.0
2020-12-28,31.081166012,30.535844287,31.081166012,30.396584442,2513284.0
2020-12-29,30.959482652,30.684568394,30.959482652,30.598939363,2548724.0
2020-12-30,30.900894367,30.513310332,30.95497586,30.41280889,1491690.0
2020-12-31,30.351065852,30.355572643,30.463735629,30.062631221,1027590.0
2021-01-04,30.959482652,31.067645638,31.112713549,30.675554812,4629600.0
2021-01-05,30.792731381,30.770197425,30.833292501,30.305997941,1750966.0
2021-01-06,30.112205923,29.940947861,30.328081217,29.877852785,2121352.0
2021-01-07,30.324025105,30.463735629,30.526830705,30.035590474,1414042.0
2021-01-08,30.486269585,30.540351078,30.576405407,30.305997941,1130056.0
2021-01-11,30.607952945,30.612459736,30.707102349,30.495283167,1079036.0
2021-01-12,30.324025105,30.121219505,30.414160927,29.85531883,3116034.0
2021-01-13,30.495283167,30.828785709,31.058632056,30.477256003,2552028.0
2021-01-14,30.765690634,30.887373994,31.013564145,30.729636305,1675922.0
2021-01-15,31.202849372,31.338053105,31.455229674,31.049618474,2023318.0
2021-01-19,31.941963114,31.784225425,31.941963114,31.567899451,2002916.0
2021-01-20,31.48227042,31.315519149,31.567854384,31.207356163,2082398.0
2021-01-21,31.630994527,31.558885869,31.653528483,31.32002594,1923254.0
2021-01-22,31.383121016,31.698596394,31.869854456,31.283971612,1594974.0
2021-01-25,31.630994527,31.856334082,31.912668971,31.621980945,1112806.0
2021-01-26,31.923935949,31.896895202,32.059139682,31.797745798,1559544.0
2021-01-27,31.139754296,30.409654136,31.243410492,30.400640554,2322318.0
2021-01-28,30.770197425,30.693581976,31.27946482,30.680061603,2081926.0
2021-01-29,30.387120181,30.242902865,30.463735629,29.963481816,2329410.0
2021-02-01,30.779211007,30.607952945,30.815265336,30.544857869,1787212.0
2021-02-02,30.900894367,30.860333247,30.968496234,30.644007274,2501258.0
2021-02-03,31.757184678,31.509311167,31.919429158,31.455229674,2839408.0
2021-02-04,31.455229674,31.15778146,31.468750047,31.049618474,2882046.0
2021-02-05,30.977509816,31.054125265,31.067645638,30.770197425,2322576.0
2021-02-08,31.040604892,30.824278918,31.054125265,30.625980109,2433026.0
2021-02-09,31.166795043,30.99553698,31.220876536,30.819772127,1609702.0
2021-02-10,31.126233923,30.95497586,31.130740714,30.639500483,1604068.0
2021-02-11,32.072660056,32.194343416,32.256897676,31.811266171,5003982.0
2021-02-12,32.180823042,33.046126936,33.064199168,32.180823042,3841172.0
2021-02-16,32.703610811,32.703610811,32.879375664,32.433203345,3971386.0
2021-02-17,32.518832376,32.933457158,32.969511487,32.478271256,2645014.0
2021-02-18,32.654036109,32.717131184,32.789239842,32.401655807,2330192.0
2021-02-19,32.365601478,32.261945282,32.487284838,32.167302669,3125940.0
2021-02-22,31.865347665,31.662542065,31.941963114,31.637754714,1677652.0
2021-02-23,31.171301834,31.180315416,31.265944447,30.959482652,2121462.0
2021-02-24,31.324532732,31.410161763,31.635501318,31.171301834,1729984.0
2021-02-25,31.667048856,31.477763629,31.775211843,31.410161763,2143744.0
2021-02-26,31.396641389,30.986523398,31.432695718,30.878360412,1746386.0
2021-03-01,31.56339266,31.698596394,31.842813709,31.500297585,1636340.0
2021-03-02,31.703103185,31.630994527,31.775211843,31.500297585,985488.0
2021-03-03,31.189328998,31.081166012,31.243410492,30.860333247,1503926.0
2021-03-04,30.42317451,30.071644803,30.731889701,29.778703381,3482444.0
2021-03-05,30.080658385,30.247409656,30.324025105,29.485761959,2645792.0
2021-03-08,29.990522563,29.89587995,30.328531896,29.871092599,2132986.0
2021-03-09,30.675554812,30.747663469,31.000043772,30.662034438,2942530.0
2021-03-10,31.419175345,31.202849372,31.475510234,31.130740714,1646256.0
2021-03-11,31.27946482,31.265944447,31.40114818,31.099193176,1285394.0
2021-03-12,30.869346829,30.878360412,30.896387576,30.662034438,1419698.0
2021-03-15,31.045111683,31.365093851,31.365093851,30.986523398,1223598.0
2021-03-16,31.365093851,31.617474154,31.676062438,31.365093851,1048108.0
2021-03-17,31.103699967,31.225383327,31.306505567,30.916668136,1053388.0
2021-03-18,30.761183843,30.833292501,31.07665922,30.702595558,1455058.0
2021-03-19,30.806251754,30.580912198,30.900894367,30.553871452,1589764.0
2021-03-22,30.801744963,30.896387576,31.121727132,30.801744963,1564660.0
2021-03-23,30.143753461,29.517309496,30.296984358,29.413653301,2566410.0
2021-03-24,29.657020021,29.098177923,29.675047185,29.026069265,2926800.0
2021-03-25,29.296476732,29.273942776,29.377598972,28.985508145,1425156.0
2021-03-26,29.495730981,29.838247105,29.838247105,29.301938963,1656820.0
2021-03-29,29.910355763,30.131188527,30.288926216,29.878808225,1602042.0
2021-03-30,29.959930465,29.901342181,29.985123427,29.725577327,1522974.0
2021-03-31,30.207803976,29.676002625,30.212310767,29.630934714,2059430.0
2021-04-01,29.991478003,29.784165612,30.167242856,29.680509416,968244.0
2021-04-05,29.757124865,30.086120616,30.090627407,29.73459091,1140856.0
2021-04-06,30.063586661,29.950916883,30.16909064,29.91711595,1225450.0
2021-04-07,30.135695318,29.887821807,30.162736065,29.721070536,1615324.0
2021-04-08,30.379062038,30.500745398,30.568347265,30.361034874,1780808.0
2021-04-09,30.852275105,30.892836225,30.931143949,30.699044207,1801754.0
2021-04-12,30.608908385,30.595388012,30.717071372,30.518772563,1147732.0
2021-04-13,31.073107869,31.185777647,31.244365931,30.973958465,1627158.0
2021-04-14,31.388583247,31.086628243,31.406610411,30.946917718,1913006.0
2021-04-15,31.370556082,31.519280189,31.690538251,31.370556082,1944200.0
2021-04-16,31.825741985,31.816728402,31.924891389,31.699551834,2641222.0
2021-04-19,32.082629078,32.055588331,32.109669825,31.915877807,1491132.0
2021-04-20,32.150230945,32.316982216,32.368810313,32.082629078,1373164.0
2021-04-21,32.447679158,32.745127371,32.812729238,32.353036544,1442340.0
2021-04-22,32.727100207,32.709073042,32.870416164,32.5783761,1310852.0
2021-04-23,32.664005131,32.668511922,32.709073042,32.483733487,1066526.0
2021-04-26,32.528801398,32.686539087,32.727100207,32.339516171,1255908.0
2021-04-27,32.488240278,32.49725386,32.53781498,32.301208447,1991924.0
2021-04-28,32.465706322,32.695552669,32.736113789,32.425145202,1117542.0
2021-04-29,32.682032295,32.749634162,32.783435095,32.515281024,1207650.0
2021-04-30,32.645977967,32.61893722,32.920892224,32.591896473,1611560.0
2021-05-03,33.128204615,33.245381184,33.303969469,33.047082375,2921586.0
2021-05-04,32.709073042,32.70005946,32.853290358,32.492747069,2285354.0
2021-05-05,32.641471176,32.673018713,32.848783567,32.483733487,2976178.0
2021-05-06,32.569362518,32.731606998,32.74062058,32.429651993,1556864.0
2021-05-07,33.110177451,33.3895985,33.443679993,33.110177451,1492376.0
2021-05-10,33.75464858,33.669019549,33.842936618,33.565363353,1923400.0
2021-05-11,33.362557753,33.822250446,33.91689306,33.290449095,2232420.0
2021-05-12,34.074630748,34.462214784,34.525309859,34.043083211,3556704.0
2021-05-13,34.376585753,34.845292028,34.885853148,34.227861646,2580570.0
2021-05-14,34.894866731,34.939934642,35.106685913,34.894866731,1588330.0
2021-05-17,35.277943975,35.606939726,35.670034801,35.273437184,1882006.0
2021-05-18,35.350052633,35.183301362,35.471735993,35.174287779,1974290.0
2021-05-19,35.196821735,35.368079797,35.471735993,35.045844233,2395246.0
2021-05-20,35.390613753,35.719609504,35.887307201,35.354559424,1414826.0
2021-05-21,36.021564508,35.931428686,36.075646001,35.845799655,1650596.0
2021-05-24,36.075646001,36.11170033,36.350560259,36.062125628,1010496.0
2021-05-25,35.82777249,35.516803904,35.86833361,35.50328353,2254356.0
2021-05-26,35.548351441,35.498776739,35.606939726,35.419907895,1622022.0
2021-05-27,34.926414268,34.813744491,35.174287779,34.768676579,1963820.0
2021-05-28,34.809237699,34.849798819,35.13845879,34.764169788,1494832.0
2021-06-01,35.435681664,34.980495762,35.435681664,34.890359939,1721780.0
2021-06-02,34.827264864,34.827264864,34.980495762,34.777690162,818274.0
2021-06-03,34.809237699,35.201328526,35.201328526,34.764169788,882878.0
2021-06-04,35.413147708,35.773690997,35.912590299,35.273437184,1820424.0
2021-06-07,35.99001697,35.886360775,36.206342944,35.66552801,4839614.0
2021-06-08,36.431682499,36.373094215,36.449709663,36.129727495,2248854.0
2021-06-09,36.747157877,36.918415939,36.958977059,36.742651086,2828398.0
2021-06-10,37.035592508,37.49077841,37.57190065,36.986017806,2307724.0
2021-06-11,37.265438854,37.351067885,37.36909505,37.08516721,1578172.0
2021-06-14,37.16628945,37.342054303,37.346561094,37.152769077,1698666.0
2021-06-15,37.414162961,37.405149379,37.477258037,37.170796241,1252328.0
2021-06-16,37.32853393,36.981511014,37.513312365,36.88236161,2287962.0
2021-06-17,36.31450593,36.593926979,36.652515263,36.296478766,1992026.0
2021-06-18,36.341546677,36.373094215,36.467736828,36.222116712,1799774.0
2021-06-21,36.346053468,36.539845486,36.688569592,36.291971975,1402650.0
2021-06-22,36.39562817,36.319012721,36.494777575,36.264931228,1629542.0
2021-06-23,36.503791157,36.089166375,36.503791157,36.089166375,1172810.0
2021-06-24,36.377601006,36.337039886,36.648008472,36.313018689,877340.0
2021-06-25,36.409148543,36.607447352,36.643501681,36.296478766,1577336.0
2021-06-28,36.67955601,36.814759743,36.96348385,36.616460935,1147010.0
2021-06-29,37.08516721,37.058126463,37.170796241,36.892862433,1323264.0
2021-06-30,37.089674001,37.04460609,37.414162961,36.954470268,1506594.0
2021-07-01,37.233891317,37.337547512,37.418669752,37.121221539,1330420.0
2021-07-02,37.107701166,37.513312365,37.513312365,37.08516721,930926.0
2021-07-06,37.711611174,37.621475352,37.722878152,37.396135797,1543280.0
2021-07-07,37.963991476,38.166797076,38.184824241,37.792733414,1386544.0
2021-07-08,38.405657005,38.54536753,38.554381112,38.09919521,1968304.0
2021-07-09,37.950471103,38.292987227,38.599449023,37.927937148,2095066.0
2021-07-12,38.414670587,38.320027974,38.572408276,38.252426107,1105788.0
2021-07-13,38.209611592,38.347068721,38.477765663,38.198344614,814986.0
2021-07-14,38.288480436,38.473258872,38.518326783,38.117222374,1166514.0
2021-07-15,38.847322534,38.775213876,38.866431328,38.592688836,1518074.0
2021-07-16,38.856336116,39.248426943,39.304761832,38.761693503,1773660.0
2021-07-19,38.914924401,39.099702836,39.206964465,38.885044376,2057546.0
2021-07-20,38.608462605,38.730145965,38.95097873,38.58592865,2616014.0
2021-07-21,39.086182463,39.316028809,39.374617094,38.883376863,1315124.0
2021-07-22,39.167304703,39.050128134,39.401657841,39.045621343,2893556.0
2021-07-23,39.681078889,40.190346285,40.239920987,39.532354783,3307326.0
2021-07-26,39.527847992,39.5233412,39.739667174,39.365603512,2154942.0
2021-07-27,39.590943067,39.694599263,39.694599263,39.343069556,1398444.0
2021-07-28,40.068662925,40.523848827,40.713134054,39.990064488,2398062.0
2021-07-29,40.726654427,40.469767334,40.834817413,40.348083974,1729684.0
2021-07-30,41.055650178,41.02410264,41.145786,40.884392116,1448696.0
2021-08-02,40.839324205,41.204374285,41.208881076,40.604971067,1523996.0
2021-08-03,41.118745253,41.258455778,41.357605182,41.040777767,2904244.0
2021-08-04,41.47027496,43.552412453,43.692122977,41.454501191,6307440.0
2021-08-05,44.949517697,45.756233306,45.805808008,44.845861501,4177320.0
2021-08-06,43.669589022,44.124774924,44.390675599,43.615958207,3494168.0
2021-08-09,44.390675599,44.652069484,44.791780008,44.165336044,2070748.0
2021-08-10,44.399689181,44.408702764,44.715164559,44.160829253,2808488.0
2021-08-11,44.458277466,44.688123813,44.854875084,44.363634853,1999326.0
2021-08-12,44.733191724,45.156830088,45.305554195,44.584467617,1402318.0
2021-08-13,45.255979492,45.603002408,45.726939163,45.233445537,1527478.0
2021-08-16,45.778893451,46.076341664,46.080848455,45.630214412,1501074.0
2021-08-17,46.486459655,46.82897578,46.842496153,46.409844207,1935580.0
2021-08-18,46.847002944,46.414350998,47.189519069,46.414350998,2025744.0
2021-08-19,46.716306002,47.135437575,47.392324668,46.680251673,2016944.0
2021-08-20,47.320216011,47.590623477,47.870044526,47.257120935,1864304.0
2021-08-23,47.586116686,47.284161682,47.586116686,47.203039442,2794130.0
2021-08-24,46.554061522,46.238586144,46.928125184,46.198025024,2827152.0
2021-08-25,46.044794127,46.243092935,46.2611201,45.837481736,1629058.0
2021-08-26,46.333228758,46.216052189,46.58560906,46.211545398,1410640.0
2021-08-27,45.801427407,45.454404491,46.080848455,45.382295833,2760330.0
2021-08-30,45.2470921,45.679744047,45.918603976,45.211037771,2537186.0
2021-08-31,45.373282251,44.593607389,45.382295833,44.183489398,4786394.0
2021-09-01,44.575580225,44.972177842,44.999083385,44.530512314,2497360.0
2021-09-02,45.233571727,45.364268669,45.395816207,45.008232171,1284906.0
2021-09-03,44.764865451,45.008232171,45.1456893,44.553046269,1978462.0
2021-09-07,45.319200758,45.224558145,45.373282251,45.102874785,1365312.0
2021-09-08,44.886548811,44.92260314,45.174983442,44.769372242,1544356.0
2021-09-09,44.850494482,44.287145594,44.972177842,44.215036936,2361216.0
2021-09-10,44.51699194,44.404322163,44.737824705,44.269118429,1744478.0
2021-09-13,45.008232171,44.458403656,45.071327247,44.269118429,1964370.0
2021-09-14,44.616141345,44.620648136,45.102874785,44.553046269,1933512.0
2021-09-15,45.215544562,45.179490233,45.23717716,44.877535229,1274130.0
2021-09-16,45.494965611,45.679744047,45.778893451,45.350748296,1922814.0
2021-09-17,45.32821434,45.242585309,45.639453334,45.030766127,3016592.0
2021-09-20,43.994204172,44.453896865,44.836974109,43.962656634,2209818.0
2021-09-21,45.00372538,45.404829789,45.702278002,45.00372538,1961864.0
2021-09-22,45.030766127,44.999218589,45.36877546,44.834720714,1175912.0
2021-09-23,45.607635389,45.553553896,45.747345913,45.4498977,1048062.0
2021-09-24,44.900069185,44.92260314,45.323707549,44.782892616,1983462.0
2021-09-27,44.530512314,44.19250298,44.55755306,44.088846785,1439356.0
2021-09-28,43.083832367,42.52499027,43.083832367,42.277116759,3058410.0
2021-09-29,42.989189754,42.84947923,43.237063265,42.592592136,1665638.0
2021-09-30,43.142420652,42.80891811,43.336212669,42.790890945,2238914.0
2021-10-01,42.64667363,42.750329825,42.844972438,42.304157505,1645754.0
2021-10-04,43.498457149,43.228049683,43.615633718,42.899053932,1987698.0
2021-10-05,43.795905363,43.448882447,43.845480065,43.435362074,2098344.0
2021-10-06,43.268610803,43.05228483,43.282131176,42.642211906,1576142.0
2021-10-07,43.539018269,43.877027603,44.156448652,43.507470732,1664560.0
2021-10-08,44.115887532,43.877027603,44.215036936,43.755344243,1219166.0
2021-10-11,43.845480065,43.886041185,44.016738127,43.750837452,843700.0
2021-10-12,43.86801402,43.543525061,43.940122678,43.313678714,1344514.0
2021-10-13,44.287145594,44.877535229,44.994711798,44.287145594,1804320.0
2021-10-14,45.0442865,44.805426571,45.120901949,44.764865451,1287912.0
2021-10-15,45.156956278,45.661716882,45.841988527,45.08484762,1877868.0
2021-10-18,46.13943674,46.152957113,46.472939282,46.022260171,2803600.0
2021-10-19,46.116902784,46.702785629,46.88981746,46.116902784,1750920.0
2021-10-20,46.702785629,46.657717718,47.013754215,46.315201593,1277440.0
2021-10-21,46.513500402,46.594622642,46.671238091,46.328721967,1571282.0
2021-10-22,47.054315335,47.31570922,47.351763548,47.036288171,1240102.0
2021-10-25,47.482460491,47.387817877,47.511889837,47.207546233,1313806.0
2021-10-26,47.063328917,47.919619228,48.081863708,47.063328917,1564420.0
2021-10-27,47.649211762,47.166985113,47.795682473,47.087124775,1412494.0
2021-10-28,47.554569148,48.054822962,48.361284757,47.554569148,1797406.0
2021-10-29,48.839004615,49.172507157,49.26714977,48.591131104,2138756.0
2021-11-01,48.924633646,48.86153857,49.073357753,48.667205738,1694842.0
2021-11-02,49.18602753,49.136452828,49.668254179,49.041810215,2353898.0
2021-11-03,49.934154855,51.61969473,51.795459583,49.893593735,4348390.0
2021-11-04,51.651242267,51.750391672,51.786446001,51.169015619,2075406.0
2021-11-05,50.154987619,50.655241432,50.659748223,50.033304259,2355206.0
2021-11-08,51.45745025,51.232110694,51.624201521,50.88959457,1904750.0
2021-11-09,51.182535992,50.97071681,51.232110694,50.846780054,1381954.0
2021-11-10,50.749884045,50.335259263,50.912128525,50.186535157,1934378.0
2021-11-11,50.794951957,50.650734641,50.858047032,50.375820383,2071322.0
2021-11-12,50.48398337,50.511024117,50.64622785,50.028797468,1100056.0
2021-11-15,50.619187103,50.68678897,50.943676063,50.601159939,1118082.0
2021-11-16,50.781431583,50.912128525,51.209576739,50.691295761,1143678.0
2021-11-17,51.187042783,51.101413752,51.407875547,51.029305094,1118318.0
2021-11-18,51.484490996,51.380834801,51.678283014,51.105920543,1773244.0
2021-11-19,51.196056365,50.858047032,51.349287263,50.803965539,1449940.0
2021-11-22,50.407367921,49.668254179,50.44342225,49.650227015,1343308.0
2021-11-23,48.451420579,48.852524988,49.019276259,48.33424401,2006090.0
2021-11-24,48.505502073,48.681266926,48.690280508,48.162985948,1139612.0
2021-11-26,48.519022446,48.289176099,48.685773717,48.212560651,1688626.0
2021-11-29,47.960180348,48.343257593,48.654226179,47.793429077,1329466.0
2021-11-30,48.433393415,47.685266091,48.703800881,47.401338251,2255362.0
2021-12-01,47.856524153,47.888071691,48.550569984,47.770895122,1420968.0
2021-12-02,47.550062357,47.59963706,47.856524153,47.410351833,1583278.0
2021-12-03,48.784923121,47.797935868,48.857121915,47.338243175,1523132.0
2021-12-06,48.275655726,48.099890873,48.433393415,47.703293255,1815000.0
2021-12-07,48.609158268,49.18602753,49.204054695,48.605057088,1346112.0
2021-12-08,50.267657397,50.650734641,50.673268597,49.605159103,2400064.0
2021-12-09,50.844526659,50.709322925,51.006771139,50.623693894,2564182.0
2021-12-10,50.664255014,51.074373005,51.164508828,50.664255014,1186268.0
2021-12-13,51.488997787,51.682789805,51.876581823,51.367314428,1269346.0
2021-12-14,50.60566673,50.384833966,50.64622785,50.119429037,2097060.0
2021-12-15,50.520037699,52.02530593,52.034319512,50.506517325,1635796.0
2021-12-16,51.962210854,52.304726978,52.426410338,51.817993539,1533370.0
2021-12-17,51.687296596,47.964687139,52.052346676,47.567413503,11552650.0
2021-12-20,46.468432491,46.198025024,46.709545815,45.549047104,5956800.0
2021-12-21,46.756867122,47.405845042,47.523021611,46.405337415,5111504.0
2021-12-22,48.510008864,49.068850961,49.190534321,48.424379833,3649760.0
2021-12-23,48.505502073,48.406352668,49.298697308,48.372551735,2411194.0
2021-12-27,49.460941788,49.848525823,50.096399334,49.26714977,2262392.0
2021-12-28,50.019783886,49.465448579,50.051331423,49.271656561,1675438.0
2021-12-29,49.068850961,49.636706641,49.654733806,48.825484241,1344096.0
2021-12-30,49.83500545,49.767403583,50.247376837,49.731349255,1623234.0
2021-12-31,49.952182019,50.015277095,50.425395086,49.871059779,1514604.0
2022-01-03,48.956181184,48.568597148,48.987728721,48.086370499,2312556.0
2022-01-04,46.351255922,47.374297504,47.450912953,46.198926383,5726352.0
2022-01-05,46.763627309,45.751852704,46.986713469,45.751852704,2874406.0
2022-01-06,44.931616722,45.89607002,46.391817042,44.728811122,6665854.0
2022-01-07,44.855001274,45.278639638,45.485952029,44.850494482,7812334.0
2022-01-10,44.665716047,45.413843371,45.472431656,44.444883283,2980216.0
2022-01-11,44.92260314,45.156956278,45.197517398,44.453896865,2404472.0
2022-01-12,44.665716047,44.945137096,45.102874785,44.634168509,2445270.0
2022-01-13,44.958657469,44.408828954,45.00372538,44.236579397,1931300.0
2022-01-14,43.277624385,42.948628634,43.750837452,42.517328725,4927778.0
2022-01-18,42.655687212,42.980176172,43.210022518,42.561044599,2289914.0
2022-01-19,43.570565807,43.385787372,43.976177007,43.243553044,2053078.0
2022-01-20,42.795397736,42.561044599,43.434460716,42.529497061,4022628.0
2022-01-21,42.786384154,42.515976687,43.205515727,42.410067096,2700322.0
2022-01-24,41.362238163,42.552031016,42.651180421,40.78086211,5764800.0
2022-01-25,41.988682128,42.425840865,42.745823034,41.898546305,5164944.0
2022-01-26,42.141913025,41.497441897,42.376266163,41.312663461,3709286.0
2022-01-27,42.563297994,42.552031016,43.115379905,42.353732208,2640624.0
2022-01-28,42.759343407,43.146927443,43.219036101,42.389786536,1981344.0
2022-01-31,43.809425736,44.548539478,44.6386753,43.737317078,2890264.0
2022-02-01,45.220051353,45.778893451,45.860015691,44.904575976,4038850.0
2022-02-02,47.455419744,47.577103104,47.838496988,47.090369664,4395618.0
2022-02-03,46.445898535,46.693772046,46.995727051,46.364776295,3937892.0
2022-02-04,45.346241505,44.458403656,45.576087851,44.237570891,5665024.0
2022-02-07,44.954150678,45.400322998,45.8555089,44.832467318,2094848.0
2022-02-08,45.179490233,45.305680385,45.377789042,44.891055602,1945834.0
2022-02-09,46.54504794,47.2751481,47.338243175,46.518007193,2559642.0
2022-02-10,46.680251673,46.436884953,47.482460491,46.306188011,1889868.0
2022-02-11,45.391309416,44.115887532,45.472431656,43.791398572,3747382.0
2022-02-14,43.516484314,43.768864616,44.003217754,43.381280581,3157750.0
2022-02-15,44.909082767,45.220051353,45.589608224,44.909082767,1890088.0
2022-02-16,45.314693967,46.035780544,46.116902784,45.310187176,2010630.0
2022-02-17,46.130423158,45.711291584,46.189011442,45.663339327,1578250.0
2022-02-18,45.454404491,44.972177842,45.558060687,44.701770376,1177012.0
2022-02-22,44.521498731,44.264611638,45.12540874,43.804918945,1595182.0
2022-02-23,44.224050518,43.561552225,44.309679549,43.484936776,1413162.0
2022-02-24,42.615126092,44.133914696,44.187996189,42.24106243,2918502.0
2022-02-25,44.967671051,45.846495318,46.060567895,44.904575976,2675236.0
2022-02-28,45.648196509,45.93663114,46.0583145,45.355255087,2163056.0
2022-03-01,46.387310251,46.229572562,46.878550482,46.053807709,2104544.0
2022-03-02,45.81494778,46.711799211,46.856016526,45.508485985,2701364.0
2022-03-03,47.428378997,46.531527566,47.910605646,46.238586144,1861776.0
2022-03-04,45.404829789,46.459418909,46.481952864,45.404829789,2401502.0
2022-03-07,45.837481736,44.990205007,46.040287335,44.895562394,5455580.0
2022-03-08,45.522006358,45.648196509,47.162478322,44.823453736,7352850.0
2022-03-09,45.878042856,46.887564064,47.139944366,45.66802639,5377134.0
2022-03-10,46.166477487,46.617156598,46.856016526,46.008739798,4426048.0
2022-03-11,45.269626056,45.174983442,45.981699051,44.864014856,5354262.0
2022-03-14,45.544540313,45.391309416,46.184504651,45.364268669,1392916.0
2022-03-15,45.941137931,45.711291584,46.049300918,45.2470921,2286166.0
2022-03-16,47.085862873,47.419365415,47.689772882,46.445898535,2371820.0
2022-03-17,48.167492739,49.046317006,49.086878126,48.131438411,1684164.0
2022-03-18,48.546063193,49.776417166,49.776417166,48.469447744,2721482.0
2022-03-21,49.158986784,49.199547904,49.767403583,48.834497824,2305526.0
2022-03-22,49.050823797,48.938154019,49.276163352,48.591131104,1954298.0
2022-03-23,48.938154019,48.829991033,49.334751637,48.708307673,1622814.0
2022-03-24,48.203547068,48.654226179,48.681266926,47.983480458,1413052.0
2022-03-25,48.502085925,48.001832112,48.569687792,47.697578644,1527204.0
2022-03-28,48.069433979,48.632782868,48.659823614,48.028872859,1058140.0
2022-03-29,50.025381321,49.664838032,50.259734458,49.425978103,2004936.0
2022-03-30,50.340856698,50.719427151,51.251228502,50.291281996,2362300.0
2022-03-31,50.868151258,50.047915276,50.976314245,50.047915276,1668024.0
2022-04-01,50.277761623,50.886178423,50.9988482,50.196639383,1883080.0
2022-04-04,50.845617303,51.291789622,51.386432236,50.588730209,2961542.0
2022-04-05,51.584731045,51.742468733,52.112025604,51.557690298,2003820.0
2022-04-06,51.877672467,52.788044271,52.842351104,51.774016271,2827558.0
2022-04-07,53.486596893,54.89722251,55.054960199,53.486596893,4647800.0
2022-04-08,54.08149332,54.333873622,54.739484822,54.0409322,2578464.0
2022-04-11,54.387955115,54.509638475,54.964824377,54.057066512,5004844.0
2022-04-12,52.652840538,52.909727631,53.292804875,52.184134262,5920626.0
2022-04-13,53.261257337,53.576732715,53.680388911,52.772270502,2903232.0
2022-04-14,53.662361746,53.27027092,53.910235257,53.18914868,1771654.0
2022-04-18,52.828605391,52.445528147,53.442610612,52.228300815,1188314.0
2022-04-19,51.390939027,51.562197089,51.936260751,51.116159973,2391046.0
2022-04-20,51.909220004,52.071464484,52.49960964,51.755989107,1594076.0
2022-04-21,51.584731045,49.912711543,51.652332911,49.718919525,4305386.0
2022-04-22,50.95828708,49.890177587,50.95828708,49.723426316,2365832.0
2022-04-25,50.056928858,51.251228502,51.260242085,50.029888112,2668646.0
2022-04-26,50.30930916,49.475552805,50.588730209,49.430484894,2828962.0
2022-04-27,50.011860947,50.277761623,50.748045275,49.786521392,2137478.0
2022-04-28,48.664330405,49.660331241,49.973553223,48.637289659,3559272.0
2022-04-29,51.593744627,51.377418654,52.33736516,51.233201338,6459152.0
2022-05-02,51.255735294,51.305309996,51.52614276,50.485074014,3401186.0
2022-05-03,51.025888947,51.007861782,51.517129178,50.651825285,2393508.0
2022-05-04,50.63379812,51.336857534,51.467554476,49.998340574,3267674.0
2022-05-05,50.854630885,50.832096929,51.327843951,50.498594387,4392626.0
2022-05-06,49.903697961,50.183119009,50.71492036,49.646810867,5187530.0
2022-05-09,48.72291869,47.884655543,49.020366903,47.744945019,4423078.0
2022-05-10,48.425470476,48.420963685,49.18937157,47.875641961,2776484.0
2022-05-11,47.186102921,46.784998512,48.281253161,46.757957766,3516786.0
2022-05-12,47.093713703,47.028365232,47.50608509,46.456002761,4213044.0
2022-05-13,47.771985766,47.79001293,48.177596965,47.213143668,2968852.0
2022-05-16,46.519097837,46.528111419,46.992310903,46.041377979,3786498.0
2022-05-17,48.191117339,47.925216663,48.201032279,47.537632628,2363832.0
2022-05-18,47.154555383,46.645287988,47.357360983,46.474029926,1984480.0
2022-05-19,46.510084255,46.893161499,47.339333819,46.446989179,4347124.0
2022-05-20,48.010845694,48.56067421,48.772493392,47.929723454,4591770.0
2022-05-23,48.659823614,48.60123533,48.867136005,48.344348236,1647404.0
2022-05-24,48.894176752,48.664330405,49.114468701,48.353361819,1733388.0
2022-05-25,47.961270992,47.433976432,48.146049428,47.249197997,4474152.0
2022-05-26,47.767478974,48.042393232,48.137035845,47.420456059,1895922.0
2022-05-27,47.636782032,48.556167419,48.596728539,47.591714121,1824620.0
2022-05-31,50.250720876,49.754973854,50.300295578,49.448512058,4558966.0
2022-06-01,49.930738707,49.723426316,50.041155089,49.570195418,3973314.0
2022-06-02,50.250720876,50.769001854,50.818576556,49.777507809,2167214.0
2022-06-03,50.579716627,50.660838867,50.899698796,50.332924746,1410456.0
2022-06-06,50.778015436,50.543662298,50.850124094,50.300295578,2822470.0
2022-06-07,51.476568058,52.220188591,52.25624292,51.463047685,2156606.0
2022-06-08,52.026396573,52.260749711,52.630306582,51.963301498,2908148.0
2022-06-09,51.792043436,50.841110511,51.940767542,50.83660372,1787224.0
2022-06-10,50.029888112,50.246214085,50.647318494,49.718919525,2074690.0
2022-06-13,49.069941605,48.484058761,49.20965213,48.388154246,2128644.0
2022-06-14,48.137035845,47.83057405,48.186610548,47.456510388,2646498.0
2022-06-15,47.74945181,47.920709872,48.321814281,47.138781615,2834496.0
2022-06-16,46.97879053,47.632275241,47.848601214,46.97879053,2570948.0
2022-06-17,47.66832957,47.582700539,48.055913605,47.269478557,2408176.0
2022-06-21,48.704891525,48.623769285,48.970792201,48.533633463,1761332.0
2022-06-22,48.389416148,48.375895774,49.011353321,48.339841445,3375898.0
2022-06-23,48.23618525,48.867136005,48.880656379,48.23618525,4412894.0
2022-06-24,50.3904314,50.530141925,50.566196254,49.836411569,2870732.0
2022-06-27,50.782522227,50.87716484,51.273762458,50.51211476,1984738.0
2022-06-28,49.236692876,48.808547721,49.561181836,48.777000183,2969550.0
2022-06-29,49.133036681,49.610756538,50.120023934,49.065434814,2324670.0
2022-06-30,49.380910192,50.219173338,50.300295578,49.110502725,2464322.0
2022-07-01,49.45301885,50.313815952,50.408458565,48.993326156,1869160.0
2022-07-05,48.835588467,50.133544307,50.133544307,48.835588467,5036716.0
2022-07-06,49.241199667,49.795534974,50.061435649,49.191624965,3215046.0
2022-07-07,49.434991685,49.547661463,49.732439898,49.344855863,2254000.0
2022-07-08,48.551660628,49.137543472,49.376403401,48.434484059,1934098.0
2022-07-11,49.146557054,49.367389818,49.754973854,49.020366903,1063428.0
2022-07-12,49.421471312,49.04740765,49.484566387,48.871642796,1890328.0
2022-07-13,48.506592716,49.628783703,49.890177587,48.506592716,2439482.0
2022-07-14,48.655316823,49.326828698,49.480059596,48.506908192,1804778.0
2022-07-15,50.868151258,51.481074849,51.503608805,50.638304911,3067574.0
2022-07-18,51.580224253,50.91772596,52.152586724,50.87716484,3267654.0
2022-07-19,51.823590973,52.197654636,52.206668218,51.499102013,1944306.0
2022-07-20,51.530649551,51.192640218,51.636559142,50.863644467,1732686.0
2022-07-21,51.278269249,51.990342244,52.080478067,51.183626636,1531838.0
2022-07-22,51.683880449,51.629798956,52.107518813,51.44502052,1154122.0
2022-07-25,52.080478067,52.247229338,52.432007773,51.706414405,1378118.0
2022-07-26,52.260749711,52.648333747,52.839692097,52.211175009,1611510.0
2022-07-27,51.751482316,52.697908449,52.8240986,51.693434846,2052866.0
2022-07-28,51.715427987,52.454541729,52.648333747,51.025888947,1539700.0
2022-07-29,52.797057853,52.305817622,52.837618973,52.17512068,2415972.0
2022-08-01,52.70241524,52.319337995,52.918741213,52.220188591,2372432.0
2022-08-02,52.567211507,51.584731045,52.837618973,51.584731045,1791640.0
2022-08-03,51.327843951,45.02734998,51.4044594,44.78398326,12639102.0
2022-08-04,47.695370317,47.082446726,48.182103757,46.433468806,10237708.0
2022-08-05,46.933722619,46.510084255,46.987804112,46.023350815,5171078.0
2022-08-08,46.257703953,46.158554548,46.737677206,45.969269322,3112368.0
2022-08-09,47.240184415,47.14103501,47.726917854,46.875134335,4215632.0
2022-08-10,48.258719205,48.452511223,49.083461979,47.835080841,4549420.0
2022-08-11,49.380910192,49.029380485,49.763987436,48.64179645,3960716.0
2022-08-12,48.679480871,48.706665987,48.847122419,47.927359331,4437954.0
2022-08-15,48.344197775,48.194679638,48.543555292,47.963606152,2694648.0
2022-08-16,47.981729563,47.718940109,48.1312477,47.460681508,3732294.0
2022-08-17,47.868458247,47.487866624,48.194679638,47.465212361,3576000.0
2022-08-18,47.188830349,46.559041831,47.220546318,46.250943851,3756844.0
2022-08-19,47.302101666,47.370064455,47.687133524,46.989472833,3302876.0
2022-08-22,49.159751252,48.72932025,49.399886442,48.317012659,4738660.0
2022-08-23,48.307950954,48.285296691,48.502777618,47.986260416,3100112.0
2022-08-24,48.774628777,49.848440855,50.007020698,48.715727692,5108452.0
2022-08-25,49.757823802,50.473698521,50.478229373,49.612836517,3072534.0
2022-08-26,50.469167668,49.245837452,50.658240149,49.195998073,2673746.0
2022-08-29,48.942270325,48.679480871,49.100850168,48.602456376,2557066.0
2022-08-30,48.597925523,48.0451615,48.71119684,47.913766773,7175400.0
2022-08-31,48.50730847,48.072346616,48.665888313,48.057621345,13259892.0
2022-09-01,47.592076235,47.36100275,47.786902899,46.776522758,3738014.0
2022-09-02,47.003065391,46.323437493,47.456150656,46.033462924,6920598.0
2022-09-06,46.758399348,46.935102601,47.297525504,46.441556822,1904768.0
2022-09-07,46.717621674,47.496928329,47.586412669,46.586226947,1837388.0
2022-09-08,47.157114381,47.886581657,47.918297626,47.057435622,2177966.0
2022-09-09,48.770097924,49.17334381,49.363639621,48.579802113,3074262.0
2022-09-12,49.399886442,49.535812022,49.966243024,49.39535559,2154592.0
2022-09-13,48.973986293,48.0451615,49.069134199,47.961340726,1862702.0
2022-09-14,47.904705068,47.592076235,48.246784443,47.143521823,2353936.0
2022-09-15,47.175237791,46.7629302,47.388187866,46.604350357,2098730.0
2022-09-16,45.938315018,45.951907576,46.192042766,45.3085265,2869826.0
2022-09-19,45.458044637,45.870352228,45.897537344,45.145415804,2408572.0
2022-09-20,44.764824182,45.063860456,45.181617317,44.692330539,2028728.0
2022-09-21,45.725364943,44.955119993,45.83863626,44.900749761,2942004.0
2022-09-22,44.755762476,44.542812402,44.927934877,44.343454885,2648126.0
2022-09-23,44.307208064,44.370640001,44.665145423,44.076134579,3278564.0
2022-09-26,43.27417366,43.169964049,43.817875978,43.05216188,3529550.0
2022-09-27,43.672888693,43.450876913,43.949270705,43.156371491,3288504.0
2022-09-28,44.089727137,45.01855193,45.127292394,44.0262952,2757848.0
2022-09-29,45.489760606,45.485229753,45.723099517,45.131823246,3212928.0
2022-09-30,45.399143553,45.140884951,45.63474789,45.113699836,2198630.0
2022-10-03,46.033462924,46.463893925,46.628816962,45.870352228,2737022.0
2022-10-04,47.193361202,47.746125225,47.859396541,47.080089886,2297650.0
2022-10-05,47.655508172,48.040630647,48.221864753,47.487866624,1512528.0
2022-10-06,47.483335772,47.945482742,48.081408321,47.474274066,2169152.0
2022-10-07,47.60113794,47.148052675,47.752921504,46.812769579,2062600.0
2022-10-10,47.152583528,47.05290477,47.193361202,46.7629302,1597166.0
2022-10-11,46.935102601,47.297570813,47.852600262,46.645128031,2220584.0
2022-10-12,47.410842129,47.111805854,47.664569878,47.057435622,1533854.0
2022-10-13,46.001746955,47.496928329,47.723470962,45.970030986,1827046.0
2022-10-14,47.510520887,47.030250507,47.678162435,46.957756864,1961974.0
2022-10-17,47.58301453,48.02703809,48.18108708,47.55809484,1899008.0
2022-10-18,48.597925523,48.344197775,48.597925523,48.095000879,1665502.0
2022-10-19,48.158432816,47.397249571,48.176510918,47.220546318,1299392.0
2022-10-20,47.229608023,47.148052675,47.832211426,46.994003685,1976498.0
2022-10-21,46.001746955,47.220546318,47.482882686,45.711772385,3712056.0
2022-10-24,47.786902899,48.271704133,48.656826608,47.664569878,3527752.0
2022-10-25,48.869776682,49.010233115,49.041949083,48.498246765,2881612.0
2022-10-26,48.937739472,48.847122419,49.513157759,48.747443661,4622918.0
2022-10-27,48.801813893,48.303420101,49.078195904,48.303420101,2208340.0
2022-10-28,48.998905983,49.368170474,49.422540706,48.810875598,2779168.0
2022-10-31,48.955862883,49.313800242,49.472380085,48.95133203,2969234.0
2022-11-01,49.128035283,48.221864753,49.440664116,47.999852974,2655726.0
2022-11-02,50.555253868,51.302844555,52.66857947,50.464636815,4391770.0
2022-11-03,50.577908131,51.592819125,52.018719274,50.487019227,4578882.0
2022-11-04,51.461424398,50.931314638,51.520325483,50.215439919,3034788.0
2022-11-07,51.393461608,52.127459738,52.331348107,51.2430373,2465072.0
2022-11-08,51.864670284,52.036842685,52.467273687,51.678905325,4111474.0
2022-11-09,51.900917105,51.728744705,52.367594928,51.497671219,2372682.0
2022-11-10,52.784433372,52.349471518,52.875050425,51.764991526,2568898.0
2022-11-11,51.085363628,50.505414489,51.103487039,49.70345357,3202402.0
2022-11-14,52.086682064,51.846546873,52.376656634,51.524856335,2807270.0
2022-11-15,51.538448893,51.488609514,51.731010131,50.700241153,2862116.0
2022-11-16,51.334560524,51.366276493,51.73780641,50.999277428,1804352.0
2022-11-17,50.759142237,51.157857271,51.248474324,50.725160843,1603928.0
2022-11-18,50.813512469,51.397992461,51.592819125,50.808981617,2007186.0
2022-11-21,51.298313703,51.384399903,51.692497883,51.166918976,2056402.0
2022-11-22,51.533918041,52.276977875,52.326817254,51.533918041,1428624.0
2022-11-23,53.137839879,53.387036774,53.409691038,52.834272751,2095022.0
2022-11-25,53.63623367,53.821998629,53.957924208,53.55014747,1020912.0
2022-11-28,54.3702318,54.927526675,55.219766671,54.161812578,3711402.0
2022-11-29,54.909403265,54.981896907,55.507475815,54.886749002,4887956.0
2022-11-30,56.137264333,56.454424019,56.454424019,55.421389614,2583844.0
2022-12-01,57.161237032,57.147644474,57.275505136,56.708151767,1976522.0
2022-12-02,56.830484788,57.496520128,57.578075476,56.803299673,1675076.0
2022-12-05,57.623384002,57.578075476,57.899766014,57.369656254,1989272.0
2022-12-06,57.08874339,56.993595484,57.351532843,56.57675704,2450054.0
2022-12-07,57.016249747,56.744398588,57.351532843,56.554102777,1800180.0
2022-12-08,57.315286022,57.899766014,57.963197951,57.224668969,1790000.0
2022-12-09,59.041540882,58.407221511,59.286206925,58.398159805,3686016.0
2022-12-12,58.692665228,58.814998249,58.873899334,58.407221511,1927038.0
2022-12-13,59.888810327,60.187846602,60.468759466,59.798193274,3082188.0
2022-12-14,60.563907372,61.0396469,61.252596975,60.174254044,4122352.0
2022-12-15,60.921844731,60.568438225,60.930906437,60.056451875,3222154.0
2022-12-16,59.906933738,60.341895592,60.559376519,59.761946453,4170628.0
2022-12-19,59.240898398,59.177466461,59.379769032,58.805936544,3688164.0
2022-12-20,59.752884748,59.89334118,60.070044433,59.444786767,2851522.0
2022-12-21,59.802724127,60.029266759,60.255809392,59.594304905,3527194.0
2022-12-22,60.070044433,60.541253109,60.545783961,59.897872032,2559400.0
2022-12-23,60.514067993,60.71342551,60.71342551,60.224093423,2450592.0
2022-12-27,60.66358613,60.373611561,60.708894657,60.215031718,2297768.0
2022-12-28,60.237685981,60.50953714,60.767795741,60.160661486,2209980.0
2022-12-29,60.8674745,61.257127827,61.343214028,60.745141478,2667046.0
2022-12-30,61.288843796,61.320559765,61.556164102,60.758734036,1968690.0
2023-01-03,62.195014326,62.054557894,62.716062381,61.678497124,3541510.0
2023-01-04,62.824802844,61.968471694,62.829333697,61.644515729,2777854.0
2023-01-05,61.41570767,61.732867356,62.140644094,61.338683175,3049392.0
2023-01-06,62.077212157,62.815741139,63.001506098,61.850669525,2308176.0
2023-01-09,62.861049666,62.176890915,63.001506098,62.050027041,2419118.0
2023-01-10,60.690771246,60.559376519,61.156950675,60.278463655,2906890.0
2023-01-11,59.349638862,60.070044433,60.088167844,59.22730584,3378126.0
2023-01-12,59.508218705,60.541253109,60.563907372,58.946392976,2387486.0
2023-01-13,61.456485344,61.764583324,62.001818769,61.361337438,2179486.0
2023-01-17,63.264295551,62.969790129,63.427406247,62.582402228,3541104.0
2023-01-18,63.327727489,63.323196636,63.862368101,63.291480667,4857752.0
2023-01-19,63.404751984,63.730973374,63.817059575,62.929012455,3523334.0
2023-01-20,63.581455237,63.930330891,63.934861744,63.32093121,2698690.0
2023-01-23,64.011886239,63.921269186,64.111564997,63.685664848,2606670.0
2023-01-24,65.597684666,63.386628573,65.597684666,63.033222066,3892162.0
2023-01-25,62.136113242,62.929012455,63.218987025,62.113458978,3220236.0
2023-01-26,62.788556023,62.317347348,62.897296487,61.744194487,2598448.0
2023-01-27,62.503112306,62.566544243,62.892765634,62.330939906,2217320.0
2023-01-30,63.749096785,63.00603695,63.780812754,62.901827339,2889384.0
2023-01-31,62.385310137,62.879173076,62.938074161,61.796299293,3040868.0
2023-02-01,63.341320047,63.015098656,63.508961595,62.1497058,4587038.0
2023-02-02,61.134794806,59.96130397,61.189165038,59.43119421,8125986.0
2023-02-03,61.506324723,61.977533399,62.267507968,61.284312943,3559042.0
2023-02-06,62.353594169,62.557482538,62.901827339,62.054557894,3365452.0
2023-02-07,62.675284707,63.246172141,63.309604078,62.589198507,2132350.0
2023-02-08,63.780812754,63.241641288,63.839713838,62.883703929,2460564.0
2023-02-09,63.250702994,63.218987025,63.504430742,62.933543308,2564576.0
2023-02-10,62.924481603,63.223517878,63.427406247,62.688877265,2482860.0
2023-02-13,63.74003508,64.786662042,65.005502225,63.712849964,3212596.0
2023-02-14,64.700575842,64.768538631,65.053982348,64.451378946,1768176.0
2023-02-15,63.907676628,63.866898954,64.324515072,63.746831359,1721654.0
2023-02-16,63.291480667,62.838395402,63.481776479,62.734185791,1765576.0
2023-02-17,63.463653068,64.170466081,64.406070419,63.323196636,2378756.0
2023-02-21,64.523872588,64.614489641,65.017735527,64.238428871,1729666.0
2023-02-22,64.600897083,64.451378946,64.881809947,64.383416156,1381966.0
2023-02-23,64.854624832,64.741353515,65.162722812,64.252021429,1611404.0
2023-02-24,64.093441586,64.156873524,64.233898019,63.712849964,1707776.0
2023-02-27,64.904464211,64.95430359,65.203500486,64.700575842,1682680.0
2023-02-28,64.777600337,63.880491512,64.777600337,63.726442522,2326736.0
2023-03-01,64.614489641,64.727760957,65.171784517,64.433255535,2567550.0
2023-03-02,64.383416156,65.063044054,65.205086284,64.242959724,1626006.0
2023-03-03,64.990550411,65.652054898,65.729079393,64.913525916,2011516.0
2023-03-06,65.982807141,65.588622961,66.123263574,65.201235059,2333484.0
2023-03-07,65.851412415,65.208031338,65.969214584,65.121945138,2189614.0
2023-03-08,63.916738333,64.093441586,64.232810614,63.45006051,8839432.0
2023-03-09,64.57824282,64.351700187,65.10835258,64.229367166,2523174.0
2023-03-10,64.813847158,64.016417091,65.303179244,63.880491512,2718382.0
2023-03-13,64.002824533,63.676603143,64.922587621,63.622232911,2504324.0
2023-03-14,64.406070419,64.768538631,64.825174289,63.91220748,2400354.0
2023-03-15,63.590516942,63.875960659,64.184058639,63.323196636,3189986.0
2023-03-16,62.978851835,62.929012455,62.996975245,61.311498059,5975168.0
2023-03-17,63.314134931,63.178209351,63.558800974,63.024160361,3454548.0
2023-03-20,64.401539567,65.058513201,65.140068549,64.242959724,2484836.0
2023-03-21,65.769857067,66.734928681,66.796095192,65.597684666,2744616.0
2023-03-22,66.73221017,66.463077522,67.201561196,66.435892406,2098014.0
2023-03-23,67.831395023,67.772493938,68.642417647,67.577667274,2573358.0
2023-03-24,68.489761807,69.759359312,70.16581319,68.11984311,3205352.0
2023-03-27,70.120144215,70.649904325,70.98785474,69.919200725,2329212.0
2023-03-28,71.088326485,70.93305197,71.179618766,70.572267067,1832718.0
2023-03-29,71.35320654,71.508481055,71.787061802,71.216199615,1644854.0
2023-03-30,71.805329392,72.198082577,72.207216372,71.727692135,2066614.0
2023-03-31,72.41272676,72.677606815,72.951620665,72.179814987,2285938.0
2023-04-03,72.316821912,72.8876841,72.910518587,71.997139087,2086310.0
2023-04-04,72.572568172,72.421860555,73.116028975,72.088477037,3156036.0
2023-04-05,72.453828837,72.111311525,72.641071635,71.380607925,2676668.0
2023-04-06,72.79634615,72.77807856,73.484486265,72.7050082,2050312.0
2023-04-10,72.8876841,72.572568172,72.915770519,72.067925998,1477696.0
2023-04-11,71.997139087,72.325955707,72.61367025,71.677456262,1931846.0
2023-04-12,73.645789085,74.67790792,75.321794798,73.575002173,3521284.0
2023-04-13,76.034276477,76.55946969,76.564036587,75.093495592,7045230.0
2023-04-14,77.048127722,76.99789185,77.583687792,76.627973152,3314274.0
2023-04-17,78.116781737,78.125915532,78.413630075,77.669225782,3189146.0
2023-04-18,77.609856115,77.536785755,78.162450712,77.32670847,3221580.0
2023-04-19,74.814914845,75.367509442,75.769396422,74.773812767,3980184.0
2023-04-20,75.618688805,75.522783957,75.892702655,75.072944553,2386722.0
2023-04-21,77.061828415,78.847485337,78.993626057,77.029860132,3453434.0
2023-04-24,78.043711377,77.85646858,78.285756945,77.513951267,2376324.0
2023-04-25,77.883869965,76.988758055,78.034577582,76.81521595,2234950.0
2023-04-26,75.655223985,75.349241852,75.705459857,74.655073432,2242878.0
2023-04-27,75.641523292,75.819632295,75.92010404,75.102629387,2307618.0
2023-04-28,75.988607502,76.308290327,76.764980077,75.611838458,2238456.0
2023-05-01,76.134748222,76.458997945,76.490966227,75.714593652,2014656.0
2023-05-02,75.746561935,76.3585262,76.43159656,75.70089296,2233840.0
2023-05-03,76.15758271,76.618839357,77.070551189,75.687192267,3333798.0
2023-05-04,73.773662215,73.266736592,74.088778142,72.389892272,5459058.0
2023-05-05,74.079644347,74.55003479,74.782946562,73.467680082,2568446.0
2023-05-08,77.249071212,76.92482149,77.523085062,76.605138665,3668576.0
2023-05-09,75.769396422,76.965923567,77.358676752,75.769396422,3160162.0
2023-05-10,76.344825507,77.367810547,77.529935408,76.253487557,2451740.0
2023-05-11,77.513951267,77.176000852,77.705760962,76.840333886,2044882.0
2023-05-12,77.751429937,78.217253482,78.701344617,77.751429937,2185690.0
2023-05-15,77.669225782,77.376944342,77.852084358,77.10749739,1525684.0
2023-05-16,76.23065307,76.568603485,77.041460052,76.063961311,1984308.0
2023-05-17,76.94308908,76.312857225,76.96135667,76.061677862,1538412.0
2023-05-18,76.646240742,76.975057362,77.038993927,76.334275974,1400264.0
2023-05-19,77.632690602,77.883869965,78.390795587,77.32670847,2729226.0
2023-05-22,77.85646858,77.87473617,78.527802512,76.50466692,6278608.0
2023-05-23,76.790554703,74.65964033,76.838050437,74.033975372,4778764.0
2023-05-24,74.216651272,73.883267755,74.40389407,73.741693932,3533800.0
2023-05-25,74.18468299,74.18468299,74.326256812,73.504215262,3114918.0
2023-05-26,74.73271069,74.426728557,75.20766803,74.326256812,1926162.0
2023-05-30,73.89240155,72.983588947,73.906102242,72.807763393,2514486.0
2023-05-31,73.03382482,73.280437285,73.577285622,72.732409585,1683834.0
2023-06-01,72.001705985,72.147846705,72.659339225,71.759660417,2829066.0
2023-06-02,70.82344643,71.764227315,71.9743046,70.490062912,3199426.0
2023-06-05,72.408159862,72.088477037,72.472096427,71.7916287,1934034.0
2023-06-06,73.81933119,73.41744421,74.001504731,73.116028975,3250326.0
2023-06-07,72.654772327,71.942336317,72.805479945,71.545016235,2429410.0
2023-06-08,72.207216372,72.819180637,73.006423435,72.001705985,1910850.0
2023-06-09,71.946903215,72.179814987,72.26658604,71.691156955,2361046.0
2023-06-12,73.152564155,72.499497812,73.316972465,71.092893382,3825524.0
2023-06-13,72.677606815,71.988005292,73.08862759,71.837297675,1836130.0
2023-06-14,72.399026067,72.645638532,72.937919972,72.26658604,1985472.0
2023-06-15,73.294137977,74.225785067,74.374209236,73.097761385,2221200.0
2023-06-16,74.230351965,73.659489777,74.303422325,73.627521495,2103806.0
2023-06-20,72.919652382,73.833031882,74.303422325,72.810046842,3804630.0
2023-06-21,73.72799324,73.316972465,74.09334504,72.988155845,3826950.0
2023-06-22,72.983588947,73.079493795,73.63665529,72.955000169,1804920.0
2023-06-23,72.37619158,72.645638532,72.979067718,72.239184655,1433366.0
2023-06-26,72.828314432,71.800762495,73.038391717,71.691156955,2410302.0
2023-06-27,71.038090612,71.234467205,71.4262769,70.536645267,2751092.0
2023-06-28,72.28485363,71.604385902,72.28485363,71.07919269,2303424.0
2023-06-29,70.75037607,71.713991442,71.745959725,70.613369145,2319732.0
2023-06-30,73.312405567,73.906102242,74.02027468,73.303271772,2179896.0
2023-07-03,73.129729667,72.810046842,73.129729667,72.243705883,1678914.0
2023-07-05,72.732409585,73.07036,73.27130349,72.636504737,1944486.0
2023-07-06,72.23005086,72.30312122,72.54059989,71.673802744,2552762.0
2023-07-07,72.243751552,71.691156955,72.408159862,71.666039018,2180008.0
2023-07-10,71.412576207,71.732259032,71.88296665,71.302970667,1532958.0
2023-07-11,70.193214575,69.531014437,70.40329186,69.01495502,4447596.0
2023-07-12,69.494479257,70.672738812,70.983287842,69.384143013,3407620.0
2023-07-13,71.873832855,71.64548798,71.88296665,71.248167897,2361498.0
2023-07-14,73.116028975,73.134296565,73.449412492,72.24831845,2348880.0
2023-07-17,73.8010636,73.504215262,73.915236037,73.32610626,2234694.0
2023-07-18,73.152564155,73.184532437,73.444845595,72.810046842,1746182.0
2023-07-19,73.243902105,73.175398642,73.512709691,72.860282715,1408082.0
2023-07-20,74.746411382,75.11633008,76.057110965,74.746411382,3571002.0
2023-07-21,74.997590745,75.655223985,75.879001962,74.956488667,2419452.0
2023-07-24,74.792080357,74.015707782,74.867434166,74.011140885,2218094.0
2023-07-25,73.335240055,74.125313322,74.431295455,73.28957108,2374552.0
2023-07-26,72.663906122,72.28485363,72.677606815,71.586118312,3059064.0
2023-07-27,72.41272676,71.545016235,72.499497812,71.531315542,2280736.0
2023-07-28,71.53588244,72.074776345,72.202603806,71.202498922,2193542.0
2023-07-31,73.422011107,73.572718725,73.851299472,73.01555723,2164758.0
2023-08-01,73.696024957,73.860433267,74.013881023,73.422011107,2861824.0
2023-08-02,72.878550305,72.312255015,73.284958513,72.220460375,1672488.0
2023-08-03,71.819030085,71.942336317,72.433277798,71.51761485,1604534.0
2023-08-04,71.71855834,71.51761485,72.216350167,71.421710002,3037018.0
2023-08-07,73.157131052,73.69145806,73.933503627,72.750677175,2471830.0
2023-08-08,84.99909627,86.392000007,87.767092844,83.839104305,17822662.0
2023-08-09,84.556107212,85.670430202,86.976562887,84.441934775,7448032.0
2023-08-10,84.43280098,83.158636577,85.268543222,83.00792896,6515700.0
2023-08-11,83.332178682,82.9348586,83.871072587,82.290926052,4239256.0
2023-08-14,82.784150982,81.94840874,83.418949735,81.843370097,4647784.0
2023-08-15,84.254691977,84.537839622,84.87122314,82.98966137,4826978.0
2023-08-16,84.282093362,84.327762337,85.423817737,84.181621617,3158176.0
2023-08-17,84.843821755,84.35973062,85.51058879,84.135952642,3705806.0
2023-08-18,83.848709167,84.03225584,84.312164518,83.261359811,2722498.0
2023-08-21,85.050939879,85.289550555,85.51893801,84.463590523,2090032.0
2023-08-22,84.633371196,84.894925206,85.243434453,84.36722852,2425856.0
2023-08-23,85.96408458,87.203024627,87.730721313,85.959495913,3294106.0
2023-08-24,86.152219921,85.050939879,86.730391942,85.027996545,3619630.0
2023-08-25,84.761853868,85.546515898,85.856250909,84.596661862,2702332.0
2023-08-28,85.390501225,86.032914583,86.491781267,85.257429887,2228636.0
2023-08-29,85.987027914,87.354450633,87.586178308,85.987027914,3112710.0
2023-08-30,86.725803276,86.299057259,87.039989294,86.22563859,2815192.0
2023-08-31,85.844779242,85.174833884,85.86891563,84.81691787,3826388.0
2023-09-01,86.22563859,86.868051948,87.519642639,85.96408458,2786604.0
2023-09-05,88.166644663,87.235145295,88.308893335,87.193847293,3230048.0
2023-09-06,87.772019315,87.758253315,88.019348458,87.069953289,2331234.0
2023-09-07,88.166644663,89.653372719,90.644524757,88.166644663,6435568.0
2023-09-08,89.203683369,89.662550053,89.988345399,88.887065357,3905784.0
2023-09-11,89.648784053,91.562258125,92.580942163,89.47900338,7818802.0
2023-09-12,90.066352735,90.282020077,90.701883092,89.038491363,7286324.0
2023-09-13,88.290538668,88.391489338,89.373464042,88.062023059,6419998.0
2023-09-14,89.208272036,88.501617343,89.813976059,88.400666672,4051650.0
2023-09-15,88.790703354,87.381982634,88.873299357,87.19843596,4511604.0
2023-09-18,85.083060547,85.629111901,86.569329736,84.45441319,4695280.0
2023-09-19,85.151890549,85.831013242,86.092567252,84.968343876,3245142.0
2023-09-20,86.909349949,86.93688195,88.487851342,85.844779242,6125907.0
2023-09-21,85.26660722,83.779879164,85.78971524,83.05257547,7523109.0
2023-09-22,84.247923182,83.789056498,85.014230544,83.633041825,2945371.0
2023-09-25,83.421963151,83.633041825,83.697283161,82.963096467,3088577.0
2023-09-26,85.147301883,84.238745848,85.321671222,84.009312506,2775146.0
2023-09-27,83.807411165,84.156149845,84.330519185,83.155820474,2945970.0
2023-09-28,84.413115188,83.990957839,85.257429887,83.798233832,4274793.0
2023-09-29,84.89033654,83.458672485,84.954577875,83.164997808,2629446.0
2023-10-02,82.752017792,84.247923182,85.339934116,81.531432413,7554561.0
2023-10-03,82.228909772,80.558635043,82.412456446,79.806093681,4732754.0
2023-10-04,82.0728951,81.714979086,82.559293785,81.2010484,4291828.0
2023-10-05,81.65073775,82.586825786,82.825436462,79.861157683,4544023.0
2023-10-06,83.100756472,84.54159786,84.936223208,83.031926469,4264958.0
2023-10-09,83.633041825,84.486533858,84.596661862,83.054869804,3007518.0
2023-10-10,84.559952527,85.358380557,85.753005905,84.339696519,3524039.0
2023-10-11,88.561270012,90.708766093,91.057504772,87.203024627,11823041.0
2023-10-12,91.332824783,91.938528806,93.668456204,90.920854274,10153776.0
2023-10-13,93.232532855,93.737286207,95.444270272,92.268912818,14148921.0
2023-10-16,92.948035511,92.828730173,93.12240485,91.709095464,6383514.0
2023-10-17,92.865439507,92.837907506,93.452788863,92.030302143,4137424.0
2023-10-18,92.507523494,92.296444819,92.892971508,91.883464804,2863721.0
2023-10-19,90.644524757,89.625840718,90.818894097,88.341014003,5088647.0
2023-10-20,89.47900338,88.368546004,90.148948738,88.15746733,3945024.0
2023-10-23,89.093555365,89.1302647,89.864451394,88.405255339,2622712.0
2023-10-24,88.423610006,89.497358047,89.671727387,88.322659336,3225751.0
2023-10-25,90.185658073,89.414762044,90.469604777,88.561270012,2829183.0
2023-10-26,88.102403328,87.368216633,88.295127335,86.799221945,3347955.0
2023-10-27,86.055857917,85.808069908,86.725803276,85.294139221,3297080.0
2023-10-30,88.763171352,88.469496675,89.39484723,88.033114458,4095447.0
2023-10-31,88.744816685,88.625511347,88.827412688,87.781196649,3190007.0
2023-11-01,89.396407376,89.644195386,90.047998068,89.020136696,3119218.0
2023-11-02,92.948035511,92.626828832,93.838236878,92.04865681,5377687.0
2023-11-03,90.561928754,90.093884736,90.708674319,88.827412688,4448313.0
2023-11-06,91.617322127,92.764488837,93.149936852,91.222696779,3732709.0
2023-11-07,92.470814159,93.324306191,93.608803536,92.282678819,4359487.0
2023-11-08,93.590448868,93.388547527,94.755970246,91.25022878,7718156.0
2023-11-09,92.57176483,91.800868801,93.287596857,91.543903458,4482894.0
2023-11-10,91.956883473,92.865439507,93.067340848,90.415091415,5642057.0
2023-11-13,91.268583447,92.489168827,93.581271534,89.726791389,8414998.0
2023-11-14,91.498016789,91.039150105,91.580612792,90.405914081,5477020.0
2023-11-15,90.213190074,88.497028676,90.676645425,88.102403328,7039271.0
2023-11-16,90.818894097,91.342002117,91.429186787,90.038820734,5080589.0
2023-11-17,92.92050351,93.048986181,93.342660859,92.273501485,3811012.0
2023-11-20,93.149936852,95.067999591,95.205659596,93.140759518,4620565.0
2023-11-21,94.856920916,94.324635563,95.095531592,93.480320864,4088007.0
2023-11-22,94.581600906,94.765147579,95.178127595,93.737286207,2692858.0
2023-11-24,95.655348946,96.774983655,96.995239663,95.57899353,4598705.0
2023-11-27,96.251875635,95.324964934,96.765806321,95.159772927,4746037.0
2023-11-28,93.489498198,93.085695516,93.838236878,92.718602169,5147734.0
2023-11-29,93.19582352,93.608803536,93.89330088,92.562587496,2664643.0
2023-11-30,93.140759518,93.461966197,93.599626202,92.700247501,2671120.0
2023-12-01,92.782843504,92.140430147,93.388547527,92.057834144,4567522.0
2023-12-04,92.296444819,92.617651498,92.824141506,91.387888785,2987971.0
2023-12-05,91.195164778,91.433775453,91.663208795,90.773007428,2846023.0
2023-12-06,91.085036774,89.561599383,91.094214107,89.561599383,3082060.0
2023-12-07,89.277102039,88.845767356,89.295456706,87.861590092,3424834.0
2023-12-08,88.469496675,88.689752683,89.066023364,88.299716002,3599759.0
2023-12-11,88.497028676,88.698930017,89.102732699,86.938075004,5039614.0
2023-12-12,87.230556628,88.295127335,88.405255339,87.147960625,3642415.0
2023-12-13,88.95589536,90.763830095,90.791362096,88.873299357,5528180.0
2023-12-14,90.415091415,89.937870064,90.607815422,88.983427361,5688957.0
2023-12-15,89.506535381,89.111910032,89.506535381,88.588802013,5230962.0
2023-12-18,91.332824783,90.837248764,91.589790126,90.415091415,4724339.0
2023-12-19,91.663208795,91.764159466,92.32397682,91.35117945,3497029.0
2023-12-20,92.874616841,92.975567512,94.406313832,92.736956836,5389571.0
2023-12-21,94.398054232,94.96704892,94.96704892,94.131911555,3608934.0
2023-12-22,94.673374242,94.260394227,95.04046759,94.141088889,2211650.0
2023-12-26,94.122734222,94.232862226,94.645842241,93.985074216,1851366.0
2023-12-27,94.214507558,95.150595594,95.269900932,93.930010214,2254905.0
2023-12-28,95.949023624,94.957871586,96.352826306,94.957871586,2380089.0
2023-12-29,95.031290256,94.939516919,95.150595594,94.278748894,2055981.0
2024-01-02,93.342660859,93.709754206,94.186975557,93.342660859,2637609.0
2024-01-03,93.654690204,95.095531592,95.297432933,93.636335537,4064107.0
2024-01-04,96.46295431,98.775642397,100.014582444,96.389535641,9132804.0
2024-01-05,97.793667694,97.26138234,98.371839715,97.024698905,3976670.0
2024-01-08,97.444929014,97.646830355,97.775313026,96.609791649,2880650.0
2024-01-09,97.399042345,98.151583707,98.169938374,97.018182998,3681120.0
2024-01-10,98.959189071,99.7300851,99.821858437,98.821529066,4725903.0
2024-01-11,99.399701088,97.912973031,99.748439767,97.26138234,5021297.0
2024-01-12,98.142406373,98.344307714,98.628805058,97.940505032,3584030.0
2024-01-16,98.068987704,97.600943686,98.23417971,97.155384136,3131324.0
2024-01-17,97.573411685,97.903795698,98.300715379,96.857579658,2685757.0
2024-01-18,97.555057018,98.702223728,98.839883733,97.206318338,3364468.0
2024-01-19,98.371839715,98.160761041,99.028019074,97.738695465,3574450.0
2024-01-22,97.573411685,96.81169299,97.839554362,96.81169299,2907033.0
2024-01-23,95.168950261,96.701564986,96.81169299,94.875275583,8654621.0
2024-01-24,97.876263697,96.554727647,98.225002377,96.554727647,2537456.0
2024-01-25,97.031948998,96.98606233,97.031948998,96.1876343,2275107.0
2024-01-26,97.766135693,99.179445079,99.29416175,97.665185022,5544745.0
2024-01-29,99.234509081,100.051291779,100.051291779,98.839883733,3915864.0
2024-01-30,100.207306451,100.051291779,100.335789123,99.537361093,5104996.0
2024-01-31,102.923797221,105.300726644,106.567198692,102.923797221,12716123.0
2024-02-01,104.621603952,106.26434668,106.328588016,104.015899929,6837171.0
2024-02-02,104.401347943,104.346283941,105.172243972,103.924126592,5137378.0
2024-02-05,106.814986701,108.531148099,108.843177444,106.70495047,8730258.0
2024-02-06,108.595389435,107.93462141,108.934950781,107.06277471,6278189.0
2024-02-07,107.347272054,108.898241446,109.825152148,107.200434716,6205997.0
2024-02-08,108.338424092,108.650453437,108.870709445,107.842848073,4544680.0
2024-02-09,110.12800416,111.229284201,111.642264217,109.650782808,5294473.0
2024-02-12,110.513452174,110.614402845,110.903488855,109.472742535,4497757.0
2024-02-13,109.811386148,110.118826826,110.632757512,109.60489614,4186606.0
2024-02-14,110.596048177,113.14734694,113.193233609,110.476742839,5678169.0
2024-02-15,112.679302923,111.734037554,113.018864269,111.128333531,4763998.0
2024-02-16,111.81204489,113.808114965,114.386286987,111.55049088,6609465.0
2024-02-20,114.36793232,111.458717543,114.496414991,110.788772184,5070377.0
2024-02-21,109.210270792,110.981496192,111.031971527,108.568132754,4122291.0
2024-02-22,112.945445599,114.276158983,114.592776995,112.890381597,3589534.0
2024-02-23,113.49608562,113.294184279,113.954952304,112.79860826,3759402.0
2024-02-26,113.064750937,113.330893614,113.950363637,112.688480256,4451787.0
2024-02-27,110.100472158,112.17454957,112.477401582,109.935280152,7636985.0
2024-02-28,111.926761561,111.541313546,112.101130901,110.981496192,3075200.0
2024-02-29,110.22895483,109.916925485,110.384969503,109.127674788,5479768.0
2024-03-01,112.69765759,114.010016306,114.19356298,112.192904238,5447082.0
2024-03-04,116.854989747,117.423984435,118.176525797,116.542960402,6816949.0
2024-03-05,115.86383771,114.395464321,116.396123063,113.77140563,4807804.0
2024-03-06,114.129321644,114.487237658,114.877274339,113.211588276,3895545.0
2024-03-07,122.462340625,124.738319378,126.904170127,121.939232606,19606772.0
2024-03-08,122.884497975,122.122779279,123.737990007,120.314844544,12765042.0
2024-03-11,122.39809929,120.443327216,122.535759295,119.993637866,5734460.0
2024-03-12,120.773711228,123.99495535,124.004132684,120.636051223,6340618.0
2024-03-13,123.19652732,122.508227294,124.352871364,121.783217933,6847024.0
2024-03-14,124.674078042,123.508556665,124.738319378,122.856965974,3506857.0
2024-03-15,122.866143307,121.480365922,122.976271312,121.012321904,3780112.0
2024-03-18,120.746179227,121.957587273,122.745369596,120.287312543,3898758.0
2024-03-19,121.17751391,120.562632554,121.333528583,119.773381857,4393496.0
2024-03-20,120.360731213,119.635721852,120.617696556,118.233425266,4403906.0
2024-03-21,118.387604472,119.149323167,120.287312543,116.653088406,6548847.0
2024-03-22,119.44450519,119.019304197,119.694079687,118.418476706,3229452.0
2024-03-25,119.241148194,119.287365693,120.396585676,118.973086698,3319962.0
2024-03-26,120.257933178,119.620131688,120.313394177,118.723512201,4218215.0
2024-03-27,118.621833703,118.363015707,118.889895199,117.660509717,3941235.0
2024-03-28,118.677294702,118.686538202,120.313394177,118.12268471,3656540.0
2024-04-01,119.342826692,117.900840714,119.342826692,117.531100719,3065147.0
2024-04-02,115.589965749,116.893299229,117.096656226,114.693346262,4322447.0
2024-04-03,115.895001244,117.383204722,118.436963706,115.895001244,3616445.0
2024-04-04,117.300013223,114.582424264,117.83604378,114.406797767,4006827.0
2024-04-05,115.238712754,116.338689237,116.625237733,115.174008255,4997816.0
2024-04-08,117.392448222,117.817649215,117.974788713,116.458854736,3017070.0
2024-04-09,116.634481233,115.414339251,117.152117225,114.82275526,3215244.0
2024-04-10,114.055544772,115.47904375,115.784079246,113.916892274,3025305.0
2024-04-11,115.987436243,115.913488244,116.357176237,114.739563762,2418961.0
2024-04-12,117.152117225,115.090816756,117.447909221,114.942920759,3343015.0
2024-04-15,116.292471738,114.526963265,116.514315735,114.17571027,2896694.0
2024-04-16,113.759752777,114.111005771,114.850947935,112.576584794,3044113.0
2024-04-17,115.49753075,115.109303756,115.737861747,113.935379274,3075118.0
2024-04-18,113.972353273,113.463960781,114.707211512,113.242116784,2841036.0
2024-04-19,114.138736271,113.426986782,115.118547256,113.195899285,5183469.0
2024-04-22,113.316064783,115.784079246,116.699185732,113.297577784,3798340.0
2024-04-23,116.994977728,118.908382199,119.019304197,116.782377231,3703606.0
2024-04-24,117.540344219,116.615994233,117.688240217,115.867270745,3143089.0
2024-04-25,114.332849768,116.273984738,116.329445738,113.888792035,3434352.0
2024-04-26,116.606750733,117.253795724,118.224363209,116.458854736,3312457.0
2024-04-29,117.688240217,117.281526223,118.289067708,116.948760228,2110861.0
2024-04-30,118.363015707,118.603346703,120.593564658,117.845379715,7841046.0
2024-05-01,118.13192821,119.435261691,120.285663678,117.854623215,5217688.0
2024-05-02,118.261337208,114.637885263,118.261337208,114.462258766,8487072.0
2024-05-03,113.621100279,113.741265777,114.406797767,112.114594671,5932926.0
2024-05-06,112.770698292,115.164764755,115.210982255,112.567341295,3636591.0
2024-05-07,117.068925726,117.660509717,118.13192821,116.81935123,4167492.0
2024-05-08,117.863866714,117.105899726,118.714268701,117.041195227,4060256.0
2024-05-09,117.799162215,118.926869198,119.056278196,117.336987222,2374007.0
2024-05-10,119.324339692,118.705025202,120.415072676,118.621833703,3081075.0
2024-05-13,121.524292659,122.393181646,123.400723131,120.535238174,6144954.0
2024-05-14,122.180581149,122.864600139,122.938548138,121.367153161,2920656.0
2024-05-15,122.887708888,124.472969114,124.593134612,122.846113139,3719691.0
2024-05-16,123.058713636,122.975522137,123.557862628,122.457886145,2894421.0
2024-05-17,121.958737152,121.912519653,122.093969555,120.951195668,2590304.0
2024-05-20,121.505805659,122.855356639,123.511645129,121.089848166,2411685.0
2024-05-21,123.271314132,124.935144107,125.230936103,123.234340133,3559763.0
2024-05-22,123.493158129,123.890628623,124.463725614,122.725947641,2683027.0
2024-05-23,126.136799089,125.314127602,126.839305078,124.78724811,4370676.0
2024-05-24,124.325073117,125.748572095,126.354021336,124.06625512,2845222.0
2024-05-28,124.278855617,123.936846122,124.408264615,122.661243142,3145648.0
2024-05-29,122.337720647,122.642756142,123.067957136,122.069659151,3169150.0
2024-05-30,123.761219625,122.75367814,124.399021115,122.735191141,2759864.0
2024-05-31,124.824222109,125.046066106,125.582189097,123.641146562,3446348.0
2024-06-03,123.724245626,125.360345101,126.349399586,123.567106128,4496711.0
2024-06-04,126.118312089,129.335050041,129.40899804,125.508241099,5071172.0
2024-06-05,130.66611402,130.333348026,131.636219331,129.482946038,3786730.0
2024-06-06,130.508974523,131.627438006,132.126586998,130.231761962,4369174.0
2024-06-07,132.246752497,132.071125999,132.856823487,131.507272508,3511197.0
2024-06-10,131.36399826,132.764388489,133.050936984,130.564435522,3655019.0
2024-06-11,131.174506513,131.063584514,132.126586998,130.351835025,4433332.0
2024-06-12,132.66270999,132.422378994,133.568572977,131.257698012,3242786.0
2024-06-13,132.0249085,131.710629505,132.098856499,130.462757024,2857184.0
2024-06-14,131.451811509,131.719873005,132.348430995,131.156019513,2831653.0
2024-06-17,131.257698012,129.751007534,131.37786351,129.723277035,3164448.0
2024-06-18,130.388809025,130.148478028,130.989636516,129.205641043,2640226.0
2024-06-20,130.804766518,130.324104526,132.727414489,130.157721528,3205591.0
2024-06-21,130.758549019,131.220724012,131.775334004,130.527461523,3033303.0
2024-06-24,131.137532513,131.516516008,131.867769002,130.804766518,2992090.0
2024-06-25,134.502166462,135.796256443,136.942450425,133.734955974,6341691.0
2024-06-26,134.548383962,132.801362488,134.603197916,131.991724335,4384515.0
2024-06-27,132.976988985,133.559329477,134.363513964,132.579518491,2592441.0
2024-06-28,133.716468974,131.941717001,134.576114461,131.877012502,2757544.0
2024-07-01,132.727414489,134.418974964,134.945854456,132.69968399,3435776.0
2024-07-02,130.971149516,132.163560998,132.524057492,128.512378553,6594458.0
2024-07-03,130.647627021,128.364482555,130.814010018,125.720841595,7455753.0
2024-07-05,129.787981534,131.599707506,132.052638999,129.73335245,3664490.0
2024-07-08,131.516516008,132.246752497,132.819849488,131.424081009,2909444.0
2024-07-09,130.102260529,129.806468533,130.601409521,128.549352553,4584970.0
2024-07-10,129.270345542,131.941717001,131.9879345,129.115147179,3045219.0
2024-07-11,131.507272508,129.214884542,131.747603504,128.299778056,3837819.0
2024-07-12,131.026610515,131.33164601,132.634887056,130.915688517,2877642.0
2024-07-15,132.413135494,130.69384452,132.634979491,130.398052525,2434117.0
2024-07-16,131.257698012,130.213182527,131.470298508,129.972851531,2221103.0
2024-07-17,126.09058159,125.175475104,126.284695087,124.260368617,6703784.0
2024-07-18,124.73178711,120.15625468,124.75951761,117.235308724,9758249.0
2024-07-19,122.578051643,121.588997158,123.400723131,121.367153161,4319544.0
2024-07-22,122.016971201,123.104931135,123.178879134,121.875545654,3720422.0
2024-07-23,123.45618413,123.197366134,124.482212614,122.957035137,2383245.0
2024-07-24,122.476373145,121.644458157,122.846113139,121.015900167,2663352.0
2024-07-25,119.333583192,118.187389209,120.14701118,116.791620731,5326126.0
2024-07-26,117.263039223,117.142873725,118.557129204,116.80086423,3179137.0
2024-07-29,118.326041707,118.363015707,119.730591511,117.743701216,3093983.0
2024-07-30,121.182283164,119.45374869,121.709162656,117.937814713,4388093.0
2024-07-31,122.707460641,122.596538643,122.836869639,121.681432157,3580362.0
2024-08-01,122.060415651,122.439399145,124.177177119,121.182283164,3669049.0
2024-08-02,119.962141183,117.845379715,120.285663678,117.253795724,4774033.0
2024-08-05,114.513098015,116.468098236,117.780675216,113.445473781,5888813.0
2024-08-06,119.010060697,120.276420178,121.339422662,118.575616204,6994281.0
2024-08-07,113.408499782,110.21024883,114.268145269,109.812778336,13899863.0
2024-08-08,116.366419737,118.473937705,118.631077203,113.889161775,10281322.0
2024-08-09,120.572212173,123.372992631,124.463725614,120.359611677,7503650.0
2024-08-12,121.616727658,120.063819681,122.041928651,119.749540686,3602690.0
2024-08-13,121.607484158,123.46542763,124.09398562,121.607484158,3343413.0
2024-08-14,122.661243142,124.251125118,124.648595612,122.236042148,1967949.0
2024-08-15,126.275451587,127.162827574,127.273749572,125.291018852,2916109.0
2024-08-16,125.62902148,125.155825017,125.879537253,124.942422692,2111269.0
2024-08-19,125.322835534,125.48984605,126.306341906,125.211495189,1681766.0
2024-08-20,125.434175878,126.009434322,126.501187508,124.826443167,2106872.0
2024-08-21,125.58262967,125.220773552,125.786753634,123.754792356,2410507.0
2024-08-22,127.419745346,127.002219056,128.496035338,126.287785182,2723769.0
2024-08-23,126.714589834,127.085724314,127.248095649,126.111496303,2112195.0
2024-08-26,125.480567688,125.53623786,125.92583628,124.905309244,1781087.0
2024-08-27,124.246545542,125.424897516,125.7218051,124.116648474,2124429.0
2024-08-28,124.942422692,124.775412175,125.415619153,124.42283442,2765436.0
2024-08-29,126.621806214,127.596034224,127.930055256,125.946248676,2754942.0
2024-08-30,128.236241202,129.117685592,129.651191407,127.90222017,2718338.0
2024-09-03,128.560983872,126.426960611,128.616654044,126.027991046,2309750.0
2024-09-04,124.367164248,124.821803986,125.174381742,123.986751406,1811597.0
2024-09-05,122.483656761,121.444480217,123.086750292,121.110459186,2883491.0
2024-09-06,124.107370111,121.676439267,124.478504592,121.147572634,2591817.0
2024-09-09,122.502213486,122.390873142,123.346544428,121.463036942,1881805.0
2024-09-10,119.904272125,120.414582036,120.730046344,119.13416808,2246709.0
2024-09-11,123.532111667,125.471289325,126.018712684,121.527985475,3930305.0
2024-09-12,125.480567688,126.798095092,127.081085133,124.93314433,2170771.0
2024-09-13,126.983662332,127.1135594,127.939333617,126.525496816,2375332.0
2024-09-16,128.097065772,127.02077578,128.246911318,126.900157074,1776310.0
2024-09-17,123.95891632,122.4743784,125.406340792,122.28881116,3515829.0
2024-09-18,123.244482446,122.530048572,123.652730374,121.82489306,2854757.0
2024-09-19,124.942422692,125.146546656,125.443454239,123.986751406,2653850.0
2024-09-20,119.78365342,118.308393862,120.136231175,117.027979906,9683501.0
2024-09-23,115.0516888,114.77333794,116.233009849,114.069574182,7069896.0
2024-09-24,115.348596384,116.387772928,117.519733092,114.838286474,4974076.0
2024-09-25,118.178496794,117.78880559,118.401177482,117.27849568,2943638.0
2024-09-26,116.53622672,115.33003966,116.554783444,115.033132076,4369528.0
2024-09-27,111.85065391,112.045499512,112.583644508,110.55168323,9655278.0
2024-09-30,109.104258758,110.477456334,110.523848144,109.011475138,6852177.0
2024-10-01,110.217662198,109.493949962,110.338280904,108.854299685,3978362.0
2024-10-02,108.259927816,108.074360576,108.361989798,107.07229748,5958588.0
2024-10-03,107.851679888,106.775389896,107.935185146,106.728998086,4320872.0
2024-10-04,105.996007488,106.812503344,106.849616792,105.578481198,6310401.0
2024-10-07,108.686732468,109.271269274,109.994332024,108.575392124,4245268.0
2024-10-08,108.965083328,108.74240264,109.379454974,108.176422558,3808005.0
2024-10-09,108.130030748,108.5568354,108.705289192,107.461988684,3971351.0
2024-10-10,109.466114876,109.048588586,109.892919528,108.663536563,2911320.0
2024-10-11,111.266117104,111.377457448,111.859932272,110.857869176,4115753.0
2024-10-14,110.96920952,111.136220036,111.779117738,110.92281771,2477313.0
2024-10-15,110.403229438,109.308382722,110.493415116,108.689887111,3613939.0
2024-10-16,108.51044359,109.512506686,109.540341772,108.037432695,3018985.0
2024-10-17,110.032094958,109.688795564,110.475693445,109.591372763,2998334.0
2024-10-18,109.261990912,109.568176858,109.730548193,108.686732468,3193441.0
2024-10-21,109.43827979,108.863021346,109.447558152,108.445495056,3230592.0
2024-10-22,106.701163,108.065082214,108.23209273,106.478482312,4689725.0
2024-10-23,107.935185146,107.387761788,108.032607947,106.654863973,3220687.0
2024-10-24,106.896008602,105.699099904,106.942400412,105.689821542,4499880.0
2024-10-25,105.68054318,105.198068356,105.949615678,104.93827422,4564363.0
2024-10-28,104.298067242,104.251675432,104.585696464,103.611468454,5356036.0
2024-10-29,103.565076644,103.899097676,105.096006374,103.12899363,8243374.0
2024-10-30,101.032083818,105.068171288,105.550646112,99.501154088,11109242.0
2024-10-31,102.256827602,103.87126259,104.066108192,101.718682606,8455278.0
2024-11-01,104.734150256,103.861984228,104.864047324,103.722808798,4554729.0
2024-11-04,102.238270878,101.802187864,102.674353892,101.542393728,6215011.0
2024-11-05,100.183113695,102.182600706,102.34033286,99.974443333,6604271.0
2024-11-06,100.456825374,97.756822032,100.90218675,97.450636086,12044632.0
2024-11-07,98.44342082,99.863010206,99.965072188,97.970224358,8363150.0
2024-11-08,99.41764883,99.46404064,100.085690894,98.744967585,5222612.0
2024-11-11,101.755796054,101.217651058,102.627962082,101.069197266,4941863.0
2024-11-12,99.102184522,99.334143572,99.844453482,98.07228634,5135444.0
2024-11-13,99.167133056,99.194968142,100.011463998,98.86094711,3157083.0
2024-11-14,99.120741246,97.719708584,99.2784734,97.422801,4467141.0
2024-11-15,94.333106454,94.398054988,94.954756708,93.080527584,8076248.0
2024-11-18,93.080527584,92.607331122,93.7114562,92.245475004,8790052.0
2024-11-19,93.878466716,95.223829206,95.678468944,93.841353268,5778724.0
2024-11-20,95.966098166,97.673316774,98.109399788,95.5671286,7520708.0
2024-11-21,95.734139116,95.223829206,95.771252564,94.185858849,6185447.0
2024-11-22,96.411459542,97.478471172,98.573317888,96.365067732,6143345.0
2024-11-25,97.710430222,97.014553072,98.276410304,96.495057583,4294622.0
2024-11-26,98.972287454,98.471255906,99.92795874,98.007337806,6761371.0
2024-11-27,98.155791598,98.471255906,98.471255906,97.386615388,3990584.0
2024-11-29,97.821770566,99.09290616,99.64960788,97.746151915,2775149.0
2024-12-02,101.069197266,100.827959854,101.264042868,100.34548503,4948303.0
2024-12-03,102.785694236,101.31971304,102.878477856,101.18053761,4828723.0
2024-12-04,102.266105964,101.106310714,102.544456824,101.097032352,4485590.0
2024-12-05,100.781568044,100.967135284,101.435043079,100.419711926,3914363.0
2024-12-06,101.997033466,102.776415874,103.27382886,101.83002295,6045653.0
2024-12-09,103.657860264,103.064045096,103.908376038,102.34033286,4908910.0
2024-12-10,103.50012811,101.310434678,103.50012811,100.85579494,4621729.0
2024-12-11,102.47950829,103.630025178,104.400129224,102.080538724,6545662.0
2024-12-12,102.878477856,100.772289682,103.146715301,100.586722442,3650826.0
2024-12-13,99.315586848,99.23208159,99.844453482,96.624861868,6250388.0
2024-12-16,101.403218298,100.25270141,101.950641656,100.085690894,5346878.0
2024-12-17,99.97435055,100.215587962,101.124867438,99.952082481,5415450.0
2024-12-18,100.568165718,98.313523752,101.171259248,97.864358247,3760940.0
2024-12-19,96.745480574,95.975376528,97.19084195,95.325891188,5344382.0
2024-12-20,76.750610464,78.866077,80.285666386,75.6186503,53762446.0
2024-12-23,82.456803094,82.308349302,82.67020542,79.784634838,18997927.0
2024-12-24,82.48463818,81.065048794,82.558865076,80.786697934,4774877.0
2024-12-26,80.879481554,81.32484293,81.705255772,80.601130694,6292075.0
2024-12-27,81.399069826,81.065048794,82.364019474,80.740306124,6066026.0
2024-12-30,80.693914314,79.543397426,80.726388581,79.478448892,6109989.0
2024-12-31,79.251129023,79.812469924,79.84030501,78.866077,4202390.0
2025-01-02,81.566080342,81.204224224,82.122782062,80.893399097,4571212.0
2025-01-03,81.176389138,81.32484293,81.829121904,81.037213708,3768991.0
2025-01-06,79.895975182,78.893912086,80.109377508,78.675870579,10695664.0
2025-01-07,78.03102442,77.325868908,78.689788122,76.676383568,9567948.0
2025-01-08,79.334634281,79.459892168,79.608253176,78.569169416,9196402.0
2025-01-10,80.925873364,80.035150612,80.981543536,79.645459408,6774724.0
2025-01-13,78.327932004,78.513499244,78.606282864,77.650611578,7412352.0
2025-01-14,76.936177704,75.321742716,77.641333216,74.27328781,13694896.0
2025-01-15,77.344425632,76.936177704,77.766591103,76.741332102,9021498.0
2025-01-16,76.769167188,77.075353134,77.928962438,76.258857278,6322359.0
2025-01-17,74.171225828,73.011430578,75.043391856,72.528955754,21265290.0
2025-01-21,73.929988416,75.182567286,75.252155001,73.5958746,8094304.0
2025-01-22,75.832052626,74.755762634,75.89700116,74.625865566,5910356.0
2025-01-23,75.460918146,75.24751582,75.822774264,74.528535548,6765777.0
2025-01-24,83.477422914,81.621750514,83.477422914,80.322779834,27095411.0
2025-01-27,79.552675788,81.194945862,82.076390252,79.181541308,10864940.0
2025-01-28,79.858861734,79.042365878,80.591852332,78.49494252,9534269.0
2025-01-29,79.441335444,77.966075886,79.487727254,77.84545718,6843913.0
2025-01-30,78.49494252,79.181541308,80.229996214,77.882570628,5798825.0
2025-01-31,78.745458294,78.35576709,79.274324928,78.207313298,6546154.0
2025-02-03,76.203187106,76.68566193,77.362982356,76.147516934,5460116.0
2025-02-04,75.729990644,76.657826844,77.418652528,75.405247974,9880721.0
2025-02-05,80.192882766,79.543397426,81.111440604,78.949582258,14099043.0
2025-02-06,80.461955264,80.879481554,82.53102999,80.415563454,10575995.0
2025-02-07,82.289792578,80.183604404,82.364019474,79.923810268,8700839.0
2025-02-10,79.51556234,77.854735542,79.719686304,77.61349813,9555036.0
2025-02-11,77.483601062,77.697003388,78.165560669,76.889785894,5046817.0
2025-02-12,75.173288924,75.887722798,76.416589432,74.718649186,6427373.0
2025-02-13,73.800091348,73.141327646,74.356793068,73.02070894,10809249.0
2025-02-14,72.909368596,72.250604894,73.36057534,72.204213084,9875485.0
2025-02-18,76.17535202,76.388754346,76.713497016,75.210402372,8712148.0
2025-02-19,76.954734428,77.38153908,77.594941406,76.602156672,5948149.0
2025-02-20,76.945456066,77.697003388,77.9382408,76.741332102,5015229.0
2025-02-21,82.011441718,81.723812496,82.790824126,79.552768571,15128831.0
2025-02-24,82.447524732,84.052681358,84.547589187,81.760925944,10476274.0
2025-02-25,85.620724536,84.38670239,87.03103556,82.5774218,11465917.0
2025-02-26,84.460929286,83.08773171,84.544434544,82.837215936,7387830.0
2025-02-27,82.53102999,82.781545764,83.681546878,82.493916542,6953839.0
2025-02-28,83.375360932,84.10835153,84.168660883,82.929999556,5962470.0
2025-03-03,84.117629892,82.920721194,84.191856788,82.5774218,4810878.0
2025-03-04,81.92793646,81.1856675,82.25267913,80.100099146,5203611.0
2025-03-05,84.8970123,84.303197132,85.26814678,83.774330498,8011740.0
2025-03-06,81.60319379,81.686699048,82.605720804,81.148554052,5450864.0
2025-03-07,81.992884994,80.879481554,82.15989551,80.11865587,5278177.0
2025-03-10,74.050607122,73.25266799,74.87638134,72.64957446,12603365.0
2025-03-11,73.187719456,72.473285582,73.549575574,71.443480183,7433455.0
2025-03-12,68.956786384,69.392869398,69.903179308,68.47431156,10858198.0
2025-03-13,70.534107924,70.413489218,71.758851708,69.95884948,8228170.0
2025-03-14,70.28359215,71.58256283,71.95369731,69.810395688,6505934.0
2025-03-17,73.892874968,74.36607143,74.746484272,73.62380247,5995754.0
2025-03-18,76.277414002,75.136175476,76.611435034,74.421741602,5696385.0
2025-03-19,74.36607143,73.2990598,74.440298326,72.816584976,6920565.0
2025-03-20,73.503183764,73.104214198,73.818648072,72.825863338,4572466.0
2025-03-21,70.478437752,71.313490332,71.712459898,70.070189824,5880455.0
2025-03-24,69.559879914,69.893900946,70.5155512,69.490292199,8083188.0
2025-03-25,70.404210856,68.288744319,70.56194301,67.91760984,8895588.0
2025-03-26,67.319155491,66.553690626,67.602145532,66.433071919,7613813.0
2025-03-27,65.092348611,65.096987792,65.542349168,64.735131674,7970846.0
2025-03-28,65.106266154,64.29904866,65.273276669,64.187708316,5867021.0
2025-03-31,63.886372222,65.509003058,65.688247162,63.093924604,6826134.0
2025-04-01,66.018433669,64.178823128,66.03730147,63.81090102,6213757.0
2025-04-02,63.688260317,64.376935033,64.829762243,63.509016213,7337234.0
2025-04-03,64.556179137,63.301470409,64.659952039,63.207131407,8822513.0
2025-04-04,61.537331069,59.009045813,61.763744674,58.834518659,10869538.0
2025-04-07,57.96188289,60.037340936,61.58450057,57.176605036,14551902.0
2025-04-08,61.244880163,58.112825293,61.367520866,57.386414977,8100539.0
2025-04-09,57.06566237,61.405256466,61.603368371,56.145857099,13243325.0
2025-04-10,59.546778125,57.744903185,59.659984928,55.961896045,9983981.0
2025-04-11,60.122246038,61.065636059,61.320351365,59.650551027,11392138.0
2025-04-14,62.716568596,62.320344787,62.971283901,61.631670071,8067341.0
2025-04-15,61.924120978,60.839222454,62.212326629,60.244886741,5945621.0
2025-04-16,60.68828005,59.32036452,60.763751252,58.86753731,6302636.0
2025-04-17,54.631716116,54.792092419,55.71661464,54.037380402,32220629.0
2025-04-21,54.952468723,55.027939924,55.943028245,53.773231197,13419321.0
2025-04-22,55.669445139,56.518496158,56.773211463,55.584540037,11697878.0
2025-04-23,58.273201597,57.829808287,58.895839011,57.443018378,9128730.0
2025-04-24,58.938291561,59.084517015,59.188289917,58.341031339,7891068.0
2025-04-25,57.235472574,58.565652503,58.744896607,57.14122791,7835183.0
2025-04-28,58.669425405,59.075083115,59.665739607,58.461879601,6280331.0
2025-04-29,61.56563277,61.471293768,61.707141273,60.523186797,10923695.0
2025-04-30,62.711851645,62.688266895,62.867510999,61.698462085,9242889.0
2025-05-01,64.914667345,61.886385377,64.933535145,60.546771547,16439484.0
2025-05-02,65.801453964,65.310891153,65.905226867,64.650518139,13466293.0
2025-05-05,65.254287752,65.207118251,65.839189565,64.990138546,8811354.0
2025-05-06,64.112785827,62.537324492,64.260237687,62.254307485,10554677.0
2025-05-07,65.424097956,63.725995918,65.725982763,63.037321203,14195448.0
2025-05-08,62.178836284,61.178842861,62.226005785,60.754317352,12047123.0
2025-05-09,63.207131407,62.046761681,63.622223016,61.876951477,13071343.0
2025-05-12,60.461866445,63.905240022,63.914673922,60.414696944,18259670.0
2025-05-13,62.839209298,61.697707373,62.858077099,61.273181863,10357009.0
2025-05-14,62.735436396,60.763751252,63.046755103,60.461866445,10176137.0
2025-05-15,61.509029369,62.405249889,62.546758392,61.11280556,9074669.0
2025-05-16,60.754317352,60.726015651,61.037334358,59.556212025,19012644.0
2025-05-19,61.669405672,63.225999207,63.235433107,61.197710662,11194289.0
2025-05-20,65.513720008,64.339199432,66.03730147,63.822599056,12559077.0
2025-05-21,64.452406234,64.339199432,65.801453964,64.26844518,8983441.0
2025-05-22,62.650531294,64.310897731,64.636367288,62.603361793,7192332.0
2025-05-23,63.452412812,63.537317914,64.046748525,62.829775398,6508380.0
2025-05-27,66.801447387,66.452393079,67.263708497,65.914660767,9250596.0
2025-05-28,65.452399656,64.71655544,65.924094667,64.492122954,7864681.0
2025-05-29,65.339192854,65.527870858,65.565606459,64.433538434,8997906.0
2025-05-30,65.839189565,67.452386501,67.513706852,65.15994875,11194157.0
2025-06-02,67.707101807,68.707095229,68.725963029,67.225972896,16807899.0
2025-06-03,67.546725503,66.895786389,67.886345911,66.584467682,8822721.0
2025-06-04,68.093891715,67.961817112,68.999546135,67.942949312,6917020.0
2025-06-05,68.999546135,68.537285025,69.480675046,68.225966318,5095041.0
2025-06-06,69.952370057,70.405197267,70.905193978,69.782559853,9549878.0
2025-06-09,70.763685475,71.188210984,72.499523113,69.959917177,10885820.0
2025-06-10,73.574987737,74.839130365,75.886293289,73.056123226,13076761.0
2025-06-11,74.60328286,74.273096353,75.310825376,73.905174245,9211564.0
2025-06-12,76.074971293,76.461761202,76.565534104,75.395730478,10562504.0
2025-06-13,76.801381609,75.310825376,76.82968331,74.933469368,7491760.0
2025-06-16,73.433479234,72.659899417,73.942909845,72.282543409,8181930.0
2025-06-17,71.235380485,70.131614161,71.490095791,69.942936156,8080039.0
2025-06-18,70.339159965,69.820295454,70.583026286,69.527844547,5462321.0
2025-06-20,69.65991915,69.593881849,70.169349761,68.622190127,8212986.0
2025-06-23,64.971270746,65.773152264,66.088716226,64.661555802,15397879.0
2025-06-24,66.268432025,66.725976185,67.018427091,65.905226867,7386337.0
2025-06-25,64.961836846,63.537317914,64.975987696,63.084490704,13688119.0
2025-06-26,63.79203322,63.867504421,64.509009635,63.38637551,8142033.0
2025-06-27,64.867497843,64.631650338,65.037308047,64.126936677,5629359.0
2025-06-30,65.499569158,65.112779249,65.611926909,64.659952039,7637403.0
2025-07-01,64.537311336,65.867491266,66.433430939,64.26372823,6851729.0
2025-07-02,65.62220986,65.867491266,66.348620176,65.003062989,7908322.0
2025-07-03,65.358060654,65.254287752,65.471267457,64.697781979,4047911.0
2025-07-07,65.433531856,65.395796255,65.606455247,64.820328342,7313482.0
2025-07-08,65.518436958,65.697681062,66.612769382,64.763724941,9867136.0
2025-07-09,65.084477548,65.744850563,65.914660767,64.961836846,5380018.0
2025-07-10,65.641077661,66.990125391,67.688234006,65.584474259,6378334.0
2025-07-11,65.792020064,65.027874147,65.933528567,64.650518139,6522364.0
2025-07-14,64.71655544,65.037308047,65.61277596,64.603348638,6015857.0
2025-07-15,65.556172559,63.414677211,65.556172559,62.9335483,7250836.0
2025-07-16,63.527884014,63.244867007,64.188257028,63.197697506,5611120.0
2025-07-17,62.433551589,61.593934471,62.651407703,61.197710662,9041843.0
2025-07-18,61.952422679,60.66941225,62.065629481,60.527903747,8051179.0
2025-07-21,61.084503859,61.244880163,61.633085156,60.490168146,8280730.0
2025-07-22,61.810914175,62.999585602,63.178829706,61.744876874,8970258.0
2025-07-23,65.060892798,66.06560317,66.395695338,64.980704646,11980355.0
2025-07-24,66.650504983,66.725976185,67.339179698,66.249564224,10161045.0
2025-07-25,66.999559291,67.641064505,67.730686557,66.579750732,7350188.0
2025-07-28,66.980691491,65.093911449,67.244840696,64.589197787,7156222.0
2025-07-29,50.895891632,50.886457732,52.235505462,50.480800023,110735641.0
2025-07-30,48.358172476,47.19780275,48.461945378,46.792145041,65866208.0
2025-07-31,46.188375428,44.405368288,46.509128035,44.244991984,50372520.0
2025-08-01,45.537436313,45.461965111,46.254412729,44.858195498,34787444.0
2025-08-04,46.30158223,46.046866925,46.424222933,45.622341415,20691934.0
2025-08-05,45.169514205,44.546876791,45.471399012,44.452537789,21508375.0
2025-08-06,43.367639265,42.811039152,43.858202076,42.499720446,37438114.0
2025-08-07,45.726114317,45.999697423,46.320450031,45.207249806,40780514.0
2025-08-08,47.829874064,48.188362272,48.395908077,47.273273952,23367541.0
2025-08-11,47.546857058,47.046860347,47.825157114,46.971389145,16177631.0
2025-08-12,46.617617887,46.961955245,47.457235006,46.584599236,11131935.0
2025-08-13,47.433650255,48.018552068,48.334587725,47.395914655,19443196.0
2025-08-14,47.617611309,48.065721569,48.065721569,47.042143397,12620563.0
2025-08-15,48.52326573,49.443071,49.763823607,48.461945378,17622514.0
2025-08-18,52.089845753,51.278923246,52.46191608,51.274153113,32445098.0
2025-08-19,52.056454826,52.261570519,52.929389054,51.536510395,25993715.0
2025-08-20,51.832258604,51.803637809,52.118466547,51.355245364,14100671.0
2025-08-21,52.280651049,52.90076826,53.282378852,52.056454826,12883179.0
2025-08-22,54.102841624,54.360428773,54.866062807,54.03605977,17913419.0
2025-08-25,54.789740688,53.749851826,55.657904784,53.665229678,16184964.0
2025-08-26,52.490536874,52.795825347,52.820439231,52.089845753,12869453.0
2025-08-27,53.12019435,53.845254474,54.026519505,52.776744818,11697659.0
2025-08-28,54.112381888,53.530425736,54.150542948,53.148815145,9542455.0
2025-08-29,53.473184147,53.864335004,53.926346725,53.148910547,9116508.0
2025-09-02,54.112381888,53.788012886,54.551234069,53.208728007,11642656.0
2025-09-03,54.074220829,54.131462418,54.71341857,53.869105136,9105648.0
2025-09-04,53.392091897,53.559046531,53.902496063,52.910308525,8778079.0
2025-09-05,53.253758057,52.690882435,53.501804942,52.213869195,15505078.0
2025-09-08,51.851339133,51.78455728,52.371283564,51.598522116,12988140.0
2025-09-09,50.620644975,51.803637809,51.803637809,50.296275972,20606380.0
2025-09-10,51.713005294,51.870419663,52.695652567,51.388636291,16488284.0
2025-09-11,51.154899803,51.803637809,52.108926282,51.08811795,11793077.0
2025-09-12,52.523927801,52.347432902,52.66226164,51.832258604,10317968.0
2025-09-15,53.902496063,53.062952761,54.360428773,52.991400776,13764301.0
2025-09-16,54.51307301,54.570314598,55.075948632,54.025660881,17115594.0
2025-09-17,55.123649956,55.524341077,56.430666232,55.018707043,16809045.0
2025-09-18,58.996997461,59.006537726,59.388148317,58.042970982,24602049.0
2025-09-19,59.435849641,58.57722581,59.455120976,57.928583207,12902886.0
2025-09-22,57.24158874,57.91894754,58.310098396,56.879058677,10742748.0
2025-09-23,57.527796683,56.802736559,57.556417478,56.363884379,11510852.0
2025-09-24,56.144458289,56.039515376,56.52606888,55.467099489,11232120.0
2025-09-25,54.51307301,53.463643883,54.71341857,53.301459381,18287352.0
2025-09-26,53.043872232,53.053412497,53.444563353,52.051684694,17739801.0
2025-09-29,51.650993573,52.948469584,53.082033291,51.52697013,19329138.0
2025-09-30,51.52697013,52.938929319,53.015251438,51.297717567,19003492.0
2025-10-01,53.435023088,56.449746762,56.497448086,53.425482824,24835126.0
2025-10-02,56.173079083,56.039515376,56.402045438,55.333535782,11966669.0
2025-10-03,56.287562261,56.888598942,57.332221255,55.760462631,15362866.0
2025-10-06,57.370382314,56.907679472,58.100212571,56.907679472,13782363.0
2025-10-07,56.726414441,56.30664279,56.850437883,55.839169815,9675071.0
2025-10-08,57.060323708,56.869518413,57.365612182,56.735954706,9888693.0
2025-10-09,56.211240142,55.982273787,56.669172852,55.758077565,8839762.0
2025-10-10,55.901181537,54.312727449,56.096756965,54.179163742,15047646.0
2025-10-13,54.665717246,54.856522542,55.452789091,54.618015922,8835455.0
2025-10-14,53.692610238,54.0551403,54.252051365,53.234677528,7632741.0
2025-10-15,53.811863547,54.112381888,54.322267714,53.520885471,8475239.0
2025-10-16,54.455831421,53.511345207,54.904223866,53.396862029,8353746.0
2025-10-17,51.402946688,51.870419663,51.937201516,51.078577685,14761514.0
2025-10-20,52.862607201,53.177435939,53.644908914,52.652721376,7901607.0
2025-10-21,52.757664288,52.261570519,52.819676009,52.023731718,10182127.0
2025-10-22,51.040416626,50.925933449,51.298003775,50.496621533,12420857.0
2025-10-23,50.153172001,50.782829477,51.002255567,49.97190697,9326542.0
2025-10-24,50.954554243,50.525242327,51.083347818,50.496621533,8497647.0
2025-10-27,50.353517561,50.458460474,50.778059344,50.224151571,10309970.0
2025-10-28,50.382138355,49.657078231,50.448920209,49.132363668,12172170.0
2025-10-29,50.248574648,49.008340226,50.377368223,48.83661546,9478161.0
2025-10-30,47.653622626,47.739485009,48.216498248,47.162298989,21057534.0
2025-10-31,46.537411645,47.186149651,47.195689916,46.260743966,20020869.0
2025-11-03,47.138448327,46.852240383,47.233850975,46.332295952,11146996.0
2025-11-04,45.755109932,46.031777611,47.605921302,45.564304637,28629444.0
2025-11-05,44.820163983,46.232123172,46.747297471,44.03786227,37996646.0
2025-11-06,45.554764372,44.371771538,47.281552299,44.15711558,43747213.0
2025-11-07,43.923379093,43.57992956,44.142805183,43.074295526,19979581.0
2025-11-10,44.095103859,43.827976445,44.238207831,43.474986648,14406537.0
2025-11-11,44.906026366,46.890401442,47.152758724,44.886945836,27711097.0
2025-11-12,47.20523018,47.949370834,48.111555335,47.052585944,24672288.0
2025-11-13,46.938102766,46.899941707,47.787186333,46.661435087,18878330.0
2025-11-14,46.270284231,46.041317876,46.658893561,45.821891786,12507560.0
2025-11-17,45.707408608,46.232123172,46.928562502,45.526143577,13520490.0
2025-11-18,45.4116604,45.363959076,45.812351521,45.030049808,17104700.0
2025-11-19,45.826661918,46.747297471,47.114597665,45.564304637,16585034.0
2025-11-20,47.22431071,45.4116604,47.252931504,45.298322054,15252292.0
2025-11-21,44.858325042,45.440281194,45.936374963,44.543496304,18985250.0
2025-11-24,41.42859985,42.90257076,43.14107738,41.099460715,73618723.0
2025-11-25,43.861367372,44.896486101,45.039590073,43.827976445,30458571.0
2025-11-26,46.298905025,46.470629792,46.775918265,45.964995758,17834795.0
2025-11-28,46.871320913,47.081206738,47.419886138,46.127180259,15484203.0
2025-12-01,46.675745485,46.203502377,47.210286521,46.146260789,11626707.0
2025-12-02,45.659707284,45.249475898,45.774095059,45.193188336,11905167.0
2025-12-03,45.440281194,45.383039606,45.898213904,45.125452456,11472469.0
2025-12-04,45.774190462,45.783730727,46.022237346,45.19223431,18457125.0
2025-12-05,46.690055882,45.659707284,46.861685245,45.63108649,15325308.0
2025-12-08,44.991888749,44.619818422,45.001429014,44.219127301,14872530.0
2025-12-09,44.090333726,44.228667566,44.638898952,43.961540152,10247881.0
2025-12-10,45.220855104,46.794998794,47.22431071,44.877405572,16964840.0
2025-12-11,47.66316289,47.977991628,48.216498248,47.305402961,15601182.0
2025-12-12,48.206957983,47.873048716,48.416843809,47.620231699,12392841.0
2025-12-15,47.66316289,48.054313747,48.330981426,47.272012034,11354710.0
2025-12-16,47.520058918,46.709136411,47.672703155,46.184421848,14148517.0
2025-12-17,45.888673639,45.573844901,46.508790851,45.535683842,10340893.0
2025-12-18,45.793270992,45.421200665,46.0890192,45.330568149,8303277.0
2025-12-19,45.893443772,45.879133375,46.556492175,45.774190462,10927109.0
2025-12-22,45.554764372,45.888673639,45.998386684,45.402120135,16059128.0
2025-12-23,50.248574648,49.237306581,50.754208682,48.693511488,67564823.0
2025-12-24,50.420299415,50.143631736,51.164440068,49.609376908,19300102.0
2025-12-26,50.582483916,49.990987499,50.587254048,49.323168964,13255553.0
2025-12-29,49.189605257,49.103742874,49.599836643,48.984489564,16895918.0
2025-12-30,49.151444198,48.865236254,49.294548169,48.71736215,11902520.0
2025-12-31,48.703051752,48.540867251,48.898627181,48.226133916,10803856.0
2026-01-02,49.237306581,49.981447234,50.000527764,49.046501285,12134109.0
2026-01-05,51.441107747,52.576399257,52.867377333,50.906852919,30028729.0
2026-01-06,54.551234069,53.673529708,55.476639753,53.444563353,32942190.0
2026-01-07,54.236405331,53.969277917,55.109339559,53.644908914,17538435.0
2026-01-08,54.417670362,54.703878305,55.247482593,54.389049567,17505646.0
2026-01-09,56.735954706,56.106297229,57.852165686,56.077676435,29064402.0
2026-01-12,57.375152447,57.108025032,57.527796683,56.382964908,19311543.0
2026-01-13,57.794924097,56.898139207,57.842625421,56.421125968,16912890.0
2026-01-14,56.134918024,56.201699877,57.00308212,55.657904784,16344057.0
2026-01-15,55.133190221,54.49399248,55.180891545,53.702150502,25752330.0
2026-01-16,57.155726356,59.464470436,59.531252289,56.516528615,43376971.0
2026-01-20,57.446704432,57.890326745,59.316596331,57.198657548,30424630.0
2026-01-21,57.251129004,56.592850734,57.403773241,54.913764131,30601938.0
2026-01-22,58.615386869,59.369067788,59.569413348,58.233776278,20301975.0
2026-01-23,60.485278768,59.397688582,61.210338892,59.173492359,28013371.0
2026-01-26,59.984414867,61.038614126,61.052924523,59.793609571,20107952.0
2026-01-27,59.998725264,59.998725264,60.566561824,59.617114672,13426491.0
2026-01-28,58.653547928,57.556417478,58.729870047,57.232048475,16235907.0
2026-01-29,57.174806886,56.602390999,57.174806886,56.096756965,15841871.0
2026-01-30,56.54514941,56.697793646,57.155726356,55.896411404,12085775.0
2026-02-02,55.242903266,56.220780407,56.573770204,55.133190221,16647875.0
2026-02-03,55.667445049,47.987531893,55.939342596,47.66316289,69933216.0
2026-02-04,45.745569668,45.020509544,46.842700118,44.333610479,46859689.0
2026-02-05,42.974122746,41.347507599,43.570389295,41.252104951,54446133.0
2026-02-06,44.238207831,45.449821459,45.545224107,43.732573797,36856625.0
2026-02-09,47.825347392,47.100287268,48.741212812,46.752067603,30096850.0
2026-02-10,47.720404479,46.861780648,48.14017613,46.728216941,15847932.0
2026-02-11,46.489710321,46.499250586,46.709136411,45.86959311,12245039.0
2026-02-12,46.599423366,46.680515617,47.768105803,45.907754169,11708506.0
2026-02-13,47.033505414,47.291092564,47.548679713,46.933332634,10156106.0
2026-02-17,46.852240383,47.100287268,47.558219978,46.437238865,9892746.0
2026-02-18,46.589883101,46.966723561,47.085976871,46.394307673,11296409.0
2026-02-19,46.480170056,46.222582907,46.52787138,45.964995758,8289430.0
2026-02-20,45.492752651,45.239935634,45.554764372,44.867865307,12285848.0
2026-02-23,38.342324191,37.808069362,39.200948022,37.531401683,98664012.0
2026-02-24,36.730019441,36.815881824,37.273814534,36.596455734,43931660.0
2026-02-25,35.97156839,36.405650438,36.481972556,35.919096934,55460046.0
2026-02-26,36.086051568,35.890476139,36.319788055,35.594727931,35499018.0
2026-02-27,35.814154021,35.728291638,36.119442494,35.613808461,24222691.0
2026-03-02,35.136795221,36.024039847,36.095591832,35.031852308,22094234.0
2026-03-03,34.697943041,34.97461072,35.250228969,34.201849272,34247828.0
2026-03-04,35.900016404,36.730019441,36.825422089,35.575647401,26808135.0
2026-03-05,36.520133616,37.273814534,37.316745726,36.32932832,21578977.0
2026-03-06,36.806341559,36.806341559,37.063928709,36.410420571,15632401.0
2026-03-09,37.388297712,37.951173334,38.046575982,36.725249309,23795968.0
2026-03-10,37.383527579,36.939905266,37.416918506,36.424730968,20832631.0
2026-03-11,36.949445531,37.044848179,37.197492416,36.744329838,13208243.0
2026-03-12,36.901744207,36.272086731,37.22611321,36.10990223,17123044.0
2026-03-13,36.625076528,36.214845142,37.016227385,35.966798258,11608569.0
2026-03-16,36.224385407,36.806341559,36.815881824,36.052660641,11442723.0
2026-03-17,36.892203942,36.663237587,37.46461983,36.615536264,12174878.0
2026-03-18,35.718751373,35.728291638,35.957257993,35.298979723,26115941.0
2026-03-19,34.688402776,35.375301841,35.533002418,34.688402776,21364548.0
2026-03-20,34.812426218,34.850587277,35.298979723,34.511907877,26367715.0
2026-03-23,35.136795221,35.127254956,35.499325283,34.802885953,15011789.0
2026-03-24,35.155875751,35.19403681,35.489785018,34.864897675,16143252.0
2026-03-25,35.442083694,34.659781982,35.671050049,34.564379334,16442749.0
2026-03-26,34.621620922,34.726563835,35.718751373,34.469072088,20602819.0
2026-03-27,34.640701452,34.383114303,34.812426218,34.240010331,14694581.0
2026-03-30,34.68661482,34.844595416,35.178131952,34.676741032,17393764.0
2026-03-31,34.963080864,36.286168364,36.286168364,34.874216778,18979196.0
2026-04-01,36.305915938,36.019576106,36.621877132,35.328410995,24090602.0
2026-04-02,35.634498401,36.513265472,36.513265472,35.175367291,14695847.0
2026-04-06,36.533013047,36.207178065,36.947712114,36.054134362,11535481.0
2026-04-07,35.940585808,36.444148961,36.567571302,35.516012954,13916313.0
2026-04-08,37.550013139,37.135314072,37.707993736,36.853911134,13882468.0
2026-04-09,36.710741218,36.967459688,37.174809222,36.355284875,11231668.0
2026-04-10,37.816605397,37.046449987,37.935090845,36.947712114,11400467.0
2026-04-13,36.666309175,37.500644203,37.530265565,36.48364411,12692219.0
2026-04-14,38.636129744,38.823731702,38.912595788,38.241178251,19729298.0
2026-04-15,39.287799706,40.294926012,40.344097472,39.169314258,19479402.0
2026-04-16,40.734309547,40.413411459,40.88735325,39.722246348,16083752.0
2026-04-17,40.462780396,40.00858618,40.763930909,39.919722094,13204007.0
2026-04-20,39.998712392,39.949343456,40.334421161,39.75186771,10467085.0
2026-04-21,39.628445368,38.922469576,39.687688092,38.211655627,25186415.0
2026-04-22,38.655877318,38.655877318,38.83360549,38.359663699,17620577.0
2026-04-23,38.636129744,38.033828718,38.705246255,37.540139352,12266488.0
2026-04-24,39.554391963,40.650382355,40.709625079,39.386537579,25017314.0
2026-04-27,40.245557075,40.680003717,41.14407172,40.038207542,19367656.0
2026-04-28,40.77874159,40.650382355,41.543960106,40.581265844,16387749.0
2026-04-29,40.245557075,39.781489071,40.26530465,39.19893562,16339354.0
2026-04-30,41.321799892,41.687130022,42.314115517,41.124324146,25208115.0
2026-05-01,42.763372839,43.326178716,43.484159313,42.551086412,26254487.0
2026-05-04,43.592770973,43.829741869,44.017343827,43.290344767,18675668.0
2026-05-05,43.963037997,44.303683659,44.550528342,43.652013697,21291969.0
2026-05-06,45.725509032,45.18245073,46.949858659,44.955353622,30894991.0
2026-05-07,45.962479928,45.221945879,46.485790655,45.172576943,16912603.0
2026-05-08,45.389800264,45.488538137,45.557654648,44.619644853,12054050.0
2026-05-11,46.10071295,45.814373118,47.186829554,45.686013883,17851623.0
2026-05-12,46.396926569,46.406800357,46.515412017,45.705761457,14248176.0
2026-05-13,46.475916868,46.485790655,46.61414989,46.061217801,9998736.0
2026-05-14,46.199450823,45.221945879,46.24881976,44.965326147,13297231.0
2026-05-15,44.826994387,44.175324424,44.92573226,43.691607584,16383758.0
2026-05-18,44.066712764,43.721130208,44.522881738,43.415042802,15403401.0
2026-05-19,43.800120507,43.721130208,44.274062298,43.523654462,9704429.0
2026-05-20,44.125955488,44.501159406,44.678887577,43.869237018,10762170.0
2026-05-21,43.661887484,43.829741869,44.022280721,43.1830088,11627958.0
2026-05-22,44.046965189,44.392547745,44.609771066,43.903795273,10790951.0
2026-05-26,44.175324424,43.632266122,44.422169107,43.617455441,9355690.0
2026-05-27,43.622392335,43.987722466,44.659140003,43.617455441,11335410.0
2026-05-28,43.4940331,44.935606047,45.468790562,43.395295227,14639281.0
2026-05-29,44.905984685,45.004722558,45.310809965,44.582025724,10986402.0
2026-06-01,44.8171206,43.513780675,44.8171206,43.23731463,12978865.0
2026-06-02,42.936164117,42.378295134,43.082296169,41.716751384,17145222.0
2026-06-03,42.175882494,41.469906702,42.225251431,41.371168828,11341964.0
2026-06-04,42.546149518,43.197819481,43.809994294,41.687130022,16440291.0
2026-06-05,43.4940331,42.417790283,43.661887484,42.314115517,10855623.0
2026-06-08,41.687130022,40.502275545,41.874731981,40.482527971,20690221.0
2026-06-09,40.556581375,41.65750866,41.775994108,40.556581375,14720100.0
2026-06-10,41.14407172,42.269683474,43.474285525,41.129261039,16563859.0
2026-06-11,42.427664071,43.405169014,43.553275824,42.398042709,12719843.0
2026-06-12,43.38542144,43.326178716,44.032154508,43.168198119,14799174.0
2026-06-15,44.125955488,43.365673865,44.224693361,43.257062205,10223347.0
2026-06-16,43.474285525,43.000343735,43.553275824,42.812741776,7146608.0
2026-06-17,44.402421533,42.970722373,44.42947571,42.911479649,9862778.0
2026-06-18,42.901605861,42.644887391,43.444664164,41.978406748,8996732.0
2026-06-22,43.454537951,45.300936178,45.863742054,43.34592629,17141297.0
2026-06-23,46.20932461,46.821499424,46.831373211,45.848931373,17674250.0
2026-06-24,46.50553823,46.811625636,47.048596532,46.426547931,15078197.0
2026-06-25,47.211514022,47.038722744,47.631149983,46.72276155,12495802.0
2026-06-26,46.525285804,47.463295599,47.887868453,46.396926569,20136350.0
2026-06-29,47.117713043,47.729887856,47.868120878,47.009101382,9324109.0
2026-06-30,47.89774224,47.334936364,48.004379143,47.265819852,8579329.0
2026-07-01,48.401305393,48.15446071,48.924616121,47.998751084,11248361.0
2026-07-02,49.191208378,49.793509404,50.252640514,49.151713229,12080179.0
2026-07-06,48.65308697,48.638276289,48.850562716,47.93723739,12333311.0
2026-07-07,49.658041042,49.013480206,49.803383191,48.682708331,12222735.0
2026-07-08,48.134713136,48.272946158,48.840688928,47.88846088,9137799.0
2026-07-09,48.075470412,48.263072371,48.751824843,47.966858751,5458468.0
2026-07-10,48.549412203,48.855499609,49.013480206,48.114965561,6317822.0
2026-07-13,48.549412203,48.658023863,49.043101568,48.144586923,7420426.0
2026-07-14,48.159397604,48.45067433,48.648150076,47.682493677,6623656.0
2026-07-15,48.737014162,49.921868639,50.356315281,48.737014162,10314858.0
2026-07-16,50.267451195,50.830257071,51.116596903,49.961462526,9792355.0
2026-07-17,50.415558004,49.684897743,50.751168035,49.36893655,9542554.0
2026-07-20,49.813256978,48.983858844,49.862625915,48.934489908,7298991.0
2026-07-21,48.717266587,48.756761736,49.206019059,48.332188882,5785783.0
2026-07-22,48.825878247,47.581781046,48.914742333,47.374431513,8289438.0
2026-07-23,47.774319899,47.571907259,48.312441307,47.502790748,8178174.0
2026-07-24,48.213703434,48.15446071,48.894994759,48.090281093,10799111.0
2026-07-27,48.554349096,49.043101568,49.3294414,48.203829647,6806081.0
2026-07-28,49.319567613,50.316820131,50.583412389,49.319567613,9521673.0
2026-07-29,50.356315281,50.928994944,51.457242566,50.277324982,8712967.0
2026-07-30,50.069975449,50.958616306,50.968490094,49.872499702,10601708.0
2026-07-31,46.801751849,46.485790655,46.989353808,45.853868267,26798041.0
2026-08-03,46.406800357,46.495664442,46.599339209,45.602086691,11859717.0
2026-08-04,46.984416914,43.721130208,48.529664628,43.12870297,47478812.0
2026-08-05,44.244440936,43.967974891,45.142955581,43.819868081,22275739.0
2026-08-06,45.03434392,45.389800264,45.399674051,44.362926383,13121023.0
2026-08-07,46.549970272,46.663518827,46.900489722,46.140208099,12079424.0
2026-08-10,46.406800357,47.12758683,47.132523724,46.071091588,10185208.0
2026-08-11,46.851120785,46.574654741,47.068344106,46.337683845,7834671.0
2026-08-12,45.29106239,45.804499331,45.962479928,44.984974984,9563767.0
2026-08-13,45.379926476,46.130334312,46.194513929,45.152829368,10186917.0
2026-08-14,46.30312559,45.310809965,46.451232399,45.172576943,10853740.0
2026-08-17,45.18,44.88,45.45,44.68,14626376.0
2026-08-18,44.91,45.71,46.065,44.76,12089921.0
2026-08-19,46.01,46.48,47.195,45.841,19511352.0
2026-08-20,46.89,46.14,46.9,46.11,9669896.0
2026-08-21,46.35,46.74,47.165,46.34,10912622.0
2026-08-24,47.09,46.92,47.3,46.565,9674151.0
2026-08-25,47.84,48.66,48.66,47.56,15526741.0
2026-08-26,47.8,47.19,48.04,46.87,8877891.0
2026-08-27,45.97,46.26,46.33,45.7,13024424.0
2026-08-28,46.17,45.61,46.21,45.405,8504974.0
2026-08-31,45.28,45.33,45.61,44.95,7607222.0
2026-09-01,45.8,45.12,46.16,45.065,9355998.0
2026-09-02,46.05,46.77,47.005,45.91,13602634.0
2026-09-03,47.99,47.51,48.0,46.565,8769639.0
2026-09-04,46.35,46.6,46.74,46.0417,6219243.0
2026-09-08,45.58,45.16,45.91,45.145,10353971.0
2026-09-09,45.0,44.56,45.395,44.52,8833554.0
2026-09-10,44.6,44.01,44.82,44.01,6580888.0
2026-09-11,43.195,43.07,43.4951,42.7216,11029063.0
2026-09-14,43.66,43.45,43.71,43.0701,6564589.0
2026-09-15,42.725,42.53,43.0,42.4,8862135.0
2026-09-16,42.47,41.71,42.72,41.47,11669847.0
