time_key,open,close,high,low,volume
2018-01-02,4.828972238,4.917027355,4.92072715,4.797400655,355616680.0
2018-01-03,5.034187525,5.240636078,5.270974396,5.025554671,914703640.0
2018-01-04,5.321784912,5.268261213,5.378268446,5.246062444,583268800.0
2018-01-05,5.283060392,5.312905404,5.350150006,5.206351312,580124120.0
2018-01-08,5.436231899,5.475696378,5.549692275,5.391341055,881216880.0
2018-01-09,5.481122743,5.47421646,5.520587222,5.392820973,496999800.0
2018-01-10,5.381968241,5.51713408,5.520587222,5.327704584,582665040.0
2018-01-11,5.549692275,5.527000199,5.581017204,5.505541389,406030680.0
2018-01-12,5.515160856,5.499868371,5.549445622,5.45941728,359916080.0
2018-01-16,5.52626024,5.429078962,5.611602175,5.34472364,702347480.0
2018-01-17,5.443631489,5.542785991,5.55265211,5.349903353,538408880.0
2018-01-18,5.523547058,5.535879707,5.590143365,5.492468781,408633640.0
2018-01-19,5.625908048,5.675731952,5.699903945,5.599022873,609379440.0
2018-01-22,5.683624848,5.764033723,5.765760294,5.626154701,550942440.0
2018-01-23,5.817310769,5.892786584,5.915478659,5.79883646,475228200.0
2018-01-24,5.895993072,5.816077504,5.931856417,5.760580581,579972360.0
2018-01-25,5.870341162,5.829643418,5.913505435,5.814844239,409883640.0
2018-01-26,5.873300997,6.001807205,6.002053858,5.860475042,516354160.0
2018-01-29,5.987254679,6.088629058,6.119707334,5.934717592,455114120.0
2018-01-30,5.947050241,5.986761373,6.078022979,5.880453934,570833760.0
2018-01-31,6.061990535,6.062730494,6.148319081,6.02943234,478577760.0
2018-02-01,5.883167117,5.932004409,6.089862323,5.871821079,519222880.0
2018-02-02,5.845675863,5.759840622,5.869601203,5.701877169,718462200.0
2018-02-05,5.599022873,5.270974396,5.752687685,5.056386295,1165205600.0
2018-02-06,5.041587115,5.563998148,5.566957984,5.031720996,1114801240.0
2018-02-07,5.662659344,5.643420411,5.795605306,5.591623283,802932640.0
2018-02-08,5.76872013,5.365195838,5.80177163,5.364949185,1143999040.0
2018-02-09,5.876507486,5.724322591,5.892293278,5.365195838,1674603080.0
2018-02-12,5.805101446,5.62442813,5.808184608,5.550456899,1093173680.0
2018-02-13,5.588170141,5.737888506,5.784012615,5.555858599,625524760.0
2018-02-14,5.697684069,5.954696484,5.98362888,5.686584684,744989960.0
2018-02-15,6.037695215,6.079996203,6.126120312,5.957163014,698900600.0
2018-02-16,6.052864374,6.014386508,6.16632475,6.005260347,637657040.0
2018-02-20,6.03683193,6.143632674,6.212448859,6.033132135,686238480.0
2018-02-21,6.208009105,5.956916361,6.214866058,5.953216566,892293760.0
2018-02-22,5.990728834,5.97641407,6.062302655,5.911010406,534365320.0
2018-02-23,6.036141189,6.069706844,6.069706844,5.985545902,415300400.0
2018-02-26,6.115859618,6.085749252,6.120302131,6.023554069,469313760.0
2018-02-27,6.059094174,6.072915325,6.143255115,6.049962341,455435960.0
2018-02-28,6.083774802,5.972711976,6.123263806,5.96111208,523115120.0
2018-03-01,5.970490719,5.731088627,6.024294488,5.630268262,1040118880.0
2018-03-02,5.623727896,5.837955747,5.84437271,5.475397321,913427400.0
2018-03-05,5.787854072,5.815989988,5.855478993,5.664722419,620776520.0
2018-03-06,5.901138154,5.976660876,5.995911766,5.858193862,636809720.0
2018-03-07,5.873989464,5.968763075,6.0208392,5.872755432,581209040.0
2018-03-08,5.996158572,5.952473861,5.996158572,5.908320217,411910440.0
2018-03-09,5.999860666,6.054898467,6.067732393,5.983818258,505525920.0
2018-03-12,6.096115116,6.164233649,6.244198884,6.08801987,605061640.0
2018-03-13,6.206931135,6.113638361,6.281219826,6.072421713,619772360.0
2018-03-14,6.156582654,6.139059408,6.183731345,6.076864226,505494440.0
2018-03-15,6.152633754,6.153867785,6.234820245,6.111910717,401953480.0
2018-03-16,6.170157,6.181756895,6.201007785,6.132642445,399457280.0
2018-03-19,6.125238257,5.948031348,6.154114591,5.849308836,713773520.0
2018-03-20,5.950993023,6.159791136,6.198539722,5.950993023,554696360.0
2018-03-21,6.153374172,6.134616895,6.219518256,6.104259723,438688640.0
2018-03-22,6.071434488,5.969009881,6.117834068,5.931766814,551196760.0
2018-03-23,5.982584227,5.749845905,5.989247996,5.738739622,735618440.0
2018-03-26,5.873989464,6.033919933,6.035153964,5.822160145,611425600.0
2018-03-27,6.114625587,5.565975226,6.170157,5.425912662,1409000480.0
2018-03-28,5.531669153,5.463057007,5.661489256,5.355696276,945905920.0
2018-03-29,5.531052137,5.715786638,5.812287894,5.447014599,916627680.0
2018-04-02,5.645446848,5.455652819,5.79130936,5.36803659,922092600.0
2018-04-03,5.622247058,5.561779519,5.685182659,5.463057007,667430360.0
2018-04-04,5.306581826,5.583745278,5.594135823,5.281654392,789166440.0
2018-04-05,5.64199156,5.463797426,5.655072293,5.392470411,701238920.0
2018-04-06,5.36137282,5.287824549,5.469227164,5.25880013,662988800.0
2018-04-09,5.35076015,5.316454077,5.478358997,5.296462768,499524800.0
2018-04-10,5.546230724,5.624961927,5.651863812,5.489218473,764752280.0
2018-04-11,5.61015355,5.583745278,5.651271476,5.55119153,460242280.0
2018-04-12,5.67654444,5.790075328,5.80784538,5.632489519,593918000.0
2018-04-13,5.853504542,5.713565382,5.861895956,5.665438157,503035680.0
2018-04-16,5.720278512,5.713318575,5.746637423,5.619285383,350791040.0
2018-04-17,5.7653947,5.862636375,5.883861715,5.709863287,447225520.0
2018-04-18,5.812287894,5.83376004,5.904840249,5.744909779,391362320.0
2018-04-19,5.719612135,5.652851037,5.753054386,5.59756643,471997320.0
2018-04-20,5.644212817,5.644706429,5.728373758,5.613608838,386198640.0
2018-04-23,5.662476482,5.525498996,5.713565382,5.499584337,427508920.0
2018-04-24,5.551166849,5.459354913,5.646927686,5.394198055,414595760.0
2018-04-25,5.42973816,5.347304862,5.468610149,5.190336068,588493720.0
2018-04-26,5.508716169,5.558571038,5.566715645,5.442818892,375822960.0
2018-04-27,5.664204126,5.585966535,5.683948628,5.543762661,400849800.0
2018-04-30,5.602255749,5.550673237,5.651863812,5.531422347,327842680.0
2018-05-01,5.542528629,5.605957843,5.608672713,5.484035541,253789080.0
2018-05-02,5.602502556,5.585472922,5.646927686,5.559311457,268247400.0
2018-05-03,5.617310932,5.750339517,5.776500983,5.572145383,443145600.0
2018-05-04,5.721709989,5.900150929,5.903332262,5.704433549,400661520.0
2018-05-07,6.004665985,6.137578571,6.194590821,5.994677734,687615120.0
2018-05-08,6.137825377,6.180029251,6.18274412,6.088957733,506614960.0
2018-05-09,6.200020559,6.312811029,6.315032286,6.172871869,596759200.0
2018-05-10,6.365627573,6.420171761,6.429303594,6.347857521,994081160.0
2018-05-11,6.238769145,6.281960244,6.411780348,6.183484539,1214456240.0
2018-05-14,6.319968411,6.302445166,6.379695531,6.278751763,523139080.0
2018-05-15,6.239015952,6.060575011,6.241730821,5.960371662,963528400.0
2018-05-16,6.022073232,6.071681294,6.13362967,5.985299096,553828240.0
2018-05-17,6.07350766,6.113638361,6.207177942,6.05736653,519784200.0
2018-05-18,6.16546768,6.06995365,6.228650088,6.065017524,483717680.0
2018-05-21,6.167195324,6.027996582,6.170897418,5.935444227,640624800.0
2018-05-22,6.041324121,5.989988415,6.066495894,5.929520877,518265480.0
2018-05-23,5.933928689,6.113220858,6.114455652,5.933187812,442957040.0
2018-05-24,6.109516474,6.116925241,6.159155215,6.056445004,437371800.0
2018-05-25,6.129520146,6.156191708,6.172490996,6.093958063,292111280.0
2018-05-29,6.138163708,6.139151543,6.207065243,6.092476309,352683320.0
2018-05-30,6.172737955,6.247813464,6.256457025,6.148079108,390994560.0
2018-05-31,6.215955764,6.228056751,6.302391383,6.205336531,493868360.0
2018-06-01,6.272756314,6.362155439,6.368329412,6.264112752,421969920.0
2018-06-04,6.396235769,6.540706731,6.562686074,6.36413111,642025640.0
2018-06-05,6.543917197,6.546139827,6.583677581,6.499217634,391712040.0
2018-06-06,6.456246784,6.548115498,6.551325964,6.439947496,371354240.0
2018-06-07,6.544411115,6.492549743,6.556228098,6.402409741,369448640.0
2018-06-08,6.419943824,6.477238291,6.519715224,6.401174947,360457720.0
2018-06-11,6.464643387,6.436243112,6.506132483,6.423401249,265370120.0
2018-06-12,6.462667715,6.484647058,6.496748045,6.412535057,319159400.0
2018-06-13,6.486128812,6.480201798,6.560957361,6.471089014,338206360.0
2018-06-14,6.52514832,6.591580266,6.648133857,6.510330785,430016440.0
2018-06-15,6.534532758,6.550832046,6.605656924,6.503623381,432259520.0
2018-06-18,6.50687336,6.546633745,6.564167827,6.47970788,356266960.0
2018-06-19,6.443651879,6.425129961,6.510824703,6.297946122,594932960.0
2018-06-20,6.466174532,6.477979168,6.530828374,6.427866266,369779760.0
2018-06-21,6.509836867,6.349560535,6.528111826,6.341904808,359516240.0
2018-06-22,6.370305083,6.197433846,6.383640864,6.182124863,434158160.0
2018-06-25,6.091241515,5.905281455,6.094945898,5.816870166,665817240.0
2018-06-26,6.018388636,5.976158663,6.066545624,5.924793679,478885480.0
2018-06-27,6.019623431,5.821315426,6.085808419,5.81588233,453892120.0
2018-06-28,5.81143707,5.948252306,5.960106333,5.803781343,338011880.0
2018-06-29,6.013202499,5.850456577,6.025797404,5.849221783,392299080.0
2018-07-02,5.781061124,5.982332635,5.986037019,5.760684544,357573920.0
2018-07-03,6.016906883,5.848974824,6.022833897,5.840578221,222733000.0
2018-07-05,5.904046661,5.994433622,5.9993728,5.865274112,306217920.0
2018-07-06,5.96998469,6.108034721,6.116307844,5.948746224,296352880.0
2018-07-09,6.182114985,6.155450831,6.191753791,6.076935185,303880880.0
2018-07-10,6.167798777,6.254234395,6.276213738,6.127544474,360015600.0
2018-07-11,6.161624804,6.112973899,6.196199051,6.102354666,367506400.0
2018-07-12,6.158167379,6.204348695,6.252258724,6.148289023,345506920.0
2018-07-13,6.222870614,6.157179544,6.222870614,6.115196529,247163120.0
2018-07-16,6.129520146,6.129520146,6.182369352,6.1171722,197037040.0
2018-07-17,6.080375323,6.265100587,6.280165081,6.054938555,362135800.0
2018-07-18,6.25769182,6.215955764,6.271521519,6.165082229,277641640.0
2018-07-19,6.197186887,6.224105408,6.25769182,6.182122394,235751320.0
2018-07-20,6.221635819,6.195952092,6.260408368,6.1850859,222486440.0
2018-07-23,6.169527489,6.159402174,6.171256201,6.008016362,301584840.0
2018-07-24,6.207312202,6.14211505,6.293747821,6.124580968,354621800.0
2018-07-25,6.151499489,6.220154066,6.23274897,6.093711104,320182040.0
2018-07-26,6.200150394,6.293500862,6.33029774,6.183357188,325125120.0
2018-07-27,6.330050781,6.223858449,6.33696563,6.170021407,295421400.0
2018-07-30,6.237935107,6.029007869,6.243862121,5.994186663,340341560.0
2018-07-31,6.018635595,6.04703587,6.121617461,5.979890212,283987840.0
2018-08-01,6.078399651,6.086796254,6.133469019,6.022982072,283555560.0
2018-08-02,6.015672088,6.189284202,6.193235544,5.956895868,269667560.0
2018-08-03,6.213733134,6.225834121,6.249542176,6.196939928,214288080.0
2018-08-06,6.213239216,6.27349719,6.276954615,6.166709688,207506600.0
2018-08-07,6.322148096,6.345609192,6.36413111,6.295479003,258130400.0
2018-08-08,6.346843987,6.381912152,6.426858673,6.31202278,262098480.0
2018-08-09,6.399693193,6.333508205,6.402409741,6.325852479,204278480.0
2018-08-10,6.251764806,6.292266067,6.324617685,6.240651655,256626720.0
2018-08-13,6.300909629,6.325111602,6.445627551,6.299180917,375206320.0
2018-08-14,6.430316098,6.456246784,6.470323442,6.347337904,466219440.0
2018-08-15,6.476991332,6.39821144,6.510800007,6.319678506,591135760.0
2018-08-16,6.467853852,6.357710179,6.470323442,6.297699163,801259040.0
2018-08-17,6.246578669,6.046048034,6.247319546,6.019129513,1143187760.0
2018-08-20,6.005546773,6.120629625,6.252999601,5.895403099,854386200.0
2018-08-21,6.136928913,6.255963108,6.260408368,6.1171722,673988400.0
2018-08-22,6.223364532,6.490574072,6.49551325,6.219907107,749856880.0
2018-08-23,6.452048482,6.589851554,6.655048706,6.438248418,720684560.0
2018-08-24,6.598248157,6.722715448,6.737286023,6.593802897,531510480.0
2018-08-27,6.752350517,6.813596326,6.887683999,6.720863256,505777480.0
2018-08-28,6.807669313,6.776058572,6.830389532,6.656283501,475383800.0
2018-08-29,6.768398574,6.881320527,6.90627702,6.747642678,420109640.0
2018-08-30,6.850186684,6.864518136,6.961057758,6.827701131,346609200.0
2018-08-31,6.844503523,6.935434111,6.948282998,6.834619763,306590000.0
2018-09-04,6.922338129,7.010056496,7.047614782,6.893922321,391721080.0
2018-09-05,6.992512823,6.879590869,7.027847263,6.798791134,393156760.0
2018-09-06,6.863282666,6.738747295,6.865753606,6.705908504,322795560.0
2018-09-07,6.646828331,6.717497212,6.842773865,6.602104318,295418720.0
2018-09-10,6.739982765,6.788413187,6.818064466,6.696247129,220138280.0
2018-09-11,6.742206611,6.740724047,6.829675412,6.721450715,243112720.0
2018-09-12,6.700941914,6.627060811,6.72046234,6.471885786,419090360.0
2018-09-13,6.692787813,6.704648324,6.795084725,6.675515943,305535480.0
2018-09-14,6.794837631,6.830419165,6.89639326,6.758020626,386935200.0
2018-09-17,6.805015432,6.768645668,6.853893094,6.749372336,205527560.0
2018-09-18,6.772599171,6.696741316,6.875143177,6.690069779,299520920.0
2018-09-19,6.678271041,6.72046234,6.738228397,6.628296281,224858600.0
2018-09-20,6.598645002,6.579618765,6.640898075,6.525752275,430582760.0
2018-09-21,6.591479277,6.509691166,6.636944571,6.476580571,435126280.0
2018-09-24,6.478804417,6.565287314,6.56874663,6.391827333,293913040.0
2018-09-25,6.631261409,6.632249785,6.657206278,6.545766889,280389840.0
2018-09-26,6.637191665,6.595432781,6.677467985,6.579618765,268547520.0
2018-09-27,6.630520127,6.607293292,6.65177021,6.575900001,214428680.0
2018-09-28,6.738994389,6.943835306,6.96595516,6.711072768,709396560.0
2018-10-01,7.021422819,7.149911694,7.216627071,6.982876157,622058120.0
2018-10-02,7.122484261,7.078748625,7.233923651,7.056510166,383964720.0
2018-10-03,7.148923318,7.084925975,7.156336138,6.981146499,320550760.0
2018-10-04,7.048850252,6.901088046,7.073065463,6.824241815,391219560.0
2018-10-05,6.876378647,6.668078414,6.938399239,6.610752608,426634440.0
2018-10-08,6.585054833,6.567016972,6.700200632,6.426420491,408610600.0
2018-10-09,6.546508171,6.56133381,6.640898075,6.493630057,273499720.0
2018-10-10,6.455577582,6.07085224,6.50128997,6.068628394,684938160.0
2018-10-11,5.983875155,5.809920986,6.117058816,5.788448519,725437160.0
2018-10-12,6.066320536,6.091855229,6.166013077,5.92160747,608236680.0
2018-10-15,6.078512154,5.816098336,6.078512154,5.81510996,449761280.0
2018-10-16,5.928526102,6.074311556,6.085430785,5.879354398,408711800.0
2018-10-17,6.136332147,6.00586652,6.174384622,5.95694191,329668040.0
2018-10-18,6.075052838,5.918642342,6.113352406,5.858351408,524021920.0
2018-10-19,5.973744302,5.662652968,5.993264727,5.626330152,613609960.0
2018-10-22,5.7147898,5.713307236,5.814615772,5.61076323,368843640.0
2018-10-23,5.446692821,5.462259742,5.539600161,5.354773857,626437800.0
2018-10-24,5.423960174,4.927301254,5.470413844,4.913463991,884287960.0
2018-10-25,4.829946222,5.135601488,5.18279644,4.785753462,951721600.0
2018-10-26,4.900120915,4.899626727,5.061522709,4.771879134,664785120.0
2018-10-29,5.040470302,4.586558642,5.043929617,4.349101317,758017640.0
2018-10-30,4.609538383,5.016007997,5.025891756,4.586558642,807190720.0
2018-10-31,5.1803255,5.209482591,5.252971133,5.040964489,745772160.0
2018-11-01,5.245805407,5.389367015,5.398756587,5.119540378,566528320.0
2018-11-02,5.379977444,5.310544033,5.485486578,5.194182531,452960080.0
2018-11-05,5.297448051,5.232709426,5.320674886,5.072345426,379330400.0
2018-11-06,5.224802418,5.215165752,5.308814375,5.178220259,299010360.0
2018-11-07,5.281634036,5.282622412,5.372070436,5.21813088,483812040.0
2018-11-08,5.223566948,5.0898891,5.22430823,5.036516798,511352920.0
2018-11-09,5.001182357,5.081982092,5.172171398,4.967577574,413241960.0
2018-11-12,4.99080441,4.683419486,5.012795775,4.661675215,617117880.0
2018-11-13,4.781021612,4.924830314,5.045906369,4.774767663,644711000.0
2018-11-14,5.097549013,4.872446388,5.111880465,4.764718351,526578840.0
2018-11-15,4.866516133,5.000935263,5.072839614,4.830687504,840708640.0
2018-11-16,4.035539044,4.062966477,4.216906033,3.993285972,1963519080.0
2018-11-19,3.997733664,3.575450035,3.998474946,3.573720377,1697820200.0
2018-11-20,3.312542029,3.683677202,3.811671889,3.29400998,1692033120.0
2018-11-21,3.820567273,3.575697129,3.837369664,3.54851679,1025494000.0
2018-11-23,3.54110397,3.582862855,3.696278996,3.528235315,411968440.0
2018-11-26,3.703691816,3.781773516,3.792151464,3.621409517,814832240.0
2018-11-27,3.755828648,3.798575908,3.879622736,3.720000019,738060240.0
2018-11-28,3.915945553,3.955233497,3.960422471,3.783626721,804525480.0
2018-11-29,3.95745968,3.892161595,3.994560864,3.861985965,549173600.0
2018-11-30,3.901807903,4.042297721,4.052930921,3.851597633,729564560.0
2018-12-03,4.269109629,4.205790274,4.320556605,4.139008142,890804360.0
2018-12-04,4.161268853,3.885978064,4.166215678,3.870890249,812111480.0
2018-12-06,3.745735587,3.915164329,3.920160622,3.730153089,692309640.0
2018-12-07,3.91936913,3.651003896,3.929510121,3.601684054,681677960.0
2018-12-10,3.606235133,3.756123918,3.780855568,3.602525014,629473400.0
2018-12-11,3.847640173,3.665349687,3.855802434,3.586447835,671913280.0
2018-12-12,3.671038535,3.682910914,3.778879311,3.581995692,654135920.0
2018-12-13,3.729658407,3.682663573,3.793719785,3.646799095,471384960.0
2018-12-14,3.641110246,3.622312313,3.724711582,3.598814896,471821240.0
2018-12-17,3.592384024,3.55132538,3.664360322,3.493447532,662867320.0
2018-12-18,3.595104778,3.634432033,3.71828071,3.567897242,564370040.0
2018-12-19,3.600793626,3.425923376,3.654330635,3.3744764,745365880.0
2018-12-20,3.417513774,3.341580017,3.507298641,3.281921312,749587880.0
2018-12-21,3.368045528,3.204800317,3.400941912,3.17734544,863741000.0
2018-12-24,3.128619218,3.14321235,3.214938834,3.079398313,463839120.0
2018-12-26,3.189217819,3.292111771,3.293101136,3.078408948,695099360.0
2018-12-27,3.239922771,3.244374913,3.274303202,3.096217517,637043200.0
2018-12-28,3.264904236,3.305715538,3.398221158,3.223103568,628492760.0
2018-12-31,3.349000254,3.30200542,3.381401955,3.271335107,465140120.0
2019-01-02,3.231265828,3.369282235,3.425181353,3.216672696,508753600.0
2019-01-03,3.309178316,3.165720402,3.343064064,3.158379315,705551440.0
2019-01-04,3.238686065,3.368540211,3.40663076,3.208015753,585619320.0
2019-01-07,3.425676035,3.546873238,3.583727081,3.3744764,709159200.0
2019-01-08,3.628248502,3.458572419,3.630474573,3.386101438,786017160.0
2019-01-09,3.509772053,3.526591257,3.573833432,3.459314442,617259000.0
2019-01-10,3.507298641,3.592136683,3.600793626,3.446947381,523156240.0
2019-01-11,3.569875972,3.681179526,3.703934919,3.542173754,874762640.0
2019-01-14,3.628990526,3.721001464,3.746230269,3.605493109,730169960.0
2019-01-15,3.753650506,3.706903014,3.792977762,3.688599762,617010040.0
2019-01-16,3.734110549,3.681426867,3.767006932,3.675861689,470103680.0
2019-01-17,3.648530483,3.752661141,3.792483079,3.621322948,493436200.0
2019-01-18,3.802376728,3.881525922,3.907496751,3.750929752,651336920.0
2019-01-22,3.851350292,3.679695478,3.86297533,3.649537162,661551040.0
2019-01-23,3.734852573,3.692557222,3.823400733,3.661392227,591021800.0
2019-01-24,3.776900582,3.904033974,3.921595201,3.772201098,708970440.0
2019-01-25,3.844672079,3.961169798,3.979225708,3.742272809,1155221880.0
2019-01-28,3.377444495,3.413556315,3.503341181,3.240170113,2511526760.0
2019-01-29,3.367550846,3.255010586,3.415782386,3.240417454,1153933880.0
2019-01-30,3.330944344,3.398221158,3.41256695,3.251547809,974229560.0
2019-01-31,3.395005722,3.555530181,3.591147318,3.373318843,842853520.0
2019-02-01,3.574080773,3.579769621,3.630721915,3.526591257,625047000.0
2019-02-04,3.59559946,3.689836469,3.726937653,3.573586091,528600720.0
2019-02-05,3.701708848,3.708881743,3.745488245,3.66807044,542425000.0
2019-02-06,3.742025468,3.784320819,3.848629538,3.736583961,702465880.0
2019-02-07,3.73801854,3.646304412,3.74029408,3.603514379,637120000.0
2019-02-08,3.579274939,3.664855004,3.675490677,3.564929147,461605480.0
2019-02-11,3.620828265,3.622312313,3.674995995,3.574080773,495180600.0
2019-02-12,3.660650204,3.739057373,3.754639871,3.646304412,591060520.0
2019-02-13,3.76849098,3.781352724,3.854318387,3.754887212,605372080.0
2019-02-14,3.780363359,3.822164027,3.850237256,3.737325985,827262960.0
2019-02-15,4.030425342,3.891666912,4.053180736,3.868911519,1516749360.0
2019-02-19,3.881031239,3.874353026,3.954738926,3.861985965,551892640.0
2019-02-20,3.903539291,3.921595201,3.988624674,3.892408936,540989480.0
2019-02-21,3.934209604,3.852834339,3.958696386,3.838241207,448546720.0
2019-02-22,3.904528656,3.93742504,3.956222973,3.890924889,401741240.0
2019-02-25,4.020779034,3.925057978,4.088055849,3.916401035,656019240.0
2019-02-26,3.920358495,3.885730723,3.976257613,3.852339657,488462840.0
2019-02-27,3.871384931,3.843930055,3.897850443,3.787041572,500255240.0
2019-02-28,3.83774017,3.819418055,3.860023822,3.797134403,324942600.0
2019-03-01,3.869184879,3.87364161,3.915705718,3.810999786,357187120.0
2019-03-04,3.912019012,3.881812282,3.934797856,3.825360363,409990000.0
2019-03-05,3.866213726,3.875374783,3.913432785,3.811990171,362924760.0
2019-03-06,3.866461322,3.764699308,3.874879591,3.761975751,403525960.0
2019-03-07,3.741177675,3.695619985,3.750833924,3.649569579,450105320.0
2019-03-08,3.606485375,3.729788252,3.740434886,3.585192107,422414840.0
2019-03-11,3.753309886,3.989764199,4.012543044,3.706266619,859726000.0
2019-03-12,4.017494967,4.023932467,4.070232945,3.941482952,579574720.0
2019-03-13,4.061319484,4.174966112,4.204182457,4.0538916,768900720.0
2019-03-14,4.184127169,4.099201693,4.196011784,4.091526213,519385200.0
2019-03-15,4.142283422,4.204430053,4.247016589,4.138817076,661459280.0
2019-03-18,4.235874763,4.183136785,4.289603125,4.156091858,486993160.0
2019-03-19,4.277470914,4.350511775,4.394831485,4.260634377,854972400.0
2019-03-20,4.379480524,4.318076681,4.432713694,4.283413222,719148600.0
2019-03-21,4.341103122,4.554283399,4.58052859,4.336151199,824310680.0
2019-03-22,4.527047823,4.394831485,4.575569239,4.380966101,747643480.0
2019-03-25,4.354225718,4.30272572,4.418353118,4.236617551,525212040.0
2019-03-26,4.444078357,4.379232928,4.500059844,4.322951849,703507120.0
2019-03-27,4.40473533,4.370071871,4.451035808,4.300744951,474371760.0
2019-03-28,4.396069465,4.388641581,4.454254558,4.335656007,480264080.0
2019-03-29,4.455244943,4.445836289,4.470100711,4.404982926,456895160.0
2019-04-01,4.537446861,4.513182439,4.543389169,4.466002995,483824480.0
2019-04-02,4.537199265,4.531009362,4.575296883,4.494365133,440919840.0
2019-04-03,4.58052859,4.670158392,4.729086274,4.575576667,788778720.0
2019-04-04,4.654807432,4.661244931,4.703583871,4.598603108,457376760.0
2019-04-05,4.70432666,4.727848293,4.745180023,4.667930027,481745960.0
2019-04-08,4.697393968,4.748646369,4.773653579,4.673377142,424193920.0
2019-04-09,4.71522089,4.686004545,4.726362716,4.643913201,439972800.0
2019-04-10,4.685261757,4.756321849,4.782071847,4.680805026,444772280.0
2019-04-11,4.75879781,4.742456465,4.79024252,4.693184833,374601480.0
2019-04-12,4.781081463,4.704574256,4.785043001,4.695908391,471706560.0
2019-04-15,4.696898775,4.573100705,4.701850698,4.533485323,440093800.0
2019-04-16,4.612220895,4.66000695,4.678824257,4.579639719,394963640.0
2019-04-17,4.694918006,4.637228106,4.715716082,4.614944453,351002720.0
2019-04-18,4.643913201,4.612716088,4.677833873,4.58498532,380988160.0
2019-04-22,4.589194454,4.66644445,4.682043007,4.557749745,279935520.0
2019-04-23,4.679567046,4.720915601,4.752112715,4.669910796,346855240.0
2019-04-24,4.731314639,4.733295408,4.773901175,4.670653584,318204800.0
2019-04-25,4.693184833,4.627819452,4.715468486,4.548341091,499297480.0
2019-04-26,4.474309845,4.409439657,4.478707153,4.290841106,868989160.0
2019-04-29,4.417362733,4.440141578,4.467872346,4.345312257,391919320.0
2019-04-30,4.40795408,4.481490134,4.506992536,4.388889177,362921600.0
2019-05-01,4.533732919,4.468367538,4.575824263,4.468119942,354281240.0
2019-05-02,4.478023788,4.535713688,4.57730984,4.434818261,394685400.0
2019-05-03,4.544131957,4.531256958,4.554035803,4.469853115,336823480.0
2019-05-06,4.345312257,4.453016577,4.465148788,4.308172836,422177800.0
2019-05-07,4.40473533,4.286136779,4.40473533,4.238103128,555218320.0
2019-05-08,4.258653608,4.306192066,4.38616562,4.246768993,419166160.0
2019-05-09,4.237360339,4.213838706,4.247016589,4.095240155,660246560.0
2019-05-10,4.183136785,4.179918035,4.248502166,4.060576696,569498040.0
2019-05-13,4.048196889,3.923160838,4.07122333,3.907314685,656912760.0
2019-05-14,3.96277622,4.012047852,4.047206504,3.924161126,524878880.0
2019-05-15,3.956586317,3.951139202,3.987535834,3.897410839,502320040.0
2019-05-16,3.945692087,3.966242566,4.008705304,3.903353147,781088160.0
2019-05-17,3.924398819,3.875622379,4.053396407,3.836254593,1022067920.0
2019-05-20,3.777079115,3.757271424,3.832045458,3.73251181,572065360.0
2019-05-21,3.817932478,3.839225746,3.855071899,3.77930748,361849880.0
2019-05-22,3.800600749,3.76841325,3.826598343,3.75751902,325869600.0
2019-05-23,3.706266619,3.647586334,3.706266619,3.587945376,591844360.0
2019-05-24,3.666403641,3.593857972,3.701562293,3.587172876,357585280.0
2019-05-28,3.611437298,3.548795474,3.644119988,3.546814705,428354080.0
2019-05-29,3.501257015,3.474764228,3.536168071,3.440100769,559801480.0
2019-05-30,3.4779866,3.448241152,3.51367866,3.410067826,394299600.0
2019-05-31,3.39940904,3.357765412,3.431858846,3.35603026,389719680.0
2019-06-03,3.368919955,3.316121783,3.407589038,3.286872092,478643200.0
2019-06-04,3.380074498,3.544665982,3.549871435,3.357951321,641835400.0
2019-06-05,3.618285967,3.502030838,3.6237393,3.465840542,511615400.0
2019-06-06,3.506244777,3.564000523,3.588540518,3.503765989,408138480.0
2019-06-07,3.569949613,3.606635667,3.640842933,3.55086295,348857520.0
2019-06-10,3.662656262,3.679264137,3.74767867,3.662656262,402780880.0
2019-06-11,3.739002914,3.736772005,3.776680482,3.697359285,383870040.0
2019-06-12,3.693393226,3.623987178,3.699590194,3.608866575,358891920.0
2019-06-13,3.646048386,3.675050199,3.693393226,3.628448996,308081080.0
2019-06-14,3.582095671,3.585318095,3.606387788,3.54060077,394426240.0
2019-06-17,3.583582944,3.594985366,3.631934171,3.5607781,276041480.0
2019-06-18,3.656211415,3.789570177,3.844847136,3.64530475,581918000.0
2019-06-19,3.824768958,3.795519266,3.836092059,3.769586193,331643960.0
2019-06-20,3.885995006,3.819811383,3.899876216,3.805379883,350167280.0
2019-06-21,3.804938659,3.761807758,3.854018649,3.755362911,434426880.0
2019-06-24,3.783125329,3.784116844,3.813614414,3.736028369,282948720.0
2019-06-25,3.789074419,3.754867153,3.863933799,3.752140487,311866440.0
2019-06-26,3.882028947,3.947716813,4.008694983,3.869139252,584073000.0
2019-06-27,4.033234978,4.046124673,4.065211336,3.997292561,445441520.0
2019-06-28,4.08999921,4.070912547,4.099170723,4.024311343,397666360.0
2019-07-01,4.277643416,4.119001022,4.311850682,4.081571332,711533080.0
2019-07-02,4.102393147,4.021336799,4.123445488,4.008199225,400227520.0
2019-07-03,4.0446374,4.034226493,4.050338611,3.974524898,246634240.0
2019-07-05,3.975974989,3.971761051,3.980436806,3.908551972,396553880.0
2019-07-08,3.912270153,3.896901671,3.931108937,3.866908344,329786760.0
2019-07-09,3.854762285,3.899380458,3.927390756,3.84212047,342860480.0
2019-07-10,3.942759238,3.967547112,4.024779834,3.928878029,452075960.0
2019-07-11,4.040423462,4.121727688,4.162379802,4.003241651,682558560.0
2019-07-12,4.149490107,4.154695561,4.22558888,4.149490107,506392640.0
2019-07-15,4.175765254,4.146267683,4.191773263,4.118009507,289839720.0
2019-07-16,4.131394959,4.141557987,4.16857677,4.086095119,341443920.0
2019-07-17,4.143293139,4.206750096,4.213690701,4.114142599,348204280.0
2019-07-18,4.217037064,4.218400397,4.281113718,4.16064465,443178960.0
2019-07-19,4.256573723,4.175269496,4.26301857,4.169320406,344895800.0
2019-07-22,4.196587068,4.246658573,4.259548268,4.189150706,315939920.0
2019-07-23,4.285823414,4.354237946,4.356220976,4.270207053,428176560.0
2019-07-24,4.397368847,4.428601568,4.434302779,4.321517953,366237480.0
2019-07-25,4.387205819,4.297721594,4.399847635,4.274420992,392698120.0
2019-07-26,4.324740376,4.339613101,4.386214304,4.324740376,274159880.0
2019-07-29,4.332424617,4.333416132,4.349520814,4.245419179,248161960.0
2019-07-30,4.287062808,4.349032493,4.361178551,4.272685841,197770440.0
2019-07-31,4.317551893,4.182210101,4.318419468,4.140070715,359415640.0
2019-08-01,4.192621008,4.08801618,4.282848869,4.035971559,421212560.0
2019-08-02,3.99555741,3.99555741,4.064715578,3.94821257,428349280.0
2019-08-05,3.812375021,3.73776352,3.813614414,3.690914438,589157440.0
2019-08-06,3.812375021,3.776432603,3.85773683,3.728839885,361270680.0
2019-08-07,3.715702312,3.814605929,3.826504109,3.6983508,372561800.0
2019-08-08,3.872113797,3.922928939,3.924168332,3.814853808,309298880.0
2019-08-09,3.882028947,3.821794413,3.885499249,3.771475029,341816720.0
2019-08-12,3.769739877,3.754123517,3.821794413,3.732310188,279200480.0
2019-08-13,3.752636244,3.868147737,3.914005304,3.713721761,360512440.0
2019-08-14,3.780237542,3.719916251,3.791305328,3.676316859,419881320.0
2019-08-15,3.738755035,3.687692014,3.758585334,3.6535839,554462040.0
2019-08-16,3.949947721,3.955153175,4.004233165,3.888721673,1015385120.0
2019-08-19,4.06818588,4.233273121,4.249137361,4.052073762,816322440.0
2019-08-20,4.227819789,4.161140408,4.228315546,4.140070715,463521600.0
2019-08-21,4.227076153,4.244427665,4.299456745,4.205510702,427910920.0
2019-08-22,4.254094935,4.250624633,4.2964822,4.211571338,303756720.0
2019-08-23,4.174277981,4.026542252,4.228563425,4.006711953,569497320.0
2019-08-26,4.105119813,4.101153753,4.12916405,4.062980427,318594160.0
2019-08-27,4.139327079,4.010678013,4.142053745,3.981428321,291549560.0
2019-08-28,3.984376797,4.00025674,4.052859049,3.94517319,255828120.0
2019-08-29,4.091566409,4.14367247,4.175928603,4.088092671,358373040.0
2019-08-30,4.189823552,4.156326799,4.239448372,4.138213739,290908480.0
2019-09-03,4.083626437,4.073453349,4.116626943,4.050675557,296510800.0
2019-09-04,4.13399563,4.187342311,4.194786034,4.13399563,228120360.0
2019-09-05,4.289197254,4.459782573,4.465985675,4.287584448,696485000.0
2019-09-06,4.436458908,4.432737046,4.493279326,4.394774059,376976760.0
2019-09-09,4.463752559,4.478640005,4.564987191,4.462263814,417525320.0
2019-09-10,4.445887623,4.545137263,4.571686542,4.436210783,352812200.0
2019-09-11,4.559776585,4.573671535,4.62180761,4.530760953,361511280.0
2019-09-12,4.620070742,4.57218279,4.674658044,4.564242819,327841000.0
2019-09-13,4.505685531,4.514369875,4.542656022,4.470700033,324591480.0
2019-09-16,4.439436397,4.471444406,4.505933656,4.429015185,231831840.0
2019-09-17,4.478143756,4.492783078,4.496892013,4.43174455,228473120.0
2019-09-18,4.485835603,4.465737551,4.501467422,4.379390365,264037680.0
2019-09-19,4.47169253,4.390307825,4.490053713,4.37964097,256342760.0
2019-09-20,4.389315329,4.284855082,4.412887118,4.274681994,357251800.0
2019-09-23,4.285103206,4.338201764,4.383608474,4.281381345,255825880.0
2019-09-24,4.369465401,4.280885097,4.398992168,4.245403351,321241800.0
2019-09-25,4.280388849,4.422315834,4.441917638,4.235726511,313106880.0
2019-09-26,4.412638994,4.400232789,4.421323337,4.349367348,237825920.0
2019-09-27,4.35854794,4.261779541,4.409165257,4.201237261,365958960.0
2019-09-30,4.287584448,4.319096208,4.329269296,4.256323292,193199080.0
2019-10-01,4.34217175,4.31735934,4.49104621,4.312644982,367566000.0
2019-10-02,4.295524419,4.293539426,4.307434376,4.221335313,295661760.0
2019-10-03,4.29800566,4.498738057,4.504941159,4.26773452,462730600.0
2019-10-04,4.500971174,4.515114247,4.544392891,4.435962659,267960200.0
2019-10-07,4.579874637,4.573671535,4.673169299,4.571190294,488313560.0
2019-10-08,4.482113742,4.397503424,4.482113742,4.379390365,449342640.0
2019-10-09,4.474173771,4.483850611,4.533227307,4.445393856,307883280.0
2019-10-10,4.481617494,4.541415402,4.592280842,4.476406888,327515560.0
2019-10-11,4.625281348,4.614860135,4.697981709,4.606423916,450866720.0
2019-10-14,4.606175792,4.628258837,4.649101261,4.575036217,210335760.0
2019-10-15,4.718327885,4.872412951,4.944865188,4.704432936,667985320.0
2019-10-16,4.83841995,4.818818146,4.94312832,4.807404437,432753120.0
2019-10-17,4.86323236,4.820803138,4.908249515,4.766463961,264316960.0
2019-10-18,4.821299387,4.72651598,4.853803644,4.652326875,307624200.0
2019-10-21,4.787802633,4.863480484,4.876879185,4.768945202,266967240.0
2019-10-22,4.920300903,4.85355552,5.025257397,4.845863673,337369120.0
2019-10-23,4.771674567,4.840653066,4.85479614,4.739914682,285770000.0
2019-10-24,4.881841667,4.884571032,4.918067786,4.847848665,239037320.0
2019-10-25,4.964963241,5.075130341,5.09598269,4.957271393,423091520.0
2019-10-28,5.118800183,5.130958263,5.183312449,5.089442139,330791640.0
2019-10-29,5.117063314,5.034934237,5.12351454,5.015580557,211236800.0
2019-10-30,5.06173164,5.03691923,5.067438494,4.968933226,205961520.0
2019-10-31,5.016076805,4.987790658,5.03691923,4.908142822,209732600.0
2019-11-01,4.952557036,5.026746141,5.059002274,4.927558532,283638240.0
2019-11-04,5.107634598,5.223012305,5.23541851,5.0845665,376716200.0
2019-11-05,5.22276418,5.20092926,5.248817211,5.153041308,300868480.0
2019-11-06,5.176861222,5.151800688,5.202418004,5.064461005,269013400.0
2019-11-07,5.238048625,5.169417499,5.252787197,5.124755161,280339920.0
2019-11-08,5.15254506,5.155522549,5.18703431,5.115078321,189407480.0
2019-11-11,5.154778177,5.165447513,5.188523055,5.068681596,243789440.0
2019-11-12,5.203658625,5.20092926,5.256757182,5.168673127,283838840.0
2019-11-13,5.169665623,5.175124353,5.197207398,5.108875219,302364960.0
2019-11-14,5.184056821,5.205395493,5.20762861,5.124159663,527006840.0
2019-11-15,5.203162377,5.066445997,5.254769708,4.978304873,1054216360.0
2019-11-18,5.059002274,5.267178394,5.293727673,5.056024785,575318520.0
2019-11-19,5.236212507,5.160733155,5.259734671,5.102672116,415380240.0
2019-11-20,5.137905738,5.239884743,5.323502565,5.125358102,473017520.0
2019-11-21,5.23541851,5.215072333,5.290998308,5.193485537,288389200.0
2019-11-22,5.237651626,5.232689144,5.284132714,5.209117355,224098800.0
2019-11-25,5.360473056,5.488753216,5.493715698,5.347570603,507347440.0
2019-11-26,5.471136405,5.38429297,5.475843319,5.377841743,385680920.0
2019-11-27,5.429733323,5.419056114,5.463999715,5.392735552,216428720.0
2019-11-29,5.388266023,5.381810036,5.416573042,5.357972545,141556960.0
2019-12-02,5.374857434,5.19582795,5.388266023,5.180681212,373869680.0
2019-12-03,5.012577244,5.156347107,5.160320022,4.975331166,474146120.0
2019-12-04,5.239778323,5.200049172,5.26212597,5.171493846,273618360.0
2019-12-05,5.221900205,5.183164284,5.237543558,5.152580287,185137760.0
2019-12-06,5.252193682,5.26833365,5.301110199,5.242261395,232418280.0
2019-12-09,5.245489388,5.26833365,5.322961232,5.236798637,215132800.0
2019-12-10,5.29837882,5.313277251,5.364925147,5.245737695,256689120.0
2019-12-11,5.323706153,5.396708467,5.402171225,5.321223081,234009880.0
2019-12-12,5.367904833,5.563819206,5.581945631,5.358965774,406083360.0
2019-12-13,5.566798892,5.561832748,5.685738036,5.507950088,454967320.0
2019-12-16,5.609259422,5.590636382,5.662998064,5.581200709,321307360.0
2019-12-17,5.609259422,5.66860484,5.691200794,5.599823748,323263920.0
2019-12-18,5.703367847,5.698898317,5.759236964,5.694925402,344278760.0
2019-12-19,5.733413017,5.846641095,5.860049684,5.728446873,453106960.0
2019-12-20,5.912939115,5.943729207,5.96905654,5.893695308,603384280.0
2019-12-23,5.972284533,5.930072311,6.004316161,5.919395102,355392600.0
2019-12-24,5.914677265,5.925106167,5.942239363,5.880410873,138863880.0
2019-12-26,5.928582468,5.939259677,5.96731839,5.909711122,183218040.0
2019-12-27,5.954406416,5.881652409,5.967815004,5.855331847,254810040.0
2019-12-30,5.859801376,5.768672638,5.865015827,5.737385932,258247120.0
2019-12-31,5.733413017,5.84266818,5.8519797,5.714293363,231211320.0
2020-01-02,5.928334161,5.957137795,5.957137795,5.877927801,237678760.0
2020-01-03,5.837702036,5.861787834,5.905489899,5.812871317,205772320.0
2020-01-06,5.768672638,5.886370246,5.891584697,5.742600383,262912480.0
2020-01-07,5.914677265,5.957634409,6.003322932,5.869733664,319205760.0
2020-01-08,5.953413187,5.968808233,6.010027226,5.913410899,277240680.0
2020-01-09,6.054970828,6.034361331,6.106611274,5.980602824,255442120.0
2020-01-10,6.14138173,6.066641266,6.171675207,6.052487756,316462400.0
2020-01-13,6.149575867,6.256844573,6.28188387,6.126979913,320338040.0
2020-01-14,6.214135736,6.140140194,6.23946307,6.126979913,359579320.0
2020-01-15,6.152803861,6.097679664,6.17512916,6.071855717,263105440.0
2020-01-16,6.15106571,6.18111088,6.187070253,6.127600681,284191640.0
2020-01-17,6.200230534,6.189801632,6.20767975,6.142374959,253790560.0
2020-01-21,6.153176321,6.156528468,6.190049939,6.122517833,217917000.0
2020-01-22,6.201720377,6.208921285,6.296822031,6.182849031,239238680.0
2020-01-23,6.250388586,6.278695606,6.28713805,6.161742919,244514440.0
2020-01-24,6.393910142,6.219598495,6.44357158,6.165467527,373513560.0
2020-01-27,5.915670494,5.964338703,6.015241677,5.766437873,470534160.0
2020-01-28,6.030140109,6.15727339,6.189553325,5.977109142,310976040.0
2020-01-29,6.142871573,6.096934743,6.178876115,6.057205592,259451160.0
2020-01-30,5.999350017,6.103639037,6.117047625,5.944474128,290503600.0
2020-01-31,6.057950514,5.870726893,6.069869259,5.829011285,370419720.0
2020-02-03,5.852600468,5.967566697,5.986961971,5.846392788,255928200.0
2020-02-04,6.109101795,6.136415586,6.15553524,6.05919205,271543560.0
2020-02-05,6.25709288,6.226551096,6.267273475,6.143368187,208220080.0
2020-02-06,6.260817488,6.313086152,6.313210305,6.179869344,218282040.0
2020-02-07,6.273232848,6.247160593,6.295332188,6.221882921,189752120.0
2020-02-10,6.269756547,6.529734175,6.530479097,6.264790403,529607760.0
2020-02-11,6.637747803,6.651901312,6.766370927,6.575919312,638556880.0
2020-02-12,6.704542437,6.767364156,6.773820143,6.665741955,374644720.0
2020-02-13,6.70950858,6.72366209,6.790705032,6.68219479,528015360.0
2020-02-14,7.132872339,7.195694059,7.324317183,7.101585634,1041923720.0
2020-02-18,7.092733482,7.364046333,7.382421065,7.073278614,621881000.0
2020-02-19,7.486213471,7.814227269,7.831857079,7.486104216,694331240.0
2020-02-20,7.766179828,7.665242955,7.854453034,7.358583575,810050360.0
2020-02-21,7.553256412,7.301969536,7.578335438,7.217296784,769293240.0
2020-02-24,6.709011966,6.785738888,6.999091875,6.654632692,856914920.0
2020-02-25,6.860814567,6.506889913,6.92255615,6.405332273,1055497680.0
2020-02-26,6.507138221,6.64594194,6.839621548,6.505648378,749661440.0
2020-02-27,6.333136047,6.275991234,6.633767457,6.183814166,906414920.0
2020-02-28,6.023932916,6.710043359,6.769424274,6.007410612,1134675280.0
2020-03-02,6.879738609,6.868061191,6.896882053,6.484694031,890745560.0
2020-03-03,6.923628311,6.606188873,6.98334464,6.520971049,652793120.0
2020-03-04,6.713273284,7.068813405,7.078254722,6.638736571,597407360.0
2020-03-05,6.869800381,6.790046098,7.036265707,6.745572526,540327480.0
2020-03-06,6.610909531,6.609915708,6.6683028,6.410157318,515412280.0
2020-03-09,5.960452482,6.098096946,6.444941117,5.9177181,614158400.0
2020-03-10,6.373882784,6.486681676,6.486681676,6.11176201,580648720.0
2020-03-11,6.346925339,6.123687884,6.375373518,6.026790157,502067720.0
2020-03-12,5.601682437,5.374345463,5.866511378,5.361674221,816541400.0
2020-03-13,5.726904115,5.983807319,5.988279522,5.456335847,634837720.0
2020-03-16,5.277447736,4.879670144,5.617583603,4.820040774,726972120.0
2020-03-17,4.991723669,5.398197211,5.487392811,4.745504061,833631960.0
2020-03-18,4.971474529,5.03917871,5.216079175,4.48911516,874266280.0
2020-03-19,5.017811519,5.291361255,5.384780602,4.804884975,765513880.0
2020-03-20,5.441180049,5.111976233,5.722431912,5.096571979,804634160.0
2020-03-23,5.11098241,5.284404495,5.37856921,4.932342754,643874640.0
2020-03-24,5.689635759,6.191019381,6.277481968,5.666032466,1101643800.0
2020-03-25,6.305805919,6.102569149,6.505067399,6.053871829,793430680.0
2020-03-26,6.309284299,6.391274684,6.515005627,6.21139275,697587680.0
2020-03-27,6.21139275,6.279221158,6.537309496,6.178596596,638829760.0
2020-03-30,6.34456501,6.598735201,6.607928063,6.300588349,602250120.0
2020-03-31,6.638736571,6.549292515,6.842467768,6.403945925,949960560.0
2020-04-01,6.351770226,6.039212942,6.497862183,5.99473937,656913120.0
2020-04-02,6.068282261,6.347298023,6.360466176,6.020330309,675764520.0
2020-04-03,6.309781211,6.060083222,6.351273314,5.92293567,663213840.0
2020-04-06,6.341583542,6.668551256,6.705322701,6.284190273,727882480.0
2020-04-07,6.889676838,6.435748256,6.91328013,6.392765418,784521880.0
2020-04-08,6.544571857,6.632525178,6.657370749,6.474755802,542444520.0
2020-04-09,6.757995312,6.533142894,6.780853237,6.470283599,526247800.0
2020-04-13,6.473513524,6.704577334,6.713273284,6.385311747,398407280.0
2020-04-14,6.832532025,7.054899885,7.088938317,6.804936049,530946680.0
2020-04-15,6.887192281,6.977630159,7.060293858,6.841973341,366148840.0
2020-04-16,7.132666522,7.321989773,7.428825729,7.11949837,745620400.0
2020-04-17,7.403980158,7.262857314,7.425347349,7.129188142,539121960.0
2020-04-20,7.136641814,7.131921155,7.292175088,7.087696039,449388200.0
2020-04-21,7.014153149,6.69612984,7.075273253,6.636500469,735159840.0
2020-04-22,6.887937648,7.109560141,7.152294523,6.842470253,484729120.0
2020-04-23,7.151549156,7.056390619,7.283168569,7.031296593,424159520.0
2020-04-24,7.046203935,7.195028905,7.197016551,6.971667222,352645480.0
2020-04-27,7.329194989,7.381122232,7.540630798,7.304597874,479387960.0
2020-04-28,7.528208013,7.239005566,7.558022698,7.23353954,442904120.0
2020-04-29,7.373420105,7.41540912,7.468081731,7.298386481,379161880.0
2020-04-30,7.36155883,7.261863491,7.41540912,7.247949972,375917720.0
2020-05-01,7.064838113,7.025830567,7.177885461,6.977709665,342097800.0
2020-05-04,6.978623982,7.237142148,7.25093144,6.978623982,317555200.0
2020-05-05,7.341120863,7.298138025,7.460379604,7.237266376,368895640.0
2020-05-06,7.377395397,7.398762588,7.503362442,7.339630129,323465560.0
2020-05-07,7.537649329,7.57466923,7.637776981,7.48654199,373730520.0
2020-05-08,7.646224475,7.764240937,7.77045233,7.612434498,339907120.0
2020-05-11,7.759271823,8.015678116,8.062387789,7.730699416,469060160.0
2020-05-12,8.07331984,7.754302709,8.122017159,7.744612936,493059280.0
2020-05-13,7.868592335,7.731941695,8.028597812,7.547836014,625850080.0
2020-05-14,7.793186027,7.980894316,7.986360342,7.640013082,602312360.0
2020-05-15,7.841013751,8.438301278,8.447991051,7.825361042,987661720.0
2020-05-18,8.706384989,8.696198305,8.861421352,8.626881647,776403440.0
2020-05-19,8.735951219,8.751107017,9.031365058,8.708621091,717321960.0
2020-05-20,8.935461154,8.914590874,8.987139942,8.833842769,587536200.0
2020-05-21,8.995587436,8.721043876,8.996486845,8.683527064,761069640.0
2020-05-22,8.770735018,8.970493409,9.036831084,8.65942686,1038765000.0
2020-05-26,9.10018729,8.663899063,9.125032861,8.618431668,770779040.0
2020-05-27,8.571721995,8.472588166,8.579424122,7.947352795,1175892240.0
2020-05-28,8.360286185,8.434574443,8.706384989,8.327490032,736128160.0
2020-05-29,8.501657484,8.820674616,8.820674616,8.432586797,745919760.0
2020-06-01,8.778685601,8.751852384,8.786139272,8.635823568,390511000.0
2020-06-02,8.741914156,8.770735018,8.782660892,8.604518148,391320560.0
2020-06-03,8.76775355,8.715329395,8.811481755,8.646258708,365438880.0
2020-06-04,8.67804407,8.716323709,8.892062056,8.627833113,424278400.0
2020-06-05,8.744163448,8.868945131,8.94550441,8.658138657,481746040.0
2020-06-08,8.826439816,8.754603349,8.838743986,8.636035893,387737240.0
2020-06-09,8.749631968,8.994223952,9.057606584,8.701160995,468488840.0
2020-06-10,9.115277099,9.313138095,9.44562542,9.101108661,632181480.0
2020-06-11,9.097628694,8.745903431,9.208241939,8.735712098,583650240.0
2020-06-12,9.110057148,8.881373585,9.134665488,8.653530186,570908160.0
2020-06-15,8.764794682,9.121242757,9.129694106,8.693703922,400002160.0
2020-06-16,9.172199421,9.01659517,9.213710459,8.788162662,535715000.0
2020-06-17,9.061586175,9.18313646,9.245775871,9.018335154,408305640.0
2020-06-18,9.174187973,9.165239486,9.229370311,9.062331883,254409520.0
2020-06-19,9.189599257,9.208241939,9.39094022,9.174523541,524160520.0
2020-06-22,9.246770148,9.472222312,9.476696556,9.220222969,398466480.0
2020-06-23,9.496333514,9.395911602,9.587309801,9.353654856,375107400.0
2020-06-24,9.422011356,9.182639322,9.501682721,9.092165145,449370880.0
2020-06-25,9.302201055,9.435682656,9.450596801,9.129694106,376072000.0
2020-06-26,9.44562542,9.102600075,9.44562542,9.072771785,592085760.0
2020-06-29,9.117265652,9.147342512,9.151816755,8.849059604,342248120.0
2020-06-30,9.260682559,9.443388298,9.471725174,9.213464375,367892000.0
2020-07-01,9.466256654,9.47545371,9.520864797,9.359123376,326646800.0
2020-07-02,9.583829834,9.557232941,9.681766055,9.523427545,364054080.0
2020-07-06,9.68599173,9.782933675,9.852035882,9.656909146,315893720.0
2020-07-07,9.889321245,9.815247656,10.012362945,9.794367853,357799720.0
2020-07-08,9.936549372,10.157527293,10.166475781,9.908461065,365480520.0
2020-07-09,10.320837185,10.448850267,10.509501125,10.17492713,494547200.0
2020-07-10,10.528143806,10.419270545,10.594263184,10.319345771,497674760.0
2020-07-13,10.534358034,9.994714539,10.73047656,9.967620509,457074960.0
2020-07-14,10.017334327,10.317605787,10.343208403,9.72949132,542674200.0
2020-07-15,10.354642582,10.168712902,10.373285263,9.998194507,403984920.0
2020-07-16,9.957677745,10.076742339,10.148327751,9.83886172,344964720.0
2020-07-17,10.166972919,10.143110286,10.189841275,10.030013836,266284640.0
2020-07-20,10.215443891,10.45059025,10.470972916,10.098616419,284850840.0
2020-07-21,10.452827372,10.269383384,10.499486276,10.227872346,277666840.0
2020-07-22,10.308160162,10.379002352,10.541815106,10.232652329,367290840.0
2020-07-23,10.390187962,10.071770957,10.486632768,9.973834736,411661280.0
2020-07-24,9.818479055,10.136150352,10.305425902,9.721039971,473292000.0
2020-07-27,10.173684284,10.361851085,10.381985182,10.159267277,292130200.0
2020-07-28,10.314871527,10.157030155,10.322577169,10.150815928,271636040.0
2020-07-29,10.331326801,10.405599245,10.45605877,10.287777496,284507680.0
2020-07-30,10.315617235,10.553249285,10.562242514,10.236323695,308880160.0
2020-07-31,10.502789759,10.553994992,10.704876429,10.373285263,386286000.0
2020-08-03,10.671071033,10.947231292,11.03522475,10.653919766,413018240.0
2020-08-04,10.986753778,11.1634864,11.1634864,10.843580467,310335600.0
2020-08-05,11.179643391,11.222148706,11.306592597,11.102338404,250499720.0
2020-08-06,11.284788116,11.270619678,11.292990896,11.114766859,244315680.0
2020-08-07,11.247751322,11.135398093,11.438900952,10.974325323,342515960.0
2020-08-10,11.269376833,11.101095559,11.342953283,10.794361302,427795920.0
2020-08-11,11.010367841,10.787898506,11.073007252,10.733959013,354510520.0
2020-08-12,10.927842903,11.374770127,11.40136702,10.895528921,464942920.0
2020-08-13,11.479914852,11.377504387,11.654658922,11.290753775,374459560.0
2020-08-14,11.46400643,11.497811827,11.637756224,11.375018696,366436160.0
2020-08-17,11.783417711,12.266387453,12.338721058,11.749552658,621300920.0
2020-08-18,12.378740682,12.19057388,12.424477394,12.017072656,503446200.0
2020-08-19,12.22611926,12.069023595,12.244513373,12.028755403,622622320.0
2020-08-20,11.906459411,12.071509286,12.304169955,11.810760311,921386240.0
2020-08-21,12.131911575,12.610904212,12.735387612,12.125359294,999869520.0
2020-08-24,12.810008053,12.647443868,12.838593498,12.435911572,490564200.0
2020-08-25,12.558456134,12.67702359,12.688209199,12.501782381,289076800.0
2020-08-26,12.725976786,12.699891946,12.794835395,12.605187122,321242920.0
2020-08-27,12.708343295,12.555970443,12.776451226,12.494506764,317602920.0
2020-08-28,12.602365863,13.072497012,13.072745581,12.570138881,537158520.0
2020-08-31,13.107331484,13.297949176,13.497301587,12.963126612,500841200.0
2020-09-01,13.406855363,13.746005042,13.917817673,13.363591401,512473960.0
2020-09-02,14.623965099,14.268653595,14.646837811,13.824576376,874012880.0
2020-09-03,13.753598613,12.944875814,13.809160481,12.808867841,945126040.0
2020-09-04,12.714383327,12.554008295,13.103510342,11.641238153,1463682840.0
2020-09-08,11.670826725,11.848358155,12.481901692,11.640740866,795729480.0
2020-09-09,12.332715616,12.646006375,12.73974496,12.165378567,736198280.0
2020-09-10,12.918768251,12.244944474,12.994355863,12.100979911,698684440.0
2020-09-11,12.417751679,12.098493476,12.58384551,11.831201757,636926880.0
2020-09-14,13.010020401,12.802403111,13.242750679,12.562603899,1201744960.0
2020-09-15,13.207940595,12.920508755,13.226588854,12.758144576,727556560.0
2020-09-16,12.886941888,12.44659432,13.021706643,12.44584839,557599400.0
2020-09-17,12.066403551,12.395871054,12.521436002,11.96944752,792511760.0
2020-09-18,12.525414297,12.123109179,12.563954033,11.923697124,698461920.0
2020-09-21,11.860293042,12.449329398,12.454550911,11.839904278,721042440.0
2020-09-22,12.506766038,12.569175546,12.579367441,12.08959204,646452080.0
2020-09-23,12.507263324,12.057964592,12.657941261,12.013706056,647012320.0
2020-09-24,12.006744039,12.280997776,12.501295881,11.948810113,731240320.0
2020-09-25,12.379957873,12.803894972,12.813592067,12.179302601,588016280.0
2020-09-28,12.969491517,12.964270004,12.980929116,12.68081646,573809120.0
2020-09-29,12.867299055,13.153984964,13.369807487,12.863072116,623004960.0
2020-09-30,13.086105299,13.457081342,13.548582135,13.078894639,689184120.0
2020-10-01,13.68334689,13.540625544,13.688058684,13.387712303,525002360.0
2020-10-02,13.153239034,12.991372141,13.446141029,12.980183185,552495880.0
2020-10-05,13.164179346,13.568473612,13.570214116,13.151016161,479818280.0
2020-10-06,13.754956207,13.661963553,14.065263245,13.590851523,784419840.0
2020-10-07,13.923785116,13.888229101,14.04263669,13.78827443,418085160.0
2020-10-08,13.998626798,13.763658728,14.008075249,13.68334689,378900880.0
2020-10-09,13.692298055,13.688071116,13.749237407,13.586624584,346890920.0
2020-10-12,13.913590734,14.148807447,14.269150882,13.837008549,434743800.0
2020-10-13,14.218924903,14.170936715,14.270640256,13.942557697,344603120.0
2020-10-14,14.21295746,14.018766918,14.264923943,13.884250806,276647120.0
2020-10-15,13.73574104,13.894196544,13.929752559,13.693043985,267225120.0
2020-10-16,13.960584348,13.736556591,14.044874481,13.717659688,242639600.0
2020-10-19,13.827435775,13.424509048,13.907620805,13.334002829,298068560.0
2020-10-20,13.509793755,13.571457333,13.724870348,13.433711343,229212040.0
2020-10-21,13.55106857,13.451362542,13.716665114,13.404371415,219597320.0
2020-10-22,13.449124751,13.288501076,13.537890466,13.159952407,290479440.0
2020-10-23,13.377018148,13.516507129,13.51949085,13.21912955,233484280.0
2020-10-26,13.354142949,13.069943474,13.618493217,12.967751012,336894320.0
2020-10-27,13.233799515,13.324057091,13.369061557,13.11992081,250519680.0
2020-10-28,13.12638554,12.558483877,13.188049118,12.540581548,376518080.0
2020-10-29,12.768836244,12.953329692,13.121164027,12.68081646,320081840.0
2020-10-30,12.780273844,12.46598851,12.866180159,12.233258232,417396000.0
2020-11-02,12.589067023,12.512484837,12.767003742,12.327742746,299652640.0
2020-11-03,12.639541645,12.948854109,13.033890173,12.534365462,272901080.0
2020-11-04,13.316597787,13.719400192,13.752469772,13.264506982,410229280.0
2020-11-05,14.085652009,14.083165574,14.261194291,13.915082595,319028320.0
2020-11-06,14.033188238,14.482984258,14.509589108,13.819603506,383349280.0
2020-11-09,14.473535806,13.556787369,14.61178157,13.536895892,582977880.0
2020-11-10,13.532668953,12.700707936,13.532668953,12.559727094,644067200.0
2020-11-11,12.982918263,13.345191785,13.361975218,12.877990723,404743440.0
2020-11-12,13.405783709,13.383731521,13.691303481,13.243745253,366635000.0
2020-11-13,13.553333711,13.22484835,13.594578689,12.98838842,346762320.0
2020-11-16,13.101023907,13.441914091,13.575435629,13.084615925,413774800.0
2020-11-17,13.478961966,13.349418723,13.522474572,13.231683559,312027960.0
2020-11-18,13.392185399,13.355883453,13.531923023,13.11345608,510925320.0
2020-11-19,13.141055504,13.367321053,13.414314667,13.028917304,565934200.0
2020-11-20,13.380996443,13.016733774,13.421274197,12.994107219,341089800.0
2020-11-23,13.099661341,13.068700257,13.309884413,12.944875814,361354200.0
2020-11-24,13.071186692,12.887439175,13.090580882,12.815083928,346499960.0
2020-11-25,12.961783569,13.162936128,13.197388166,12.949351396,259916400.0
2020-11-27,13.30242511,13.189292335,13.334748759,13.099079515,167275200.0
2020-11-30,13.193021987,13.328781316,13.339721629,12.901962439,286952000.0
2020-12-01,13.419038892,13.317343717,13.455340837,13.156471398,297571280.0
2020-12-02,13.27805805,13.471005375,13.599248213,13.162438842,283361200.0
2020-12-03,13.517764058,13.327246905,13.589891962,13.260590773,199520640.0
2020-12-04,13.379477456,13.48866418,13.490402711,13.319974422,202243400.0
2020-12-07,13.531443488,13.53691526,13.660776281,13.43071314,223243240.0
2020-12-08,13.515276889,13.281482994,13.528956319,13.21333456,271920880.0
2020-12-09,13.232237045,12.864384735,13.345154522,12.802193072,401301200.0
2020-12-10,12.802951659,12.905671742,13.001673983,12.783427381,207764720.0
2020-12-11,12.900697404,12.946461316,12.953176672,12.757187747,209265640.0
2020-12-14,13.020703313,13.240444703,13.320034115,13.010381562,270157880.0
2020-12-15,13.370772364,13.291929104,13.394897904,13.119070851,193485920.0
2020-12-16,13.35360841,13.174534722,13.368285195,13.144688693,223114680.0
2020-12-17,13.298147026,13.272777902,13.310831589,13.110863193,231383880.0
2020-12-18,13.310334155,13.203883318,13.336200714,13.003417488,342064640.0
2020-12-21,13.007645676,13.263824093,13.301380346,12.900946121,302332160.0
2020-12-22,13.250890814,13.21010124,13.268795944,12.986882788,186314880.0
2020-12-23,13.187965435,12.942481845,13.206867921,12.938253658,179142760.0
2020-12-24,12.970338139,12.927061397,13.065099282,12.872343677,97883520.0
2020-12-28,12.995458547,12.833792556,12.995458547,12.697669791,212565640.0
2020-12-29,12.858664247,12.876820581,13.005407223,12.776338949,170372160.0
2020-12-30,12.923639052,13.078281278,13.145932278,12.830559236,225397160.0
2020-12-31,13.069078752,12.98799704,13.083628692,12.84871557,192424400.0
2021-01-04,13.036994271,13.046196797,13.582427967,12.895971783,560641800.0
2021-01-05,13.032517367,13.335951997,13.374503118,13.019832804,322759920.0
2021-01-06,13.154637369,12.549757844,13.177021891,12.521404117,580423000.0
2021-01-07,12.900946121,13.275513788,13.309090571,12.82036433,461481480.0
2021-01-08,13.293918839,13.208608939,13.352116109,12.97506376,292528600.0
2021-01-11,13.349880144,13.551589558,13.889347122,13.293918839,519028800.0
2021-01-12,13.681917219,13.415541408,13.683906954,13.276508655,291477720.0
2021-01-13,13.420729643,13.462300187,13.555069107,13.316305848,210028440.0
2021-01-14,13.505328213,13.132501564,13.529951187,13.112852929,283120280.0
2021-01-15,13.160109141,12.793500416,13.256860019,12.782556872,277781280.0
2021-01-19,12.949445919,12.958399727,13.026779467,12.778079968,226186880.0
2021-01-20,13.044455778,13.297152159,13.361569839,12.989738058,258570880.0
2021-01-21,13.349735888,13.796326997,13.927507757,13.18498332,338339600.0
2021-01-22,13.669568424,13.642122513,13.770691745,13.557310047,246818560.0
2021-01-25,13.711017097,13.583176605,13.757527159,13.168545619,251111160.0
2021-01-26,13.510740292,13.36629546,13.57472023,13.31879053,163980400.0
2021-01-27,13.162098877,12.851451456,13.164834763,12.728087869,371272840.0
2021-01-28,12.929548566,12.984017569,13.2712856,12.893982048,228315960.0
2021-01-29,13.007894393,12.923081926,13.266311262,12.845238508,271552040.0
2021-02-01,12.986343072,13.16906295,13.202639733,12.836528442,217204320.0
2021-02-02,13.329982791,13.487171878,13.50234361,13.217311544,220438280.0
2021-02-03,13.566015139,13.461056603,13.860247243,13.447128456,245409280.0
2021-02-04,13.461554036,13.594120149,13.603322675,13.269407788,201338480.0
2021-02-05,13.654558359,13.521246095,13.666745487,13.476228334,169153640.0
2021-02-08,13.65676199,14.364645137,14.399465504,13.65676199,434622840.0
2021-02-09,14.267023749,14.190045866,14.508403511,14.149505009,287560120.0
2021-02-10,14.389019394,14.688474553,14.828502174,14.2677699,485352320.0
2021-02-11,14.903365964,15.17247766,15.193867314,14.848399527,450827720.0
2021-02-12,14.972757982,14.884463478,15.212657877,14.699169381,374757480.0
2021-02-16,14.986934845,15.251569638,15.293602795,14.873271218,321959520.0
2021-02-17,15.093136966,14.829497041,15.145384927,14.704143719,275698680.0
2021-02-18,14.653405469,14.752892233,14.796915126,14.500195853,234080800.0
2021-02-19,14.947388857,14.849891828,15.099103685,14.77050139,271724120.0
2021-02-22,14.698920664,14.282071122,15.055580713,14.251478943,325885560.0
2021-02-23,14.003010749,14.069418164,14.165671609,13.320780265,391779320.0
2021-02-24,14.050266962,14.424585912,14.432296136,13.685399255,448319080.0
2021-02-25,13.973331361,13.239201119,14.300973608,13.148419447,824436040.0
2021-02-26,13.681917219,13.644112248,13.783393718,13.292426538,500930400.0
2021-03-01,13.803788505,13.770709155,13.853531887,13.483687354,353183000.0
2021-03-02,13.828660196,13.337444298,13.849054982,13.327246905,264114120.0
2021-03-03,13.357341651,12.739031413,13.382462059,12.733062207,377590280.0
2021-03-04,12.735051942,12.306761423,12.908407629,12.021731844,573345160.0
2021-03-05,12.485588882,12.397543095,12.485588882,11.619307884,542838840.0
2021-03-08,12.386102118,11.533749267,12.407243055,11.507136558,543111680.0
2021-03-09,12.072158232,12.460290522,12.556328384,12.001498251,521825520.0
2021-03-10,12.779006845,12.40853955,12.91783878,12.397841032,384376560.0
2021-03-11,12.88798245,12.931274128,12.983771508,12.673514479,299914280.0
2021-03-12,12.58767753,12.794432616,12.827025776,12.52970649,243963960.0
2021-03-15,12.803140712,13.128077103,13.143502874,12.705983238,222520440.0
2021-03-16,13.292535721,13.227598203,13.447788637,13.053933884,272129600.0
2021-03-17,12.977302637,13.277358753,13.388822385,12.927293284,243864200.0
2021-03-18,13.073589301,12.661571947,13.120861824,12.656140583,294188080.0
2021-03-19,12.68894025,12.784231703,12.859618936,12.552098737,299206960.0
2021-03-22,12.85091084,13.123101048,13.330353739,12.844939574,297803080.0
2021-03-23,13.190775396,13.008154178,13.280593189,12.958891233,222046080.0
2021-03-24,13.088268663,12.582452673,13.09610595,12.576232604,245838520.0
2021-03-25,12.439639894,12.475218687,12.653859062,12.213229392,295144560.0
2021-03-26,12.494376499,12.777762831,12.794681418,12.314243308,363968960.0
2021-03-29,12.758853822,12.88624083,12.999943687,12.6391797,273519880.0
2021-03-30,12.780449901,12.810107189,12.913111527,12.644155755,200202480.0
2021-03-31,12.95316877,13.28432523,13.405989775,12.920326807,314777520.0
2021-04-01,13.507252494,13.745605529,13.803576569,13.446544623,308274600.0
2021-04-05,13.801088542,13.920513862,13.946849633,13.667232663,255671400.0
2021-04-06,13.932633044,13.795117276,13.986819795,13.707660621,191745960.0
2021-04-07,13.814275088,14.075766778,14.17528539,13.645835626,251284360.0
2021-04-08,14.18449358,14.248435886,14.402195986,14.180704314,244414920.0
2021-04-09,14.145929153,14.3310384,14.339000088,14.107115925,195170880.0
2021-04-12,14.221316387,15.136164099,15.278976877,14.071537131,869322000.0
2021-04-13,15.158556346,15.604410874,15.6248127,15.053312783,676211880.0
2021-04-14,15.550171875,15.203838447,15.645174717,15.154575502,385501920.0
2021-04-15,15.587492287,16.059968709,16.136500435,15.556640746,598480680.0
2021-04-16,15.976209263,15.836295037,16.088332223,15.789271317,335207560.0
2021-04-19,15.462135509,15.288182579,15.731797882,15.160051651,404418080.0
2021-04-20,15.249866955,15.098594883,15.422784867,14.891342193,334133040.0
2021-04-21,15.046346306,15.286938565,15.288928987,15.029925324,216777040.0
2021-04-22,15.301369125,14.779132152,15.3646322,14.712701818,277786280.0
2021-04-23,14.862841837,15.192144717,15.261436283,14.828892702,227772200.0
2021-04-26,15.112323819,15.403875858,15.404871069,15.052566375,197797080.0
2021-04-27,15.503894563,15.308086799,15.595453975,15.280967299,164573000.0
2021-04-28,15.290919409,15.203589644,15.457866054,15.142650386,209416200.0
2021-04-29,15.3262494,15.251359772,15.362574601,14.999322586,173196480.0
2021-04-30,15.101829319,14.937619504,15.291414526,14.925179367,201910080.0
2021-05-03,15.052566375,14.765696804,15.173733314,14.716682662,203911840.0
2021-05-04,14.567152209,14.282521863,14.567401012,13.9431574,405324800.0
2021-05-05,14.638558599,14.389258243,14.742558148,14.318598262,292023040.0
2021-05-06,14.425832247,14.453449352,14.501468283,14.149999566,193380920.0
2021-05-07,14.73733329,14.741314134,14.899055078,14.601444692,229327320.0
2021-05-10,14.716433859,14.197431323,14.735094066,14.18175675,268903800.0
2021-05-11,13.758792075,14.237737368,14.286005102,13.68415125,285585360.0
2021-05-12,13.942408504,13.692610543,14.191957662,13.643596401,303409320.0
2021-05-13,13.966542371,13.599807117,14.013317288,13.394544849,285727480.0
2021-05-14,13.82348079,14.174790273,14.259487705,13.682658433,258615000.0
2021-05-17,14.089202127,14.09766142,14.101393461,13.787155588,216980840.0
2021-05-18,14.198675336,13.948628573,14.335268046,13.936934844,186254240.0
2021-05-19,13.501530031,13.998389123,14.012073274,13.478391375,343999360.0
2021-05-20,14.234005327,14.542520737,14.613464353,14.202158575,321591920.0
2021-05-21,15.091130801,14.919954509,15.149101842,14.798180491,672992000.0
2021-05-24,15.139647337,15.537234132,15.669597194,15.103322136,554816200.0
2021-05-25,15.690496626,15.572812925,15.742742715,15.408354307,435406880.0
2021-05-26,15.658898676,15.6248127,15.718113731,15.511607448,370438640.0
2021-05-27,15.624563897,15.413827968,15.67457325,15.38596206,581475200.0
2021-05-28,15.426765711,16.166705089,16.199522172,15.426765711,644535600.0
2021-06-01,16.192082969,16.186609309,16.309642269,15.827089335,472803000.0
2021-06-02,16.174417974,16.69789896,16.837843043,16.15774819,594167560.0
2021-06-03,16.620770108,16.888481867,17.176346649,16.503584013,580006800.0
2021-06-04,17.030548237,17.49406776,17.576421471,17.01362965,617120280.0
2021-06-07,17.48699181,17.534622609,17.727195937,17.11041392,575754920.0
2021-06-08,17.443311999,17.373398427,17.537197717,17.168384961,323846760.0
2021-06-09,17.435862065,17.27908041,17.494841831,17.177047904,381657480.0
2021-06-10,17.270868038,17.345525969,17.412220387,17.097664126,287770440.0
2021-06-11,17.399777398,17.74395046,17.857405629,17.364190451,416307640.0
2021-06-14,17.824332166,17.936567922,17.957223283,17.582194098,321374280.0
2021-06-15,17.833291118,17.707368074,17.934079325,17.647094238,243030440.0
2021-06-16,17.709607812,17.729018874,17.872787652,17.504223844,307122600.0
2021-06-17,17.693499119,18.572155775,18.749095071,17.675267652,809654880.0
2021-06-18,18.698327678,18.553740152,19.286632175,18.499239862,968854280.0
2021-06-21,18.351168299,18.343204786,18.451956506,17.741362319,672382160.0
2021-06-22,18.387252966,18.800609044,18.877257853,18.302018494,580145560.0
2021-06-23,18.921057172,18.970331407,19.065395839,18.821513264,332357040.0
2021-06-24,19.14005377,19.11790525,19.331426933,19.001190018,320922400.0
2021-06-25,19.192563181,18.944201131,19.257266722,18.808199267,278365920.0
2021-06-28,19.272944887,19.893850013,19.987172427,19.230887586,495436560.0
2021-06-29,19.791817508,19.935409595,20.007081209,19.567221565,367633840.0
2021-06-30,19.90791059,19.911270197,20.07054045,19.773153025,326566160.0
2021-07-01,20.033211485,20.119814684,20.36270182,19.927694942,480134960.0
2021-07-02,20.346899225,20.393560431,20.411727195,20.195219195,343396680.0
2021-07-06,20.642917921,20.604095797,20.746941305,20.257434137,446707480.0
2021-07-07,20.758388854,20.278836077,20.779790795,20.239317146,418427280.0
2021-07-08,19.765936092,19.811975149,20.041174997,19.610896455,503299680.0
2021-07-09,19.871452634,19.958802413,19.988541156,19.664152446,296622680.0
2021-07-12,20.147686979,20.418944128,20.439101769,20.095675287,321984760.0
2021-07-13,20.307454951,20.15764137,20.367927875,20.022264143,290706320.0
2021-07-14,20.26489993,19.751004505,20.324626275,19.662659287,380099200.0
2021-07-15,19.721390193,18.879746451,19.75647942,18.772490378,550564520.0
2021-07-16,18.943703411,18.078169131,19.069735953,17.990570492,688222640.0
2021-07-19,17.833539977,18.694097062,18.955150961,17.784016883,749058760.0
2021-07-20,18.64457453,18.527112715,18.752081954,18.081155994,434686540.0
2021-07-21,18.795881275,19.321473125,19.4379395,18.656519799,371017360.0
2021-07-22,19.552414998,19.504633921,19.79629758,19.188084284,323825950.0
2021-07-23,19.566699549,19.468798113,19.610150467,19.162202867,195671980.0
2021-07-26,19.222924653,19.206002188,19.353327176,18.827735326,203943160.0
2021-07-27,19.177134454,19.120394424,19.532506216,18.65552436,248862580.0
2021-07-28,19.231087253,19.414048962,19.556396755,18.908365894,202191150.0
2021-07-29,19.429975988,19.57232378,19.76245265,19.239876981,190780880.0
2021-07-30,19.329436637,19.410067205,19.540469729,19.175143575,183497460.0
2021-08-02,19.610150467,19.659922422,19.869960074,19.272696608,217443970.0
2021-08-03,19.649968031,19.724625964,20.129769682,19.132339694,301810740.0
2021-08-04,19.898827808,20.181532516,20.225331836,19.737566673,231309400.0
2021-08-05,20.406501755,20.542876913,20.638439067,20.249222375,211435370.0
2021-08-06,20.430392293,20.273112914,20.476182492,20.117824413,178496610.0
2021-08-09,20.352748043,20.202436737,20.414455313,20.051129992,146443100.0
2021-08-10,20.229313593,19.845074096,20.336821017,19.744076844,179237780.0
2021-08-11,19.951586081,19.609155027,19.957558716,19.341381907,185924840.0
2021-08-12,19.779375115,19.814215484,19.937639979,19.530515338,151861550.0
2021-08-13,19.814215484,20.095924752,20.121617036,19.760461772,183062860.0
2021-08-16,20.043166479,19.859010244,20.194473224,19.364277006,211152800.0
2021-08-17,19.59521888,19.369254202,19.679831204,19.179125332,204584850.0
2021-08-18,19.411062645,18.953160654,19.544103082,18.91334309,285913480.0
2021-08-19,19.40509001,19.707703499,20.401524559,18.676428581,766554770.0
2021-08-20,19.899823248,20.721060513,20.769896756,19.842087779,675741310.0
2021-08-23,20.875353575,21.857851977,21.896674102,20.854449354,575806580.0
2021-08-24,21.653786959,21.693604524,21.858847416,21.436781233,297298920.0
2021-08-25,21.637859934,22.11168895,22.367516801,21.622928347,347701040.0
2021-08-26,22.098748242,21.967350279,22.238109717,21.690618206,237940420.0
2021-08-27,22.082821216,22.532759693,22.618367457,22.065898751,304722190.0
2021-08-30,22.725845018,22.584522527,22.937903411,22.448147369,262579900.0
2021-08-31,22.595474481,22.28683394,22.595474481,22.022996058,259849680.0
2021-09-01,22.386395405,22.34258836,22.597465711,22.258458922,201766950.0
2021-09-02,22.419250688,22.297785701,22.493911831,22.196730814,188109570.0
2021-09-03,22.227097061,22.742825449,22.885198344,22.10264523,280831980.0
2021-09-07,22.732869303,22.562619198,22.79857987,22.423631393,198107160.0
2021-09-08,22.414272615,22.241035666,22.510847236,21.880623163,254434210.0
2021-09-09,22.21415407,22.079746093,22.439162981,22.033947819,196856010.0
2021-09-10,22.250304838,22.379426102,22.52677707,22.172338255,248375740.0
2021-09-13,22.58452272,22.054855726,22.863294822,21.762145019,297499900.0
2021-09-14,22.177316328,22.144461045,22.311724306,21.989145159,199754600.0
2021-09-15,22.211167226,22.243026895,22.26890292,21.869671401,166538010.0
2021-09-16,22.086167807,22.144461045,22.179307558,21.83084243,156033440.0
2021-09-17,22.202206695,21.803960835,22.223114602,21.734267809,294502840.0
2021-09-20,21.053267388,21.020412105,21.339008793,20.571389898,349440450.0
2021-09-21,21.322581151,21.152828853,21.331043876,20.858126917,204688100.0
2021-09-22,21.271804804,21.844781035,21.863697714,21.103048121,268725560.0
2021-09-23,22.042908351,22.383408561,22.43567833,21.794004688,248554910.0
2021-09-24,21.973215325,21.984167086,22.051868882,21.765131863,217655450.0
2021-09-27,21.615142516,21.565013319,21.703403755,21.231482411,245215140.0
2021-09-28,21.120471377,20.60822764,21.325070188,20.560438137,343068950.0
2021-09-29,20.847672963,20.427025774,20.924833099,20.377245041,218393630.0
2021-09-30,20.677323297,20.625153089,20.973618216,20.597275879,221009120.0
2021-10-01,20.659003987,20.65103907,20.767525984,20.114402773,240977960.0
2021-10-04,20.414082783,19.645468273,20.451707061,19.46924448,345634970.0
2021-10-05,19.862512267,20.361315207,20.557451293,19.766933261,279281650.0
2021-10-06,20.031766758,20.609223255,20.629135548,19.991942172,297201750.0
2021-10-07,20.999504197,20.982578748,21.228495567,20.880030439,256918930.0
2021-10-08,21.008464729,20.739648774,21.113004267,20.683894353,151257910.0
2021-10-11,20.484771423,20.604245181,20.970631372,20.421052086,163387540.0
2021-10-12,20.736164122,20.58035043,20.964657685,20.437977535,162133540.0
2021-10-13,20.826267248,20.847175156,20.897951503,20.622166245,180651880.0
2021-10-14,21.194644669,21.650636178,21.65959671,21.029382593,243588810.0
2021-10-15,21.714355516,21.766127478,21.834824889,21.567004548,226994010.0
2021-10-18,21.653623022,22.124548752,22.193246163,21.549083484,189493560.0
2021-10-19,22.178311943,22.192250548,22.280860252,21.940360042,161473290.0
2021-10-20,22.20668696,22.006070608,22.334623443,21.885601236,146275940.0
2021-10-21,22.000096921,22.592487637,22.611404316,21.986158315,187590320.0
2021-10-22,22.722913156,22.626338535,23.028566854,22.462062118,249383790.0
2021-10-25,22.872255354,23.064408981,23.252570194,22.67014558,230234830.0
2021-10-26,23.883799838,24.608607304,25.148230444,23.819084886,485898300.0
2021-10-27,24.366672944,24.343773807,24.979971568,24.175524887,245989890.0
2021-10-28,24.768901262,24.831624985,24.840585517,24.415458061,234204310.0
2021-10-29,24.890864057,25.454879756,25.596257036,24.89036625,292502840.0
2021-11-01,25.536520157,25.713739565,25.780445747,25.116370775,265739760.0
2021-11-02,25.708761492,26.285222374,26.561007632,25.68685797,294112390.0
2021-11-03,26.553042715,26.48135846,26.666542785,26.119950342,239910330.0
2021-11-04,27.109591304,29.670312184,31.227453497,26.999078078,1153631150.0
2021-11-05,30.054619439,29.621527066,31.26230001,29.281026856,851260150.0
2021-11-08,30.016786082,30.668913678,30.963615615,29.775847337,503100930.0
2021-11-09,32.140432131,30.522558325,32.168309341,29.832597372,646746210.0
2021-11-10,29.227263665,29.329811974,30.714711952,28.651798397,636205720.0
2021-11-11,30.334387156,30.256729213,30.455852143,29.646427389,332172110.0
2021-11-12,29.878395646,30.256729213,30.545457462,29.500062079,413054280.0
2021-11-15,30.418018786,29.893329866,30.509615334,29.118741668,384909000.0
2021-11-16,29.628496369,30.070549273,30.256729213,29.575599362,264483670.0
2021-11-17,30.284606423,29.132680273,30.375207356,28.67370192,428507990.0
2021-11-18,32.225059376,31.536094038,32.616335934,31.183646452,781710750.0
2021-11-19,32.101603159,32.84034923,32.942897539,31.765085408,533866650.0
2021-11-22,33.370016224,31.815861755,34.495060778,31.760107335,754335240.0
2021-11-23,31.396707987,31.606782678,32.218090074,30.744580392,532162700.0
2021-11-24,31.323032503,32.530713074,32.710919325,30.792369895,435162260.0
2021-11-26,32.45703759,31.364848318,32.566555201,31.212519277,283068860.0
2021-11-29,32.224063761,33.229634558,33.265476685,31.895510927,454963980.0
2021-11-30,33.023542325,32.532704303,33.206735421,31.724275163,622066470.0
2021-12-01,33.077840118,31.300978134,33.14741223,31.246212625,485802040.0
2021-12-02,31.080920359,31.989032084,32.339521388,30.892726153,472890330.0
2021-12-03,31.86356928,30.562141622,31.992019293,30.00154195,544325050.0
2021-12-06,29.752607815,29.908938451,30.112068706,27.918461108,658938450.0
2021-12-07,30.825016068,32.288748782,32.310654986,30.520320687,593053480.0
2021-12-08,31.862573543,31.690311122,32.152332876,31.28704778,475551450.0
2021-12-09,31.59870336,30.360007104,32.06769527,30.298271439,488507160.0
2021-12-10,31.017193221,30.069252034,31.171532384,29.73368882,488825090.0
2021-12-13,30.120034598,28.040936702,30.164842742,27.996128558,598343660.0
2021-12-14,27.580906421,28.216186333,28.555732494,27.133820715,667035370.0
2021-12-15,28.278917736,30.329139271,30.36996447,27.7193138,698296880.0
2021-12-16,31.019184694,28.26597316,31.027150586,27.973226618,707365950.0
2021-12-17,27.865687071,27.682471548,28.798692209,27.64164635,716622390.0
2021-12-20,27.188586224,27.600821152,28.024009181,27.029268378,461846760.0
2021-12-21,28.253028585,28.9510399,28.995848044,27.284176932,524384940.0
2021-12-22,28.767824377,29.274654276,29.428993439,28.327708826,395184380.0
2021-12-23,29.628140747,29.513631045,29.930844655,29.305532066,343021740.0
2021-12-27,29.533545776,30.81306723,30.95396395,29.513631045,403685870.0
2021-12-28,31.17850254,30.192723365,31.196425798,29.883855848,420591210.0
2021-12-29,30.143434407,29.873091936,30.417759823,29.240799233,343139280.0
2021-12-30,29.699833778,29.459861272,30.327147798,29.414057391,308864220.0
2021-12-31,29.547486087,29.285607377,29.901968296,29.205520288,266529910.0
2022-01-03,29.68788494,29.992580321,30.580064879,29.658012843,392402940.0
2022-01-04,30.147915221,29.165123256,30.3381009,28.228135172,527154400.0
2022-01-05,28.825577096,27.48631145,29.29058606,27.415614155,498063880.0
2022-01-06,27.522157965,28.057864224,28.316745767,26.949609455,454186370.0
2022-01-07,28.021021972,27.130833505,28.300823939,26.941643562,409938510.0
2022-01-10,26.467672969,27.283181196,27.351887017,25.534508513,594680950.0
2022-01-11,27.206011614,27.698403333,27.945345995,26.724572997,404089290.0
2022-01-12,27.946839599,27.879627383,28.473086361,27.490294396,383413480.0
2022-01-13,28.258007268,26.46169855,28.358576659,26.385026836,538868090.0
2022-01-14,26.187871002,26.82713386,27.080947104,26.09826467,395832350.0
2022-01-18,26.14804154,25.792563595,26.524429952,25.660130635,425306170.0
2022-01-19,25.967813226,24.960127848,26.430004256,24.9451918,488314510.0
2022-01-20,25.196117408,24.047037441,25.469984786,23.97534441,435180730.0
2022-01-21,23.406778845,23.274345885,24.717168132,23.16381913,718957840.0
2022-01-24,22.234796938,23.272354412,23.280320305,20.798944847,915810630.0
2022-01-25,22.44987603,22.228822518,22.845183437,21.90620388,664616360.0
2022-01-26,23.140917189,22.674912488,23.954433942,22.204924842,755958730.0
2022-01-27,23.467518774,21.850442633,23.892698277,21.582589504,573352720.0
2022-01-28,21.918302078,22.742622573,22.760545831,21.205205355,543774250.0
2022-01-31,23.08316447,24.381604918,24.404506858,22.95371872,564679680.0
2022-02-01,24.9969701,24.532956872,25.037795298,23.788155897,518925170.0
2022-02-02,25.684028312,25.134381742,25.706930253,24.448329223,543419410.0
2022-02-03,24.353724295,23.845898659,24.970085213,23.678614921,410177780.0
2022-02-04,23.869796336,24.215316916,24.529969662,23.531245913,354828500.0
2022-02-07,24.268090952,24.622573161,25.07463755,24.098815741,376867500.0
2022-02-08,24.255146377,25.000953046,25.122432904,23.877762229,410358640.0
2022-02-09,25.512761627,26.5911443,26.611059031,25.244908498,524281660.0
2022-02-10,25.884171357,25.713900408,26.810196382,25.490855424,513199720.0
2022-02-11,25.80550817,23.846894396,26.040501994,23.671644765,605471980.0
2022-02-14,23.831958348,24.163538616,24.768946432,23.653721507,440424430.0
2022-02-15,24.842630936,26.382039627,26.431826454,24.678334407,701752800.0
2022-02-16,26.147045803,26.397971411,26.468668706,25.44306007,732676330.0
2022-02-17,25.52072752,24.402515385,25.675066683,24.061973489,810595080.0
2022-02-18,24.5623311,23.541203278,24.879473188,23.001514074,761254910.0
2022-02-22,22.936791198,23.29027767,23.961394141,22.90194042,633422440.0
2022-02-23,23.700521125,22.29155392,24.052006166,22.205920578,566510770.0
2022-02-24,20.925403388,23.646751351,23.698529652,20.80093632,735800630.0
2022-02-25,23.619866465,24.054007596,24.113751789,23.281316041,528865510.0
2022-02-28,23.889711067,24.281035527,24.559841759,23.605936111,477318610.0
2022-03-01,24.187436293,23.376906749,24.273069635,23.033377643,412055980.0
2022-03-02,23.658748162,24.120848648,24.309074923,23.319144141,389641850.0
2022-03-03,24.162178756,23.616920101,24.226404748,23.372923077,365095040.0
2022-03-04,23.288271048,22.842105061,23.583059289,22.389963638,432010700.0
2022-03-07,22.723592221,21.264589609,22.938707965,21.242679672,450820890.0
2022-03-08,21.221765641,21.425926417,22.2813999,20.565463443,557467190.0
2022-03-09,22.295352547,22.919785747,23.124942428,22.155925676,492741950.0
2022-03-10,22.438763042,22.565243132,22.694710941,21.792419906,428065650.0
2022-03-11,22.927752996,22.009527462,23.050249461,21.955748526,367208570.0
2022-03-14,21.779473125,21.242679672,22.170864269,21.072389668,385354240.0
2022-03-15,21.429910041,22.878953592,22.943687496,21.234722381,491995690.0
2022-03-16,23.40379617,24.395718765,24.496305293,23.077138929,671421740.0
2022-03-17,24.021258026,24.664613444,24.740302317,23.808134095,471941190.0
2022-03-18,24.697478349,26.344707237,26.4602224,24.523194761,730718560.0
2022-03-21,26.398486173,26.624556885,27.040835726,25.860696814,591727080.0
2022-03-22,26.617585541,26.415416579,27.12649362,25.965266967,547007100.0
2022-03-23,26.019045903,25.529060043,26.502558373,25.470311535,502119860.0
2022-03-24,26.058882152,28.034760093,28.204054191,25.800942441,877379140.0
2022-03-25,27.77184085,27.578635044,28.241908586,27.159358525,579016180.0
2022-03-28,27.641875089,28.103477622,28.134350715,27.094624621,425493920.0
2022-03-29,28.577031029,28.53868864,28.827501444,27.865456035,488984400.0
2022-03-30,28.18812965,27.576643231,28.378845692,27.390408768,463487130.0
2022-03-31,27.668266604,27.174297118,28.132358902,27.158362619,523440220.0
2022-04-01,27.262932772,26.602646948,27.383437425,26.15946868,517235110.0
2022-04-04,26.618581448,27.247994179,27.44518361,26.504052232,397707820.0
2022-04-05,27.142428119,25.82484419,27.207162024,25.7142986,436614730.0
2022-04-06,24.831925689,24.307083111,25.196427366,23.904736998,703832560.0
2022-04-07,24.340943923,24.108897773,24.62079357,23.381886233,557992360.0
2022-04-08,23.819089063,23.0243559,23.825064501,22.967599204,524780640.0
2022-04-11,22.123060771,21.827276623,22.228567076,21.571328725,575206840.0
2022-04-12,22.44473848,21.415967354,22.631968849,21.19491601,662258070.0
2022-04-13,21.639050348,22.112105802,22.40788995,21.36716795,516943440.0
2022-04-14,22.412869481,21.170974424,22.683755972,21.076363333,569096850.0
2022-04-18,21.113211864,21.69382519,21.997576587,20.992707211,525700610.0
2022-04-19,21.631083098,22.107126271,22.28140986,21.226745173,512780580.0
2022-04-20,22.424919946,21.394057418,22.577562492,21.113211864,468974440.0
2022-04-21,21.620277515,20.100375238,22.300332078,19.9181244,656209440.0
2022-04-22,20.219883984,19.435109883,20.402134822,19.42017129,624713430.0
2022-04-25,19.123391236,19.82052559,19.863349557,19.017825177,641565610.0
2022-04-26,19.637278845,18.711086061,19.706992281,18.593569127,653142500.0
2022-04-27,18.521863879,18.339613041,19.088534518,18.215124763,499460170.0
2022-04-28,18.889353274,19.701016844,19.95497293,18.413877768,570326710.0
2022-04-29,19.32257248,18.471072662,20.046078431,18.441195475,500434910.0
2022-05-02,18.464599271,19.453036195,19.49386835,18.315711292,572048680.0
2022-05-03,19.320580668,19.521753724,19.743840811,19.054673707,475750840.0
2022-05-04,19.841439621,20.250757077,20.316486888,18.674237531,648854630.0
2022-05-05,19.785668872,18.766856809,19.843431433,18.42426507,626331410.0
2022-05-06,18.659298937,18.598548658,19.432122164,17.916352897,633296720.0
2022-05-09,17.960172771,16.880610429,18.180268046,16.758113963,644454510.0
2022-05-10,17.616585125,17.52296994,18.123501391,16.955303395,761474290.0
2022-05-11,17.275985198,16.561920438,17.680323123,16.500174252,670167030.0
2022-05-12,16.152702572,16.108783108,16.719273621,15.503272126,708728370.0
2022-05-13,16.719273621,17.633515531,17.855034951,16.524573955,670436510.0
2022-05-16,17.437322005,17.193324982,17.715179841,17.035971799,521445980.0
2022-05-17,18.00000902,18.10258736,18.295793167,17.561810283,585829710.0
2022-05-18,17.632519625,16.868659554,18.043828893,16.794962494,545161060.0
2022-05-19,16.867663648,17.053898111,17.614593313,16.66554448,621309590.0
2022-05-20,17.261046605,16.625658436,17.33872729,15.690502496,739105260.0
2022-05-23,16.207377824,16.828823305,16.845753711,16.112776692,639888690.0
2022-05-24,16.442411692,16.087869077,16.529055533,15.715400151,588550020.0
2022-05-25,15.954417644,16.905508084,17.040941371,15.93449952,781131900.0
2022-05-26,15.970352143,17.777921933,18.017935332,15.956409456,996574520.0
2022-05-27,18.111550516,18.733991904,18.803705339,18.025902582,738379350.0
2022-05-31,18.902300055,18.595560939,19.121399424,18.274879137,664099510.0
2022-06-01,18.647348063,18.24500195,18.975180472,18.047812518,544513900.0
2022-06-02,18.217116576,19.511794662,19.53868413,18.123501391,648655800.0
2022-06-03,19.003384536,18.643364438,19.253157816,18.445736808,598778700.0
2022-06-06,19.060649144,18.709094248,19.257838576,18.488202249,422406150.0
2022-06-07,18.396379695,18.848521119,18.92221818,18.113542329,388914110.0
2022-06-08,18.725998783,18.575585154,19.105519265,18.463023961,363252460.0
2022-06-09,18.409233656,17.977915104,18.859478427,17.970942286,395573790.0
2022-06-10,17.5316548,16.908085714,17.628278124,16.803493455,465649660.0
2022-06-13,15.937868,15.586238787,16.248656426,15.545398,604153380.0
2022-06-14,15.669912594,15.774504853,16.003611705,15.352151351,469679520.0
2022-06-15,16.032499091,16.462821527,16.802497339,15.86415536,563935650.0
2022-06-16,15.798411655,15.540417416,15.880411985,15.341194066,545748670.0
2022-06-17,15.587234903,15.81833399,15.932887416,15.268477544,630333970.0
2022-06-21,16.410525397,16.50167008,16.941953684,16.343287517,483088880.0
2022-06-22,16.162990385,16.29647003,16.597297288,16.117169015,437997440.0
2022-06-23,16.454354534,16.161994268,16.520596298,15.791438837,463679590.0
2022-06-24,16.435926375,17.05949546,17.073441095,16.246664192,472152830.0
2022-06-27,17.244773176,16.803493455,17.262703277,16.560939027,427967880.0
2022-06-28,16.834373075,15.919937898,17.135190372,15.883081578,461859360.0
2022-06-29,15.752590284,15.481646528,15.758566984,15.111091097,482352280.0
2022-06-30,15.301349396,15.100133813,15.506549447,14.804287138,686070030.0
2022-07-01,14.841143458,14.46660356,15.004416954,14.336112265,577610080.0
2022-07-05,14.119954931,14.905891046,14.912863864,14.000420921,652207610.0
2022-07-06,14.951712417,15.071246427,15.259502532,14.731570615,529065860.0
2022-07-07,15.395482429,15.796419421,15.883081578,15.329240665,492902760.0
2022-07-08,15.370081452,15.776497086,15.974714358,15.329240665,467971760.0
2022-07-11,15.46570866,15.093160996,15.466694816,14.979613647,438388730.0
2022-07-12,15.208710539,15.023432823,15.371077569,14.819228889,458483100.0
2022-07-13,14.533343382,15.105114396,15.315295031,14.408828788,521918340.0
2022-07-14,15.049331859,15.312306681,15.412904511,14.670807494,456234840.0
2022-07-15,15.598192188,15.700792213,15.720714548,15.385023203,385935470.0
2022-07-18,16.238695258,16.038475791,16.831384724,15.939860233,670517450.0
2022-07-19,16.42198074,16.926015815,17.043557592,16.109210042,702366080.0
2022-07-20,16.881190562,17.737850967,17.862863619,16.735757516,760537790.0
2022-07-21,17.815548073,17.979907337,18.073542312,17.476430087,557049280.0
2022-07-22,17.823517007,17.251745993,17.897229647,17.069954686,536670880.0
2022-07-25,16.952910968,16.957891552,17.057503227,16.58434777,480747510.0
2022-07-26,16.82341579,16.468798227,16.853299293,16.414011806,397864910.0
2022-07-27,16.965860486,17.720916982,17.866350028,16.847332553,569776230.0
2022-07-28,17.905198581,17.914163632,18.069557845,17.37227612,474646280.0
2022-07-29,17.743827667,18.09246853,18.173153987,17.623297541,435460420.0
2022-08-01,18.111394748,18.369388986,18.77281627,17.920140332,476469040.0
2022-08-02,18.051627743,18.45405891,18.863990836,18.021744241,489526920.0
2022-08-03,18.113386982,18.819633757,18.894342514,18.066569494,418145570.0
2022-08-04,18.77580462,19.140383351,19.199154239,18.68715023,409652270.0
2022-08-05,18.736956067,18.915260965,19.154249296,18.593515255,386068290.0
2022-08-08,17.434035358,17.723905332,18.168173403,17.175045003,983783180.0
2022-08-09,17.185006171,17.01965079,17.379438199,16.659056527,668262650.0
2022-08-10,17.629274241,18.026724824,18.047643276,17.24976372,597422460.0
2022-08-11,18.060592794,17.872326728,18.634356042,17.806583023,509326550.0
2022-08-12,18.08948018,18.636348275,18.645313326,17.883284012,478094150.0
2022-08-15,18.628379341,18.958093986,19.089581397,18.540721067,457665560.0
2022-08-16,18.846030851,18.805688123,19.067666828,18.429155991,451239640.0
2022-08-17,18.45107056,18.263800611,18.615429824,18.074538428,446799110.0
2022-08-18,18.229932641,18.700099747,18.791732527,18.112390865,415446560.0
2022-08-19,18.3345249,17.77968787,18.44808221,17.700994647,441588330.0
2022-08-22,17.422081957,16.967852719,17.489817896,16.90011678,409592710.0
2022-08-23,16.922529407,17.114281881,17.397179038,16.904101247,369985770.0
2022-08-24,16.945938151,17.155122668,17.33840815,16.829392491,522660710.0
2022-08-25,16.778590537,17.843439342,17.877307312,16.767633252,770691330.0
2022-08-26,17.787656804,16.196858355,17.854396627,16.173947669,769127430.0
2022-08-29,15.957790334,15.739640766,16.274555461,15.705772797,496131940.0
2022-08-30,15.89802333,15.407933889,15.976716553,15.123044498,530180690.0
2022-08-31,15.324260082,15.035386224,15.479654295,14.900422366,573709860.0
2022-09-01,14.1538229,13.882879144,14.324158865,13.218678457,1178865140.0
2022-09-02,14.045246175,13.594005287,14.115970464,13.538222749,743157460.0
2022-09-06,13.677679094,13.412712038,13.725492698,13.299154729,535751180.0
2022-09-07,13.514346128,13.664804453,13.788359634,13.298124561,512657460.0
2022-09-08,13.410719202,13.939814372,13.957749802,13.321042054,624873120.0
2022-09-09,14.106215301,14.335390234,14.422078143,14.075326506,487128420.0
2022-09-12,14.317454804,14.452966938,14.494816274,14.147068224,484159240.0
2022-09-13,13.752488775,13.08389582,13.872058305,13.052010612,714955630.0
2022-09-14,13.206454588,13.080906582,13.242315483,12.86667784,588506540.0
2022-09-15,12.968511223,12.882620444,13.185519956,12.744119072,523625160.0
2022-09-16,12.695793054,13.150655474,13.164605253,12.571739666,670751400.0
2022-09-19,12.965322703,13.33399542,13.414704853,12.963329877,569685280.0
2022-09-20,13.167096284,13.128734394,13.434393969,13.010161276,524817750.0
2022-09-21,13.165601665,13.213429477,13.980667295,13.062971152,807679400.0
2022-09-22,13.023114642,12.515940552,13.101801357,12.383417657,759162160.0
2022-09-23,12.375446355,12.471101979,12.56576119,12.213031076,663309310.0
2022-09-26,12.44619166,12.184135107,12.613589002,12.170185328,547342690.0
2022-09-27,12.462134264,12.368471465,12.690312784,12.214027489,553854060.0
2022-09-28,12.365482227,12.690312784,12.777000693,12.309543615,542413880.0
2022-09-29,12.403345912,12.176163805,12.455159375,11.903156675,532763120.0
2022-09-30,12.043640909,12.095454372,12.58768227,12.031683956,565638420.0
2022-10-03,12.302708224,12.467116328,12.632520844,12.061576338,547478470.0
2022-10-04,12.832799807,13.119766679,13.172576554,12.832799807,584181670.0
2022-10-05,12.864386091,13.161616014,13.273214242,12.575725317,507130730.0
2022-10-06,13.172576554,13.082899407,13.607012514,13.055996263,644156890.0
2022-10-07,12.460141438,12.032680369,12.624549542,11.97887408,672478160.0
2022-10-10,11.993820271,11.628136792,12.080827033,11.367196221,698699250.0
2022-10-11,11.519527802,11.544438121,11.803505436,11.242525058,667481630.0
2022-10-12,11.537463232,11.458746625,11.692903621,11.304302648,492590190.0
2022-10-13,10.93164428,11.91709649,12.03466323,10.774211065,850103010.0
2022-10-14,12.013748526,11.186725944,12.067554815,11.163808451,713431990.0
2022-10-17,11.476682054,11.845354772,11.905139537,11.475685641,580774170.0
2022-10-18,12.299718986,11.924071379,12.447188073,11.576323329,659362060.0
2022-10-19,11.836387057,12.00777005,12.305697462,11.791548483,523130610.0
2022-10-20,12.06954764,12.150257073,12.723194404,12.061576338,652397610.0
2022-10-21,12.054800732,12.421281341,12.453166549,11.844358359,609494410.0
2022-10-24,12.463130677,12.553804237,12.664406052,12.020723416,517457400.0
2022-10-25,12.647965242,13.213429477,13.252289575,12.618571066,505482330.0
2022-10-26,12.822835679,12.849738824,13.339973897,12.662413227,535533290.0
2022-10-27,13.581105782,13.128734394,13.788359634,13.074928105,583113080.0
2022-10-28,13.056992676,13.784373983,13.800316587,13.014146927,521039930.0
2022-10-31,13.728574869,13.448582886,13.788359634,13.249300336,486340990.0
2022-11-01,13.76145649,13.494417873,13.875047543,13.470503967,432816900.0
2022-11-02,13.800316587,13.171580142,14.159025177,13.163847979,672627840.0
2022-11-03,12.996211498,13.372855517,13.731564107,12.909523589,500064860.0
2022-11-04,13.935828721,14.105218889,14.177957019,13.647865436,612575910.0
2022-11-07,14.176960607,14.249698737,14.360300553,13.903943513,410060950.0
2022-11-08,14.747905112,14.549618975,14.837592224,14.165003654,595291990.0
2022-11-09,14.110699159,13.726582044,14.16002159,13.709652991,454413660.0
2022-11-10,14.7469087,15.693500812,15.716418305,14.494816274,700819250.0
2022-11-11,15.750794545,16.268430969,16.330208559,15.426462195,655487470.0
2022-11-14,16.159821979,16.236545761,16.480666885,15.864883805,527852450.0
2022-11-15,16.661515799,16.606214891,16.937023924,16.32323367,545875500.0
2022-11-16,16.103524659,15.852926852,16.303305415,15.81605958,649546840.0
2022-11-17,15.658626366,15.620762681,16.207649791,15.479272071,710893560.0
2022-11-18,15.908725966,15.353724064,15.944596825,15.065770744,492071650.0
2022-11-21,15.092663924,15.262054091,15.421480131,15.02590427,404739310.0
2022-11-22,15.273014632,15.980467684,15.999967482,15.06735504,472866070.0
2022-11-23,16.040252449,16.459742217,16.467713519,15.990441776,427240930.0
2022-11-25,16.259463254,16.211635442,16.427857009,16.113986993,167934300.0
2022-11-28,15.968510731,15.770224594,16.298323351,15.668590493,304152010.0
2022-11-29,15.770224594,15.582898997,15.874847933,15.464325879,298384490.0
2022-11-30,15.644692415,16.866606979,16.873583653,15.545025648,565298220.0
2022-12-01,16.942353722,17.077900525,17.207467322,16.57956669,470976570.0
2022-12-02,16.603486714,16.819763598,16.876145089,16.390199833,371388580.0
2022-12-05,16.623420067,16.554649998,16.938367051,16.417119826,352255170.0
2022-12-06,16.474916585,15.93372604,16.517773294,15.766285871,352694270.0
2022-12-07,15.719442491,16.06628284,16.132062906,15.614792385,372387580.0
2022-12-08,16.218772993,17.111787226,17.121753902,15.905819345,515455540.0
2022-12-09,17.102817217,16.944347057,17.524407641,16.918433698,465338190.0
2022-12-12,16.980227093,17.476567593,17.479557596,16.741026852,457327800.0
2022-12-13,18.469248592,18.011778132,18.727385519,17.651981103,656588760.0
2022-12-14,17.92706138,17.615104399,18.191178312,17.361950811,496888100.0
2022-12-15,17.088863869,16.895510341,17.262284044,16.644350089,478542100.0
2022-12-16,16.80800292,16.515779959,16.984213764,16.355316464,478231930.0
2022-12-19,16.516776627,16.199836308,16.553653331,16.091199532,354038770.0
2022-12-20,16.01046945,16.031399471,16.255649697,15.799175904,403259790.0
2022-12-21,16.060302834,16.446013222,16.571593349,16.048342822,325025380.0
2022-12-22,16.039871147,15.28788539,16.084222858,14.832408264,565045270.0
2022-12-23,15.145361913,15.15532859,15.28788539,14.833404932,349325630.0
2022-12-27,15.023768457,14.073944168,15.049681817,14.009160769,464902260.0
2022-12-28,13.88059064,13.989227416,14.214474309,13.83773393,351066450.0
2022-12-29,14.354007783,14.554337985,14.634071398,14.179590941,354923240.0
2022-12-30,14.286234381,14.565301329,14.580241377,14.185570947,310489830.0
2023-01-03,14.801511567,14.267297696,14.946028379,14.049027476,401276580.0
2023-01-04,14.518457948,14.699851464,14.803504902,14.193544288,431323600.0
2023-01-05,14.442711205,14.217464312,14.515467945,14.100804361,389168110.0
2023-01-06,14.425767855,14.809484908,14.959981726,13.98723408,405043620.0
2023-01-09,15.233068668,15.575922346,16.002496109,15.090545191,504230560.0
2023-01-10,15.455325558,15.855985962,15.908799381,15.42044219,384101260.0
2023-01-11,15.786727525,15.947679387,15.974589414,15.511138948,353284930.0
2023-01-12,16.046349487,16.455979899,16.581560025,15.440375543,551409060.0
2023-01-13,16.223756332,16.842686955,16.865610311,16.111132885,447287060.0
2023-01-17,16.842686955,17.643011094,17.668924453,16.842686955,511102160.0
2023-01-18,17.608127725,17.319094101,17.813441265,17.224410672,439623550.0
2023-01-19,16.979230426,16.709133487,17.13969392,16.675246786,452931600.0
2023-01-20,16.954313734,17.779554565,17.796497915,16.768933547,564967120.0
2023-01-23,18.00380479,19.12904259,19.180869309,17.75812621,655162590.0
2023-01-24,18.764262223,19.200802662,19.430036226,18.757285549,496204100.0
2023-01-25,18.849477308,19.258609387,19.305452767,18.518085308,449537110.0
2023-01-26,19.635349766,19.736013201,20.098800233,19.213759342,489535420.0
2023-01-27,19.397146193,20.297137099,20.559260696,19.340336136,542141980.0
2023-01-30,19.883520016,19.098145892,20.072886873,19.08618588,488611150.0
2023-01-31,19.1056209,19.471896268,19.621396419,18.886852346,498016580.0
2023-02-01,19.625383089,20.873211012,21.121381262,19.545649676,660477040.0
2023-02-02,20.93002107,21.636658448,21.875858688,20.631020769,564275800.0
2023-02-03,20.93002107,21.029687837,21.672528517,20.719724191,429365950.0
2023-02-06,20.736667542,21.018724492,21.498121641,20.716734188,452197090.0
2023-02-07,21.310748119,22.099112246,22.184825666,21.07952122,664149610.0
2023-02-08,22.312399128,22.131005612,22.801762954,21.934672048,559651220.0
2023-02-09,22.530669348,22.262565744,22.943289763,22.04628886,523875780.0
2023-02-10,21.617721762,21.194138002,22.004070017,20.74165088,550736750.0
2023-02-13,21.466228276,21.715395193,21.974528788,20.892147698,474918620.0
2023-02-14,21.506094983,22.894453047,22.971993792,21.294801437,675473500.0
2023-02-15,22.47385929,22.688142839,22.778839597,22.032335513,421188260.0
2023-02-16,22.05924554,21.928682075,22.474855958,21.853732666,412026280.0
2023-02-17,21.558918369,21.316728125,21.667555145,20.905104378,465887640.0
2023-02-21,20.93002107,20.586170723,21.422175565,20.54929402,410014550.0
2023-02-22,20.637997442,20.684840823,21.033674507,20.352950489,513184320.0
2023-02-23,23.361890184,23.585143742,23.8083973,22.948273101,1117995410.0
2023-02-24,23.147606635,23.208403363,23.395776885,22.870533023,589715910.0
2023-02-27,23.591123748,23.422686912,23.800364159,23.375843532,452993670.0
2023-02-28,23.294116783,23.138636626,23.745607237,23.12866995,455962800.0
2023-03-01,23.114716602,22.622362773,23.178074766,22.432995916,460025620.0
2023-03-02,22.413062562,23.236310058,23.302488791,22.357249173,390074650.0
2023-03-03,23.242290064,23.810390636,23.820357313,23.052923207,412393300.0
2023-03-06,23.811387303,23.475510299,24.167197662,23.408733565,437429230.0
2023-03-07,23.525352256,23.214339124,24.04869166,23.167487787,515153880.0
2023-03-08,23.412709679,24.104514529,24.123454432,23.349410532,513573390.0
2023-03-09,24.098533508,23.361870994,24.376651019,23.308879141,501256990.0
2023-03-10,23.334956396,22.892360786,23.552266853,22.654116752,474865650.0
2023-03-13,22.680034513,22.893357623,23.224307494,22.226473697,421890320.0
2023-03-14,23.421681212,23.986887768,24.142394334,23.385795081,474910130.0
2023-03-15,23.685843006,24.151365866,24.20918241,23.286111385,524485740.0
2023-03-16,23.951001637,25.460212795,25.507064132,23.818422322,584946260.0
2023-03-17,25.899817894,25.643630796,26.315498907,25.586811089,848546560.0
2023-03-20,25.53397873,25.818077264,25.941685047,25.050343342,432747190.0
2023-03-21,26.097191612,26.116131515,26.308521048,25.300718881,547407760.0
2023-03-22,26.341416668,26.384280657,27.501734889,26.154011319,797295110.0
2023-03-23,27.029732588,27.104993779,27.412019563,26.605578462,564888760.0
2023-03-24,26.945499865,26.694296951,27.081069692,26.27163808,455414070.0
2023-03-27,26.752113495,26.447081385,26.91459792,26.28160645,361025740.0
2023-03-28,26.363347081,26.326464113,26.42913832,25.768235416,356103780.0
2023-03-29,26.740151452,26.898648528,26.992351202,26.512872625,393693870.0
2023-03-30,27.142873583,27.296386475,27.412019563,27.016275289,364515740.0
2023-03-31,27.054155094,27.689140237,27.746268964,27.0192658,433932770.0
2023-04-03,27.421987932,27.876545586,27.91143488,27.249535138,398715600.0
2023-04-04,27.877542423,27.366165062,27.91143488,27.220626866,368591530.0
2023-04-05,26.744138799,26.795974321,26.912604246,26.311511559,515014740.0
2023-04-06,26.499913744,26.951480887,26.994344876,26.343410341,397654340.0
2023-04-10,26.738157778,27.491766519,27.533623703,26.584644886,395278550.0
2023-04-11,27.63580946,27.083063366,27.702099118,27.040199376,314378170.0
2023-04-12,27.283427595,26.411195255,27.381107648,26.363845499,446258950.0
2023-04-13,26.649439288,26.379296472,26.801855659,26.245720319,353615280.0
2023-04-14,26.420166787,26.673363375,26.797967995,26.137065091,395660130.0
2023-04-17,26.48147226,26.916591593,26.920578941,26.349570794,321471300.0
2023-04-18,27.446410438,27.579488172,28.021086945,27.270468714,604811540.0
2023-04-19,27.274456062,27.842653129,27.91143488,27.145864094,358660410.0
2023-04-20,27.58347552,27.018268963,27.941339988,26.91459792,427713260.0
2023-04-21,26.866749745,27.033221518,27.097019083,26.637477245,345102770.0
2023-04-24,26.9275568,26.956465072,27.279430278,26.586648528,339281860.0
2023-04-25,26.992351202,26.157998667,27.160816649,26.142049276,378527160.0
2023-04-26,26.916591593,26.870737093,27.243554116,26.6206307,406336810.0
2023-04-27,27.276449736,27.139883072,27.408032215,26.540794028,377161190.0
2023-04-28,27.138886236,27.661228803,27.670200335,26.985851825,292216140.0
2023-05-01,27.751940966,28.818556513,28.966526991,27.692130748,570328530.0
2023-05-02,28.589284012,28.120770641,28.74478061,27.994172347,402729570.0
2023-05-03,27.751940966,27.714061161,28.277274044,27.385104965,383387400.0
2023-05-04,27.56353878,27.474820291,27.770880868,27.15383879,321850410.0
2023-05-05,27.73748683,28.589284012,28.664046784,27.643285737,361494080.0
2023-05-08,28.431783773,29.05879422,29.127575971,28.260327816,344978900.0
2023-05-09,28.807591307,28.480628784,28.881357242,28.360011512,314869460.0
2023-05-10,28.913256024,28.793635589,29.020914416,28.371255832,369349980.0
2023-05-11,28.804600796,28.487606642,28.858429992,28.156656772,322149030.0
2023-05-12,28.438761631,28.250359446,28.688967708,27.95728938,274222250.0
2023-05-15,28.418326474,28.861420502,28.877369894,28.062954097,293925870.0
2023-05-16,28.749774763,29.120598112,29.775519995,28.74080323,449404940.0
2023-05-17,29.490424624,30.082545778,30.103479355,29.336921701,432535410.0
2023-05-18,30.313811953,31.577801218,31.727326762,30.224096627,748725010.0
2023-05-19,31.43625037,31.165110717,31.480111196,30.818211455,473907650.0
2023-05-22,30.8032589,31.077389064,31.420300979,30.582957932,371999670.0
2023-05-23,30.90194576,30.590932628,31.189034804,30.534112921,356253260.0
2023-05-24,30.114444561,30.441407084,30.510188834,29.711722429,721418510.0
2023-05-25,38.40115021,37.85986774,39.35512318,36.519122029,1543910670.0
2023-05-26,37.770152414,38.822812244,39.046103723,37.431227848,714396760.0
2023-05-30,40.466596391,39.984127302,41.805348428,39.822639715,923401100.0
2023-05-31,39.363097876,37.714329544,40.167545303,37.702367501,1002580200.0
2023-06-01,38.367257753,39.644205899,39.923320248,38.218729046,635872950.0
2023-06-02,39.970171585,39.202607125,40.37189688,38.934467952,482731210.0
2023-06-05,38.785929276,39.04710056,39.439884227,38.58456821,396093810.0
2023-06-06,38.707179156,38.531735851,39.036135353,38.02733635,388729140.0
2023-06-07,38.795924769,37.360330997,39.378137799,37.241695122,511997890.0
2023-06-08,37.608569086,38.392164021,38.745080823,37.3902392,417772400.0
2023-06-09,38.917551464,38.651368452,39.589489105,38.448989608,427717470.0
2023-06-12,39.080052704,39.361189817,39.409032974,38.499833554,389673350.0
2023-06-13,40.063035662,40.896477602,40.975235872,39.618400368,613208160.0
2023-06-14,40.699083458,42.865434339,42.86842516,40.427915746,740465020.0
2023-06-15,42.471642992,42.522486938,43.156540854,42.018035237,568622040.0
2023-06-16,43.317048214,42.561367603,43.587218986,42.529963989,655709410.0
2023-06-20,42.866431279,43.673952776,43.855395878,42.54342268,451153110.0
2023-06-21,43.36789216,42.913287465,43.481543333,41.951240249,551602910.0
2023-06-22,42.12371089,42.893348663,43.292623181,42.104769028,417737430.0
2023-06-23,42.334065255,42.079845525,42.678009597,41.886439141,358139840.0
2023-06-26,42.331074435,40.507670955,42.633147291,39.977298812,594321920.0
2023-06-27,40.674159955,41.747864465,41.811668632,40.324233973,462174700.0
2023-06-28,40.535585279,40.991186914,41.716959321,40.394019782,582639270.0
2023-06-29,41.430837506,40.697089578,41.472708992,40.475768872,380514300.0
2023-06-30,41.552464201,42.172560956,42.419802106,41.37401192,501147750.0
2023-07-03,42.386903082,42.283221309,42.766737267,42.072866944,198209190.0
2023-07-05,42.006071956,42.187515058,43.044883561,41.95622495,323617560.0
2023-07-06,41.715962381,41.974169872,42.049937321,41.219486201,304138790.0
2023-07-07,42.192499758,42.37294592,43.081770345,42.050934261,355881470.0
2023-07-10,42.526474698,42.050934261,42.680003477,41.521559057,353908110.0
2023-07-11,42.351013237,42.275245788,42.62716565,41.938280028,298244060.0
2023-07-12,42.901324183,43.767665148,43.800564172,42.646386656,481277020.0
2023-07-13,44.381780262,45.836315897,46.013771238,44.355859819,478203690.0
2023-07-14,46.440272191,45.329870316,47.94085649,44.922121807,772075330.0
2023-07-17,46.147361214,46.318834915,46.353727819,45.123912456,510488220.0
2023-07-18,46.558100544,47.348674059,47.749434018,45.594059448,570190420.0
2023-07-19,47.318765855,46.932950029,47.671682658,46.598975089,427501790.0
2023-07-20,46.36469416,45.380714262,46.94291943,44.924115687,537864510.0
2023-07-21,45.647894214,44.173419777,45.725655543,43.965059292,963768630.0
2023-07-24,44.594128507,44.475492633,44.970971873,43.905242884,383099740.0
2023-07-25,44.803485932,45.539227741,46.041187091,44.78554101,348080910.0
2023-07-26,45.880181262,45.312922334,45.912083346,44.493437555,364237260.0
2023-07-27,46.376657442,45.759551508,47.249976987,45.61001049,455975520.0
2023-07-28,46.52520152,46.60695061,46.883103023,46.239079705,331194240.0
2023-07-31,46.61093837,46.586014867,46.985787855,46.36370719,251055280.0
2023-08-01,46.317339505,46.36469416,46.756491628,45.886162903,239275970.0
2023-08-02,45.690762639,44.133542172,45.6997351,43.254240986,530141570.0
2023-08-03,43.665977256,44.378789441,44.979944334,43.665977256,325076600.0
2023-08-04,44.847351298,44.543284561,45.502340957,44.257162747,362666180.0
2023-08-07,44.972965753,45.277530959,45.400653064,44.42709119,322153540.0
2023-08-08,44.715755202,44.527333519,45.103564909,43.921203896,353843430.0
2023-08-09,44.138526872,42.423789866,44.176410597,42.005075016,586449070.0
2023-08-10,42.030995459,42.258297806,43.440668788,41.70698992,492705300.0
2023-08-11,41.62324695,40.729988602,41.889429962,40.514649536,533085260.0
2023-08-14,40.362117698,43.61912107,43.665977256,40.187653177,690285830.0
2023-08-15,44.423651747,43.805548872,45.129485352,43.576252645,676511510.0
2023-08-16,44.383774142,43.352938058,44.538299861,43.273182848,527450680.0
2023-08-17,43.835457076,43.210874091,43.927175567,42.8694221,452394820.0
2023-08-18,42.504542016,43.166510255,43.444646579,41.532525399,583767870.0
2023-08-21,44.357853699,46.823286616,46.920986747,44.086685986,692573370.0
2023-08-22,47.987712676,45.5282614,48.039553562,45.194386153,757206910.0
2023-08-23,45.725655543,46.971830693,47.055573664,45.069668944,779046080.0
2023-08-24,50.062345065,47.018686879,50.112192071,47.014699119,1156044090.0
2023-08-25,46.868148921,45.877190442,47.658722436,44.886231962,925340520.0
2023-08-28,46.339770657,46.69169052,46.836246837,44.750648106,685192230.0
2023-08-29,46.523207639,48.634726814,48.930818029,46.249059076,701396990.0
2023-08-30,48.893931245,49.113258071,49.774229371,48.276825311,735205980.0
2023-08-31,49.228903125,49.203979622,49.591789329,48.808194394,528569770.0
2023-09-01,49.609734251,48.360568281,49.647617976,47.99429248,463830300.0
2023-09-05,48.075443406,48.399448945,48.701332383,47.713554143,382652580.0
2023-09-06,48.296755781,46.920865048,48.404434186,46.441297336,468669570.0
2023-09-07,45.389438841,46.103306787,46.20600008,45.017549535,433329890.0
2023-09-08,45.805197128,45.436298888,46.467219915,45.136195185,473899940.0
2023-09-11,46.010583715,45.043472114,46.02553905,44.180050828,473965550.0
2023-09-12,44.604782315,44.736389254,45.536998137,44.398398705,349256340.0
2023-09-13,44.467193242,45.34955795,45.793232861,44.370482081,398355350.0
2023-09-14,45.813173306,45.445272088,45.85005316,44.996612067,370097200.0
2023-09-15,45.205986744,43.769277653,45.463218489,43.677551604,506830510.0
2023-09-18,42.620707997,43.835081122,44.110259269,41.87493534,500270790.0
2023-09-19,43.70247716,43.39040919,43.835081122,42.873951654,373064240.0
2023-09-20,43.470170972,42.113223662,43.772268719,42.097271306,367107690.0
2023-09-21,41.459177053,40.894862448,41.974637567,40.857972624,450735960.0
2023-09-22,41.448209808,41.486096654,41.989592901,41.108225214,479236310.0
2023-09-25,41.467153231,42.096274283,42.409339276,41.054386011,419090960.0
2023-09-26,41.875932362,41.786200357,42.692493601,41.530962656,402282090.0
2023-09-27,42.203952689,42.341541762,42.744338759,41.505050048,444935200.0
2023-09-28,42.333565584,42.960692592,43.316938619,41.989592901,424662790.0
2023-09-29,43.696495027,43.369471722,44.012551086,43.177983625,397829930.0
2023-10-02,43.898890548,44.648651295,45.040481047,43.730393784,433298210.0
2023-10-03,44.674573874,43.387418123,44.995615045,43.117225088,470849540.0
2023-10-04,43.611748134,43.909857793,44.011554064,43.163098083,361820860.0
2023-10-05,43.918830993,44.554931201,44.766299923,43.757313385,393483090.0
2023-10-06,44.061405178,45.625733119,45.652652721,43.894902459,434436020.0
2023-10-09,44.708472631,45.138189229,45.469200623,44.235884075,409674720.0
2023-10-10,45.175079053,45.661625921,46.121253187,44.953740109,368582080.0
2023-10-11,46.058440784,46.666624369,46.719466549,45.912875533,378136890.0
2023-10-12,46.637710723,46.805210465,47.467233252,46.192041769,481325000.0
2023-10-13,46.820165799,45.325629416,46.975701273,45.145168385,475425990.0
2023-10-16,44.928814553,45.957741535,46.08735443,44.77826419,375099240.0
2023-10-17,43.86897988,43.807164499,44.620734671,42.353506029,812332670.0
2023-10-18,42.464175501,42.070351704,43.090305487,41.700456442,627294340.0
2023-10-19,42.6835204,41.975634589,43.168073224,41.757286712,501233080.0
2023-10-20,41.76526289,41.263760688,42.343535806,40.955680807,477266050.0
2023-10-23,41.106231169,42.847032053,43.119209162,40.823076845,478530490.0
2023-10-24,42.948728324,43.532983375,43.566882132,42.563877728,401463370.0
2023-10-25,43.268772473,41.654593418,43.520022085,41.431260429,398379220.0
2023-10-26,41.728373066,40.20592006,42.129724381,39.761437561,541001320.0
2023-10-27,41.007525965,40.379401935,41.083299657,39.895846134,416784410.0
2023-10-30,40.964654007,41.038433655,41.641632128,40.360458511,388028140.0
2023-10-31,40.329550821,40.65856817,40.757273375,39.113193622,517968700.0
2023-11-01,40.762258486,42.198967577,42.254800824,40.747303152,437592900.0
2023-11-02,43.198980914,43.376450878,43.753325296,42.766273249,409171870.0
2023-11-03,43.888920325,44.870987261,45.174072061,43.592804711,424609590.0
2023-11-06,45.149654985,45.614765874,45.798217972,44.7653029,400733350.0
2023-11-07,45.582861162,45.818158417,46.080375274,45.023033157,343165470.0
2023-11-08,45.962726647,46.435315202,46.727442728,45.831119707,346718940.0
2023-11-09,47.32565609,46.810195576,48.086384082,46.610791122,540495970.0
2023-11-10,47.358557825,48.19107142,48.327663471,47.142213962,422441560.0
2023-11-13,48.176116086,48.475222767,48.969745813,47.955784134,384135700.0
2023-11-14,49.532066373,49.508137839,49.685607803,48.893982091,416953870.0
2023-11-15,49.786307052,48.742424735,49.811232609,48.056473414,475497350.0
2023-11-16,48.534047081,49.332661919,49.377218844,48.186086309,339756240.0
2023-11-17,49.376530899,49.151203866,49.568956197,48.861070385,325896910.0
2023-11-20,49.165162178,50.258895608,50.397481703,49.034562231,416142600.0
2023-11-21,49.976738306,49.795280252,50.366574013,49.075430173,565746870.0
2023-11-22,49.703554204,48.570936905,50.185056139,47.547992056,900642330.0
2023-11-24,48.325679397,47.633735971,48.77532647,47.602828281,294644640.0
2023-11-27,47.657664506,48.098348349,48.385490763,47.51010521,395661900.0
2023-11-28,48.092366215,47.678601973,48.17900745,47.331638223,401490850.0
2023-11-29,48.2349404,47.996652077,48.616799929,47.717485842,382004650.0
2023-11-30,47.880997494,46.630731567,47.966741409,46.283767817,526246630.0
2023-12-01,46.386461111,46.625746456,47.059451144,46.049467584,369317010.0
2023-12-04,45.939795134,45.374483507,45.939795134,44.875972372,437543440.0
2023-12-05,45.334599168,46.431420069,46.465321806,45.140162735,371717620.0
2023-12-06,47.078045845,45.371492234,47.250047305,45.280755232,380589550.0
2023-12-07,45.567922887,46.461333366,46.494237993,45.472200335,350822550.0
2023-12-08,46.460336256,47.368703384,47.602874646,46.41546631,359223700.0
2023-12-11,47.353746735,46.492243773,47.393631132,45.697547175,509728090.0
2023-12-12,45.912922915,47.51926698,47.52824097,45.912922915,372386860.0
2023-12-13,47.491347903,47.949021352,48.453558966,47.470408595,447791860.0
2023-12-14,48.250148544,48.210264148,48.529339319,47.284946152,391231740.0
2023-12-15,48.054715002,48.748703499,49.261217993,47.980928869,479947580.0
2023-12-18,49.257229554,49.932272963,50.287234119,49.007952076,412587170.0
2023-12-19,49.281160191,49.460639975,49.556362527,48.753689049,464444460.0
2023-12-20,49.511492581,47.97195488,49.85449839,47.958992451,397894390.0
2023-12-21,48.669931817,48.84841449,48.953111031,48.279064732,300425350.0
2023-12-22,49.052822022,48.688876905,49.240278685,48.326926007,252506760.0
2023-12-26,48.826478072,49.136579254,49.456651536,48.818501193,244199520.0
2023-12-27,49.367908754,49.274180422,49.536420328,48.943139932,233647980.0
2023-12-28,49.499527262,49.378876963,49.739820779,49.269194872,246587480.0
2023-12-29,49.669035946,49.378876963,49.85250417,48.610105222,389293300.0
2024-01-02,49.101680408,48.028790144,49.152533013,47.457446166,411254220.0
2024-01-03,47.347764076,47.431521308,48.044843614,47.183240941,320896170.0
2024-01-04,47.62894907,47.85928146,48.359830635,47.370697604,306534890.0
2024-01-05,48.321940458,48.955105251,49.40380471,48.166401283,415039270.0
2024-01-08,49.368905863,52.101984127,52.123920545,49.336001236,642509900.0
2024-01-09,52.249556393,52.986420617,54.16799586,51.540611247,773100060.0
2024-01-10,53.461044934,54.192923608,54.442201086,53.334411975,533795760.0
2024-01-11,54.84004794,54.663559486,55.186045078,53.405206779,596758770.0
2024-01-12,54.462143284,54.551883176,54.811131752,54.173061179,352993600.0
2024-01-16,54.858993028,56.219050945,56.670731763,54.741334059,449579730.0
2024-01-17,56.184152098,55.891001785,56.307474652,54.581796473,474394440.0
2024-01-18,57.094513446,56.94195563,57.433530816,55.94484572,491650360.0
2024-01-19,57.82140657,59.319065655,59.328039645,57.059614599,543501480.0
2024-01-22,59.875452985,59.481594571,60.15663798,58.899282383,452954630.0
2024-01-23,59.397837338,59.699961641,59.736854708,58.415684077,294654450.0
2024-01-24,60.129716012,61.184658297,62.667360733,59.764773785,560270760.0
2024-01-25,62.169802888,61.438921324,62.537736445,60.674138023,482776840.0
2024-01-26,60.783820113,60.854614917,61.604441569,60.397938578,390308590.0
2024-01-29,61.055034009,62.284470528,62.308401165,60.730973288,348732980.0
2024-01-30,62.718213339,62.59257749,63.309499515,62.080062996,410735300.0
2024-01-31,61.26243287,61.349181432,62.089056927,60.524571537,453794870.0
2024-02-01,61.920525411,62.844846297,63.008372322,61.471825951,369145790.0
2024-02-02,63.789109382,65.968791645,66.407520006,63.505930167,476577650.0
2024-02-05,68.027823609,69.13162428,69.296147415,67.010771501,680078010.0
2024-02-06,69.428763033,68.025829389,69.552394691,66.108387033,683111360.0
2024-02-07,68.121551941,69.896407581,70.01705788,67.404629916,495574550.0
2024-02-08,69.871479833,69.439731242,70.589398968,69.254268799,414422110.0
2024-02-09,70.329153282,71.924529138,71.976378853,70.009081,436636890.0
2024-02-12,72.390179466,72.039196777,74.395367495,71.044081087,613710180.0
2024-02-13,70.196537664,71.919543588,73.237722889,69.418791934,602580150.0
2024-02-14,72.990439631,73.686422349,74.021451278,71.730092705,504917420.0
2024-02-15,73.655511941,72.44801184,73.761205592,72.190757484,420121810.0
2024-02-16,73.885844331,72.403141894,74.186971523,72.291465584,495326620.0
2024-02-20,71.739066694,69.251277469,71.748040683,67.538242643,704833100.0
2024-02-21,67.809456539,67.276999847,68.68890748,66.056537317,690298130.0
2024-02-22,74.808170997,78.311018111,78.347911178,74.00549752,865099740.0
2024-02-23,80.556509628,78.589211776,82.155873924,77.345815718,829388370.0
2024-02-26,79.469659827,78.863417001,80.41291583,78.278113484,503972730.0
2024-02-27,79.151581765,78.473547026,79.250295646,76.938994875,391705240.0
2024-02-28,77.395671214,77.43854694,78.704876526,76.902101808,393110400.0
2024-02-29,78.865411221,78.883359199,79.7588217,78.123561448,507288980.0
2024-03-01,79.7687928,82.041206284,82.062145593,79.205455614,479135100.0
2024-03-04,83.886856728,84.990657398,87.441553557,83.477044555,615616450.0
2024-03-05,85.027551809,85.719578558,85.852200399,83.179830415,520639300.0
2024-03-06,87.771727047,88.44779929,89.46888775,86.782557572,582520300.0
2024-03-07,89.901653758,92.405514232,92.503235588,89.347244604,608119160.0
2024-03-08,94.867394408,87.279131637,97.12306258,86.26003749,1142269060.0
2024-03-11,86.183256424,85.530118785,88.544523489,83.926690812,678364120.0
2024-03-12,87.798650278,91.651663767,91.698530132,85.90514942,668075150.0
2024-03-13,90.796103318,90.629578149,91.243826676,88.183552764,635712890.0
2024-03-14,89.322305715,87.693948824,90.388266228,86.35377022,602318160.0
2024-03-15,86.682831931,87.586754479,89.291393858,86.011745471,642086160.0
2024-03-18,90.130999799,88.203495898,92.142264863,86.837391219,668975930.0
2024-03-19,86.45348589,89.143814666,90.286556244,84.768291067,672171270.0
2024-03-20,89.541680189,90.115045292,90.152937247,87.972155544,479062790.0
2024-03-21,92.03756341,91.175022864,92.384573941,90.147951463,480372310.0
2024-03-22,90.881858794,94.020908086,94.508507741,90.575741659,586719360.0
2024-03-25,93.673897554,94.731880813,96.49085526,93.244123017,552136080.0
2024-03-26,95.578466851,92.297821308,96.100976962,92.238989063,513647580.0
2024-03-27,92.84725465,89.993392175,92.974890708,88.869596574,586067230.0
2024-03-28,89.744103,90.099090785,91.04040671,88.939397543,435212270.0
2024-04-01,90.042252853,90.106070882,91.962776657,88.950366266,452441490.0
2024-04-02,88.196515801,89.197661128,89.837835729,87.370870054,433063550.0
2024-04-03,88.232413442,88.711048658,90.117039605,88.14865228,370066550.0
2024-04-04,90.14894862,85.660746313,90.376290376,85.635817396,434964920.0
2024-04-05,86.619013902,87.757766853,88.229421972,85.681686604,399678460.0
2024-04-08,88.44779929,86.885254741,88.577429661,86.485394904,283220000.0
2024-04-09,87.193376161,85.111312971,87.385827404,82.785943547,503547350.0
2024-04-10,83.687373204,86.791522011,87.15149558,83.4709902,431928530.0
2024-04-11,87.171438714,90.358351527,90.480991829,86.678843304,431637270.0
2024-04-12,89.443958833,87.935260746,89.91859545,87.281125951,426804790.0
2024-04-15,88.844667656,85.756473356,90.355360057,85.684688045,443076950.0
2024-04-16,86.186746472,87.16645293,87.86745409,85.819194513,370453020.0
2024-04-17,88.088822878,83.796063284,88.522586042,83.711304965,495399510.0
2024-04-18,84.728404799,84.430254945,85.944926001,82.167706393,447260340.0
2024-04-19,82.913579605,75.98334054,84.08424157,75.39102946,875198000.0
2024-04-22,77.881926896,79.29190647,79.845328439,76.18277188,596340510.0
2024-04-23,80.539349502,82.188646684,82.533662902,80.035785368,438559370.0
2024-04-24,83.711304965,79.450454385,83.842929649,78.957858976,512207530.0
2024-04-25,78.643764587,82.397052434,83.086077742,78.000588544,424640730.0
2024-04-26,83.57968028,87.485543074,88.079778666,83.149905742,551010780.0
2024-04-29,87.345941136,87.507480521,87.741812346,85.023563182,388970760.0
2024-04-30,86.991950508,86.156333193,88.566460937,86.05462321,363708700.0
2024-05-01,84.835100565,82.804889524,85.7554762,81.023528909,559863170.0
2024-05-02,84.208886158,85.572996523,85.991802337,82.96343744,377897540.0
2024-05-03,87.539389536,88.536546236,89.027147332,86.792519168,398340720.0
2024-05-06,89.135837413,91.878018338,91.957790874,88.801789918,376202550.0
2024-05-07,90.838981056,90.296527811,91.520029111,88.757915023,437341610.0
2024-05-08,89.228074407,90.15493156,90.934708099,89.165752114,325721020.0
2024-05-09,90.271598894,88.494665654,90.813054982,87.980132797,378012680.0
2024-05-10,90.047737215,89.622449882,91.141119536,88.97330087,335325410.0
2024-05-13,90.220743902,90.141968523,90.739265386,88.277285494,289680170.0
2024-05-14,89.344243163,91.096247485,91.390408711,88.681133957,296507080.0
2024-05-15,92.209074362,94.360938521,94.592278875,91.338556563,417735450.0
2024-05-16,94.640142397,94.090709055,95.546547865,93.83543694,323951820.0
2024-05-17,94.100680622,92.216054459,94.470625758,91.544968,359691030.0
2024-05-20,93.483440625,94.510512026,94.92931784,93.174322048,318764460.0
2024-05-21,93.332869963,95.114788986,95.12874918,92.915061306,328946460.0
2024-05-22,95.187581425,94.680028665,95.746986334,92.983865118,548647990.0
2024-05-23,101.737903787,103.503868303,106.017700344,101.231348184,835065280.0
2024-05-24,104.152020158,106.166276692,106.172259632,102.7071401,429493670.0
2024-05-28,109.930543234,113.577145286,114.612193941,109.570569666,652727890.0
2024-05-29,112.728564935,114.498518077,115.163621596,110.585675186,557441930.0
2024-05-30,114.324015655,110.18581535,115.48984141,109.351195192,487350330.0
2024-05-31,112.200071884,109.321280491,112.396511753,106.635937498,613262500.0
2024-06-03,113.29794141,114.6730205,114.6730205,111.68454187,438391760.0
2024-06-04,115.386984697,116.105934677,116.26847122,113.720735851,403324010.0
2024-06-05,118.034435735,122.091866348,122.101339336,117.134003235,528401780.0
2024-06-06,123.695294321,120.653966386,125.229918482,117.983580744,664696190.0
2024-06-07,119.429457959,120.544279149,121.34570396,117.686428047,412385800.0
2024-06-10,120.027753062,121.443715589,122.749990877,116.67730652,314162656.0
2024-06-11,121.433743347,120.576118158,122.530705799,118.412110414,222551158.0
2024-06-12,122.720181131,124.854271718,126.529632552,122.231534221,299595001.0
2024-06-13,129.032701418,129.252093909,129.441569241,126.808859358,260704537.0
2024-06-14,129.601127416,131.515825512,132.473174561,127.965656125,309320376.0
2024-06-17,132.62276035,130.61831078,133.360716908,129.222176751,288504444.0
2024-06-18,130.777868954,135.205608303,135.953537247,130.329111588,294335054.0
2024-06-20,139.413955161,130.418863061,140.371304209,129.162342435,517768425.0
2024-06-21,126.768969815,126.220488589,130.269277272,123.956756985,655484664.0
2024-06-24,122.899684078,117.783850101,124.11631516,117.714043399,476060866.0
2024-06-25,120.86531735,125.741814065,126.150681888,118.990508797,425787456.0
2024-06-26,125.781703608,126.050958028,127.766208407,122.261451379,362975918.0
2024-06-27,123.757309267,123.647613022,126.060930414,122.580567728,252571693.0
2024-06-28,124.235983791,123.198855655,127.357340584,122.411037168,315516740.0
2024-07-01,123.129048954,123.956756985,124.495265825,118.501861887,284885534.0
2024-07-02,120.795510648,122.33125808,123.069214638,120.695786789,218373969.0
2024-07-03,121.324047102,127.925766581,127.925766581,121.024875525,215748955.0
2024-07-05,127.028251848,125.482532031,128.494192579,125.332946242,214176689.0
2024-07-08,127.137948094,127.845987494,130.408890675,126.689190727,237677322.0
2024-07-09,129.990050467,131.017206216,133.450468381,128.29474486,287020820.0
2024-07-10,133.659888485,134.537458446,134.726933779,132.054334352,248978569.0
2024-07-11,135.375138864,127.04819662,135.7740343,126.699163113,374782738.0
2024-07-12,127.905821809,128.88311563,131.555715056,126.868693674,252680535.0
2024-07-15,130.199470571,128.085324756,131.027178602,126.82880413,208326164.0
2024-07-16,128.085324756,126.011068485,128.683667911,124.235983791,214769515.0
2024-07-17,121.014903139,117.66418147,121.513522435,116.397688458,390086189.0
2024-07-18,121.513522435,120.755621105,122.06200366,116.238130283,320979530.0
2024-07-19,120.017664547,117.604347154,121.264212787,117.045893543,217223800.0
2024-07-22,120.017664547,123.198855655,123.727392109,119.529017637,258068943.0
2024-07-23,122.440954325,122.251478993,124.345680036,121.762832083,173910983.0
2024-07-24,118.840923008,113.934509136,119.61876911,113.126745876,327776884.0
2024-07-25,112.727850439,111.969949109,116.307936984,106.006462329,460067019.0
2024-07-26,115.869152004,112.747795211,115.87912439,111.271882095,293399073.0
2024-07-29,113.376055524,111.281854481,115.958903477,110.992655289,248152068.0
2024-07-30,111.212047779,103.443559148,111.680749918,102.256845223,486833274.0
2024-07-31,112.588237036,116.696860035,118.013214977,110.57381508,473174182.0
2024-08-01,117.205451717,108.908426632,119.828189214,106.515452906,523462326.0
2024-08-02,103.473476305,106.973783763,108.419779722,101.090076071,482027464.0
2024-08-05,91.805784779,100.172616566,103.124442798,90.439567908,552842375.0
2024-08-06,103.553255393,103.962123216,107.412568744,100.272340425,409012089.0
2024-08-07,107.512292603,98.636869134,108.499558809,98.417476644,411440423.0
2024-08-08,101.718336384,104.680135002,105.208671456,97.250707491,391910023.0
2024-08-09,105.348284858,104.460742512,106.305633907,103.14438757,290844157.0
2024-08-12,106.026407101,108.718951299,110.763290413,105.966572785,325559870.0
2024-08-13,112.129507284,115.819290074,115.909041548,111.271882095,312646660.0
2024-08-14,118.202690309,117.753932943,118.272497011,113.755006189,339246407.0
2024-08-15,118.432055185,122.520733413,122.899684078,117.145617402,318086673.0
2024-08-16,121.603273908,124.235983791,124.654824,120.845372578,302589872.0
2024-08-19,123.936812213,129.64101696,129.64101696,123.079187024,318333577.0
2024-08-20,128.045435212,126.898610832,129.521348328,125.542366346,300087415.0
2024-08-21,126.96343134,128.145159072,128.992811875,126.310240062,257883572.0
2024-08-22,129.660961731,123.398303374,130.388945904,122.760070675,376189076.0
2024-08-23,125.512449189,129.012756647,129.242121523,124.87421649,323230332.0
2024-08-26,129.212204365,126.110792344,130.897537585,124.026563687,331964672.0
2024-08-27,124.704685929,127.945711353,128.843226086,123.537916776,303134573.0
2024-08-28,127.766208407,125.263139541,127.975628511,122.301340922,448101115.0
2024-08-29,121.019889332,117.265286033,124.086398002,116.387716072,453023305.0
2024-08-30,119.199928901,119.040370727,121.413798576,116.896307754,333751583.0
2024-09-03,115.689649057,107.701767936,115.889096776,106.993728535,477155100.0
2024-09-04,105.118919982,105.916710856,112.957215315,103.832482199,372470291.0
2024-09-05,104.695093581,106.913949448,109.347211612,104.470714897,306850696.0
2024-09-06,107.741657479,102.546044415,107.851353724,100.671235862,413638098.0
2024-09-09,104.590383528,106.17599289,106.255771977,103.403669604,273912015.0
2024-09-10,107.512292603,107.801491795,109.097901964,104.66019023,268283736.0
2024-09-11,109.087929578,116.58716379,116.866390596,107.123369552,441422370.0
2024-09-12,116.527324359,118.821169326,120.46675376,115.071231466,367100496.0
2024-09-13,118.761329892,118.78127637,119.633988304,117.285290522,238358328.0
2024-09-16,116.477458164,116.467484925,117.863738383,114.053961089,248772308.0
2024-09-17,117.853765144,115.280669485,118.482079201,114.522703322,231925876.0
2024-09-18,115.579866655,113.066610429,117.385022912,112.917011844,310318937.0
2024-09-19,117.035959547,117.554567975,119.339777754,116.936227157,293506438.0
2024-09-20,116.746735616,115.689572284,118.300665983,115.081304437,382462428.0
2024-09-23,116.238100428,115.948876497,116.676922944,114.552623039,206228490.0
2024-09-24,116.203194091,120.546539672,121.474050898,115.071231466,354966772.0
2024-09-25,121.693462155,123.179474765,124.605647941,121.284559357,284692948.0
2024-09-26,126.460670393,123.708056431,127.323355565,121.474050898,302582868.0
2024-09-27,123.638243759,121.075121338,123.698083192,118.940848194,271009175.0
2024-09-30,117.99339049,121.115014294,121.174853728,117.833818666,227053651.0
2024-10-01,121.439144561,116.686896183,122.107451306,115.480134265,302094485.0
2024-10-02,116.128394799,118.531945396,119.060527062,114.83187373,221845887.0
2024-10-03,120.596405867,122.521240992,124.027200079,120.018057738,277117973.0
2024-10-04,124.605647941,124.585701463,124.70538033,121.503970615,244465552.0
2024-10-07,124.655514136,127.37820838,130.290394165,124.61562118,346250233.0
2024-10-08,129.911411083,132.534372938,133.122794038,129.073659008,285722485.0
2024-10-09,133.751108094,132.295015202,134.160010893,131.02841385,246191612.0
2024-10-10,131.556995517,134.449234824,134.638726365,130.649430769,242311337.0
2024-10-11,133.651375704,134.439261585,135.416639006,133.30231234,170209474.0
2024-10-14,136.104792496,137.700510734,139.2264163,135.935247433,232347668.0
2024-10-15,137.501045955,131.247825108,138.199172684,128.395478757,377831021.0
2024-10-16,133.621455988,135.356799572,136.254391081,131.22787863,264879720.0
2024-10-17,138.967112086,136.56356149,140.51296413,136.503722056,306435921.0
2024-10-18,138.293918454,137.630698062,138.528289571,136.912624854,176090184.0
2024-10-21,137.760350168,143.325417525,143.325417525,137.630698062,264554514.0
2024-10-22,142.527558406,143.205738657,144.033517493,141.4005824,226311589.0
2024-10-23,141.649913374,139.186523344,142.048842934,137.092143156,285930038.0
2024-10-24,140.443151457,140.034248658,140.971733123,138.089467055,172354888.0
2024-10-25,140.552857086,141.161224664,143.744293562,140.423204979,205122109.0
2024-10-28,142.617317557,140.143954287,142.756942902,139.675212054,173586745.0
2024-10-29,139.909583171,140.872000733,141.879098406,138.528289571,157593634.0
2024-10-30,139.166576866,138.962125467,139.954462746,136.443882622,179418082.0
2024-10-31,137.231768502,132.404720831,137.241741741,131.757058691,270039641.0
2024-11-01,134.339529195,135.037655924,136.942544571,134.209877088,207127838.0
2024-11-04,136.842812181,135.685916458,138.588129005,135.207200987,187528173.0
2024-11-05,137.082169917,139.535586709,139.994455435,136.962491049,160537373.0
2024-11-06,142.577424601,145.220332933,146.097977964,141.580100702,242043945.0
2024-11-07,145.998245574,148.481582083,148.531448278,145.778834316,207323303.0
2024-11-08,148.371876454,147.234927209,149.369200353,145.868593467,175665830.0
2024-11-11,148.282117303,144.871269568,148.451662366,143.185792179,182325620.0
2024-11-12,146.387201895,147.893160982,149.249521485,145.619262492,198634738.0
2024-11-13,148.671073623,145.878566706,148.930377837,145.509556864,191903267.0
2024-11-14,147.244900448,146.367255417,148.601260951,145.160493499,194463301.0
2024-11-15,144.482313248,141.60004718,144.85132309,139.705131771,250132869.0
2024-11-18,139.12668391,139.774944444,141.171197903,136.782972747,221865993.0
2024-11-19,140.941813406,146.616586391,146.736265259,140.61269652,227834912.0
2024-11-20,147.015515951,145.499583625,147.165114536,142.348040104,309871654.0
2024-11-21,148.950324315,146.277496266,152.480850918,140.323472589,400946570.0
2024-11-22,145.539476581,141.570127463,146.766184976,140.722402148,236406154.0
2024-11-25,141.610020419,135.655996741,141.669859852,135.456531962,344941875.0
2024-11-26,137.331500892,136.553588251,138.92721913,135.306933377,190287654.0
2024-11-27,134.648699603,134.97781649,136.85278542,131.447289888,226370912.0
2024-11-29,136.413962905,137.880029036,138.977085325,135.685916458,141863156.0
2024-12-02,138.458476898,138.259012118,140.074141614,137.456166379,171682777.0
2024-12-03,137.890002275,139.884650073,140.163900765,137.580831867,164413965.0
2024-12-04,141.615007038,144.7515907,145.399851235,139.91456979,231224295.0
2024-12-05,144.731642797,144.681773167,146.157914241,143.574667361,172621180.0
2024-12-06,144.222972562,142.068604507,145.320104442,140.941550849,188505573.0
2024-12-09,138.607652123,138.448069304,139.585096889,136.772449706,189308625.0
2024-12-10,138.647547828,134.717820913,141.450221084,133.441158362,210020888.0
2024-12-11,137.001850008,138.946765613,139.804523265,134.857455879,184905192.0
2024-12-12,136.722580075,136.981902156,138.079034035,135.445917524,159211393.0
2024-12-13,138.577730344,133.899958966,139.236009472,132.194417589,231514881.0
2024-12-16,133.830141483,131.655825576,134.049567859,130.079945239,237951130.0
2024-12-17,128.753413057,130.050023461,131.246894602,126.529227519,259410263.0
2024-12-18,133.510975845,128.573882386,136.34357088,127.945525037,277444533.0
2024-12-19,131.416451347,130.33926732,133.68053259,129.212213661,209719210.0
2024-12-20,129.471535742,134.348785644,134.927273363,127.885681479,306528553.0
2024-12-23,135.924665981,139.305826956,139.42551407,134.767790283,176053506.0
2024-12-24,139.63496652,139.854392895,141.530012494,138.288486485,105156989.0
2024-12-26,139.335748734,139.565149036,140.482750245,137.370885277,116519090.0
2024-12-27,138.188747223,136.652762592,138.657521754,134.35875957,170582603.0
2024-12-30,134.478446684,137.131511048,139.904262526,133.670558664,167734700.0
2024-12-31,137.670103062,133.939854671,137.709998767,133.481054066,155659211.0
2025-01-02,135.645396048,137.949372995,138.517886787,134.278968161,198247166.0
2025-01-03,139.644940446,144.093311522,144.522190348,139.365670513,229322478.0
2025-01-06,148.202569108,149.040378907,151.759271184,147.434676532,265377359.0
2025-01-07,152.630992332,139.774601486,152.730731594,139.644940446,351782174.0
2025-01-08,142.208239474,139.744679707,143.574667361,137.201328532,227349948.0
2025-01-10,137.091615344,135.555630712,139.55517511,133.870037187,207602514.0
2025-01-13,129.651066413,132.882618496,133.141940576,129.172317957,204808914.0
2025-01-14,135.695265678,131.416451347,136.024405242,129.71090997,195590485.0
2025-01-15,133.301523395,135.884770276,136.094222726,130.947676817,185217338.0
2025-01-16,138.278512559,133.221731986,138.388225747,133.141940576,209235583.0
2025-01-17,136.333596954,137.350937424,138.138877593,135.111691258,201188760.0
2025-01-21,138.79715672,140.462802392,141.46019501,136.732554001,197748985.0
2025-01-22,144.282816119,146.686532329,147.404655014,143.295397428,237651395.0
2025-01-23,144.67179924,146.836141221,146.846115148,143.345267058,155915549.0
2025-01-24,147.983142732,142.248135179,148.581578303,141.510064641,234657635.0
2025-01-27,124.474598726,118.111233823,128.065212151,116.39571852,818830895.0
2025-01-28,121.492394798,128.653673795,128.663647722,115.946891842,579666350.0
2025-01-29,126.170166177,123.377466846,126.559149298,119.73698379,467120640.0
2025-01-30,122.779031275,124.324989833,124.67407725,117.792068185,392925469.0
2025-01-31,123.457258256,119.756931643,127.516646211,118.879226139,390372899.0
2025-02-03,114.450802915,116.355822815,118.260842716,112.71533976,371235677.0
2025-02-04,116.655040601,118.340634125,120.883985301,116.39571852,256550040.0
2025-02-05,121.442525167,124.504520504,124.67407725,120.445132549,263110629.0
2025-02-06,127.087767385,128.344482084,128.434247419,124.883529699,251483574.0
2025-02-07,128.883074097,129.501457521,130.030075608,124.67407725,228186298.0
2025-02-10,129.750805675,133.221731986,134.64800343,129.621144635,216989086.0
2025-02-11,132.234313294,132.45373967,134.129359268,130.67838081,178902379.0
2025-02-12,129.680988192,130.798067924,131.895199804,128.743439131,160278552.0
2025-02-13,131.21198586,134.937247289,136.144092357,130.827989703,197429975.0
2025-02-14,136.124144504,138.487965009,138.886922056,135.146699739,195479557.0
2025-02-18,140.901655144,139.036530949,143.065997125,137.565376837,219176627.0
2025-02-19,139.146244137,138.866974204,140.99142048,136.862215041,167536006.0
2025-02-20,139.664888298,139.744679707,140.293245647,136.433435955,143903583.0
2025-02-21,139.674862224,134.079489637,141.091159742,133.68053259,228217585.0
2025-02-24,136.203935914,129.940310273,138.228642928,129.740831749,251381137.0
2025-02-25,129.641092487,126.299827217,129.860518863,124.115537383,271428711.0
2025-02-26,129.64607945,130.937702891,133.381314805,128.154977486,322553814.0
2025-02-27,134.64800343,119.836723052,134.657977356,119.697088086,443175846.0
2025-02-28,117.712276776,124.59428584,124.763842585,116.096500735,389091145.0
2025-03-03,123.187962249,113.762602009,123.377466846,111.987243149,411381373.0
2025-03-04,110.356506218,115.687569761,118.998913253,109.822901167,398163305.0
2025-03-05,117.273424024,116.994154091,117.969703811,114.211428687,284337886.0
2025-03-06,113.233983921,110.281701772,115.049238486,109.932614355,321181861.0
2025-03-07,110.959928752,112.396174122,113.18411429,107.279549992,341755468.0
2025-03-10,109.613448718,106.701062273,111.558364323,105.185025494,366487363.0
2025-03-11,106.711036199,108.476421133,111.943357873,104.496824587,354865692.0
2025-03-12,113.832912081,115.448836701,116.466270721,112.596031509,323857454.0
2025-03-13,116.73559149,115.289239208,117.463755054,113.503742252,299033131.0
2025-03-14,118.311616737,121.363918796,121.573390506,117.852773943,277593455.0
2025-03-17,122.431227032,119.229302323,122.580849682,117.733075823,255501481.0
2025-03-18,117.703151294,115.139616558,118.720585313,114.251855501,299686944.0
2025-03-19,116.97498773,117.224358814,120.142000488,115.388987641,273426225.0
2025-03-20,116.256799011,118.23181799,119.897616826,116.177000264,248829749.0
2025-03-21,116.645817901,117.403905994,117.69317645,115.129641714,266498528.0
2025-03-24,119.57842184,121.104572869,121.912535179,119.0397803,228452534.0
2025-03-25,120.241748921,120.386384149,120.984874749,118.62083688,167447198.0
2025-03-26,118.431314857,113.473817722,118.541038133,112.426459172,296431667.0
2025-03-27,111.069880479,111.149679226,114.162081911,110.381616289,236902055.0
2025-03-28,111.204540864,109.3941068,112.586056665,108.795715948,229872549.0
2025-03-31,104.865527928,108.10735201,110.675874168,103.389251115,299212653.0
2025-04-01,108.242012395,109.872899279,109.922773496,106.202156934,222614034.0
2025-04-02,107.020094087,110.142220049,111.698295609,106.521351921,220601243.0
2025-04-03,103.249603308,101.543905099,105.364270094,101.344408232,338769412.0
2025-04-04,98.661175377,94.072747445,99.878106263,91.878281912,532273810.0
2025-04-07,87.239979764,97.394370274,101.494030882,86.402092924,611041347.0
2025-04-08,103.543861187,96.057741267,105.583716648,94.222370095,476243392.0
2025-04-09,98.64122569,114.042383791,114.810446728,97.284746745,612918336.0
2025-04-10,109.0948615,107.2993897,110.581113156,98.900571616,437812353.0
2025-04-11,108.22705013,110.650937059,111.269277597,107.20961611,313417265.0
2025-04-14,113.822937238,110.431490506,114.002484418,108.7956162,264705049.0
2025-04-15,110.690836433,111.917742162,113.329182493,110.222018796,228966900.0
2025-04-16,104.286987015,104.227137955,106.521351921,100.197301249,397016870.0
2025-04-17,104.187238581,101.234684956,104.207188268,99.798307516,292517465.0
2025-04-21,98.52152757,96.666206711,99.189842073,94.800911008,288501136.0
2025-04-22,98.531502413,98.64122569,99.559908761,97.035275914,241004784.0
2025-04-23,104.257062485,102.451615842,104.536358098,101.763351652,247525971.0
2025-04-24,103.214691357,106.162257561,106.271980837,102.850609575,220815041.0
2025-04-25,106.581200981,110.730735806,111.638446549,105.464018528,251064672.0
2025-04-28,109.414056486,108.456471527,110.092246084,105.753288984,207708479.0
2025-04-29,107.399138134,108.745741983,109.922673748,107.169716737,170444263.0
2025-04-30,104.207188268,108.64599355,108.64599355,103.818169378,235044611.0
2025-05-01,112.795528375,111.329226406,114.650849235,111.020006262,236121507.0
2025-05-02,113.892761141,114.211956128,115.109692028,113.084798832,190194778.0
2025-05-05,112.620968617,113.533666782,114.376541043,112.376584955,133163241.0
2025-05-06,111.199553442,113.254371168,114.451352368,110.543208751,158525621.0
2025-05-07,112.760616423,116.76551602,117.383956307,111.999336381,207827821.0
2025-05-08,117.952522377,117.074736164,118.38144064,115.558559978,198428122.0
2025-05-09,117.054786477,116.356547444,117.93257269,114.920170004,132972189.0
2025-05-12,121.663164096,122.690572959,122.690572959,119.977415573,225023345.0
2025-05-13,124.665591938,129.603139386,130.888796943,124.156874928,330430105.0
2025-05-14,132.859925733,134.999529628,135.094290639,131.348736969,281180830.0
2025-05-15,133.9571585,134.490812618,135.957114587,132.326271615,226632563.0
2025-05-16,135.877315841,135.059378688,136.006988804,133.124259082,226542451.0
2025-05-19,132.056950845,135.228951024,135.528196324,132.056950845,193154571.0
2025-05-20,133.952171078,134.041944668,134.241441535,132.286372242,161514247.0
2025-05-21,132.725265348,131.468435089,137.054347354,130.261479046,270608738.0
2025-05-22,131.897353352,132.495843952,133.912271705,131.219064006,187343954.0
2025-05-23,129.67296329,130.959718079,132.346221302,128.83507645,198821324.0
2025-05-27,133.812523271,135.159127121,135.318724614,132.974636432,192953613.0
2025-05-28,135.682806396,134.470862931,136.904724704,134.450913245,304021146.0
2025-05-29,141.887158947,138.83984431,143.129026942,137.563064364,370615167.0
2025-05-30,138.366039252,134.790057918,139.268762573,132.585617542,333170851.0
2025-06-02,135.149152278,137.034397667,137.772536073,135.059378688,197663116.0
2025-06-03,138.430875733,140.864737506,141.642775286,137.602963737,225578783.0
2025-06-04,141.832297309,141.562976539,142.031794175,139.193951248,167120819.0
2025-06-05,141.812347622,139.637831776,143.637743952,138.48074995,232410759.0
2025-06-06,142.151492295,141.363479672,142.909580388,141.154007962,153986153.0
2025-06-09,142.829781642,142.271190415,144.635228285,141.582926226,185114494.0
2025-06-10,142.331039475,143.597844578,143.927014408,141.168970227,155881897.0
2025-06-11,144.25623,142.480584544,144.635300378,141.522933062,167694044.0
2025-06-12,141.622688425,144.645275915,144.645275915,141.502981989,162364991.0
2025-06-13,142.131440774,141.622688425,143.228749764,140.510416131,180820565.0
2025-06-16,142.994324662,144.33603429,145.817401426,142.849779141,183133666.0
2025-06-17,144.136523565,143.767428723,144.864737712,143.42826049,139108000.0
2025-06-18,143.652710056,145.124101655,145.293685772,142.769875096,161494121.0
2025-06-20,145.094175047,143.498089243,145.842340267,142.301024891,242956157.0
2025-06-23,142.151391847,143.817306404,144.425814117,141.682541642,154308941.0
2025-06-24,145.203905946,147.538181433,147.59803465,145.144052728,187566121.0
2025-06-25,148.904829902,153.932500182,154.07215769,148.894854366,269146471.0
2025-06-26,155.593426971,154.640763257,156.331616655,153.623258558,198145746.0
2025-06-27,155.658267957,157.364084659,158.321736141,154.875188359,263234539.0
2025-06-30,158.012494516,157.603497529,158.271858459,155.578463666,194580316.0
2025-07-01,155.907656363,152.924971019,156.815430164,151.119398954,213143621.0
2025-07-02,152.605753858,156.865307845,157.214451615,152.595778322,171224111.0
2025-07-03,157.982567907,158.950194926,160.586182874,157.384035731,143716055.0
2025-07-07,157.812983791,157.852885936,158.920268317,156.957082779,140138975.0
2025-07-08,158.940219389,159.60858032,159.828042117,158.00251898,138133025.0
2025-07-09,160.825595744,162.481534765,164.017767351,160.765742527,183656443.0
2025-07-10,163.918011988,163.69855019,164.097571641,161.214641659,167704075.0
2025-07-11,163.314492044,164.516544164,167.479278437,163.070091405,193633263.0
2025-07-14,164.965443296,163.668623581,165.085149732,161.623638646,136975754.0
2025-07-15,170.771205406,170.282404128,171.978245294,168.78108592,230627350.0
2025-07-16,170.641523434,170.950765058,171.329835437,168.4868076,158831509.0
2025-07-17,171.599174916,172.576777471,173.733939678,170.4120861,160841119.0
2025-07-18,173.215211792,171.988220831,173.823719504,170.84103416,146456416.0
2025-07-21,172.327389064,170.960740595,172.955847849,170.581670217,123126136.0
2025-07-22,170.92083845,166.621382317,170.970716131,164.177375931,193114327.0
2025-07-23,169.115266385,170.362208419,170.84103416,167.559082727,154082197.0
2025-07-24,172.018147439,173.314967154,173.404746981,170.880936305,128984628.0
2025-07-25,173.185285183,173.075554284,174.292569709,172.536875325,122316792.0
2025-07-28,173.59428217,176.317603572,176.566991979,173.544404489,140023521.0
2025-07-29,177.52464346,175.080637074,178.941169611,174.591835797,154077512.0
2025-07-30,176.078190701,178.831438712,179.449921961,175.609340497,174312208.0
2025-07-31,182.452558378,177.434863634,182.851579829,175.499609598,221685446.0
2025-08-01,173.664110924,173.295016082,176.10811731,170.471939318,204528985.0
2025-08-04,174.731493305,179.55965286,179.759163585,174.093058984,148174609.0
2025-08-05,179.180582481,177.823909549,179.819016803,175.469682989,156407621.0
2025-08-06,175.89364328,178.981071756,179.459897497,175.818826758,137192265.0
2025-08-07,181.125812054,180.327769152,183.430160932,178.357600739,151878365.0
2025-08-08,181.105860981,182.253047652,182.851579829,179.95867431,123396679.0
2025-08-11,181.604637795,181.614613331,183.390258787,179.809041266,138323191.0
2025-08-12,182.512411595,182.711922321,184.028693108,179.020973901,145729202.0
2025-08-13,182.168255594,181.145763126,183.519940759,178.911243002,179871724.0
2025-08-14,179.310264453,181.574711186,182.572264813,179.020973901,129553959.0
2025-08-15,181.435053678,180.008551992,181.455004751,177.606143592,156602161.0
2025-08-18,180.158185036,181.56473565,182.489966639,180.148209499,132007959.0
2025-08-19,181.983708173,175.210319046,182.053536927,175.060686002,185229219.0
2025-08-20,174.736481073,174.970906175,175.569438352,168.388049791,215142725.0
2025-08-21,174.42225168,174.551933652,176.467236616,173.384795908,140040850.0
2025-08-22,172.187731556,177.554570069,178.153102245,170.781180942,172789427.0
2025-08-25,177.913689375,179.37011767,181.464980287,176.138043919,163012789.0
2025-08-26,179.614518309,181.325322779,181.943806028,178.372564043,168688186.0
2025-08-27,181.534809041,181.155738663,182.043561391,178.661854595,235518949.0
2025-08-28,180.377646834,179.729236976,184.018717572,175.978435339,281787824.0
2025-08-29,177.674276504,173.75389075,177.71417865,172.721422746,243257873.0
2025-09-02,169.58411659,170.362208419,171.957296668,166.810917506,231164853.0
2025-09-03,170.641523434,170.202599838,171.988220831,168.461868759,164424873.0
2025-09-04,170.152722157,171.24005561,171.439566336,168.99555995,141670144.0
2025-09-05,167.618935944,166.611406781,168.616489571,163.668623581,224441435.0
2025-09-08,167.140110203,167.89825096,170.541768071,166.940599478,163769133.0
2025-09-09,168.676342789,170.342257346,170.561719144,166.332191521,157548392.0
2025-09-10,176.207872673,176.896184675,178.851389784,175.040734929,226852020.0
2025-09-11,179.250544136,176.746543325,179.849110067,176.058192504,151159274.0
2025-09-12,177.345109256,177.39498975,178.168137411,176.028264208,124911026.0
2025-09-15,175.250128497,177.325157058,178.422527932,174.092901031,147061559.0
2025-09-16,176.576949645,174.462016688,177.075754587,173.963211746,140737775.0
2025-09-17,172.227370546,169.882987316,172.786032082,168.007480732,211843817.0
2025-09-18,173.564167792,175.818766132,176.676710633,172.546605709,191763313.0
2025-09-19,175.349889486,176.247738382,177.65436832,174.761299654,237182143.0
2025-09-22,174.88101284,183.171150984,184.108904276,174.287734241,269637001.0
2025-09-23,181.535070773,178.00353178,181.983995221,175.788837835,192559552.0
2025-09-24,179.340329026,176.547021348,179.350305125,174.980773829,143564116.0
2025-09-25,174.062972734,177.265300465,179.82915787,172.71121134,191586733.0
2025-09-26,177.74415321,177.764105408,179.340329026,174.511897183,148573732.0
2025-09-29,179.993763501,181.415357587,183.56021884,179.889014463,193063455.0
2025-09-30,181.64480786,186.134052343,186.902211954,181.046241929,236981032.0
2025-10-01,184.797255097,186.792474867,187.690323763,183.460457851,173844901.0
2025-10-02,189.146834196,188.438531177,190.593368529,187.610514973,136805821.0
2025-10-03,188.737814143,187.171566623,189.905017708,184.936920481,137596896.0
2025-10-06,185.056633667,185.096538062,186.782498768,182.891820217,157678104.0
2025-10-07,185.784888883,184.59773312,188.608124858,183.56021884,140088008.0
2025-10-08,186.124076244,188.658005352,189.146834196,186.094147947,130168861.0
2025-10-09,191.765560144,192.109735554,194.83321054,190.603344628,182997234.0
2025-10-10,193.042500796,182.722226536,195.152445703,181.614879564,268774359.0
2025-10-13,187.515742034,187.869893543,189.655515476,185.515534214,153482755.0
2025-10-14,184.328378451,179.599707596,184.358306748,179.270496334,205641380.0
2025-10-15,184.358306748,179.400185619,184.428139439,176.866256511,214450482.0
2025-10-16,181.794449343,181.375453191,182.841939722,179.340329026,179723309.0
2025-10-17,179.749349079,182.782083129,183.659979828,179.320376828,173135217.0
2025-10-20,182.69229824,182.203469396,184.757350702,181.295644401,128544711.0
2025-10-21,182.348122829,180.727006766,182.348122829,179.370257323,124240168.0
2025-10-22,180.707054568,179.849110067,183.001557304,176.337523272,162249552.0
2025-10-23,179.988775451,181.724616651,182.592537251,179.360380985,111363718.0
2025-10-24,183.395613208,185.81481718,187.02192514,183.061413897,131296677.0
2025-10-27,189.535902051,191.032316878,191.54109792,187.981426328,153452704.0
2025-10-28,192.588588299,200.549515181,202.664448137,191.45131303,297986180.0
2025-10-29,207.482903882,206.54515059,211.682741737,204.2855642,308829564.0
2025-10-30,204.659667907,202.405069567,205.667253891,200.928606937,178864443.0
2025-10-31,205.956560758,202.006025613,207.472927783,201.587029461,179802178.0
2025-11-03,207.58266487,206.385533008,210.829885046,205.06868796,180267285.0
2025-11-04,202.514806655,198.21510805,203.482388482,197.456924538,188919320.0
2025-11-05,198.294916841,194.74342565,202.434997864,194.184764115,171350332.0
2025-11-06,195.950533611,187.63046717,197.147665473,185.934530366,223029778.0
2025-11-07,184.458067736,187.700299862,187.869893543,178.482384525,264942255.0
2025-11-10,194.643664662,198.574247609,199.462120406,193.326819614,198897134.0
2025-11-11,194.688557107,192.698325386,194.952923726,190.842771,176483327.0
2025-11-12,195.252206692,193.336795713,195.421800372,190.67317732,154935263.0
2025-11-13,190.593368529,186.413383111,190.982436384,183.410577357,207423074.0
2025-11-14,182.422943571,189.71547183,190.553464133,180.148393033,186591856.0
2025-11-17,185.520522264,186.154004541,188.548268265,183.879454003,173628858.0
2025-11-18,182.936712661,180.926528743,184.358306748,179.22061584,213598877.0
2025-11-19,184.348330649,186.07419575,187.406004946,182.393115035,247246436.0
2025-11-20,195.481656965,180.208249626,195.53153746,179.420137817,343504849.0
2025-11-21,180.801827507,178.452456228,184.118880375,172.516677413,346926153.0
2025-11-24,179.060998258,182.113684506,183.061413897,176.058192504,256618335.0
2025-11-25,174.491944985,177.39498975,177.734177111,169.144756001,320600271.0
2025-11-26,181.195883412,179.82915787,182.472824065,177.813985902,183852010.0
2025-11-28,178.582145513,176.576949645,178.861476281,176.078144702,121332776.0
2025-12-01,174.342303502,179.489970509,179.869062265,173.264884826,188130955.0
2025-12-02,181.325572697,181.026289732,185.216251249,179.5697793,182632230.0
2025-12-03,180.647197975,179.160759247,182.013923518,178.682006263,165138023.0
2025-12-04,181.195996849,182.95188802,184.084238292,179.539872222,167364857.0
2025-12-05,183.460697393,181.984152545,184.228899781,180.487654388,143971098.0
2025-12-08,182.213615596,185.11682202,187.561102344,181.974175891,204378106.0
2025-12-09,185.126798675,184.538176066,185.283132849,182.892028094,144719705.0
2025-12-10,184.533187739,183.350954195,185.04698544,181.610028006,162785370.0
2025-12-11,179.854136835,180.507607697,180.896697218,176.207669659,182136641.0
2025-12-12,180.687187476,174.611404958,182.393195375,174.212338783,204274918.0
2025-12-15,177.520597375,175.878440065,177.99847912,174.621381613,164775636.0
2025-12-16,175.848510101,177.305101641,178.073304028,174.491685106,148588098.0
2025-12-17,175.688883631,170.540929971,175.718813594,169.912400745,222775464.0
2025-12-18,174.122548894,173.733459373,175.738766903,171.418875557,176096001.0
2025-12-19,176.252564604,180.567467623,181.026393725,175.928323336,324925927.0
2025-12-22,183.490627356,183.261164306,183.730067062,181.924292619,129064369.0
2025-12-23,182.54284519,188.768277523,188.887997376,182.47300861,174873621.0
2025-12-24,187.501242417,188.169678261,188.468977892,186.154394076,65528545.0
2025-12-26,189.476619984,190.085195902,192.240153248,187.561102344,139740292.0
2025-12-29,187.271779366,187.78058874,188.314339749,185.475981578,120006103.0
2025-12-30,187.800542049,187.102176242,188.548791127,186.493600325,97687274.0
2025-12-31,189.127437081,186.064604187,190.115125865,186.054627532,120100484.0
2026-01-02,189.391818422,188.409117966,192.479493186,187.820495357,148240462.0
2026-01-05,191.31232439,187.680822196,193.177958759,185.715421283,183529733.0
2026-01-06,190.075219247,186.802876611,191.725357882,186.383857127,176862604.0
2026-01-07,188.129771643,188.66851098,190.92323487,186.124464113,153543174.0
2026-01-08,188.66851098,184.608012647,189.107483772,183.281117614,172457048.0
2026-01-09,184.647919265,184.428432868,185.904977716,183.241310764,131327534.0
2026-01-12,182.79226155,184.508246103,186.683156758,182.592728462,137968453.0
2026-01-13,184.563117702,185.376215034,187.670745775,182.971841329,160128939.0
2026-01-14,183.889693532,182.712448315,184.029366693,180.37791119,159586135.0
2026-01-15,186.064604187,186.613320177,189.257133588,185.895001062,206188642.0
2026-01-16,188.633592689,185.795234518,189.995406012,185.645584703,187967169.0
2026-01-20,181.475343172,177.654284544,181.95282585,177.195358443,223345257.0
2026-01-21,178.631996673,182.892028094,184.946221231,177.983514139,200380959.0
2026-01-22,184.31868967,184.408479559,185.735374592,183.500604011,139636626.0
2026-01-23,187.062269625,187.231872749,189.157367044,186.387149423,142748076.0
2026-01-26,186.723063376,186.034674223,188.678487634,185.555794813,124799649.0
2026-01-27,186.802876611,188.079888371,189.55643322,185.266471836,143711557.0
2026-01-28,190.823468326,191.072884685,191.900946999,189.396806749,148552677.0
2026-01-29,190.893304906,192.060573469,193.028308944,185.625631394,171764375.0
2026-01-30,190.763608399,190.683795164,194.035951036,189.027670537,179489463.0
2026-02-02,186.762969993,185.176681947,189.855732851,184.448386177,165794054.0
2026-02-03,185.805211173,179.918985088,185.835141136,175.818580138,204019589.0
2026-02-04,179.041039503,173.783342645,179.160759356,171.508665446,207014116.0
2026-02-05,174.516626742,171.478735483,176.402214419,170.630719861,206312890.0
2026-02-06,176.27750624,184.977148859,186.563436906,174.192385474,231346241.0
2026-02-09,183.829833605,189.596339837,193.207888723,183.52055732,196387351.0
2026-02-10,190.933211524,188.09984168,192.030643506,187.680822196,136764825.0
2026-02-11,192.000713543,189.606316491,192.808822547,188.329304731,144192685.0
2026-02-12,192.579359497,186.503576979,193.158005451,186.074580841,189932491.0
2026-02-13,187.037327989,182.38321872,187.062269625,181.166066886,161888021.0
2026-02-17,181.325693356,184.538176066,186.713086721,178.76169318,162276860.0
2026-02-18,188.309351422,187.541149035,189.925569432,186.3239972,164749125.0
2026-02-19,186.618308505,187.4613358,187.990098482,185.226565219,126554526.0
2026-02-20,186.134440767,189.376853441,189.885662814,185.503716677,178422337.0
2026-02-23,190.953164833,191.102814648,193.4972117,189.132425408,171584839.0
2026-02-24,191.042954722,192.399779718,193.317631921,186.962503081,175123602.0
2026-02-25,193.996044419,195.103453055,197.168520745,193.33758523,250637102.0
2026-02-26,193.81646464,184.458362831,193.836417949,183.884705204,360807907.0
2026-02-27,180.826860637,176.776338959,182.163732324,175.968229954,311636494.0
2026-03-02,174.601428304,182.053989126,183.031701255,174.232292092,209095331.0
2026-03-03,178.073304028,179.629662111,180.477677734,176.50696929,178099430.0
2026-03-04,180.018751632,182.612681771,184.268806398,179.639638766,177731198.0
2026-03-05,180.747047402,182.911981402,183.630300518,177.464728111,198779729.0
2026-03-06,179.420152369,177.404868185,182.329444553,176.407302513,189021949.0
2026-03-09,176.417179401,182.22359225,182.482985264,175.150144295,177213588.0
2026-03-10,181.974175891,184.338642979,186.00474426,181.58508637,179118528.0
2026-03-11,185.486020532,185.605746865,187.192120769,184.029350154,145280386.0
2026-03-12,183.630262379,182.722337692,184.518232678,181.335507674,155762663.0
2026-03-13,184.49827829,179.838928519,185.665610031,179.529635493,160988424.0
2026-03-16,182.552725387,182.802155247,188.44924726,180.996283066,217307380.0
2026-03-17,184.637959011,181.515097173,184.977183619,181.266066401,182497757.0
2026-03-18,182.063842863,179.988586434,182.961790357,179.918746074,156683136.0
2026-03-19,177.60403698,178.15278267,179.569544271,175.384111233,170968527.0
2026-03-20,177.594059786,172.306146769,177.853466839,171.328381721,241323528.0
2026-03-23,176.850758805,175.239441914,177.963215977,174.36144881,182836294.0
2026-03-24,174.43128917,174.800445362,175.818119188,173.583227649,147667844.0
2026-03-25,176.696112292,178.272509003,180.806716373,176.446682433,162602054.0
2026-03-26,175.668461272,170.849476391,176.107457824,170.749704448,186152232.0
2026-03-27,169.61230429,167.137960086,170.580092143,166.629123173,196212684.0
2026-03-30,168.395086576,164.793319409,169.063558599,163.895371915,185626992.0
2026-03-31,166.589214395,174.002269812,174.221768088,166.579237201,226181301.0
2026-04-01,175.598620912,175.349191052,176.96549654,174.351471615,168132005.0
2026-04-02,171.787332662,176.985450929,177.085222873,170.979179918,143143157.0
2026-04-06,176.750986861,177.234880788,177.384538704,175.359168247,107564279.0
2026-04-07,175.324248066,177.693831729,177.823535256,173.263957429,132534902.0
2026-04-08,184.079236126,181.664755088,184.837502898,179.888814491,147732686.0
2026-04-09,181.425302424,183.490581658,183.660193962,180.20808471,116428523.0
2026-04-10,183.889669433,188.199817401,189.56669303,183.879692239,160459524.0
2026-04-13,185.605746865,188.878266618,189.227468421,185.316408228,133648180.0
2026-04-14,190.404777357,196.061846564,196.061846564,190.334936996,161307010.0
2026-04-15,196.091778147,198.416464436,199.942975174,195.293602598,185338388.0
2026-04-16,196.979748446,197.897650328,199.394229484,195.363442958,134012859.0
2026-04-17,199.444115456,201.220056054,201.240010442,198.81555221,160324416.0
2026-04-20,199.523933011,201.59918944,201.708938578,197.3885141,119381388.0
2026-04-21,201.6690298,199.424161067,202.287615851,198.546167963,107945302.0
2026-04-22,200.531629642,202.038185992,202.038185992,198.546167963,107501042.0
2026-04-23,201.998277215,199.184708402,203.364155124,196.770825996,113561830.0
2026-04-24,199.503978622,207.795027143,210.468915235,199.354320706,214134441.0
2026-04-27,209.166891369,216.116007248,216.330516927,206.907056845,187172421.0
2026-04-28,209.012244857,212.683852385,214.240294707,207.725186783,180275363.0
2026-04-29,212.214924249,208.772792192,212.234878638,207.10241031,123711821.0
2026-04-30,209.451241409,199.114868042,209.820397601,198.246852131,225239156.0
2026-05-01,200.820968279,197.997422272,202.537045711,196.670455421,128646996.0
2026-05-04,199.045027681,198.027353855,201.269942026,194.295883161,125368092.0
2026-05-05,198.845483794,196.05186937,199.783340064,195.582941235,113406620.0
2026-05-06,199.434138261,207.356030591,207.790038546,198.157057382,188362812.0
2026-05-07,207.864867504,211.017660925,213.711503405,206.02906374,168307873.0
2026-05-08,212.544171664,214.709222842,217.303293378,212.404490942,136421361.0
2026-05-11,213.546879698,218.939553255,221.793030845,213.402210379,160685774.0
2026-05-12,218.046594359,220.2764973,223.239724028,214.4298614,159176619.0
2026-05-13,224.417032964,225.314980457,227.320396526,221.060006374,150405386.0
2026-05-14,229.325812594,235.202380078,236.000555627,228.777066904,180782857.0
2026-05-15,229.236017845,224.806143544,230.972049665,223.728606552,180977639.0
2026-05-18,229.345766983,221.812985233,229.47547051,217.871993457,146280896.0
2026-05-19,219.119142753,220.106884996,223.968059217,217.413042516,140948207.0
2026-05-20,222.671023949,222.960362586,225.614296288,219.992147261,184201587.0
2026-05-21,221.78305365,219.009393615,226.881300201,217.432996905,203381760.0
2026-05-22,220.400214511,214.838926369,220.505972771,214.310135067,169275710.0
2026-05-26,216.046166887,214.369998233,217.682426764,211.516520644,187202576.0
2026-05-27,213.63168585,212.115152306,213.661617433,208.303864056,167601172.0
2026-05-28,210.793174052,213.761389377,215.027595114,210.738299483,143996048.0
2026-05-29,214.085648194,210.658481928,217.363056772,210.648504733,289410623.0
2026-06-01,215.238014144,223.848332885,224.357169798,215.20808256,212850685.0
2026-06-02,226.661901697,222.311844952,231.750270826,220.845197379,193362903.0
2026-06-03,221.214353571,214.260249095,222.311844952,214.02079643,160907001.0
2026-06-04,213.665914317,218.415599563,221.352313469,210.734194822,169022152.0
2026-06-05,214.290215742,204.870755833,214.629835718,204.101616476,219655531.0
2026-06-08,209.94507782,208.406799107,210.234753682,205.769749886,138372837.0
2026-06-09,210.379591612,207.957302081,211.163714203,199.117193894,180962450.0
2026-06-10,204.201504704,200.195986758,206.988386268,199.696545617,161746587.0
2026-06-11,201.264790798,204.641012908,205.43012991,199.31697035,158643204.0
2026-06-12,204.631024085,204.960655238,206.838553926,203.211112923,112345314.0
2026-06-15,208.686486146,212.212540598,212.472949209,208.107134423,149936688.0
2026-06-16,210.943960101,207.178173902,211.253613608,207.058308028,125694100.0
2026-06-17,208.296922056,204.421258806,208.976162008,202.853013625,128363473.0
2026-06-18,207.098263319,210.454507783,211.15372538,206.269191026,241272013.0
2026-06-22,211.203669494,208.41678793,213.750819311,207.487827409,122041419.0
2026-06-23,201.944030749,199.816411491,203.542242399,199.7764562,153496196.0
2026-06-24,199.896322073,198.777573919,201.444589609,196.360278798,151810704.0
2026-06-25,199.856366782,195.521217682,200.575562024,191.915252648,150205647.0
2026-06-26,192.904146106,192.31480556,195.331430049,191.006269772,179304147.0
2026-06-29,193.633330171,194.752078326,195.960725886,189.587856933,148835724.0
2026-06-30,197.019541104,199.866355605,200.405752037,194.891921845,166476665.0
2026-07-01,195.980703532,197.359161079,199.626623857,193.233777259,146147597.0
2026-07-02,196.919652876,194.612234807,199.831394725,192.13500675,142385548.0
2026-07-06,194.202693072,195.331430049,197.329194611,193.773173691,108999015.0
2026-07-07,192.154984395,196.709887597,198.188233373,190.92635919,124154574.0
2026-07-08,194.961843605,203.891851197,204.930688769,194.841977731,147419133.0
2026-07-09,204.231471173,202.553348941,204.356331458,198.737618627,132037359.0
2026-07-10,201.774220762,210.724205999,210.764161291,201.694310179,148421001.0
2026-07-13,208.306910879,203.302510651,210.33464191,202.773103043,121411018.0
2026-07-14,207.967290904,211.563267115,212.312428826,203.572208867,124379646.0
2026-07-15,211.72308828,212.262484712,213.5710205,205.809705177,124797151.0
2026-07-16,209.935088997,207.168185079,210.844071873,205.614923132,122986074.0
2026-07-17,202.413505421,202.583315409,206.414028957,197.748725169,144281910.0
2026-07-20,205.639895189,203.052790081,207.507805054,202.0539078,88701540.0
2026-07-21,207.308028598,207.058308028,208.41678793,203.781974146,108685563.0
2026-07-22,205.574967841,211.822976508,214.150372223,204.72092349,137645596.0
2026-07-23,209.220888166,208.526664981,210.633008047,205.729794594,110505328.0
2026-07-24,207.218129193,206.608811002,211.673044278,204.581079971,114836805.0
2026-07-27,207.967290904,196.290357039,208.516676158,195.221552998,154353698.0
2026-07-28,194.782044795,196.789798179,198.477909234,192.524570839,134111494.0
2026-07-29,195.626100322,189.797622212,196.853726645,189.797622212,147680809.0
2026-07-30,193.233777259,194.822000086,197.029529927,191.305934457,129010151.0
2026-07-31,198.218699282,200.52561791,201.774220762,194.73210068,139961152.0
2026-08-03,197.46903813,206.409034545,208.506687335,196.629977014,128406883.0
2026-08-04,211.063825975,211.703110635,212.821858789,208.816340843,134921997.0
2026-08-05,216.617611457,218.97497364,221.971620483,216.158125608,158187403.0
2026-08-06,221.282391709,218.745230716,223.3800445,216.757454977,113940644.0
2026-08-07,221.292380532,223.709675652,224.508781477,220.413364125,105669440.0
2026-08-10,223.150301575,217.306840231,223.88737681,216.527712052,115846596.0
2026-08-11,221.921676369,217.256896117,221.951642838,215.958349152,101273148.0
2026-08-12,220.792939392,223.839530349,224.848401453,219.953878276,108783636.0
2026-08-13,224.80345175,225.048177909,226.976020711,223.459955082,98867226.0
2026-08-14,226.51154045,224.908334389,227.235730104,224.249072084,75680870.0
2026-08-17,225.72741786,224.758502047,227.665249485,224.608669705,93678685.0
2026-08-18,220.203598846,219.494392426,221.39226876,218.445765808,103128247.0
2026-08-19,221.422235229,217.316829054,222.620893966,216.517723229,96797314.0
2026-08-20,218.115934879,216.607622634,219.6142583,215.41895272,92457037.0
2026-08-21,218.175867816,214.480003376,218.495510145,214.260249274,98869300.0
2026-08-24,215.289098023,208.246977942,215.34903096,207.018352737,135187288.0
2026-08-25,210.789133348,212.811869967,214.489992199,209.87515606,122309019.0
2026-08-26,212.402328231,209.425659034,213.361255221,208.996139653,179900003.0
2026-08-27,222.610905143,227.725182422,230.212399302,220.653095872,298909822.0
2026-08-28,227.105875408,217.306840231,229.003751742,216.567667343,195116417.0
2026-08-31,218.625364842,220.533229999,221.052648785,215.968337975,124702660.0
2026-09-01,216.507734406,217.19696318,220.163643555,214.859578643,109756184.0
2026-09-02,218.540459848,224.159172679,227.695215953,218.235800752,157104683.0
2026-09-03,225.767373151,228.194657094,230.142477542,224.498792654,134681610.0
2026-09-04,230.831706316,230.102522251,234.497604287,229.373338186,135352420.0
2026-09-08,232.849448523,225.47769729,233.448777892,224.598680882,122965555.0
2026-09-09,225.023205852,223.419999791,225.927194316,223.210234512,82955478.0
2026-09-10,220.525,218.36,220.99,217.2,105768001.0
2026-09-11,221.235,218.29,222.0,218.15,89060140.0
