time_key,open,close,high,low,volume
2018-01-02,3.983547504,4.017462464,4.034419944,3.949632544,11234451.0
2018-01-03,4.042898684,4.076813643,4.076813643,4.034419944,9007171.0
2018-01-04,4.119207343,4.127686083,4.144643563,4.102249863,9894315.0
2018-01-05,4.110728603,4.153122303,4.153122303,4.085292383,14411973.0
2018-01-08,4.110728603,4.119207343,4.127686083,4.102249863,10337377.0
2018-01-09,4.127686083,4.136164823,4.144643563,4.110728603,8067971.0
2018-01-10,4.076813643,4.093771123,4.102249863,4.042898684,16296896.0
2018-01-11,4.068334903,4.068334903,4.076813643,4.051377424,9882335.0
2018-01-12,4.093771123,4.110728603,4.119207343,4.068334903,7052692.0
2018-01-16,4.195516003,4.187037263,4.203994743,4.153122303,12399913.0
2018-01-17,4.195516003,4.178558523,4.220952223,4.170079783,10801709.0
2018-01-18,4.110728603,4.085292383,4.144643563,4.068334903,16379317.0
2018-01-19,4.136164823,4.085292383,4.144643563,4.076813643,12564644.0
2018-01-22,4.127686083,4.136164823,4.153122303,4.093771123,16071223.0
2018-01-23,4.136164823,4.153122303,4.161601043,4.136164823,6856661.0
2018-01-24,4.136164823,4.144643563,4.161601043,4.119207343,12963777.0
2018-01-25,4.127686083,4.051377424,4.127686083,4.017462464,23514102.0
2018-01-26,4.068334903,4.059856163,4.085292383,4.025941204,21352809.0
2018-01-29,4.136164823,4.187037263,4.195516003,4.127686083,35356419.0
2018-01-30,4.170079783,4.187037263,4.187037263,4.144643563,11555891.0
2018-01-31,4.085292383,4.059856163,4.093771123,4.008983724,26258880.0
2018-02-01,4.517708121,4.560101821,4.733915989,4.475314421,68413480.0
2018-02-02,4.65336796,4.560101821,4.669477566,4.543144341,33167169.0
2018-02-05,4.65336796,4.492271901,4.70000103,4.466835681,38115123.0
2018-02-06,4.551623081,4.65336796,4.68728292,4.543144341,54179808.0
2018-02-07,4.68728292,4.65336796,4.738155359,4.63641048,25095055.0
2018-02-08,4.64488922,4.526186861,4.65336796,4.517708121,26385905.0
2018-02-09,4.59401678,4.560101821,4.62793174,4.415963241,27551439.0
2018-02-12,4.63641048,4.65336796,4.67880418,4.61097426,18404698.0
2018-02-13,4.63641048,4.65336796,4.66608607,4.62793174,13048183.0
2018-02-14,4.62793174,4.772070319,4.793267169,4.619453,23128283.0
2018-02-15,4.848378979,4.839900239,4.865336459,4.789027799,18949133.0
2018-02-16,4.873815199,4.865336459,4.899251419,4.831421499,19577342.0
2018-02-20,4.848378979,4.839900239,4.882293939,4.814464019,14894851.0
2018-02-21,4.856857719,4.805985279,4.907730158,4.805985279,17741427.0
2018-02-22,4.822942759,4.822942759,4.865336459,4.801745909,13451971.0
2018-02-23,4.822942759,4.899251419,4.924687638,4.814464019,16355612.0
2018-02-26,4.984038818,5.009475038,5.017953778,4.958602598,11659957.0
2018-02-27,4.992517558,4.958602598,5.026432518,4.950123858,17203875.0
2018-02-28,4.967081338,4.899251419,4.979799448,4.890772679,11084256.0
2018-03-01,4.873815199,4.865336459,4.941645118,4.822942759,16240935.0
2018-03-02,4.848378979,4.873815199,4.890772679,4.797506539,11248966.0
2018-03-05,4.882293939,4.941645118,4.971320708,4.873815199,9389866.0
2018-03-06,4.950123858,4.916208898,4.967081338,4.903490788,10944710.0
2018-03-07,4.941645118,4.967081338,4.996756928,4.916208898,13858090.0
2018-03-08,5.000996298,4.958602598,5.034911258,4.924687638,10851269.0
2018-03-09,4.967081338,4.975560078,5.017953778,4.954363228,7642501.0
2018-03-12,4.984038818,5.009475038,5.017953778,4.984038818,7853282.0
2018-03-13,5.009475038,4.950123858,5.017953778,4.933166378,11581747.0
2018-03-14,4.958602598,4.916208898,4.967081338,4.882293939,17243599.0
2018-03-15,4.899251419,4.865336459,4.916208898,4.848378979,13826789.0
2018-03-16,4.865336459,4.839900239,4.890772679,4.822942759,10492270.0
2018-03-19,4.848378979,4.831421499,4.865336459,4.805985279,13239111.0
2018-03-20,4.839900239,4.856857719,4.890772679,4.822942759,10605113.0
2018-03-21,4.814464019,4.822942759,4.835660869,4.780549059,21324189.0
2018-03-22,4.68728292,4.64488922,4.72119788,4.64488922,14228582.0
2018-03-23,4.71271914,4.61097426,4.72543725,4.59401678,17117654.0
2018-03-26,4.67880418,4.67880418,4.68728292,4.59401678,14440623.0
2018-03-27,4.67032544,4.59401678,4.68728292,4.56858056,16561819.0
2018-03-28,4.58553804,4.58553804,4.62793174,4.555862451,19071569.0
2018-03-29,4.619453,4.619453,4.65336796,4.60249552,11064452.0
2018-04-02,4.60249552,4.551623081,4.619453,4.509229381,9028549.0
2018-04-03,4.56858056,4.5770593,4.59401678,4.543144341,11824106.0
2018-04-04,4.500750641,4.58553804,4.59401678,4.492271901,11376950.0
2018-04-05,4.62793174,4.56858056,4.64488922,4.56858056,11591678.0
2018-04-06,4.60249552,4.551623081,4.64488922,4.526186861,13610066.0
2018-04-09,4.60249552,4.56858056,4.63641048,4.56858056,8937089.0
2018-04-10,4.67032544,4.6618467,4.68728292,4.62793174,18625712.0
2018-04-11,4.67032544,4.7042404,4.763591579,4.67032544,14004500.0
2018-04-12,4.71271914,4.69576166,4.72967662,4.68728292,11087103.0
2018-04-13,4.67032544,4.6618467,4.69576166,4.63641048,8669954.0
2018-04-16,4.71271914,4.738155359,4.780549059,4.67880418,12230913.0
2018-04-17,4.873815199,4.950123858,4.967081338,4.839900239,24856880.0
2018-04-18,4.958602598,4.941645118,4.975560078,4.924687638,7309797.0
2018-04-19,4.933166378,4.924687638,4.958602598,4.916208898,10763386.0
2018-04-20,5.111219917,5.034911258,5.162092357,5.009475038,24388336.0
2018-04-23,5.009475038,4.975560078,5.017953778,4.950123858,11420962.0
2018-04-24,5.000996298,5.009475038,5.034911258,4.958602598,13294373.0
2018-04-25,5.077304957,5.000996298,5.085783697,4.984038818,26474785.0
2018-04-26,4.950123858,4.958602598,5.051868738,4.924687638,44361209.0
2018-04-27,5.009475038,5.034911258,5.077304957,5.009475038,18985661.0
2018-04-30,5.051868738,5.077304957,5.094262437,5.043389998,19859124.0
2018-05-01,5.068826218,5.009475038,5.077304957,4.967081338,12682572.0
2018-05-02,4.967081338,4.882293939,4.975560078,4.866184333,20610775.0
2018-05-03,4.958602598,4.975560078,4.984038818,4.886533309,13567139.0
2018-05-04,5.051868738,5.153613617,5.166331727,5.043389998,21312598.0
2018-05-07,5.238401017,5.229922277,5.272315976,5.212964797,11854970.0
2018-05-08,5.238401017,5.297752196,5.314709676,5.221443537,15803752.0
2018-05-09,5.297752196,5.365582116,5.365582116,5.263837236,12256363.0
2018-05-10,5.348624636,5.365582116,5.416454555,5.335821739,12547094.0
2018-05-11,5.374060856,5.391018336,5.416454555,5.365582116,11567929.0
2018-05-14,5.289273456,5.323188416,5.382539596,5.255358496,26716877.0
2018-05-15,5.238401017,5.289273456,5.297752196,5.221443537,10522051.0
2018-05-16,5.263837236,5.272315976,5.297752196,5.221443537,8481075.0
2018-05-17,5.238401017,5.229922277,5.272315976,5.212964797,8511908.0
2018-05-18,5.263837236,5.238401017,5.280794716,5.221443537,9290051.0
2018-05-21,5.255358496,5.272315976,5.280794716,5.233992072,6046217.0
2018-05-22,5.221443537,5.238401017,5.280794716,5.212964797,8294288.0
2018-05-23,5.102741177,5.145134877,5.153613617,5.094262437,11520724.0
2018-05-24,5.153613617,5.145134877,5.179049837,5.111219917,8673123.0
2018-05-25,5.068826218,5.187528577,5.187528577,5.060347478,19288940.0
2018-05-29,4.958602598,5.026432518,5.051868738,4.950123858,32514152.0
2018-05-30,5.026432518,5.043389998,5.068826218,4.984886692,18310665.0
2018-05-31,5.031461833,5.022755144,5.063850716,4.979221699,20110714.0
2018-06-01,5.074995277,5.074995277,5.083701966,5.040168522,12903717.0
2018-06-04,5.144648789,5.144648789,5.170768856,5.127235411,11761665.0
2018-06-05,5.144648789,5.118528722,5.162062167,5.105468689,12669683.0
2018-06-06,5.074995277,5.109822033,5.127235411,5.066288588,12227678.0
2018-06-07,5.083701966,5.066288588,5.109822033,5.040168522,10623031.0
2018-06-08,5.083701966,5.066288588,5.101115344,5.040168522,7495599.0
2018-06-11,5.066288588,5.118528722,5.144648789,5.0575819,8054726.0
2018-06-12,5.118528722,5.144648789,5.179475545,5.109822033,10266694.0
2018-06-13,5.2143023,5.275249123,5.310075879,5.205595612,17028883.0
2018-06-14,5.310075879,5.30136919,5.327489257,5.292662501,10406871.0
2018-06-15,5.30136919,5.310075879,5.310075879,5.266542434,11341059.0
2018-06-18,5.188182234,5.257835745,5.275249123,5.170768856,15349978.0
2018-06-19,5.153355478,5.170768856,5.188182234,5.118528722,23450547.0
2018-06-20,5.170768856,5.179475545,5.2143023,5.144648789,20032801.0
2018-06-21,5.153355478,5.127235411,5.153355478,5.092408655,16293999.0
2018-06-22,5.170768856,5.162062167,5.188182234,5.092408655,14082938.0
2018-06-25,5.101115344,5.0575819,5.101115344,4.996635077,18172303.0
2018-06-26,5.0575819,5.0575819,5.074995277,5.027108488,16130411.0
2018-06-27,5.066288588,4.97051501,5.101115344,4.97051501,18466947.0
2018-06-28,4.89215481,4.953101632,4.979221699,4.874741432,16003707.0
2018-06-29,4.996635077,4.987928388,5.040168522,4.987928388,9961302.0
2018-07-02,4.874741432,4.900861499,4.918274876,4.866034743,12536679.0
2018-07-03,4.918274876,4.926981565,4.953101632,4.895289218,8570561.0
2018-07-05,4.935688254,4.97051501,4.979221699,4.913921532,11288309.0
2018-07-06,4.996635077,4.996635077,5.022755144,4.979221699,16111083.0
2018-07-09,5.074995277,5.074995277,5.092408655,5.0315489,14221347.0
2018-07-10,5.144648789,5.162062167,5.179475545,5.127235411,9709481.0
2018-07-11,5.101115344,5.066288588,5.127235411,5.0575819,12723523.0
2018-07-12,5.0575819,5.118528722,5.1359421,5.0575819,14318333.0
2018-07-13,5.083701966,5.040168522,5.101115344,5.031461833,14247033.0
2018-07-16,5.092408655,5.101115344,5.118528722,5.066288588,10086456.0
2018-07-17,5.031461833,5.040168522,5.066288588,5.022755144,7242221.0
2018-07-18,5.266542434,5.240422367,5.283955812,5.205595612,28867113.0
2018-07-19,5.188182234,5.170768856,5.196888923,5.144648789,16459974.0
2018-07-20,5.188182234,5.179475545,5.2143023,5.170768856,12249909.0
2018-07-23,5.170768856,5.153355478,5.179475545,5.1359421,12864424.0
2018-07-24,5.162062167,5.118528722,5.179475545,5.074995277,17437054.0
2018-07-25,5.162062167,5.188182234,5.196888923,5.114175378,20655756.0
2018-07-26,4.89215481,4.813794609,4.909568188,4.796381231,62187855.0
2018-07-27,4.796381231,4.683194275,4.796381231,4.674487586,31220048.0
2018-07-30,4.813794609,4.770261165,4.848621365,4.744141098,27356793.0
2018-07-31,4.761554476,4.683194275,4.770261165,4.683194275,17331080.0
2018-08-01,4.735434409,4.709314342,4.744141098,4.683194275,14750582.0
2018-08-02,4.63966083,4.657074208,4.665780897,4.613540764,15197394.0
2018-08-03,4.63966083,4.648367519,4.665780897,4.630954141,7753071.0
2018-08-06,4.63966083,4.613540764,4.665780897,4.613540764,12103180.0
2018-08-07,4.683194275,4.674487586,4.709314342,4.648367519,14359590.0
2018-08-08,4.700607653,4.674487586,4.704960997,4.665780897,8013300.0
2018-08-09,4.665780897,4.648367519,4.683194275,4.63966083,7033732.0
2018-08-10,4.543887252,4.526473874,4.56130063,4.509060496,10930310.0
2018-08-13,4.517767185,4.500353807,4.526473874,4.491647118,4264601.0
2018-08-14,4.509060496,4.509060496,4.526473874,4.474233741,7491066.0
2018-08-15,4.456820363,4.413286918,4.465527052,4.39587354,12773123.0
2018-08-16,4.474233741,4.465527052,4.508189827,4.448113674,9123261.0
2018-08-17,4.509060496,4.535180563,4.543887252,4.491647118,12162602.0
2018-08-20,4.570007319,4.552593941,4.587420697,4.543887252,11653268.0
2018-08-21,4.622247453,4.648367519,4.648367519,4.609187419,9848905.0
2018-08-22,4.709314342,4.691900964,4.725769984,4.665780897,9434103.0
2018-08-23,4.752847787,4.709314342,4.761554476,4.700607653,8697858.0
2018-08-24,4.787674542,4.839914676,4.839914676,4.778967853,10080278.0
2018-08-27,4.89215481,4.953101632,4.979221699,4.89215481,9114974.0
2018-08-28,5.005341766,4.97051501,5.014048455,4.953101632,10009049.0
2018-08-29,4.926981565,4.953101632,4.961808321,4.909568188,6502744.0
2018-08-30,4.874741432,4.874741432,4.900861499,4.857328054,6645807.0
2018-08-31,4.839914676,4.813794609,4.857328054,4.792027887,5493915.0
2018-09-04,4.752847787,4.778967853,4.787674542,4.744141098,7070808.0
2018-09-05,4.718021031,4.683194275,4.72672772,4.648367519,11584042.0
2018-09-06,4.718021031,4.674487586,4.735434409,4.657074208,6491664.0
2018-09-07,4.630954141,4.613540764,4.666390365,4.613540764,14145051.0
2018-09-10,4.709314342,4.674487586,4.718021031,4.657074208,6895501.0
2018-09-11,4.63966083,4.648367519,4.657074208,4.613540764,4148347.0
2018-09-12,4.596127386,4.604834075,4.630954141,4.570007319,7815598.0
2018-09-13,4.80508792,4.744141098,4.831207987,4.718021031,10956405.0
2018-09-14,4.770261165,4.770261165,4.801866445,4.72672772,8821511.0
2018-09-17,4.770261165,4.770261165,4.80508792,4.744141098,8851126.0
2018-09-18,4.839914676,4.874741432,4.900861499,4.835561332,10827544.0
2018-09-19,4.674487586,4.735434409,4.761554476,4.674487586,15308787.0
2018-09-20,4.770261165,4.787674542,4.796381231,4.735434409,13580087.0
2018-09-21,4.822501298,4.848621365,4.866034743,4.796381231,15735196.0
2018-09-24,4.813794609,4.813794609,4.839914676,4.778967853,5937130.0
2018-09-25,4.80508792,4.857328054,4.874741432,4.80508792,13038881.0
2018-09-26,4.813794609,4.796381231,4.857328054,4.792027887,7410244.0
2018-09-27,4.839914676,4.935688254,4.944394943,4.835561332,18776732.0
2018-09-28,4.822501298,4.839914676,4.862726201,4.813794609,15810909.0
2018-10-01,4.857328054,4.866034743,4.900861499,4.848621365,17033419.0
2018-10-02,4.770261165,4.752847787,4.796381231,4.735434409,19791349.0
2018-10-03,4.80508792,4.744141098,4.80508792,4.735434409,15512837.0
2018-10-04,4.770261165,4.752847787,4.809441265,4.735434409,10248980.0
2018-10-05,4.691900964,4.665780897,4.709314342,4.622247453,7560264.0
2018-10-08,4.622247453,4.613540764,4.657074208,4.56130063,11679022.0
2018-10-09,4.604834075,4.596127386,4.630954141,4.56130063,12101927.0
2018-10-10,4.552593941,4.474233741,4.552593941,4.465527052,21285375.0
2018-10-11,4.517767185,4.465527052,4.552593941,4.439406985,19255436.0
2018-10-12,4.552593941,4.552593941,4.56130063,4.482940429,13415844.0
2018-10-15,4.578714008,4.587420697,4.604834075,4.543887252,9823460.0
2018-10-16,4.700607653,4.72672772,4.744141098,4.691900964,15975694.0
2018-10-17,4.735434409,4.787674542,4.839914676,4.700607653,17744914.0
2018-10-18,4.831207987,4.813794609,4.900861499,4.80508792,24359643.0
2018-10-19,4.866034743,4.874741432,4.909568188,4.839914676,17885353.0
2018-10-22,4.874741432,4.883448121,4.906956181,4.833732927,17496032.0
2018-10-23,4.80508792,4.813794609,4.84426802,4.718021031,24747255.0
2018-10-24,4.718021031,4.56130063,4.72672772,4.543887252,29459830.0
2018-10-25,4.604834075,4.613540764,4.700607653,4.570007319,23972304.0
2018-10-26,4.796381231,4.839914676,4.905214843,4.752847787,46115592.0
2018-10-29,4.874741432,4.813794609,4.89215481,4.770261165,19946701.0
2018-10-30,4.778967853,4.883448121,4.89215481,4.761554476,18164496.0
2018-10-31,4.909568188,4.874741432,4.961808321,4.874741432,22823019.0
2018-11-01,4.97051501,5.014048455,5.022755144,4.944394943,26007617.0
2018-11-02,5.066288588,5.031461833,5.092408655,5.005341766,20944069.0
2018-11-05,5.074995277,5.083701966,5.101115344,5.040168522,12499666.0
2018-11-06,5.074995277,5.083701966,5.101115344,5.048875211,10467146.0
2018-11-07,5.196888923,5.188182234,5.196888923,5.144648789,17499975.0
2018-11-08,5.153355478,5.144648789,5.179475545,5.109822033,12834963.0
2018-11-09,5.118528722,5.092408655,5.127235411,5.048875211,11833202.0
2018-11-12,5.040168522,4.987928388,5.0575819,4.979221699,11955787.0
2018-11-13,5.022755144,5.074995277,5.109822033,5.005341766,16321776.0
2018-11-14,5.092408655,5.022755144,5.101115344,5.014048455,13067375.0
2018-11-15,4.926981565,4.996635077,5.005341766,4.900861499,19929976.0
2018-11-16,5.0575819,5.040168522,5.074995277,5.016486328,17427496.0
2018-11-19,5.040168522,4.961808321,5.0575819,4.961808321,13216003.0
2018-11-20,4.796381231,4.778967853,4.864032204,4.752847787,23450210.0
2018-11-21,4.848621365,4.796381231,4.857328054,4.778967853,13066092.0
2018-11-23,4.744141098,4.761554476,4.778967853,4.735434409,10311845.0
2018-11-26,4.80508792,4.770261165,4.822501298,4.761554476,8863022.0
2018-11-27,4.778967853,4.744141098,4.787674542,4.718021031,10277353.0
2018-11-28,4.744141098,4.752847787,4.770261165,4.674487586,20396878.0
2018-11-29,4.770261165,4.787674542,4.813794609,4.752847787,17630037.0
2018-11-30,4.752847787,4.744141098,4.787674542,4.731081064,12123342.0
2018-12-03,4.883448121,4.857328054,4.89215481,4.831207987,14241608.0
2018-12-04,4.813794609,4.683194275,4.831207987,4.674487586,19372446.0
2018-12-06,4.674487586,4.874741432,4.89215481,4.657074208,32126433.0
2018-12-07,4.866034743,4.796381231,4.909568188,4.787674542,23097432.0
2018-12-10,4.857328054,4.926981565,4.953101632,4.857328054,34543270.0
2018-12-11,5.048875211,5.066288588,5.092408655,5.022755144,46730767.0
2018-12-12,5.162062167,5.240422367,5.257835745,5.144648789,48348542.0
2018-12-13,5.188182234,5.231715678,5.249129056,5.179475545,31790966.0
2018-12-14,5.127235411,5.153355478,5.2143023,5.109822033,17796510.0
2018-12-17,5.153355478,5.092408655,5.162062167,5.074995277,26578124.0
2018-12-18,5.101115344,5.014048455,5.118528722,4.996635077,19722411.0
2018-12-19,5.0575819,5.005341766,5.118528722,4.979221699,19185136.0
2018-12-20,5.048875211,4.996635077,5.074995277,4.909568188,28858800.0
2018-12-21,4.953101632,4.761554476,4.983575044,4.752847787,29856841.0
2018-12-24,4.761554476,4.761554476,4.796381231,4.731081064,18967028.0
2018-12-26,4.778967853,4.822501298,4.822501298,4.696254309,36014120.0
2018-12-27,4.787674542,4.883448121,4.89215481,4.744141098,22782645.0
2018-12-28,4.935688254,5.040168522,5.0575819,4.914008599,33354476.0
2018-12-31,5.0575819,5.048875211,5.074995277,5.005341766,14979863.0
2019-01-02,4.944394943,4.979221699,5.005341766,4.935688254,24338555.0
2019-01-03,4.89215481,4.831207987,4.900861499,4.822501298,17354460.0
2019-01-04,4.97051501,5.144648789,5.170768856,4.97051501,34666303.0
2019-01-07,5.162062167,5.223008989,5.283955812,5.144648789,25502597.0
2019-01-08,5.266542434,5.336195946,5.344902635,5.231715678,33497459.0
2019-01-09,5.344902635,5.388436079,5.414556146,5.323135912,25471554.0
2019-01-10,5.30136919,5.327489257,5.362316012,5.283955812,21832937.0
2019-01-11,5.257835745,5.275249123,5.288309156,5.231715678,14824244.0
2019-01-14,5.231715678,5.223008989,5.266542434,5.205595612,15287809.0
2019-01-15,5.205595612,5.249129056,5.275249123,5.205595612,14197259.0
2019-01-16,5.170768856,5.162062167,5.205595612,5.118528722,24161849.0
2019-01-17,5.170768856,5.188182234,5.205595612,5.153355478,19734151.0
2019-01-18,5.30136919,5.30136919,5.314429223,5.240422367,22432561.0
2019-01-22,5.205595612,5.179475545,5.240422367,5.162062167,17110759.0
2019-01-23,5.257835745,5.249129056,5.310075879,5.2143023,14700449.0
2019-01-24,5.336195946,5.344902635,5.37972939,5.283955812,29669884.0
2019-01-25,5.536449791,5.727996948,5.762823704,5.527743102,58827131.0
2019-01-28,5.623516681,5.63222337,5.649636747,5.566923203,36912246.0
2019-01-29,5.649636747,5.684463503,5.727996948,5.619163336,34649074.0
2019-01-30,5.640930059,5.701876881,5.771530393,5.601575824,34552790.0
2019-01-31,5.519036413,5.510329724,5.553863169,5.388436079,71227865.0
2019-02-01,5.431969524,5.318782568,5.431969524,5.283955812,45701742.0
2019-02-04,5.305722534,5.257835745,5.310075879,5.188182234,33474685.0
2019-02-05,5.249129056,5.240422367,5.283955812,5.223008989,27216197.0
2019-02-06,5.275249123,5.249129056,5.30136919,5.240422367,23623984.0
2019-02-07,5.223008989,5.170768856,5.231715678,5.162062167,39599474.0
2019-02-08,5.170768856,5.344902635,5.366669357,5.170768856,37475121.0
2019-02-11,5.371022701,5.388436079,5.405849457,5.318782568,23293409.0
2019-02-12,5.388436079,5.414556146,5.431969524,5.336195946,29400721.0
2019-02-13,5.440676213,5.484209658,5.510329724,5.431969524,18786093.0
2019-02-14,5.475502969,5.46679628,5.501623035,5.440676213,18292770.0
2019-02-15,5.46679628,5.484209658,5.492916347,5.431969524,20775697.0
2019-02-19,5.318782568,5.353609323,5.371022701,5.310075879,22651450.0
2019-02-20,5.249129056,5.292662501,5.310075879,5.231715678,22922802.0
2019-02-21,5.292662501,5.336195946,5.353609323,5.283955812,25795964.0
2019-02-22,5.336195946,5.414556146,5.423262835,5.327489257,26931618.0
2019-02-25,5.449382902,5.336195946,5.449382902,5.30136919,32257722.0
2019-02-26,5.336195946,5.310075879,5.37972939,5.30136919,27324438.0
2019-02-27,5.336195946,5.310075879,5.336195946,5.266542434,22102948.0
2019-02-28,5.292662501,5.283955812,5.318782568,5.266542434,26216826.0
2019-03-01,5.310075879,5.30136919,5.353609323,5.275249123,24788157.0
2019-03-04,5.318782568,5.275249123,5.327489257,5.231715678,26505793.0
2019-03-05,5.283955812,5.344902635,5.371022701,5.283955812,18794966.0
2019-03-06,5.310075879,5.292662501,5.318782568,5.257835745,21097470.0
2019-03-07,5.266542434,5.231715678,5.275249123,5.223008989,17579385.0
2019-03-08,5.170768856,5.266542434,5.279602467,5.162062167,28689413.0
2019-03-11,5.249129056,5.327489257,5.353609323,5.240422367,26335783.0
2019-03-12,5.362316012,5.37972939,5.418909491,5.336195946,20990541.0
2019-03-13,5.336195946,5.327489257,5.362316012,5.318782568,16889805.0
2019-03-14,5.353609323,5.397142768,5.423262835,5.336195946,18598029.0
2019-03-15,5.501623035,5.54515648,5.571276547,5.475502969,22230202.0
2019-03-18,5.527743102,5.492916347,5.536449791,5.475502969,20221132.0
2019-03-19,5.536449791,5.510329724,5.562569858,5.484209658,23996059.0
2019-03-20,5.458089591,5.458089591,5.488563002,5.388436079,23309755.0
2019-03-21,5.431969524,5.431969524,5.501623035,5.414556146,31097560.0
2019-03-22,5.153355478,5.101115344,5.223008989,4.996635077,95614695.0
2019-03-25,5.144648789,5.092408655,5.162062167,5.0575819,34181207.0
2019-03-26,5.083701966,5.048875211,5.092408655,5.031461833,23046806.0
2019-03-27,5.040168522,5.048875211,5.083701966,5.014048455,24587120.0
2019-03-28,4.961808321,4.935688254,4.979221699,4.909568188,40834056.0
2019-03-29,4.979221699,4.961808321,4.996635077,4.935688254,23922324.0
2019-04-01,5.014048455,5.005341766,5.031461833,4.987928388,18024878.0
2019-04-02,5.0575819,5.040168522,5.074995277,5.005341766,16224268.0
2019-04-03,5.1359421,5.118528722,5.170768856,5.109822033,21194930.0
2019-04-04,5.162062167,5.118528722,5.170768856,5.101115344,17011020.0
2019-04-05,5.144648789,5.1359421,5.153355478,5.127235411,9515579.0
2019-04-08,5.153355478,5.170768856,5.170768856,5.118528722,10652709.0
2019-04-09,5.109822033,5.083701966,5.133068893,5.074995277,14416557.0
2019-04-10,5.083701966,5.074995277,5.109822033,5.066288588,13641258.0
2019-04-11,5.083701966,5.092408655,5.118528722,5.066288588,12022889.0
2019-04-12,5.118528722,5.153355478,5.170768856,5.101115344,16105117.0
2019-04-15,4.97051501,4.89215481,4.97051501,4.883448121,39245549.0
2019-04-16,4.926981565,4.926981565,4.961808321,4.909568188,21111590.0
2019-04-17,4.996635077,5.048875211,5.092408655,4.987928388,26628090.0
2019-04-18,5.031461833,5.040168522,5.066288588,5.005341766,13496864.0
2019-04-22,5.066288588,5.040168522,5.066288588,5.00969511,11826147.0
2019-04-23,5.005341766,5.031461833,5.040168522,4.987928388,15914666.0
2019-04-24,5.040168522,5.022755144,5.063676582,4.996635077,23394905.0
2019-04-25,4.630954141,4.596127386,4.642359904,4.509060496,72436330.0
2019-04-26,4.630954141,4.648367519,4.72672772,4.622247453,27525212.0
2019-04-29,4.648367519,4.613540764,4.657074208,4.596127386,24526245.0
2019-04-30,4.543887252,4.578714008,4.622247453,4.535180563,29843785.0
2019-05-01,4.604834075,4.526473874,4.630954141,4.526473874,24970504.0
2019-05-02,4.517767185,4.500353807,4.526473874,4.465527052,29368643.0
2019-05-03,4.456820363,4.491647118,4.517767185,4.448113674,28702900.0
2019-05-06,4.387166851,4.456820363,4.474233741,4.378460162,28199208.0
2019-05-07,4.39587354,4.369753473,4.421993607,4.31751334,39943419.0
2019-05-08,4.326220029,4.31751334,4.369753473,4.31751334,22076165.0
2019-05-09,4.265273206,4.291393273,4.308806651,4.247859828,29449827.0
2019-05-10,4.256566517,4.273979895,4.300099962,4.213033072,22776494.0
2019-05-13,4.186913006,4.178206317,4.213033072,4.160792939,23964625.0
2019-05-14,4.186913006,4.134672872,4.204326383,4.125966183,32932834.0
2019-05-15,4.091139427,4.134672872,4.160792939,4.082432738,21222096.0
2019-05-16,4.247859828,4.300099962,4.334926718,4.239153139,75182311.0
2019-05-17,4.291393273,4.282686584,4.352340095,4.26962655,34831418.0
2019-05-20,4.39587354,4.404580229,4.439406985,4.337974059,42968065.0
2019-05-21,4.482940429,4.421993607,4.482940429,4.413286918,24851214.0
2019-05-22,4.468291888,4.485852396,4.512193157,4.459511635,20785629.0
2019-05-23,4.35414859,4.345368336,4.371709098,4.327807829,17333322.0
2019-05-24,4.477072142,4.477072142,4.503412903,4.402439985,22388980.0
2019-05-28,4.441951127,4.380489351,4.468291888,4.371709098,19535737.0
2019-05-29,4.319027575,4.406830112,4.415610366,4.310247322,23746103.0
2019-05-30,4.406830112,4.450731381,4.503412903,4.398049859,24526583.0
2019-05-31,4.389269605,4.415610366,4.437561,4.367318971,16180097.0
2019-06-03,4.371709098,4.362928844,4.406830112,4.336588083,24869049.0
2019-06-04,4.428780747,4.398049859,4.450731381,4.393659732,22725469.0
2019-06-05,4.433170873,4.415610366,4.433170873,4.362928844,15803245.0
2019-06-06,4.398049859,4.389269605,4.415610366,4.371709098,15510559.0
2019-06-07,4.415610366,4.441951127,4.459511635,4.402439985,16325957.0
2019-06-10,4.415610366,4.35414859,4.433170873,4.336588083,25758078.0
2019-06-11,4.468291888,4.512193157,4.538533918,4.45380447,26815885.0
2019-06-12,4.477072142,4.459511635,4.485852396,4.441951127,12966949.0
2019-06-13,4.459511635,4.441951127,4.459511635,4.406830112,13706818.0
2019-06-14,4.35414859,4.327807829,4.371709098,4.327807829,17647519.0
2019-06-17,4.362928844,4.345368336,4.389269605,4.336588083,12548775.0
2019-06-18,4.406830112,4.380489351,4.42439062,4.362928844,15336509.0
2019-06-19,4.42439062,4.406830112,4.433170873,4.380489351,12689699.0
2019-06-20,4.485852396,4.52097341,4.538533918,4.468291888,17136680.0
2019-06-21,4.485852396,4.512193157,4.529753664,4.477072142,12868167.0
2019-06-24,4.450731381,4.406830112,4.459511635,4.406830112,19801394.0
2019-06-25,4.380489351,4.362928844,4.441951127,4.362928844,23153804.0
2019-06-26,4.415610366,4.389269605,4.433170873,4.380489351,14289139.0
2019-06-27,4.380489351,4.345368336,4.389269605,4.314637448,30968297.0
2019-06-28,4.380489351,4.380489351,4.398049859,4.362928844,14905745.0
2019-07-01,4.406830112,4.398049859,4.406830112,4.371709098,15254757.0
2019-07-02,4.415610366,4.42439062,4.433170873,4.398049859,13204702.0
2019-07-03,4.459511635,4.477072142,4.477072142,4.450731381,7821391.0
2019-07-05,4.450731381,4.42439062,4.450731381,4.389269605,8113798.0
2019-07-08,4.389269605,4.406830112,4.420000493,4.380489351,9045664.0
2019-07-09,4.380489351,4.398049859,4.411220239,4.35414859,16437932.0
2019-07-10,4.42439062,4.42439062,4.441951127,4.402439985,11442084.0
2019-07-11,4.441951127,4.42439062,4.459511635,4.415610366,22504326.0
2019-07-12,4.450731381,4.459511635,4.459511635,4.42439062,20398405.0
2019-07-15,4.468291888,4.459511635,4.477072142,4.433170873,18689312.0
2019-07-16,4.503412903,4.477072142,4.556094425,4.468291888,19076963.0
2019-07-17,4.468291888,4.512193157,4.547314172,4.459511635,41825343.0
2019-07-18,4.512193157,4.494632649,4.529753664,4.459511635,26897205.0
2019-07-19,4.512193157,4.494632649,4.547314172,4.485852396,28212370.0
2019-07-22,4.52097341,4.477072142,4.529753664,4.468291888,27725111.0
2019-07-23,4.52097341,4.52097341,4.529753664,4.485852396,14465434.0
2019-07-24,4.547314172,4.529753664,4.564874679,4.485852396,18065497.0
2019-07-25,4.854623051,4.986326857,5.047788632,4.819502036,92429510.0
2019-07-26,4.977546603,5.003887364,5.021447871,4.924865081,38025600.0
2019-07-29,4.988521548,4.979675366,5.015060096,4.944290636,19818539.0
2019-07-30,4.891213541,4.82044408,4.908905906,4.802751715,40569068.0
2019-07-31,4.82044408,4.767366985,4.846982628,4.731982255,17820392.0
2019-08-01,4.78505935,4.731982255,4.846982628,4.71428989,22983193.0
2019-08-02,4.758520803,4.758520803,4.776213168,4.696597525,17603766.0
2019-08-05,4.696597525,4.661212795,4.71428989,4.625828065,18350899.0
2019-08-06,4.723136073,4.71428989,4.740828438,4.687751343,19943279.0
2019-08-07,4.634674248,4.687751343,4.696597525,4.6081357,26352324.0
2019-08-08,4.740828438,4.758520803,4.776213168,4.740828438,13819047.0
2019-08-09,4.758520803,4.767366985,4.802751715,4.723136073,22235273.0
2019-08-12,4.740828438,4.67890516,4.740828438,4.670058978,10940083.0
2019-08-13,4.634674248,4.696597525,4.745251529,4.625828065,20182191.0
2019-08-14,4.599289518,4.510827693,4.599289518,4.50198151,25831946.0
2019-08-15,4.46659678,4.457750598,4.493135328,4.43121205,18896340.0
2019-08-16,4.519673875,4.555058605,4.555058605,4.493135328,11737126.0
2019-08-19,4.625828065,4.6081357,4.625828065,4.590443335,8695622.0
2019-08-20,4.555058605,4.53736624,4.57275097,4.528520058,10449119.0
2019-08-21,4.581597153,4.555058605,4.590443335,4.546212423,7978491.0
2019-08-22,4.53736624,4.46659678,4.563904788,4.448904415,26019723.0
2019-08-23,4.448904415,4.413519685,4.493135328,4.404673503,24543919.0
2019-08-26,4.422365868,4.404673503,4.43121205,4.386981137,10258458.0
2019-08-27,4.413519685,4.351596407,4.422365868,4.32505786,19467706.0
2019-08-28,4.28967313,4.307365495,4.342750225,4.280826947,17066477.0
2019-08-29,4.316211677,4.333904042,4.36044259,4.316211677,11567154.0
2019-08-30,4.378134955,4.369288772,4.386981137,4.351596407,9927839.0
2019-09-03,4.307365495,4.28967313,4.330630955,4.258711491,19580275.0
2019-09-04,4.32505786,4.32505786,4.342750225,4.316211677,9919990.0
2019-09-05,4.386981137,4.378134955,4.404673503,4.36044259,14573256.0
2019-09-06,4.413519685,4.413519685,4.448904415,4.386981137,11933644.0
2019-09-09,4.43121205,4.422365868,4.43121205,4.39582732,11863662.0
2019-09-10,4.43121205,4.493135328,4.510827693,4.404673503,18800603.0
2019-09-11,4.46659678,4.493135328,4.510827693,4.448904415,15379454.0
2019-09-12,4.528520058,4.616981883,4.625651142,4.519673875,18786439.0
2019-09-13,4.6081357,4.563904788,4.6081357,4.546212423,8965024.0
2019-09-16,4.493135328,4.510827693,4.528520058,4.475442963,13017597.0
2019-09-17,4.457750598,4.53736624,4.550635514,4.448904415,18211554.0
2019-09-18,4.519673875,4.528520058,4.555058605,4.510827693,11702917.0
2019-09-19,4.599289518,4.53736624,4.625828065,4.53736624,14190190.0
2019-09-20,4.625828065,4.661212795,4.692174434,4.625828065,23973960.0
2019-09-23,4.546212423,4.563904788,4.563904788,4.528520058,17477351.0
2019-09-24,4.53736624,4.493135328,4.546212423,4.484289145,25987221.0
2019-09-25,4.448904415,4.46659678,4.475442963,4.413519685,15818161.0
2019-09-26,4.448904415,4.39582732,4.448904415,4.378134955,16000079.0
2019-09-27,4.448904415,4.440058233,4.484289145,4.39582732,20225411.0
2019-09-30,4.457750598,4.457750598,4.498177652,4.43121205,16060831.0
2019-10-01,4.457750598,4.32505786,4.457750598,4.28967313,54158441.0
2019-10-02,4.28967313,4.245442217,4.28967313,4.227749852,31343402.0
2019-10-03,4.236596035,4.263134582,4.28967313,4.18351894,23309768.0
2019-10-04,4.28967313,4.307365495,4.307365495,4.263134582,13613278.0
2019-10-07,4.316211677,4.32505786,4.369288772,4.307365495,14043106.0
2019-10-08,4.36044259,4.316211677,4.369288772,4.298519312,14813587.0
2019-10-09,4.351596407,4.32505786,4.351596407,4.307365495,19157797.0
2019-10-10,4.369288772,4.351596407,4.386981137,4.316211677,26257222.0
2019-10-11,4.50198151,4.422365868,4.510827693,4.404673503,30407777.0
2019-10-14,4.413519685,4.36044259,4.43121205,4.36044259,26581204.0
2019-10-15,4.39582732,4.413519685,4.448904415,4.386981137,17331996.0
2019-10-16,4.475442963,4.484289145,4.493135328,4.440058233,17214573.0
2019-10-17,4.652366613,4.6081357,4.652366613,4.53736624,36383233.0
2019-10-18,4.6081357,4.581597153,4.612558791,4.555058605,34749606.0
2019-10-21,4.625828065,4.581597153,4.64352043,4.563904788,18430039.0
2019-10-22,4.6081357,4.563904788,4.616981883,4.563904788,18218010.0
2019-10-23,4.6081357,4.50198151,4.616981883,4.493135328,35040351.0
2019-10-24,3.537747617,3.431593426,3.599670894,3.369670149,251674101.0
2019-10-25,3.369670149,3.325439236,3.387362514,3.298900689,83786693.0
2019-10-28,3.236977411,3.157361769,3.254669776,3.148515586,82241675.0
2019-10-29,3.104284674,3.121977039,3.183900316,3.077746126,59696363.0
2019-10-30,3.139669404,3.210438864,3.210438864,3.130823221,53804497.0
2019-10-31,3.228131229,3.210438864,3.236977411,3.192746499,34401250.0
2019-11-01,3.201592681,3.219285046,3.254669776,3.192746499,29752383.0
2019-11-04,3.183900316,3.175054134,3.210438864,3.166207951,24436191.0
2019-11-05,3.113130856,3.113130856,3.139669404,3.086592309,38602276.0
2019-11-06,3.157361769,3.157361769,3.201592681,3.113130856,41319930.0
2019-11-07,3.148515586,3.139669404,3.175054134,3.113130856,25686956.0
2019-11-08,3.130823221,3.139669404,3.144092495,3.095438491,20839906.0
2019-11-11,3.077746126,3.104284674,3.139669404,3.077746126,39836067.0
2019-11-12,3.086592309,3.086592309,3.104284674,3.064476852,25819055.0
2019-11-13,3.060053761,3.051207578,3.077746126,3.033515213,23875661.0
2019-11-14,2.971591936,2.962745753,2.989284301,2.927361023,37161774.0
2019-11-15,2.980438118,3.033515213,3.051207578,2.971591936,28505741.0
2019-11-18,3.024669031,3.033515213,3.068899943,3.024669031,29079389.0
2019-11-19,3.051207578,3.015822848,3.051207578,2.998130483,30007303.0
2019-11-20,2.971591936,2.945053388,2.988665068,2.945053388,18573336.0
2019-11-21,2.980438118,2.971591936,2.989284301,2.953899571,20475574.0
2019-11-22,2.989284301,3.015822848,3.042361396,2.98486121,16678585.0
2019-11-25,3.068899943,3.051207578,3.082169217,3.024669031,20530017.0
2019-11-26,3.037938305,3.015822848,3.042361396,2.998130483,20521744.0
2019-11-27,3.015822848,3.042361396,3.060053761,2.998130483,16381167.0
2019-11-29,3.060053761,3.077746126,3.086592309,3.051207578,7059913.0
2019-12-02,3.104284674,3.042361396,3.113130856,3.015822848,23666722.0
2019-12-03,3.077746126,3.051207578,3.086592309,3.024669031,24842184.0
2019-12-04,3.068899943,3.033515213,3.104284674,3.015822848,33259420.0
2019-12-05,3.033515213,3.060053761,3.086592309,3.024669031,17155177.0
2019-12-06,3.060053761,3.060053761,3.086592309,3.033515213,15834222.0
2019-12-09,3.015822848,3.006976666,3.033515213,2.998130483,15847415.0
2019-12-10,3.015822848,3.006976666,3.033515213,2.998130483,17618627.0
2019-12-11,3.033515213,3.051207578,3.051207578,3.024669031,11935899.0
2019-12-12,3.077746126,3.139669404,3.148515586,3.073323035,23182810.0
2019-12-13,3.148515586,3.095438491,3.183900316,3.095438491,20460831.0
2019-12-16,3.148515586,3.157361769,3.166207951,3.130823221,13094823.0
2019-12-17,3.192746499,3.166207951,3.192746499,3.166207951,17663186.0
2019-12-18,3.175054134,3.166207951,3.183900316,3.148515586,16109582.0
2019-12-19,3.175054134,3.157361769,3.192746499,3.139669404,16346720.0
2019-12-20,3.166207951,3.175054134,3.175054134,3.139669404,21924555.0
2019-12-23,3.175054134,3.201592681,3.201592681,3.157361769,16361947.0
2019-12-24,3.183900316,3.192746499,3.201592681,3.175054134,6768314.0
2019-12-26,3.192746499,3.183900316,3.201592681,3.183900316,9057322.0
2019-12-27,3.175054134,3.192746499,3.192746499,3.175054134,9345097.0
2019-12-30,3.210438864,3.245823594,3.272362141,3.192746499,27046772.0
2019-12-31,3.254669776,3.263515959,3.281208324,3.245823594,14351477.0
2020-01-02,3.378516331,3.405054879,3.422747244,3.360823966,33141970.0
2020-01-03,3.369670149,3.351977784,3.400631788,3.351977784,25022658.0
2020-01-06,3.369670149,3.466978156,3.511209069,3.360823966,59952233.0
2020-01-07,3.484670521,3.475824339,3.528901434,3.466978156,36841781.0
2020-01-08,3.537747617,3.537747617,3.564286164,3.528901434,32114596.0
2020-01-09,3.581978529,3.528901434,3.590824712,3.520055252,25074067.0
2020-01-10,3.555439982,3.537747617,3.581978529,3.537747617,21251233.0
2020-01-13,3.608517077,3.573132347,3.617363259,3.564286164,29873057.0
2020-01-14,3.537747617,3.528901434,3.555439982,3.511209069,23334116.0
2020-01-15,3.528901434,3.573132347,3.608517077,3.520055252,21152705.0
2020-01-16,3.635055624,3.696978902,3.732363632,3.635055624,30481254.0
2020-01-17,3.705825084,3.643901807,3.714671267,3.626209442,28399564.0
2020-01-21,3.661594172,3.635055624,3.670440354,3.599670894,21274948.0
2020-01-22,3.608517077,3.599670894,3.643901807,3.599670894,19525831.0
2020-01-23,3.573132347,3.573132347,3.590824712,3.537747617,27092078.0
2020-01-24,3.599670894,3.564286164,3.599670894,3.520055252,29042751.0
2020-01-27,3.466978156,3.466978156,3.502362886,3.431593426,31964384.0
2020-01-28,3.511209069,3.537747617,3.581978529,3.502362886,23543503.0
2020-01-29,3.520055252,3.440439609,3.537747617,3.431593426,27741422.0
2020-01-30,3.413901061,3.484670521,3.484670521,3.405054879,23305229.0
2020-01-31,3.449285791,3.413901061,3.449285791,3.396208696,25612127.0
2020-02-03,3.458131974,3.413901061,3.462555065,3.396208696,31627824.0
2020-02-04,3.449285791,3.484670521,3.502362886,3.422747244,29709894.0
2020-02-05,3.528901434,3.546593799,3.546593799,3.466978156,27448427.0
2020-02-06,3.528901434,3.696978902,3.714671267,3.475824339,90257751.0
2020-02-07,3.767748362,3.847364004,3.891594917,3.750055997,102719682.0
2020-02-10,3.776594544,3.750055997,3.794286909,3.670440354,63116677.0
2020-02-11,3.900441099,3.882748734,3.988902925,3.856210187,82755562.0
2020-02-12,3.900441099,3.882748734,3.953518194,3.865056369,34736884.0
2020-02-13,3.820825457,3.820825457,3.873902552,3.803133092,30693461.0
2020-02-14,3.794286909,3.811979274,3.811979274,3.767748362,23030758.0
2020-02-18,3.732363632,3.741209814,3.741209814,3.705825084,22440174.0
2020-02-19,3.723517449,3.696978902,3.741209814,3.696978902,26638555.0
2020-02-20,3.679286537,3.661594172,3.688132719,3.608517077,25590372.0
2020-02-21,3.643901807,3.661594172,3.679286537,3.617363259,21122889.0
2020-02-24,3.528901434,3.537747617,3.581978529,3.520055252,35855121.0
2020-02-25,3.555439982,3.440439609,3.555439982,3.431593426,35960648.0
2020-02-26,3.511209069,3.652747989,3.900441099,3.475824339,93312030.0
2020-02-27,3.528901434,3.484670521,3.62178635,3.466978156,62126701.0
2020-02-28,3.382939423,3.405054879,3.422747244,3.325439236,58540332.0
2020-03-02,3.440439609,3.458131974,3.484670521,3.387362514,41572097.0
2020-03-03,3.449285791,3.334285419,3.484670521,3.281208324,45558094.0
2020-03-04,3.378516331,3.396208696,3.396208696,3.316593054,23839590.0
2020-03-05,3.30332378,3.219285046,3.334285419,3.219285046,35255438.0
2020-03-06,3.183900316,3.139669404,3.219285046,3.086592309,39638337.0
2020-03-09,2.936207206,2.909668658,3.033515213,2.900822476,54609286.0
2020-03-10,2.980438118,2.918514841,2.989284301,2.821206833,42384203.0
2020-03-11,2.847745381,2.750437373,2.865437746,2.697360278,41335544.0
2020-03-12,2.49389808,2.290435883,2.573513723,2.290435883,51754581.0
2020-03-13,2.476205715,2.405436255,2.485051898,2.228512605,31675102.0
2020-03-16,2.086973685,2.122358415,2.228512605,2.086973685,27259527.0
2020-03-17,2.24620497,2.219666423,2.299282065,2.157743145,29468848.0
2020-03-18,2.201974058,2.131204597,2.299282065,2.051588955,42501293.0
2020-03-19,2.122358415,2.24620497,2.299282065,2.086973685,40297739.0
2020-03-20,2.35235916,2.334666795,2.45851335,2.2815897,49575219.0
2020-03-23,2.396590073,2.325820613,2.45851335,2.299282065,46726693.0
2020-03-24,2.555821358,2.582359905,2.626590818,2.511590445,47526082.0
2020-03-25,2.626590818,2.697360278,2.768129738,2.546975175,48724406.0
2020-03-26,2.679667913,2.768129738,2.803514468,2.679667913,35238500.0
2020-03-27,2.653129366,2.644283183,2.706206461,2.582359905,31098789.0
2020-03-30,2.617744635,2.679667913,2.688514096,2.591206088,20464501.0
2020-03-31,2.715052643,2.723898826,2.812272189,2.692937187,29417566.0
2020-04-01,2.670821731,2.608898453,2.697360278,2.608898453,22136792.0
2020-04-02,2.626590818,2.670821731,2.706206461,2.591206088,23224722.0
2020-04-03,2.626590818,2.608898453,2.653129366,2.582359905,17041702.0
2020-04-06,2.750437373,2.776975921,2.803514468,2.723898826,23284557.0
2020-04-07,2.856591563,2.776975921,2.883130111,2.768129738,27185871.0
2020-04-08,2.821206833,2.847745381,2.883130111,2.794668286,18400661.0
2020-04-09,2.874283928,2.874283928,2.936207206,2.847745381,20956233.0
2020-04-13,2.865437746,2.856591563,2.874283928,2.812360651,11758444.0
2020-04-14,2.945053388,2.962745753,3.015822848,2.940630297,27570972.0
2020-04-15,2.856591563,2.838899198,2.865437746,2.785822103,23708870.0
2020-04-16,2.830053016,3.042361396,3.236623564,2.759283556,83467874.0
2020-04-17,3.095438491,3.060053761,3.130823221,3.024669031,34633125.0
2020-04-20,3.033515213,3.024669031,3.095438491,3.006976666,16577499.0
2020-04-21,3.024669031,2.953899571,3.033515213,2.936207206,22449461.0
2020-04-22,2.989284301,2.971591936,3.015822848,2.945053388,18071958.0
2020-04-23,2.962745753,2.980438118,3.033515213,2.953899571,23344676.0
2020-04-24,2.989284301,2.980438118,2.998130483,2.909668658,16388560.0
2020-04-27,2.998130483,3.042361396,3.042361396,2.989284301,12403717.0
2020-04-28,3.060053761,2.998130483,3.068899943,2.980438118,26159500.0
2020-04-29,3.068899943,3.086592309,3.121977039,3.006976666,22155567.0
2020-04-30,3.245823594,3.148515586,3.254669776,3.130823221,55906505.0
2020-05-01,3.104284674,3.166207951,3.192746499,3.037938305,32805513.0
2020-05-04,3.130823221,3.121977039,3.157361769,3.077746126,23352937.0
2020-05-05,3.068899943,3.042361396,3.113130856,3.042361396,20014670.0
2020-05-06,3.130823221,3.042361396,3.135246312,3.042361396,19892258.0
2020-05-07,3.121977039,3.121977039,3.148515586,3.095438491,14407297.0
2020-05-08,3.130823221,3.148515586,3.157361769,3.113130856,17426307.0
2020-05-11,3.148515586,3.139669404,3.157361769,3.121977039,14345988.0
2020-05-12,3.166207951,3.139669404,3.192746499,3.130823221,16924284.0
2020-05-13,3.139669404,3.024669031,3.148515586,2.989284301,27715808.0
2020-05-14,2.936207206,3.006976666,3.006976666,2.883130111,24552470.0
2020-05-15,3.042361396,3.033515213,3.068899943,2.998130483,15698764.0
2020-05-18,3.148515586,3.210438864,3.245823594,3.139580942,25662069.0
2020-05-19,3.219285046,3.245823594,3.290054506,3.210438864,21212762.0
2020-05-20,3.290054506,3.360823966,3.369670149,3.281208324,22489460.0
2020-05-21,3.413901061,3.316593054,3.422747244,3.307746871,20947676.0
2020-05-22,3.343131601,3.387362514,3.396208696,3.325439236,18401454.0
2020-05-26,3.431593426,3.387362514,3.449285791,3.387362514,17393962.0
2020-05-27,3.440439609,3.440439609,3.453708883,3.369670149,25093150.0
2020-05-28,3.466978156,3.449285791,3.502362886,3.440439609,22196979.0
2020-05-29,3.484670521,3.475824339,3.502362886,3.431593426,21067361.0
2020-06-01,3.643901807,3.696978902,3.719094358,3.626209442,39542103.0
2020-06-02,3.758902179,3.794286909,3.820825457,3.750055997,36621473.0
2020-06-03,3.803133092,3.847364004,3.873902552,3.794286909,32103072.0
2020-06-04,3.811979274,3.767748362,3.856210187,3.767748362,38453740.0
2020-06-05,3.909287282,3.926979647,3.962364377,3.882748734,33115866.0
2020-06-08,3.980056742,3.980056742,3.997749107,3.935825829,38203516.0
2020-06-09,3.97121056,3.891594917,3.97121056,3.865056369,35176850.0
2020-06-10,3.918133464,3.918133464,3.97121056,3.882748734,34982306.0
2020-06-11,3.794286909,3.617363259,3.803133092,3.581978529,49802321.0
2020-06-12,3.767748362,3.696978902,3.794286909,3.617363259,38508117.0
2020-06-15,3.652747989,3.767748362,3.776594544,3.608517077,39958260.0
2020-06-16,3.873902552,3.820825457,3.900441099,3.785440727,36960910.0
2020-06-17,3.891594917,3.882748734,3.909287282,3.856210187,31784537.0
2020-06-18,3.865056369,3.847364004,3.882748734,3.829671639,26224120.0
2020-06-19,3.891594917,3.811979274,3.891594917,3.785440727,21062224.0
2020-06-22,3.794286909,3.811979274,3.847364004,3.776594544,20886705.0
2020-06-23,3.865056369,3.811979274,3.882748734,3.811979274,20228602.0
2020-06-24,3.794286909,3.696978902,3.803133092,3.670440354,36423147.0
2020-06-25,3.679286537,3.918133464,3.918133464,3.652747989,43493918.0
2020-06-26,3.891594917,3.820825457,3.909287282,3.811979274,40939647.0
2020-06-29,3.838517822,3.829671639,3.88009488,3.794286909,30304159.0
2020-06-30,3.785440727,3.873902552,3.882748734,3.781017636,21533680.0
2020-07-01,3.838517822,3.829671639,3.882748734,3.820825457,24728819.0
2020-07-02,3.900441099,3.909287282,3.962364377,3.896018008,26431196.0
2020-07-06,4.07736475,4.050826202,4.18351894,4.04198002,56522998.0
2020-07-07,4.024287655,3.794286909,4.033133837,3.785440727,59104940.0
2020-07-08,3.661594172,3.652747989,3.705825084,3.617363259,56456497.0
2020-07-09,3.643901807,3.670440354,3.705825084,3.573132347,37914519.0
2020-07-10,3.617363259,3.626209442,3.661594172,3.599670894,25485082.0
2020-07-13,3.732363632,3.679286537,3.794286909,3.679286537,37504704.0
2020-07-14,3.732363632,3.803133092,3.811979274,3.732363632,38866960.0
2020-07-15,3.865056369,3.811979274,3.873902552,3.767748362,29809679.0
2020-07-16,3.758902179,3.732363632,3.776594544,3.723517449,21948722.0
2020-07-17,3.838517822,3.865056369,3.935825829,3.820825457,50122214.0
2020-07-20,3.873902552,3.918133464,3.944672012,3.873902552,30552930.0
2020-07-21,3.97121056,3.900441099,3.980056742,3.900441099,26461380.0
2020-07-22,3.935825829,3.962364377,4.00659529,3.918133464,23368030.0
2020-07-23,3.944672012,3.847364004,3.953518194,3.785440727,35977321.0
2020-07-24,3.820825457,3.785440727,3.838517822,3.776594544,22774410.0
2020-07-27,3.811979274,3.820825457,3.847364004,3.803133092,21065909.0
2020-07-28,3.794286909,3.767748362,3.811979274,3.750055997,19863419.0
2020-07-29,3.794286909,3.820825457,3.838517822,3.787740734,15453397.0
2020-07-30,3.714671267,3.918133464,3.988902925,3.661594172,58415891.0
2020-07-31,4.280826947,4.210057487,4.36044259,4.081787841,117959817.0
2020-08-03,4.369288772,4.457750598,4.519673875,4.351684869,62489164.0
2020-08-04,4.440058233,4.493135328,4.528520058,4.413519685,42735128.0
2020-08-05,4.46659678,4.404673503,4.493135328,4.39582732,36336472.0
2020-08-06,4.378134955,4.404673503,4.413519685,4.36044259,30262580.0
2020-08-07,4.36044259,4.386981137,4.39582732,4.342750225,21405341.0
2020-08-10,4.369288772,4.32505786,4.378134955,4.298519312,21177600.0
2020-08-11,4.36044259,4.369288772,4.448904415,4.333904042,40259299.0
2020-08-12,4.457750598,4.448904415,4.475442963,4.413519685,21697774.0
2020-08-13,4.43121205,4.457750598,4.475442963,4.404673503,21989476.0
2020-08-14,4.413519685,4.404673503,4.422365868,4.378134955,18991855.0
2020-08-17,4.440058233,4.46659678,4.484289145,4.413519685,24050162.0
2020-08-18,4.519673875,4.484289145,4.528520058,4.43121205,18338065.0
2020-08-19,4.493135328,4.440058233,4.50198151,4.417942776,20351206.0
2020-08-20,4.39582732,4.448904415,4.457750598,4.39582732,15366376.0
2020-08-21,4.351596407,4.378134955,4.404673503,4.351596407,15015135.0
2020-08-24,4.453327506,4.43121205,4.453327506,4.404673503,12604414.0
2020-08-25,4.457750598,4.440058233,4.471019871,4.404673503,13587397.0
2020-08-26,4.448904415,4.448904415,4.46659678,4.422365868,19752385.0
2020-08-27,4.422365868,4.413519685,4.448904415,4.369288772,25348574.0
2020-08-28,4.39582732,4.378134955,4.422365868,4.342750225,20820157.0
2020-08-31,4.351596407,4.316211677,4.351596407,4.280826947,22437841.0
2020-09-01,4.271980765,4.165826575,4.271980765,4.121595662,49278975.0
2020-09-02,4.18351894,4.210057487,4.245442217,4.139288027,31895627.0
2020-09-03,4.14813421,3.988902925,4.14813421,3.935825829,63168166.0
2020-09-04,3.980056742,3.944672012,3.997749107,3.838517822,45584048.0
2020-09-08,3.69255581,3.608517077,3.741209814,3.608517077,67144062.0
2020-09-09,3.688132719,3.643901807,3.714671267,3.635055624,47162653.0
2020-09-10,3.688132719,3.608517077,3.69255581,3.590824712,35018315.0
2020-09-11,3.635055624,3.608517077,3.652747989,3.573132347,27316148.0
2020-09-14,3.643901807,3.599670894,3.652747989,3.581978529,21317994.0
2020-09-15,3.696978902,3.661594172,3.696978902,3.635055624,24076236.0
2020-09-16,3.679286537,3.635055624,3.679286537,3.617363259,30884964.0
2020-09-17,3.590824712,3.643901807,3.652747989,3.581978529,28414554.0
2020-09-18,3.608517077,3.599670894,3.648324898,3.555439982,20339371.0
2020-09-21,3.475824339,3.484670521,3.493516704,3.413901061,29189482.0
2020-09-22,3.484670521,3.502362886,3.511209069,3.431593426,15175316.0
2020-09-23,3.493516704,3.413901061,3.502362886,3.405054879,19322558.0
2020-09-24,3.387362514,3.378516331,3.413901061,3.351977784,19266868.0
2020-09-25,3.321016145,3.325439236,3.334285419,3.272362141,32637615.0
2020-09-28,3.387362514,3.431593426,3.466978156,3.369670149,28025479.0
2020-09-29,3.484670521,3.475824339,3.555439982,3.458131974,25068342.0
2020-09-30,3.471401248,3.440439609,3.502362886,3.431593426,24780794.0
2020-10-01,3.440439609,3.405054879,3.4448627,3.378516331,17027990.0
2020-10-02,3.343131601,3.360823966,3.396208696,3.343131601,19307665.0
2020-10-05,3.475824339,3.458131974,3.484670521,3.413901061,15811376.0
2020-10-06,3.502362886,3.440439609,3.520055252,3.405054879,23824323.0
2020-10-07,3.431593426,3.431593426,3.449285791,3.396208696,15216504.0
2020-10-08,3.431593426,3.475824339,3.502362886,3.422747244,19386159.0
2020-10-09,3.581978529,3.546593799,3.635055624,3.537747617,35552878.0
2020-10-12,3.564286164,3.546593799,3.573132347,3.528901434,18341227.0
2020-10-13,3.581978529,3.555439982,3.590824712,3.528901434,19771400.0
2020-10-14,3.564286164,3.590824712,3.608517077,3.546593799,20988920.0
2020-10-15,3.506785978,3.555439982,3.555439982,3.497939795,15456560.0
2020-10-16,3.555439982,3.546593799,3.581978529,3.537747617,13354960.0
2020-10-19,3.635055624,3.679286537,3.723517449,3.626209442,36642481.0
2020-10-20,3.767748362,3.696978902,3.767748362,3.670440354,39536930.0
2020-10-21,3.758902179,3.767748362,3.820825457,3.714671267,43146649.0
2020-10-22,3.785440727,3.758902179,3.785440727,3.688132719,33773224.0
2020-10-23,3.741209814,3.785440727,3.794286909,3.714671267,15898786.0
2020-10-26,3.785440727,3.723517449,3.794286909,3.679286537,34590512.0
2020-10-27,3.705825084,3.732363632,3.767748362,3.705825084,24062183.0
2020-10-28,3.564286164,3.564286164,3.599670894,3.520055252,47238647.0
2020-10-29,3.024669031,2.945053388,3.033515213,2.821206833,149132957.0
2020-10-30,2.971591936,2.962745753,2.980438118,2.918514841,65899431.0
2020-11-02,2.971591936,2.874283928,2.971591936,2.838899198,41682324.0
2020-11-03,2.909668658,2.980438118,3.051207578,2.900822476,52419275.0
2020-11-04,2.998130483,2.989284301,3.051207578,2.955668807,38149457.0
2020-11-05,3.086592309,3.113130856,3.175054134,3.077746126,43167613.0
2020-11-06,3.086592309,3.095438491,3.121977039,3.042361396,29258041.0
2020-11-09,3.325439236,3.210438864,3.334285419,3.183900316,49820925.0
2020-11-10,3.290054506,3.228131229,3.30332378,3.228131229,37387851.0
2020-11-11,3.236977411,3.298900689,3.325439236,3.219285046,40456023.0
2020-11-12,3.298900689,3.298900689,3.360823966,3.274131378,46795312.0
2020-11-13,3.290054506,3.351977784,3.396208696,3.290054506,46308247.0
2020-11-16,3.405054879,3.431593426,3.458131974,3.378516331,37591796.0
2020-11-17,3.405054879,3.458131974,3.475824339,3.387362514,27364148.0
2020-11-18,3.466978156,3.466978156,3.502362886,3.458131974,28103602.0
2020-11-19,3.396208696,3.422747244,3.440439609,3.378516331,30776721.0
2020-11-20,3.431593426,3.475824339,3.493516704,3.422747244,29376690.0
2020-11-23,3.458131974,3.493516704,3.502362886,3.449285791,32393647.0
2020-11-24,3.546593799,3.581978529,3.626209442,3.528901434,25395293.0
2020-11-25,3.599670894,3.635055624,3.643901807,3.590824712,16995786.0
2020-11-27,3.626209442,3.635055624,3.643901807,3.617363259,8288343.0
2020-11-30,3.590824712,3.546593799,3.617363259,3.537747617,20845221.0
2020-12-01,3.573132347,3.573132347,3.599670894,3.564286164,20169266.0
2020-12-02,3.511209069,3.573132347,3.573132347,3.493516704,23692288.0
2020-12-03,3.546593799,3.537747617,3.573132347,3.528901434,18883638.0
2020-12-04,3.537747617,3.546593799,3.546593799,3.511209069,19651545.0
2020-12-07,3.555439982,3.573132347,3.608517077,3.546593799,21546521.0
2020-12-08,3.608517077,3.714671267,3.723517449,3.608517077,35820041.0
2020-12-09,3.732363632,3.688132719,3.767748362,3.679286537,31808830.0
2020-12-10,3.635055624,3.696978902,3.714671267,3.626209442,27951048.0
2020-12-11,3.581978529,3.573132347,3.608517077,3.520055252,34215647.0
2020-12-14,3.564286164,3.520055252,3.581978529,3.502362886,21093175.0
2020-12-15,3.573132347,3.608517077,3.626209442,3.546593799,18757009.0
2020-12-16,3.528901434,3.511209069,3.546593799,3.502362886,19877690.0
2020-12-17,3.599670894,3.573132347,3.601086283,3.537747617,26082195.0
2020-12-18,3.555439982,3.520055252,3.573132347,3.502362886,20259706.0
2020-12-21,3.405054879,3.431593426,3.44822425,3.369670149,26116616.0
2020-12-22,3.405054879,3.413901061,3.431593426,3.378516331,25180444.0
2020-12-23,3.387362514,3.413901061,3.449285791,3.387362514,27033451.0
2020-12-24,3.431593426,3.422747244,3.449285791,3.422747244,7298750.0
2020-12-28,3.431593426,3.431593426,3.466978156,3.422747244,18694713.0
2020-12-29,3.475824339,3.458131974,3.502362886,3.458131974,19875440.0
2020-12-30,3.466978156,3.422747244,3.484670521,3.413901061,17464606.0
2020-12-31,3.413901061,3.440439609,3.458131974,3.405054879,17088862.0
2021-01-04,3.511209069,3.422747244,3.511209069,3.387362514,30281398.0
2021-01-05,3.511209069,3.555439982,3.573132347,3.475824339,38446227.0
2021-01-06,3.528901434,3.555439982,3.599670894,3.528901434,37467360.0
2021-01-07,3.528901434,3.511209069,3.546593799,3.493516704,25317959.0
2021-01-08,3.466978156,3.458131974,3.484670521,3.431593426,23978662.0
2021-01-11,3.378516331,3.405054879,3.466978156,3.369670149,37059417.0
2021-01-12,3.466978156,3.528901434,3.537747617,3.458131974,26064982.0
2021-01-13,3.440439609,3.502362886,3.502362886,3.440439609,33763393.0
2021-01-14,3.626209442,3.599670894,3.741209814,3.581978529,93198577.0
2021-01-15,3.599670894,3.590824712,3.643901807,3.555439982,36639348.0
2021-01-19,3.581978529,3.635055624,3.688132719,3.546593799,40539361.0
2021-01-20,3.652747989,3.696978902,3.723517449,3.652747989,43924067.0
2021-01-21,3.679286537,3.714671267,3.723517449,3.661594172,22054873.0
2021-01-22,3.688132719,3.696978902,3.714671267,3.643901807,29126724.0
2021-01-25,3.997749107,4.271980765,4.332134806,3.988902925,296379275.0
2021-01-26,4.475442963,4.165826575,4.64352043,4.059672385,379387253.0
2021-01-27,4.39582732,5.775831792,8.641994925,4.28967313,1144058557.0
2021-01-28,4.563904788,4.130441845,4.873521176,4.04198002,675220890.0
2021-01-29,4.519673875,4.015441472,4.599289518,3.988902925,362323313.0
2021-02-01,4.378134955,4.307365495,4.39582732,4.103903297,194969225.0
2021-02-02,4.174672757,3.988902925,4.192365122,3.873902552,165679712.0
2021-02-03,4.07736475,4.139288027,4.191657428,3.980056742,95964261.0
2021-02-04,3.953518194,3.847364004,4.015441472,3.785440727,151036423.0
2021-02-05,3.811979274,3.714671267,3.811979274,3.696978902,107577201.0
2021-02-08,3.767748362,3.750055997,3.829671639,3.705825084,79270419.0
2021-02-09,3.750055997,3.688132719,3.758902179,3.670440354,83593875.0
2021-02-10,3.705825084,3.670440354,3.714671267,3.608517077,79240188.0
2021-02-11,3.661594172,3.608517077,3.670440354,3.581978529,63166137.0
2021-02-12,3.617363259,3.670440354,3.710248175,3.581978529,50557353.0
2021-02-16,3.670440354,3.635055624,3.696978902,3.608517077,42745525.0
2021-02-17,3.608517077,3.617363259,3.626209442,3.564286164,50503629.0
2021-02-18,3.581978529,3.626209442,3.643901807,3.564286164,43669195.0
2021-02-19,3.635055624,3.581978529,3.643901807,3.573132347,28413650.0
2021-02-22,3.537747617,3.484670521,3.555439982,3.484670521,56342102.0
2021-02-23,3.458131974,3.475824339,3.493516704,3.369670149,68365820.0
2021-02-24,3.466978156,3.555439982,3.626209442,3.440439609,77998703.0
2021-02-25,3.741209814,3.564286164,3.820825457,3.528901434,121260437.0
2021-02-26,3.528901434,3.449285791,3.555439982,3.440439609,69186692.0
2021-03-01,3.511209069,3.555439982,3.608428615,3.502362886,40902383.0
2021-03-02,3.546593799,3.555439982,3.581978529,3.520055252,29041808.0
2021-03-03,3.520055252,3.502362886,3.537747617,3.475824339,41330272.0
2021-03-04,3.484670521,3.360823966,3.520055252,3.298900689,77661740.0
2021-03-05,3.405054879,3.413901061,3.431593426,3.316593054,60969085.0
2021-03-08,3.396208696,3.405054879,3.493516704,3.369670149,44731704.0
2021-03-09,3.484670521,3.484670521,3.528901434,3.475824339,28745777.0
2021-03-10,3.555439982,3.484670521,3.564286164,3.449285791,48054825.0
2021-03-11,3.590824712,3.608517077,3.643901807,3.564286164,47803952.0
2021-03-12,3.599670894,3.714671267,3.719094358,3.590824712,42936715.0
2021-03-15,3.776594544,3.785440727,3.865056369,3.750055997,59715113.0
2021-03-16,3.803133092,3.732363632,3.829671639,3.688132719,37064662.0
2021-03-17,3.688132719,3.767748362,3.785440727,3.661594172,24682453.0
2021-03-18,3.555439982,3.440439609,3.635055624,3.440439609,83860089.0
2021-03-19,3.466978156,3.537747617,3.599670894,3.458131974,47529122.0
2021-03-22,3.581978529,3.573132347,3.617363259,3.555439982,31188942.0
2021-03-23,3.573132347,3.502362886,3.590824712,3.502362886,33771349.0
2021-03-24,3.502362886,3.449285791,3.517047549,3.449285791,35003506.0
2021-03-25,3.449285791,3.493516704,3.520055252,3.431593426,37997345.0
2021-03-26,3.537747617,3.573132347,3.599670894,3.493516704,34522194.0
2021-03-29,3.555439982,3.537747617,3.590824712,3.520055252,26233552.0
2021-03-30,3.511209069,3.511209069,3.520055252,3.440439609,29751356.0
2021-03-31,3.493516704,3.484670521,3.520055252,3.484670521,18639328.0
2021-04-01,3.520055252,3.520055252,3.555439982,3.493516704,24315868.0
2021-04-05,3.528901434,3.564286164,3.564286164,3.520055252,21294321.0
2021-04-06,3.537747617,3.520055252,3.555439982,3.511209069,24788120.0
2021-04-07,3.546593799,3.564286164,3.564286164,3.520055252,30073118.0
2021-04-08,3.590824712,3.573132347,3.608517077,3.537747617,20646766.0
2021-04-09,3.590824712,3.635055624,3.652747989,3.581978529,45389610.0
2021-04-12,3.617363259,3.581978529,3.635055624,3.581978529,20165962.0
2021-04-13,3.590824712,3.635055624,3.652747989,3.573132347,23394671.0
2021-04-14,3.635055624,3.635055624,3.670440354,3.617363259,28670001.0
2021-04-15,3.626209442,3.635055624,3.670440354,3.608517077,26112457.0
2021-04-16,3.652747989,3.679286537,3.688132719,3.635055624,22913743.0
2021-04-19,3.670440354,3.670440354,3.714671267,3.652747989,32936812.0
2021-04-20,3.635055624,3.652747989,3.652747989,3.617363259,31939946.0
2021-04-21,3.643901807,3.705825084,3.714671267,3.635055624,24943524.0
2021-04-22,3.696978902,3.661594172,3.723517449,3.661594172,30173596.0
2021-04-23,3.661594172,3.696978902,3.696978902,3.626209442,24070920.0
2021-04-26,3.705825084,3.696978902,3.723517449,3.670440354,33928842.0
2021-04-27,3.696978902,3.714671267,3.723517449,3.670440354,29219020.0
2021-04-28,3.750055997,3.696978902,3.785440727,3.688132719,30467290.0
2021-04-29,4.280826947,4.11274948,4.342750225,4.00659529,165782300.0
2021-04-30,4.192365122,4.121595662,4.2542884,4.07736475,67006412.0
2021-05-03,4.192365122,4.32505786,4.351596407,4.156980392,73060437.0
2021-05-04,4.227749852,4.139288027,4.2542884,4.059672385,54431751.0
2021-05-05,4.21890367,4.227749852,4.271980765,4.192365122,39932066.0
2021-05-06,4.227749852,4.28967313,4.298519312,4.21890367,37305569.0
2021-05-07,4.422365868,4.493135328,4.563904788,4.386981137,75594619.0
2021-05-10,4.528520058,4.386981137,4.53736624,4.369288772,56138780.0
2021-05-11,4.271980765,4.342750225,4.351596407,4.245442217,48344910.0
2021-05-12,4.271980765,4.14813421,4.298519312,4.130441845,44321354.0
2021-05-13,4.192365122,4.18351894,4.21890367,4.103903297,34768559.0
2021-05-14,4.263134582,4.316211677,4.316211677,4.21890367,24306360.0
2021-05-17,4.298519312,4.32505786,4.347173316,4.281711566,21961062.0
2021-05-18,4.39582732,4.386981137,4.46659678,4.36044259,43302522.0
2021-05-19,4.316211677,4.351596407,4.378134955,4.307365495,27387053.0
2021-05-20,4.36044259,4.53736624,4.53736624,4.351596407,49555685.0
2021-05-21,4.53736624,4.448904415,4.541789331,4.440058233,38946225.0
2021-05-24,4.440058233,4.422365868,4.484289145,4.404673503,20700354.0
2021-05-25,4.440058233,4.404673503,4.448904415,4.36044259,26384089.0
2021-05-26,4.347173316,4.36044259,4.43121205,4.333904042,46709112.0
2021-05-27,4.369288772,4.46659678,4.493135328,4.369288772,52034854.0
2021-05-28,4.581597153,4.546212423,4.661212795,4.528520058,68837796.0
2021-06-01,4.590443335,4.57275097,4.625828065,4.53736624,29907253.0
2021-06-02,4.625828065,4.802751715,4.891213541,4.616981883,122532625.0
2021-06-03,4.935444453,4.829290263,5.010637004,4.767366985,100445352.0
2021-06-04,4.846982628,4.829290263,4.906252051,4.802751715,31582732.0
2021-06-07,4.829290263,4.944290636,4.961983001,4.802751715,46400140.0
2021-06-08,4.908905906,4.917752088,5.015060096,4.882367358,48799876.0
2021-06-09,4.891213541,4.838136445,4.944290636,4.82044408,45971981.0
2021-06-10,4.793905533,4.793905533,4.838136445,4.74967462,26553204.0
2021-06-11,4.829290263,4.78505935,4.846982628,4.74967462,20367489.0
2021-06-14,4.82044408,4.802751715,4.829290263,4.776213168,18049475.0
2021-06-15,4.78505935,4.661212795,4.789924751,4.652366613,28954115.0
2021-06-16,4.625828065,4.599289518,4.64352043,4.546212423,27315250.0
2021-06-17,4.53736624,4.546212423,4.625828065,4.512331544,21979257.0
2021-06-18,4.510827693,4.493135328,4.546212423,4.46659678,32587558.0
2021-06-21,4.510827693,4.493135328,4.528520058,4.484289145,17269218.0
2021-06-22,4.528520058,4.50198151,4.528520058,4.475442963,20408053.0
2021-06-23,4.50198151,4.448904415,4.528520058,4.448904415,19223929.0
2021-06-24,4.555058605,4.528520058,4.561162471,4.50198151,22525934.0
2021-06-25,4.670058978,4.802751715,4.979675366,4.670058978,80335312.0
2021-06-28,4.802751715,4.758520803,4.846982628,4.74967462,32338058.0
2021-06-29,4.758520803,4.723136073,4.776213168,4.687751343,24817485.0
2021-06-30,4.705443708,4.687751343,4.71428989,4.661212795,22820577.0
2021-07-01,4.74967462,4.731982255,4.767366985,4.696597525,20298931.0
2021-07-02,4.731982255,4.74967462,4.758520803,4.687751343,16511934.0
2021-07-06,4.829290263,4.776213168,4.829290263,4.696597525,22637394.0
2021-07-07,4.811597898,4.74967462,4.829290263,4.723136073,23180523.0
2021-07-08,4.687751343,4.767366985,4.776213168,4.652366613,27998403.0
2021-07-09,4.811597898,4.82044408,4.855828811,4.802751715,17011049.0
2021-07-12,4.811597898,4.731982255,4.82044408,4.723136073,17539949.0
2021-07-13,5.112368103,5.183137563,5.289291754,5.094675738,112928505.0
2021-07-14,5.262753206,5.147752833,5.289291754,5.147752833,53166990.0
2021-07-15,5.076983373,5.068137191,5.116791195,4.984098457,35647466.0
2021-07-16,5.076983373,5.006213913,5.103521921,4.997367731,24607201.0
2021-07-19,4.970829183,4.935444453,4.979675366,4.873521176,36996789.0
2021-07-20,4.979675366,5.121214286,5.13448356,4.970829183,33724260.0
2021-07-21,5.165445198,5.112368103,5.253907023,5.085829556,31807950.0
2021-07-22,5.121214286,5.068137191,5.126964304,5.059291008,19818571.0
2021-07-23,5.094675738,5.068137191,5.121214286,5.050444826,16085358.0
2021-07-26,5.121214286,5.147752833,5.191983746,5.112368103,21145820.0
2021-07-27,5.147752833,5.068137191,5.156599016,5.032752461,28728748.0
2021-07-28,5.076983373,5.121214286,5.156599016,5.037175552,25051905.0
2021-07-29,5.413138309,5.333522666,5.492753951,5.306984119,71235011.0
2021-07-30,5.351215031,5.360061214,5.413138309,5.298137936,33579118.0
2021-08-02,5.395445944,5.404292126,5.448523039,5.315830301,35358504.0
2021-08-03,5.483907769,5.545831046,5.545831046,5.448523039,31755652.0
2021-08-04,5.536984864,5.492753951,5.545831046,5.483907769,21965648.0
2021-08-05,5.510446316,5.457369221,5.519292499,5.439676856,15594650.0
2021-08-06,5.430830674,5.377753579,5.457369221,5.342368849,19933493.0
2021-08-09,5.360061214,5.377753579,5.413138309,5.351215031,15932758.0
2021-08-10,5.377753579,5.306984119,5.386599761,5.298137936,18532234.0
2021-08-11,5.298137936,5.306984119,5.315830301,5.262753206,19023613.0
2021-08-12,5.298137936,5.306984119,5.315830301,5.227368476,22001165.0
2021-08-13,5.342368849,5.395445944,5.419772946,5.324676484,13796072.0
2021-08-16,5.324676484,5.351215031,5.351215031,5.306984119,11398390.0
2021-08-17,5.315830301,5.236214658,5.342368849,5.200829928,22073180.0
2021-08-18,5.271599388,5.245060841,5.306984119,5.245060841,14948448.0
2021-08-19,5.130060468,5.191983746,5.209676111,5.094675738,24224849.0
2021-08-20,5.183137563,5.200829928,5.236214658,5.174291381,12266066.0
2021-08-23,5.236214658,5.306984119,5.333522666,5.236214658,17737884.0
2021-08-24,5.306984119,5.333522666,5.368907396,5.280445571,17137725.0
2021-08-25,5.333522666,5.315830301,5.360061214,5.306984119,11193486.0
2021-08-26,5.342368849,5.280445571,5.377753579,5.280445571,15142978.0
2021-08-27,5.262753206,5.315830301,5.342368849,5.262753206,14302396.0
2021-08-30,5.324676484,5.324676484,5.368907396,5.306984119,12747549.0
2021-08-31,5.306984119,5.253907023,5.315830301,5.245060841,16860498.0
2021-09-01,5.280445571,5.245060841,5.306984119,5.245060841,11898770.0
2021-09-02,5.315830301,5.342368849,5.351215031,5.298137936,13777369.0
2021-09-03,5.324676484,5.324676484,5.333522666,5.306984119,9899627.0
2021-09-07,5.280445571,5.271599388,5.324676484,5.271599388,15367417.0
2021-09-08,5.271599388,5.191983746,5.289291754,5.191983746,15242887.0
2021-09-09,5.183137563,5.209676111,5.271599388,5.183137563,17186438.0
2021-09-10,5.227368476,5.138906651,5.262753206,5.130060468,23802654.0
2021-09-13,5.147752833,5.076983373,5.156599016,5.050444826,25984560.0
2021-09-14,5.121214286,5.076983373,5.130060468,5.054867917,16905578.0
2021-09-15,5.015060096,4.944290636,5.015060096,4.917752088,25212409.0
2021-09-16,4.935444453,4.953136818,4.979675366,4.917752088,20818304.0
2021-09-17,4.900059723,4.846982628,4.908905906,4.82044408,21789515.0
2021-09-20,4.67890516,4.71428989,4.793905533,4.64352043,37440892.0
2021-09-21,4.82044408,4.74967462,4.829290263,4.723136073,26761694.0
2021-09-22,4.838136445,4.900059723,4.953136818,4.829290263,27086703.0
2021-09-23,4.908905906,4.917752088,4.953136818,4.891302002,16793324.0
2021-09-24,4.864674993,4.917752088,4.953136818,4.846982628,12200016.0
2021-09-27,4.935444453,4.961983001,4.988521548,4.926598271,12450939.0
2021-09-28,4.908905906,4.78505935,4.961983001,4.78505935,26288180.0
2021-09-29,4.811597898,4.78505935,4.846982628,4.740828438,17239574.0
2021-09-30,4.838136445,4.802751715,4.846982628,4.78505935,14618698.0
2021-10-01,4.846982628,4.811597898,4.855828811,4.74967462,35200452.0
2021-10-04,4.873521176,4.82044408,4.908905906,4.811597898,20779003.0
2021-10-05,4.917752088,4.988521548,5.006213913,4.908905906,17459765.0
2021-10-06,4.961983001,4.979675366,4.997367731,4.882367358,24246821.0
2021-10-07,5.041598643,5.085829556,5.112368103,5.032752461,16933372.0
2021-10-08,5.156599016,5.112368103,5.183137563,5.094675738,16116501.0
2021-10-11,5.094675738,5.112368103,5.156599016,5.076983373,12405139.0
2021-10-12,5.138906651,5.112368103,5.156599016,5.094675738,17008297.0
2021-10-13,5.156599016,5.147752833,5.191983746,5.13014893,10749200.0
2021-10-14,5.227368476,5.245060841,5.262753206,5.209676111,13816595.0
2021-10-15,5.262753206,5.200829928,5.271599388,5.191983746,12341753.0
2021-10-18,5.227368476,5.209676111,5.253907023,5.200829928,18052140.0
2021-10-19,5.209676111,5.156599016,5.227368476,5.147752833,18232393.0
2021-10-20,5.147752833,5.218522293,5.227368476,5.138906651,18194707.0
2021-10-21,5.218522293,5.245060841,5.262753206,5.200829928,15080417.0
2021-10-22,5.262753206,5.183137563,5.271599388,5.174291381,18970979.0
2021-10-25,5.023906278,4.988521548,5.076894911,4.970829183,29516000.0
2021-10-26,5.032752461,5.023906278,5.068137191,4.988521548,21496757.0
2021-10-27,5.103521921,5.076983373,5.130060468,5.059291008,15961219.0
2021-10-28,5.271599388,5.130060468,5.271599388,5.081406465,35044368.0
2021-10-29,5.041598643,5.006213913,5.085829556,4.979675366,21221260.0
2021-11-01,4.935444453,5.015060096,5.015060096,4.900059723,22731431.0
2021-11-02,4.961983001,4.900059723,4.979675366,4.891213541,17793472.0
2021-11-03,4.970829183,5.085829556,5.085829556,4.944379097,19821111.0
2021-11-04,5.076983373,5.032752461,5.092464193,4.988521548,17463142.0
2021-11-05,5.050444826,5.085829556,5.112368103,5.023906278,17859535.0
2021-11-08,5.174291381,5.165445198,5.200829928,5.107945012,19162260.0
2021-11-09,5.147752833,5.103521921,5.165445198,5.085829556,20290653.0
2021-11-10,5.059291008,5.023906278,5.130060468,4.979675366,19309052.0
2021-11-11,5.015060096,5.032752461,5.068137191,5.006213913,13777595.0
2021-11-12,5.023906278,5.006213913,5.059291008,5.006213913,11165036.0
2021-11-15,4.944290636,4.926598271,4.961983001,4.908905906,15312131.0
2021-11-16,4.935444453,4.926598271,4.961983001,4.917752088,15059157.0
2021-11-17,4.926598271,5.006213913,5.059291008,4.917752088,16380615.0
2021-11-18,5.006213913,5.138906651,5.147752833,4.948713727,30948953.0
2021-11-19,5.121214286,5.121214286,5.191983746,5.112368103,21268729.0
2021-11-22,5.112368103,5.006213913,5.156599016,5.006213913,17482011.0
2021-11-23,5.041598643,5.041598643,5.072560282,4.961983001,25203706.0
2021-11-24,4.988521548,5.076983373,5.094675738,4.983479224,13151103.0
2021-11-26,4.944290636,4.891213541,4.979675366,4.829290263,21427921.0
2021-11-29,4.944290636,4.953136818,4.988521548,4.917752088,12154852.0
2021-11-30,4.953136818,4.935444453,4.961983001,4.829290263,34600444.0
2021-12-01,4.988521548,4.900059723,5.085829556,4.900059723,25177214.0
2021-12-02,4.926598271,5.059291008,5.103521921,4.917752088,37630503.0
2021-12-03,5.059291008,4.988521548,5.076983373,4.926598271,27178719.0
2021-12-06,4.979675366,5.015060096,5.041598643,4.865913459,22973461.0
2021-12-07,5.032752461,5.200829928,5.271599388,5.015060096,34604172.0
2021-12-08,5.191983746,5.165445198,5.227368476,5.134395098,18388666.0
2021-12-09,5.227368476,5.280445571,5.342368849,5.209676111,31583971.0
2021-12-10,5.306984119,5.306984119,5.333522666,5.253907023,18091070.0
2021-12-13,5.280445571,5.271599388,5.324676484,5.253907023,21072788.0
2021-12-14,5.245060841,5.253907023,5.280445571,5.191983746,19633017.0
2021-12-15,5.253907023,5.404292126,5.421984491,5.218522293,26635974.0
2021-12-16,5.377753579,5.342368849,5.413138309,5.315830301,32009953.0
2021-12-17,5.280445571,5.298137936,5.351215031,5.253995485,25638181.0
2021-12-20,5.271599388,5.209676111,5.27699556,5.147752833,18759940.0
2021-12-21,5.209676111,5.262753206,5.271599388,5.191983746,15204518.0
2021-12-22,5.280445571,5.413138309,5.421984491,5.271599388,20772733.0
2021-12-23,5.466215404,5.457369221,5.510446316,5.448523039,13625907.0
2021-12-27,5.536984864,5.590061959,5.598908141,5.501600134,15681729.0
2021-12-28,5.616600506,5.554677229,5.639423657,5.536984864,12321621.0
2021-12-29,5.536984864,5.545831046,5.563523411,5.519292499,9834918.0
2021-12-30,5.545831046,5.519292499,5.572369594,5.519292499,12171428.0
2021-12-31,5.510446316,5.483907769,5.528138681,5.430830674,10957140.0
2022-01-03,5.572369594,5.545831046,5.581215776,5.492753951,22993838.0
2022-01-04,5.554677229,5.510446316,5.563523411,5.483907769,21344889.0
2022-01-05,5.519292499,5.413138309,5.590061959,5.399869035,27541333.0
2022-01-06,5.368907396,5.395445944,5.430830674,5.306984119,27604418.0
2022-01-07,5.421984491,5.377753579,5.457369221,5.355638122,25342458.0
2022-01-10,5.360061214,5.439676856,5.448523039,5.324676484,21384450.0
2022-01-11,5.413138309,5.501600134,5.519292499,5.381380513,27926608.0
2022-01-12,5.457369221,5.368907396,5.483907769,5.351215031,28581972.0
2022-01-13,5.298137936,5.191983746,5.324676484,5.183137563,29341453.0
2022-01-14,5.174291381,5.227368476,5.227368476,5.121214286,27200463.0
2022-01-18,5.183137563,5.068137191,5.183137563,5.054867917,25252308.0
2022-01-19,5.112368103,5.059291008,5.147752833,5.041598643,23791151.0
2022-01-20,5.068137191,4.961983001,5.112368103,4.961983001,25855709.0
2022-01-21,4.944290636,4.855828811,5.015060096,4.855828811,64116783.0
2022-01-24,4.758520803,4.838136445,4.855828811,4.634674248,44977791.0
2022-01-25,4.864674993,4.908905906,4.961983001,4.82044408,37207578.0
2022-01-26,5.023906278,4.917752088,5.032752461,4.855828811,30882892.0
2022-01-27,4.970829183,4.926598271,5.015060096,4.891213541,44196394.0
2022-01-28,4.961983001,5.041598643,5.041598643,4.858040356,33370686.0
2022-01-31,5.112368103,5.200829928,5.227368476,5.103521921,25122561.0
2022-02-01,5.218522293,5.236214658,5.245060841,5.165445198,25378664.0
2022-02-02,5.245060841,5.262753206,5.289291754,5.227368476,31203922.0
2022-02-03,5.147752833,5.041598643,5.209676111,5.041598643,32235261.0
2022-02-04,5.050444826,5.032752461,5.094675738,4.988521548,24879955.0
2022-02-07,4.979675366,5.050444826,5.085829556,4.979675366,23069493.0
2022-02-08,4.997367731,5.015060096,5.041598643,4.988521548,15663839.0
2022-02-09,5.050444826,5.085829556,5.085829556,5.036910166,13622387.0
2022-02-10,4.992944639,4.979675366,5.085829556,4.961983001,21150540.0
2022-02-11,4.997367731,4.882367358,5.059291008,4.864674993,28640545.0
2022-02-14,4.829290263,4.78505935,4.846982628,4.723136073,27289179.0
2022-02-15,4.855828811,4.935444453,4.953136818,4.855828811,29926696.0
2022-02-16,5.059291008,5.147752833,5.156599016,5.059291008,27841269.0
2022-02-17,5.059291008,4.979675366,5.094675738,4.953136818,21700715.0
2022-02-18,5.015060096,4.988521548,5.032752461,4.944290636,26626039.0
2022-02-22,4.855828811,4.855828811,4.931021362,4.795320922,33156651.0
2022-02-23,4.900059723,4.740828438,4.917752088,4.731982255,40536562.0
2022-02-24,4.519673875,4.74967462,4.758520803,4.510827693,46599940.0
2022-02-25,4.793905533,4.793905533,4.838136445,4.767366985,38478905.0
2022-02-28,4.705443708,4.71428989,4.776213168,4.64352043,36567071.0
2022-03-01,4.661212795,4.563904788,4.674482069,4.528520058,37545528.0
2022-03-02,4.6081357,4.696597525,4.727559164,4.563904788,28706022.0
2022-03-03,4.53736624,4.369288772,4.555058605,4.351596407,51214037.0
2022-03-04,4.18351894,4.227749852,4.271892303,4.174672757,34034850.0
2022-03-07,4.192365122,3.988902925,4.209969025,3.97121056,47979351.0
2022-03-08,4.156980392,4.14813421,4.245442217,4.059672385,50710932.0
2022-03-09,4.316211677,4.32505786,4.368404154,4.263134582,36988950.0
2022-03-10,4.280826947,4.271980765,4.333815581,4.227749852,25449607.0
2022-03-11,4.369288772,4.236596035,4.386981137,4.236596035,24625733.0
2022-03-14,4.448904415,4.422365868,4.493135328,4.386981137,36673617.0
2022-03-15,4.46659678,4.493135328,4.493135328,4.422365868,26503778.0
2022-03-16,4.616981883,4.634674248,4.634674248,4.493135328,32842143.0
2022-03-17,4.64352043,4.687751343,4.696597525,4.616981883,22961988.0
2022-03-18,4.599289518,4.696597525,4.705443708,4.599289518,20828258.0
2022-03-21,4.696597525,4.670058978,4.723136073,4.634674248,20785252.0
2022-03-22,4.723136073,4.731982255,4.74967462,4.687751343,25156679.0
2022-03-23,4.67890516,4.652366613,4.705443708,4.625828065,17479217.0
2022-03-24,4.670058978,4.705443708,4.723136073,4.652366613,17752303.0
2022-03-25,4.696597525,4.731982255,4.740828438,4.674482069,18602199.0
2022-03-28,4.727559164,4.74967462,4.758520803,4.687751343,17026334.0
2022-03-29,4.900059723,4.873521176,4.91394823,4.82044408,23298169.0
2022-03-30,4.891213541,4.873521176,4.931021362,4.873521176,25986537.0
2022-03-31,4.864674993,4.811597898,4.882367358,4.811597898,18254638.0
2022-04-01,4.873521176,4.891213541,4.891213541,4.829290263,17550395.0
2022-04-04,4.904482814,4.926598271,4.926598271,4.891213541,14703482.0
2022-04-05,4.900059723,4.864674993,4.908905906,4.846982628,26184208.0
2022-04-06,4.811597898,4.767366985,4.816020989,4.718712982,24163847.0
2022-04-07,4.78505935,4.793905533,4.802751715,4.71428989,22521006.0
2022-04-08,4.767366985,4.731982255,4.802751715,4.723136073,16916408.0
2022-04-11,4.696597525,4.661212795,4.723136073,4.652366613,19077291.0
2022-04-12,4.64352043,4.563904788,4.678462851,4.53736624,22544558.0
2022-04-13,4.599289518,4.625828065,4.625828065,4.563904788,22584376.0
2022-04-14,4.616981883,4.50198151,4.639097339,4.493135328,21080847.0
2022-04-18,4.46659678,4.493135328,4.519673875,4.43121205,15062349.0
2022-04-19,4.53736624,4.581597153,4.6081357,4.528520058,24988718.0
2022-04-20,4.696597525,4.696597525,4.71428989,4.661212795,28273156.0
2022-04-21,4.758520803,4.64352043,4.767366985,4.64352043,30061798.0
2022-04-22,4.652366613,4.528520058,4.652366613,4.510827693,34456986.0
2022-04-25,4.510827693,4.590443335,4.599289518,4.475442963,40947431.0
2022-04-26,4.590443335,4.484289145,4.599289518,4.475442963,31870783.0
2022-04-27,4.46659678,4.440058233,4.50198151,4.404673503,45674856.0
2022-04-28,4.43121205,4.316211677,4.440058233,4.186172795,60763616.0
2022-04-29,4.457750598,4.440058233,4.510827693,4.43121205,42409386.0
2022-05-02,4.396552707,4.538091627,4.54693781,4.387706524,56168753.0
2022-05-03,4.54693781,4.626553452,4.670784365,4.538091627,46478001.0
2022-05-04,4.591168722,4.715015277,4.72386146,4.564630175,28011210.0
2022-05-05,4.58232254,4.520399262,4.61770727,4.485014532,45501520.0
2022-05-06,4.458475985,4.387706524,4.467322167,4.365591068,42865184.0
2022-05-09,4.290398517,4.228475239,4.325783247,4.210782874,38416085.0
2022-05-10,4.281552334,4.255013787,4.299244699,4.184244327,39593139.0
2022-05-11,4.246167604,4.148859597,4.325783247,4.148859597,47786107.0
2022-05-12,4.095782502,4.131167232,4.173186599,4.051551589,48509910.0
2022-05-13,4.237321422,4.316937064,4.343475612,4.237321422,25335545.0
2022-05-16,4.316937064,4.316937064,4.352321794,4.281552334,31237990.0
2022-05-17,4.387706524,4.458475985,4.467322167,4.378860342,26692605.0
2022-05-18,4.423091255,4.299244699,4.44078362,4.272706152,35275175.0
2022-05-19,4.219629057,4.246167604,4.308090882,4.184244327,41833274.0
2022-05-20,4.316937064,4.272706152,4.334629429,4.175398144,36037691.0
2022-05-23,4.316937064,4.361167977,4.387706524,4.281552334,30988404.0
2022-05-24,4.334629429,4.334629429,4.361167977,4.294821608,33970844.0
2022-05-25,4.316937064,4.361167977,4.387706524,4.299244699,33097852.0
2022-05-26,4.370014159,4.502706897,4.520399262,4.370014159,36661539.0
2022-05-27,4.51155308,4.54693781,4.555783992,4.485014532,19403056.0
2022-05-31,4.458475985,4.431937437,4.485014532,4.414245072,33552206.0
2022-06-01,4.431937437,4.396552707,4.458475985,4.352321794,38040648.0
2022-06-02,4.414245072,4.502706897,4.502706897,4.387706524,28923812.0
2022-06-03,4.449629802,4.458475985,4.47616835,4.423091255,29687875.0
2022-06-06,4.47616835,4.423091255,4.502706897,4.414245072,32119373.0
2022-06-07,4.414245072,4.485014532,4.485014532,4.387706524,28128039.0
2022-06-08,4.431937437,4.431937437,4.467322167,4.414245072,24280385.0
2022-06-09,4.378860342,4.290398517,4.405398889,4.290398517,35514009.0
2022-06-10,4.193090509,4.157705779,4.206359783,4.140013414,45869492.0
2022-06-13,4.095782502,4.042705407,4.131167232,4.033859224,46380374.0
2022-06-14,4.210782874,4.131167232,4.228475239,4.095870963,41501352.0
2022-06-15,4.166551962,4.210782874,4.263859969,4.122321049,41937219.0
2022-06-16,4.086936319,4.051551589,4.113474867,4.033859224,51041834.0
2022-06-17,4.113474867,4.060397772,4.131167232,4.025013042,53596761.0
2022-06-21,4.184244327,4.166551962,4.228386777,4.157705779,28100342.0
2022-06-22,4.140013414,4.140013414,4.193090509,4.131167232,38551918.0
2022-06-23,4.104628684,4.131167232,4.140013414,4.051551589,41369374.0
2022-06-24,4.148859597,4.255013787,4.272706152,4.140013414,22890030.0
2022-06-27,4.281552334,4.263859969,4.308090882,4.228475239,30702256.0
2022-06-28,4.281552334,4.201936692,4.308090882,4.193090509,31206004.0
2022-06-29,4.210782874,4.166551962,4.219629057,4.140013414,30976399.0
2022-06-30,4.069243954,4.078090137,4.113474867,4.025013042,29241959.0
2022-07-01,4.078090137,4.122321049,4.122321049,4.016255321,31178660.0
2022-07-05,3.954243581,4.025013042,4.025013042,3.901166486,39661991.0
2022-07-06,3.989628312,4.033859224,4.051551589,3.963089764,27760331.0
2022-07-07,4.051551589,4.095782502,4.104628684,4.042705407,15795447.0
2022-07-08,4.078090137,4.113474867,4.148859597,4.060397772,15861375.0
2022-07-11,4.060397772,4.078090137,4.122232587,4.051551589,19141358.0
2022-07-12,4.069243954,4.042705407,4.113474867,4.033859224,21726944.0
2022-07-13,3.998474494,4.069243954,4.078090137,3.989628312,24229488.0
2022-07-14,3.927705034,3.945397399,3.954243581,3.865781756,29844517.0
2022-07-15,4.007320677,4.078090137,4.078090137,3.980782129,19344851.0
2022-07-18,4.095782502,4.042705407,4.122321049,4.033859224,23160140.0
2022-07-19,4.042705407,4.140013414,4.148859597,4.033859224,20809648.0
2022-07-20,4.140013414,4.157705779,4.175398144,4.104628684,22249306.0
2022-07-21,4.396552707,4.529245445,4.54693781,4.387706524,37440958.0
2022-07-22,4.502706897,4.51155308,4.564630175,4.489437623,25884925.0
2022-07-25,4.547417282,4.538535608,4.591825654,4.511890585,23800655.0
2022-07-26,4.511890585,4.476363887,4.520772259,4.467482213,17309131.0
2022-07-27,4.547417282,4.591825654,4.627352351,4.529653933,23703412.0
2022-07-28,4.574062305,4.618470677,4.618470677,4.556298956,18611618.0
2022-07-29,4.609589003,4.600707328,4.618470677,4.574062305,16224975.0
2022-08-01,4.636234026,4.6451157,4.680642398,4.605148166,27484293.0
2022-08-02,4.591825654,4.574062305,4.627352351,4.574062305,29076518.0
2022-08-03,4.587384817,4.636234026,4.636234026,4.57583864,24190152.0
2022-08-04,4.627352351,4.6451157,4.671760723,4.618470677,22341574.0
2022-08-05,4.574062305,4.671760723,4.671760723,4.565180631,30402437.0
2022-08-08,4.636234026,4.618470677,4.689524072,4.600707328,26471445.0
2022-08-09,4.600707328,4.511890585,4.609589003,4.50300891,25100342.0
2022-08-10,4.618470677,4.627352351,4.636234026,4.58294398,17977323.0
2022-08-11,4.627352351,4.627352351,4.662879049,4.609589003,21254220.0
2022-08-12,4.591825654,4.627352351,4.627352351,4.58294398,16518930.0
2022-08-15,4.529653933,4.538535608,4.556298956,4.494127236,22269543.0
2022-08-16,4.529653933,4.591825654,4.600707328,4.520772259,21870789.0
2022-08-17,4.547417282,4.494127236,4.556298956,4.458600538,25897222.0
2022-08-18,4.50300891,4.556298956,4.556298956,4.478406672,15329450.0
2022-08-19,4.485245561,4.476363887,4.511890585,4.44083719,27616339.0
2022-08-22,4.396428818,4.396428818,4.405310492,4.36090212,27471692.0
2022-08-23,4.36090212,4.387547143,4.449718864,4.356461283,35087118.0
2022-08-24,4.36090212,4.396428818,4.431955515,4.352020446,25349221.0
2022-08-25,4.423073841,4.50300891,4.50300891,4.409751329,26456667.0
2022-08-26,4.458600538,4.325375423,4.494127236,4.325375423,44135634.0
2022-08-29,4.280967051,4.272085376,4.316493748,4.263203702,32945524.0
2022-08-30,4.316493748,4.280967051,4.32981626,4.254322028,25572374.0
2022-08-31,4.476363887,4.485245561,4.520772259,4.467482213,39526935.0
2022-09-01,4.44083719,4.423073841,4.458600538,4.36090212,29130075.0
2022-09-02,4.480804724,4.378665469,4.511890585,4.369783794,34458001.0
2022-09-06,4.414192166,4.369783794,4.423073841,4.334257097,30641035.0
2022-09-07,4.387547143,4.44083719,4.445278027,4.36090212,21416604.0
2022-09-08,4.369783794,4.44083719,4.449718864,4.352020446,23650704.0
2022-09-09,4.485245561,4.50300891,4.529653933,4.476363887,17640274.0
2022-09-12,4.565180631,4.556298956,4.609589003,4.538535608,21401777.0
2022-09-13,4.50300891,4.405310492,4.520772259,4.405310492,23910275.0
2022-09-14,4.387547143,4.387547143,4.423073841,4.343138771,24689828.0
2022-09-15,4.36090212,4.325375423,4.387547143,4.316493748,22873518.0
2022-09-16,4.201031981,4.112215237,4.236469862,4.072247703,58161111.0
2022-09-19,4.041161842,4.156623609,4.165505284,4.041161842,25387755.0
2022-09-20,4.067806866,4.07668854,4.112215237,4.04560268,13963644.0
2022-09-21,4.041161842,3.996753471,4.112215237,3.996753471,19343176.0
2022-09-22,3.987871796,3.943463424,3.996753471,3.925700075,23289037.0
2022-09-23,3.810238309,3.783593285,3.836883332,3.748066588,32212466.0
2022-09-26,3.765829937,3.765829937,3.819119983,3.730303239,23056373.0
2022-09-27,3.810238309,3.748066588,3.836883332,3.721421565,24358676.0
2022-09-28,3.783593285,3.872410029,3.881291704,3.765829937,22930074.0
2022-09-29,3.801356634,3.801356634,3.810238309,3.739184913,19736214.0
2022-09-30,3.783593285,3.79247496,3.85464668,3.783593285,16814289.0
2022-10-03,3.872410029,3.899055052,3.952345099,3.845765006,22992292.0
2022-10-04,4.032280168,4.094451889,4.103333563,4.027661697,21365688.0
2022-10-05,4.032280168,4.050043517,4.094451889,4.005635145,17768031.0
2022-10-06,4.001194308,4.005635145,4.041161842,3.978990122,18371247.0
2022-10-07,3.943463424,3.925700075,3.952345099,3.899055052,19125087.0
2022-10-10,3.916818401,3.863528355,3.925700075,3.836883332,15831728.0
2022-10-11,3.872410029,3.828001657,3.907936727,3.814501512,21482803.0
2022-10-12,3.881291704,3.863528355,3.916818401,3.863528355,19241079.0
2022-10-13,3.872410029,4.014516819,4.032280168,3.836883332,38366491.0
2022-10-14,4.041161842,3.952345099,4.054484354,3.93458175,29991157.0
2022-10-17,4.094451889,4.067806866,4.138860261,4.050043517,39444603.0
2022-10-18,4.192150307,4.129978586,4.201031981,4.103333563,46038791.0
2022-10-19,4.094451889,4.050043517,4.121096912,4.023398494,34254523.0
2022-10-20,3.756948262,3.694776542,3.845765006,3.623723147,62443173.0
2022-10-21,3.677013193,3.774711611,3.774711611,3.668131518,36983938.0
2022-10-24,3.818860499,3.82778307,3.872395926,3.783170214,38255605.0
2022-10-25,3.872395926,3.934853925,3.979466781,3.854550784,31484864.0
2022-10-26,3.934853925,3.952699068,4.006234495,3.934853925,30469221.0
2022-10-27,3.979466781,3.890241069,3.997311924,3.890241069,25420526.0
2022-10-28,3.925931354,3.961621639,3.97054421,3.890241069,20281795.0
2022-10-31,3.908086211,3.925931354,3.961621639,3.89916364,20751637.0
2022-11-01,3.961621639,3.943776496,3.988389353,3.917008783,26239708.0
2022-11-02,3.925931354,3.872395926,3.997311924,3.863473355,22669353.0
2022-11-03,3.818860499,3.765325071,3.82778307,3.765325071,25378554.0
2022-11-04,3.872395926,3.89916364,3.923254583,3.836705641,27027549.0
2022-11-07,3.908086211,3.934853925,3.952699068,3.890241069,16964907.0
2022-11-08,4.006234495,3.979466781,4.033002209,3.943776496,30153224.0
2022-11-09,3.961621639,3.908086211,3.997311924,3.908086211,20954112.0
2022-11-10,4.068692494,4.140073064,4.148995635,4.033002209,27145391.0
2022-11-11,4.157918207,4.238221348,4.264989062,4.140073064,24509006.0
2022-11-14,4.229298777,4.229298777,4.273911633,4.211453634,19614000.0
2022-11-15,4.291756776,4.282834204,4.345292203,4.238221348,36392648.0
2022-11-16,4.273911633,4.202531063,4.278372919,4.193608492,21252982.0
2022-11-17,4.140073064,4.220376205,4.229298777,4.140073064,29738261.0
2022-11-18,4.282834204,4.273911633,4.318524489,4.264989062,19713642.0
2022-11-21,4.202531063,4.202531063,4.247143919,4.193608492,18587344.0
2022-11-22,4.220376205,4.264989062,4.264989062,4.220376205,12850039.0
2022-11-23,4.273911633,4.273911633,4.316026169,4.264989062,14094594.0
2022-11-25,4.291756776,4.300679347,4.327447061,4.282834204,8939493.0
2022-11-28,4.273911633,4.193608492,4.282834204,4.18468592,15059960.0
2022-11-29,4.193608492,4.229298777,4.229298777,4.175763349,18886636.0
2022-11-30,4.247143919,4.398827631,4.398827631,4.220376205,28737402.0
2022-12-01,4.46128563,4.46128563,4.479130772,4.43005663,21165587.0
2022-12-02,4.46128563,4.505898486,4.5326662,4.46128563,17839164.0
2022-12-05,4.452363058,4.407750202,4.479130772,4.398827631,17868799.0
2022-12-06,4.398827631,4.345292203,4.398827631,4.318524489,12124103.0
2022-12-07,4.309601918,4.300679347,4.345292203,4.273911633,12609053.0
2022-12-08,4.273911633,4.372059917,4.380982488,4.265078287,16289224.0
2022-12-09,4.398827631,4.363137346,4.425595344,4.356445417,12798263.0
2022-12-12,4.354214774,4.398827631,4.416672773,4.318524489,16219856.0
2022-12-13,4.550511342,4.452363058,4.559433913,4.425595344,29738035.0
2022-12-14,4.425595344,4.452363058,4.496975915,4.412211488,18442243.0
2022-12-15,4.398827631,4.273911633,4.407750202,4.273911633,20200426.0
2022-12-16,4.148995635,4.131150493,4.171302064,4.095460208,24790694.0
2022-12-19,4.148995635,4.104382779,4.166840778,4.086537637,15722396.0
2022-12-20,4.086537637,4.086537637,4.122227922,4.086537637,12170370.0
2022-12-21,4.104382779,4.140073064,4.140073064,4.086537637,11778605.0
2022-12-22,4.104382779,4.11330535,4.131150493,4.059769923,13843916.0
2022-12-23,4.104382779,4.140073064,4.140073064,4.090998922,14380818.0
2022-12-27,4.122227922,4.122227922,4.157918207,4.104382779,10887262.0
2022-12-28,4.104382779,4.068692494,4.131150493,4.068692494,13124978.0
2022-12-29,4.11330535,4.175763349,4.18468592,4.105185811,9429609.0
2022-12-30,4.131150493,4.140073064,4.148995635,4.104382779,11284082.0
2023-01-03,4.175763349,4.18468592,4.229298777,4.157918207,16376123.0
2023-01-04,4.273911633,4.220376205,4.282834204,4.211453634,16084434.0
2023-01-05,4.211453634,4.18468592,4.229298777,4.176744832,15254707.0
2023-01-06,4.202531063,4.309601918,4.309601918,4.157918207,15913977.0
2023-01-09,4.354214774,4.318524489,4.407750202,4.318524489,15697058.0
2023-01-10,4.336369632,4.345292203,4.363137346,4.309601918,16099994.0
2023-01-11,4.398827631,4.407750202,4.416672773,4.372059917,13610268.0
2023-01-12,4.425595344,4.479130772,4.479130772,4.392581831,21659168.0
2023-01-13,4.46128563,4.488053343,4.496975915,4.452363058,11615186.0
2023-01-17,4.372059917,4.300679347,4.380982488,4.282834204,20603302.0
2023-01-18,4.354214774,4.264989062,4.363137346,4.256066491,21832828.0
2023-01-19,4.229298777,4.175763349,4.238221348,4.175763349,24123681.0
2023-01-20,4.095460208,4.11330535,4.117766636,4.024079638,34214490.0
2023-01-23,4.122227922,4.131150493,4.166840778,4.11330535,34445279.0
2023-01-24,4.07315378,4.059769923,4.11330535,4.033002209,37969494.0
2023-01-25,4.095460208,4.131150493,4.148995635,4.059769923,29041981.0
2023-01-26,4.264989062,4.291756776,4.336369632,4.220376205,27242987.0
2023-01-27,4.256066491,4.220376205,4.273911633,4.220376205,18603415.0
2023-01-30,4.25761917,4.248655761,4.302436214,4.248655761,17922719.0
2023-01-31,4.194875309,4.266582579,4.266582579,4.1859119,16824954.0
2023-02-01,4.248655761,4.356216667,4.383106893,4.230728944,21421778.0
2023-02-02,4.383106893,4.409997119,4.427923937,4.356216667,24020559.0
2023-02-03,4.32932644,4.293472805,4.356216667,4.275545988,25556274.0
2023-02-06,4.226247239,4.1859119,4.230818578,4.167985082,14072000.0
2023-02-07,4.150058265,4.212802126,4.239692352,4.150058265,14989104.0
2023-02-08,4.221765535,4.194875309,4.230728944,4.176948491,12058039.0
2023-02-09,4.230728944,4.1859119,4.230728944,4.167985082,17858725.0
2023-02-10,4.150058265,4.176948491,4.194875309,4.136613151,13374411.0
2023-02-13,4.150058265,4.194875309,4.203838717,4.150058265,9235431.0
2023-02-14,4.1859119,4.1859119,4.239692352,4.167985082,14331567.0
2023-02-15,4.1859119,4.239692352,4.248655761,4.176948491,13305884.0
2023-02-16,4.221765535,4.239692352,4.275545988,4.221765535,12438518.0
2023-02-17,4.230728944,4.275545988,4.284509396,4.221765535,14197706.0
2023-02-21,4.239692352,4.1859119,4.257708804,4.176948491,11667623.0
2023-02-22,4.190393604,4.167985082,4.203838717,4.141094856,12835592.0
2023-02-23,4.203838717,4.167985082,4.221765535,4.141094856,15513322.0
2023-02-24,4.123168038,4.105241221,4.136613151,4.078350994,14452901.0
2023-02-27,4.194875309,4.1859119,4.221765535,4.159021673,18983395.0
2023-02-28,4.150058265,4.123168038,4.1859119,4.11420463,17312981.0
2023-03-01,4.176948491,4.123168038,4.1859119,4.123168038,12521463.0
2023-03-02,4.123168038,4.194875309,4.212802126,4.11420463,18507114.0
2023-03-03,4.311399623,4.320363031,4.347253258,4.280027692,18683954.0
2023-03-06,4.32932644,4.293472805,4.347253258,4.293472805,12610603.0
2023-03-07,4.338289849,4.248655761,4.347253258,4.230728944,15329981.0
2023-03-08,4.221765535,4.266582579,4.266582579,4.212802126,12224916.0
2023-03-09,4.266582579,4.248655761,4.32932644,4.248655761,14506780.0
2023-03-10,4.275545988,4.203838717,4.284509396,4.181430195,17299610.0
2023-03-13,4.141094856,4.176948491,4.221765535,4.123168038,26853187.0
2023-03-14,4.212802126,4.194875309,4.230728944,4.159021673,16037318.0
2023-03-15,3.970790089,4.024570542,4.042497359,3.96182668,27691856.0
2023-03-16,3.979753498,4.096277812,4.105241221,3.970790089,19693104.0
2023-03-17,4.038015655,4.051460768,4.060424177,3.997680315,16919485.0
2023-03-20,4.11420463,4.096277812,4.132131447,4.06947722,14783001.0
2023-03-21,4.176948491,4.167985082,4.194875309,4.159021673,14708827.0
2023-03-22,4.167985082,4.11420463,4.230728944,4.105241221,16598644.0
2023-03-23,4.176948491,4.123168038,4.212802126,4.087314403,18048860.0
2023-03-24,4.150058265,4.150058265,4.167985082,4.087314403,20999662.0
2023-03-27,4.230728944,4.1859119,4.244174057,4.176948491,10818171.0
2023-03-28,4.167985082,4.194875309,4.194875309,4.150058265,10049090.0
2023-03-29,4.25761917,4.248655761,4.265058799,4.230728944,10588018.0
2023-03-30,4.311399623,4.338289849,4.356216667,4.302436214,17342332.0
2023-03-31,4.356216667,4.40103371,4.40103371,4.347253258,9965540.0
2023-04-03,4.383106893,4.374143484,4.40103371,4.347253258,12284135.0
2023-04-04,4.392070302,4.40103371,4.418960528,4.356216667,18041252.0
2023-04-05,4.40103371,4.392070302,4.418960528,4.367510562,11415132.0
2023-04-06,4.374143484,4.365180075,4.392070302,4.356216667,10051574.0
2023-04-10,4.338289849,4.320363031,4.347253258,4.293472805,12969205.0
2023-04-11,4.409997119,4.383106893,4.409997119,4.374143484,11568673.0
2023-04-12,4.409997119,4.365180075,4.427923937,4.365180075,15689968.0
2023-04-13,4.392070302,4.427923937,4.427923937,4.392070302,18075794.0
2023-04-14,4.436887346,4.392070302,4.454814163,4.374143484,16169344.0
2023-04-17,4.356216667,4.347253258,4.365180075,4.311399623,16201202.0
2023-04-18,4.320363031,4.176948491,4.324844736,4.11420463,29728435.0
2023-04-19,4.1859119,4.141094856,4.1859119,4.078350994,32829971.0
2023-04-20,3.836338957,3.764631687,3.854265775,3.701887826,58372932.0
2023-04-21,3.74670487,3.782558505,3.791521913,3.728778052,29377638.0
2023-04-24,3.812425521,3.794357154,3.839528072,3.776288786,23337725.0
2023-04-25,3.731117868,3.704015316,3.744669143,3.694981133,23686769.0
2023-04-26,3.78532297,3.749186235,3.803391337,3.740152051,22915126.0
2023-04-27,3.740152051,3.776288786,3.776288786,3.7130495,16370022.0
2023-04-28,3.749186235,3.78532297,3.803391337,3.749186235,14428915.0
2023-05-01,3.78532297,3.758220419,3.807908429,3.749186235,14836697.0
2023-05-02,3.731117868,3.704015316,3.749186235,3.676912765,17904013.0
2023-05-03,3.676912765,3.667878582,3.7130495,3.658844398,13094850.0
2023-05-04,3.631741847,3.631741847,3.649810214,3.622707663,16030558.0
2023-05-05,3.658844398,3.7130495,3.731117868,3.649810214,13398045.0
2023-05-08,3.731117868,3.722083684,3.740152051,3.704015316,10998042.0
2023-05-09,3.685946949,3.676912765,3.694981133,3.667878582,12912523.0
2023-05-10,3.704015316,3.685946949,3.7130495,3.658844398,18982315.0
2023-05-11,3.658844398,3.61367348,3.658844398,3.604639296,14824757.0
2023-05-12,3.640776031,3.640776031,3.667878582,3.622707663,14260462.0
2023-05-15,3.649810214,3.667878582,3.704015316,3.640776031,14641919.0
2023-05-16,3.622707663,3.568502561,3.640776031,3.568502561,15214998.0
2023-05-17,3.595605112,3.631741847,3.640776031,3.595605112,13023469.0
2023-05-18,3.622707663,3.622707663,3.640776031,3.604639296,9980082.0
2023-05-19,3.658844398,3.658844398,3.704015316,3.649810214,17347675.0
2023-05-22,3.667878582,3.685946949,3.685946949,3.649810214,12505148.0
2023-05-23,3.704015316,3.640776031,3.708532408,3.640776031,14052397.0
2023-05-24,3.627224755,3.559468377,3.627224755,3.550434194,18610690.0
2023-05-25,3.577536745,3.577536745,3.604639296,3.559468377,12302955.0
2023-05-26,3.61367348,3.631741847,3.658844398,3.61367348,15735401.0
2023-05-30,3.676912765,3.631741847,3.694981133,3.622707663,11886804.0
2023-05-31,3.622707663,3.622707663,3.649810214,3.595605112,19755235.0
2023-06-01,3.631741847,3.658844398,3.685946949,3.622707663,15482157.0
2023-06-02,3.640776031,3.667878582,3.676912765,3.640776031,12171414.0
2023-06-05,3.685946949,3.649810214,3.685946949,3.649810214,6271506.0
2023-06-06,3.604639296,3.604639296,3.631741847,3.595605112,15587419.0
2023-06-07,3.631741847,3.631741847,3.667878582,3.622707663,13769954.0
2023-06-08,3.61367348,3.604639296,3.631741847,3.595605112,9509169.0
2023-06-09,3.622707663,3.61367348,3.649810214,3.61367348,15669839.0
2023-06-12,3.61367348,3.685946949,3.685946949,3.604639296,12939787.0
2023-06-13,3.708532408,3.685946949,3.731117868,3.685946949,14008246.0
2023-06-14,3.758220419,3.749186235,3.78532297,3.722083684,18595889.0
2023-06-15,3.776288786,3.830493888,3.830493888,3.767254602,13934031.0
2023-06-16,3.871147715,3.866630623,3.875664807,3.830493888,20155520.0
2023-06-20,3.812425521,3.794357154,3.821459705,3.776288786,9382358.0
2023-06-21,3.767254602,3.722083684,3.767254602,3.704015316,10545626.0
2023-06-22,3.694981133,3.676912765,3.704015316,3.667878582,14465587.0
2023-06-23,3.622707663,3.595605112,3.639691929,3.586570928,14453579.0
2023-06-26,3.640776031,3.631741847,3.667878582,3.631741847,13297347.0
2023-06-27,3.667878582,3.722083684,3.731117868,3.649810214,17301046.0
2023-06-28,3.749186235,3.740152051,3.767254602,3.731117868,17131249.0
2023-06-29,3.758220419,3.749186235,3.767254602,3.7130495,24049903.0
2023-06-30,3.758220419,3.758220419,3.776288786,3.740152051,13955335.0
2023-07-03,3.830493888,3.830493888,3.857596439,3.821459705,9451240.0
2023-07-05,3.794357154,3.776288786,3.794357154,3.758220419,14393125.0
2023-07-06,3.740152051,3.740152051,3.749186235,3.7130495,9872252.0
2023-07-07,3.735634959,3.749186235,3.767254602,3.731117868,9671126.0
2023-07-10,3.753703327,3.767254602,3.776288786,3.749186235,11585451.0
2023-07-11,3.789840062,3.794357154,3.812425521,3.776288786,13098548.0
2023-07-12,3.867353358,3.866630623,3.884698991,3.830493888,21726998.0
2023-07-13,3.929869909,3.929869909,3.938904093,3.902767358,25966597.0
2023-07-14,3.586570928,3.595605112,3.595605112,3.532365826,42501072.0
2023-07-17,3.473643632,3.478160724,3.523331643,3.460092357,30922763.0
2023-07-18,3.514297459,3.505263275,3.550434194,3.487194908,34641234.0
2023-07-19,3.518814551,3.559468377,3.569134954,3.514297459,23929050.0
2023-07-20,3.550434194,3.550434194,3.563985469,3.505263275,20543972.0
2023-07-21,3.577536745,3.559468377,3.586570928,3.54140001,18365210.0
2023-07-24,3.580193415,3.607523136,3.607523136,3.571083508,11858836.0
2023-07-25,3.598413229,3.616633043,3.62574295,3.589303322,14589172.0
2023-07-26,3.561973601,3.607523136,3.616633043,3.552863694,21175590.0
2023-07-27,3.593858275,3.552863694,3.598413229,3.552863694,24210736.0
2023-07-28,3.589303322,3.580193415,3.607523136,3.561973601,12087899.0
2023-07-31,3.571083508,3.589303322,3.598413229,3.561973601,15525559.0
2023-08-01,3.561973601,3.598413229,3.598413229,3.552863694,17258059.0
2023-08-02,3.543753787,3.589303322,3.589303322,3.534643881,35606827.0
2023-08-03,3.543753787,3.543753787,3.552863694,3.516424067,14026400.0
2023-08-04,3.525533974,3.561973601,3.598413229,3.52097902,14965490.0
2023-08-07,3.589303322,3.552863694,3.589394421,3.534643881,10667408.0
2023-08-08,3.525533974,3.552863694,3.552863694,3.50731416,15289943.0
2023-08-09,3.571083508,3.552863694,3.580193415,3.552863694,16194473.0
2023-08-10,3.607523136,3.598413229,3.634852857,3.589303322,16177179.0
2023-08-11,3.534643881,3.543753787,3.543753787,3.525533974,14925965.0
2023-08-14,3.525533974,3.525533974,3.543753787,3.50731416,9790539.0
2023-08-15,3.489094346,3.461764625,3.50731416,3.461764625,10077362.0
2023-08-16,3.461764625,3.425324998,3.470874532,3.416215091,12950102.0
2023-08-17,3.475429486,3.434434905,3.498204253,3.434434905,13632699.0
2023-08-18,3.434434905,3.470874532,3.479984439,3.425324998,10588232.0
2023-08-21,3.479984439,3.470874532,3.498204253,3.452654718,10376395.0
2023-08-22,3.516424067,3.461764625,3.52097902,3.452654718,18757833.0
2023-08-23,3.461764625,3.489094346,3.489094346,3.452654718,8708220.0
2023-08-24,3.461764625,3.434434905,3.489094346,3.425324998,10844015.0
2023-08-25,3.443544811,3.461764625,3.470874532,3.425324998,11061854.0
2023-08-28,3.470874532,3.50731416,3.50731416,3.470874532,5956146.0
2023-08-29,3.589303322,3.598413229,3.607523136,3.571083508,15483261.0
2023-08-30,3.62574295,3.62574295,3.634852857,3.607523136,10925374.0
2023-08-31,3.634852857,3.634852857,3.643962764,3.616633043,10876781.0
2023-09-01,3.65307267,3.634852857,3.662182577,3.634852857,12114671.0
2023-09-05,3.65307267,3.643962764,3.662182577,3.634852857,11539582.0
2023-09-06,3.680402391,3.689512298,3.698622205,3.643962764,16016469.0
2023-09-07,3.662182577,3.707732112,3.725951926,3.662182577,24166372.0
2023-09-08,3.662182577,3.680402391,3.707732112,3.662182577,22969323.0
2023-09-11,3.689512298,3.707732112,3.716842019,3.671292484,17287962.0
2023-09-12,3.680402391,3.689512298,3.698622205,3.662182577,14259313.0
2023-09-13,3.643962764,3.65307267,3.662182577,3.62574295,24397136.0
2023-09-14,3.621187996,3.662182577,3.671292484,3.616633043,22829653.0
2023-09-15,3.598413229,3.580193415,3.616633043,3.571083508,21273784.0
2023-09-18,3.589303322,3.598413229,3.616633043,3.575638462,15598355.0
2023-09-19,3.643962764,3.643962764,3.65307267,3.616633043,15787408.0
2023-09-20,3.671292484,3.607523136,3.671292484,3.602968182,11833329.0
2023-09-21,3.552863694,3.525533974,3.561973601,3.525533974,9831894.0
2023-09-22,3.561973601,3.543753787,3.571083508,3.534643881,10664111.0
2023-09-25,3.479984439,3.489094346,3.493649299,3.461764625,11623588.0
2023-09-26,3.452654718,3.397995277,3.461764625,3.397995277,16619777.0
2023-09-27,3.397995277,3.370665556,3.40255023,3.343335835,15534742.0
2023-09-28,3.361555649,3.38888537,3.407105184,3.352445742,14859476.0
2023-09-29,3.466319579,3.407105184,3.470874532,3.407105184,19342376.0
2023-10-02,3.384330417,3.38888537,3.407105184,3.343335835,19387935.0
2023-10-03,3.379775463,3.343335835,3.397995277,3.334225929,21046948.0
2023-10-04,3.352445742,3.297786301,3.361555649,3.279566487,22764628.0
2023-10-05,3.297786301,3.224907046,3.306896208,3.206687232,29542025.0
2023-10-06,3.197577325,3.243126859,3.27045658,3.188467418,25430925.0
2023-10-09,3.197577325,3.243126859,3.243126859,3.188467418,19774476.0
2023-10-10,3.334225929,3.279566487,3.343335835,3.27045658,18382164.0
2023-10-11,3.334225929,3.252236766,3.334225929,3.234016953,23756024.0
2023-10-12,3.297786301,3.252236766,3.306896208,3.224907046,28672542.0
2023-10-13,3.261346673,3.197577325,3.261346673,3.197577325,16539377.0
2023-10-16,3.243126859,3.279566487,3.287036611,3.234016953,16565128.0
2023-10-17,3.174802558,3.179357511,3.215797139,3.161228796,26867933.0
2023-10-18,3.170247604,3.088258442,3.174802558,3.079148535,33093912.0
2023-10-19,2.869620676,2.924280118,2.942499931,2.778521607,47890258.0
2023-10-20,2.878730583,2.896950397,2.933390025,2.869620676,22675282.0
2023-10-23,2.935554316,2.907947223,2.949357863,2.889542493,26501780.0
2023-10-24,2.917149587,2.96316141,2.96316141,2.907947223,22273937.0
2023-10-25,2.953959046,2.953959046,2.972363775,2.935554316,21876547.0
2023-10-26,2.944756681,2.98156614,2.990768504,2.935554316,28650168.0
2023-10-27,3.009173234,2.990768504,3.027577963,2.986167322,20108844.0
2023-10-30,3.027577963,3.027577963,3.036780327,2.990768504,16133920.0
2023-10-31,3.045982692,3.045982692,3.073589786,3.027577963,17517387.0
2023-11-01,3.018375598,2.98156614,3.027577963,2.96316141,17871418.0
2023-11-02,3.064387421,3.082792151,3.110399244,3.045982692,14555551.0
2023-11-03,3.156411068,3.184018161,3.193220526,3.147208703,15970782.0
2023-11-06,3.174815797,3.156411068,3.184018161,3.147208703,12794148.0
2023-11-07,3.165613432,3.156411068,3.174815797,3.128803974,14823225.0
2023-11-08,3.184018161,3.202422891,3.230029985,3.165613432,16828734.0
2023-11-09,3.22082762,3.174815797,3.22082762,3.165613432,10899580.0
2023-11-10,3.184018161,3.211625255,3.211625255,3.147208703,12542263.0
2023-11-13,3.197821708,3.202422891,3.22082762,3.174815797,9154914.0
2023-11-14,3.276041808,3.285244172,3.303648902,3.266839443,10491081.0
2023-11-15,3.285244172,3.303648902,3.322053631,3.285244172,7879111.0
2023-11-16,3.248434714,3.257637079,3.266839443,3.230029985,9844005.0
2023-11-17,3.276041808,3.276041808,3.285244172,3.257637079,5648530.0
2023-11-20,3.276041808,3.303648902,3.303648902,3.266839443,5938022.0
2023-11-21,3.257637079,3.248434714,3.266839443,3.248434714,7197141.0
2023-11-22,3.257637079,3.248434714,3.266839443,3.239232349,8125874.0
2023-11-24,3.253035896,3.266839443,3.276041808,3.239324373,3624414.0
2023-11-27,3.257637079,3.257637079,3.266839443,3.239232349,5973435.0
2023-11-28,3.239232349,3.239232349,3.257637079,3.22082762,7168297.0
2023-11-29,3.271440625,3.276041808,3.303648902,3.266839443,11839563.0
2023-11-30,3.239232349,3.202422891,3.24834269,3.202422891,12890243.0
2023-12-01,3.165613432,3.211625255,3.22082762,3.147208703,14806651.0
2023-12-04,2.96316141,2.907947223,2.999142656,2.907947223,63662299.0
2023-12-05,2.72389993,2.760709389,2.797518847,2.705495201,44622893.0
2023-12-06,2.806721212,2.769911753,2.84353067,2.769911753,30193226.0
2023-12-07,2.806721212,2.852733035,2.871137764,2.779114118,24122235.0
2023-12-08,2.935554316,2.926351952,2.96316141,2.907947223,14536464.0
2023-12-11,2.889542493,2.871137764,2.917149587,2.861935399,22015838.0
2023-12-12,2.953959046,2.96316141,2.972363775,2.917149587,17594374.0
2023-12-13,2.944756681,2.990768504,2.999970869,2.917149587,13695269.0
2023-12-14,3.064387421,3.10119688,3.128803974,3.055185057,12866267.0
2023-12-15,3.009173234,2.999970869,3.018375598,2.972363775,16638152.0
2023-12-18,2.990768504,2.972363775,2.990768504,2.944756681,13940021.0
2023-12-19,3.045982692,3.045982692,3.059786239,3.027577963,17834632.0
2023-12-20,3.045982692,2.990768504,3.055185057,2.990768504,13269959.0
2023-12-21,2.98156614,3.018375598,3.027577963,2.98156614,12723883.0
2023-12-22,3.082792151,3.091994515,3.116288758,3.073589786,17974288.0
2023-12-26,3.055185057,3.082792151,3.10119688,3.036872351,8897835.0
2023-12-27,3.110399244,3.110399244,3.138006338,3.105798062,10834093.0
2023-12-28,3.10119688,3.10119688,3.110399244,3.091994515,9610808.0
2023-12-29,3.10119688,3.147208703,3.184018161,3.073589786,21769136.0
2024-01-02,3.119601609,3.138006338,3.165613432,3.110399244,11708125.0
2024-01-03,3.115000427,3.119601609,3.128803974,3.082792151,18458111.0
2024-01-04,3.156411068,3.174815797,3.184018161,3.147208703,10934097.0
2024-01-05,3.165613432,3.165613432,3.22082762,3.156319044,11702741.0
2024-01-08,3.202422891,3.257637079,3.266839443,3.184018161,15453709.0
2024-01-09,3.22082762,3.202422891,3.230029985,3.188619344,11399348.0
2024-01-10,3.193220526,3.211625255,3.22082762,3.184018161,9214652.0
2024-01-11,3.22082762,3.22082762,3.230029985,3.193220526,13916941.0
2024-01-12,3.225428802,3.239232349,3.266839443,3.225428802,12715779.0
2024-01-16,3.211625255,3.230029985,3.230029985,3.193220526,9854286.0
2024-01-17,3.193220526,3.174815797,3.193220526,3.147208703,11261547.0
2024-01-18,3.174815797,3.193220526,3.207116097,3.174815797,16291300.0
2024-01-19,3.110399244,3.156411068,3.156411068,3.091994515,19668078.0
2024-01-22,3.10119688,3.082792151,3.135613724,3.045982692,27719105.0
2024-01-23,3.115000427,3.091994515,3.184018161,3.082792151,25855827.0
2024-01-24,3.156411068,3.138006338,3.174815797,3.073589786,24358696.0
2024-01-25,3.404874913,3.496898559,3.533708017,3.395672548,34506223.0
2024-01-26,3.496898559,3.515303288,3.542910382,3.487696194,19234193.0
2024-01-29,3.517428596,3.573113482,3.582394296,3.498866968,12913566.0
2024-01-30,3.48030534,3.41533964,3.489586154,3.396778011,20444640.0
2024-01-31,3.378216383,3.341093126,3.378216383,3.322531497,22701480.0
2024-02-01,3.359654754,3.331812312,3.368935569,3.331812312,17518830.0
2024-02-02,3.303969869,3.294689055,3.322531497,3.28540824,11068423.0
2024-02-05,3.313250683,3.303969869,3.341093126,3.298772613,12019860.0
2024-02-06,3.276127426,3.303969869,3.331812312,3.276127426,9735221.0
2024-02-07,3.303969869,3.294689055,3.331812312,3.276127426,8820638.0
2024-02-08,3.359654754,3.41533964,3.41533964,3.341093126,15087595.0
2024-02-09,3.35037394,3.331812312,3.35037394,3.313250683,14196286.0
2024-02-12,3.322531497,3.359654754,3.387497197,3.31789109,14279519.0
2024-02-13,3.294689055,3.239004169,3.303969869,3.229723355,11521989.0
2024-02-14,3.239004169,3.266846612,3.266846612,3.211161727,15873824.0
2024-02-15,3.252925391,3.257565798,3.294689055,3.248284984,19084243.0
2024-02-16,3.257565798,3.294689055,3.294689055,3.248284984,10981096.0
2024-02-20,3.257565798,3.239004169,3.266846612,3.222762744,9580325.0
2024-02-21,3.248284984,3.276127426,3.28540824,3.229723355,16189577.0
2024-02-22,3.276127426,3.322531497,3.322531497,3.274271263,13199133.0
2024-02-23,3.303969869,3.28540824,3.31093048,3.276127426,6502186.0
2024-02-26,3.266846612,3.276127426,3.28540824,3.252925391,11954780.0
2024-02-27,3.262206205,3.313250683,3.322531497,3.257565798,13922790.0
2024-02-28,3.303969869,3.303969869,3.322531497,3.294689055,9237796.0
2024-02-29,3.294689055,3.276127426,3.309074317,3.266846612,14380403.0
2024-03-01,3.266846612,3.303969869,3.303969869,3.257565798,9023947.0
2024-03-04,3.331812312,3.35037394,3.359654754,3.313250683,11121657.0
2024-03-05,3.341093126,3.266846612,3.35037394,3.266846612,8923618.0
2024-03-06,3.303969869,3.406058826,3.41533964,3.303969869,17672477.0
2024-03-07,3.419980047,3.433901268,3.452462897,3.396778011,15950059.0
2024-03-08,3.378216383,3.359654754,3.387497197,3.35037394,15512931.0
2024-03-11,3.35037394,3.368935569,3.378216383,3.341093126,16120389.0
2024-03-12,3.378216383,3.396778011,3.396778011,3.35037394,12719458.0
2024-03-13,3.355014347,3.406058826,3.41533964,3.35037394,23540383.0
2024-03-14,3.424620454,3.396778011,3.433901268,3.378216383,14188842.0
2024-03-15,3.433901268,3.424620454,3.433901268,3.396778011,15936913.0
2024-03-18,3.331812312,3.229723355,3.341093126,3.220442541,23497918.0
2024-03-19,3.239004169,3.266846612,3.276127426,3.229723355,14455723.0
2024-03-20,3.257565798,3.331812312,3.331812312,3.239004169,15973990.0
2024-03-21,3.322531497,3.322531497,3.341093126,3.313250683,13891354.0
2024-03-22,3.313250683,3.322531497,3.331812312,3.299329462,21461078.0
2024-03-25,3.299329462,3.266846612,3.313250683,3.266846612,9013614.0
2024-03-26,3.294689055,3.28540824,3.322531497,3.276127426,13318237.0
2024-03-27,3.303969869,3.341093126,3.368935569,3.294689055,15118712.0
2024-03-28,3.303969869,3.28540824,3.341093126,3.28540824,14526753.0
2024-04-01,3.294689055,3.248284984,3.313250683,3.239004169,7634259.0
2024-04-02,3.276127426,3.248284984,3.276127426,3.239004169,12316248.0
2024-04-03,3.257565798,3.322531497,3.341093126,3.248284984,20457815.0
2024-04-04,3.35037394,3.276127426,3.359654754,3.266846612,7926594.0
2024-04-05,3.257565798,3.239004169,3.266846612,3.211161727,14833251.0
2024-04-08,3.248284984,3.229723355,3.257565798,3.220442541,18404885.0
2024-04-09,3.229723355,3.248284984,3.276127426,3.229723355,10091295.0
2024-04-10,3.229723355,3.17403847,3.229723355,3.155476841,18180463.0
2024-04-11,3.211161727,3.17403847,3.229723355,3.164757655,10629302.0
2024-04-12,3.146196027,3.090511141,3.153156638,3.090511141,10113558.0
2024-04-15,3.146196027,3.062668699,3.162437452,3.053387884,21447377.0
2024-04-16,3.127634398,3.090511141,3.146103219,3.081230327,35270081.0
2024-04-17,3.118353584,3.090511141,3.118353584,3.062668699,21438808.0
2024-04-18,3.127634398,3.201880912,3.201880912,3.118353584,21249134.0
2024-04-19,3.239004169,3.266846612,3.294689055,3.229723355,17395343.0
2024-04-22,3.438894704,3.467082365,3.504665914,3.410707042,21685445.0
2024-04-23,3.363727606,3.457686478,3.467082365,3.344935832,17830756.0
2024-04-24,3.438894704,3.429498817,3.457686478,3.410707042,13129935.0
2024-04-25,3.382519381,3.420102929,3.438894704,3.373217452,19352699.0
2024-04-26,3.457686478,3.429498817,3.471874268,3.429498817,11129679.0
2024-04-29,3.448290591,3.457686478,3.476478252,3.438894704,14068842.0
2024-04-30,3.429498817,3.429498817,3.457686478,3.410707042,9779205.0
2024-05-01,3.429498817,3.429498817,3.48587414,3.406009099,14451976.0
2024-05-02,3.476478252,3.448290591,3.48587414,3.413056014,12286577.0
2024-05-03,3.48587414,3.467082365,3.504665914,3.457686478,13590941.0
2024-05-06,3.49996797,3.495270027,3.514061801,3.48587414,7105942.0
2024-05-07,3.514061801,3.514061801,3.532853575,3.480236607,8536636.0
2024-05-08,3.490572083,3.504665914,3.523457688,3.48587414,7304578.0
2024-05-09,3.495270027,3.495270027,3.504665914,3.467082365,7181399.0
2024-05-10,3.532853575,3.495270027,3.537551519,3.495270027,8457608.0
2024-05-13,3.504665914,3.561041237,3.608020673,3.495270027,26004614.0
2024-05-14,3.767750755,3.692583657,3.777146642,3.655000109,30928911.0
2024-05-15,3.645604221,3.636208334,3.655000109,3.589228898,22161269.0
2024-05-16,3.626812447,3.645604221,3.68318777,3.621174915,15250323.0
2024-05-17,3.664395996,3.673791883,3.692583657,3.645604221,7001986.0
2024-05-20,3.631510391,3.579833011,3.636208334,3.579833011,12029465.0
2024-05-21,3.579833011,3.608020673,3.615067588,3.561041237,11072092.0
2024-05-22,3.655000109,3.711375432,3.720771319,3.645604221,13216486.0
2024-05-23,3.673791883,3.61741656,3.68318777,3.61741656,11978473.0
2024-05-24,3.598624786,3.61741656,3.626812447,3.589228898,5758028.0
2024-05-28,3.626812447,3.636208334,3.645604221,3.608020673,10919225.0
2024-05-29,3.532853575,3.532853575,3.561041237,3.504665914,17329920.0
2024-05-30,3.598624786,3.61741656,3.626812447,3.589228898,12718574.0
2024-05-31,3.61741656,3.664395996,3.673791883,3.608114632,9146794.0
2024-06-03,3.720771319,3.711375432,3.720771319,3.664395996,11084363.0
2024-06-04,3.673791883,3.701979544,3.701979544,3.664395996,7530005.0
2024-06-05,3.711375432,3.739563093,3.739563093,3.692583657,10622990.0
2024-06-06,3.673791883,3.711375432,3.711375432,3.669093939,10245882.0
2024-06-07,3.68318777,3.673791883,3.708650624,3.664395996,11087562.0
2024-06-10,3.626812447,3.608020673,3.645604221,3.608020673,11273930.0
2024-06-11,3.579833011,3.570437124,3.589228898,3.55164535,7395603.0
2024-06-12,3.598624786,3.579833011,3.626812447,3.579833011,11067121.0
2024-06-13,3.561041237,3.48587414,3.565739181,3.467082365,13180448.0
2024-06-14,3.391915268,3.401311155,3.420102929,3.354331719,11197948.0
2024-06-17,3.410707042,3.467082365,3.467082365,3.401311155,8909459.0
2024-06-18,3.448290591,3.457686478,3.491323754,3.448290591,10340428.0
2024-06-20,3.420102929,3.438894704,3.509363857,3.420102929,12722610.0
2024-06-21,3.429498817,3.457686478,3.48587414,3.429498817,5899160.0
2024-06-24,3.561041237,3.504665914,3.570437124,3.48587414,14016305.0
2024-06-25,3.495270027,3.504665914,3.523457688,3.476478252,10828979.0
2024-06-26,3.467082365,3.448290591,3.476478252,3.429592775,15484186.0
2024-06-27,3.504665914,3.504665914,3.523457688,3.495270027,9390616.0
2024-06-28,3.514061801,3.55164535,3.579833011,3.504571955,20248617.0
2024-07-01,3.655000109,3.655000109,3.711375432,3.636208334,18371459.0
2024-07-02,3.645604221,3.655000109,3.655000109,3.608020673,9675419.0
2024-07-03,3.669093939,3.61741656,3.68318777,3.61741656,7864971.0
2024-07-05,3.673791883,3.664395996,3.68318777,3.61741656,11031384.0
2024-07-08,3.678489827,3.655000109,3.711375432,3.655000109,12296152.0
2024-07-09,3.61741656,3.626812447,3.645604221,3.608020673,14469772.0
2024-07-10,3.68318777,3.720771319,3.720771319,3.655000109,15670931.0
2024-07-11,3.697281601,3.701979544,3.720771319,3.655000109,15892311.0
2024-07-12,3.720771319,3.74895898,3.777146642,3.720771319,12466248.0
2024-07-15,3.739563093,3.68318777,3.739563093,3.673791883,15155055.0
2024-07-16,3.608020673,3.645604221,3.655000109,3.593926842,16791108.0
2024-07-17,3.645604221,3.664395996,3.701979544,3.61741656,18551160.0
2024-07-18,3.504665914,3.401311155,3.504665914,3.382519381,37723738.0
2024-07-19,3.410707042,3.429498817,3.448290591,3.391915268,11352878.0
2024-07-22,3.55164535,3.514061801,3.561041237,3.514061801,15281416.0
2024-07-23,3.506867988,3.516346009,3.535302053,3.497389966,8792595.0
2024-07-24,3.478433923,3.478433923,3.506867988,3.468955901,9928215.0
2024-07-25,3.554258096,3.630082268,3.658516333,3.535302053,14351544.0
2024-07-26,3.630082268,3.63956029,3.649038312,3.587431171,9576295.0
2024-07-29,3.620604247,3.63956029,3.649038312,3.592170182,12530440.0
2024-07-30,3.69642842,3.715384463,3.724862484,3.69642842,14010429.0
2024-07-31,3.686950398,3.715384463,3.734340506,3.686950398,10419888.0
2024-08-01,3.791208636,3.743818528,3.805615228,3.724862484,21217337.0
2024-08-02,3.686950398,3.649038312,3.705906441,3.630082268,19100014.0
2024-08-05,3.544780074,3.535302053,3.573214139,3.525824031,15049925.0
2024-08-06,3.525824031,3.516346009,3.544780074,3.506867988,12431299.0
2024-08-07,3.592170182,3.535302053,3.630082268,3.525824031,13804223.0
2024-08-08,3.563736117,3.592170182,3.620604247,3.563736117,10070540.0
2024-08-09,3.592170182,3.611126225,3.620604247,3.573214139,7555008.0
2024-08-12,3.611126225,3.630082268,3.63956029,3.601648204,8356130.0
2024-08-13,3.630082268,3.734340506,3.743818528,3.630082268,13572045.0
2024-08-14,3.715384463,3.772252592,3.772252592,3.715384463,9676248.0
2024-08-15,3.8196427,3.857554787,3.885988851,3.810164679,13702204.0
2024-08-16,3.848076765,3.829120722,3.857554787,3.8196427,11484267.0
2024-08-19,3.885988851,3.942856981,3.952335003,3.885988851,16540621.0
2024-08-20,3.933378959,3.933378959,3.961813024,3.914422916,11145854.0
2024-08-21,3.914422916,3.942856981,3.942856981,3.895466873,8107333.0
2024-08-22,3.923900938,3.895466873,3.942856981,3.895466873,6112611.0
2024-08-23,3.933378959,3.952335003,3.980769067,3.933378959,8747392.0
2024-08-26,3.952335003,3.961813024,3.971291046,3.942856981,5986874.0
2024-08-27,3.990247089,3.99972511,4.004464121,3.957074013,9442062.0
2024-08-28,3.980769067,3.971291046,3.99972511,3.952335003,7710774.0
2024-08-29,4.274587737,4.246153672,4.284065758,4.132417413,50252965.0
2024-08-30,4.160851478,4.227197629,4.23667565,4.156112467,28292032.0
2024-09-03,4.179807521,4.151373456,4.198763564,4.132417413,30014891.0
2024-09-04,4.132417413,4.151373456,4.189285542,4.122939391,18957733.0
2024-09-05,4.170329499,4.103983348,4.170329499,4.103983348,15344556.0
2024-09-06,4.085027305,4.018681154,4.099244337,4.004464121,20795094.0
2024-09-09,4.037637197,4.037637197,4.05659324,4.028159175,13029101.0
2024-09-10,4.004464121,3.971291046,4.018681154,3.952335003,23479308.0
2024-09-11,3.971291046,3.971291046,3.980769067,3.905039675,29109332.0
2024-09-12,3.947595992,3.980769067,4.028159175,3.928639949,31431282.0
2024-09-13,3.980769067,3.980769067,4.013942143,3.971291046,11549021.0
2024-09-16,4.018681154,3.990247089,4.05659324,3.971291046,27475410.0
2024-09-17,4.018681154,3.971291046,4.028159175,3.952335003,21045216.0
2024-09-18,3.971291046,3.971291046,4.047115218,3.961813024,31297488.0
2024-09-19,4.028159175,4.028159175,4.047115218,3.985508078,30074573.0
2024-09-20,4.009203132,4.05659324,4.066071262,3.99972511,25461202.0
2024-09-23,4.066071262,4.085027305,4.103983348,4.05659324,18013044.0
2024-09-24,4.103983348,4.170329499,4.179807521,4.103983348,22849325.0
2024-09-25,4.179807521,4.132417413,4.198763564,4.11346137,25786683.0
2024-09-26,4.170329499,4.132417413,4.203976476,4.122939391,26128804.0
2024-09-27,4.151373456,4.141895434,4.189285542,4.132417413,20772532.0
2024-09-30,4.179807521,4.141895434,4.189285542,4.122939391,13369616.0
2024-10-01,4.170329499,4.122939391,4.179807521,4.11346137,19137965.0
2024-10-02,4.103983348,4.160851478,4.179807521,4.103983348,17047718.0
2024-10-03,4.137156424,4.122939391,4.151373456,4.103983348,12411853.0
2024-10-04,4.141895434,4.122939391,4.158008071,4.11346137,10082031.0
2024-10-07,4.160851478,4.103983348,4.165590488,4.103983348,11872682.0
2024-10-08,4.132417413,4.170329499,4.170329499,4.122939391,14104864.0
2024-10-09,4.179807521,4.23667565,4.23667565,4.179807521,13201518.0
2024-10-10,4.227197629,4.179807521,4.227197629,4.160851478,7057782.0
2024-10-11,4.160851478,4.132417413,4.170329499,4.11346137,7260021.0
2024-10-14,4.141895434,4.170329499,4.170329499,4.132417413,13045929.0
2024-10-15,4.198763564,4.179807521,4.217719607,4.151373456,24261627.0
2024-10-16,4.23667565,4.227197629,4.255631693,4.156112467,39451746.0
2024-10-17,3.9949861,4.11346137,4.132417413,3.923900938,41757802.0
2024-10-18,4.255631693,4.502060255,4.53049432,4.255631693,51422770.0
2024-10-21,4.502060255,4.539972341,4.568406406,4.502060255,27704456.0
2024-10-22,4.513824606,4.494738667,4.551996484,4.467378019,27889793.0
2024-10-23,4.466109758,4.466109758,4.504281637,4.447023819,19999353.0
2024-10-24,4.532910545,4.580625393,4.580625393,4.527184764,21665370.0
2024-10-25,4.580625393,4.551996484,4.599711332,4.542453515,22097522.0
2024-10-28,4.609254302,4.723769937,4.723769937,4.609254302,34528149.0
2024-10-29,4.699912513,4.628340241,4.714226967,4.628340241,21278438.0
2024-10-30,4.599711332,4.561539454,4.618797271,4.551996484,17105725.0
2024-10-31,4.513824606,4.494738667,4.532910545,4.466109758,19945233.0
2024-11-01,4.532910545,4.513824606,4.551996484,4.513824606,11303696.0
2024-11-04,4.523367576,4.456566789,4.542453515,4.43748085,13223106.0
2024-11-05,4.456566789,4.494738667,4.513824606,4.456566789,11971247.0
2024-11-06,4.389766002,4.370680063,4.408851941,4.370680063,15999132.0
2024-11-07,4.380223032,4.389766002,4.43748085,4.351594123,17398468.0
2024-11-08,4.332508184,4.342051154,4.351594123,4.303879276,18213401.0
2024-11-11,4.361137093,4.351594123,4.389766002,4.332508184,13805844.0
2024-11-12,4.313422245,4.294336306,4.322965215,4.246621458,17059876.0
2024-11-13,4.265707397,4.256164428,4.265707397,4.217992549,17013441.0
2024-11-14,4.265707397,4.284793336,4.322965215,4.256164428,13241434.0
2024-11-15,4.275250367,4.256164428,4.313422245,4.246621458,18293358.0
2024-11-18,4.227535519,4.256164428,4.265707397,4.227535519,4723401.0
2024-11-19,4.20844958,3.960332371,4.246621458,3.731301101,72850186.0
2024-11-20,4.074848006,4.055762067,4.103476915,4.027133158,31017937.0
2024-11-21,3.922160493,3.941246432,3.998504249,3.883988614,27973973.0
2024-11-22,3.97941831,3.98896128,4.008047219,3.960332371,11900813.0
2024-11-25,4.036676128,4.017590188,4.046123667,3.97951374,20586601.0
2024-11-26,4.027133158,3.98896128,4.036676128,3.950789401,14044865.0
2024-11-27,3.998504249,3.998504249,4.027133158,3.969875341,12907623.0
2024-11-29,3.998504249,4.008047219,4.027133158,3.998504249,4568315.0
2024-12-02,4.008047219,4.008047219,4.027133158,3.97941831,9477760.0
2024-12-03,4.008047219,4.036676128,4.046219097,3.98896128,10021967.0
2024-12-04,4.017590188,3.97941831,4.046219097,3.969875341,16418024.0
2024-12-05,4.055762067,4.113019884,4.141648793,4.046219097,20604784.0
2024-12-06,4.122562854,4.046219097,4.151191762,4.046219097,10751035.0
2024-12-09,4.19890661,4.19890661,4.265707397,4.179820671,19756024.0
2024-12-10,4.19890661,4.19890661,4.237078489,4.160734732,14129389.0
2024-12-11,4.170277702,4.20844958,4.237078489,4.160734732,12428727.0
2024-12-12,4.20844958,4.227535519,4.313422245,4.20844958,18152223.0
2024-12-13,4.237078489,4.275250367,4.275250367,4.20844958,12383160.0
2024-12-16,4.260935913,4.265707397,4.294336306,4.246621458,11540299.0
2024-12-17,4.246621458,4.275250367,4.294336306,4.237078489,14172889.0
2024-12-18,4.303879276,4.189363641,4.342051154,4.179820671,12731638.0
2024-12-19,4.19890661,4.227535519,4.265707397,4.19890661,18123814.0
2024-12-20,4.160734732,4.227535519,4.251774662,4.151191762,12435968.0
2024-12-23,4.227535519,4.246621458,4.256164428,4.20844958,10853995.0
2024-12-24,4.217992549,4.284793336,4.284793336,4.217992549,2620048.0
2024-12-26,4.275250367,4.265707397,4.332508184,4.256164428,6886245.0
2024-12-27,4.256164428,4.275250367,4.284793336,4.246621458,9381284.0
2024-12-30,4.265707397,4.217992549,4.275250367,4.20854501,8188753.0
2024-12-31,4.227535519,4.227535519,4.237078489,4.189363641,5306313.0
2025-01-02,4.256164428,4.256164428,4.275250367,4.222668605,12516291.0
2025-01-03,4.227535519,4.275250367,4.294336306,4.217992549,10804642.0
2025-01-06,4.289564821,4.351594123,4.370680063,4.284793336,14600612.0
2025-01-07,4.456566789,4.41839491,4.475652728,4.408851941,15385508.0
2025-01-08,4.399308971,4.447023819,4.456566789,4.380223032,9214668.0
2025-01-10,4.332508184,4.313422245,4.351594123,4.294336306,13624549.0
2025-01-13,4.227535519,4.265707397,4.284793336,4.217992549,13484046.0
2025-01-14,4.294336306,4.303879276,4.332508184,4.275345797,10196918.0
2025-01-15,4.41839491,4.399308971,4.43748085,4.389766002,25953901.0
2025-01-16,4.265707397,4.237078489,4.265707397,4.20844958,30567446.0
2025-01-17,4.284793336,4.303879276,4.342051154,4.275250367,17200675.0
2025-01-21,4.399308971,4.399308971,4.42793788,4.361232523,18114644.0
2025-01-22,4.41839491,4.399308971,4.447023819,4.389766002,13115491.0
2025-01-23,4.42793788,4.475652728,4.485195697,4.42793788,12342189.0
2025-01-24,4.327736699,4.303879276,4.351594123,4.275250367,27089705.0
2025-01-27,4.342051154,4.294336306,4.351594123,4.246621458,20443718.0
2025-01-28,4.284793336,4.256164428,4.303879276,4.217992549,16866736.0
2025-01-29,4.265707397,4.237078489,4.294336306,4.20844958,19272801.0
2025-01-30,4.604482817,4.485195697,4.628340241,4.456566789,55209035.0
2025-01-31,4.41839491,4.389766002,4.494738667,4.389766002,28625035.0
2025-02-03,4.342051154,4.408851941,4.485195697,4.332508184,20338271.0
2025-02-04,4.438818772,4.5348971,4.5348971,4.438818772,20211960.0
2025-02-05,4.520485351,4.611759763,4.611759763,4.520485351,22158040.0
2025-02-06,4.650191094,4.60215193,4.65499501,4.573328431,13925823.0
2025-02-07,4.611759763,4.621367596,4.640583261,4.592640175,14592586.0
2025-02-10,4.659895005,4.640583261,4.679014593,4.640583261,12247248.0
2025-02-11,4.630975428,4.707838091,4.707838091,4.611759763,17587916.0
2025-02-12,4.688622425,4.813524252,4.813524252,4.683818509,25035034.0
2025-02-13,4.755877255,4.794308587,4.80391642,4.755877255,21506148.0
2025-02-14,4.832739918,4.794308587,4.861563417,4.775092921,24233634.0
2025-02-18,4.823132085,4.794308587,4.823132085,4.775092921,16837165.0
2025-02-19,4.746269422,4.755877255,4.755877255,4.707838091,18498302.0
2025-02-20,4.775092921,4.794308587,4.813524252,4.765485088,18406724.0
2025-02-21,4.80391642,4.746269422,4.832739918,4.73666159,20721938.0
2025-02-24,4.794308587,4.707838091,4.80391642,4.707838091,13566371.0
2025-02-25,4.746269422,4.794308587,4.813524252,4.727053757,15397212.0
2025-02-26,4.755877255,4.707838091,4.784700754,4.698230258,18179802.0
2025-02-27,4.717445924,4.640583261,4.717445924,4.616563679,19011879.0
2025-02-28,4.630975428,4.611759763,4.650095016,4.544504933,40079945.0
2025-03-03,4.890386915,4.813524252,4.948033912,4.775092921,58126796.0
2025-03-04,4.832739918,4.688622425,4.842155594,4.679014593,46152560.0
2025-03-05,4.80391642,4.967249578,4.976857411,4.784700754,32209709.0
2025-03-06,4.976857411,4.957641745,5.024896575,4.92401433,31519635.0
2025-03-07,4.967249578,5.024896575,5.053720073,4.957641745,35615179.0
2025-03-10,5.015288742,4.938426079,5.072935739,4.881451631,25137296.0
2025-03-11,4.996073076,4.948033912,5.044112241,4.899994748,28341899.0
2025-03-12,4.967249578,4.996073076,5.024896575,4.938426079,25903366.0
2025-03-13,4.967249578,4.996073076,5.044112241,4.948033912,22466633.0
2025-03-14,5.082543572,5.120974903,5.140190569,5.077739655,21499329.0
2025-03-17,5.140190569,5.1786219,5.188229733,5.130582736,15886822.0
2025-03-18,5.159406235,5.207445399,5.265092396,5.159406235,24555755.0
2025-03-19,5.197837566,5.149798402,5.207445399,5.111655305,14042846.0
2025-03-20,5.082543572,5.120974903,5.149798402,5.077739655,11463562.0
2025-03-21,5.11136707,5.101759238,5.140190569,5.076682794,12022410.0
2025-03-24,5.11136707,5.120974903,5.154602318,5.101759238,13389834.0
2025-03-25,5.159406235,5.120974903,5.1786219,5.11136707,9780191.0
2025-03-26,5.130582736,5.053720073,5.149798402,5.053720073,11516725.0
2025-03-27,5.044112241,4.996073076,5.063327906,4.967249578,22325778.0
2025-03-28,5.092151405,5.005680909,5.11136707,4.996073076,22355382.0
2025-03-31,4.976857411,5.063327906,5.082543572,4.976857411,26802388.0
2025-04-01,5.188229733,5.130582736,5.197837566,5.092151405,18968892.0
2025-04-02,5.072935739,5.140190569,5.169014067,5.072935739,14208789.0
2025-04-03,4.919210414,4.784700754,4.996073076,4.784700754,26862691.0
2025-04-04,4.707838091,4.592544097,4.731857673,4.563720599,26029371.0
2025-04-07,4.458034437,4.496465769,4.765485088,4.409995273,31359642.0
2025-04-08,4.563720599,4.46764227,4.717445924,4.409995273,32364198.0
2025-04-09,4.40038744,4.73666159,4.765485088,4.361956109,29412598.0
2025-04-10,4.698230258,4.630975428,4.707838091,4.5348971,21599560.0
2025-04-11,4.630975428,4.765485088,4.794308587,4.630975428,19300662.0
2025-04-14,4.765485088,4.784700754,4.842347751,4.755877255,15997007.0
2025-04-15,4.851955584,4.938426079,4.957641745,4.847151667,24542449.0
2025-04-16,4.909602581,4.880779082,4.967249578,4.861563417,13898863.0
2025-04-17,4.938426079,4.909602581,4.976857411,4.909602581,16342414.0
2025-04-21,4.880779082,4.871171249,4.938426079,4.823132085,14968546.0
2025-04-22,5.034504408,5.072935739,5.092151405,5.015288742,21369287.0
2025-04-23,5.082543572,5.101759238,5.135386652,5.063327906,26687302.0
2025-04-24,4.755877255,4.66940676,4.765485088,4.5348971,71796735.0
2025-04-25,4.755877255,4.794308587,4.794308587,4.746269422,20965743.0
2025-04-28,4.727053757,4.717445924,4.765485088,4.707838091,16936992.0
2025-04-29,4.727053757,4.775092921,4.80391642,4.727053757,16213874.0
2025-04-30,4.73666159,4.794308587,4.794308587,4.707838091,13928340.0
2025-05-01,4.794308587,4.794308587,4.851955584,4.794308587,12679401.0
2025-05-02,4.823132085,4.861563417,4.871171249,4.80391642,16021811.0
2025-05-05,4.84651016,4.85620318,4.904668281,4.84651016,19450688.0
2025-05-06,4.85620318,4.87558922,4.904668281,4.85620318,17045861.0
2025-05-07,4.836817139,4.904668281,4.914361302,4.836817139,17821006.0
2025-05-08,4.885282241,4.87558922,4.904668281,4.836817139,19405649.0
2025-05-09,4.924054322,4.933747342,4.953133383,4.894975261,16115509.0
2025-05-12,5.001598485,5.040370566,5.040370566,4.972519424,20136119.0
2025-05-13,5.006444995,5.020984525,5.059756607,5.006444995,12143953.0
2025-05-14,5.030677546,4.933747342,5.045604797,4.933747342,18986668.0
2025-05-15,4.957979893,5.030677546,5.040370566,4.953133383,15721328.0
2025-05-16,5.011291505,5.030677546,5.040370566,4.982212444,11119363.0
2025-05-19,5.020984525,5.079142647,5.088835668,5.020984525,11782820.0
2025-05-20,5.098528688,5.146993789,5.15668681,5.088835668,13727401.0
2025-05-21,5.15668681,5.17607285,5.214844932,5.108221708,29625919.0
2025-05-22,5.17607285,5.195458891,5.234230972,5.16637983,13116991.0
2025-05-23,5.117914728,5.17607285,5.195458891,5.108221708,12311879.0
2025-05-27,5.282696074,5.243923993,5.282696074,5.214844932,17753759.0
2025-05-28,5.248770503,5.224537952,5.258463523,5.195458891,10924757.0
2025-05-29,5.214844932,5.185765871,5.243923993,5.15668681,13198683.0
2025-05-30,5.059756607,5.059756607,5.079142647,5.020984525,18861235.0
2025-06-02,5.069449627,5.146993789,5.15668681,5.054910096,13350349.0
2025-06-03,5.108221708,5.17607285,5.195458891,5.098528688,16226920.0
2025-06-04,5.214844932,5.243923993,5.282696074,5.209998422,12053906.0
2025-06-05,5.273003054,5.224537952,5.302082115,5.205151911,14501838.0
2025-06-06,5.253617013,5.243923993,5.273003054,5.234230972,9334648.0
2025-06-09,5.234230972,5.263310033,5.273003054,5.20912605,8572011.0
2025-06-10,5.243923993,5.185765871,5.253520083,5.17607285,7443578.0
2025-06-11,5.185765871,5.117914728,5.185765871,5.108221708,11214249.0
2025-06-12,5.127607749,5.15668681,5.185765871,5.117914728,14290803.0
2025-06-13,5.059756607,5.030677546,5.079142647,5.011291505,15360657.0
2025-06-16,5.098528688,5.137300769,5.214844932,5.098528688,15755957.0
2025-06-17,5.098528688,4.991905464,5.103375198,4.982212444,20993037.0
2025-06-18,4.991905464,5.011291505,5.030677546,4.962826403,12936070.0
2025-06-20,5.020984525,4.972519424,5.040370566,4.938593853,12966947.0
2025-06-23,4.885282241,5.011291505,5.025831035,4.885282241,19214540.0
2025-06-24,5.059756607,5.040370566,5.117914728,5.020984525,17141514.0
2025-06-25,5.040370566,5.011291505,5.045217076,4.991905464,15345599.0
2025-06-26,4.894975261,5.001598485,5.020984525,4.885282241,24893735.0
2025-06-27,4.996751974,5.011291505,5.020984525,4.962826403,17806856.0
2025-06-30,4.991905464,5.020984525,5.040370566,4.972519424,20788883.0
2025-07-01,5.001598485,5.069449627,5.079142647,4.996751974,17800297.0
2025-07-02,5.050063586,5.040370566,5.054910096,5.020984525,8361787.0
2025-07-03,4.953133383,5.030677546,5.030677546,4.953133383,9475077.0
2025-07-07,5.001598485,4.972519424,5.050063586,4.953133383,24297417.0
2025-07-08,5.001598485,4.991905464,5.049869726,4.957979893,17965451.0
2025-07-09,5.020984525,4.943440363,5.025831035,4.880435731,17410427.0
2025-07-10,4.933747342,4.904668281,4.962826403,4.894975261,13008542.0
2025-07-11,4.836817139,4.827124119,4.84651016,4.798045058,25148967.0
2025-07-14,4.817431099,4.730193916,4.84651016,4.715654385,20078627.0
2025-07-15,4.749579956,4.604184652,4.749579956,4.584798611,33502180.0
2025-07-16,4.613877672,4.604184652,4.633263712,4.54602653,22322783.0
2025-07-17,4.633263712,4.633263712,4.662342773,4.607189488,19096339.0
2025-07-18,4.652649753,4.604184652,4.662342773,4.584798611,21013627.0
2025-07-21,4.604184652,4.604184652,4.652649753,4.594491631,14541083.0
2025-07-22,4.604184652,4.323087062,4.672035794,4.167998737,85926628.0
2025-07-23,4.2455429,4.381245184,4.400631225,4.2455429,41256015.0
2025-07-24,4.274621961,4.206770818,4.342473103,4.187384778,28654456.0
2025-07-25,4.177691757,4.197077798,4.216463839,4.148612696,23396074.0
2025-07-28,4.167998737,4.129226656,4.187384778,4.129226656,15941538.0
2025-07-29,4.106264894,4.096464739,4.116065049,4.052364042,33716380.0
2025-07-30,4.067064275,4.027863655,4.086664584,4.008263345,16816082.0
2025-07-31,3.988663036,3.998463191,4.03766381,3.978862881,17135337.0
2025-08-01,3.969062726,3.969062726,3.969062726,3.920061952,23529092.0
2025-08-04,3.993563113,4.008263345,4.03766381,3.988663036,19000846.0
2025-08-05,3.998463191,4.008263345,4.027863655,3.978862881,15783179.0
2025-08-06,3.998463191,4.03766381,4.03766381,3.988663036,15149166.0
2025-08-07,4.07686443,4.027863655,4.081764507,3.993563113,17414219.0
2025-08-08,4.027863655,4.0180635,4.05726412,3.993563113,15554037.0
2025-08-11,4.0180635,4.0180635,4.03766381,3.998463191,11063158.0
2025-08-12,4.027863655,4.05726412,4.086664584,4.027863655,12407301.0
2025-08-13,4.07686443,4.106264894,4.145465514,4.067064275,17927228.0
2025-08-14,4.086664584,4.047463965,4.096464739,4.03766381,13570597.0
2025-08-15,4.116065049,4.116065049,4.165065824,4.111164972,12638768.0
2025-08-18,4.07686443,4.165065824,4.184666133,4.07686443,27320128.0
2025-08-19,4.174865978,4.125865204,4.204266443,4.125865204,21057399.0
2025-08-20,4.135665359,4.155265669,4.174865978,4.135665359,12740469.0
2025-08-21,4.135665359,4.155265669,4.165065824,4.116065049,14912274.0
2025-08-22,4.174865978,4.223866753,4.272867527,4.165065824,14609859.0
2025-08-25,4.253267217,4.253267217,4.269633476,4.233666908,9732251.0
2025-08-26,4.214066598,4.204266443,4.243467063,4.194466288,19077096.0
2025-08-27,4.214066598,4.233666908,4.253267217,4.194466288,22272548.0
2025-08-28,4.214066598,4.204266443,4.233666908,4.194466288,15541191.0
2025-08-29,4.184666133,4.214066598,4.223866753,4.174865978,14765335.0
2025-09-02,4.189566211,4.145465514,4.214066598,4.145465514,16231483.0
2025-09-03,4.307168069,4.292467837,4.361068921,4.263067372,27241818.0
2025-09-04,4.400269541,4.508071244,4.517871399,4.390469386,47252067.0
2025-09-05,4.449270315,4.45907047,4.498271089,4.429670005,37414244.0
2025-09-08,4.45907047,4.498271089,4.527671554,4.45907047,30494171.0
2025-09-09,4.488470935,4.498271089,4.517871399,4.47867078,22202216.0
2025-09-10,4.498271089,4.47867078,4.517871399,4.439666163,27348357.0
2025-09-11,4.47867078,4.527671554,4.527671554,4.472006674,29463917.0
2025-09-12,4.449270315,4.41986985,4.45907047,4.390469386,20458791.0
2025-09-15,4.41986985,4.45907047,4.468870625,4.41986985,26415882.0
2025-09-16,4.468870625,4.517871399,4.527573553,4.43947016,30626935.0
2025-09-17,4.557072019,4.606072793,4.6697738,4.527671554,35742580.0
2025-09-18,4.596272638,4.664873722,4.684474032,4.596272638,31035025.0
2025-09-19,4.674673877,4.645273413,4.694274187,4.625673103,36366343.0
2025-09-22,4.645273413,4.674673877,4.733474807,4.625673103,36366500.0
2025-09-23,4.704074342,4.753075116,4.782475581,4.694274187,40469512.0
2025-09-24,4.674673877,4.645273413,4.674673877,4.596272638,25382081.0
2025-09-25,4.586472483,4.586472483,4.635473258,4.557072019,39757462.0
2025-09-26,4.566872174,4.566872174,4.576672328,4.537471709,30640429.0
2025-09-29,4.586472483,4.606072793,4.635473258,4.566872174,35748637.0
2025-09-30,4.615872948,4.713874497,4.723674652,4.615872948,58556211.0
2025-10-01,4.704074342,4.723674652,4.753075116,4.684474032,34564581.0
2025-10-02,4.772675426,4.782475581,4.802075891,4.743274961,25862440.0
2025-10-03,4.772675426,4.802075891,4.8216762,4.762875271,35659083.0
2025-10-06,4.831476355,4.851076665,4.944178136,4.8216762,31326176.0
2025-10-07,4.890277285,4.968678524,4.988278833,4.870676975,39651224.0
2025-10-08,4.998078988,5.066680072,5.105880692,4.988278833,50789458.0
2025-10-09,5.115680847,5.076480227,5.145081312,5.007879143,33379035.0
2025-10-10,5.194082086,5.213682396,5.24308286,5.154881466,51707409.0
2025-10-13,5.164681621,5.145081312,5.198982163,5.086280382,42372529.0
2025-10-14,5.238182783,5.360684719,5.390085184,5.213682396,50865593.0
2025-10-15,5.390085184,5.537087507,5.546887662,5.380285029,65461361.0
2025-10-16,5.605688591,5.566487971,5.674289675,5.527287352,38504972.0
2025-10-17,5.566487971,5.625288901,5.66448952,5.561587894,31787900.0
2025-10-20,5.586088281,5.595888436,5.625288901,5.556687816,36090397.0
2025-10-21,5.537087507,5.468486423,5.546887662,5.468486423,37625839.0
2025-10-22,5.448886113,5.439085958,5.51258712,5.341084409,66700514.0
2025-10-23,5.772291224,6.04669556,6.100596412,5.718390372,114770267.0
2025-10-24,6.022195173,6.174097574,6.213298193,6.017295096,71565446.0
2025-10-27,6.213298193,6.232898503,6.311201741,6.20359604,41247589.0
2025-10-28,6.326075091,7.656324527,8.070179906,6.306367692,377988452.0
2025-10-29,7.528226433,7.222761748,7.528226433,7.18334695,184917823.0
2025-10-30,7.074956255,7.025687757,7.212908048,6.956711861,89562169.0
2025-10-31,6.872955415,6.808906368,6.877882264,6.680808274,94523971.0
2025-11-03,7.045395156,7.045395156,7.104517353,6.956711861,60252339.0
2025-11-04,6.808906368,6.710369373,6.897589664,6.690661974,45837050.0
2025-11-05,6.739930471,6.749784171,6.789198969,6.730076772,32183129.0
2025-11-06,6.858174865,6.808906368,6.887735964,6.720223072,34913151.0
2025-11-07,6.789198969,6.739930471,6.818760067,6.680808274,41161237.0
2025-11-10,6.779345269,6.868028565,7.074956255,6.670954575,48750507.0
2025-11-11,6.799052668,6.799052668,6.858174865,6.739930471,34859860.0
2025-11-12,6.779345269,6.917297063,6.946858161,6.71046791,50336350.0
2025-11-13,6.946858161,6.680808274,7.124224752,6.661100875,55927854.0
2025-11-14,6.572417579,6.631539776,6.715296222,6.473880584,30804465.0
2025-11-17,6.621686077,6.56256388,6.670954575,6.56256388,33430075.0
2025-11-18,6.424612087,6.542856481,6.582271279,6.414856924,47362319.0
2025-11-19,6.1487085,5.94178081,6.1487085,5.892512312,82288472.0
2025-11-20,6.089586303,5.784121618,6.119147401,5.774267918,55834390.0
2025-11-21,5.872804913,5.853097514,5.95163451,5.803829017,45461855.0
2025-11-24,5.833390115,6.000903007,6.000903007,5.825113008,31183147.0
2025-11-25,5.991049308,5.971341909,6.040317805,5.941879347,29549086.0
2025-11-26,5.95163451,5.991049308,6.036179251,5.95163451,23820260.0
2025-11-28,5.981195608,5.991049308,6.020610406,5.94178081,12104529.0
2025-12-01,6.069878904,6.030464106,6.089586303,6.020610406,16859034.0
2025-12-02,6.060025204,6.099440002,6.133927951,6.060025204,19946574.0
2025-12-03,6.089586303,6.168415899,6.183196448,6.060025204,23289239.0
2025-12-04,6.1388548,6.069878904,6.1487085,6.060025204,13079435.0
2025-12-05,6.040317805,5.981195608,6.079634066,5.956561359,17830369.0
2025-12-08,6.010756707,6.060025204,6.084659453,6.010756707,22782950.0
2025-12-09,6.079732603,6.089586303,6.163489049,6.079732603,17312107.0
2025-12-10,6.089586303,6.129001101,6.168415899,6.040317805,13769917.0
2025-12-11,6.335928791,6.266952894,6.434465786,6.257099195,25513471.0
2025-12-12,6.217684397,6.178269599,6.247245495,6.089586303,24818956.0
2025-12-15,6.168415899,6.109293702,6.196794554,6.089586303,18299448.0
2025-12-16,6.109293702,6.197976998,6.197976998,6.079732603,24121499.0
2025-12-17,6.1487085,6.129001101,6.178269599,6.109293702,17102961.0
2025-12-18,6.306367692,6.286660293,6.340855641,6.237391796,19965618.0
2025-12-19,6.296513993,6.404904688,6.444319486,6.280748074,27945676.0
2025-12-22,6.404904688,6.444319486,6.473880584,6.369825517,25844526.0
2025-12-23,6.424612087,6.434465786,6.460085405,6.404904688,13205143.0
2025-12-24,6.444319486,6.493587983,6.513295382,6.414758387,7573681.0
2025-12-26,6.513295382,6.523149082,6.621686077,6.503441683,11728780.0
2025-12-29,6.444319486,6.483734284,6.503441683,6.434465786,11980759.0
2025-12-30,6.493587983,6.414758387,6.523149082,6.404904688,16917875.0
2025-12-31,6.404904688,6.375343589,6.414758387,6.365489889,10509530.0
2026-01-02,6.493587983,6.414758387,6.56256388,6.375343589,26556715.0
2026-01-05,6.473880584,6.404904688,6.483734284,6.375343589,32653981.0
2026-01-06,6.395050988,6.375343589,6.414758387,6.276806594,23058707.0
2026-01-07,6.666027725,6.690661974,6.838467466,6.582271279,52745379.0
2026-01-08,6.503441683,6.395050988,6.513295382,6.339476123,40584648.0
2026-01-09,6.414758387,6.385197288,6.449246335,6.365489889,30426320.0
2026-01-12,6.35563619,6.483734284,6.491124558,6.340855641,24617730.0
2026-01-13,6.464026885,6.424612087,6.473880584,6.370416739,24621866.0
2026-01-14,6.454173185,6.266952894,6.513295382,6.247245495,34580683.0
2026-01-15,6.56256388,6.513295382,6.670954575,6.503441683,50093598.0
2026-01-16,6.55271018,6.454173185,6.572417579,6.434465786,27843045.0
2026-01-20,6.316221392,6.316221392,6.464026885,6.276806594,38151904.0
2026-01-21,6.286660293,6.34578249,6.375245052,6.227538096,25016192.0
2026-01-22,6.449246335,6.404904688,6.518222232,6.390124138,30657264.0
2026-01-23,6.621686077,6.670954575,6.715296222,6.547783331,33433963.0
2026-01-26,6.700515673,6.808906368,6.838467466,6.695588823,34604706.0
2026-01-27,6.887735964,6.838467466,6.986272959,6.818760067,44784567.0
2026-01-28,6.572417579,6.720223072,6.749784171,6.503441683,64275523.0
2026-01-29,6.247245495,6.197976998,6.35563619,5.971341909,82216395.0
2026-01-30,6.276806594,6.335928791,6.434465786,6.257099195,40681703.0
2026-02-02,6.395050988,6.56256388,6.592124978,6.385197288,28776182.0
2026-02-03,6.548337841,6.627591552,6.657311693,6.523571057,34317760.0
2026-02-04,6.761332188,6.736565404,6.944606394,6.657311693,46800124.0
2026-02-05,6.687031835,6.796005687,6.85544597,6.677125121,24095642.0
2026-02-06,6.895072825,7.004046677,7.043673533,6.895072825,29303687.0
2026-02-09,6.954513108,7.113020529,7.122927243,6.914886253,27973134.0
2026-02-10,7.093207102,7.013953391,7.113020529,7.013953391,24522412.0
2026-02-11,7.202180954,7.271527951,7.281434665,7.073393674,32206036.0
2026-02-12,7.103113816,6.904979539,7.137787314,6.865352684,35874723.0
2026-02-13,6.885166111,6.964419822,7.023761038,6.817305122,22524995.0
2026-02-17,6.964419822,7.231901095,7.271527951,6.954513108,65856737.0
2026-02-18,7.291341378,7.360688375,7.430035372,7.241807809,61876250.0
2026-02-19,7.390408517,7.52910251,7.539009224,7.360688375,50212129.0
2026-02-20,7.578636079,7.697516645,7.72228343,7.479568941,70938357.0
2026-02-23,7.52910251,7.499382369,7.643029719,7.469662227,32001014.0
2026-02-24,7.380501803,7.420128658,7.489475655,7.330968234,30378997.0
2026-02-25,7.479568941,7.499382369,7.558822652,7.467383683,20380787.0
2026-02-26,7.370595089,7.430035372,7.430035372,7.212087668,44024003.0
2026-02-27,7.430035372,7.647983076,7.696228773,7.390408517,39828498.0
2026-03-02,7.519195796,8.182945623,8.291919475,7.499382369,125013184.0
2026-03-03,7.836210639,7.99471806,8.113598626,7.588542793,85546497.0
2026-03-04,8.128458697,8.073971771,8.262199334,7.9750037,69147560.0
2026-03-05,7.865930781,7.776770356,7.905557636,7.598449507,45999839.0
2026-03-06,7.638076362,7.667796504,7.781723713,7.608356221,43507345.0
2026-03-09,7.563776009,7.816397211,7.836210639,7.489475655,46247348.0
2026-03-10,7.900604279,7.727236787,8.113598626,7.697516645,60837811.0
2026-03-11,7.677703218,7.826303925,7.934287106,7.65788979,34696503.0
2026-03-12,8.054158343,8.064065057,8.232479192,7.945184491,88769692.0
2026-03-13,8.31668626,8.163132195,8.579214176,8.103691912,82307432.0
2026-03-16,8.296872832,8.569307462,8.737721598,8.217619121,71010048.0
2026-03-17,8.3810799,8.470240324,8.618741964,8.291919475,49725008.0
2026-03-18,8.470240324,8.282012761,8.559400749,8.262199334,52448158.0
2026-03-19,7.964997919,8.222572478,8.311732903,7.925371064,64257401.0
2026-03-20,8.291919475,7.905557636,8.341453044,7.836210639,55116957.0
2026-03-23,7.955091205,7.984811346,8.113598626,7.870884137,45090908.0
2026-03-24,7.984811346,8.173038909,8.202759051,7.964997919,52853846.0
2026-03-25,8.341453044,8.331546331,8.455380253,8.247339263,55987683.0
2026-03-26,8.361266472,8.202759051,8.450426896,8.173038909,54616024.0
2026-03-27,7.984811346,7.905557636,8.064065057,7.78667707,50816777.0
2026-03-30,8.093785199,7.885744208,8.158178839,7.796583784,45739316.0
2026-03-31,7.865930781,7.964997919,7.974904633,7.717330073,52758063.0
2026-04-01,8.054158343,8.192852337,8.351359758,8.004624774,59809908.0
2026-04-02,7.999671417,8.737721598,8.757535025,7.99471806,92257642.0
2026-04-06,9.064643154,8.807068594,9.203337148,8.757535025,83637471.0
2026-04-07,8.499960466,8.767441739,8.836788736,8.435566826,78345341.0
2026-04-08,9.089409939,9.351937855,9.431191566,9.015109585,107640119.0
2026-04-09,9.322217714,9.460911707,9.589698987,9.302404286,92391814.0
2026-04-10,9.639232556,9.371751283,9.77792655,9.272684144,81032664.0
2026-04-13,9.688766125,10.273262241,10.382236093,9.599605701,153190889.0
2026-04-14,10.2435421,10.253448814,10.461489804,10.045407823,99606273.0
2026-04-15,10.273262241,9.896807116,10.273262241,9.847273547,74676511.0
2026-04-16,9.98596754,10.194008531,10.194008531,9.847273547,50131058.0
2026-04-17,10.377282736,10.213821958,10.392142807,10.095040459,48836274.0
2026-04-20,10.342609238,10.501116659,10.590277084,10.342609238,88700546.0
2026-04-21,10.501116659,10.302982383,10.570463656,10.263355527,61590992.0
2026-04-22,10.194008531,9.768019836,10.233635386,9.698672839,110701828.0
2026-04-23,10.674484151,10.233635386,10.758691219,10.005780968,176863947.0
2026-04-24,10.550650228,10.362422666,10.798318074,10.213821958,126574478.0
2026-04-27,10.629903939,10.659624081,11.18963327,10.590277084,141159876.0
2026-04-28,10.567186092,11.24380441,11.25375468,10.407981781,135363226.0
2026-04-29,11.5721633,12.398035659,12.535249874,11.522411953,159945983.0
2026-04-30,12.238831349,12.845797782,12.855748051,12.049776231,136493582.0
2026-05-01,12.985101553,13.233858288,13.820924182,12.805996704,148599617.0
2026-05-04,13.313460443,13.074653978,13.462614981,12.955250745,122095554.0
2026-05-05,13.562217178,13.353261521,13.910476607,13.164206402,95319015.0
2026-05-06,13.283609635,13.124405325,13.472664754,12.945300476,121621391.0
2026-05-07,12.746295088,12.288582696,12.776145896,12.06967677,128229174.0
2026-05-08,12.288582696,12.756245357,12.985101553,12.288582696,97077368.0
2026-05-11,12.905499398,13.85077499,13.980128492,12.696543741,143926914.0
2026-05-12,13.432863676,13.104504786,13.552266909,12.766195627,104242907.0
2026-05-13,13.741322027,14.636846272,14.756249505,13.403012868,151685483.0
2026-05-14,15.070678018,14.388089537,15.114459203,14.228885227,137481633.0
2026-05-15,13.671670141,13.880625799,13.990078762,13.552266909,109259587.0
2026-05-18,14.298537113,13.671670141,14.407990076,13.432863676,91726808.0
2026-05-19,13.353261521,13.602018256,13.920426876,13.024902631,82613343.0
2026-05-20,13.845799856,13.552266909,13.980128492,13.233858288,79252081.0
2026-05-21,13.587092852,14.109481995,14.149283072,13.552266909,63920640.0
2026-05-22,14.626896003,15.393066746,15.701525097,14.502517635,127724373.0
2026-05-26,15.910480754,16.378143415,16.54232286,15.582121864,191317780.0
2026-05-27,15.920431024,15.602022403,15.97018237,15.462718632,123792325.0
2026-05-28,15.741326174,15.204011627,15.746301309,15.00500624,117360647.0
2026-05-29,15.104508934,14.766199774,15.184111089,14.457741423,113012660.0
2026-06-01,14.99505597,16.169187758,16.437845032,14.855752199,172998713.0
2026-06-02,16.477646109,16.766203922,17.024910926,16.368193146,136069521.0
2026-06-03,16.900532558,16.646800689,17.363220085,16.328392068,148764205.0
2026-06-04,15.706500232,16.537347726,16.597049342,15.447793227,128968304.0
2026-06-05,15.582121864,14.308487382,15.592072134,13.930377146,185183792.0
2026-06-08,14.786100313,14.51744304,14.985105701,14.373164133,102809547.0
2026-06-09,14.50749277,13.781123105,14.547293848,13.114455056,186505429.0
2026-06-10,13.641819333,13.333360982,13.960227954,13.253758827,97426689.0
2026-06-11,13.502515562,14.01992957,14.099531725,13.328385847,94785019.0
2026-06-12,14.268686305,14.726398697,14.99505597,14.164208476,117902581.0
2026-06-15,14.781125178,14.746299235,14.845801929,14.199034419,131110868.0
2026-06-16,14.686597619,13.910476607,14.716448427,13.681620411,123976236.0
2026-06-17,14.26371117,13.761222566,14.298537113,13.631869064,103550625.0
2026-06-18,13.930377146,13.422913407,13.970178223,13.223908019,126787745.0
2026-06-22,13.771172835,14.358238729,14.487592231,13.731371758,117605941.0
2026-06-23,13.393062598,13.631869064,13.820924182,13.154256133,84538011.0
2026-06-24,13.651769603,13.741322027,14.089481953,13.522416101,91575318.0
2026-06-25,14.059730648,13.910476607,14.089581456,13.293559905,76693267.0
2026-06-26,13.37316206,12.945300476,13.37316206,12.71644428,142843746.0
2026-06-29,12.786096166,12.965201015,12.965201015,12.099527578,97834986.0
2026-06-30,13.174156672,13.213957749,13.422913407,13.064703709,53067510.0
2026-07-01,12.776145896,12.845797782,13.0348529,12.656742664,55823830.0
2026-07-02,12.597041047,12.009975153,12.845797782,11.835845439,78276566.0
2026-07-06,12.398035659,12.447787006,12.696543741,12.288582696,50473461.0
2026-07-07,11.940323268,11.791069227,12.288582696,11.691566533,69554094.0
2026-07-08,11.606989243,11.890571921,11.915447594,11.522411953,58184780.0
2026-07-09,12.368184851,12.835847513,13.064703709,12.328383774,97810632.0
2026-07-10,12.417936198,12.378135121,12.55723997,12.199030272,50198799.0
2026-07-13,12.149278925,11.631864916,12.169179463,11.542312492,103877820.0
2026-07-14,11.870671382,11.641815186,11.880621651,11.432859529,87527070.0
2026-07-15,11.98509948,11.194053063,11.98509948,10.786092018,115056170.0
2026-07-16,10.746290941,10.328379626,10.835843365,10.199026124,144325369.0
2026-07-17,9.990070467,10.069672622,10.288578549,9.78111481,116156301.0
2026-07-20,10.169175316,10.029871545,10.278628279,10.019921275,81281936.0
2026-07-21,10.42788232,10.577136361,10.711464998,10.398031512,101227600.0
2026-07-22,10.189075855,10.228876932,10.42788232,10.149274777,93751190.0
2026-07-23,10.059722353,9.681612116,10.303503953,9.631860769,183175435.0
2026-07-24,9.532358075,9.054745144,9.641811038,8.960217585,119145449.0
2026-07-27,9.298526744,9.233849993,9.321909878,8.835839218,97130513.0
2026-07-28,9.05,8.93,9.074,8.6,108249141.0
2026-07-29,8.91,8.41,8.91,8.37,94740899.0
2026-07-30,9.16,9.09,9.34,8.92,106977605.0
2026-07-31,9.42,9.14,9.54,9.05,91720573.0
2026-08-03,8.875,9.36,9.43,8.77,61112479.0
2026-08-04,9.965,9.92,10.17,9.76,99289267.0
2026-08-05,9.82,9.58,9.97,9.56,68253670.0
2026-08-06,9.385,9.43,9.615,9.302,47149155.0
2026-08-07,9.59,9.36,9.67,9.2701,50168587.0
2026-08-10,9.49,9.13,9.52,9.12,42593220.0
2026-08-11,9.37,9.44,9.515,9.31,65915890.0
2026-08-12,10.395,10.32,10.5,10.2,115698821.0
2026-08-13,10.41,10.56,10.91,10.35,112102106.0
2026-08-14,10.525,10.76,10.835,10.46,68497078.0
2026-08-17,10.81,10.78,11.13,10.72,89164507.0
2026-08-18,10.3,10.39,10.53,10.21,111844360.0
2026-08-19,10.71,10.13,10.74,10.09,89535103.0
2026-08-20,10.005,10.15,10.29,9.87,73182795.0
2026-08-21,10.25,10.21,10.37,10.07,58939384.0
2026-08-24,9.98,9.96,10.02,9.765,48351982.0
2026-08-25,10.31,10.35,10.375,10.2101,34801229.0
2026-08-26,10.23,10.41,10.41,10.085,37284209.0
2026-08-27,10.63,10.59,10.66,10.3605,70499210.0
2026-08-28,10.529,10.21,10.565,10.16,59866256.0
2026-08-31,10.22,10.14,10.28,10.02,45549179.0
2026-09-01,10.06,9.93,10.07,9.75,61577916.0
2026-09-02,9.975,9.84,9.975,9.73,49178881.0
2026-09-03,9.76,9.77,9.785,9.54,82023571.0
2026-09-04,10.0,10.03,10.1064,9.932,46052981.0
2026-09-08,10.46,10.65,10.86,10.33,114104192.0
2026-09-09,10.99,10.76,11.155,10.74,87876138.0
2026-09-10,10.54,10.62,10.75,10.45,66134635.0
2026-09-11,10.82,11.13,11.17,10.71,86733819.0
