time_key,open,close,high,low,volume
2018-01-02,21.03,21.81,21.879,21.0,7027432.0
2018-01-03,22.0,22.78,22.86,21.81,7889811.0
2018-01-04,23.17,22.78,23.2,22.595,5719730.0
2018-01-05,22.85,22.83,22.95,22.62,4773694.0
2018-01-08,22.85,22.97,23.06,22.575,3271438.0
2018-01-09,22.88,22.92,23.03,22.48,5407256.0
2018-01-10,22.64,22.64,22.81,22.37,6137320.0
2018-01-11,22.8,23.08,23.225,22.64,6446558.0
2018-01-12,23.13,23.57,23.66,23.055,5906385.0
2018-01-16,23.82,23.5,24.07,23.315,6673803.0
2018-01-17,23.62,23.92,24.05,23.575,6988654.0
2018-01-18,24.06,24.74,24.98,23.9,12371052.0
2018-01-19,24.92,25.04,25.17,24.49,6543511.0
2018-01-22,25.17,25.37,25.41,24.96,6865979.0
2018-01-23,25.5,25.15,25.6,25.095,7291995.0
2018-01-24,24.66,24.59,25.16,24.0,14479016.0
2018-01-25,24.91,23.82,25.09,23.77,11520524.0
2018-01-26,24.41,25.14,25.14,24.16,10204065.0
2018-01-29,25.01,25.42,25.52,24.9,6563237.0
2018-01-30,25.08,24.74,25.25,24.67,7248619.0
2018-01-31,25.04,24.74,25.15,24.56,6185372.0
2018-02-01,24.72,24.32,24.98,24.21,7450047.0
2018-02-02,24.31,23.69,24.46,23.65,13296413.0
2018-02-05,23.49,22.64,24.05,22.33,12579854.0
2018-02-06,22.42,22.68,23.3,22.11,14763363.0
2018-02-07,22.47,22.06,22.62,22.03,12055660.0
2018-02-08,22.27,20.8,22.48,20.8,9966768.0
2018-02-09,21.24,21.15,21.35,20.21,13112366.0
2018-02-12,21.41,21.34,21.48,20.95,7660937.0
2018-02-13,21.29,21.76,21.78,21.2,7843683.0
2018-02-14,21.73,22.34,22.37,21.64,7454596.0
2018-02-15,22.67,22.8,22.81,22.07,6622765.0
2018-02-16,22.88,22.54,23.04,22.4,4446741.0
2018-02-20,22.71,23.56,23.84,22.68,7358915.0
2018-02-21,23.72,23.23,23.77,23.22,6146963.0
2018-02-22,23.62,23.14,23.62,23.005,4563931.0
2018-02-23,23.36,23.74,23.74,23.29,4417141.0
2018-02-26,23.77,24.37,24.37,23.71,7090499.0
2018-02-27,24.35,24.33,24.945,24.31,9704611.0
2018-02-28,24.51,23.92,24.55,23.87,7267833.0
2018-03-01,24.03,23.86,24.22,23.365,8275949.0
2018-03-02,23.59,24.43,24.45,23.43,5281794.0
2018-03-05,24.22,24.46,24.55,24.12,5872781.0
2018-03-06,24.65,25.47,25.73,24.5,13350814.0
2018-03-07,25.06,25.76,25.82,25.04,9042493.0
2018-03-08,25.9,26.06,26.1,25.67,6675320.0
2018-03-09,26.16,26.59,26.775,26.16,8616731.0
2018-03-12,26.67,26.8,26.86,26.3,4681447.0
2018-03-13,27.08,26.02,27.1,25.8,6030599.0
2018-03-14,26.35,25.74,26.4,25.575,5858971.0
2018-03-15,26.0,25.76,26.05,25.48,3611520.0
2018-03-16,25.71,25.87,26.05,25.58,5560857.0
2018-03-19,25.57,25.51,25.79,24.92,7717316.0
2018-03-20,25.56,25.95,26.06,25.55,5566589.0
2018-03-21,26.01,26.5,26.79,26.0,11340791.0
2018-03-22,26.03,25.9,26.285,25.46,7598298.0
2018-03-23,25.82,25.04,26.0,25.04,9466248.0
2018-03-26,25.7,26.12,26.19,25.36,6623161.0
2018-03-27,26.26,24.96,26.59,24.78,7900607.0
2018-03-28,24.84,23.81,24.95,23.79,9042849.0
2018-03-29,24.0,24.46,24.725,23.72,5503665.0
2018-04-02,24.33,23.37,24.5,23.13,5612466.0
2018-04-03,23.64,23.53,23.934,23.245,6450882.0
2018-04-04,22.75,24.33,24.39,22.75,5708557.0
2018-04-05,24.63,24.22,24.74,24.115,5375461.0
2018-04-06,23.29,23.42,24.24,23.29,5948537.0
2018-04-09,23.78,23.56,24.36,23.53,5850548.0
2018-04-10,24.27,24.54,24.755,23.98,4481952.0
2018-04-11,24.39,24.59,24.96,24.3,4421794.0
2018-04-12,24.71,25.36,25.37,24.69,5355300.0
2018-04-13,25.58,25.01,25.66,24.72,3695273.0
2018-04-16,25.09,25.05,25.21,24.59,3515372.0
2018-04-17,25.18,25.74,25.78,25.18,5115264.0
2018-04-18,25.56,25.56,25.9,25.28,4565475.0
2018-04-19,25.03,24.01,25.057,23.76,9482572.0
2018-04-20,24.08,23.63,24.41,23.58,6785823.0
2018-04-23,23.63,23.48,23.82,23.38,7058344.0
2018-04-24,23.71,23.31,23.96,23.025,5092193.0
2018-04-25,23.36,23.12,23.625,22.96,7101679.0
2018-04-26,23.5,23.75,23.87,23.41,5759038.0
2018-04-27,24.09,22.98,24.16,22.953,9211005.0
2018-04-30,22.99,22.08,23.1,21.97,13208712.0
2018-05-01,22.0,22.16,22.28,21.93,9773822.0
2018-05-02,22.21,22.2,22.51,21.975,7418984.0
2018-05-03,21.96,22.08,22.1,21.445,9870298.0
2018-05-04,21.9,22.64,22.78,21.9,5098282.0
2018-05-07,22.82,22.86,23.13,22.67,4494477.0
2018-05-08,23.1,22.92,23.2008,22.72,5089359.0
2018-05-09,23.0,23.26,23.44,22.98,5635852.0
2018-05-10,23.4,23.61,23.62,23.31,3351148.0
2018-05-11,23.29,23.39,23.82,23.27,3718762.0
2018-05-14,23.62,23.69,24.1,23.53,3424033.0
2018-05-15,23.54,23.66,23.805,23.495,5444443.0
2018-05-16,23.61,23.82,23.89,23.46,4002239.0
2018-05-17,23.8,23.7,23.85,23.39,4151380.0
2018-05-18,23.44,23.7,23.9,23.4,4347250.0
2018-05-21,23.97,23.84,24.24,23.551,3185846.0
2018-05-22,23.95,24.18,24.455,23.95,5094594.0
2018-05-23,23.99,24.15,24.2,23.83,4189928.0
2018-05-24,24.18,25.02,25.79,24.15,17947728.0
2018-05-25,25.1,25.85,25.88,24.1,11413002.0
2018-05-29,25.62,25.47,26.11,25.22,9934041.0
2018-05-30,25.69,25.58,26.045,25.43,6636438.0
2018-05-31,25.47,25.13,25.84,25.015,27704072.0
2018-06-01,25.48,25.75,25.92,25.08,7433482.0
2018-06-04,25.92,26.2,26.22,25.66,9466374.0
2018-06-05,26.16,26.22,26.23,25.77,6798750.0
2018-06-06,26.22,26.16,26.255,25.84,4943229.0
2018-06-07,26.1,25.72,26.38,25.42,8260578.0
2018-06-08,25.41,25.2,25.48,25.05,7076821.0
2018-06-11,25.23,25.1,25.58,24.98,4968899.0
2018-06-12,25.2,25.11,25.52,24.87,7999886.0
2018-06-13,24.99,25.3,25.57,24.99,6352197.0
2018-06-14,25.5,25.89,25.92,25.37,5622231.0
2018-06-15,25.7,25.61,25.7127,25.125,6608961.0
2018-06-18,25.17,25.37,25.4,24.76,3856735.0
2018-06-19,24.7,24.76,25.14,24.28,6590277.0
2018-06-20,24.97,25.17,25.35,24.9,3612635.0
2018-06-21,25.73,24.69,25.73,24.615,5186171.0
2018-06-22,24.95,24.08,24.98,24.04,7446984.0
2018-06-25,23.79,23.17,23.94,22.66,8921871.0
2018-06-26,23.2,23.1,23.35,22.98,7617836.0
2018-06-27,23.21,22.47,23.455,22.45,4900852.0
2018-06-28,22.25,22.28,22.48,21.765,11984048.0
2018-06-29,22.45,22.235,22.72,22.22,6424993.0
2018-07-02,22.02,22.59,22.605,21.9,4726737.0
2018-07-03,22.59,22.15,22.6415,22.09,2400526.0
2018-07-05,22.37,22.82,22.87,22.27,7132428.0
2018-07-06,22.73,23.1,23.125,22.51,4202174.0
2018-07-09,23.3,23.33,23.35,22.98,3749427.0
2018-07-10,23.45,23.88,23.91,23.28,4737219.0
2018-07-11,23.55,23.02,23.63,22.95,4574915.0
2018-07-12,23.31,23.51,23.57,23.19,3607977.0
2018-07-13,23.61,23.48,23.75,23.425,4556709.0
2018-07-16,23.45,23.3,23.665,23.24,4799175.0
2018-07-17,23.15,23.91,23.92,22.91,4393744.0
2018-07-18,24.09,24.24,24.26,23.865,5635059.0
2018-07-19,24.13,24.01,24.31,23.745,5011782.0
2018-07-20,24.01,24.04,24.18,23.81,3689462.0
2018-07-23,23.9,23.78,23.9585,23.3193,5728762.0
2018-07-24,23.91,23.53,24.24,23.47,4133591.0
2018-07-25,23.46,23.3,23.51,22.82,8872944.0
2018-07-26,23.21,23.61,23.655,22.97,8352129.0
2018-07-27,23.74,23.15,24.1,23.07,9665306.0
2018-07-30,23.78,22.36,23.7999,21.51,10269462.0
2018-07-31,22.51,22.05,22.68,22.01,6282874.0
2018-08-01,22.0,22.26,22.39,21.88,6277072.0
2018-08-02,21.91,22.28,22.39,21.8302,6515486.0
2018-08-03,22.15,21.59,22.25,21.46,10798682.0
2018-08-06,21.54,22.11,22.12,21.5,5408654.0
2018-08-07,22.19,22.41,22.565,22.14,3944056.0
2018-08-08,22.34,22.42,22.48,22.17,3769697.0
2018-08-09,21.4,21.92,22.23,21.39,6522565.0
2018-08-10,21.46,21.34,21.7,21.2,8249718.0
2018-08-13,21.32,21.01,21.54,21.0,3740192.0
2018-08-14,21.07,21.0,21.2,20.95,5598955.0
2018-08-15,20.73,20.45,21.03,20.185,8406288.0
2018-08-16,20.53,20.34,20.66,20.25,6616858.0
2018-08-17,20.22,20.32,20.38,19.97,3905667.0
2018-08-20,20.34,20.34,20.51,20.04,3470859.0
2018-08-21,20.33,21.0,21.16,20.31,6116769.0
2018-08-22,20.71,20.84,21.1,20.55,5266052.0
2018-08-23,20.87,20.65,21.05,20.61,4129697.0
2018-08-24,20.8,21.12,21.13,20.69,2981053.0
2018-08-27,21.18,21.5,21.69,21.15,4140811.0
2018-08-28,21.82,21.61,21.82,21.39,3216829.0
2018-08-29,21.5,21.58,21.73,21.415,3140223.0
2018-08-30,21.47,21.11,21.55,21.085,3078843.0
2018-08-31,21.06,21.34,21.43,21.03,4432873.0
2018-09-04,21.2,21.38,21.43,21.01,4244271.0
2018-09-05,21.29,20.49,21.3,20.44,5824879.0
2018-09-06,20.41,19.86,20.5,19.85,7082092.0
2018-09-07,19.53,19.48,20.0,19.39,7013916.0
2018-09-10,19.58,19.32,19.61,19.2,3966330.0
2018-09-11,19.15,19.2,19.44,19.075,4802352.0
2018-09-12,19.0,19.25,19.285,18.31,9514767.0
2018-09-13,19.46,19.51,19.75,19.27,4249939.0
2018-09-14,19.64,19.87,19.91,19.54,5113995.0
2018-09-17,19.7,19.06,19.98,19.04,4667721.0
2018-09-18,19.16,19.0,19.44,18.98,6147093.0
2018-09-19,18.91,19.12,19.255,18.91,8348041.0
2018-09-20,19.37,19.5,19.72,19.21,10327362.0
2018-09-21,19.38,19.15,19.6,19.085,6154916.0
2018-09-24,18.95,19.1,19.195,18.68,3558046.0
2018-09-25,18.74,18.42,18.81,18.24,6567055.0
2018-09-26,18.27,18.42,18.67,18.26,4124790.0
2018-09-27,18.5,18.24,18.5,18.18,5209322.0
2018-09-28,18.16,18.43,18.5,18.06,5270960.0
2018-10-01,18.44,18.41,18.8,18.36,4191363.0
2018-10-02,18.33,18.75,18.88,18.3,5145064.0
2018-10-03,18.84,18.46,18.99,18.33,6517690.0
2018-10-04,18.28,17.87,18.34,17.61,7463142.0
2018-10-05,17.8,17.54,17.97,17.23,7725403.0
2018-10-08,17.31,17.09,17.48,16.8249,7608271.0
2018-10-09,17.02,16.85,17.15,16.835,7780239.0
2018-10-10,16.61,16.12,16.72,16.1,9199620.0
2018-10-11,16.09,16.36,16.96,16.05,10997545.0
2018-10-12,16.82,16.65,16.99,16.4,6001758.0
2018-10-15,16.64,16.51,16.71,16.43,4471866.0
2018-10-16,16.54,16.92,17.0,16.5363,4476013.0
2018-10-17,16.97,16.77,17.0,16.68,5572412.0
2018-10-18,16.63,16.0,16.635,15.91,9862026.0
2018-10-19,16.09,15.84,16.35,15.66,5610905.0
2018-10-22,16.0,15.89,16.0721,15.65,4351185.0
2018-10-23,15.41,16.09,16.37,15.19,8135402.0
2018-10-24,15.69,14.75,15.79,14.73,10385223.0
2018-10-25,14.97,15.34,15.495,14.97,6155234.0
2018-10-26,14.86,14.62,15.055,14.55,13803353.0
2018-10-29,16.15,15.91,16.7,15.6,18075834.0
2018-10-30,15.85,16.87,16.89,15.83,12549962.0
2018-10-31,17.27,17.0,17.49,16.85,12191539.0
2018-11-01,17.06,18.4,18.73,16.95,14415001.0
2018-11-02,18.65,18.11,18.79,17.71,9309954.0
2018-11-05,17.98,17.72,18.08,17.47,6646217.0
2018-11-06,17.74,17.91,18.01,17.7,5517535.0
2018-11-07,18.17,18.38,18.6,18.0,7480851.0
2018-11-08,18.12,18.4,18.51,18.11,5807116.0
2018-11-09,18.1,17.88,18.3301,17.695,6048994.0
2018-11-12,17.5,16.83,17.77,16.755,8652065.0
2018-11-13,16.91,17.35,17.87,16.9,7259867.0
2018-11-14,17.47,17.48,17.82,17.29,6922345.0
2018-11-15,17.36,18.4,18.44,17.2668,8346729.0
2018-11-16,17.92,18.79,18.94,17.82,7776264.0
2018-11-19,18.69,17.61,18.7,17.58,7854888.0
2018-11-20,17.12,18.02,18.21,17.05,6380184.0
2018-11-21,18.45,18.58,18.7553,18.25,5675802.0
2018-11-23,18.33,18.67,18.855,18.33,2450926.0
2018-11-26,19.21,18.81,19.21,18.67,6085288.0
2018-11-27,18.47,18.33,18.685,18.1,4884388.0
2018-11-28,18.54,18.87,18.93,18.17,8743895.0
2018-11-29,18.74,18.5,18.85,18.47,6026062.0
2018-11-30,18.53,19.18,19.22,18.51,7842856.0
2018-12-03,19.93,19.35,20.06,19.25,8685537.0
2018-12-04,19.04,18.47,19.3,18.44,6164319.0
2018-12-06,17.94,18.27,18.33,17.77,5968035.0
2018-12-07,18.24,17.37,18.44,17.34,5933662.0
2018-12-10,17.19,17.59,17.67,17.16,5321962.0
2018-12-11,17.93,17.51,18.19,17.39,4735728.0
2018-12-12,17.88,17.87,18.225,17.745,3110138.0
2018-12-13,17.92,17.47,18.02,17.455,3783347.0
2018-12-14,17.1,17.53,17.8,17.05,5300580.0
2018-12-17,17.36,17.32,18.04,17.13,6129754.0
2018-12-18,17.44,17.73,18.14,17.41,5038769.0
2018-12-19,17.55,16.43,17.78,16.25,8519155.0
2018-12-20,16.26,16.1,16.8025,15.865,8280709.0
2018-12-21,16.34,15.48,16.34,15.48,7536388.0
2018-12-24,15.23,15.06,15.7484,15.06,3135095.0
2018-12-26,15.13,16.16,16.17,15.13,5864086.0
2018-12-27,15.95,16.17,16.17,15.66,5374173.0
2018-12-28,16.22,16.33,16.62,16.04,6436419.0
2018-12-31,16.38,16.51,16.51,16.17,2985432.0
2019-01-02,16.14,16.78,16.95,16.11,4034112.0
2019-01-03,16.22,15.65,16.45,15.57,7677923.0
2019-01-04,15.84,16.5,16.68,15.84,9869903.0
2019-01-07,16.64,17.0,17.26,16.33,5980663.0
2019-01-08,17.15,16.54,17.24,16.26,10946712.0
2019-01-09,16.81,17.81,17.94,16.76,11321958.0
2019-01-10,17.61,17.89,18.0,17.41,6477311.0
2019-01-11,17.91,18.49,18.985,17.87,10001883.0
2019-01-14,18.11,17.71,18.14,17.7,6465309.0
2019-01-15,17.82,17.84,18.12,17.745,4061217.0
2019-01-16,17.9,17.63,18.23,17.59,3422834.0
2019-01-17,17.44,17.82,17.92,17.21,6039729.0
2019-01-18,17.9,18.41,18.63,17.86,5807748.0
2019-01-22,18.18,17.76,18.29,17.59,5946856.0
2019-01-23,17.92,17.61,18.0,17.265,4549300.0
2019-01-24,18.08,18.99,19.18,18.01,11712233.0
2019-01-25,19.09,20.12,20.26,19.06,10193170.0
2019-01-28,19.34,19.66,19.995,19.25,6704614.0
2019-01-29,19.65,19.38,19.9,19.345,5996590.0
2019-01-30,19.57,20.04,20.135,19.43,7143521.0
2019-01-31,19.87,20.04,20.28,19.84,5948586.0
2019-02-01,20.05,20.8,20.91,19.98,12744852.0
2019-02-04,21.17,21.59,21.63,20.22,15699875.0
2019-02-05,21.42,21.88,22.13,21.28,9653782.0
2019-02-06,22.24,22.82,23.345,22.2,15122431.0
2019-02-07,22.39,22.25,22.49,21.87,7778040.0
2019-02-08,21.83,21.84,22.11,21.435,9003614.0
2019-02-11,21.99,22.24,22.31,21.815,7284095.0
2019-02-12,22.52,22.73,22.785,22.38,4698451.0
2019-02-13,22.78,22.93,22.97,22.5401,5720942.0
2019-02-14,22.76,22.91,23.09,22.64,4495287.0
2019-02-15,22.99,22.97,23.06,22.7501,3900197.0
2019-02-19,22.86,22.78,22.97,22.63,4299527.0
2019-02-20,22.9,22.59,22.91,22.58,5760161.0
2019-02-21,22.56,22.46,22.77,22.365,4909309.0
2019-02-22,22.75,22.84,23.01,22.595,3748054.0
2019-02-25,23.14,22.97,23.35,22.94,3988308.0
2019-02-26,22.69,22.52,22.88,22.4699,3781538.0
2019-02-27,22.0,21.57,22.0,21.15,9581349.0
2019-02-28,21.41,21.48,21.66,21.29,5344147.0
2019-03-01,21.78,21.67,21.92,21.35,4719002.0
2019-03-04,22.39,21.92,22.48,21.52,5964275.0
2019-03-05,21.89,21.84,22.09,21.6,5146713.0
2019-03-06,21.8,21.4,21.83,21.275,7194762.0
2019-03-07,21.24,21.33,21.555,20.88,7988069.0
2019-03-08,20.94,22.14,22.3,20.88,10425303.0
2019-03-11,22.42,22.61,22.825,22.27,6755540.0
2019-03-12,22.74,22.47,22.74,22.365,6132542.0
2019-03-13,22.67,22.31,22.675,22.265,4866401.0
2019-03-14,22.28,22.06,22.33,22.01,4609999.0
2019-03-15,22.3,22.17,22.54,22.06,7361890.0
2019-03-18,22.14,21.91,22.4,21.6975,7026828.0
2019-03-19,22.09,22.01,23.31,21.82,7833470.0
2019-03-20,22.03,21.36,22.05,20.99,9073276.0
2019-03-21,21.28,22.45,22.59,21.28,7926696.0
2019-03-22,22.31,21.64,22.405,21.51,4675502.0
2019-03-25,21.15,20.96,21.5,20.7,6036038.0
2019-03-26,21.33,21.0,21.45,20.8,3562552.0
2019-03-27,21.62,20.56,21.62,20.24,12921912.0
2019-03-28,20.42,20.27,20.85,19.96,8461148.0
2019-03-29,20.62,20.57,20.85,20.39,6189068.0
2019-04-01,21.19,21.5,21.585,20.83,7207484.0
2019-04-02,21.44,21.46,21.65,21.24,6812862.0
2019-04-03,22.05,22.37,22.8,21.81,11109896.0
2019-04-04,22.2,22.43,22.69,22.1232,4116116.0
2019-04-05,22.74,22.81,22.87,22.56,3345659.0
2019-04-08,22.63,22.92,23.035,22.51,4902569.0
2019-04-09,22.8,22.64,22.91,22.57,4556590.0
2019-04-10,22.61,22.99,23.04,22.485,4898804.0
2019-04-11,22.99,22.75,23.095,22.65,4338984.0
2019-04-12,23.15,22.83,23.26,22.735,5790468.0
2019-04-15,22.78,22.44,22.9,22.34,5370993.0
2019-04-16,22.67,22.74,22.985,22.53,5214623.0
2019-04-17,23.0,22.59,23.29,22.32,5928645.0
2019-04-18,22.56,22.62,22.69,22.255,5253280.0
2019-04-22,22.61,22.46,22.75,22.37,7112307.0
2019-04-23,22.41,22.6,22.88,22.38,6015288.0
2019-04-24,22.61,23.02,23.48,22.61,8209588.0
2019-04-25,23.08,22.41,23.344,21.96,7455678.0
2019-04-26,22.08,22.44,22.46,21.68,7365176.0
2019-04-29,22.73,22.2,23.5,22.0,11892267.0
2019-04-30,22.88,23.06,23.26,22.52,9885978.0
2019-05-01,23.3,22.6,23.49,22.55,6951340.0
2019-05-02,22.58,22.93,23.175,22.4,5128764.0
2019-05-03,23.14,23.52,23.54,22.97,6101056.0
2019-05-06,22.58,22.96,23.0,22.52,7156608.0
2019-05-07,22.54,22.12,22.77,21.82,9438536.0
2019-05-08,21.82,21.75,22.22,21.69,6368959.0
2019-05-09,21.21,21.15,21.325,20.715,8226947.0
2019-05-10,21.05,20.98,21.45,20.43,5180836.0
2019-05-13,20.11,19.6,20.26,19.425,12867950.0
2019-05-14,19.79,19.98,20.075,19.56,7234550.0
2019-05-15,19.59,20.24,20.46,19.59,6193330.0
2019-05-16,19.82,19.75,20.14,19.56,8994691.0
2019-05-17,19.36,18.77,19.74,18.72,9043742.0
2019-05-20,18.27,18.33,18.495,17.87,10997900.0
2019-05-21,18.65,18.75,19.0,18.58,9100929.0
2019-05-22,18.34,18.16,18.77,18.16,7294592.0
2019-05-23,17.8,17.9,17.96,17.5,10002417.0
2019-05-24,18.04,17.68,18.23,17.67,5280196.0
2019-05-28,17.77,17.72,17.83,17.31,6985600.0
2019-05-29,17.49,18.07,18.35,17.39,8650694.0
2019-05-30,18.09,18.11,18.4525,17.99,5250676.0
2019-05-31,17.78,17.76,18.23,17.69,8159922.0
2019-06-03,18.3,18.08,18.38,17.96,7351442.0
2019-06-04,18.52,18.96,19.0,18.33,7348183.0
2019-06-05,19.08,18.83,19.11,18.46,6119501.0
2019-06-06,18.76,19.01,19.12,18.66,4937635.0
2019-06-07,19.14,19.06,19.21,18.87,6043379.0
2019-06-10,19.31,19.82,19.93,19.27,6315139.0
2019-06-11,20.25,20.03,20.41,19.855,5838097.0
2019-06-12,19.7,19.82,19.87,19.52,6363020.0
2019-06-13,19.98,20.14,20.27,19.84,5233945.0
2019-06-14,19.54,19.05,19.54,18.875,8569416.0
2019-06-17,19.01,18.8,19.205,18.79,5010427.0
2019-06-18,19.15,19.59,19.9,18.93,7756704.0
2019-06-19,19.99,19.54,19.99,19.41,5739584.0
2019-06-20,20.1,20.0,20.2,19.8336,5750350.0
2019-06-21,19.63,19.48,19.76,19.4,5687279.0
2019-06-24,19.57,19.46,19.67,19.425,2615494.0
2019-06-25,19.55,19.24,19.71,19.22,4439606.0
2019-06-26,19.82,20.05,20.1,19.6,6614589.0
2019-06-27,20.15,20.39,20.57,20.15,4525534.0
2019-06-28,20.7,20.21,20.7,20.12,17355225.0
2019-07-01,21.39,20.55,21.9,20.45,7403438.0
2019-07-02,20.48,19.99,20.5,19.95,4003253.0
2019-07-03,19.96,19.83,20.05,19.735,2331020.0
2019-07-05,19.67,20.07,20.23,19.62,3973794.0
2019-07-08,19.81,19.51,19.99,19.485,2730431.0
2019-07-09,19.38,19.64,19.725,19.36,3207689.0
2019-07-10,19.9,19.69,20.23,19.645,3149224.0
2019-07-11,19.69,19.65,19.78,19.4,3626865.0
2019-07-12,19.83,20.24,20.29,19.7,3396039.0
2019-07-15,20.41,20.29,20.57,20.1,2721616.0
2019-07-16,20.17,20.35,20.43,19.88,6083135.0
2019-07-17,20.43,20.29,20.47,20.09,5566100.0
2019-07-18,20.26,20.52,20.52,20.17,3751808.0
2019-07-19,20.82,20.22,20.83,20.21,4173051.0
2019-07-22,20.35,20.55,20.61,20.26,2740173.0
2019-07-23,20.68,20.99,21.015,20.63,3662934.0
2019-07-24,21.32,22.32,22.355,21.26,11630132.0
2019-07-25,22.1,21.86,22.14,21.485,5222948.0
2019-07-26,21.98,22.04,22.11,21.7,4495055.0
2019-07-29,22.01,22.22,22.25,21.82,4064054.0
2019-07-30,21.85,22.21,22.295,21.73,4795993.0
2019-07-31,22.04,21.51,22.1,21.38,5530209.0
2019-08-01,21.43,20.48,21.82,20.43,8927055.0
2019-08-02,20.24,19.98,20.67,19.89,6694955.0
2019-08-05,18.7,17.85,18.75,17.75,19737596.0
2019-08-06,18.02,17.66,18.63,17.41,9958973.0
2019-08-07,17.35,17.56,17.655,17.255,9483712.0
2019-08-08,17.77,17.93,18.0,17.55,7378572.0
2019-08-09,17.76,17.08,17.77,17.06,6427634.0
2019-08-12,16.99,16.83,17.105,16.695,5862495.0
2019-08-13,16.68,17.79,18.0,16.65,9190091.0
2019-08-14,17.12,17.13,17.42,17.04,5130383.0
2019-08-15,17.23,16.87,17.39,16.8,4086210.0
2019-08-16,17.13,17.54,17.73,17.128,5947835.0
2019-08-19,18.43,18.01,18.78,18.0,6353233.0
2019-08-20,17.93,18.17,18.275,17.8,5723753.0
2019-08-21,18.34,18.44,18.4513,18.14,5384481.0
2019-08-22,18.64,18.56,18.82,18.31,6029176.0
2019-08-23,18.15,17.64,18.265,17.52,6410803.0
2019-08-26,17.94,17.37,18.04,17.27,4189581.0
2019-08-27,17.59,17.23,17.755,17.195,3790707.0
2019-08-28,17.06,17.4,17.52,16.95,3359223.0
2019-08-29,17.74,17.88,18.04,17.7,3479131.0
2019-08-30,18.15,17.8,18.15,17.78,2817572.0
2019-09-03,17.5,17.45,17.64,17.18,4668831.0
2019-09-04,17.73,17.86,18.04,17.6,4713578.0
2019-09-05,18.4,18.33,18.76,18.165,7659797.0
2019-09-06,18.49,18.57,18.84,18.3539,5167889.0
2019-09-09,18.97,18.72,18.97,18.55,4580891.0
2019-09-10,18.68,19.47,19.48,18.46,7061767.0
2019-09-11,19.74,19.85,19.86,18.8918,5157964.0
2019-09-12,19.85,20.03,20.18,19.58,5110591.0
2019-09-13,20.07,20.12,20.4361,19.96,15107196.0
2019-09-16,19.95,19.99,20.365,19.66,6342270.0
2019-09-17,19.77,19.65,19.873,19.49,4245986.0
2019-09-18,19.68,19.67,19.71,19.235,4455536.0
2019-09-19,19.66,19.56,20.03,19.54,4059258.0
2019-09-20,19.73,19.32,19.745,19.13,4849950.0
2019-09-23,19.17,19.38,19.6,19.17,3626294.0
2019-09-24,19.43,18.8,19.5,18.68,4929769.0
2019-09-25,18.71,19.2,19.26,18.53,3198404.0
2019-09-26,19.22,19.095,19.27,18.95,2837272.0
2019-09-27,19.02,18.68,19.19,18.495,3607083.0
2019-09-30,18.83,19.21,19.25,18.66,3234931.0
2019-10-01,19.27,18.76,19.515,18.635,3847386.0
2019-10-02,18.59,18.115,18.64,18.03,5060957.0
2019-10-03,18.14,18.33,18.41,17.66,4621987.0
2019-10-04,18.47,18.575,18.6,18.23,5234202.0
2019-10-07,18.58,18.03,18.58,17.99,4816358.0
2019-10-08,17.73,17.12,17.8,17.04,10708768.0
2019-10-09,17.51,17.91,18.045,17.39,5587543.0
2019-10-10,17.97,18.06,18.34,17.83,5588014.0
2019-10-11,18.4,18.75,18.99,18.365,9463257.0
2019-10-14,18.48,18.87,18.91,18.48,5029216.0
2019-10-15,19.05,19.39,19.65,19.0,4842705.0
2019-10-16,19.25,18.965,19.48,18.895,4817126.0
2019-10-17,19.1,19.11,19.27,18.72,4138610.0
2019-10-18,18.96,18.84,19.075,18.515,4505389.0
2019-10-21,19.22,19.48,19.565,19.175,3820194.0
2019-10-22,19.16,19.27,19.595,19.12,5828972.0
2019-10-23,18.78,18.58,18.83,18.5,9208863.0
2019-10-24,18.85,18.57,19.04,18.505,8601165.0
2019-10-25,18.65,19.18,19.3,18.6,8108489.0
2019-10-28,19.9,21.21,21.28,19.9,14862617.0
2019-10-29,21.17,21.04,21.4139,20.76,9159500.0
2019-10-30,21.29,20.98,21.32,20.565,7251074.0
2019-10-31,20.86,20.4,20.875,20.3,6154396.0
2019-11-01,20.56,21.07,21.14,20.54,4757827.0
2019-11-04,21.45,21.71,21.7565,21.24,8194502.0
2019-11-05,21.89,21.79,22.345,21.73,10067303.0
2019-11-06,21.55,21.51,21.67,21.05,5806181.0
2019-11-07,21.89,21.54,22.01,21.45,3496852.0
2019-11-08,21.42,21.63,21.65,21.22,2639702.0
2019-11-11,21.52,21.5,21.65,21.21,2166660.0
2019-11-12,21.67,21.69,22.03,21.56,4298523.0
2019-11-13,21.45,21.54,21.7,21.33,3304718.0
2019-11-14,21.42,21.48,21.61,21.34,2410996.0
2019-11-15,21.63,21.79,21.92,21.465,4792299.0
2019-11-18,21.66,21.135,21.74,21.1,3350592.0
2019-11-19,21.24,21.12,21.28,20.84,2704789.0
2019-11-20,20.97,20.78,21.27,20.675,4259313.0
2019-11-21,20.72,20.77,20.95,20.515,3092431.0
2019-11-22,20.96,20.81,21.0,20.73,2351796.0
2019-11-25,20.53,21.72,21.73,20.53,6087053.0
2019-11-26,21.61,21.92,21.93,21.41,6382423.0
2019-11-27,21.9,22.02,22.02,21.78,3025267.0
2019-11-29,21.8,21.47,21.89,21.43,1224125.0
2019-12-02,21.64,21.36,21.74,21.165,2908317.0
2019-12-03,20.85,20.67,20.98,20.55,6389455.0
2019-12-04,21.11,21.39,21.53,20.99,4520733.0
2019-12-05,21.53,21.65,21.725,21.25,4324108.0
2019-12-06,21.99,22.14,22.27,21.905,3297772.0
2019-12-09,22.14,21.83,22.14,21.83,2839023.0
2019-12-10,21.87,21.98,22.19,21.76,2582736.0
2019-12-11,21.99,22.42,22.475,21.97,2542024.0
2019-12-12,22.37,23.16,23.18,22.281,4278195.0
2019-12-13,23.0,23.13,23.585,22.88,4653017.0
2019-12-16,23.19,23.46,23.625,23.19,3249369.0
2019-12-17,23.5,23.63,23.65,23.4,4132689.0
2019-12-18,23.45,23.8,23.9,23.36,4256485.0
2019-12-19,23.9,23.88,24.03,23.64,4389226.0
2019-12-20,23.95,24.12,24.19,23.84,4963441.0
2019-12-23,24.15,24.45,24.55,24.101,4185682.0
2019-12-24,24.35,24.47,24.49,24.26,1308824.0
2019-12-26,24.52,24.55,24.7,24.4,2457733.0
2019-12-27,24.61,24.49,24.68,24.385,3432392.0
2019-12-30,24.47,24.29,24.47,24.0,2734549.0
2019-12-31,24.25,24.38,24.48,24.1028,2451534.0
2020-01-02,24.75,25.06,25.08,24.4,5651181.0
2020-01-03,24.48,24.69,25.0,24.23,4413234.0
2020-01-06,24.25,24.07,24.38,23.99,8586622.0
2020-01-07,24.49,24.66,25.15,24.39,10549966.0
2020-01-08,24.67,24.82,25.22,24.67,6660878.0
2020-01-09,25.13,24.86,25.19,24.56,4118234.0
2020-01-10,24.86,24.58,25.02,24.55,4065526.0
2020-01-13,24.76,25.32,25.34,24.76,5471777.0
2020-01-14,25.3,25.62,25.92,25.23,9298709.0
2020-01-15,25.45,24.88,25.45,24.75,7302793.0
2020-01-16,25.1,25.03,25.17,24.785,5712646.0
2020-01-17,25.08,25.0,25.18,24.81,5149029.0
2020-01-21,24.83,24.79,25.09,24.7547,4599302.0
2020-01-22,25.07,24.79,25.275,24.79,3520891.0
2020-01-23,24.77,25.47,25.52,24.6,5936219.0
2020-01-24,25.76,24.99,25.83,24.715,5426048.0
2020-01-27,24.05,23.66,24.09,23.57,7665994.0
2020-01-28,24.05,24.17,24.31,23.71,5615033.0
2020-01-29,24.26,23.88,24.31,23.835,5717932.0
2020-01-30,23.59,23.94,23.99,23.21,8514053.0
2020-01-31,23.69,23.15,23.76,22.95,7994698.0
2020-02-03,21.45,19.905,21.82,19.85,34727486.0
2020-02-04,19.96,19.82,20.14,19.28,22432097.0
2020-02-05,20.36,21.15,21.23,20.01,18620900.0
2020-02-06,21.18,20.91,21.525,20.59,9550952.0
2020-02-07,20.91,20.45,20.93,20.22,9186218.0
2020-02-10,20.28,20.54,20.72,20.0603,6650163.0
2020-02-11,20.71,21.4,21.56,20.69,8215496.0
2020-02-12,21.73,21.385,21.83,21.24,5323643.0
2020-02-13,21.22,21.63,21.81,21.11,6131701.0
2020-02-14,21.74,21.44,21.9,21.14,5629126.0
2020-02-18,21.21,21.11,21.315,21.0,5020590.0
2020-02-19,21.3,20.9,21.67,20.76,7905734.0
2020-02-20,20.74,20.6,20.89,20.24,10806483.0
2020-02-21,20.43,20.015,20.5,19.68,13925731.0
2020-02-24,19.29,19.35,19.58,19.11,9111866.0
2020-02-25,19.56,18.62,19.79,18.575,9452955.0
2020-02-26,18.82,18.36,19.0879,18.26,7466327.0
2020-02-27,17.84,17.54,18.33,17.54,8843713.0
2020-02-28,16.93,18.66,18.78,16.9107,13505754.0
2020-03-02,18.79,18.93,18.93,18.07,8422122.0
2020-03-03,18.73,18.13,19.13,18.0,9669519.0
2020-03-04,18.39,18.73,18.76,18.005,5615553.0
2020-03-05,18.19,17.83,18.52,17.73,7134745.0
2020-03-06,17.63,17.28,18.42,17.03,11756344.0
2020-03-09,16.12,15.53,16.77,15.51,13614707.0
2020-03-10,16.32,16.89,16.89,15.735,9504476.0
2020-03-11,16.42,15.07,16.5,15.0,10587573.0
2020-03-12,14.26,12.93,14.4401,12.61,15397784.0
2020-03-13,13.83,14.49,14.49,12.95,12869717.0
2020-03-16,12.75,11.81,14.25,11.61,11719793.0
2020-03-17,12.1,11.55,12.69,10.68,16903868.0
2020-03-18,10.61,8.45,10.98,8.17,15551104.0
2020-03-19,8.36,10.51,10.7,8.27,15907353.0
2020-03-20,10.89,10.82,11.96,10.51,15008566.0
2020-03-23,11.06,11.49,11.67,10.27,8972288.0
2020-03-24,12.42,13.85,13.87,12.215,13318664.0
2020-03-25,14.08,14.79,15.21,13.06,14851333.0
2020-03-26,15.04,14.16,15.1,13.68,12689729.0
2020-03-27,13.5,12.89,13.5,12.85,9738498.0
2020-03-30,12.89,12.97,13.195,12.46,9251445.0
2020-03-31,13.0,12.44,13.49,12.275,10982252.0
2020-04-01,11.94,11.0,12.23,10.84,12326494.0
2020-04-02,10.96,11.27,11.77,10.61,13409889.0
2020-04-03,11.15,10.94,11.39,10.78,8374133.0
2020-04-06,11.7,12.87,12.96,11.65,13508965.0
2020-04-07,13.7,12.78,14.22,12.648,10856066.0
2020-04-08,13.07,13.73,13.8,12.71,10651609.0
2020-04-09,14.1,13.73,14.69,13.58,13127055.0
2020-04-13,13.91,14.21,14.26,13.44,6298479.0
2020-04-14,14.61,14.58,14.99,14.14,7184810.0
2020-04-15,13.84,13.62,14.0,13.32,9285148.0
2020-04-16,13.71,13.335,13.87,13.145,7408342.0
2020-04-17,13.96,13.73,14.17,13.54,6222106.0
2020-04-20,13.28,13.36,13.84,13.2206,5184681.0
2020-04-21,13.05,12.83,13.215,12.695,6079055.0
2020-04-22,13.44,14.11,14.19,13.13,10389560.0
2020-04-23,14.18,13.92,14.37,13.83,5998738.0
2020-04-24,13.99,14.66,14.78,13.97,5297071.0
2020-04-27,14.84,15.39,15.45,14.81,6359903.0
2020-04-28,16.34,15.84,16.6,15.645,8778640.0
2020-04-29,16.45,17.25,17.27,16.41,8465737.0
2020-04-30,17.1376,16.045,17.18,16.03,6101454.0
2020-05-01,15.41,15.12,15.68,14.88,8141142.0
2020-05-04,14.74,14.87,14.9,14.32,8989836.0
2020-05-05,15.34,15.15,15.715,15.07,5632400.0
2020-05-06,15.46,15.44,15.64,15.28,4367706.0
2020-05-07,15.7566,15.98,16.11,15.74,5291428.0
2020-05-08,16.08,17.12,17.15,16.0,11780000.0
2020-05-11,15.75,15.66,16.6,15.64,15549709.0
2020-05-12,15.7,14.95,15.875,14.9,10484742.0
2020-05-13,15.15,14.05,15.15,13.9,11474475.0
2020-05-14,13.75,14.715,14.74,13.485,11469356.0
2020-05-15,14.02,14.15,14.52,13.98,6864605.0
2020-05-18,14.83,15.61,15.7,14.83,9284713.0
2020-05-19,15.54,15.48,15.91,15.1177,6917621.0
2020-05-20,15.92,16.27,16.31,15.91,6300992.0
2020-05-21,16.2,15.625,16.44,15.565,6306699.0
2020-05-22,15.76,15.74,15.77,15.28,4140265.0
2020-05-26,16.34,16.68,16.845,16.22,7713445.0
2020-05-27,16.78,17.435,17.475,16.42,9595348.0
2020-05-28,17.27,16.06,17.27,16.0,6739670.0
2020-05-29,16.04,16.49,16.71,15.91,8393144.0
2020-06-01,16.48,16.78,16.87,16.34,4754763.0
2020-06-02,16.87,17.14,17.44,16.82,6719040.0
2020-06-03,17.66,18.83,18.99,17.6,16779841.0
2020-06-04,18.88,18.98,19.22,18.44,7616601.0
2020-06-05,19.8,20.16,20.605,19.68,14448776.0
2020-06-08,20.52,20.82,21.38,20.49,18290832.0
2020-06-09,20.67,20.17,20.7,20.03,10005242.0
2020-06-10,20.09,19.46,20.16,19.3,10352867.0
2020-06-11,18.31,18.13,18.99,18.12,7724422.0
2020-06-12,19.1,18.99,19.49,18.45,9365504.0
2020-06-15,18.18,19.56,19.6,18.05,9866541.0
2020-06-16,20.25,19.94,20.47,19.48,16437614.0
2020-06-17,20.12,19.79,20.38,19.77,18130526.0
2020-06-18,19.64,19.62,19.855,19.44,5942846.0
2020-06-19,20.105,19.39,20.18,19.26,7333717.0
2020-06-22,19.34,19.59,19.62,19.04,10001247.0
2020-06-23,20.3849,20.18,20.45,20.1,7986389.0
2020-06-24,19.83,19.29,19.95,19.135,8267692.0
2020-06-25,19.09,19.48,19.5,18.905,5699201.0
2020-06-26,19.31,19.09,19.4,18.84,7264064.0
2020-06-29,19.16,19.52,19.74,18.745,12303831.0
2020-06-30,19.59,19.82,19.95,19.5,10176944.0
2020-07-01,20.17,19.05,20.1803,19.025,8119248.0
2020-07-02,19.4,19.18,19.73,19.055,7108653.0
2020-07-06,19.595,19.66,19.84,19.41,7969856.0
2020-07-07,19.44,19.27,19.665,19.16,10559966.0
2020-07-08,19.39,19.97,19.98,19.16,9845818.0
2020-07-09,20.08,20.76,20.96,19.37,14886012.0
2020-07-10,20.81,20.49,21.0,20.35,12939807.0
2020-07-13,21.25,20.55,21.54,20.525,12975847.0
2020-07-14,20.41,20.69,20.74,19.77,11842917.0
2020-07-15,21.18,21.53,21.64,20.71,9645771.0
2020-07-16,21.01,21.34,21.52,20.82,8204183.0
2020-07-17,21.48,21.19,21.545,21.18,8309167.0
2020-07-20,21.29,21.63,21.665,21.08,6162689.0
2020-07-21,21.83,21.66,22.08,21.61,8318846.0
2020-07-22,21.76,21.45,22.045,21.3,7460910.0
2020-07-23,21.31,20.86,21.455,20.61,7876727.0
2020-07-24,20.39,20.47,20.95,20.29,5725034.0
2020-07-27,20.78,21.28,21.305,20.68,5373918.0
2020-07-28,20.79,20.5,21.17,20.48,3692473.0
2020-07-29,20.7,20.96,21.055,20.6959,3753703.0
2020-07-30,20.46,20.77,20.785,20.27,8131326.0
2020-07-31,20.84,20.6,20.8692,20.32,5854956.0
2020-08-03,20.71,21.24,21.3,20.65,4227622.0
2020-08-04,21.28,21.69,21.735,21.2,4280524.0
2020-08-05,21.5,21.26,21.5,20.9,7743776.0
2020-08-06,21.15,21.13,21.21,20.87,4629018.0
2020-08-07,21.13,20.84,21.34,20.45,10297613.0
2020-08-10,20.96,21.92,22.0882,20.89,10311854.0
2020-08-11,22.08,22.19,23.105,21.95,9482886.0
2020-08-12,22.35,22.38,22.44,22.06,4794352.0
2020-08-13,22.28,21.9,22.415,21.82,7336854.0
2020-08-14,22.31,22.04,22.31,21.55,4072442.0
2020-08-17,22.26,21.96,22.34,21.8,4566469.0
2020-08-18,22.14,21.75,22.149,21.73,3917225.0
2020-08-19,21.69,21.66,21.875,21.46,4975347.0
2020-08-20,21.3,21.06,21.52,21.03,4527855.0
2020-08-21,21.0,20.91,21.0,20.71,8875213.0
2020-08-24,21.08,21.385,21.39,20.965,3066590.0
2020-08-25,21.48,21.59,21.72,21.24,2977688.0
2020-08-26,21.59,21.68,21.75,21.33,3838586.0
2020-08-27,21.77,21.33,21.8299,21.18,3263886.0
2020-08-28,21.44,22.025,22.14,21.03,4013000.0
2020-08-31,21.88,21.37,21.99,21.35,4128354.0
2020-09-01,21.5,21.75,21.77,21.21,7054254.0
2020-09-02,21.8,22.38,22.46,21.66,7101468.0
2020-09-03,22.07,21.45,22.165,21.335,6600215.0
2020-09-04,21.44,22.68,23.12,21.37,14139438.0
2020-09-08,21.77,20.93,21.99,20.91,11540979.0
2020-09-09,21.52,21.82,21.99,21.185,7289960.0
2020-09-10,21.5,21.52,22.26,21.5,5954667.0
2020-09-11,21.91,21.575,22.03,21.315,4347448.0
2020-09-14,21.9642,22.01,22.15,21.65,3426619.0
2020-09-15,22.21,22.02,22.255,21.91,4589766.0
2020-09-16,22.33,22.05,22.685,22.0,4733805.0
2020-09-17,21.5,21.9,22.17,21.4,4542913.0
2020-09-18,22.09,21.42,22.09,21.24,5513565.0
2020-09-21,21.01,20.61,21.03,20.41,6529453.0
2020-09-22,20.97,20.82,21.0,20.505,7966151.0
2020-09-23,20.9,20.08,21.055,20.06,4578005.0
2020-09-24,19.92,20.31,20.71,19.79,5377312.0
2020-09-25,20.16,20.49,20.54,19.75,5166359.0
2020-09-28,20.97,21.725,21.75,20.81,5079528.0
2020-09-29,21.6,21.78,21.96,21.55,4780902.0
2020-09-30,21.7,21.69,22.065,21.61,3635804.0
2020-10-01,22.4,22.91,23.37,22.35,10092834.0
2020-10-02,21.95,22.44,22.93,21.91,6980671.0
2020-10-05,22.78,23.15,23.19,22.71,4960422.0
2020-10-06,23.18,22.89,23.49,22.67,5289035.0
2020-10-07,23.37,23.35,23.53,23.22,5890686.0
2020-10-08,25.0381,26.04,26.06,24.9,22188141.0
2020-10-09,26.1,26.35,26.84,25.51,14617746.0
2020-10-12,26.52,26.51,26.58,26.245,5826611.0
2020-10-13,26.36,25.905,26.41,25.76,7619449.0
2020-10-14,26.0,25.93,26.115,25.67,3884307.0
2020-10-15,25.28,26.07,26.12,25.084,5773593.0
2020-10-16,26.48,26.07,26.53,26.02,4486450.0
2020-10-19,26.11,26.21,26.59,25.9602,5466831.0
2020-10-20,26.07,26.1,26.44,25.905,5999762.0
2020-10-21,26.21,25.53,26.25,25.51,4547679.0
2020-10-22,25.69,25.92,26.0,25.455,3095486.0
2020-10-23,26.04,26.16,26.24,25.775,3608752.0
2020-10-26,25.77,25.55,25.865,25.19,7651034.0
2020-10-27,25.45,25.17,25.58,25.04,4011783.0
2020-10-28,24.62,24.54,24.75,24.23,4529668.0
2020-10-29,24.57,25.19,25.61,24.51,9795568.0
2020-10-30,24.99,25.09,25.26,24.56,10703795.0
2020-11-02,24.31,24.36,24.835,23.86,12688657.0
2020-11-03,25.03,25.05,25.37,24.71,8822905.0
2020-11-04,25.25,25.89,26.3,25.045,11950679.0
2020-11-05,26.38,26.45,26.66,25.9917,10102089.0
2020-11-06,26.49,26.58,27.08,26.26,7976674.0
2020-11-09,28.0,27.53,28.8,27.49,14243685.0
2020-11-10,27.5,27.09,27.9052,26.935,8515924.0
2020-11-11,27.31,27.93,28.4,27.31,8684965.0
2020-11-12,27.78,27.48,27.945,27.22,7139646.0
2020-11-13,27.95,28.055,28.4,27.79,7722638.0
2020-11-16,28.5,28.58,28.77,28.05,8538319.0
2020-11-17,28.27,28.16,28.4,27.74,6701299.0
2020-11-18,28.13,27.6,28.44,27.55,9452676.0
2020-11-19,27.42,27.85,27.94,27.32,7610577.0
2020-11-20,27.94,27.44,28.17,27.4,5843570.0
2020-11-23,27.77,28.41,28.58,27.615,8096427.0
2020-11-24,29.06,28.61,29.06,28.27,7779914.0
2020-11-25,28.37,28.58,29.12,28.09,7426826.0
2020-11-27,29.29,28.65,29.43,28.55,2672996.0
2020-11-30,28.79,28.75,28.99,28.34,6078857.0
2020-12-01,29.05,29.27,29.63,28.98,6168178.0
2020-12-02,28.86,28.96,29.13,28.74,4724090.0
2020-12-03,29.17,29.1,29.745,29.03,4657009.0
2020-12-04,29.46,29.92,30.04,29.15,7681586.0
2020-12-07,30.03,30.575,30.755,29.88,7978488.0
2020-12-08,31.95,31.39,32.6,31.24,16728298.0
2020-12-09,31.3,30.67,31.77,30.405,8556228.0
2020-12-10,30.7955,30.54,31.1,30.42,4962177.0
2020-12-11,30.45,30.66,30.8,30.2,4596400.0
2020-12-14,31.27,30.82,31.47,30.625,4359224.0
2020-12-15,31.47,31.37,31.48,31.14,4705373.0
2020-12-16,31.38,31.11,31.43,30.5881,4982522.0
2020-12-17,31.76,31.6,31.84,31.31,4898540.0
2020-12-18,31.67,31.54,32.095,31.31,6762291.0
2020-12-21,31.14,31.58,31.67,30.78,4855110.0
2020-12-22,31.93,31.85,32.05,31.54,4118153.0
2020-12-23,32.25,31.8,32.425,31.76,3794540.0
2020-12-24,32.0,31.99,32.16,31.695,1776077.0
2020-12-28,32.15,31.95,32.54,31.89,3676525.0
2020-12-29,32.215,31.66,32.23,31.26,4088053.0
2020-12-30,31.87,32.48,32.565,31.86,3839820.0
2020-12-31,32.5,32.73,32.93,32.29,3987746.0
2021-01-04,33.05,32.67,33.64,32.32,8090144.0
2021-01-05,32.5248,33.22,33.28,32.49,4261684.0
2021-01-06,33.29,34.06,34.77,33.29,9206147.0
2021-01-07,34.49,35.36,35.445,34.44,8294058.0
2021-01-08,36.11,35.52,36.6,35.12,6827478.0
2021-01-11,34.91,36.05,36.27,34.91,4746688.0
2021-01-12,36.35,36.41,36.935,36.02,11886322.0
2021-01-13,36.82,36.99,37.32,36.61,6420865.0
2021-01-14,37.25,37.9,38.25,37.12,9298971.0
2021-01-15,37.855,36.71,38.12,36.1,7565688.0
2021-01-19,37.7337,38.52,38.71,37.43,7666014.0
2021-01-20,39.15,37.94,39.43,37.685,10752822.0
2021-01-21,38.61,37.84,38.6599,37.56,6564137.0
2021-01-22,37.45,37.295,37.67,36.9,5252620.0
2021-01-25,37.6,36.97,37.74,36.1,6313861.0
2021-01-26,37.28,36.1,37.29,36.09,8546282.0
2021-01-27,35.05,34.07,35.15,33.78,12694774.0
2021-01-28,35.35,35.25,36.165,34.64,9481219.0
2021-01-29,35.25,34.49,35.625,34.405,7948455.0
2021-02-01,36.4,36.71,37.21,35.64,13481576.0
2021-02-02,37.53,36.85,37.9,36.465,6901655.0
2021-02-03,37.03,36.9,37.46,36.29,5916531.0
2021-02-04,36.91,38.11,38.16,36.8,7132721.0
2021-02-05,38.6,38.39,38.8,38.1,5631109.0
2021-02-08,38.92,39.81,39.96,38.72,7757466.0
2021-02-09,39.51,40.61,40.88,39.27,6584955.0
2021-02-10,41.64,39.93,41.66,39.54,8596829.0
2021-02-11,40.21,40.45,40.535,38.97,7925939.0
2021-02-12,40.7749,41.27,41.95,40.13,6511122.0
2021-02-16,42.0,41.85,42.33,41.465,5127537.0
2021-02-17,41.43,41.08,41.615,40.2,5227743.0
2021-02-18,40.44,39.87,40.63,39.35,4400625.0
2021-02-19,40.43,41.87,41.9181,40.43,8362956.0
2021-02-22,41.64,40.44,42.16,40.15,6879062.0
2021-02-23,39.4413,40.28,40.38,37.07,11498655.0
2021-02-24,40.01,40.66,40.77,39.28,7426506.0
2021-02-25,40.29,37.74,40.3692,37.39,6097500.0
2021-02-26,38.495,40.27,40.62,37.77,9916316.0
2021-03-01,42.0,42.27,42.38,41.02,8243210.0
2021-03-02,42.35,40.43,42.36,40.39,6270580.0
2021-03-03,40.79,39.68,41.0,39.27,5750402.0
2021-03-04,39.42,37.04,39.99,36.45,9117365.0
2021-03-05,38.07,38.81,38.92,34.79,10937482.0
2021-03-08,38.94,35.99,39.45,35.89,8818926.0
2021-03-09,37.53,37.93,38.245,37.42,12182353.0
2021-03-10,38.37,37.55,38.92,37.36,4775528.0
2021-03-11,38.8,38.8,39.13,38.29,7992945.0
2021-03-12,37.78,38.49,38.625,37.32,5551346.0
2021-03-15,38.79,39.27,39.27,38.3,5116447.0
2021-03-16,39.55,40.66,41.65,39.31,11908925.0
2021-03-17,39.91,41.83,42.075,39.82,7231456.0
2021-03-18,41.15,39.14,41.31,39.04,6866419.0
2021-03-19,39.26,40.09,40.4,38.46,8503843.0
2021-03-22,40.69,40.82,41.695,40.43,6926069.0
2021-03-23,40.64,38.58,41.05,38.17,6965096.0
2021-03-24,39.07,38.12,39.64,38.1,4613260.0
2021-03-25,36.95,38.19,38.54,36.68,7038295.0
2021-03-26,38.45,40.64,40.73,38.32,5919476.0
2021-03-29,40.04,39.1,40.22,38.41,5121389.0
2021-03-30,39.0,39.87,40.11,39.0,3782308.0
2021-03-31,40.6,41.61,42.025,40.51,7971678.0
2021-04-01,42.25,42.89,42.94,41.72,6700197.0
2021-04-05,43.33,44.03,44.19,42.865,6326751.0
2021-04-06,43.75,43.57,44.59,43.045,5954355.0
2021-04-07,43.51,42.93,43.6,42.5458,4416621.0
2021-04-08,43.3,43.06,43.59,42.7001,4483671.0
2021-04-09,42.47,42.96,42.985,42.35,3282009.0
2021-04-12,42.42,42.4,42.7,41.66,4151303.0
2021-04-13,42.54,42.04,42.85,41.55,3625321.0
2021-04-14,41.59,42.1,43.17,41.44,3889918.0
2021-04-15,42.44,42.63,42.9,41.94,3995006.0
2021-04-16,42.63,42.18,42.77,42.07,4630257.0
2021-04-19,42.0,41.07,42.53,40.58,4554869.0
2021-04-20,40.8989,39.7,40.97,39.375,7978315.0
2021-04-21,39.57,41.37,41.41,39.365,4518298.0
2021-04-22,41.86,40.93,41.8993,40.57,5697451.0
2021-04-23,41.36,42.55,42.87,41.36,4373960.0
2021-04-26,42.78,43.8,43.9399,42.59,5231457.0
2021-04-27,43.85,43.295,43.98,43.03,3608817.0
2021-04-28,43.11,41.45,43.2,41.34,10343976.0
2021-04-29,42.11,41.0,42.25,40.68,7572115.0
2021-04-30,40.15,39.0,40.54,38.75,11393025.0
2021-05-03,38.22,37.57,38.99,37.1,11020024.0
2021-05-04,37.97,37.25,37.99,36.22,11132261.0
2021-05-05,37.65,37.55,37.97,36.87,6034669.0
2021-05-06,37.4,37.59,37.69,36.38,4863286.0
2021-05-07,38.105,38.63,38.73,37.95,4580856.0
2021-05-10,38.71,37.02,38.71,36.95,6486801.0
2021-05-11,35.31,37.17,37.535,35.12,11405947.0
2021-05-12,37.4,35.67,37.6963,35.3432,12062642.0
2021-05-13,36.09,36.52,37.1,35.67,7666634.0
2021-05-14,36.92,37.45,37.995,36.67,6513797.0
2021-05-17,36.97,36.74,37.09,36.03,4972226.0
2021-05-18,37.16,36.69,37.33,36.66,3407885.0
2021-05-19,35.8619,37.46,37.62,35.65,6779516.0
2021-05-20,37.66,38.53,38.725,37.59,6788139.0
2021-05-21,38.7753,38.22,39.07,38.17,3513797.0
2021-05-24,38.57,39.34,39.495,38.45,4009114.0
2021-05-25,39.65,38.94,40.26,38.775,5168950.0
2021-05-26,39.2,39.0,39.5,38.66,3899444.0
2021-05-27,39.0,40.27,40.33,38.9,8160197.0
2021-05-28,40.4,40.04,40.525,39.84,5287188.0
2021-06-01,40.48,39.91,40.79,39.56,3615820.0
2021-06-02,39.8,39.39,39.84,39.23,3819264.0
2021-06-03,38.685,37.74,38.97,37.68,5372534.0
2021-06-04,38.17,38.21,38.515,37.96,5550120.0
2021-06-07,38.16,37.97,38.2,37.635,3493633.0
2021-06-08,38.34,37.59,38.49,37.05,3972365.0
2021-06-09,37.8,37.24,37.84,37.21,4355127.0
2021-06-10,37.28,37.77,38.255,37.215,6965694.0
2021-06-11,38.11,37.78,38.28,37.495,4232072.0
2021-06-14,37.86,38.32,38.58,37.47,8941891.0
2021-06-15,38.05,37.44,38.52,37.4,5318397.0
2021-06-16,37.56,37.29,37.92,36.885,4949281.0
2021-06-17,37.16,37.0,37.545,36.16,4238768.0
2021-06-18,36.35,35.78,36.47,35.17,8732060.0
2021-06-21,35.92,36.49,36.74,35.745,5839963.0
2021-06-22,36.43,36.84,36.91,35.97,5144309.0
2021-06-23,36.81,36.9,37.33,36.7,4975627.0
2021-06-24,37.14,37.76,37.835,37.14,3463005.0
2021-06-25,38.0,37.51,38.2,37.18,8988114.0
2021-06-28,37.86,38.66,38.76,37.6316,3916477.0
2021-06-29,38.65,38.76,38.96,38.44,3879763.0
2021-06-30,38.7,38.28,38.7426,37.95,4814225.0
2021-07-01,38.4,37.91,38.66,37.765,3678578.0
2021-07-02,38.27,38.4,38.46,37.96,3410072.0
2021-07-06,38.42,38.23,38.655,37.65,4612823.0
2021-07-07,38.56,37.07,38.56,36.97,3655537.0
2021-07-08,35.93,36.72,37.07,35.59,4988160.0
2021-07-09,37.11,37.75,37.855,36.56,2892447.0
2021-07-12,37.89,38.44,38.46,37.66,4250235.0
2021-07-13,38.31,37.92,38.3599,37.85,2840971.0
2021-07-14,38.42,37.66,39.1,37.6,3711669.0
2021-07-15,37.355,36.3,37.47,35.665,7195401.0
2021-07-16,36.79,35.15,36.79,35.055,5537717.0
2021-07-19,34.56,34.79,35.0499,34.01,5578112.0
2021-07-20,34.88,35.51,35.935,34.37,7289047.0
2021-07-21,35.92,36.87,37.035,35.8628,7055793.0
2021-07-22,36.39,35.87,36.59,35.77,3397249.0
2021-07-23,36.3,36.35,36.45,35.555,3666674.0
2021-07-26,36.0,36.69,36.755,35.99,3783054.0
2021-07-27,36.31,35.82,36.46,34.81,4434377.0
2021-07-28,36.08,37.06,37.37,35.97,5288184.0
2021-07-29,37.47,38.61,38.89,37.41,7263047.0
2021-07-30,38.0,39.06,39.47,38.0,7539990.0
2021-08-02,42.9347,43.64,45.179,42.29,17480179.0
2021-08-03,43.87,45.38,45.42,43.65,13185550.0
2021-08-04,45.25,45.67,46.29,45.25,7843404.0
2021-08-05,45.82,44.82,46.01,44.345,10222181.0
2021-08-06,45.23,45.28,45.6,44.49,6067452.0
2021-08-09,45.34,45.41,45.58,44.57,4751075.0
2021-08-10,45.42,44.39,45.5,44.1336,5634027.0
2021-08-11,44.31,44.79,44.84,43.86,3936850.0
2021-08-12,44.5,43.4,44.5,43.23,7309221.0
2021-08-13,43.26,43.45,43.53,42.86,6034407.0
2021-08-16,43.2,43.41,43.48,42.63,4012380.0
2021-08-17,42.98,41.98,42.98,41.35,5589317.0
2021-08-18,41.69,41.75,42.93,41.405,6442326.0
2021-08-19,41.25,40.98,41.8,40.85,7146900.0
2021-08-20,41.08,41.5,42.015,41.08,5450655.0
2021-08-23,42.16,42.43,42.87,41.76,4309507.0
2021-08-24,42.74,43.6,43.95,42.7,5570087.0
2021-08-25,43.71,43.51,44.18,43.362,5358233.0
2021-08-26,43.53,44.03,44.72,43.42,6355636.0
2021-08-27,43.9,45.5,45.75,43.9,5598915.0
2021-08-30,45.92,45.27,45.97,45.0,3469913.0
2021-08-31,45.23,44.36,45.29,43.92,6976229.0
2021-09-01,44.62,44.68,45.26,44.24,4716543.0
2021-09-02,44.86,45.4,45.49,44.455,3459832.0
2021-09-03,45.4,45.71,46.4,45.22,3663593.0
2021-09-07,45.8,45.66,45.89,45.09,4128910.0
2021-09-08,45.07,44.85,45.42,44.41,3559291.0
2021-09-09,45.0,45.24,45.78,44.81,2976589.0
2021-09-10,46.4,46.89,47.5871,46.06,6946815.0
2021-09-13,47.33,47.64,47.75,46.58,5018198.0
2021-09-14,48.05,47.85,48.46,47.27,5553444.0
2021-09-15,48.24,49.21,49.23,47.5688,5534041.0
2021-09-16,48.93,49.4,49.71,48.375,5785625.0
2021-09-17,49.29,48.89,49.4,48.0901,7267963.0
2021-09-20,47.31,47.67,47.68,46.76,5472615.0
2021-09-21,48.18,47.68,48.18,46.94,4289659.0
2021-09-22,48.0834,48.6,48.785,47.78,3825974.0
2021-09-23,48.745,49.36,49.78,48.5,3799981.0
2021-09-24,49.0,49.29,49.65,48.8714,3434543.0
2021-09-27,48.5679,49.48,49.73,48.5106,5005180.0
2021-09-28,48.34,47.33,48.46,46.96,7465198.0
2021-09-29,46.75,45.84,47.18,45.16,8159082.0
2021-09-30,46.235,45.77,46.77,45.68,4908915.0
2021-10-01,45.88,45.61,46.42,45.45,6209089.0
2021-10-04,45.31,44.89,45.6,44.65,4666714.0
2021-10-05,45.5,45.64,46.19,45.0,5068487.0
2021-10-06,44.775,44.7,45.4,44.355,3735710.0
2021-10-07,45.22,45.39,46.4,45.22,4553187.0
2021-10-08,45.68,44.48,45.76,44.421,3279486.0
2021-10-11,44.04,43.35,44.85,43.34,4143537.0
2021-10-12,43.76,42.35,43.85,42.06,6726220.0
2021-10-13,42.36,41.9,42.87,41.88,4630825.0
2021-10-14,42.6,43.01,43.18,42.515,6319791.0
2021-10-15,43.215,43.33,43.76,43.07,3750483.0
2021-10-18,43.1,44.16,44.22,43.0,4047133.0
2021-10-19,44.25,44.95,45.155,43.9,4420497.0
2021-10-20,44.9,45.56,45.93,44.9,4768357.0
2021-10-21,45.2356,46.32,46.37,45.2356,2759733.0
2021-10-22,46.35,45.97,46.865,45.89,3076427.0
2021-10-25,46.24,46.22,46.61,45.91,1930233.0
2021-10-26,46.82,45.14,46.82,45.05,3192772.0
2021-10-27,44.09,44.55,45.485,43.745,5390150.0
2021-10-28,45.67,47.1,47.57,45.36,7547711.0
2021-10-29,46.25,48.07,48.22,46.21,10021116.0
2021-11-01,53.75,54.99,55.57,51.33,23265155.0
2021-11-02,55.98,57.14,57.24,55.27,11103581.0
2021-11-03,57.375,57.85,58.5599,56.97,7836905.0
2021-11-04,58.27,59.86,59.9,57.54,9286686.0
2021-11-05,60.0,59.13,61.5199,58.24,7269884.0
2021-11-08,59.95,58.72,60.155,58.6,6016501.0
2021-11-09,58.91,58.2,59.1,57.39,4864694.0
2021-11-10,56.85,56.82,57.85,56.12,5782103.0
2021-11-11,57.92,58.2,59.24,57.565,4802795.0
2021-11-12,58.73,58.6,59.15,58.03,3038545.0
2021-11-15,59.6,59.2,60.37,58.44,4991645.0
2021-11-16,58.88,62.13,62.3,58.62,6342938.0
2021-11-17,62.15,62.4,62.56,61.265,7173470.0
2021-11-18,63.48,63.46,63.96,62.314,5479032.0
2021-11-19,63.1,63.34,63.9249,62.22,5342191.0
2021-11-22,64.04,61.71,64.04,61.36,5679854.0
2021-11-23,61.69,61.54,61.9904,60.525,6360626.0
2021-11-24,60.65,62.37,62.54,59.61,4098222.0
2021-11-26,60.43,60.3,61.07,59.145,4053657.0
2021-11-29,61.23,63.02,63.18,61.23,5530009.0
2021-11-30,62.64,61.43,63.9,61.0,5595923.0
2021-12-01,63.0506,61.7,65.47,61.63,8038833.0
2021-12-02,60.16,62.54,62.94,60.0,6614005.0
2021-12-03,64.465,64.05,65.99,62.62,9888044.0
2021-12-06,64.05,61.92,64.05,59.54,8607826.0
2021-12-07,63.58,65.45,66.785,63.17,8040897.0
2021-12-08,64.64,64.24,64.8,63.22,5308911.0
2021-12-09,64.11,63.3,65.25,62.87,5605522.0
2021-12-10,64.45,65.26,65.45,63.71,5139535.0
2021-12-13,65.59,62.58,65.9087,62.55,5783346.0
2021-12-14,61.6,62.98,63.13,61.21,4614168.0
2021-12-15,63.59,65.28,65.42,61.4479,7392808.0
2021-12-16,65.45,60.84,65.88,59.91,9498330.0
2021-12-17,60.1986,61.99,62.56,59.93,8965412.0
2021-12-20,60.64,60.94,61.3881,59.95,5998409.0
2021-12-21,62.34,64.79,64.9,62.34,9973504.0
2021-12-22,64.4,65.53,65.55,63.64,3839253.0
2021-12-23,65.96,66.76,67.27,65.5,7613267.0
2021-12-27,67.16,69.78,69.84,67.16,6981760.0
2021-12-28,69.91,68.32,70.27,68.15,4216222.0
2021-12-29,68.355,68.93,69.445,68.291,2573140.0
2021-12-30,68.85,67.61,69.13,67.44,2506623.0
2021-12-31,67.78,67.92,68.66,67.78,2489651.0
2022-01-03,68.53,70.17,70.33,67.77,7054518.0
2022-01-04,70.548,70.95,71.255,67.33,7792088.0
2022-01-05,69.662,67.42,70.6,66.97,7227192.0
2022-01-06,67.42,67.25,68.56,65.9,5442742.0
2022-01-07,67.5,64.56,68.48,64.18,6794388.0
2022-01-10,63.011,65.12,65.21,61.67,6096450.0
2022-01-11,65.066,65.93,66.18,64.5,4907886.0
2022-01-12,66.86,66.49,68.02,65.97,5361644.0
2022-01-13,67.52,64.64,68.2,64.47,6707910.0
2022-01-14,63.832,66.2,66.27,63.62,5890487.0
2022-01-18,64.06,63.03,65.1,62.87,6499105.0
2022-01-19,63.415,59.01,63.61,58.89,8193110.0
2022-01-20,59.43,55.54,59.7817,55.41,8818797.0
2022-01-21,55.2,54.73,57.58,54.6,8791146.0
2022-01-24,53.145,55.34,55.47,51.02,10171346.0
2022-01-25,53.27,53.32,55.415,52.97,8274157.0
2022-01-26,56.0577,55.76,58.6204,54.74,11956482.0
2022-01-27,56.4,53.67,58.0,53.06,8621848.0
2022-01-28,53.12,53.76,54.22,51.26,9879559.0
2022-01-31,54.97,59.0,59.02,54.6,9784484.0
2022-02-01,59.33,59.65,59.74,57.75,5488640.0
2022-02-02,60.6,61.08,61.33,59.2,7742575.0
2022-02-03,58.76,56.21,59.56,56.15,7940055.0
2022-02-04,56.43,57.42,57.8955,55.25,10143966.0
2022-02-07,59.875,62.26,64.22,59.31,20500359.0
2022-02-08,62.125,65.97,66.66,61.62,11581728.0
2022-02-09,66.27,67.08,67.13,64.63,9830493.0
2022-02-10,65.595,63.42,67.01,62.97,9463384.0
2022-02-11,63.43,58.97,63.72,58.31,12377872.0
2022-02-14,59.3,58.66,60.7,57.86,6847597.0
2022-02-15,59.89,62.24,62.33,59.89,6390252.0
2022-02-16,61.37,63.11,63.8,60.86,4197485.0
2022-02-17,61.79,60.19,61.99,59.981,6399755.0
2022-02-18,60.36,60.2,61.26,59.21,4596013.0
2022-02-22,58.8054,58.44,60.88,57.35,7242746.0
2022-02-23,59.48,57.75,61.13,57.5525,6119209.0
2022-02-24,54.88,61.08,61.29,54.47,7450289.0
2022-02-25,61.0,63.5,63.56,60.03,6917475.0
2022-02-28,61.82,62.61,63.115,61.03,6776993.0
2022-03-01,62.51,59.65,63.42,58.91,7336857.0
2022-03-02,60.545,62.87,63.33,60.33,6254233.0
2022-03-03,62.29,61.51,63.3,61.1705,5651920.0
2022-03-04,60.182,58.33,61.01,57.27,6569563.0
2022-03-07,58.1,53.52,58.89,53.5,10019277.0
2022-03-08,54.26,55.79,58.43,53.01,7527111.0
2022-03-09,58.38,58.43,58.94,57.14,5593527.0
2022-03-10,57.07,57.63,58.0028,55.995,2999149.0
2022-03-11,58.39,55.89,58.7,55.81,4233179.0
2022-03-14,55.4,53.91,56.215,53.28,6042896.0
2022-03-15,53.62,56.66,56.82,53.15,5979379.0
2022-03-16,57.77,60.11,60.66,57.31,6352412.0
2022-03-17,59.31,60.76,60.79,58.5,4880641.0
2022-03-18,60.02,61.93,62.36,59.71,10766091.0
2022-03-21,61.13,61.93,62.7217,60.66,4694327.0
2022-03-22,61.68,62.18,63.31,60.93,5471654.0
2022-03-23,61.9,60.39,62.251,60.08,4109046.0
2022-03-24,61.19,63.58,63.765,60.44,7553427.0
2022-03-25,63.6,63.81,63.95,61.7301,6190426.0
2022-03-28,63.67,65.32,65.4,62.955,6483023.0
2022-03-29,67.15,67.36,68.7,65.72,7137172.0
2022-03-30,67.1765,64.43,67.18,64.05,5658271.0
2022-03-31,64.385,62.61,65.38,62.53,6176415.0
2022-04-01,63.17,59.63,63.31,58.51,7009326.0
2022-04-04,60.03,59.59,60.7,58.63,7773759.0
2022-04-05,59.0,55.7,59.25,55.57,9531591.0
2022-04-06,54.53,53.7,54.98,53.01,8652679.0
2022-04-07,54.07,54.09,55.145,52.7,5857232.0
2022-04-08,53.44,52.73,54.0,52.15,5967081.0
2022-04-11,51.776,52.33,53.98,51.55,6789238.0
2022-04-12,54.0,53.14,55.04,52.805,6967202.0
2022-04-13,53.45,54.25,54.859,52.8,4001195.0
2022-04-14,54.33,53.26,54.515,53.24,3942648.0
2022-04-18,52.96,54.57,55.43,52.83,4539012.0
2022-04-19,54.87,56.38,56.445,54.575,4454139.0
2022-04-20,57.05,55.4,57.695,55.33,4904443.0
2022-04-21,56.46,53.26,57.47,52.85,6365979.0
2022-04-22,53.2,51.78,53.63,51.56,5455834.0
2022-04-25,51.45,53.48,53.53,51.0737,4328645.0
2022-04-26,52.86,51.36,53.27,51.3,4327864.0
2022-04-27,50.835,51.21,52.82,50.6,4782411.0
2022-04-28,52.5,54.48,54.99,51.6,6440886.0
2022-04-29,53.61,52.11,55.225,51.97,6886271.0
2022-05-02,53.87,55.62,55.799,52.25,11364115.0
2022-05-03,55.62,56.51,57.275,54.92,6933289.0
2022-05-04,57.0,58.92,58.93,54.8112,6496376.0
2022-05-05,57.8,55.23,57.91,54.35,8606294.0
2022-05-06,55.25,55.13,56.04,53.04,5843470.0
2022-05-09,53.55,50.82,54.6,50.57,7720547.0
2022-05-10,52.1,53.87,54.92,51.41,10675646.0
2022-05-11,52.87,51.77,55.35,51.64,6716205.0
2022-05-12,52.0,52.98,53.45,50.94,5759820.0
2022-05-13,54.35,56.18,56.62,54.1,6291183.0
2022-05-16,55.19,55.15,56.21,54.67,3797983.0
2022-05-17,56.68,58.5,58.67,56.58,5976622.0
2022-05-18,57.32,55.83,59.0749,55.33,6296749.0
2022-05-19,55.2,56.07,57.33,54.97,4941887.0
2022-05-20,57.54,56.46,57.65,53.85,6272139.0
2022-05-23,56.36,55.89,56.88,54.519,4018706.0
2022-05-24,54.78,54.5,55.32,53.56,4998823.0
2022-05-25,53.84,56.24,56.91,53.77,4124930.0
2022-05-26,55.65,59.33,59.54,55.5,5348730.0
2022-05-27,59.908,61.14,61.17,59.85,6779222.0
2022-05-31,60.97,60.68,61.84,59.43,7175012.0
2022-06-01,61.23,59.27,61.7,58.29,5488444.0
2022-06-02,59.01,63.59,63.85,58.897,9046137.0
2022-06-03,61.94,62.94,63.14,60.905,7173329.0
2022-06-06,67.16,66.01,67.185,64.08,21894799.0
2022-06-07,65.0,65.48,65.78,64.41,8354904.0
2022-06-08,64.95,63.81,65.78,63.64,8190782.0
2022-06-09,63.15,62.66,64.81,62.61,9903192.0
2022-06-10,60.35,60.14,62.02,59.65,9227952.0
2022-06-13,57.73,56.07,58.53,55.37,10050801.0
2022-06-14,56.55,56.65,57.39,55.9,7494574.0
2022-06-15,57.14,58.04,59.0,56.37,9288739.0
2022-06-16,56.22,53.46,56.3402,52.0,17643439.0
2022-06-17,53.78,52.46,54.015,50.885,93180905.0
2022-06-21,53.23,51.95,53.965,51.86,11186919.0
2022-06-22,50.905,51.01,52.05,49.8,9495362.0
2022-06-23,51.0601,50.47,51.2,49.82,8182715.0
2022-06-24,51.62,52.97,53.13,51.06,9146635.0
2022-06-27,53.93,54.17,54.82,52.55,6440232.0
2022-06-28,54.25,52.81,55.58,52.48,6716560.0
2022-06-29,52.15,51.12,52.18,50.24,6450643.0
2022-06-30,50.15,50.31,51.4767,49.3501,6871920.0
2022-07-01,49.29,46.84,49.5,46.555,11224422.0
2022-07-05,45.21,47.3,47.34,44.76,7772953.0
2022-07-06,47.37,47.61,48.04,45.97,7668794.0
2022-07-07,49.42,52.01,52.49,49.35,9846702.0
2022-07-08,51.2,53.47,53.93,51.02,7080001.0
2022-07-11,52.97,52.6,53.59,52.38,7503013.0
2022-07-12,52.67,52.77,53.59,52.3,4474223.0
2022-07-13,51.5,52.48,53.42,50.8101,5664114.0
2022-07-14,52.24,54.05,54.09,51.185,5358131.0
2022-07-15,54.31,56.07,56.11,53.58,7055178.0
2022-07-18,57.185,54.95,57.19,54.55,6459821.0
2022-07-19,55.89,58.78,59.06,55.8,9855752.0
2022-07-20,58.615,60.09,60.55,57.75,7305691.0
2022-07-21,60.0,61.17,61.21,59.29,4519362.0
2022-07-22,61.28,59.42,61.35,58.79,5484147.0
2022-07-25,59.17,59.34,59.8399,58.45,3483450.0
2022-07-26,58.85,58.25,60.12,58.08,4666321.0
2022-07-27,60.0,62.51,63.035,59.72,7814415.0
2022-07-28,62.87,64.56,64.68,61.84,6430928.0
2022-07-29,63.36,66.78,66.99,63.25,9698563.0
2022-08-01,64.26,63.66,66.79,62.64,16129269.0
2022-08-02,64.45,65.59,67.71,63.04,10420441.0
2022-08-03,65.895,68.83,69.26,65.54,8866748.0
2022-08-04,68.35,68.05,68.99,67.61,6202017.0
2022-08-05,66.82,67.63,68.2,65.8,7299498.0
2022-08-08,66.955,67.34,68.14,66.38,6289936.0
2022-08-09,65.34,63.08,65.47,61.72,11019391.0
2022-08-10,64.94,66.2,66.59,63.72,8889098.0
2022-08-11,66.875,66.36,68.74,65.9,7466058.0
2022-08-12,67.0,71.16,71.98,66.45,13408569.0
2022-08-15,70.02,71.24,72.15,69.937,5713005.0
2022-08-16,71.0,70.71,71.5,69.76,4728432.0
2022-08-17,69.18,68.29,69.29,66.76,8593647.0
2022-08-18,69.17,73.25,75.26,68.51,18696631.0
2022-08-19,71.8401,72.53,73.49,71.3472,9334894.0
2022-08-22,70.33,68.8,70.65,68.53,7528113.0
2022-08-23,69.13,71.25,71.52,69.13,5542305.0
2022-08-24,70.91,72.03,72.26,70.43,4300047.0
2022-08-25,72.24,76.71,76.78,72.12,8534069.0
2022-08-26,76.43,71.58,76.46,71.55,9243349.0
2022-08-29,70.73,69.52,72.0105,69.26,6966307.0
2022-08-30,70.61,68.97,70.77,67.39,8233720.0
2022-08-31,69.09,68.77,69.62,67.43,7077009.0
2022-09-01,66.712,68.22,68.58,65.47,9855152.0
2022-09-02,69.63,67.51,70.365,66.85,6662249.0
2022-09-06,67.75,66.05,67.79,65.03,6896297.0
2022-09-07,66.1,67.36,67.89,65.635,5836514.0
2022-09-08,66.66,70.55,70.61,66.385,9769241.0
2022-09-09,71.59,71.67,72.92,71.02,8264878.0
2022-09-12,71.95,71.9,72.33,70.67,5592445.0
2022-09-13,68.59,66.87,69.08,66.57,9889023.0
2022-09-14,67.72,68.57,69.0916,66.27,6009229.0
2022-09-15,68.21,68.15,69.49,67.21,4640140.0
2022-09-16,67.11,68.94,69.01,66.3,8521180.0
2022-09-19,67.61,70.16,70.89,67.52,6672944.0
2022-09-20,69.43,68.48,70.035,67.9251,5053686.0
2022-09-21,69.07,68.34,71.7686,68.32,6728773.0
2022-09-22,68.175,64.96,68.72,64.1693,6955518.0
2022-09-23,63.575,63.31,64.18,61.66,8228179.0
2022-09-26,62.91,62.7,65.17,62.6109,5272348.0
2022-09-27,64.36,64.29,65.06,62.74,4905937.0
2022-09-28,63.125,65.5,65.89,63.0343,5070524.0
2022-09-29,64.0,62.94,64.31,61.42,7078839.0
2022-09-30,62.72,62.33,64.71,62.29,5847534.0
2022-10-03,63.01,64.79,65.535,61.94,6357595.0
2022-10-04,66.995,68.92,68.94,66.79,6281872.0
2022-10-05,67.5,69.505,69.84,66.88,5887893.0
2022-10-06,69.63,70.25,71.5799,69.0603,6465426.0
2022-10-07,68.01,64.83,68.1738,63.11,10339315.0
2022-10-10,64.82,61.93,64.85,59.68,8861535.0
2022-10-11,60.72,59.47,60.88,58.3403,9114236.0
2022-10-12,58.85,58.95,59.68,58.18,4573714.0
2022-10-13,56.21,60.63,61.37,54.93,10023130.0
2022-10-14,61.74,57.77,61.94,57.62,6374545.0
2022-10-17,59.565,59.79,60.76,59.0162,5882533.0
2022-10-18,62.39,60.73,62.7,59.4718,5006902.0
2022-10-19,60.01,60.77,61.7399,59.6475,4201224.0
2022-10-20,61.0,61.52,63.255,60.44,5535188.0
2022-10-21,61.4,65.68,65.89,60.91,8204031.0
2022-10-24,66.48,65.35,66.9,63.99,5918725.0
2022-10-25,65.43,66.59,67.6,65.4,7056578.0
2022-10-26,65.07,67.74,68.54,64.41,9203792.0
2022-10-27,65.405,64.85,66.36,63.5,10071086.0
2022-10-28,64.82,67.48,67.77,63.57,9835737.0
2022-10-31,65.92,61.43,67.14,61.23,17974649.0
2022-11-01,62.73,61.74,63.8,61.53,8319113.0
2022-11-02,62.19,60.11,63.94,60.0,8275751.0
2022-11-03,59.4,59.19,60.86,58.43,6630321.0
2022-11-04,62.0,63.19,63.23,60.93,8120158.0
2022-11-07,64.1,65.47,65.88,62.65,6388335.0
2022-11-08,66.83,67.09,67.85,65.65,5588889.0
2022-11-09,65.58,63.83,66.67,63.34,6384686.0
2022-11-10,68.37,72.79,73.055,67.8897,10452909.0
2022-11-11,72.59,75.05,76.14,72.25,7264443.0
2022-11-14,74.31,72.83,77.2812,72.75,9269846.0
2022-11-15,75.87,74.3,76.26,73.085,7024950.0
2022-11-16,72.62,70.29,72.65,70.235,7869502.0
2022-11-17,68.2,71.11,71.865,67.65,5802718.0
2022-11-18,72.835,72.46,73.15,71.425,4745473.0
2022-11-21,71.35,71.15,72.0,70.52,4135690.0
2022-11-22,72.09,73.74,73.81,71.42,4756527.0
2022-11-23,73.67,74.0,76.05,73.48,4304114.0
2022-11-25,73.8,73.4,74.61,73.37,2005984.0
2022-11-28,72.16,69.96,72.84,69.54,6495471.0
2022-11-29,70.37,70.72,71.36,69.6,3992023.0
2022-11-30,70.85,75.2,75.31,69.7613,7606480.0
2022-12-01,75.5,73.99,75.92,72.771,4904585.0
2022-12-02,71.825,73.04,73.12,70.96,4801242.0
2022-12-05,72.77,71.57,73.21,70.52,4064818.0
2022-12-06,71.86,69.74,71.86,69.19,4905695.0
2022-12-07,68.76,70.14,70.89,68.43,3030504.0
2022-12-08,71.2,72.16,73.23,70.685,4364634.0
2022-12-09,71.05,70.53,72.24,70.36,3530212.0
2022-12-12,69.69,70.99,71.0,68.91,5151743.0
2022-12-13,74.88,71.56,74.9,70.43,4856186.0
2022-12-14,71.17,67.59,71.55,67.01,10941625.0
2022-12-15,65.65,64.26,66.17,63.52,12352840.0
2022-12-16,63.9,65.38,65.81,63.52,8463410.0
2022-12-19,65.45,64.15,65.76,62.895,6366709.0
2022-12-20,63.34,64.03,64.98,62.61,4571225.0
2022-12-21,64.735,65.04,66.05,64.63,5063329.0
2022-12-22,63.28,62.12,63.28,60.68,9874712.0
2022-12-23,61.44,62.39,62.54,60.69,3351499.0
2022-12-27,61.94,61.36,62.17,60.98,5072470.0
2022-12-28,60.71,60.28,61.8,59.7679,3576359.0
2022-12-29,61.85,62.71,63.05,61.09,5253409.0
2022-12-30,61.53,62.37,62.44,60.87,2650184.0
2023-01-03,63.95,61.61,64.14,61.07,4364519.0
2023-01-04,62.68,62.2,63.39,61.15,6189656.0
2023-01-05,61.12,59.74,63.77,59.61,9253774.0
2023-01-06,60.85,62.47,62.74,59.75,7144436.0
2023-01-09,64.6,64.65,66.29,64.23,6407958.0
2023-01-10,61.55,64.27,64.45,61.3,8248195.0
2023-01-11,64.46,64.63,64.85,63.08,4889074.0
2023-01-12,65.0,64.93,65.6,63.29,4807152.0
2023-01-13,64.4,65.15,65.22,63.28,3409021.0
2023-01-17,65.29,65.87,66.73,64.57,3902213.0
2023-01-18,67.34,66.33,68.52,66.1,5834299.0
2023-01-19,65.72,63.49,65.88,63.2,5883596.0
2023-01-20,64.68,66.26,66.4,63.9087,5133428.0
2023-01-23,67.67,70.8,71.27,67.39,7583255.0
2023-01-24,70.0,70.08,71.2,69.25,4543380.0
2023-01-25,68.955,71.81,71.86,68.76,5100561.0
2023-01-26,72.89,73.68,73.9,71.155,5875410.0
2023-01-27,73.53,73.67,74.82,73.22,4376469.0
2023-01-30,72.72,71.02,73.23,70.86,4783374.0
2023-01-31,71.2,73.45,73.48,71.07,5066729.0
2023-02-01,73.92,77.84,78.5,73.69,9111222.0
2023-02-02,78.97,82.12,82.22,78.145,9221350.0
2023-02-03,80.0,80.89,83.25,79.4,8475441.0
2023-02-06,77.752,80.4,84.7,77.5,15910323.0
2023-02-07,81.06,85.53,86.15,80.84,11489164.0
2023-02-08,84.27,83.6,85.2,82.93,9982492.0
2023-02-09,85.13,84.75,87.55,83.97,9180102.0
2023-02-10,83.76,83.8,84.11,82.2,6678158.0
2023-02-13,84.63,84.38,84.765,83.66,5708520.0
2023-02-14,83.595,86.88,87.405,83.35,6033126.0
2023-02-15,85.67,86.71,87.02,85.46,6711540.0
2023-02-16,85.12,84.13,86.68,83.875,5871810.0
2023-02-17,83.39,81.86,83.63,80.38,7136689.0
2023-02-21,80.4,79.28,81.76,79.05,6312844.0
2023-02-22,79.45,78.56,79.91,77.68,5674893.0
2023-02-23,79.375,78.39,79.91,76.19,14747876.0
2023-02-24,77.102,76.28,77.12,75.52,16699950.0
2023-02-27,77.69,77.73,78.7999,76.63,6844516.0
2023-02-28,77.51,77.41,78.73,76.82,6796314.0
2023-03-01,78.12,78.23,79.24,77.31,4733304.0
2023-03-02,73.56,76.75,77.315,72.0,14200393.0
2023-03-03,76.98,78.94,79.07,76.05,6046658.0
2023-03-06,79.465,77.41,79.81,76.98,4968026.0
2023-03-07,78.03,78.7,79.6,77.83,6445460.0
2023-03-08,79.72,83.1,83.4,79.62,8939427.0
2023-03-09,82.875,81.41,84.97,81.26,8241954.0
2023-03-10,82.34,78.38,82.6,77.5284,6366526.0
2023-03-13,76.71,77.75,79.14,76.37,6913780.0
2023-03-14,80.16,81.2,82.75,79.47,6098815.0
2023-03-15,79.11,78.0,79.85,76.14,7514841.0
2023-03-16,77.63,80.5,80.85,77.0,7266482.0
2023-03-17,80.305,78.28,80.53,77.7,6981769.0
2023-03-20,78.73,79.98,80.52,77.59,4822238.0
2023-03-21,80.89,81.35,82.87,79.81,4828252.0
2023-03-22,81.52,78.82,82.39,78.41,5511940.0
2023-03-23,80.12,80.97,82.87,78.79,6181490.0
2023-03-24,79.82,77.81,80.48,77.1,5794099.0
2023-03-27,78.05,75.67,78.18,74.47,10190966.0
2023-03-28,75.1,76.53,77.71,73.69,12414143.0
2023-03-29,78.28,79.87,80.69,77.182,7228351.0
2023-03-30,81.03,81.83,82.52,80.57,6133079.0
2023-03-31,81.58,82.32,82.55,81.04,5852335.0
2023-04-03,81.715,81.14,82.21,79.88,4431067.0
2023-04-04,81.51,78.49,81.51,77.84,5617946.0
2023-04-05,77.46,76.54,77.875,75.42,4944307.0
2023-04-06,75.24,75.34,76.3701,74.39,3530706.0
2023-04-10,74.65,77.7,77.88,74.54,4284608.0
2023-04-11,78.63,77.22,78.93,77.05,3608691.0
2023-04-12,78.78,76.46,78.79,76.32,4850294.0
2023-04-13,76.67,77.59,78.11,75.9032,3290259.0
2023-04-14,77.6,77.92,79.42,76.6,3725291.0
2023-04-17,77.085,78.41,78.565,76.69,3808807.0
2023-04-18,79.23,79.21,80.07,78.37,4168431.0
2023-04-19,78.145,76.92,78.65,76.365,4336241.0
2023-04-20,73.28,74.26,75.77,72.18,7685331.0
2023-04-21,74.0,73.74,74.21,73.02,4078275.0
2023-04-24,73.77,74.38,74.39,73.19,2845158.0
2023-04-25,73.3,70.35,73.5,70.27,7889329.0
2023-04-26,71.54,71.95,72.44,70.53,5871271.0
2023-04-27,68.68,69.98,70.08,66.67,14023824.0
2023-04-28,69.97,71.96,72.055,68.84,10274838.0
2023-05-01,74.885,78.33,78.9779,74.17,16264736.0
2023-05-02,79.38,79.17,81.3817,77.87,8329002.0
2023-05-03,79.05,78.58,80.37,78.43,5127142.0
2023-05-04,78.0,77.83,79.26,77.09,5189413.0
2023-05-05,77.66,81.22,81.58,77.33,7088138.0
2023-05-08,81.24,80.52,81.72,79.58,3421550.0
2023-05-09,79.21,78.81,79.94,77.47,4736883.0
2023-05-10,80.5,79.87,80.72,78.87,5187101.0
2023-05-11,79.42,80.32,80.75,78.42,4438204.0
2023-05-12,81.22,81.34,83.04,80.07,6478911.0
2023-05-15,81.76,82.39,82.46,80.555,6125195.0
2023-05-16,82.01,83.04,85.39,81.71,10998999.0
2023-05-17,84.63,85.63,86.9,82.11,12764700.0
2023-05-18,86.0,86.49,87.07,84.91,7624180.0
2023-05-19,86.19,84.36,86.46,83.58,8190589.0
2023-05-22,83.91,85.24,85.59,83.709,5091486.0
2023-05-23,84.33,82.54,84.645,81.8,6675670.0
2023-05-24,80.14,79.79,80.86,78.35,8641772.0
2023-05-25,80.12,82.0,82.71,77.92,9598511.0
2023-05-26,82.87,86.62,87.77,82.83,10518744.0
2023-05-30,89.35,83.97,89.835,83.45,9087879.0
2023-05-31,82.35,83.6,85.245,81.995,9835590.0
2023-06-01,84.94,87.95,88.308,84.05,6930658.0
2023-06-02,88.8,86.83,89.44,85.87,5137305.0
2023-06-05,87.08,85.63,87.24,84.95,3770612.0
2023-06-06,85.55,88.48,89.11,85.52,5217940.0
2023-06-07,89.14,89.24,92.13,89.03,7824730.0
2023-06-08,89.86,89.99,90.71,88.71,4131106.0
2023-06-09,91.76,89.02,92.6811,88.11,6365415.0
2023-06-12,90.19,91.06,91.3567,89.36,6531350.0
2023-06-13,92.04,92.67,93.44,91.3401,7615147.0
2023-06-14,92.12,92.74,93.35,90.6683,7149139.0
2023-06-15,91.29,91.0,92.0,90.65,8116426.0
2023-06-16,91.79,90.15,92.075,89.61,28125294.0
2023-06-20,89.55,89.38,90.88,88.21,5848159.0
2023-06-21,88.77,88.07,89.79,87.56,4972954.0
2023-06-22,87.07,88.95,89.26,87.0,4636306.0
2023-06-23,86.9404,87.52,87.98,86.2,9135144.0
2023-06-26,88.638,88.62,90.0,87.965,4250708.0
2023-06-27,88.63,91.87,91.95,88.1,5379952.0
2023-06-28,90.62,91.21,92.78,90.57,4346659.0
2023-06-29,92.0,92.08,92.32,90.72,3831248.0
2023-06-30,93.0,94.58,95.3171,92.61,5395351.0
2023-07-03,95.46,96.83,96.85,94.72,3602015.0
2023-07-05,95.51,92.95,95.93,92.8711,5814695.0
2023-07-06,91.66,92.61,92.72,90.69,4687825.0
2023-07-07,93.34,93.3,94.81,92.35,4145373.0
2023-07-10,93.98,95.98,96.03,93.55,4799253.0
2023-07-11,97.34,96.64,97.515,95.18,3961981.0
2023-07-12,98.37,98.63,98.98,97.138,4783522.0
2023-07-13,99.39,102.04,102.305,98.63,6467424.0
2023-07-14,102.0,99.68,102.65,99.105,4976914.0
2023-07-17,99.8,104.33,104.88,99.5,6872763.0
2023-07-18,104.06,104.84,105.35,102.9,5224677.0
2023-07-19,104.81,101.91,104.81,101.88,6101166.0
2023-07-20,100.17,97.3,101.5175,96.295,9221169.0
2023-07-21,98.41,98.76,99.29,97.75,10007795.0
2023-07-24,96.334,97.69,98.06,95.88,5177562.0
2023-07-25,98.46,100.04,101.57,98.29,5920033.0
2023-07-26,99.32,99.25,100.33,97.96,5532188.0
2023-07-27,103.06,102.11,104.53,100.8,7432406.0
2023-07-28,103.7,105.09,105.39,102.5,7613682.0
2023-07-31,109.74,107.75,111.35,107.08,14155494.0
2023-08-01,107.73,108.09,109.41,106.6,5446941.0
2023-08-02,106.89,103.57,107.16,103.12,6910153.0
2023-08-03,101.45,102.7,102.95,100.4,6054423.0
2023-08-04,101.43,102.31,103.71,100.48,6470912.0
2023-08-07,104.0,103.59,104.87,102.685,4112646.0
2023-08-08,102.33,101.38,102.33,99.9,4184156.0
2023-08-09,101.37,99.09,101.52,98.875,4853963.0
2023-08-10,100.55,97.73,101.1509,97.06,4730657.0
2023-08-11,96.51,94.57,96.7,94.31,5443411.0
2023-08-14,94.2,97.12,97.15,93.566,5280586.0
2023-08-15,96.21,94.13,96.41,93.89,4850655.0
2023-08-16,94.29,92.18,94.5799,92.03,5262289.0
2023-08-17,92.09,90.03,92.68,89.91,6768920.0
2023-08-18,89.035,90.73,91.23,88.63,4647671.0
2023-08-21,91.5,93.03,93.52,91.23,4580909.0
2023-08-22,94.86,92.37,95.18,92.14,3918416.0
2023-08-23,90.77,92.88,93.36,90.39,5768911.0
2023-08-24,94.49,89.96,94.66,89.73,6014907.0
2023-08-25,90.63,92.32,92.78,89.73,4662007.0
2023-08-28,93.13,93.63,94.495,92.98,3899702.0
2023-08-29,93.18,97.61,97.88,93.0,5691437.0
2023-08-30,97.2,98.85,99.44,96.57,4351172.0
2023-08-31,98.61,98.46,100.29,98.18,5804511.0
2023-09-01,99.31,99.4,99.85,97.745,3234391.0
2023-09-05,99.23,99.31,100.21,97.17,3137903.0
2023-09-06,99.3,99.49,101.3,97.74,3367797.0
2023-09-07,97.46,98.51,99.1481,96.1153,4723084.0
2023-09-08,98.75,97.92,99.755,96.94,3600209.0
2023-09-11,99.18,97.85,99.37,95.95,3923927.0
2023-09-12,96.62,96.79,99.45,96.42,3411657.0
2023-09-13,96.82,96.83,98.58,96.385,4060694.0
2023-09-14,97.94,96.47,98.07,94.8001,5544914.0
2023-09-15,95.72,93.1,95.87,92.27,9749437.0
2023-09-18,92.0,94.6,94.92,92.0,3295436.0
2023-09-19,94.53,94.24,94.87,92.93,3422756.0
2023-09-20,94.97,92.84,95.69,92.79,2899498.0
2023-09-21,91.77,90.93,92.37,90.83,5112286.0
2023-09-22,92.16,93.81,94.7,91.95,5174587.0
2023-09-25,92.98,94.46,95.0703,92.515,2773344.0
2023-09-26,93.42,90.15,93.71,89.28,6590567.0
2023-09-27,91.3,92.05,92.765,90.21,4679653.0
2023-09-28,92.14,94.05,95.64,91.427,4385004.0
2023-09-29,95.5,92.95,95.67,92.76,4214854.0
2023-10-02,93.95,93.37,95.64,92.04,3943028.0
2023-10-03,92.04,89.76,92.83,88.3501,6101300.0
2023-10-04,87.5,89.99,90.71,87.31,7263599.0
2023-10-05,89.74,88.17,90.25,86.94,4075910.0
2023-10-06,87.77,90.93,91.495,86.84,4095928.0
2023-10-09,89.8,90.93,91.18,89.0901,2225023.0
2023-10-10,91.9,93.32,94.1899,91.56,4313075.0
2023-10-11,93.53,95.14,95.2,93.38,3877213.0
2023-10-12,95.35,93.05,95.59,92.28,5602671.0
2023-10-13,93.77,89.14,93.92,88.82,5441341.0
2023-10-16,89.83,91.69,92.05,89.52,4814380.0
2023-10-17,90.07,91.69,92.8568,90.0,4730148.0
2023-10-18,90.0,89.59,90.6,88.625,5338106.0
2023-10-19,90.0,87.01,90.09,86.55,5609607.0
2023-10-20,87.0,84.83,87.695,83.85,7076962.0
2023-10-23,84.07,83.61,85.32,82.9,5548440.0
2023-10-24,84.09,85.09,85.78,83.63,5267958.0
2023-10-25,82.85,81.16,84.25,80.62,8726749.0
2023-10-26,82.77,82.79,84.57,82.01,8230571.0
2023-10-27,84.27,83.52,84.57,82.65,10637360.0
2023-10-30,73.29,65.34,73.59,64.99,39759830.0
2023-10-31,64.18,62.64,65.03,61.72,22213194.0
2023-11-01,62.5,64.84,64.86,61.47,15562932.0
2023-11-02,65.92,66.63,67.34,64.28,12027243.0
2023-11-03,67.37,68.25,68.88,66.87,11674014.0
2023-11-06,68.65,66.23,68.96,65.42,9262337.0
2023-11-07,66.28,66.8,67.4613,65.8,9650055.0
2023-11-08,66.77,66.25,66.825,65.46,8908590.0
2023-11-09,66.28,64.35,66.5,64.03,10547999.0
2023-11-10,65.5,67.38,67.84,65.14,7930479.0
2023-11-13,66.37,66.65,66.82,65.75,7078804.0
2023-11-14,69.35,69.96,70.6869,69.08,9083560.0
2023-11-15,71.04,71.13,72.9,70.86,6129993.0
2023-11-16,70.91,69.46,71.07,69.02,6018879.0
2023-11-17,69.73,70.03,70.31,69.065,4047333.0
2023-11-20,69.96,70.68,70.75,69.72,4342663.0
2023-11-21,70.04,68.39,70.23,68.15,5998712.0
2023-11-22,68.88,68.56,69.82,68.24,4376145.0
2023-11-24,68.64,69.28,69.45,68.61,1718017.0
2023-11-27,68.9,68.68,69.54,68.42,4041563.0
2023-11-28,68.72,69.1,69.44,68.23,4426016.0
2023-11-29,70.45,71.62,73.22,70.395,7747912.0
2023-11-30,72.16,71.33,72.42,70.66,7154855.0
2023-12-01,71.25,74.18,74.24,70.885,6068132.0
2023-12-04,73.26,73.1,74.165,71.73,5499775.0
2023-12-05,72.64,72.28,72.91,71.45,3368387.0
2023-12-06,73.65,73.44,74.75,73.15,5200967.0
2023-12-07,73.76,75.84,76.31,73.63,6248227.0
2023-12-08,75.57,76.14,77.245,75.52,4584062.0
2023-12-11,76.68,79.4,80.2,76.45,7903478.0
2023-12-12,78.81,78.39,78.9,77.57,6312985.0
2023-12-13,78.96,81.06,81.62,77.86,5768535.0
2023-12-14,82.5,86.21,86.46,82.46,11343593.0
2023-12-15,85.64,85.65,86.7673,84.5,16805547.0
2023-12-18,85.0,83.76,85.24,82.76,6349578.0
2023-12-19,83.76,84.74,85.0,83.54,4392196.0
2023-12-20,84.0,81.17,84.96,81.13,6142870.0
2023-12-21,83.0,83.65,84.05,82.66,4493914.0
2023-12-22,83.9,84.01,84.47,82.99,2432325.0
2023-12-26,84.5,85.47,85.975,84.15,3223567.0
2023-12-27,85.84,85.05,86.1,84.6,3440745.0
2023-12-28,85.0,84.98,85.5,84.26,3063787.0
2023-12-29,85.07,83.53,85.14,82.89,4193773.0
2024-01-02,82.77,81.45,83.72,80.28,7943191.0
2024-01-03,79.38,79.31,79.7757,77.56,6156558.0
2024-01-04,75.85,76.2,77.985,74.8,10669993.0
2024-01-05,76.16,75.7,77.09,75.07,6839899.0
2024-01-08,76.34,77.94,78.72,76.17,6371295.0
2024-01-09,76.6,77.03,77.89,75.76,7559794.0
2024-01-10,76.0,75.61,76.35,73.17,11842820.0
2024-01-11,75.59,74.43,75.9,72.944,10264343.0
2024-01-12,74.2,73.47,75.33,73.25,5099133.0
2024-01-16,73.13,73.8,74.8317,72.55,6901816.0
2024-01-17,72.32,72.27,72.4,70.7,8164268.0
2024-01-18,74.01,73.22,74.56,71.93,11314627.0
2024-01-19,74.2,73.87,74.48,72.595,12681976.0
2024-01-22,74.5,75.19,76.62,74.36,7961262.0
2024-01-23,75.98,76.75,77.07,75.29,6936856.0
2024-01-24,76.27,75.15,77.47,75.0,8803562.0
2024-01-25,75.86,72.69,75.96,72.31,12997160.0
2024-01-26,72.1,71.71,73.6,71.46,10023252.0
2024-01-29,72.25,73.02,73.02,71.67,8614620.0
2024-01-30,72.91,72.57,73.6,72.17,6609602.0
2024-01-31,71.43,71.13,73.06,70.72,7175750.0
2024-02-01,71.6,70.19,71.95,69.25,9565161.0
2024-02-02,69.2,70.83,71.14,68.78,9865430.0
2024-02-05,75.6,77.59,78.75,75.44,15999445.0
2024-02-06,77.03,76.32,77.37,74.8977,11111105.0
2024-02-07,77.04,76.96,77.48,75.09,7464887.0
2024-02-08,77.13,80.71,80.93,77.13,8992123.0
2024-02-09,81.39,80.8,81.59,79.71,6266626.0
2024-02-12,81.0,80.92,83.43,80.68,6575283.0
2024-02-13,78.0,78.59,79.66,77.155,7442466.0
2024-02-14,79.91,81.67,81.82,79.21,8508159.0
2024-02-15,82.23,80.62,82.6,80.45,5519821.0
2024-02-16,80.94,78.64,81.215,78.19,4910305.0
2024-02-20,77.42,77.47,77.95,76.23,5255281.0
2024-02-21,76.37,77.62,77.71,76.12,5597985.0
2024-02-22,79.588,78.36,79.59,77.45,8038454.0
2024-02-23,78.1,76.19,78.38,76.19,5996788.0
2024-02-26,76.87,77.57,78.305,76.36,4435928.0
2024-02-27,78.5,76.97,79.81,76.97,4919216.0
2024-02-28,75.96,76.47,77.21,75.56,3362183.0
2024-02-29,77.615,78.92,79.08,77.04,7597728.0
2024-03-01,79.16,81.14,82.33,78.77,6852466.0
2024-03-04,81.76,79.88,81.95,79.43,5362050.0
2024-03-05,78.4,76.99,79.27,75.72,6556352.0
2024-03-06,78.81,77.62,79.39,77.06,8108775.0
2024-03-07,77.83,82.96,85.16,77.83,10642420.0
2024-03-08,82.44,78.95,83.64,78.9,7834494.0
2024-03-11,78.66,81.6,81.6,78.11,6604190.0
2024-03-12,82.3,82.59,82.65,80.29,5919719.0
2024-03-13,81.13,79.89,82.33,79.695,5260893.0
2024-03-14,79.43,77.17,79.69,76.15,6778756.0
2024-03-15,74.44,74.87,76.2799,74.44,9727054.0
2024-03-18,75.49,73.82,75.72,73.73,5860263.0
2024-03-19,73.16,74.04,74.56,72.85,4609674.0
2024-03-20,73.64,75.57,76.05,73.08,5947078.0
2024-03-21,76.83,75.78,77.41,75.17,5929716.0
2024-03-22,75.0,74.68,75.74,73.865,3345768.0
2024-03-25,72.2,73.54,74.5499,72.12,5462657.0
2024-03-26,74.0,72.89,74.16,72.67,5876643.0
2024-03-27,73.92,75.61,75.77,73.0,6723557.0
2024-03-28,75.43,73.55,76.08,73.38,7408866.0
2024-04-01,73.89,73.85,74.89,73.135,4601409.0
2024-04-02,71.8,70.48,72.0,70.31,7107288.0
2024-04-03,70.29,70.73,71.51,69.8701,5308713.0
2024-04-04,71.39,69.1,72.54,68.8006,7280107.0
2024-04-05,69.1,69.32,69.6699,68.112,7565480.0
2024-04-08,69.31,68.75,70.36,68.58,3915062.0
2024-04-09,69.83,70.94,71.98,69.64,6344848.0
2024-04-10,69.23,69.23,70.02,68.39,4859446.0
2024-04-11,69.64,70.6,70.77,69.06,5206664.0
2024-04-12,69.19,66.64,69.38,66.565,7453643.0
2024-04-15,67.85,65.64,67.95,64.88,7077440.0
2024-04-16,65.4,64.72,65.5,64.06,5214678.0
2024-04-17,65.28,64.47,65.87,64.11,6826364.0
2024-04-18,63.01,62.93,63.77,61.51,8437310.0
2024-04-19,61.15,60.71,62.51,60.26,9859218.0
2024-04-22,61.02,60.65,61.31,59.34,7414875.0
2024-04-23,60.58,61.68,61.98,60.37,6917518.0
2024-04-24,67.17,65.53,67.45,64.33,12812255.0
2024-04-25,65.55,66.38,67.32,65.47,9329903.0
2024-04-26,66.22,68.06,68.96,66.17,12858958.0
2024-04-29,68.0,70.82,71.44,67.58,13468215.0
2024-04-30,70.0,70.16,72.75,69.9424,8420800.0
2024-05-01,68.99,69.01,71.92,68.76,8882003.0
2024-05-02,70.22,70.01,70.85,68.06,6509061.0
2024-05-03,71.65,70.37,72.26,69.98,6516692.0
2024-05-06,70.68,69.67,70.99,69.01,6051433.0
2024-05-07,70.46,70.79,72.44,70.27,6889973.0
2024-05-08,69.65,70.67,70.74,69.07,4102604.0
2024-05-09,70.51,71.26,71.84,70.29,5471858.0
2024-05-10,71.78,70.46,71.78,69.925,3669913.0
2024-05-13,71.289,72.33,73.06,71.01,4431673.0
2024-05-14,73.23,72.99,74.14,72.64,4888074.0
2024-05-15,74.42,74.74,74.84,72.88,6415302.0
2024-05-16,74.46,73.0,74.65,72.92,5427930.0
2024-05-17,73.43,73.17,73.86,72.695,3844341.0
2024-05-20,73.07,74.28,74.795,72.88,4496907.0
2024-05-21,73.15,72.82,73.35,72.15,4332088.0
2024-05-22,74.24,76.29,77.2,73.91,8191284.0
2024-05-23,76.67,71.65,76.73,71.29,9592018.0
2024-05-24,72.46,72.56,73.23,71.82,5172367.0
2024-05-28,72.43,73.65,75.34,72.42,5794410.0
2024-05-29,71.95,71.01,72.52,70.89,4961372.0
2024-05-30,71.05,72.11,72.47,70.61,3570811.0
2024-05-31,71.85,73.04,73.2,70.64,5736022.0
2024-06-03,74.01,73.19,74.49,71.35,3653701.0
2024-06-04,73.05,71.52,73.45,70.901,3717964.0
2024-06-05,72.45,74.54,74.6,71.86,6266021.0
2024-06-06,74.18,72.45,74.25,72.2977,6564460.0
2024-06-07,72.3,72.31,72.56,71.21,3829985.0
2024-06-10,71.59,73.5,73.99,71.5,5328248.0
2024-06-11,73.12,73.98,74.44,72.16,4292109.0
2024-06-12,75.5,76.22,77.22,75.11,6673660.0
2024-06-13,74.17,75.04,76.7,74.0,4777505.0
2024-06-14,73.34,71.97,73.96,71.5,4527255.0
2024-06-17,71.89,70.73,71.93,69.38,6763459.0
2024-06-18,70.61,70.73,71.4505,70.36,4318617.0
2024-06-20,69.18,67.63,69.675,67.18,8418683.0
2024-06-21,67.82,68.52,69.09,67.5,9842250.0
2024-06-24,68.2,67.79,69.38,67.48,4970844.0
2024-06-25,68.13,67.84,68.54,66.7602,4491674.0
2024-06-26,67.52,68.17,68.63,67.465,3592546.0
2024-06-27,67.85,67.86,68.39,67.35,3806641.0
2024-06-28,68.19,68.55,69.38,67.7975,5258075.0
2024-07-01,68.96,69.18,69.87,67.79,4692336.0
2024-07-02,70.1,72.92,72.96,70.1,5796669.0
2024-07-03,73.36,72.68,74.6,72.352,3906417.0
2024-07-05,73.15,73.38,74.67,72.77,3028792.0
2024-07-08,73.12,75.01,75.15,73.04,4717102.0
2024-07-09,74.56,73.48,74.575,72.37,5861973.0
2024-07-10,74.44,76.59,76.72,74.19,5685496.0
2024-07-11,75.89,74.24,76.99,74.19,7403591.0
2024-07-12,74.855,76.87,78.31,74.34,5950442.0
2024-07-15,75.76,76.37,77.91,75.53,4889854.0
2024-07-16,76.65,78.74,78.76,76.14,3555318.0
2024-07-17,77.32,75.46,78.01,75.28,9930957.0
2024-07-18,76.29,75.43,77.95,74.96,5717726.0
2024-07-19,75.03,72.53,75.37,72.02,6339637.0
2024-07-22,75.34,77.33,77.56,73.7647,7758542.0
2024-07-23,75.0,73.39,75.39,72.82,7557785.0
2024-07-24,73.1,70.11,73.69,69.95,8138503.0
2024-07-25,67.84,67.54,70.72,66.78,9670802.0
2024-07-26,69.15,70.17,70.78,68.66,7765453.0
2024-07-29,75.9,78.27,80.08,75.5,22288667.0
2024-07-30,77.8,73.97,78.19,73.76,11851720.0
2024-07-31,75.8,78.25,79.4499,74.83,11047923.0
2024-08-01,76.28,71.9,76.9,70.98,11569458.0
2024-08-02,69.5,67.95,69.85,67.13,11552915.0
2024-08-05,66.85,68.97,71.92,66.51,10311877.0
2024-08-06,69.02,68.51,70.72,67.45,6388296.0
2024-08-07,70.08,66.39,71.21,66.18,7370107.0
2024-08-08,68.95,72.23,72.48,68.23,9541968.0
2024-08-09,70.97,71.3,71.89,69.92,4275707.0
2024-08-12,71.32,70.37,71.66,69.61,3962477.0
2024-08-13,71.39,72.91,73.34,70.72,5650612.0
2024-08-14,73.05,71.08,73.235,70.28,5065132.0
2024-08-15,73.0,75.88,76.62,72.82,8367456.0
2024-08-16,75.0,75.84,76.4753,74.821,5390098.0
2024-08-19,75.64,77.72,77.77,75.01,5013984.0
2024-08-20,76.78,75.82,77.0821,75.205,5059966.0
2024-08-21,76.96,76.68,77.94,75.89,5330302.0
2024-08-22,76.97,73.37,77.0,73.105,7232270.0
2024-08-23,74.67,76.36,76.45,74.33,5685524.0
2024-08-26,76.22,74.82,76.25,74.38,5173697.0
2024-08-27,74.34,76.06,76.68,73.09,3806019.0
2024-08-28,76.0,74.63,76.18,73.71,4758900.0
2024-08-29,75.93,76.3,78.61,75.48,4845175.0
2024-08-30,78.12,77.87,78.47,76.66,4811900.0
2024-09-03,76.41,70.76,76.41,69.92,10785948.0
2024-09-04,69.89,70.53,72.16,69.28,6158386.0
2024-09-05,69.67,70.25,71.9,69.41,4791544.0
2024-09-06,70.01,67.92,71.2795,67.41,8467488.0
2024-09-09,68.8,69.39,70.24,68.59,6394643.0
2024-09-10,68.32,68.23,68.3499,66.96,4376731.0
2024-09-11,68.46,70.58,70.73,66.36,7463380.0
2024-09-12,70.07,69.33,70.1,68.2,4173802.0
2024-09-13,70.04,71.72,72.17,70.02,5495254.0
2024-09-16,70.8,70.37,71.46,69.15,4388577.0
2024-09-17,71.47,71.42,72.3,70.52,2711625.0
2024-09-18,71.29,70.64,73.36,70.15,4118445.0
2024-09-19,73.82,73.35,74.99,72.62,8075431.0
2024-09-20,71.04,69.57,71.44,68.39,12073724.0
2024-09-23,69.98,69.74,70.78,69.5,5107508.0
2024-09-24,70.9,70.47,72.32,69.9,4656532.0
2024-09-25,69.82,69.65,70.53,69.1,3331439.0
2024-09-26,72.365,73.32,73.91,70.09,5753089.0
2024-09-27,74.6,74.39,75.88,73.79,5289226.0
2024-09-30,72.31,72.61,73.54,71.22,6823415.0
2024-10-01,72.47,71.05,73.115,70.3,5971868.0
2024-10-02,71.09,71.51,72.56,70.39,4333157.0
2024-10-03,70.61,70.33,71.46,69.5,3652154.0
2024-10-04,72.27,71.54,72.68,70.93,4772111.0
2024-10-07,70.62,71.09,71.25,70.04,3790259.0
2024-10-08,70.84,70.53,71.14,69.46,3779207.0
2024-10-09,70.35,71.0,71.19,69.805,3872963.0
2024-10-10,69.88,70.31,70.39,69.16,4044846.0
2024-10-11,69.175,70.33,71.64,69.0,5136328.0
2024-10-14,71.0,72.79,72.968,70.04,4935066.0
2024-10-15,72.71,69.32,74.18,68.635,9303887.0
2024-10-16,70.66,69.03,71.205,68.91,7299714.0
2024-10-17,70.79,69.24,71.3,68.8,6293368.0
2024-10-18,70.46,68.49,70.57,68.29,5202408.0
2024-10-21,68.1,67.14,68.35,65.77,6743706.0
2024-10-22,66.67,66.54,67.0592,65.68,6921420.0
2024-10-23,69.36,67.97,69.68,66.47,9256146.0
2024-10-24,69.53,70.08,70.14,68.36,7567049.0
2024-10-25,70.6,71.25,72.98,70.565,10772095.0
2024-10-28,67.295,72.24,75.2,66.62,16687277.0
2024-10-29,72.24,74.7,75.199,70.62,8222477.0
2024-10-30,73.65,73.63,76.06,72.815,8087738.0
2024-10-31,73.355,70.49,73.44,69.275,9975314.0
2024-11-01,70.5,70.99,72.5,70.16,5551376.0
2024-11-04,70.25,69.5,71.36,69.37,4008450.0
2024-11-05,69.34,70.2,70.615,68.48,5019611.0
2024-11-06,72.505,72.27,73.3,71.36,7771869.0
2024-11-07,73.15,72.05,73.4634,71.94,5027720.0
2024-11-08,71.0,70.41,71.42,69.645,4742553.0
2024-11-11,71.0,69.96,71.01,68.795,6632567.0
2024-11-12,69.9,70.23,71.3,68.99,4852659.0
2024-11-13,69.0,68.49,69.8094,67.83,5676448.0
2024-11-14,68.64,67.02,69.18,66.8,6420678.0
2024-11-15,66.305,64.76,66.83,64.59,6231111.0
2024-11-18,64.48,66.48,66.58,64.32,6371687.0
2024-11-19,66.465,66.65,67.22,66.0,5746316.0
2024-11-20,65.57,67.31,67.36,65.465,5098049.0
2024-11-21,67.9,68.47,69.12,66.45,4724630.0
2024-11-22,68.02,69.62,69.715,67.51,4092461.0
2024-11-25,71.16,72.39,73.49,70.31,6575627.0
2024-11-26,73.35,70.82,73.43,69.97,5136809.0
2024-11-27,70.31,70.35,71.33,69.136,3724826.0
2024-11-29,71.0,71.12,72.53,70.6,2900257.0
2024-12-02,71.0,73.95,74.52,70.7501,6457257.0
2024-12-03,72.42,69.81,73.19,69.69,8883138.0
2024-12-04,70.51,65.97,70.51,65.35,13169473.0
2024-12-05,65.88,65.74,66.855,65.145,8527449.0
2024-12-06,66.28,66.52,67.04,65.92,5412029.0
2024-12-09,66.52,67.68,68.66,66.3,4963234.0
2024-12-10,67.9,66.34,68.115,66.05,4631638.0
2024-12-11,67.0,67.97,68.53,66.44,5698480.0
2024-12-12,66.9,67.11,67.52,66.26,4075753.0
2024-12-13,66.58,65.96,66.96,64.8,7179648.0
2024-12-16,65.4,66.435,67.28,64.94,6139765.0
2024-12-17,66.99,67.74,70.58,66.85,7810806.0
2024-12-18,67.89,64.93,69.2712,64.62,9813136.0
2024-12-19,66.13,64.8,66.97,64.75,7630153.0
2024-12-20,64.22,65.5,66.86,63.94,12758474.0
2024-12-23,65.5,66.63,66.99,65.45,5257416.0
2024-12-24,66.63,67.9,67.92,66.42,3044788.0
2024-12-26,67.05,67.02,67.95,66.99,3660199.0
2024-12-27,66.7,66.01,67.05,65.48,4751948.0
2024-12-30,65.18,63.46,65.31,63.265,7230308.0
2024-12-31,63.79,63.05,64.265,62.78,4300001.0
2025-01-02,63.81,61.71,64.09,61.66,7393865.0
2025-01-03,61.95,63.91,64.47,61.58,6964273.0
2025-01-06,64.38,64.51,67.0,64.33,7368926.0
2025-01-07,64.78,62.73,65.2488,62.32,9310420.0
2025-01-08,62.41,58.31,62.59,57.96,14868262.0
2025-01-10,56.375,53.94,56.6,53.6,17560041.0
2025-01-13,53.2,55.87,56.45,53.1,12195916.0
2025-01-14,55.27,55.18,56.46,54.51,6350613.0
2025-01-15,56.72,55.23,56.7526,55.14,7968385.0
2025-01-16,55.2,53.51,55.48,53.46,8660973.0
2025-01-17,54.58,54.63,55.08,54.37,7298922.0
2025-01-21,55.1,55.61,56.11,54.872,6336153.0
2025-01-22,55.0,56.03,56.6299,55.0,8091815.0
2025-01-23,55.05,56.26,56.3,54.66,9145849.0
2025-01-24,55.58,54.5,55.74,54.02,9237379.0
2025-01-27,54.89,53.94,56.28,53.47,12666416.0
2025-01-28,54.11,53.87,54.6,52.8,10463097.0
2025-01-29,54.04,53.77,54.49,53.0986,5513498.0
2025-01-30,53.57,53.27,53.68,51.81,8385362.0
2025-01-31,53.04,52.34,53.73,51.95,6398441.0
2025-02-03,50.65,50.26,51.46,49.8,8078680.0
2025-02-04,50.68,50.58,51.33,50.17,5659955.0
2025-02-05,50.215,51.72,51.78,49.89,6151527.0
2025-02-06,52.2,52.44,52.78,51.93,8149180.0
2025-02-07,52.27,51.25,53.58,50.44,13250639.0
2025-02-10,50.94,47.04,51.0,46.57,23762936.0
2025-02-11,46.97,47.93,48.95,46.79,11150450.0
2025-02-12,47.29,50.06,50.18,47.26,9413893.0
2025-02-13,50.06,50.92,50.97,49.7001,7400062.0
2025-02-14,51.17,51.83,51.88,50.84,5963841.0
2025-02-18,52.08,51.95,52.96,51.9,7766531.0
2025-02-19,52.25,55.52,56.36,52.0,15289851.0
2025-02-20,56.25,55.74,57.7735,55.09,9393428.0
2025-02-21,56.3,54.05,56.67,53.63,10982987.0
2025-02-24,54.33,53.4,54.39,52.76,9153081.0
2025-02-25,53.63,51.22,53.95,51.06,8855426.0
2025-02-26,51.0,50.55,51.41,49.64,9675266.0
2025-02-27,50.12,47.38,50.61,46.99,12453817.0
2025-02-28,47.94,47.05,48.52,46.0407,13110617.0
2025-03-03,47.59,44.91,48.01,44.67,12104241.0
2025-03-04,45.09,44.49,45.74,43.94,10433095.0
2025-03-05,45.53,46.49,46.57,45.02,8672358.0
2025-03-06,44.34,43.88,45.065,43.33,12563333.0
2025-03-07,43.87,45.4,46.04,43.58,10341829.0
2025-03-10,44.22,44.16,44.96,43.56,10971115.0
2025-03-11,44.38,42.86,44.7,41.85,9016083.0
2025-03-12,43.26,42.85,43.68,42.52,6693588.0
2025-03-13,42.71,42.15,43.78,41.59,6256537.0
2025-03-14,42.99,43.19,43.44,42.345,6639965.0
2025-03-17,43.06,44.05,44.42,42.91,6697094.0
2025-03-18,43.46,43.42,43.96,42.85,5278539.0
2025-03-19,43.61,43.58,44.435,43.29,5041199.0
2025-03-20,43.01,43.2,43.8316,42.73,6432307.0
2025-03-21,42.26,43.78,44.0,41.9,17838866.0
2025-03-24,45.33,45.68,46.24,45.13,9943841.0
2025-03-25,45.43,45.31,45.88,44.98,4759073.0
2025-03-26,45.11,45.04,45.64,44.06,8458635.0
2025-03-27,44.63,43.76,45.01,43.73,6424095.0
2025-03-28,43.12,40.94,43.33,40.622187,10439224.0
2025-03-31,40.55,40.69,41.54,39.36,8999053.0
2025-04-01,40.505,40.2,40.58,39.1,7432512.0
2025-04-02,39.59,40.76,41.59,39.18,5689838.0
2025-04-03,38.76,35.56,39.23,35.5,14923947.0
2025-04-04,34.46,33.7,35.51,33.21,14294878.0
2025-04-07,33.38,35.08,36.91,32.195,18919318.0
2025-04-08,35.81,31.95,36.65,31.04,14238544.0
2025-04-09,32.32,39.2,39.59,31.68,28303747.0
2025-04-10,36.58,34.88,37.1,33.24,18006285.0
2025-04-11,33.765,35.075,35.175,32.105,20276637.0
2025-04-14,35.86,35.62,36.36,34.81,9912073.0
2025-04-15,35.83,35.85,36.68,35.055,6708237.0
2025-04-16,34.57,34.25,35.515,32.85,13049637.0
2025-04-17,34.41,34.64,34.82,33.65,5826989.0
2025-04-21,33.7,34.74,34.86,33.2,7885398.0
2025-04-22,35.09,35.45,36.1,34.725,8826435.0
2025-04-23,37.0,36.62,37.78,36.27,8946497.0
2025-04-24,38.555,39.96,40.05,38.14,13189964.0
2025-04-25,39.38,39.63,40.23,38.76,7558436.0
2025-04-28,39.43,40.04,40.33,38.69,6089051.0
2025-04-29,38.91,38.86,39.455,38.3,7914315.0
2025-04-30,37.94,39.7,39.83,37.4743,7283606.0
2025-05-01,40.225,39.6,40.74,39.5,10202132.0
2025-05-02,40.59,41.91,42.245,40.555,14142033.0
2025-05-05,40.515,38.41,40.76,37.64,24182491.0
2025-05-06,38.05,38.51,39.19,37.19,13529336.0
2025-05-07,38.9,38.8,38.95,37.56,9664715.0
2025-05-08,39.3,39.77,40.39,38.69,9997392.0
2025-05-09,40.4,40.98,42.09,40.32,11721791.0
2025-05-12,43.45,44.62,45.31,43.36,17347518.0
2025-05-13,44.77,45.77,46.59,44.74,12019209.0
2025-05-14,45.95,45.2,46.2,44.8231,7065766.0
2025-05-15,44.695,44.52,44.95,43.78,6833605.0
2025-05-16,44.51,44.92,44.96,43.93,5477992.0
2025-05-19,43.55,43.84,44.19,43.51,5974021.0
2025-05-20,43.47,44.26,44.29,43.4,5360862.0
2025-05-21,44.26,43.66,45.475,43.321,8596185.0
2025-05-22,44.5,42.29,44.58,42.03,12463234.0
2025-05-23,40.66,41.27,41.52,40.62,9857318.0
2025-05-27,42.36,43.4,43.87,41.765,9662998.0
2025-05-28,43.52,42.845,43.78,42.655,5674472.0
2025-05-29,43.73,42.94,44.11,42.61,4847474.0
2025-05-30,42.67,42.02,42.83,41.63,10185177.0
2025-06-02,41.82,42.54,42.825,41.49,6894314.0
2025-06-03,42.51,47.37,47.56,41.875,24131360.0
2025-06-04,48.34,50.28,51.095,47.72,28183458.0
2025-06-05,50.52,49.54,51.0493,48.94,11938122.0
2025-06-06,50.34,50.17,51.295,50.05,8142455.0
2025-06-09,50.67,52.38,52.89,50.67,12125243.0
2025-06-10,52.46,53.8,54.385,52.27,11524248.0
2025-06-11,54.29,51.78,54.44,51.125,10484641.0
2025-06-12,51.16,52.98,53.19,51.0,9889277.0
2025-06-13,51.51,51.02,52.16,50.935,9657702.0
2025-06-16,52.39,53.88,53.98,52.2101,8441270.0
2025-06-17,53.276,52.94,55.01,52.645,8776259.0
2025-06-18,53.135,52.26,53.65,51.69,7176333.0
2025-06-20,53.64,52.82,53.84,52.28,12894117.0
2025-06-23,52.65,53.17,53.76,51.98,5670680.0
2025-06-24,54.06,54.21,54.88,53.79,7440656.0
2025-06-25,54.16,53.74,54.21,52.6,8291667.0
2025-06-26,54.005,53.65,54.08,53.44,6880557.0
2025-06-27,53.92,52.93,54.14,52.2,7896111.0
2025-06-30,53.27,52.41,53.27,52.32,7095360.0
2025-07-01,51.81,53.6,54.87,51.5301,8777288.0
2025-07-02,54.71,55.95,56.28,53.91,10429750.0
2025-07-03,56.39,56.6,57.13,55.63,5572172.0
2025-07-07,55.39,54.61,56.2344,54.16,7829252.0
2025-07-08,55.83,57.615,57.95,55.39,8976210.0
2025-07-09,56.98,57.77,58.38,56.69,7053893.0
2025-07-10,58.23,59.52,60.09,57.72,8444697.0
2025-07-11,58.8,59.73,59.93,58.36,6356425.0
2025-07-14,59.13,59.07,59.635,57.91,6519322.0
2025-07-15,60.25,58.93,60.58,58.655,7833930.0
2025-07-16,59.08,59.52,59.615,57.52,6597828.0
2025-07-17,59.31,59.41,59.67,58.61,5071932.0
2025-07-18,59.735,60.72,60.925,59.21,5753164.0
2025-07-21,61.27,60.55,63.03,60.52,7977453.0
2025-07-22,59.785,62.45,63.63,59.75,11719253.0
2025-07-23,60.41,59.61,60.57,57.01,16353590.0
2025-07-24,56.06,55.44,56.28,54.54,16152221.0
2025-07-25,55.74,56.92,56.97,55.42,8073404.0
2025-07-28,57.46,58.66,59.28,57.35,9870335.0
2025-07-29,59.5,58.38,60.37,58.265,9417358.0
2025-07-30,58.79,58.05,58.88,57.24,7337804.0
2025-07-31,57.17,56.36,57.95,55.52,11035972.0
2025-08-01,55.68,56.82,57.41,54.35,14304804.0
2025-08-04,54.0,47.97,54.84,47.315,30528761.0
2025-08-05,48.41,47.24,48.89,47.16,14939640.0
2025-08-06,46.9,46.98,47.69,46.345,10632956.0
2025-08-07,47.97,47.59,48.68,47.275,10115339.0
2025-08-08,47.6,47.66,48.235,46.93,7813851.0
2025-08-11,48.0,47.1,49.05,46.98,8317829.0
2025-08-12,48.07,50.01,51.23,48.01,13413486.0
2025-08-13,50.3,51.89,52.09,50.2,8736453.0
2025-08-14,50.8,51.62,52.025,49.71,7110064.0
2025-08-15,52.11,51.09,52.11,50.84,7573045.0
2025-08-18,51.0,50.53,51.2378,50.51,4693682.0
2025-08-19,50.71,49.77,51.34,49.55,5745571.0
2025-08-20,49.67,49.47,49.99,48.305,10329667.0
2025-08-21,48.92,48.81,49.45,48.59,4746925.0
2025-08-22,49.33,51.85,52.325,49.33,9738338.0
2025-08-25,51.64,50.95,51.69,50.615,5665925.0
2025-08-26,50.85,50.99,51.445,50.17,5683585.0
2025-08-27,50.46,51.25,51.33,50.19,6143968.0
2025-08-28,51.96,50.78,52.22,49.75,7815435.0
2025-08-29,50.27,49.59,50.62,49.44,7524188.0
2025-09-02,48.15,48.94,48.96,47.63,6097805.0
2025-09-03,48.95,47.79,49.39,46.5,9988920.0
2025-09-04,47.64,48.06,48.22,46.62,6393528.0
2025-09-05,48.34,49.105,50.08,47.94,7221035.0
2025-09-08,49.61,48.88,49.61,47.84,4983188.0
2025-09-09,48.85,48.62,49.23,48.33,3953012.0
2025-09-10,48.65,48.13,49.53,47.725,6388249.0
2025-09-11,48.45,49.02,49.275,48.075,7051190.0
2025-09-12,48.94,48.26,49.12,48.05,4283176.0
2025-09-15,48.25,48.11,48.815,47.2,9330241.0
2025-09-16,48.5,49.56,49.84,48.33,8170092.0
2025-09-17,49.59,49.8,51.6,49.03,6154700.0
2025-09-18,51.4,51.83,52.615,50.67,10782401.0
2025-09-19,51.61,51.07,51.645,50.31,18145178.0
2025-09-22,51.23,51.5,52.18,51.07,6140682.0
2025-09-23,51.88,50.42,52.815,50.37,9373826.0
2025-09-24,50.42,50.94,51.48,50.13,5519657.0
2025-09-25,50.31,49.77,50.31,49.195,7393132.0
2025-09-26,49.58,50.16,50.3799,49.125,6151778.0
2025-09-29,50.8,49.76,50.9,49.68,5515140.0
2025-09-30,49.5,49.31,49.62,47.9,8570525.0
2025-10-01,49.35,48.35,50.07,47.935,8415180.0
2025-10-02,49.15,48.74,49.86,48.085,9707559.0
2025-10-03,49.03,49.27,49.92,48.82,5297873.0
2025-10-06,50.13,50.35,50.7,48.8376,7677736.0
2025-10-07,50.49,48.17,50.66,47.73,8626426.0
2025-10-08,48.44,50.88,51.26,48.27,8823399.0
2025-10-09,50.88,49.97,51.15,49.12,5385608.0
2025-10-10,50.0,45.74,50.49,45.64,13823829.0
2025-10-13,47.895,50.11,50.66,47.6001,11877061.0
2025-10-14,48.74,49.54,51.19,48.68,7921571.0
2025-10-15,50.62,50.36,51.465,49.39,6547768.0
2025-10-16,50.97,52.97,53.16,50.7,11164721.0
2025-10-17,52.97,52.53,53.07,51.22,8037839.0
2025-10-20,53.35,54.89,55.99,53.1,9630956.0
2025-10-21,54.7,55.08,55.5,53.42,9780731.0
2025-10-22,53.19,51.93,54.52,51.6601,11598911.0
2025-10-23,50.355,51.78,52.655,50.23,12574104.0
2025-10-24,52.5,50.71,52.62,50.67,8634418.0
2025-10-27,51.84,52.68,54.68,51.61,9288112.0
2025-10-28,52.5,51.8,52.58,51.095,6843350.0
2025-10-29,52.3,51.4,52.55,51.03,9858222.0
2025-10-30,51.18,50.85,51.875,50.83,9139649.0
2025-10-31,51.0,50.08,51.745,49.945,11637291.0
2025-11-03,49.53,50.46,52.26,47.99,18062242.0
2025-11-04,50.295,48.28,51.17,47.87,12690159.0
2025-11-05,48.85,50.08,51.18,48.54,8948689.0
2025-11-06,49.98,48.8,50.57,47.77,9214504.0
2025-11-07,47.99,47.83,48.34,46.3117,10824473.0
2025-11-10,49.05,48.54,49.19,47.75,6228514.0
2025-11-11,48.56,48.43,48.945,47.85,5535080.0
2025-11-12,49.24,49.27,50.01,48.56,6493411.0
2025-11-13,48.86,48.13,50.315,47.44,8318335.0
2025-11-14,47.07,46.92,48.4,46.51,5565313.0
2025-11-17,46.53,46.02,47.285,45.365,7960975.0
2025-11-18,45.58,45.56,46.04,44.845,7133089.0
2025-11-19,47.16,46.12,47.73,45.96,11871309.0
2025-11-20,46.49,44.9,47.15,44.69,10385644.0
2025-11-21,45.165,46.7,47.66,44.56,14423213.0
2025-11-24,47.19,47.39,47.98,46.68,12237874.0
2025-11-25,47.46,48.31,48.71,47.06,6389990.0
2025-11-26,48.3,49.64,50.33,48.2,8294569.0
2025-11-28,49.9,50.24,50.47,49.48,3635812.0
2025-12-01,49.485,50.43,51.3299,49.2599,6458862.0
2025-12-02,50.58,51.48,51.975,49.13,11945018.0
2025-12-03,51.58,57.15,57.52,51.49,13562471.0
2025-12-04,56.945,54.79,57.04,54.34,11174525.0
2025-12-05,55.17,54.74,56.12,54.665,7168537.0
2025-12-08,55.14,56.38,56.7,55.14,7223990.0
2025-12-09,55.61,55.23,56.245,55.15,5893599.0
2025-12-10,55.05,55.1,56.02,54.4,7466546.0
2025-12-11,55.0,55.97,56.32,54.88,7069924.0
2025-12-12,56.04,54.96,56.77,54.665,11624235.0
2025-12-15,55.18,55.09,55.36,54.35,8070937.0
2025-12-16,54.95,54.56,55.02,53.1,7916975.0
2025-12-17,54.54,53.33,55.18,53.115,7931339.0
2025-12-18,54.97,54.34,55.31,54.14,9963494.0
2025-12-19,54.5,55.21,55.3,54.37,45460706.0
2025-12-22,55.655,56.37,56.4,55.13,7433044.0
2025-12-23,56.0,55.69,56.485,55.12,4941168.0
2025-12-24,55.79,55.08,55.96,54.87,2083416.0
2025-12-26,55.19,54.93,55.6054,54.835,3433877.0
2025-12-29,54.6,54.02,55.02,53.5,3665396.0
2025-12-30,54.34,54.24,54.665,54.1,3055672.0
2025-12-31,54.24,54.15,54.6,53.995,3794197.0
2026-01-02,55.25,56.7,57.33,55.165,8044269.0
2026-01-05,57.52,58.69,60.065,57.33,10617054.0
2026-01-06,61.0,61.76,62.77,60.205,16542219.0
2026-01-07,61.25,61.89,62.34,60.5,14419186.0
2026-01-08,61.175,60.89,61.34,59.73,10150826.0
2026-01-09,61.61,62.16,62.77,61.02,8930418.0
2026-01-12,61.92,58.75,61.97,58.19,9511311.0
2026-01-13,58.8,59.41,60.48,58.6,6161478.0
2026-01-14,59.31,60.58,61.2,59.205,5828961.0
2026-01-15,60.68,60.28,61.99,60.24,7065502.0
2026-01-16,61.19,60.33,61.77,60.23,6094491.0
2026-01-20,59.34,60.06,61.22,59.15,6892133.0
2026-01-21,61.19,63.13,63.84,60.905,11093987.0
2026-01-22,64.98,63.07,65.77,62.67,8657275.0
2026-01-23,63.63,61.98,63.835,60.83,6633716.0
2026-01-26,61.81,61.13,61.82,60.495,6086827.0
2026-01-27,62.02,62.63,63.075,61.8401,6955281.0
2026-01-28,64.78,64.93,66.86,64.26,11504017.0
2026-01-29,63.75,62.2,64.16,61.31,9636716.0
2026-01-30,61.61,59.89,62.25,59.08,13349863.0
2026-02-02,59.765,61.53,62.33,59.595,7687103.0
2026-02-03,60.85,59.43,61.18,57.59,11065067.0
2026-02-04,59.0,62.06,62.73,58.74,14994587.0
2026-02-05,61.44,63.1,63.14,60.85,10668408.0
2026-02-06,64.21,65.2,65.45,63.31,13001356.0
2026-02-09,64.82,65.1,65.92,64.62,13056135.0
2026-02-10,64.735,67.38,68.8,64.1539,19279261.0
2026-02-11,69.24,71.18,71.68,68.75,12273010.0
2026-02-12,71.05,70.63,73.63,70.17,12949593.0
2026-02-13,70.28,72.21,72.265,69.485,9388119.0
2026-02-17,72.11,71.96,73.1,70.75,6671984.0
2026-02-18,73.555,70.66,73.76,70.015,8957063.0
2026-02-19,69.81,68.09,70.22,67.02,7998283.0
2026-02-20,67.79,69.11,69.7,67.6101,5272520.0
2026-02-23,68.95,69.47,70.2,68.04,4620366.0
2026-02-24,69.99,70.03,72.02,69.04,5699585.0
2026-02-25,71.275,69.68,72.1,69.38,7332040.0
2026-02-26,69.8,68.16,69.825,67.03,7911193.0
2026-02-27,66.87,66.48,67.32,65.56,9310386.0
2026-03-02,65.12,66.48,66.48,63.96,5623985.0
2026-03-03,63.79,63.42,64.45,62.38,8581342.0
2026-03-04,64.5,62.53,64.63,62.165,7496795.0
2026-03-05,61.32,60.85,62.43,59.59,8136630.0
2026-03-06,58.49,56.87,58.99,56.62,10650786.0
2026-03-09,55.97,59.23,59.32,54.99,9905558.0
2026-03-10,59.25,59.59,60.98,58.575,7499236.0
2026-03-11,59.65,59.24,60.625,58.65,4227613.0
2026-03-12,58.24,57.69,58.9285,57.36,6692918.0
2026-03-13,58.38,58.55,59.55,57.68,7557985.0
2026-03-16,59.915,59.88,60.85,59.42,6515395.0
2026-03-17,60.39,60.98,61.335,60.18,4801038.0
2026-03-18,60.79,60.46,61.82,60.41,5069638.0
2026-03-19,59.002,59.29,60.51,58.5,7560771.0
2026-03-20,59.26,59.26,60.34,58.28,12540832.0
2026-03-23,60.81,59.89,61.64,59.68,5353451.0
2026-03-24,59.04,62.34,63.07,59.04,6831554.0
2026-03-25,63.88,63.1,64.35,62.71,5537569.0
2026-03-26,61.8,60.87,62.57,60.57,7461991.0
2026-03-27,61.39,58.35,61.39,57.94,7136714.0
2026-03-30,58.62,55.66,59.44,55.025,8398489.0
2026-03-31,57.325,61.92,62.16,57.0,12771737.0
2026-04-01,62.78,62.2,63.685,61.96,6716169.0
2026-04-02,59.775,62.19,62.48,59.72,7072318.0
2026-04-06,62.92,63.49,64.62,62.56,5306316.0
2026-04-07,63.25,63.79,64.0,61.91,5490322.0
2026-04-08,67.5,68.38,68.52,66.38,9810434.0
2026-04-09,68.48,68.49,69.07,67.9,5812381.0
2026-04-10,69.14,68.65,70.11,68.14,6275757.0
2026-04-13,70.3,71.02,71.31,68.81,7823533.0
2026-04-14,71.74,72.05,72.53,70.805,7271753.0
2026-04-15,71.635,72.43,72.55,71.09,6025398.0
2026-04-16,74.365,79.93,80.5,73.98,19322716.0
2026-04-17,80.34,83.01,83.52,79.78,15737832.0
2026-04-20,82.67,85.56,85.59,81.6448,9539218.0
2026-04-21,85.715,86.91,87.51,84.75,10035829.0
2026-04-22,88.72,88.99,89.6933,87.02,11538787.0
2026-04-23,92.805,97.78,99.185,92.5001,20863897.0
2026-04-24,99.225,98.4,100.3,95.95,13371107.0
2026-04-27,98.13,98.04,99.615,96.39,9898487.0
2026-04-28,95.012,93.3,96.78,92.44,11512603.0
2026-04-29,99.56,98.86,101.255,97.34,13018197.0
2026-04-30,100.215,100.81,101.69,98.54,9532655.0
2026-05-01,100.89,103.03,103.32,99.7,9699504.0
2026-05-04,104.89,102.04,105.0,101.49,17002175.0
2026-05-05,97.65,102.67,105.81,96.08,22723962.0
2026-05-06,102.62,105.77,105.9,100.06,21980798.0
2026-05-07,105.27,100.61,105.5,99.73,19234105.0
2026-05-08,101.99,103.2,103.31,100.73,10763055.0
2026-05-11,102.73,107.24,107.25,102.48,9686942.0
2026-05-12,104.82,104.11,105.0,98.66,9865642.0
2026-05-13,108.9,115.71,115.99,108.06,21549714.0
2026-05-14,115.12,118.37,119.1,112.51,11495274.0
2026-05-15,113.415,113.11,115.8299,111.77,10939856.0
2026-05-18,114.19,109.43,115.67,106.4,12432412.0
2026-05-19,105.53,106.02,109.25,104.05,11708912.0
2026-05-20,108.04,110.21,110.8,107.0,9813394.0
2026-05-21,109.04,109.61,109.86,107.04,6802541.0
2026-05-22,110.86,116.2,117.89,110.83,8495759.0
2026-05-26,122.8,127.0,129.13,121.06,19250754.0
2026-05-27,128.935,124.89,129.0,120.035,13931700.0
2026-05-28,125.61,123.77,125.88,119.24,8374895.0
2026-05-29,124.34,120.62,124.52,119.45,11273804.0
2026-06-01,119.385,120.92,121.05,115.81,9129330.0
2026-06-02,125.19,128.64,130.48,123.33,10796091.0
2026-06-03,130.0,133.93,134.92,126.15,10113633.0
2026-06-04,127.3,131.82,134.485,124.92,10089990.0
2026-06-05,126.18,117.26,126.31,116.72,19056593.0
2026-06-08,122.57,120.9,124.53,119.83,12140974.0
2026-06-09,122.21,117.0,124.0,108.3,16831127.0
2026-06-10,115.095,110.17,115.9837,108.7,14059750.0
2026-06-11,113.66,115.96,116.395,110.76,12070113.0
2026-06-12,115.96,116.79,118.585,113.99,7351855.0
2026-06-15,123.49,125.9,126.22,121.28,11015789.0
2026-06-16,125.345,118.25,127.84,118.05,10389844.0
2026-06-17,120.235,112.92,121.31,112.8,11303138.0
2026-06-18,117.89,121.62,122.18,117.575,19844547.0
2026-06-22,125.58,131.55,132.4225,125.19,12044310.0
2026-06-23,123.235,117.06,124.05,116.27,15490004.0
2026-06-24,117.135,115.74,117.28,111.21,8371108.0
2026-06-25,121.0,118.74,121.3,112.16,8602838.0
2026-06-26,98.29,90.65,98.475,89.24,44223501.0
2026-06-29,90.195,88.57,90.91,86.47,20489658.0
2026-06-30,88.77,94.54,95.37,88.72,19324739.0
2026-07-01,92.0,94.63,96.83,91.65,16677201.0
2026-07-02,94.75,91.22,98.205,89.25,16104494.0
2026-07-06,93.02,94.69,98.67,93.0,9908116.0
2026-07-07,90.31,91.1,92.06,87.96,11804035.0
2026-07-08,90.61,93.79,94.17,89.54,12165095.0
2026-07-09,98.0,97.87,102.64,97.68,13028179.0
2026-07-10,96.318,95.96,96.795,94.29,6037380.0
2026-07-13,92.99,90.37,92.99,90.09,9568853.0
2026-07-14,95.442,93.73,95.49,91.82,7632646.0
2026-07-15,94.56,92.54,94.88,90.45,11380577.0
2026-07-16,88.945,88.12,90.165,86.55,9492229.0
2026-07-17,84.42,87.37,90.0,83.3501,9942140.0
2026-07-20,89.875,86.7,89.985,86.495,5602786.0
2026-07-21,91.05,91.06,91.59,88.43,7845415.0
2026-07-22,89.9,92.33,94.255,89.31,6508127.0
2026-07-23,88.86,90.13,91.03,87.705,8770934.0
2026-07-24,88.49,86.81,89.63,85.83,7352540.0
2026-07-27,87.82,89.04,89.77,84.58,8363109.0
2026-07-28,86.19,84.39,86.88,83.63,11085260.0
2026-07-29,83.026,78.86,84.6,78.81,12201383.0
2026-07-30,82.925,83.74,84.99,81.67,10398068.0
2026-07-31,86.54,81.61,86.7,81.42,7390414.0
2026-08-03,79.848,80.4,83.6635,78.91,14934905.0
2026-08-04,84.39,80.78,84.48,79.5,24702426.0
2026-08-05,79.012,76.91,80.79,76.54,17292068.0
2026-08-06,75.87,78.33,80.42,75.69,9405686.0
2026-08-07,80.225,81.17,81.63,79.72,9839495.0
2026-08-10,81.5,79.78,82.51,79.72,8393386.0
2026-08-11,81.49,81.11,82.65,80.47,5634348.0
2026-08-12,84.34,83.32,84.8351,82.51,9816794.0
2026-08-13,82.88,81.56,84.5,81.3,5785571.0
2026-08-14,81.835,82.66,83.57,81.5,4478261.0
2026-08-17,83.34,83.38,85.5499,83.282,6578913.0
2026-08-18,79.99,79.42,80.9,76.96,10810386.0
2026-08-19,80.53,76.58,81.07,76.43,8986665.0
2026-08-20,76.0,74.71,76.69,74.5,5865004.0
2026-08-21,75.27,74.21,75.6749,73.52,4528063.0
2026-08-24,73.45,71.93,73.53,70.92,8489529.0
2026-08-25,73.13,72.51,73.37,71.6307,5759287.0
2026-08-26,72.56,73.22,73.83,72.39,4354120.0
2026-08-27,74.55,74.8,74.91,73.18,6409475.0
2026-08-28,74.4,72.61,74.4,72.045,7112438.0
2026-08-31,73.55,74.09,74.98,73.35,5790625.0
2026-09-01,72.63,72.65,73.1,71.41,7724210.0
2026-09-02,72.86,72.34,74.14,71.6557,7141685.0
2026-09-03,72.19,73.65,74.31,71.36,8141771.0
2026-09-04,75.23,74.38,75.325,73.57,10320792.0
2026-09-08,74.81,71.08,74.95,70.87,14889195.0
2026-09-09,70.83,70.98,72.45,70.5399,6507947.0
2026-09-10,69.42,70.17,70.55,68.79,7827650.0
2026-09-11,70.98,76.14,76.19,70.38,11291505.0
