time_key,open,close,high,low,volume
2018-01-02,41.790911931,40.965108752,41.99384867,40.560992303,25380018.0
2018-01-03,41.75577137,41.913903894,42.230168941,41.676705108,24165000.0
2018-01-04,42.159887819,42.326805483,42.335590623,41.918296464,19815057.0
2018-01-05,42.537648848,42.581574549,42.722136792,42.414656885,14496427.0
2018-01-08,42.432227166,43.029616699,43.108682961,42.115962118,15075007.0
2018-01-09,43.435306876,43.267739194,43.532319744,43.144268271,14153666.0
2018-01-10,43.091352161,43.038436052,43.452945579,42.844410315,13476601.0
2018-01-11,43.100171513,43.170726326,43.232461788,42.720939392,11687801.0
2018-01-12,43.373571414,43.664610019,43.942419596,43.267739194,15978201.0
2018-01-16,43.964467975,43.735164832,44.149674359,43.602874557,17152564.0
2018-01-17,44.017384085,44.334880744,44.352519447,43.964467975,23183110.0
2018-01-18,44.264325931,44.299603337,44.696474162,44.184951766,17119187.0
2018-01-19,44.537725832,44.608280645,44.625919349,44.334880744,14011470.0
2018-01-22,44.47599037,44.722932217,44.749390272,44.334880744,16840015.0
2018-01-23,44.758209623,45.084525634,45.216815909,44.599461294,14141416.0
2018-01-24,45.296190074,45.375564239,45.86062858,45.163899799,17205640.0
2018-01-25,45.454938404,45.507854514,45.900315662,45.454938404,13904280.0
2018-01-26,45.737157656,46.522079953,46.522079953,45.64896414,14909206.0
2018-01-29,46.45152514,45.80771247,46.55735736,45.75479636,12234923.0
2018-01-30,45.631325437,44.943416008,45.851809228,44.753799947,16863516.0
2018-01-31,44.855222491,45.499035162,45.723928629,44.855222491,16806832.0
2018-02-01,45.296190074,45.534312568,45.842989876,45.207996557,11674132.0
2018-02-02,45.199177206,44.211409821,45.340286832,44.132035656,17562215.0
2018-02-05,44.132035656,42.412262084,44.714112865,42.385804029,19725751.0
2018-02-06,41.741991359,43.567597151,43.664610019,41.283385073,25921187.0
2018-02-07,43.391210118,43.100171513,43.964467975,43.056074755,15138042.0
2018-02-08,43.294197249,41.309843128,43.320655304,41.283385073,21255423.0
2018-02-09,41.96247515,42.094765425,42.465178194,40.498462776,23191006.0
2018-02-12,42.526913656,42.465178194,42.762390345,42.085946073,16261649.0
2018-02-13,42.341707271,42.76503615,42.932603832,42.130042832,12633105.0
2018-02-14,42.500455601,43.611693909,43.67342937,42.456358843,14271379.0
2018-02-15,43.8321777,44.661196755,44.700883838,43.594055205,14132495.0
2018-02-16,44.58182259,44.722932217,45.102164338,44.52890648,11098819.0
2018-02-20,44.273145283,43.999745381,44.370158151,43.792490618,14144874.0
2018-02-21,43.982106678,43.594055205,44.396616206,43.594055205,13050820.0
2018-02-22,43.735164832,43.735164832,44.145264684,43.572006826,9513193.0
2018-02-23,43.911551865,44.537725832,44.599461294,43.761622887,8866832.0
2018-02-26,44.617099997,45.128622393,45.207996557,44.537725832,12955970.0
2018-02-27,45.040428876,44.74057092,45.331467481,44.568593563,14339563.0
2018-02-28,45.031609524,44.68765481,45.419660997,44.68765481,14947949.0
2018-03-01,44.943416008,43.840997052,44.943416008,43.580826178,16539779.0
2018-03-02,43.505861689,44.378977502,44.449532316,43.351523035,17290989.0
2018-03-05,44.008564733,45.234454612,45.410841645,43.964467975,18771549.0
2018-03-06,45.472577107,45.419660997,45.675422195,45.172719151,13907083.0
2018-03-07,45.031609524,45.613686733,45.693060898,45.005151469,11727303.0
2018-03-08,45.80771247,45.975280151,46.001738206,45.388793266,15864375.0
2018-03-09,46.169305887,46.71610569,46.742563745,46.037015613,16218601.0
2018-03-12,46.724925041,46.654370228,47.130615217,46.447115464,14108403.0
2018-03-13,46.954228184,46.372150975,47.165892624,46.160486536,12864366.0
2018-03-14,46.636731525,46.142847832,46.874854019,46.019376909,10885538.0
2018-03-15,46.054654316,46.186944591,46.447115464,45.957641448,14155248.0
2018-03-16,46.213402646,46.098751074,46.469163843,46.081112371,21011451.0
2018-03-19,46.2398607,45.816531821,46.372150975,45.428480349,25777352.0
2018-03-20,41.274565722,41.495049513,42.112404128,40.94824971,68600975.0
2018-03-21,41.706713952,41.468591458,42.385804029,41.459772106,34597724.0
2018-03-22,41.204010908,40.472004721,41.470355328,40.330895095,25610072.0
2018-03-23,40.551378886,39.50187604,40.868875546,39.475417985,21398879.0
2018-03-26,40.172146765,40.992346469,41.133456095,40.026627463,20754752.0
2018-03-27,41.124636743,40.022217787,41.292204425,39.687082425,18925257.0
2018-03-28,39.934024271,39.669443721,40.004579084,39.254934194,22156930.0
2018-03-29,39.960482326,40.348533798,40.824778787,39.695901776,14256447.0
2018-04-02,40.260340282,39.695901776,40.436727315,39.175560029,15343314.0
2018-04-03,39.978121029,39.590069556,39.978121029,39.060908457,15734569.0
2018-04-04,38.866882721,40.136869359,40.233882227,38.840424666,18505940.0
2018-04-05,40.330895095,40.533740183,40.727765919,40.172146765,12312979.0
2018-04-06,40.136869359,39.537153446,40.348533798,39.334308359,13893643.0
2018-04-09,39.784095293,39.598888908,40.260340282,39.581250205,15199976.0
2018-04-10,40.172146765,40.41026926,40.630753051,40.0927726,17177233.0
2018-04-11,40.039856491,40.225062875,40.560198238,40.004579084,14911438.0
2018-04-12,40.295617688,40.46318537,40.718946568,40.255930606,13970339.0
2018-04-13,40.842417491,40.639572403,41.036443227,40.225062875,12493597.0
2018-04-16,40.763554558,40.781266291,41.08236576,40.378324355,11639037.0
2018-04-17,41.100077493,41.321474162,41.560582563,41.08236576,10762747.0
2018-04-18,41.339185895,41.693420564,41.879393766,41.339185895,11312882.0
2018-04-19,41.613717764,41.463168029,41.719988165,41.356897629,8563187.0
2018-04-20,41.153212694,40.940671892,41.286050695,40.719275224,15675644.0
2018-04-23,41.073509893,40.559869623,41.153212694,40.489022689,14904389.0
2018-04-24,40.67499589,40.320761221,41.060226093,40.099364553,13356952.0
2018-04-25,40.223346687,40.515590289,40.59529309,39.895679618,12637523.0
2018-04-26,40.816689758,40.701563491,40.922960159,40.64842829,12175800.0
2018-04-27,40.843257358,40.320761221,40.843257358,40.263198087,14420754.0
2018-04-30,40.435887489,40.444743355,40.750270758,40.347328821,13896566.0
2018-05-01,40.196779087,40.692707624,40.692707624,40.196779087,8838034.0
2018-05-02,40.639572423,40.303049488,40.807833891,40.267626021,10715198.0
2018-05-03,40.170211487,39.904535485,40.196779087,39.399751081,15370217.0
2018-05-04,39.789409217,40.480166822,40.666140024,39.67428295,10571831.0
2018-05-07,40.683851757,40.798978025,40.948642172,40.542157889,9006006.0
2018-05-08,40.630716557,40.683851757,40.728131091,40.338472955,9830551.0
2018-05-09,40.940671892,41.250627228,41.339185895,40.719275224,11822388.0
2018-05-10,41.445456296,41.560582563,41.711132298,41.277194828,10974199.0
2018-05-11,41.719988165,41.463168029,41.755411631,41.303762428,9498144.0
2018-05-14,41.454312163,41.463168029,41.852826165,41.348041762,9689474.0
2018-05-15,41.188636161,41.454312163,41.463168029,40.958383626,11304873.0
2018-05-16,41.560582563,41.383465229,41.560582563,41.13550096,9874195.0
2018-05-17,41.348041762,41.215203761,41.671280898,41.10893336,10162341.0
2018-05-18,41.348041762,41.020374693,41.436600429,40.949527759,13517330.0
2018-05-21,41.206347894,41.808546832,41.874965832,41.170924427,13416333.0
2018-05-22,41.835114432,41.064654027,42.100790434,41.011518826,18505113.0
2018-05-23,40.807833891,41.534014963,41.59600603,40.754698691,9204379.0
2018-05-24,41.321474162,41.144356827,41.56943843,40.860969092,12497658.0
2018-05-25,41.170924427,41.622573631,41.768695432,41.162068561,11354337.0
2018-05-29,41.224059628,40.967239492,41.445456296,40.767982491,12427752.0
2018-05-30,41.294906561,41.666852964,41.826258565,41.117789227,11906539.0
2018-05-31,41.560582563,41.374609362,41.773123365,41.365753495,13062416.0
2018-06-01,41.693420564,41.932528966,41.941384833,41.534014963,10863237.0
2018-06-04,42.047655234,41.905961366,42.127358034,41.826258565,12178443.0
2018-06-05,41.914817233,41.737699898,41.994520033,41.449884229,13430887.0
2018-06-06,41.994520033,42.286763635,42.335470902,41.711132298,13299094.0
2018-06-07,42.446169236,42.224772568,42.534727904,41.994520033,13714092.0
2018-06-08,41.985664166,42.667565905,42.844683239,41.985664166,14515405.0
2018-06-11,42.640998304,42.676421771,42.853539106,42.481592703,12521110.0
2018-06-12,42.694133505,42.906674306,43.030656441,42.645426238,14713577.0
2018-06-13,42.605574838,42.747268705,43.101503374,42.587863104,18053335.0
2018-06-14,41.631429497,40.64842829,41.640285364,40.435887489,37001333.0
2018-06-15,40.62186069,40.984951226,41.170924427,40.019661752,28120363.0
2018-06-18,40.577581356,41.197492027,41.268338961,40.258770154,21474089.0
2018-06-19,40.59529309,40.976095359,41.100077493,40.533302023,22764939.0
2018-06-20,38.531876142,37.920821337,39.665427083,37.699424669,59129004.0
2018-06-21,38.23963254,38.168785606,38.824119744,38.062515205,32635062.0
2018-06-22,38.257344273,39.054372279,39.231489613,38.221920806,30594322.0
2018-06-25,38.585011342,39.21377788,39.377611414,38.514607202,24640543.0
2018-06-26,39.373183481,39.328904147,39.718562284,39.293480681,20717461.0
2018-06-27,39.470598015,38.478740941,39.62114775,38.469885075,26360075.0
2018-06-28,38.531876142,38.824119744,38.983525345,38.399038141,20918407.0
2018-06-29,39.001237078,39.018948812,39.435174548,38.744416943,22144908.0
2018-07-02,38.930390145,39.807120951,39.824832684,38.762128677,20655510.0
2018-07-03,39.842544418,39.603436016,39.842544418,39.429861028,16783349.0
2018-07-05,39.984238285,40.21449082,40.267626021,39.842544418,21916222.0
2018-07-06,40.258770154,40.736986958,40.905248425,40.090508686,20764300.0
2018-07-09,40.852113225,41.383465229,41.436600429,40.790122158,25125725.0
2018-07-10,41.472023896,41.613717764,41.941384833,41.339185895,27421994.0
2018-07-11,41.463168029,42.189349101,42.295619502,41.365753495,22802561.0
2018-07-12,42.322187102,42.640998304,42.685277638,42.286763635,24857935.0
2018-07-13,42.481592703,43.066079907,43.225485509,42.357610569,25772269.0
2018-07-16,43.226110764,43.08386112,43.226110764,42.630440378,22949744.0
2018-07-17,42.932720872,43.475047643,43.555063068,42.808252433,18823113.0
2018-07-18,43.377251012,43.24389197,43.563953671,43.030517503,19234709.0
2018-07-19,43.030517503,43.066079914,43.315016792,42.86159605,16656534.0
2018-07-20,43.110532928,43.137204737,43.301680888,42.994955092,17236248.0
2018-07-23,43.226110764,43.270563778,43.270563778,42.714901104,17990236.0
2018-07-24,43.341688601,43.270563778,43.652859698,43.168321846,19885451.0
2018-07-25,43.137204737,43.519500657,43.532836561,43.119423531,16335397.0
2018-07-26,43.430594629,43.448375834,43.715093918,43.350579204,15229974.0
2018-07-27,43.555063068,43.235001367,43.670640904,43.012736298,14856123.0
2018-07-30,43.190548353,42.434847116,43.190548353,42.194800841,20167307.0
2018-07-31,42.585987364,42.390394102,42.746018214,42.132566621,18808220.0
2018-08-01,42.594877966,42.09700421,42.870486653,41.919192154,22933594.0
2018-08-02,41.821395524,42.585987364,42.737127611,41.456880809,14227415.0
2018-08-03,42.603768569,43.092751723,43.101642325,42.585987364,14295805.0
2018-08-06,42.932720872,43.270563778,43.350579204,42.870486653,13529328.0
2018-08-07,43.510610054,43.101642325,43.519500657,43.088306421,11608045.0
2018-08-08,43.048298709,43.0216269,43.226110764,42.906049064,10849532.0
2018-08-09,42.914939667,43.154985942,43.30612619,42.914939667,14708037.0
2018-08-10,43.003845695,42.959392681,43.315016792,42.880266316,10502185.0
2018-08-13,42.977173886,42.683783994,43.199438956,42.648221583,12152082.0
2018-08-14,42.781580625,42.879377256,42.986064489,42.621549775,11513673.0
2018-08-15,42.763799419,42.532643747,42.906049064,42.252589759,14091015.0
2018-08-16,42.799361831,42.763799419,43.074970517,42.710455803,11874326.0
2018-08-17,42.86159605,42.994955092,43.119423531,42.666002789,11411979.0
2018-08-20,43.030517503,43.048298709,43.208329559,42.906049064,11936737.0
2018-08-21,43.190548353,43.039408106,43.24389197,43.003845695,10187882.0
2018-08-22,42.977173886,43.386141615,43.483938245,42.888267858,11639421.0
2018-08-23,43.386141615,43.528391259,43.861788864,43.279454381,11026688.0
2018-08-24,43.563953671,43.795109343,43.910687179,43.537281862,14011940.0
2018-08-27,43.928468385,43.857343563,44.186295866,43.81733585,12253333.0
2018-08-28,43.910687179,43.24389197,43.94624959,43.203884258,15475698.0
2018-08-29,43.24389197,43.46615704,43.652859698,43.24389197,17307730.0
2018-08-30,43.46615704,43.012736298,43.46615704,42.950502078,15154895.0
2018-08-31,43.012736298,43.190548353,43.235001367,42.986064489,17844087.0
2018-09-04,42.994955092,43.190548353,43.412813423,42.817143036,17289045.0
2018-09-05,43.039408106,42.710455803,43.106087627,42.483745432,16437911.0
2018-09-06,42.630440378,42.417065911,42.870486653,42.248144458,18456181.0
2018-09-07,42.194800841,42.505971938,42.666002789,42.079223005,20513945.0
2018-09-10,42.674893392,43.439485231,43.608406684,42.674893392,20390617.0
2018-09-11,43.137204737,43.492828848,43.608406684,43.137204737,14877344.0
2018-09-12,43.341688601,43.866234165,43.9773667,43.226110764,17058745.0
2018-09-13,43.812890549,43.528391259,44.226303578,43.457266437,22124422.0
2018-09-14,43.510610054,43.78621874,43.964030796,43.510610054,20066084.0
2018-09-17,43.839562357,43.723984521,44.399670333,43.657305,29225048.0
2018-09-18,42.239253855,43.590625479,44.044046221,42.105894813,33451106.0
2018-09-19,43.492828848,43.94624959,44.044046221,43.261673176,20904826.0
2018-09-20,44.150733455,44.835309869,45.408753749,44.061827427,26973480.0
2018-09-21,45.190933981,45.430980256,45.448761462,44.764185047,50752079.0
2018-09-24,45.173152775,45.555448695,45.875510396,45.084246748,23906147.0
2018-09-25,45.688807737,45.982197629,46.168900288,45.31540242,18665820.0
2018-09-26,46.008869438,45.902182204,46.328931138,45.835502683,18131040.0
2018-09-27,45.839947985,45.955525821,46.248915713,45.635464121,17993558.0
2018-09-28,45.822166779,45.839947985,46.24002511,45.777713765,16234246.0
2018-10-01,45.53766749,46.053322452,46.222243905,45.466542668,19217922.0
2018-10-02,45.91996341,44.657497814,46.053322452,44.568591786,22406822.0
2018-10-03,44.088499235,44.23074888,44.541919977,44.088499235,21207699.0
2018-10-04,44.16851466,43.981812002,44.257420688,43.715093918,19033961.0
2018-10-05,43.937358988,43.875124768,44.244084784,43.666195603,16900168.0
2018-10-08,43.803999946,43.884015371,44.132952249,43.470602341,16295812.0
2018-10-09,43.661750301,43.448375834,43.919577782,43.408368122,19009806.0
2018-10-10,43.395032217,42.141457224,43.546172465,42.114785416,20885381.0
2018-10-11,42.079223005,41.590239851,42.57354052,41.33241237,26387578.0
2018-10-12,42.141457224,42.123676019,42.452628322,41.483552618,23152878.0
2018-10-15,41.918368858,42.061191239,42.50751118,41.838031269,15693598.0
2018-10-16,42.462879186,43.052021508,43.221623086,42.373615198,13600168.0
2018-10-17,42.337909603,42.721744752,43.057912932,42.337909603,15071061.0
2018-10-18,42.462879186,42.293277609,42.96722072,42.070117638,15084839.0
2018-10-19,42.400394395,42.480731984,43.060947907,42.266498412,17768405.0
2018-10-22,42.712818353,42.793155943,43.279644678,42.58784877,16480411.0
2018-10-23,42.096896835,42.837787937,43.132359098,42.061191239,18921508.0
2018-10-24,42.73959755,41.739840882,43.1145063,41.686282489,20028237.0
2018-10-25,42.328983204,42.81100874,43.105579901,42.20401362,19349505.0
2018-10-26,42.168308025,42.239719216,42.909199127,41.695208888,23089139.0
2018-10-29,42.677112758,41.971927251,42.927051925,41.360468932,19248721.0
2018-10-30,42.025485644,43.355519068,43.400151062,41.882663263,24438150.0
2018-10-31,43.783986212,43.596531836,44.141042164,43.373371866,21082852.0
2018-11-01,43.703648622,43.373371866,43.953587789,43.150211895,17764930.0
2018-11-02,43.676869426,43.587605438,43.757207015,43.060947907,17289522.0
2018-11-05,43.739354218,43.757207015,43.855397402,43.293034277,13125823.0
2018-11-06,43.828618206,43.962514188,44.158894962,43.587605438,12362678.0
2018-11-07,44.257085349,44.864080469,45.078314041,44.158894962,14330012.0
2018-11-08,44.828374874,45.015829249,45.078314041,44.694478891,11967073.0
2018-11-09,45.00690285,45.176504428,45.359495603,44.908712463,15316391.0
2018-11-12,44.783742879,43.935734992,44.971197255,43.837544605,14374352.0
2018-11-13,44.158894962,44.194600557,44.6319941,43.953587789,13550762.0
2018-11-14,44.605214903,43.596531836,44.605214903,43.507267848,16093969.0
2018-11-15,44.667699695,45.194357225,45.247915618,43.783986212,24922802.0
2018-11-16,45.105093237,45.676382761,45.921858729,45.00690285,20929570.0
2018-11-19,45.569265976,44.230306153,45.61389797,44.09641017,19520494.0
2018-11-20,43.444783056,43.141285497,43.801839009,42.81100874,19389607.0
2018-11-21,43.525120646,43.400151062,43.895566197,43.319813473,13859507.0
2018-11-23,42.882419931,43.471562253,43.842007804,42.882419931,7807298.0
2018-11-26,43.882176599,43.078800705,43.882176599,42.931515124,21603804.0
2018-11-27,42.775303145,42.346836002,42.828861538,41.762156879,28054617.0
2018-11-28,42.605701567,43.016315913,43.069874306,42.28435121,29352889.0
2018-11-29,43.185917491,42.757450347,43.185917491,42.346836002,17052085.0
2018-11-30,42.927051925,43.525120646,43.596531836,42.58784877,22884489.0
2018-12-03,44.132115766,44.48024532,44.739110885,43.926808593,21966591.0
2018-12-04,44.203526956,43.516194247,44.828374874,43.480488652,24643471.0
2018-12-06,42.623554365,41.668429691,42.641407163,40.749010613,39877047.0
2018-12-07,41.739840882,41.061434572,41.989780049,40.887369795,23978045.0
2018-12-10,41.07036097,41.659503292,42.025485644,40.46782905,26375511.0
2018-12-11,41.936221656,41.472048917,42.070117638,41.114992964,22680164.0
2018-12-12,42.052264841,42.239719216,42.944904723,41.960769253,21404010.0
2018-12-13,42.382541597,42.159381626,42.440563189,41.730914483,23295388.0
2018-12-14,41.757693679,41.597018501,41.98353157,41.427416923,21434449.0
2018-12-17,41.436343322,40.820421803,42.159381626,40.641893827,30441145.0
2018-12-18,42.935978324,40.927538589,43.150211895,40.561556238,42855600.0
2018-12-19,41.114992964,41.463122518,42.346836002,40.838274601,34397250.0
2018-12-20,41.106066566,41.275668143,41.909442459,40.597261833,35165179.0
2018-12-21,41.132845762,39.276154808,41.248888947,39.151185224,58768410.0
2018-12-24,39.070847635,38.106796562,39.115479629,38.097870163,17230381.0
2018-12-26,38.383514926,39.802812338,39.820665136,37.847930996,21428929.0
2018-12-27,39.231522813,40.142015493,40.249132279,38.794129271,19048702.0
2018-12-28,40.293764273,40.008119511,40.851664199,39.93670832,39141279.0
2018-12-31,40.338396267,40.302690672,40.615114631,40.025972308,14932651.0
2019-01-02,39.704621951,40.365175464,40.472292249,39.677842754,14320441.0
2019-01-03,39.945634719,39.972413915,40.615114631,39.642137159,19868713.0
2019-01-04,40.499071446,41.695208888,41.909442459,40.39195466,20983953.0
2019-01-07,41.891589662,42.3557624,42.940441523,41.480975316,17967907.0
2019-01-08,42.784229544,42.73959755,43.168064693,42.13260243,16255688.0
2019-01-09,41.632724096,42.650333561,43.052021508,41.6059449,19100183.0
2019-01-10,42.293277609,42.686039157,42.828861538,41.846957668,16652730.0
2019-01-11,42.552143174,43.105579901,43.39988327,42.28435121,16397521.0
2019-01-14,42.712818353,43.007389514,43.150211895,42.50751118,14869411.0
2019-01-15,42.541379115,43.356897442,43.48684267,42.487608676,12142144.0
2019-01-16,43.536132239,43.070121767,43.719847907,43.061160027,14114001.0
2019-01-17,43.025313067,43.536132239,43.831869655,42.84607827,12711208.0
2019-01-18,43.858754874,44.15449229,44.423344486,43.796022695,15930597.0
2019-01-22,43.769137476,43.858754874,44.064874891,43.607826158,13318705.0
2019-01-23,44.082798371,44.12760707,44.342688827,43.760175736,15551202.0
2019-01-24,44.14553055,44.091760111,44.297880127,43.796022695,11442236.0
2019-01-25,44.450229705,44.629464502,44.719081901,44.315803607,16656580.0
2019-01-28,44.315803607,44.378535786,44.566732323,44.100721851,11799138.0
2019-01-29,44.262033168,44.459191445,44.737005381,44.082798371,10838600.0
2019-01-30,44.683234941,45.131321934,45.256786293,44.450229705,13483753.0
2019-01-31,45.023781056,45.014819316,45.256786293,44.871431479,20403558.0
2019-02-01,45.274709772,45.534600228,45.790009814,45.068589755,14849598.0
2019-02-04,45.149245414,45.731758505,45.928916782,45.149245414,12221237.0
2019-02-05,45.857222863,45.919955042,46.03645766,45.601813277,13345467.0
2019-02-06,45.875146343,45.937878522,46.143998539,45.677988066,9220899.0
2019-02-07,45.516676748,45.005857576,45.691430676,44.961048877,14905039.0
2019-02-08,44.889354958,45.731758505,45.731758505,44.647387982,11535561.0
2019-02-11,45.669026326,45.910993302,46.130555929,45.660064586,9714510.0
2019-02-12,46.117113319,45.902031562,46.197768978,45.875146343,14188483.0
2019-02-13,45.928916782,46.08126636,46.197768978,45.660064586,11342571.0
2019-02-14,45.919955042,46.135036799,46.377003775,45.785528944,11155293.0
2019-02-15,45.821375904,46.350118555,46.350118555,45.767605465,13822166.0
2019-02-19,46.135036799,46.618970751,46.762358589,45.919955042,12357469.0
2019-02-20,46.601047272,46.394927255,46.784762939,46.152960279,13440874.0
2019-02-21,46.269462897,46.69962641,46.914708167,46.161922018,14759499.0
2019-02-22,46.950555126,47.031210785,47.138751663,46.780282069,11689681.0
2019-02-25,47.273177761,47.102904704,47.524106477,47.013287305,14722184.0
2019-02-26,47.013287305,47.138751663,47.389680379,46.816218646,12041308.0
2019-02-27,47.067057744,46.941593386,47.174598623,46.834052508,10674216.0
2019-02-28,46.780282069,46.71754989,47.058096004,46.641375101,31856866.0
2019-03-01,47.049134265,47.058096004,47.255254281,46.932631646,15757663.0
2019-03-04,47.201483842,46.636894231,47.35831429,46.215692458,14850055.0
2019-03-05,46.636894231,46.923669906,47.126922166,46.614489881,16291901.0
2019-03-06,46.878861207,46.914708167,47.273177761,46.71754989,12389327.0
2019-03-07,46.780282069,47.120828183,47.613723876,46.771320329,16624134.0
2019-03-08,46.914708167,47.291101241,47.300062981,46.71754989,15071067.0
2019-03-11,46.547276832,47.192522102,47.654051705,46.515910743,20027695.0
2019-03-12,47.201483842,47.31798646,47.757111713,47.120828183,18048545.0
2019-03-13,47.550991697,47.550991697,47.918423031,47.264216021,19490842.0
2019-03-14,47.479297778,47.542029957,47.851209982,47.36279516,24000329.0
2019-03-15,46.06334288,47.443450818,47.846729112,45.704873286,43340219.0
2019-03-18,47.380718639,47.909461291,48.357548284,47.300062981,21953604.0
2019-03-19,48.214160446,48.429242203,48.729460488,48.169351747,19214018.0
2019-03-20,48.294816105,47.174598623,48.563668301,47.053615134,24111603.0
2019-03-21,47.165636883,48.429242203,48.438203943,46.914708167,16686327.0
2019-03-22,48.052849129,47.291101241,48.285854365,47.264216021,16201521.0
2019-03-25,47.102904704,47.264216021,47.443450818,46.810751984,11755914.0
2019-03-26,47.757111713,47.748149974,47.98115521,47.550991697,11657558.0
2019-03-27,47.748149974,47.3269482,48.079734348,46.878861207,12636047.0
2019-03-28,47.497221258,47.667494315,47.761592583,47.30902472,9103127.0
2019-03-29,47.918423031,48.133504788,48.155909137,47.721264754,11485721.0
2019-04-01,48.285854365,48.913176155,48.975908334,48.258969146,15191712.0
2019-04-02,48.760826578,48.527821341,48.841482237,48.285854365,10812078.0
2019-04-03,48.536783081,48.447165683,48.742903098,48.263450016,12853422.0
2019-04-04,48.267930885,48.232083926,48.527821341,47.864652592,9978761.0
2019-04-05,48.160390007,48.330663064,48.563668301,48.160390007,10016462.0
2019-04-08,48.151428267,48.142466527,48.326182195,47.792958673,10126799.0
2019-04-09,47.945308251,48.241045666,48.483012642,47.918423031,9789013.0
2019-04-10,48.268051283,48.583116892,48.754152508,48.250047534,8477336.0
2019-04-11,48.655131888,48.42108315,48.781158132,48.178032538,8147643.0
2019-04-12,48.700141261,49.060216243,49.060216243,48.493098146,9013994.0
2019-04-15,49.060216243,49.177240612,49.285263106,48.889180626,7694969.0
2019-04-16,49.21324811,49.141233113,49.429293099,48.902683438,7265205.0
2019-04-17,49.222249984,49.042212493,49.357278102,48.961195623,7792166.0
2019-04-18,49.006204995,49.078219992,49.21324811,48.813474861,8233110.0
2019-04-22,48.970197497,49.168238737,49.222249984,48.790160006,6088127.0
2019-04-23,49.285263106,49.456298722,49.636336213,49.258257482,10923390.0
2019-04-24,49.51030997,49.672343711,49.98740932,49.474302471,8769848.0
2019-04-25,49.645338088,49.519311844,49.708351209,49.132231239,8226211.0
2019-04-26,49.708351209,49.879386826,49.951401822,49.519311844,7101579.0
2019-04-29,49.771364331,49.582324966,49.951401822,49.582324966,6442963.0
2019-04-30,49.564321217,49.807371829,49.852381202,49.36177904,10562254.0
2019-05-01,49.798369955,49.402287475,49.883887763,49.330272479,7792905.0
2019-05-02,49.339274353,49.150234988,49.555319342,49.024208744,9652179.0
2019-05-03,49.330272479,49.321270604,49.528313719,49.21324811,11066476.0
2019-05-06,48.52010377,49.375281851,49.51030997,48.457090648,9305412.0
2019-05-07,48.790160006,48.610122516,49.186242486,48.298657656,11712353.0
2019-05-08,48.925188124,48.601120641,48.997203121,48.439086899,10729819.0
2019-05-09,48.12402129,48.835169379,48.925188124,47.781950058,10711773.0
2019-05-10,48.403079401,49.195244361,49.478803409,48.169030663,11200287.0
2019-05-13,48.358070028,48.097015667,48.565113143,48.061008169,10664674.0
2019-05-14,48.286055032,48.727146885,49.168238737,48.034002545,11520824.0
2019-05-15,48.529105645,49.11422749,49.339274353,48.466092523,8573131.0
2019-05-16,49.429293099,49.186242486,49.64083715,49.105225615,10013804.0
2019-05-17,48.781158132,49.060216243,49.438294973,48.781158132,9057070.0
2019-05-20,48.565113143,48.304058781,48.934189999,48.187034412,9820306.0
2019-05-21,48.799161881,48.763154383,48.853173128,48.632627202,8482013.0
2019-05-22,48.81716563,48.790160006,49.105225615,48.646130014,8389651.0
2019-05-23,48.358070028,47.781950058,48.358070028,47.268843209,11213892.0
2019-05-24,48.052006294,47.502891947,48.133023165,47.340858205,9090777.0
2019-05-28,47.781950058,46.584700744,47.961987549,46.584700744,28230397.0
2019-05-29,46.296640759,46.530689497,46.638711991,45.954569526,12448661.0
2019-05-30,46.746734486,46.55769512,46.836753231,46.323646382,8569531.0
2019-05-31,46.125605142,45.549485172,46.233627637,45.468468301,11847089.0
2019-06-03,45.513477674,45.225417688,45.977074213,44.91035208,17434453.0
2019-06-04,45.720520788,46.827751357,47.025792596,45.576490796,17073297.0
2019-06-05,47.511893822,46.899766353,47.92598005,46.670218552,15855294.0
2019-06-06,46.890764478,47.340858205,47.475886323,46.683721364,10266909.0
2019-06-07,47.529897571,47.9439838,48.088013792,47.511893822,11591841.0
2019-06-10,48.32206253,48.61912439,48.979199372,48.22304191,12984592.0
2019-06-11,49.060216243,48.556111268,49.159236862,48.466092523,11288443.0
2019-06-12,48.32206253,48.268051283,48.655131888,48.097015667,10235475.0
2019-06-13,48.592118766,48.466092523,48.592118766,48.106017541,11289078.0
2019-06-14,48.259049408,47.961987549,48.457090648,47.961987549,12973055.0
2019-06-17,48.015998796,47.826959431,48.200537224,47.664925689,15208007.0
2019-06-18,47.583908818,47.619916316,48.250047534,47.178824464,20999664.0
2019-06-19,47.484888198,47.421875076,47.826959431,47.034794471,35449547.0
2019-06-20,50.392493674,51.301683003,51.733772981,49.98740932,54173948.0
2019-06-21,51.436711121,50.518519918,51.445712996,50.464508671,45168973.0
2019-06-24,50.635544287,51.076636139,51.580741114,50.320478678,19544187.0
2019-06-25,51.193660508,50.473510545,51.472718619,50.464508671,25462063.0
2019-06-26,50.797578029,51.004621143,51.171155822,50.626542412,15045220.0
2019-06-27,51.310684878,51.103641763,51.661757985,51.094639889,12605801.0
2019-06-28,51.220666132,51.283679254,51.382699874,50.734564907,42570474.0
2019-07-01,51.445712996,52.219874206,52.291889202,51.337690501,20438274.0
2019-07-02,52.102849837,52.62495856,52.714977306,52.003829217,17569987.0
2019-07-03,52.615956686,52.985033542,53.069201069,52.552943564,9989106.0
2019-07-05,52.687971682,53.363112273,53.579157262,52.516936066,13838941.0
2019-07-08,53.282095402,53.588159136,53.71418538,53.12006166,16105621.0
2019-07-09,53.291097276,53.651172258,53.678177882,53.12006166,14348560.0
2019-07-10,53.957235992,54.146275358,54.461340967,53.786200376,16059070.0
2019-07-11,54.173280981,54.002245365,54.200286605,53.471134767,11150361.0
2019-07-12,54.09226411,53.840211623,54.09226411,53.381116022,11234299.0
2019-07-15,53.876219121,53.588159136,53.876219121,53.336106649,10721578.0
2019-07-16,53.479699381,52.973553841,53.759887092,52.955477214,9698897.0
2019-07-17,53.145281792,52.41317842,53.28085649,52.41317842,9090941.0
2019-07-18,52.142029023,52.530676492,52.548753119,52.060684204,11883356.0
2019-07-19,52.702404444,52.006454325,52.901247335,51.988377698,11663536.0
2019-07-22,52.313756975,52.060684204,52.494523239,52.015492638,8761770.0
2019-07-23,52.476446613,51.925109506,52.548753119,51.920590349,8141115.0
2019-07-24,51.925109506,52.521638179,52.621059625,51.861841313,10778775.0
2019-07-25,52.756634323,52.684327817,52.98711131,52.494523239,8176205.0
2019-07-26,52.729519383,52.874132395,53.009707093,52.602982998,6057434.0
2019-07-29,53.136243479,52.476446613,53.136243479,52.241450469,7439258.0
2019-07-30,52.205297216,51.961262759,52.553272275,51.907032879,6367207.0
2019-07-31,52.313756975,50.885703484,52.313756975,50.271098185,11966713.0
2019-08-01,50.885703484,50.506094329,51.382810712,50.180715052,10215157.0
2019-08-02,50.786282039,50.469941076,50.786282039,49.710722765,12644401.0
2019-08-05,49.801105897,48.589971924,49.801105897,48.522184575,16204573.0
2019-08-06,48.987657706,48.770738189,49.213615537,48.454397226,13149503.0
2019-08-07,48.02055819,48.210362768,48.865640477,47.875945179,16344061.0
2019-08-08,48.553818671,49.394381801,49.484764934,48.553818671,12460824.0
2019-08-09,49.023810959,48.716508309,49.231692163,48.373052406,8471272.0
2019-08-12,48.517665418,48.129017949,48.617086864,47.903060119,5293190.0
2019-08-13,48.029596504,48.779776502,49.023810959,47.903060119,11447038.0
2019-08-14,48.219401082,47.288454819,48.237477708,47.216148313,12489202.0
2019-08-15,47.586719155,47.532489276,47.649987348,46.963075543,11257013.0
2019-08-16,48.065749757,48.436320599,48.531222888,47.912098432,9913097.0
2019-08-19,49.005734333,48.68939337,49.141309031,48.589971924,8273335.0
2019-08-20,48.373052406,47.884983492,48.66227843,47.812676986,7577816.0
2019-08-21,48.38209072,48.119979636,48.743623249,48.056711443,6113303.0
2019-08-22,48.427282286,48.07478807,48.553818671,47.799119516,6744890.0
2019-08-23,47.957289998,46.61961964,48.192286142,46.321355303,11374639.0
2019-08-26,47.125765181,47.116726867,47.288454819,46.845577471,8582319.0
2019-08-27,47.396914578,47.351723011,47.559604216,47.198071687,13853329.0
2019-08-28,47.17999506,46.954037229,47.17999506,46.655772893,7499128.0
2019-08-29,47.586719155,47.143841807,47.731332167,47.080573615,6857966.0
2019-08-30,47.451144457,47.053458675,47.496336023,46.773270965,7919973.0
2019-09-03,46.944998916,46.89980735,46.999228796,46.5925047,10128192.0
2019-09-04,47.315569759,47.875945179,48.016039034,47.198071687,10558965.0
2019-09-05,48.562856984,48.66227843,49.105155778,48.472473852,10414555.0
2019-09-06,48.897274574,48.04767313,48.933427827,48.029596504,11636088.0
2019-09-09,48.463435539,49.294960356,49.421496741,48.309784214,17803751.0
2019-09-10,49.294960356,50.135523486,50.135523486,48.933427827,19976492.0
2019-09-11,49.954757222,50.876665171,50.876665171,49.855335776,16749432.0
2019-09-12,49.114194091,48.707469996,49.602263006,47.812676986,28184390.0
2019-09-13,48.806891442,48.580933611,49.457649994,48.201324455,14736699.0
2019-09-16,48.264592648,48.029596504,48.418243973,47.713255541,15204244.0
2019-09-17,48.065749757,47.785562047,48.083826383,47.315569759,11476416.0
2019-09-18,47.74037048,47.505374336,47.758447107,46.868173254,9091864.0
2019-09-19,47.351723011,48.237477708,48.508627105,47.351723011,14924422.0
2019-09-20,48.544780358,48.32786084,49.032849272,48.282669274,59791448.0
2019-09-23,48.056711443,48.824968068,48.960542766,47.957289998,14263866.0
2019-09-24,48.933427827,48.219401082,49.24976879,48.007000721,15658346.0
2019-09-25,48.183247829,48.66227843,48.757180719,47.803638673,12925541.0
2019-09-26,48.906312887,48.770738189,49.105155778,48.323341684,13375775.0
2019-09-27,48.978619393,48.888236261,49.349190235,48.463435539,12391079.0
2019-09-30,49.032849272,49.737837704,49.963795535,48.852083008,17507826.0
2019-10-01,49.746876017,48.626125177,50.289174811,48.580933611,16524234.0
2019-10-02,48.35497578,48.038634817,48.409205659,47.609314939,16057896.0
2019-10-03,47.957289998,48.680355056,48.698431683,47.848830239,11756060.0
2019-10-04,48.806891442,49.83725915,49.873412403,48.66227843,13835817.0
2019-10-07,49.773990957,49.5299565,50.036102041,49.484764934,12462476.0
2019-10-08,49.069002525,48.852083008,49.44454444,48.599010237,15055993.0
2019-10-09,49.160756324,49.505744088,49.923360854,49.079048696,12894659.0
2019-10-10,49.433115085,50.377292122,50.477157001,49.342328831,13924306.0
2019-10-11,50.767673013,51.648299673,52.047759188,50.57702188,18728437.0
2019-10-14,51.59382792,51.257918782,51.938815684,51.212525655,11094392.0
2019-10-15,51.412255413,51.158053903,51.580209982,51.158053903,9237020.0
2019-10-16,50.649650883,50.731358511,50.849380641,50.431763874,9032457.0
2019-10-17,50.849380641,49.986911232,51.056373299,49.918821541,9966612.0
2019-10-18,49.887046353,49.523901338,50.168483739,49.1879922,12562854.0
2019-10-21,49.986911232,50.050461609,50.20479824,49.769024223,8351624.0
2019-10-22,50.132169237,49.124441822,50.32282037,49.042734194,7875719.0
2019-10-23,49.024576944,49.142599073,49.596530341,48.906554814,10533647.0
2019-10-24,49.451272335,49.260621203,49.614687592,48.970105191,6483723.0
2019-10-25,49.060891445,49.178913575,49.405879209,49.033655569,6306964.0
2019-10-28,49.342328831,49.605608967,49.641923468,49.269699828,7280200.0
2019-10-29,49.678237969,49.750866972,50.209337553,49.532979964,8333852.0
2019-10-30,50.095854736,49.796260099,50.095854736,49.433115085,6284896.0
2019-10-31,49.678237969,49.469429586,49.796260099,49.242463952,8260599.0
2019-11-01,49.759945598,49.93243948,50.06861886,49.524173697,7313584.0
2019-11-04,50.168483739,50.340977621,50.613336382,50.168483739,8757046.0
2019-11-05,50.622415007,50.540707379,50.69504401,50.395449373,10759319.0
2019-11-06,50.57702188,50.567943255,50.735897824,50.477157001,10572139.0
2019-11-07,50.803987514,50.822144765,51.407716101,50.71320126,9677704.0
2019-11-08,50.822144765,51.285154658,51.285154658,50.628770045,5869591.0
2019-11-11,51.021874523,51.230682906,51.394098162,51.003717272,5018039.0
2019-11-12,51.32146916,51.375940912,51.607445858,51.217064968,6184949.0
2019-11-13,51.030953148,51.030953148,51.348705036,50.994638647,6818251.0
2019-11-14,50.667808134,50.922009644,51.13535734,50.513471503,9056240.0
2019-11-15,51.20344703,51.221604281,51.344165723,51.080885588,7216865.0
2019-11-18,51.348705036,51.012795897,51.348705036,50.803987514,6924199.0
2019-11-19,51.266997407,51.0854249,51.702771425,51.076346275,7199492.0
2019-11-20,51.040031773,51.058189024,51.403176788,50.667808134,9117146.0
2019-11-21,51.040031773,51.049110399,51.375940912,50.94924552,8067136.0
2019-11-22,51.221604281,51.194368405,51.800820579,51.062728337,6346924.0
2019-11-25,51.257918782,51.348705036,51.45764854,51.094503526,7977693.0
2019-11-26,51.521198918,51.303311909,51.621063796,51.217064968,12078595.0
2019-11-27,51.657378298,51.394098162,51.666456923,51.185289779,5790026.0
2019-11-29,51.139896652,50.967402771,51.285154658,50.922009644,6479396.0
2019-12-02,51.049110399,50.32282037,51.257918782,50.277427243,14314182.0
2019-12-03,49.587451716,49.56021584,49.923360854,49.44219371,14320507.0
2019-12-04,49.841653226,49.396800583,49.841653226,49.191896009,11436874.0
2019-12-05,49.478508212,49.641923468,49.778102848,49.296935704,10557403.0
2019-12-06,49.959675356,49.778102848,50.050461609,49.57837309,9088555.0
2019-12-09,49.787181474,50.213876866,50.368213497,49.714552471,12128860.0
2019-12-10,50.295584494,50.676886759,50.754055075,50.141247863,10719907.0
2019-12-11,50.658729508,51.121739402,51.294233284,50.522550128,12159819.0
2019-12-12,51.112660776,51.266997407,51.439491289,50.622415007,15433071.0
2019-12-13,49.93243948,49.487586837,50.295584494,49.405879209,21432189.0
2019-12-16,49.569294465,49.015498318,49.914282229,48.752218183,19951519.0
2019-12-17,48.924712065,47.971456402,49.079048696,47.962377776,19782558.0
2019-12-18,48.17118616,48.470780797,48.670510554,48.071321281,14123168.0
2019-12-19,48.389073168,48.334601416,48.661431929,48.153028909,11910116.0
2019-12-20,48.942869315,48.661431929,48.979183817,48.434466295,27423669.0
2019-12-23,48.706825056,48.761296808,49.083588008,48.670510554,10591502.0
2019-12-24,48.824847186,48.516173923,48.988262442,48.439005608,3331654.0
2019-12-26,48.525252549,48.634196053,48.715903681,48.370915918,6702209.0
2019-12-27,48.715903681,48.534331174,48.843004436,48.42538767,7262263.0
2019-12-30,48.479859422,47.844355647,48.56156705,47.771726644,5936134.0
2019-12-31,47.726333517,48.098557157,48.116714408,47.708176266,7095128.0
2020-01-02,48.361837292,48.979183817,48.988262442,48.325522791,13206090.0
2020-01-03,48.107635782,48.806689935,49.06997007,48.071321281,11026717.0
2020-01-06,48.44354492,49.060891445,49.206149451,48.434466295,10982367.0
2020-01-07,48.924712065,49.169834949,49.32417158,48.670510554,12037347.0
2020-01-08,49.188073063,49.361334722,49.789929352,48.969216231,11857642.0
2020-01-09,49.470763139,49.589310589,49.972310046,49.270144376,10671019.0
2020-01-10,49.744334179,49.653143832,49.835524526,49.443406034,9734775.0
2020-01-13,49.662262867,49.771691283,49.963191011,49.57107252,10859994.0
2020-01-14,49.716977075,50.045262323,50.318833364,49.698739006,12627494.0
2020-01-15,50.045262323,49.935833907,50.318833364,49.86288163,9090815.0
2020-01-16,50.13645267,50.546809231,50.5650473,50.090857497,9866036.0
2020-01-17,50.729189924,50.27323819,50.783904132,50.017905219,11166619.0
2020-01-21,50.13645267,50.355309502,50.482975988,50.077178945,8773031.0
2020-01-22,50.528571161,49.899357768,50.742868476,49.789929352,6380481.0
2020-01-23,49.616667693,50.13645267,50.15469074,49.498120243,6583173.0
2020-01-24,50.209404948,49.306620514,50.332511916,49.133358855,6426029.0
2020-01-27,48.495026428,48.048193728,48.80051409,47.99347952,8259053.0
2020-01-28,48.203217318,48.750359399,48.950978162,48.016277107,8620547.0
2020-01-29,49.042168509,48.513264497,49.188073063,48.495026428,6332477.0
2020-01-30,48.166741179,48.613573879,48.627252431,47.678508062,7176193.0
2020-01-31,48.640930983,47.829336896,48.773156985,47.678872824,8884763.0
2020-02-03,48.084669867,48.412955116,48.704764225,48.048193728,8892516.0
2020-02-04,49.014811405,49.27926341,49.753453214,49.014811405,9769854.0
2020-02-05,49.853762595,49.917595838,50.182047844,49.771691283,9612932.0
2020-02-06,50.15469074,49.890238734,50.473856953,49.890238734,8832013.0
2020-02-07,49.489001208,49.899357768,50.127333635,49.41604893,7864760.0
2020-02-10,49.899357768,50.145571705,50.218523982,49.653143832,7198216.0
2020-02-11,50.309714329,50.29147626,50.647118612,50.255000121,8466579.0
2020-02-12,50.656237647,50.820380271,50.966284826,50.382666607,7541074.0
2020-02-13,50.437380815,50.437380815,50.738308959,50.163809774,8480140.0
2020-02-14,50.501214057,50.583285369,50.916130135,50.373547572,7496836.0
2020-02-18,50.537690196,50.5650473,50.847737375,50.245881086,7185651.0
2020-02-19,50.692713786,50.555928265,50.85685641,50.510333092,6819545.0
2020-02-20,50.519452127,50.619761508,50.943487239,50.040702806,6114630.0
2020-02-21,50.227643017,49.86288163,50.464737919,49.644024797,9078643.0
2020-02-24,48.42207415,48.01171759,48.814192642,47.884051104,10992552.0
2020-02-25,48.394717046,46.470600729,48.531502566,46.324696174,12202812.0
2020-02-26,46.789766943,47.464575509,48.458550289,46.7259337,16413096.0
2020-02-27,46.397648451,46.306458105,48.750359399,46.288220035,16161095.0
2020-02-28,44.902126764,45.102745527,45.494864018,43.680176117,24427058.0
2020-03-02,45.348959463,46.415886521,46.415886521,44.382341787,17328615.0
2020-03-03,46.16055355,44.546484411,47.273075781,43.999342331,21830505.0
2020-03-04,45.458387879,46.087601272,46.128636928,44.528246342,14813717.0
2020-03-05,44.893007729,43.771366464,45.30336429,43.538831079,15842951.0
2020-03-06,42.467344504,43.196867279,44.044937504,42.367035123,24581381.0
2020-03-09,40.990060886,41.956678562,43.379247972,40.72560888,25949263.0
2020-03-10,43.269819556,44.300270475,44.601198619,42.093464082,27067704.0
2020-03-11,42.686201337,40.780323088,43.29717666,40.369966528,24142853.0
2020-03-12,37.492911086,36.293758026,39.572050993,36.211686714,24123760.0
2020-03-13,40.534109152,43.707533221,43.762247429,39.59484858,28339433.0
2020-03-16,38.765016424,38.956516152,43.379247972,37.625137089,27493699.0
2020-03-17,39.777229274,42.73179651,43.506914458,37.989898476,25588856.0
2020-03-18,39.822824447,43.105676932,43.58898577,38.810611598,29557006.0
2020-03-19,42.376154157,41.099489302,43.744009359,40.917108609,20159074.0
2020-03-20,41.053894129,41.628393314,42.585891955,40.58882336,26341191.0
2020-03-23,41.03565606,40.29701425,42.394392227,40.018883693,23063662.0
2020-03-24,41.336584204,43.625461909,43.780485498,41.3092271,19323686.0
2020-03-25,42.950653342,41.892845319,44.44617503,41.473369724,25625781.0
2020-03-26,42.294082845,46.032887064,46.269981966,42.120821186,22418935.0
2020-03-27,44.765341244,45.44014981,47.054218948,44.284312164,20025303.0
2020-03-30,45.959934787,45.923458648,47.040540396,45.221292978,20611903.0
2020-03-31,46.616505284,44.072294608,46.671219492,43.771366464,15803792.0
2020-04-01,42.449106435,44.418817926,44.674150897,41.984035666,17918494.0
2020-04-02,43.935509088,45.412792706,45.494864018,43.86255681,16434410.0
2020-04-03,44.956840972,45.048031319,45.640768573,44.637674758,13362483.0
2020-04-06,45.959934787,46.953909567,47.309551919,45.909780096,13845785.0
2020-04-07,47.555765856,46.288220035,47.71990848,46.242624862,14063019.0
2020-04-08,46.709688389,47.763359273,48.267288826,46.618064834,15710702.0
2020-04-09,47.864145184,48.725406602,49.128550244,47.671735718,15521532.0
2020-04-13,48.285613537,48.532997136,48.68875718,48.010742872,12695030.0
2020-04-14,49.211011444,49.476719754,49.568343309,48.9727902,11674648.0
2020-04-15,48.752893668,48.707081891,48.975538907,48.386399448,10398180.0
2020-04-16,48.697919535,49.201849088,49.357609132,48.624620691,14098314.0
2020-04-17,49.95316224,50.044785795,50.13640935,49.449232687,13608890.0
2020-04-20,49.522531531,49.394258554,50.008136373,49.293472643,10358912.0
2020-04-21,48.771218379,47.012046121,48.87200429,46.837961367,14111658.0
2020-04-22,47.671735718,47.89163225,48.175665271,47.433514475,9669227.0
2020-04-23,47.854982828,47.616761585,48.551321847,47.140319098,10330317.0
2020-04-24,48.019905227,48.569646558,48.60629598,47.603018052,9404138.0
2020-04-27,48.890329001,48.899491356,49.146874955,48.615458336,9123356.0
2020-04-28,49.385096198,48.743731313,49.611131509,48.679594824,8350539.0
2020-04-29,49.430907976,49.366771487,49.733265708,49.192686733,9064459.0
2020-04-30,48.991114911,48.532997136,49.105644355,48.377237092,11808809.0
2020-05-01,47.992418161,47.451839186,48.047392294,47.012046121,8702464.0
2020-05-04,47.378540342,47.415189764,47.451839186,46.819636656,7568136.0
2020-05-05,47.845820473,47.690060429,48.432211225,47.635086296,7271831.0
2020-05-06,48.038229938,47.515975674,48.102366427,47.369377986,7049965.0
2020-05-07,48.010742872,48.193989982,48.487185358,47.89163225,7155008.0
2020-05-08,48.734568957,49.082738467,49.275147932,48.345168848,8131796.0
2020-05-11,48.679594824,49.046089045,49.32095971,48.615458336,8138678.0
2020-05-12,49.293472643,47.89163225,49.316378532,47.873307539,8599125.0
2020-05-13,48.038229938,47.323566209,48.093204071,46.984559055,10274294.0
2020-05-14,46.856286078,48.478023003,48.583390091,46.599740123,13794017.0
2020-05-15,48.285613537,48.487185358,49.46297622,48.120691138,39055671.0
2020-05-18,49.394258554,48.697919535,49.430907976,48.624620691,9901976.0
2020-05-19,48.725406602,47.955768739,48.78954309,47.937444028,9805061.0
2020-05-20,48.642945402,48.468860647,48.807867801,48.235220582,9115916.0
2020-05-21,48.34058767,47.845820473,48.505510069,47.754196918,7464119.0
2020-05-22,47.955768739,48.212314693,48.230639404,47.717547496,7211659.0
2020-05-26,49.156037311,48.358912381,49.183524377,48.23980176,11200711.0
2020-05-27,48.560484203,48.743731313,48.78954309,48.166502916,9228093.0
2020-05-28,49.256823221,49.128550244,49.614155086,48.762056024,9465604.0
2020-05-29,49.128550244,49.265985577,49.42174562,48.551321847,14735338.0
2020-06-01,48.817030157,48.615458336,48.91323489,48.368074737,7364358.0
2020-06-02,48.780380735,48.817030157,48.826192512,48.230639404,8756250.0
2020-06-03,48.862841934,49.009439622,49.128550244,48.546740669,9188780.0
2020-06-04,48.771218379,48.42304887,49.191770497,48.221477049,9696217.0
2020-06-05,48.642945402,49.458395042,49.724103352,48.323362442,12210054.0
2020-06-08,48.881166645,50.48457886,50.498322393,48.817030157,11519522.0
2020-06-09,50.392955305,49.641642153,50.447929438,49.366771487,8852655.0
2020-06-10,49.934837529,49.577505664,50.081435217,49.385096198,7436715.0
2020-06-11,48.78954309,47.012046121,49.073576111,46.938747277,12806143.0
2020-06-12,48.056554649,47.515975674,48.560484203,46.711520861,11537560.0
2020-06-15,46.691363678,48.78954309,48.954465489,46.645551901,16038072.0
2020-06-16,49.898188107,50.017298729,50.392955305,49.275147932,19380240.0
2020-06-17,48.587971269,47.204455587,49.23849851,47.186130876,28692615.0
2020-06-18,47.277754431,49.192686733,49.472138576,47.021208477,19259542.0
2020-06-19,49.669129219,49.843213974,49.898188107,48.542159491,33020470.0
2020-06-22,49.559180953,50.502903571,50.745705992,49.366954734,16705854.0
2020-06-23,50.66782597,50.567040059,51.277122611,50.512065926,18695018.0
2020-06-24,50.502903571,49.879863396,51.015995479,49.779077485,18287769.0
2020-06-25,49.843213974,49.962324596,50.017298729,49.0552514,16008724.0
2020-06-26,49.797402196,49.641642153,50.012717551,49.135880129,17969438.0
2020-06-29,49.68745393,50.173058772,50.356305882,49.334703243,14366908.0
2020-06-30,50.209708194,50.640338903,50.796098947,49.930256351,18885859.0
2020-07-01,50.108922284,50.841910724,51.199242589,50.099759928,17856751.0
2020-07-02,51.11678139,51.254216722,51.698590965,50.988508413,15478903.0
2020-07-06,51.487856788,51.858932186,52.065085185,51.455788544,15309672.0
2020-07-07,51.629873298,51.593223876,52.179614629,51.506181499,13232198.0
2020-07-08,51.886419253,51.913906319,51.93223103,51.3000285,12582610.0
2020-07-09,52.216264051,52.711031249,52.958414847,52.060504007,15692557.0
2020-07-10,52.656057115,52.582758271,52.701868893,51.941393386,12615792.0
2020-07-13,52.591920627,52.234588762,52.990483092,52.19793934,15965564.0
2020-07-14,52.14257788,52.630235658,52.713045469,51.967757167,15510256.0
2020-07-15,52.832659641,52.096572429,53.219105427,51.875746265,10571043.0
2020-07-16,51.912550626,51.360485217,51.976958257,51.135058508,8779360.0
2020-07-17,51.599713561,50.513984923,51.636517921,50.385169661,14345065.0
2020-07-20,50.495582743,50.974039431,51.079851967,50.32076203,11469286.0
2020-07-21,51.342083037,51.443295028,51.83434136,51.139659053,11875095.0
2020-07-22,51.250072135,51.53530593,51.687123917,51.250072135,13842610.0
2020-07-23,51.52610484,51.305278676,51.857344085,51.158061234,12576046.0
2020-07-24,51.038447062,51.204066684,51.558308655,50.845224168,8939667.0
2020-07-27,51.213267774,50.91883289,51.480099389,50.900430709,10319936.0
2020-07-28,50.836023078,50.92803398,51.282275951,50.790017628,13030193.0
2020-07-29,51.121256873,51.250072135,51.434093938,50.92803398,7243071.0
2020-07-30,50.605995825,50.836023078,51.047648152,50.504783833,7633243.0
2020-07-31,50.771615447,51.020044881,51.038447062,49.984922239,9352834.0
2020-08-03,51.323680856,51.507702659,51.608914651,51.056849242,9165025.0
2020-08-04,51.323680856,51.52610484,51.53530593,51.093653602,6364339.0
2020-08-05,51.820539724,51.066050332,51.820539724,50.951036705,6629046.0
2020-08-06,51.056849242,50.863626349,51.158061234,50.546188739,8169855.0
2020-08-07,50.615196915,50.817620898,50.826821988,50.380569116,8772264.0
2020-08-10,50.826821988,50.550789284,51.176463414,50.495582743,10047111.0
2020-08-11,50.826821988,49.934316244,51.029245971,49.810101527,8075289.0
2020-08-12,50.164343497,49.842305342,50.32996312,49.658283539,9068344.0
2020-08-13,49.603076998,49.70428899,49.865308067,49.390163772,8260423.0
2020-08-14,49.71349008,49.869908613,50.196547313,49.474261736,5454407.0
2020-08-17,49.869908613,49.676685719,50.044729325,49.373049744,9523832.0
2020-08-18,51.176463414,50.771615447,52.377205678,50.486381653,21102607.0
2020-08-19,51.139659053,51.710126643,52.262192052,51.029245971,16751451.0
2020-08-20,51.148860143,50.845224168,51.351284127,50.688805636,10975123.0
2020-08-21,50.95563725,50.780816537,51.020044881,50.35756639,9551993.0
2020-08-24,51.305278676,51.53530593,51.622716286,51.010843791,7892051.0
2020-08-25,51.664121192,51.608914651,52.216186601,51.54450702,7427033.0
2020-08-26,51.838941905,52.897067272,52.897067272,51.580391271,11597557.0
2020-08-27,52.860262911,52.611833477,53.780371926,52.059768068,15834697.0
2020-08-28,52.749849829,53.255909788,53.513540312,52.634836203,8613830.0
2020-08-31,52.565828026,52.648637838,53.145496706,52.47841767,18683506.0
2020-09-01,52.78665419,53.053485804,53.37552396,52.519822576,10170906.0
2020-09-02,53.108692345,54.314035155,54.580866769,53.108692345,14342824.0
2020-09-03,54.02880136,52.538224756,54.277230794,52.124175699,15387416.0
2020-09-04,52.335800773,51.277675405,52.690042743,50.748612722,14697178.0
2020-09-08,50.92803398,50.900430709,51.332881946,50.486381653,16472847.0
2020-09-09,51.673322282,52.400208404,52.814257461,51.397381588,13993244.0
2020-09-10,52.851061821,52.749849829,53.531942492,52.216186601,20500894.0
2020-09-11,55.8598183,52.446213855,56.917943667,52.326599683,40220642.0
2020-09-14,55.997834652,54.709682031,56.586704422,54.60847004,50107372.0
2020-09-15,55.21574199,56.071443374,56.752232034,54.6452744,30385568.0
2020-09-16,56.237062996,55.602187776,56.48549243,54.884502744,21258937.0
2020-09-17,54.672877671,55.372160522,55.767807399,54.286431885,22831155.0
2020-09-18,55.188138719,54.976513646,55.473372514,54.677478216,49311743.0
2020-09-21,57.470009076,55.961030292,57.598732328,55.23414417,32560391.0
2020-09-22,55.556182325,55.777008489,55.896622661,54.709682031,13306036.0
2020-09-23,55.307752891,54.249627524,55.657394317,54.194420983,15513546.0
2020-09-24,54.047203541,54.562464589,55.114529998,53.633154484,9560454.0
2020-09-25,54.534861319,55.022519097,55.197339809,54.249627524,9371875.0
2020-09-28,55.23414417,54.820095113,55.703399768,54.718883122,9356280.0
2020-09-29,54.820095113,54.718883122,55.353758342,54.654475491,6394062.0
2020-09-30,54.764888572,54.930508195,55.565383415,54.62687222,11001511.0
2020-10-01,55.362959432,54.912106015,55.454970334,54.700480941,7357652.0
2020-10-02,54.01960027,54.130013352,54.764888572,53.835578467,7329794.0
2020-10-05,54.691279851,54.801692933,54.899592532,54.369241696,6899164.0
2020-10-06,54.755687482,54.755687482,55.694198677,54.659076036,9743637.0
2020-10-07,55.21760492,55.975149441,56.256919049,55.092887224,8690909.0
2020-10-08,56.159916397,56.252299875,56.631072136,56.012102832,7202796.0
2020-10-09,56.492496919,56.492496919,56.704978919,56.224584832,7355665.0
2020-10-12,56.575642049,56.778885701,57.120704571,56.418590136,8274959.0
2020-10-13,56.880507527,56.326206658,57.074512831,56.238442354,8896300.0
2020-10-14,56.677263875,56.31696831,56.838934962,56.215346484,6652230.0
2020-10-15,55.679522311,55.910481006,56.113724658,55.499374528,6251805.0
2020-10-16,56.086009615,55.697999006,56.455543528,55.670283963,6070963.0
2020-10-19,55.790382484,55.079029702,56.124533525,54.866547702,8311250.0
2020-10-20,55.356180137,55.199128224,55.734952398,55.08826805,9241256.0
2020-10-21,54.820355963,55.125221441,55.540947093,54.70949579,10114873.0
2020-10-22,54.912739442,55.143698137,55.305369224,54.219863355,11900906.0
2020-10-23,55.337703441,55.337703441,55.577900485,55.162174833,9739283.0
2020-10-26,53.674800834,53.111261617,54.025858051,52.219761052,18876908.0
2020-10-27,53.249836834,52.732489356,53.56394066,52.677059269,10806520.0
2020-10-28,51.984183183,51.355975531,52.289048661,51.300545444,13910925.0
2020-10-29,50.995679966,51.753224487,52.432243052,50.940249879,13573708.0
2020-10-30,51.503789096,51.836369618,52.321382878,51.226638661,12603416.0
2020-11-02,52.141235096,52.150473443,53.092784921,51.840988791,11413156.0
2020-11-03,52.658582574,52.473815617,53.120499965,52.256714443,8911182.0
2020-11-04,53.582417356,52.187426835,53.665562486,52.058089965,12054854.0
2020-11-05,53.083546573,52.344478748,53.259075182,52.118139226,9017093.0
2020-11-06,52.446100574,52.473815617,52.640105878,51.873323009,7510696.0
2020-11-09,53.757945964,52.510769008,54.58015892,52.446100574,11486564.0
2020-11-10,52.575437443,52.353717095,52.880302921,51.919514748,9016029.0
2020-11-11,52.71401266,52.84334953,53.240598486,52.473815617,7724436.0
2020-11-12,52.894160443,52.150473443,53.111261617,51.82713127,7325363.0
2020-11-13,52.5477224,52.575437443,52.741727704,52.238237748,5871756.0
2020-11-16,52.677059269,52.797157791,53.222121791,52.543103226,6309178.0
2020-11-17,52.658582574,52.769442747,53.018878138,52.483053965,5569888.0
2020-11-18,52.769442747,51.965706487,52.92649466,51.956468139,8998775.0
2020-11-19,51.817892922,52.150473443,52.178188487,51.328260487,9643358.0
2020-11-20,52.067328313,51.457597357,52.141235096,51.439120661,8397531.0
2020-11-23,51.596172574,51.808654574,52.261333617,51.522265792,8236572.0
2020-11-24,52.289048661,53.185168399,53.490033877,52.067328313,10427806.0
2020-11-25,53.323743617,53.037354834,53.360697008,52.898779617,6848882.0
2020-11-27,53.028116486,53.360697008,53.462318834,52.797157791,5627039.0
2020-11-30,53.222121791,53.323743617,53.762565138,52.84334953,26676923.0
2020-12-01,53.767184312,54.266055094,54.764925876,53.591655703,11856022.0
2020-12-02,53.850329442,54.58015892,54.751068355,53.711754225,9330428.0
2020-12-03,54.70949579,54.755687529,55.411610224,54.561682224,9783917.0
2020-12-04,54.79264092,55.393133528,55.93819605,54.755687529,10872722.0
2020-12-07,55.393133528,55.245319963,55.614853876,55.08826805,14922926.0
2020-12-08,54.49701379,54.533967181,55.162174833,53.785661008,15237803.0
2020-12-09,54.404630311,55.180651528,55.346941789,54.321485181,12204062.0
2020-12-10,54.977407876,54.949692833,55.254558311,54.543205529,14219868.0
2020-12-11,56.298491615,55.993626137,56.353921702,54.894262746,16209933.0
2020-12-14,56.196869789,56.132201354,56.963005973,56.067532919,16193565.0
2020-12-15,56.437066832,57.148419614,57.453285092,56.261538223,15510275.0
2020-12-16,57.157657962,57.998347613,58.377119874,57.139181266,16119875.0
2020-12-17,58.192352918,58.765130483,59.171617787,57.952155874,15320549.0
2020-12-18,58.645031961,60.104690916,60.358745481,58.598840222,33728701.0
2020-12-21,59.023804221,59.568866743,60.224789438,59.014565874,18210155.0
2020-12-22,59.642773525,60.187836047,60.973095612,59.522675004,17148222.0
2020-12-23,60.289457873,60.326411264,61.157862568,60.187836047,13075190.0
2020-12-24,60.095452569,60.012307438,60.594323351,59.846017177,3796498.0
2020-12-28,60.42803309,59.929162308,60.686706829,59.818302134,6463473.0
2020-12-29,60.280219525,59.550390047,60.298696221,59.333288873,7770151.0
2020-12-30,59.864493873,59.49495996,59.966115699,59.444149047,6191976.0
2020-12-31,59.439529873,59.762872047,59.83677883,59.134664395,6928616.0
2021-01-04,59.762872047,58.894467352,59.772110395,58.358643178,11249924.0
2021-01-05,58.829798917,58.164637874,58.931420743,57.721197179,11005681.0
2021-01-06,57.747321493,58.025532453,58.748880947,57.408831492,8685354.0
2021-01-07,58.285196015,58.489217385,59.110555195,58.285196015,7383087.0
2021-01-08,58.59122807,58.776702043,58.925081222,58.336201357,7751661.0
2021-01-11,58.377933001,58.45212259,58.948265468,58.275922316,6286635.0
2021-01-12,58.424301495,57.886426973,58.442848892,57.663858205,7758409.0
2021-01-13,57.793689986,57.552573821,58.04407985,57.464473684,8298324.0
2021-01-14,57.56184752,57.125983684,57.654584507,57.037883546,10258642.0
2021-01-15,57.125983684,57.292910259,57.49229478,56.764309436,7532602.0
2021-01-19,57.589668616,56.838499025,57.76586889,56.662298751,8903369.0
2021-01-20,56.912688615,57.088888889,57.520115876,56.704030395,7025010.0
2021-01-21,57.172352177,56.764309436,57.35782615,56.495372175,6951250.0
2021-01-22,56.513919573,55.976045051,56.708667244,55.401075735,9897003.0
2021-01-25,55.994592448,56.476824778,56.518556422,55.428896831,8524722.0
2021-01-26,56.625203956,57.311457657,57.534026424,56.421182586,8186548.0
2021-01-27,56.940509711,58.006985055,58.59122807,56.912688615,14789029.0
2021-01-28,58.006985055,56.773583135,58.646870262,56.727214642,11166414.0
2021-01-29,56.717940943,56.040960941,57.033246697,55.832302722,11451806.0
2021-02-01,56.495372175,57.042520396,57.506205328,56.3284456,10553525.0
2021-02-02,57.385647246,57.84005848,58.350111905,57.306820807,10528004.0
2021-02-03,57.663858205,57.654584507,58.192459028,57.478384232,9933501.0
2021-02-04,57.942069165,58.748880947,58.785975742,57.728774096,9928668.0
2021-02-05,58.887986427,58.980723414,59.411950401,58.683965057,9170225.0
2021-02-08,59.156923688,58.52631218,59.231113277,58.271285467,7003488.0
2021-02-09,58.498491084,59.045639304,59.20792903,58.340838207,5437365.0
2021-02-10,59.203292181,58.674691358,59.258934373,58.359385604,9577544.0
2021-02-11,58.943628619,58.146090535,59.320697206,57.756595192,7690915.0
2021-02-12,57.793689986,58.498491084,58.535585878,57.784416288,6663628.0
2021-02-16,58.52631218,57.626763411,58.665417659,57.589668616,7526113.0
2021-02-17,57.339278752,57.580394917,57.636037109,56.903414916,6245136.0
2021-02-18,57.320731355,57.56184752,57.687042452,57.181625875,6262831.0
2021-02-19,57.738047794,56.690119847,57.830784781,56.639114504,10905120.0
2021-02-22,58.285196015,59.768987799,60.250941918,57.756595192,20940315.0
2021-02-23,59.741166703,59.815356292,60.483062595,59.398039853,18175420.0
2021-02-24,59.806082593,60.000830265,60.418146704,59.425860949,10609343.0
2021-02-25,59.945188073,60.557252184,61.540264241,59.894182731,15356112.0
2021-02-26,60.779820952,59.824629991,61.466074652,59.815356292,20512572.0
2021-03-01,60.232672731,61.364063967,61.883391091,60.065746156,11758868.0
2021-03-02,61.345516569,61.8184752,62.523276298,61.20641109,13282034.0
2021-03-03,61.438253556,62.050317667,62.634560682,61.391885063,15827615.0
2021-03-04,61.832385748,60.844736842,62.421265613,60.566525883,19951123.0
2021-03-05,62.42135835,64.888069454,66.510966717,62.42135835,34211451.0
2021-03-08,65.351754386,66.919009458,67.637721103,65.008627536,23300493.0
2021-03-09,67.141578226,67.364146993,67.902021515,66.77063028,17296384.0
2021-03-10,68.161685077,66.881914663,68.272969461,66.306945347,21378578.0
2021-03-11,62.736571367,62.514002599,63.153887806,60.677810266,38095367.0
2021-03-12,62.09668616,62.282160133,62.940592737,61.623727529,11606331.0
2021-03-15,62.087412461,62.810760956,62.857129449,62.041043968,8921150.0
2021-03-16,63.06115082,61.994675475,63.12606671,61.837022598,14512509.0
2021-03-17,61.948306982,61.41043246,61.994675475,61.354790268,11892394.0
2021-03-18,61.642274926,61.89266479,62.138417804,61.289874377,13751415.0
2021-03-19,61.939033283,61.447527254,61.980764927,61.164679446,30963637.0
2021-03-22,61.41043246,61.503169446,61.688643419,61.076579308,10263671.0
2021-03-23,61.512443145,62.384170818,63.005508628,61.512443145,12390136.0
2021-03-24,62.23579164,61.976128077,62.50936575,61.89266479,11391115.0
2021-03-25,62.09668616,63.645393834,63.738130821,61.911212187,14844716.0
2021-03-26,63.589751643,65.147733016,65.2590174,63.320814382,12617298.0
2021-03-29,65.110638221,65.963818497,67.076662335,65.073543427,15183697.0
2021-03-30,65.685607537,65.425943975,65.889628908,64.869522056,12000182.0
2021-03-31,65.565049455,65.073543427,65.935997401,64.832427262,9971736.0
2021-04-01,65.342480687,66.594430005,66.612977402,65.226559454,13228748.0
2021-04-05,66.946830554,68.773749188,69.455366039,66.826272471,25010153.0
2021-04-06,68.272969461,68.885033572,69.228160422,67.846379323,14699810.0
2021-04-07,68.549735955,68.987485627,69.089937678,68.410028612,12356770.0
2021-04-08,69.173762084,70.114458188,70.347303759,69.06199621,13507957.0
2021-04-09,70.179654948,70.393872873,70.496324924,69.760532921,13285733.0
2021-04-12,70.08651672,70.896819305,70.957359154,70.039947606,10634896.0
2021-04-13,70.934074597,71.40907956,71.725749536,70.691915203,13142446.0
2021-04-14,71.753691005,71.548786903,72.056390246,71.260058395,12730816.0
2021-04-15,71.716435714,72.917918857,73.160078251,71.558100726,13604189.0
2021-04-16,72.936546503,73.532631163,73.895870253,72.517424476,13334088.0
2021-04-19,73.402237644,73.346354707,74.706172839,72.964487971,19967188.0
2021-04-20,73.299785593,73.802732025,73.970380836,73.253216479,12562254.0
2021-04-21,73.383609998,71.399765738,73.895870253,71.278686041,18672795.0
2021-04-22,70.887505483,69.732591453,71.232116927,69.616168668,16769293.0
2021-04-23,69.192389729,69.825729681,69.85367115,68.782581525,10665756.0
2021-04-26,69.825729681,69.387980009,69.890926441,69.111452609,9402153.0
2021-04-27,69.285527957,70.058575252,70.249508619,69.12719297,9300188.0
2021-04-28,70.002692315,69.639453225,70.105144366,69.537001174,6107809.0
2021-04-29,70.207596417,70.663973735,70.691915203,69.518373528,7940387.0
2021-04-30,70.375245227,70.589463152,70.710542849,70.030633783,7825321.0
2021-05-03,71.04584047,72.023791867,72.163499209,70.859564014,15319639.0
2021-05-04,71.781632473,73.141450605,73.299785593,71.651238954,15316549.0
2021-05-05,73.551258809,73.756162911,74.352247572,73.038998554,12271945.0
2021-05-06,73.746849088,74.268423166,74.474258651,73.169392073,14089717.0
2021-05-07,74.333619926,74.883135472,75.013528992,73.188019719,14073449.0
2021-05-10,73.364982353,74.650289902,75.184251364,73.206647365,17356662.0
2021-05-11,74.277736989,72.359089488,74.417444331,71.950585219,12980394.0
2021-05-12,72.247323614,71.483590143,72.824780629,71.278686041,12302575.0
2021-05-13,72.210068323,72.778211515,73.0576262,71.60466984,11399492.0
2021-05-14,72.759583869,73.476748226,73.625769392,72.759583869,9033402.0
2021-05-17,73.467434404,73.65371086,74.072832887,73.439492935,6637900.0
2021-05-18,73.569886455,73.29047177,74.01694995,73.011057085,6643073.0
2021-05-19,72.470855362,73.337040884,73.364982353,72.228695969,8165040.0
2021-05-20,73.532631163,73.318413239,73.877242608,73.281157947,8802676.0
2021-05-21,73.756162911,73.607141746,74.370875217,73.560572632,8628957.0
2021-05-24,74.035577596,73.933125545,74.395091157,73.709593797,7044732.0
2021-05-25,74.152000381,73.42086529,74.212540229,73.253216479,7160582.0
2021-05-26,73.197333542,73.821359671,73.923811722,73.161009633,12851068.0
2021-05-27,74.044891419,73.560572632,74.557151674,73.430179112,12867810.0
2021-05-28,73.532631163,73.337040884,73.914497899,73.271844124,6929875.0
2021-06-01,74.119402001,74.110088178,74.352247572,73.094881491,10485636.0
2021-06-02,74.231167875,74.762055776,75.376768082,74.054205241,12249543.0
2021-06-03,74.324306103,75.525789247,75.870400691,74.184598761,12038728.0
2021-06-04,75.828488489,77.202277354,78.198856396,75.786576286,14502894.0
2021-06-07,77.248846469,78.180228751,78.468957258,77.165022063,10445620.0
2021-06-08,78.264053156,78.80425488,79.195435438,78.231454776,10726824.0
2021-06-09,78.794941057,78.720430474,79.009158982,78.264053156,9720292.0
2021-06-10,78.385132853,76.652761808,78.664547537,76.103246262,16680776.0
2021-06-11,76.354719478,77.211591177,77.528261153,76.224325958,11066521.0
2021-06-14,77.304729406,76.950804138,77.397867634,76.49442682,10173176.0
2021-06-15,76.373347124,76.038049502,76.848352087,75.76794864,17298048.0
2021-06-16,72.638504173,71.790946296,73.160078251,70.691915203,36560609.0
2021-06-17,71.707121891,72.238009791,72.405658602,71.306627509,14836059.0
2021-06-18,71.623297485,70.999271356,71.632611308,70.761768874,22521187.0
2021-06-21,71.353196624,72.638504173,72.740956224,71.297313687,8924329.0
2021-06-22,72.703700932,73.281157947,73.756162911,72.33114802,9845790.0
2021-06-23,73.35566853,72.740956224,73.458120581,72.703700932,7295957.0
2021-06-24,73.253216479,72.405658602,73.541944986,72.279921994,9623990.0
2021-06-25,72.675759464,73.076253845,73.215961188,72.240803938,12845044.0
2021-06-28,73.104195314,73.113509137,73.546601898,72.955174149,5605358.0
2021-06-29,73.150764428,72.740956224,73.197333542,72.480169185,5392865.0
2021-06-30,72.26595126,72.49879683,72.843408275,72.256637437,7899840.0
2021-07-01,72.62919035,74.08214671,74.156657292,72.56399359,13108048.0
2021-07-02,73.998322304,76.205698313,76.615506517,73.905184076,15258432.0
2021-07-06,76.000794211,77.379239988,77.891500243,75.777262463,14200383.0
2021-07-07,77.463064393,80.182700657,81.188593521,77.267474114,20976638.0
2021-07-08,79.186121615,79.717009516,80.927806482,78.846167082,16383270.0
2021-07-09,79.987110378,81.738109068,82.334193728,79.893972149,15685337.0
2021-07-12,81.523891143,81.104769116,82.753315755,81.002317065,16076792.0
2021-07-13,80.750843849,81.095455293,81.896444056,80.592508861,12789253.0
2021-07-14,81.403945257,82.525726772,82.890305764,81.011321727,13330546.0
2021-07-15,82.357459544,80.618698196,82.983787557,79.936281108,18306277.0
2021-07-16,81.09545534,81.787220608,82.708016268,80.880447217,14617487.0
2021-07-19,81.245026209,81.310463464,82.142451421,80.56728321,15619867.0
2021-07-20,81.422641615,82.880957585,83.245536577,81.347856181,12813858.0
2021-07-21,83.095965708,83.843820052,84.362644002,82.689319909,13108092.0
2021-07-22,84.13361361,84.778637981,85.199306049,83.834471872,13639256.0
2021-07-23,85.059083359,81.974184194,85.255395124,81.436663884,12680902.0
2021-07-26,81.740479711,82.133103241,82.357459544,81.020669906,10454091.0
2021-07-27,82.039621449,82.077014166,82.824868509,81.441337974,8465196.0
2021-07-28,82.170495959,81.49742705,82.212562765,81.441337974,6397023.0
2021-07-29,81.964836014,81.918095118,82.507030413,81.632975649,6201421.0
2021-07-30,81.712435173,81.460034333,82.404200441,81.207633492,7962771.0
2021-08-02,82.011576911,81.89005058,82.198540496,81.413293436,5579320.0
2021-08-03,82.1517996,83.890560948,84.287858568,82.086362345,9889768.0
2021-08-04,83.937301844,84.180354506,84.217747223,83.460544701,7509939.0
2021-08-05,84.301880837,83.60076739,84.619718933,82.969765288,8231282.0
2021-08-06,83.423151983,83.684901004,84.021435458,83.030528453,6513914.0
2021-08-09,83.628811928,84.040131817,84.572978036,83.292277473,5798690.0
2021-08-10,83.292277473,83.797079155,84.241117671,83.133358425,5473399.0
2021-08-11,84.040131817,83.787730976,84.52623714,83.675552824,8009834.0
2021-08-12,83.301625653,83.955998203,84.114917251,82.890305764,5687319.0
2021-08-13,84.713200725,84.488844423,85.386269634,84.086872713,6640448.0
2021-08-16,84.002739099,84.900164311,84.91886067,83.703690844,7123782.0
2021-08-17,85.059083359,85.021690642,85.792915433,84.476598308,6738472.0
2021-08-18,84.591674395,83.142706605,85.110498345,83.06792117,7666310.0
2021-08-19,82.535074951,82.927698481,83.563374673,82.480201138,8099673.0
2021-08-20,83.011832095,83.142706605,83.572722852,82.54442313,8716473.0
2021-08-23,83.656856466,83.310973832,83.730707082,82.927698481,7147300.0
2021-08-24,83.395107446,82.778127612,83.806427334,82.703342178,6320123.0
2021-08-25,82.778127612,82.843564867,83.105313888,82.310718648,5748627.0
2021-08-26,83.021180274,82.93704666,83.367062908,82.693993999,9093352.0
2021-08-27,83.002483915,83.525981956,83.684901004,82.834216688,5426758.0
2021-08-30,83.628811928,83.619463749,84.116225996,83.479241059,5356951.0
2021-08-31,83.619463749,83.320322011,83.666204645,82.722038537,8113258.0
2021-09-01,83.441848342,84.086872713,84.292532657,83.07726935,8208004.0
2021-09-02,84.292532657,83.946650024,84.601022574,83.582071031,7717680.0
2021-09-03,83.516633776,84.13361361,84.578306498,83.479241059,8457134.0
2021-09-07,84.171006327,82.93704666,84.759941622,82.768779433,11046158.0
2021-09-08,82.394852262,83.638160107,83.759686438,82.235933214,8851215.0
2021-09-09,83.759686438,83.703597362,84.909512491,83.582071031,11034731.0
2021-09-10,83.806427334,83.834471872,84.64776347,83.675552824,10547389.0
2021-09-13,84.245791761,83.095965708,84.610370753,82.478985875,18883408.0
2021-09-14,80.5719573,80.758920886,81.282418926,79.207123124,22714211.0
2021-09-15,80.908491754,82.011576911,82.600512206,80.553260941,14951102.0
2021-09-16,81.955487835,81.562864305,82.235933214,80.5719573,12410530.0
2021-09-17,80.585979569,80.758920886,81.862006042,80.347600997,58069781.0
2021-09-20,79.487568502,80.553260941,81.712435173,79.394086709,13897724.0
2021-09-21,81.086107161,81.254374388,81.946139656,80.506520045,11124697.0
2021-09-22,81.904072849,82.67529764,83.198795681,81.553516125,9908007.0
2021-09-23,83.142706605,83.591419211,84.189702685,82.880957585,9720231.0
2021-09-24,83.451196521,84.077524534,84.189702685,83.142706605,7617784.0
2021-09-27,83.927953665,85.105824256,85.353551007,83.33901837,11532971.0
2021-09-28,84.731897084,84.591674395,86.255650308,84.181663251,15041761.0
2021-09-29,85.208654228,85.302136021,86.078034902,85.068431539,12007329.0
2021-09-30,85.302136021,81.450686153,85.610625937,81.441337974,15651919.0
2021-10-01,82.039621449,83.890560948,84.381340361,81.88537649,13320918.0
2021-10-04,83.647508286,83.441848342,84.538950664,83.161402963,10853862.0
2021-10-05,83.525981956,85.526492324,85.97520493,83.356032056,9788585.0
2021-10-06,84.52623714,85.386269634,85.535840503,83.806427334,10268251.0
2021-10-07,85.732152268,86.293043025,86.825889245,85.676063192,9124444.0
2021-10-08,86.658890341,88.544410687,89.135394676,86.405611488,13202330.0
2021-10-11,88.450603704,89.388673528,90.805158963,88.36617742,12959279.0
2021-10-12,89.895231233,89.651333079,90.542499412,89.360531434,9964109.0
2021-10-13,90.148510086,90.429931033,90.983392229,90.007799612,9461742.0
2021-10-14,90.805158963,89.37929283,91.321097366,88.52564929,7911808.0
2021-10-15,89.201059564,89.426196321,90.092225896,88.863354427,7423125.0
2021-10-18,89.585668192,90.533118714,90.664448489,89.210440262,7344106.0
2021-10-19,90.992772928,91.049057117,91.255338671,90.354885447,5616545.0
2021-10-20,91.24605178,90.655067791,91.902419236,90.28922056,6574073.0
2021-10-21,90.589402903,90.336124051,90.833301057,89.782662855,6224679.0
2021-10-22,90.326743352,92.165360208,92.184121604,90.261078465,6819582.0
2021-10-25,92.343593474,91.827655071,92.822009084,91.508711331,5083106.0
2021-10-26,92.212263699,90.974011531,92.456161853,90.936488738,7089655.0
2021-10-27,90.814539661,90.082845198,91.274193875,90.054703104,5941450.0
2021-10-28,90.664448489,90.270459163,91.649421804,89.989038216,5177185.0
2021-10-29,89.85770844,89.998418914,90.964630833,89.548145399,7578628.0
2021-11-01,90.054703104,88.535029989,90.082845198,88.094137171,7327599.0
2021-11-02,87.925284603,89.932754026,89.974967168,87.709528544,6229796.0
2021-11-03,90.523738016,90.195413577,90.87082385,88.879395421,5746432.0
2021-11-04,90.270459163,89.707617269,90.626925696,89.416815623,5857745.0
2021-11-05,90.242317068,89.069729788,90.570641507,88.272370438,6160237.0
2021-11-08,89.351150736,89.247963055,89.351150736,88.469365101,5056415.0
2021-11-09,89.21982096,88.732024652,89.688855872,88.230157296,6102570.0
2021-11-10,88.272370438,88.019091585,88.975922806,87.573508419,5828755.0
2021-11-11,88.281751136,88.216086248,88.891496522,87.990949491,3620667.0
2021-11-12,88.450603704,87.747051336,88.619456273,87.643863656,6435453.0
2021-11-15,88.009710887,88.197324852,88.413080912,87.165448046,5700925.0
2021-11-16,88.309893231,89.688855872,90.401788938,88.197324852,7392924.0
2021-11-17,89.829566346,89.426196321,90.18134253,88.947780711,6257596.0
2021-11-18,89.257343753,88.797689539,89.426196321,87.709528544,5727254.0
2021-11-19,88.938400013,88.150421361,90.955250135,88.122279266,8938025.0
2021-11-22,87.925284603,88.750786048,89.745140062,87.625102259,6489341.0
2021-11-23,88.328654627,87.184209442,88.450603704,86.546321962,8905642.0
2021-11-24,86.518179867,87.784574129,87.897142508,86.443134281,10908548.0
2021-11-26,87.137305951,86.611986849,88.253609041,86.368088695,4519322.0
2021-11-29,87.399965502,87.184209442,88.300512533,87.113854205,9552635.0
2021-11-30,87.259255028,85.120455829,87.72828994,84.998506752,23271206.0
2021-12-01,86.011622162,84.191766704,86.668271039,84.107340419,12085340.0
2021-12-02,83.863442265,84.416903461,85.401876776,83.488308142,7090016.0
2021-12-03,84.754608598,82.775281269,85.16735932,82.29029917,10808740.0
2021-12-06,82.869088252,83.431930146,83.647686206,82.409434038,8398492.0
2021-12-07,84.407522763,84.473187651,85.111075131,83.685208999,6803903.0
2021-12-08,84.473187651,83.431930146,84.58575603,82.465718227,7695809.0
2021-12-09,83.600782714,83.272458276,84.416903461,82.775281269,8615780.0
2021-12-10,97.831301944,96.274106037,99.754345084,93.900789382,45824639.0
2021-12-13,96.09587277,94.641864543,97.896966832,94.297123883,16317620.0
2021-12-14,93.80229205,93.703794719,95.176564343,93.234759807,9511569.0
2021-12-15,94.351062897,97.230937257,97.334124938,94.032119157,14452216.0
2021-12-16,97.512358204,96.827567233,97.559261696,95.945781598,9053176.0
2021-12-17,91.640041106,90.636306394,93.760078908,89.876469837,28961171.0
2021-12-20,90.44869243,85.964718671,90.44869243,85.852150292,17205399.0
2021-12-21,86.119500192,85.842769594,86.152332636,84.154243911,15822978.0
2021-12-22,85.617632836,84.294954384,86.171094032,83.966629946,10538961.0
2021-12-23,84.454426254,84.163624609,84.763989296,83.544498525,9655431.0
2021-12-27,84.144863212,83.99477204,84.735847201,83.506975732,7668988.0
2021-12-28,84.144863212,83.159889897,84.238670195,83.03794082,5614472.0
2021-12-29,83.019179424,82.747139175,83.666447602,82.284107909,5628531.0
2021-12-30,83.159889897,82.55952521,83.403788051,82.334388452,7382356.0
2021-12-31,82.597048003,81.809069351,82.643951494,81.780927256,5908158.0
2022-01-03,81.921637729,82.456337529,82.493860322,80.448868106,10653484.0
2022-01-04,82.456337529,83.338123164,84.036328534,82.296865659,11958975.0
2022-01-05,83.009798725,81.105516983,83.112986406,80.880380225,11236680.0
2022-01-06,80.973699384,81.293827962,82.309671268,80.549999794,7918392.0
2022-01-07,81.397398973,82.395446896,82.856808672,81.237428839,9836795.0
2022-01-10,82.273044792,84.061998616,84.15615408,81.870059405,11025508.0
2022-01-11,83.459403644,83.308754901,83.798363316,82.301385587,7249777.0
2022-01-12,83.694792305,83.148690611,84.28797173,82.546095639,5840337.0
2022-01-13,83.544143562,82.659082196,83.723038944,82.433109082,6044282.0
2022-01-14,82.367200257,82.564926732,82.950964136,81.595125449,6054842.0
2022-01-18,81.792851924,80.549999794,81.887007388,80.352273318,6827937.0
2022-01-19,80.757141815,78.506826216,81.623372088,78.36559302,10501777.0
2022-01-20,79.015265724,77.885400151,80.03214474,77.697089222,10836879.0
2022-01-21,78.487995123,77.414622829,78.516241763,77.235727447,11608986.0
2022-01-24,76.473068185,77.602933758,77.602933758,74.938334115,16771776.0
2022-01-25,76.576639196,76.331834989,77.301636272,75.512682448,13469908.0
2022-01-26,77.12274089,74.938334115,77.235727447,74.641744403,13971284.0
2022-01-27,75.42794253,75.117229498,76.40715936,74.571127804,10333982.0
2022-01-28,75.314955973,75.776317749,75.795148842,73.977948379,7854679.0
2022-01-31,75.785733295,76.416574907,76.868521136,75.437358077,10594228.0
2022-02-01,76.642548021,76.303588349,76.642548021,74.990119621,8016863.0
2022-02-02,76.416574907,77.67825813,78.036048894,76.11527742,9287553.0
2022-02-03,76.859105589,77.150987529,77.922120782,76.859105589,8207183.0
2022-02-04,77.235727447,77.311051818,78.064295534,76.713164619,5570209.0
2022-02-07,77.339298458,76.021121956,77.442869469,75.945797585,6292225.0
2022-02-08,75.597422366,76.068199688,76.134108513,75.136154746,6585399.0
2022-02-09,76.967384373,78.572735041,78.76104597,76.877936682,8755857.0
2022-02-10,77.913646791,77.066247611,78.883448074,76.849690043,6336287.0
2022-02-11,77.056832064,75.088982859,77.612349304,74.885418744,7670453.0
2022-02-14,74.928918569,74.335739143,75.070151766,73.855546275,5389794.0
2022-02-15,74.750023187,75.107813951,75.253754921,74.580543351,5713602.0
2022-02-16,74.825347558,74.561712258,75.118830141,73.648404253,6227096.0
2022-02-17,74.156843761,71.115622261,74.363985783,70.927311332,9247133.0
2022-02-18,71.087375622,70.211729803,71.30393319,69.938678956,7790102.0
2022-02-22,69.50556382,69.788030213,70.531858382,69.317252891,8039023.0
2022-02-23,69.740952481,68.23446505,70.03283442,68.121478493,6807081.0
2022-02-24,66.793886445,70.437702917,70.564812794,66.125382648,11240472.0
2022-02-25,70.287054174,71.887697069,72.344351071,69.976341142,8291803.0
2022-02-28,71.153284447,71.529906304,72.217052883,70.635429392,9234369.0
2022-03-01,71.539321851,71.56756849,72.02883611,71.200362179,8752131.0
2022-03-02,71.981852533,73.704897532,74.250999225,71.793541605,8527165.0
2022-03-03,74.34515469,73.676650893,74.420479061,72.904576084,8203025.0
2022-03-04,73.130549199,72.019514719,73.356522314,71.351010922,8841964.0
2022-03-07,71.83120379,69.976341142,71.925359255,69.152480828,11110149.0
2022-03-08,69.524394912,69.044202044,70.833155868,68.841767796,9134057.0
2022-03-09,70.541273928,71.652308408,72.452629855,70.32471636,8959496.0
2022-03-10,70.710753764,72.170163462,72.358474391,70.644844939,13812596.0
2022-03-11,72.217241194,73.271782396,75.230216055,69.675043656,22795849.0
2022-03-14,73.36593786,72.565616413,74.006195018,71.030882343,13306302.0
2022-03-15,73.488339964,75.889304306,76.774365671,72.565616413,16847194.0
2022-03-16,76.265926164,75.286709334,76.482483732,73.205873571,14071329.0
2022-03-17,75.117229498,75.889304306,76.53897701,74.627621083,10462536.0
2022-03-18,74.975996301,76.906183321,77.198065261,74.232168132,24176035.0
2022-03-21,76.529561464,76.228263978,77.188649715,75.578591273,8131283.0
2022-03-22,76.6990413,77.019169879,77.424038376,76.105861874,9292304.0
2022-03-23,76.501314825,75.691577831,76.651963568,75.531513541,7451282.0
2022-03-24,75.936382038,77.433453922,77.974847842,75.785733295,7025694.0
2022-03-25,77.245142993,76.953261054,77.998386708,76.482483732,5685003.0
2022-03-28,76.9626766,78.713968238,78.814526274,76.9626766,6626753.0
2022-03-29,79.551951871,79.363640942,79.570782964,78.255431126,5762029.0
2022-03-30,79.05292791,78.487995123,79.429549767,78.262022009,5533157.0
2022-03-31,78.252606462,77.894815698,79.005850178,77.762998047,9433347.0
2022-04-01,78.186697637,77.216896354,78.487995123,76.708456846,6147478.0
2022-04-04,77.442869469,79.156498921,79.368348715,77.207480808,7884320.0
2022-04-05,78.525657309,78.092542173,79.58019851,77.838322419,5143421.0
2022-04-06,77.132156436,77.320467365,77.65001149,76.614395537,5492353.0
2022-04-07,76.800586443,77.074705459,77.518967313,76.356324589,7112164.0
2022-04-08,77.235395917,76.507562667,77.348824476,75.864800836,6182460.0
2022-04-11,76.214538891,75.392181843,76.687157885,75.335467563,5738411.0
2022-04-12,75.57177706,74.985729508,76.554824567,74.692705732,6174735.0
2022-04-13,74.919562849,75.382729463,75.58122944,74.324062917,4728639.0
2022-04-14,75.458348502,75.099158067,75.959324635,74.976277128,5590385.0
2022-04-18,74.815586671,73.936515343,75.6001342,73.643491567,4955883.0
2022-04-19,73.964872482,75.203134245,75.411086602,73.951166531,5412371.0
2022-04-20,75.420538982,75.893157976,77.377181615,75.420538982,9472638.0
2022-04-21,77.02744356,75.127515206,77.131419739,74.985729508,5616095.0
2022-04-22,74.929015229,72.036586989,75.335467563,71.989325089,9357054.0
2022-04-25,72.027134609,72.764420239,72.840039278,70.609277628,7305933.0
2022-04-26,72.168920307,70.429682411,72.452491703,70.401325271,7555238.0
2022-04-27,70.49584907,70.665991908,71.856991771,70.344610992,7279244.0
2022-04-28,71.384372778,71.97042033,72.433586943,70.51475383,6178748.0
2022-04-29,71.21422994,69.380468245,71.715206073,69.144158749,7946947.0
2022-05-02,69.881444378,69.947611038,70.51475383,68.553385007,7379947.0
2022-05-03,69.805825339,69.276492067,70.146111015,68.818051643,5211626.0
2022-05-04,69.361563486,71.091349002,71.22368232,68.803873073,6760142.0
2022-05-05,69.947611038,68.813325453,70.628182388,68.047682684,7197207.0
2022-05-06,68.180016002,68.520301677,68.945658771,67.707397008,6222457.0
2022-05-09,67.716849388,67.622325589,68.614825476,67.272587534,7019736.0
2022-05-10,68.529754057,68.558111197,69.588420602,67.367111333,8129032.0
2022-05-11,68.350158839,67.140254216,69.437182525,66.989016138,6932051.0
2022-05-12,66.998468518,66.85668282,67.045730417,65.193063963,11698892.0
2022-05-13,67.074087557,67.272587534,68.038230304,66.667635223,6700124.0
2022-05-16,66.818873301,65.892540073,67.026825658,65.590063917,6942287.0
2022-05-17,67.154432786,67.943706505,67.962611265,66.82832568,5952505.0
2022-05-18,66.922849479,64.559754512,67.055182797,64.096587898,7977287.0
2022-05-19,63.784659362,63.368754648,64.181659317,63.066278492,9451784.0
2022-05-20,64.162754557,64.871683047,64.928397327,63.18915943,7531062.0
2022-05-23,65.514444878,66.204468609,66.610920943,64.909492567,7370173.0
2022-05-24,65.854730554,65.249778242,66.667635223,64.569206891,6644122.0
2022-05-25,65.107992544,66.005968632,66.374611447,65.004016365,7103302.0
2022-05-26,66.289540028,67.735754148,68.170563622,66.081587671,6759102.0
2022-05-27,68.397420739,68.794420693,68.855861163,67.631777969,6566671.0
2022-05-31,68.274539801,67.981516025,68.983468291,67.60342083,16890347.0
2022-06-01,69.02127781,67.679039869,69.257587307,67.253682775,5804707.0
2022-06-02,67.56561131,69.134706369,69.177242078,67.121349456,6200443.0
2022-06-03,68.586468336,67.858635086,68.959837341,67.326749671,8169519.0
2022-06-06,68.652634995,68.974015911,70.741610947,68.652634995,5274706.0
2022-06-07,67.669587489,68.709349275,69.125253989,67.669587489,5675655.0
2022-06-08,68.066587443,67.471087512,68.198920762,67.055182797,5253466.0
2022-06-09,66.894492339,65.42937346,67.263135154,65.4104687,6828482.0
2022-06-10,64.257278356,63.463278447,64.479409283,63.293135609,10261566.0
2022-06-13,62.177754784,60.542493067,62.48023094,60.268374051,16547246.0
2022-06-14,68.057135064,66.84723044,68.463587398,65.240325862,29661295.0
2022-06-15,66.592016184,65.883087693,67.504170841,64.909492567,11765545.0
2022-06-16,64.748802109,64.947302086,65.183611583,63.879183161,10685987.0
2022-06-17,64.985111606,64.011516479,65.571159158,63.69949342,16445643.0
2022-06-21,64.852778288,63.97370696,65.722397236,63.699587943,10047748.0
2022-06-22,63.264778469,62.886683275,63.869730781,62.744897577,8222382.0
2022-06-23,62.811064236,63.92644506,64.153302177,62.678730917,8775794.0
2022-06-24,64.588111651,66.82832568,66.903944719,64.247825976,20132584.0
2022-06-27,65.571159158,66.554206664,66.970111378,65.164706823,8840843.0
2022-06-28,66.705444742,64.824421148,67.178063736,64.777159249,7253564.0
2022-06-29,65.249778242,65.41992108,66.251730508,65.013468745,8077928.0
2022-06-30,64.474683093,66.043778151,66.402968586,64.474683093,9888767.0
2022-07-01,66.024873391,66.989016138,67.092992317,65.987063872,7805555.0
2022-07-05,66.525849525,68.047682684,68.057135064,66.336801927,9043000.0
2022-07-06,68.359611219,67.735754148,68.756611174,67.404920852,6043679.0
2022-07-07,67.896444606,67.896444606,68.038230304,67.277313724,7814621.0
2022-07-08,67.764111288,67.934254125,68.28399218,67.423825612,4927307.0
2022-07-11,67.412048157,67.953243473,68.333029659,67.31710161,4554846.0
2022-07-12,67.981727437,66.851863531,68.304545695,66.529045272,7140901.0
2022-07-13,65.560590496,66.491066654,66.965799387,65.209288273,6454765.0
2022-07-14,65.665031697,65.940376683,66.068554521,64.782028813,4915580.0
2022-07-15,66.709443711,67.165187135,67.288617646,66.46258269,5134170.0
2022-07-18,67.649414523,66.661970438,68.086168638,66.600255182,4642410.0
2022-07-19,67.073088985,68.589385336,68.646353264,66.709443711,7160284.0
2022-07-20,68.88371963,68.921698249,69.405925637,68.513428098,5655726.0
2022-07-21,68.503933444,70.77315591,70.858607802,68.482285631,7005112.0
2022-07-22,71.03900624,71.114963478,71.48525501,70.507305579,6659961.0
2022-07-25,71.304856571,71.076984859,71.618180175,70.583262816,5721609.0
2022-07-26,71.020016931,70.288928522,71.494749665,69.980352245,7284442.0
2022-07-27,70.621241435,72.035944981,72.273311348,70.564273507,6677226.0
2022-07-28,71.817567923,73.146819577,73.369943962,71.504244319,5688062.0
2022-07-29,73.118335613,73.906391951,74.2102209,73.108840959,5926562.0
2022-08-01,73.279744743,73.526605764,73.876104002,72.824001318,5227535.0
2022-08-02,73.099346304,72.491688405,73.35570198,72.21634342,6403482.0
2022-08-03,72.842990628,73.460143181,73.830434713,72.444215132,6127778.0
2022-08-04,73.536100419,73.488627145,73.915886605,73.21328216,3656151.0
2022-08-05,72.415731168,73.441153872,73.488627145,72.159375492,4858132.0
2022-08-08,73.032883721,72.605624261,73.517111109,72.41649074,4733592.0
2022-08-09,72.35876324,72.890463901,73.023389066,72.007461017,4243763.0
2022-08-10,73.669025584,73.621552311,74.039317116,73.298734052,5258490.0
2022-08-11,74.010833152,73.260755433,74.058306426,73.184798196,5555003.0
2022-08-12,74.058306426,75.150191713,75.406547389,73.735488167,6692347.0
2022-08-15,74.855857418,75.112213094,75.401800061,74.533039159,3733644.0
2022-08-16,74.912825346,75.501493935,75.629671773,74.865352072,6185088.0
2022-08-17,75.007771893,75.245138259,75.738860302,74.960298619,5185253.0
2022-08-18,75.273622223,75.311600842,75.846624633,75.017266547,4120543.0
2022-08-19,75.036255857,74.684953634,75.131202403,74.475311659,4679022.0
2022-08-22,73.991843843,72.596129606,73.991843843,72.320784621,5757837.0
2022-08-23,72.396741858,72.548656333,73.118335613,72.396741858,4432266.0
2022-08-24,72.605624261,72.320784621,72.691076153,72.206848765,3876359.0
2022-08-25,72.48219375,73.004399757,73.023389066,72.140386182,3523549.0
2022-08-26,73.089851649,70.877597111,73.35570198,70.801639874,4904315.0
2022-08-29,70.364885759,70.440842996,71.076984859,70.32690714,4295701.0
2022-08-30,70.659220054,70.393369723,70.89658642,69.747733205,5099130.0
2022-08-31,70.697198672,70.402864378,71.352329845,70.298423176,8612925.0
2022-09-01,70.374380414,71.494749665,71.561212247,69.814195788,8139759.0
2022-09-02,71.91251447,70.906081075,72.890463901,70.716187982,11027695.0
2022-09-06,70.925070384,70.099035428,71.395055791,69.833185097,7090148.0
2022-09-07,69.956615608,70.725682636,70.89658642,69.709754587,5792572.0
2022-09-08,70.288928522,70.877597111,71.020016931,69.890153025,6897091.0
2022-09-09,70.877597111,72.073923599,72.168870146,70.678209363,7764742.0
2022-09-12,72.757538736,73.184798196,73.466884386,72.415731168,15628850.0
2022-09-13,72.21634342,72.19735411,75.397147681,71.950588035,29476532.0
2022-09-14,71.959987743,68.47544948,72.035944981,68.143136566,21601363.0
2022-09-15,67.88678089,66.690454402,68.446965516,66.220468995,12478141.0
2022-09-16,66.063807193,65.351708093,66.272689596,64.796270795,23411963.0
2022-09-19,64.753544849,65.579579805,65.636547733,64.473452536,8363973.0
2022-09-20,64.820007432,64.668092957,64.995658543,64.040496283,8624496.0
2022-09-21,65.237772237,63.376819922,65.399181366,63.367325267,6768203.0
2022-09-22,63.471766468,62.693204786,63.55721836,62.512806347,7190884.0
2022-09-23,62.047568268,61.287995894,62.13302016,60.642359377,9282634.0
2022-09-26,61.079113492,60.243583881,61.639298117,60.186615953,6897757.0
2022-09-27,60.917704362,59.26563445,61.145576074,58.900090245,9284984.0
2022-09-28,59.455527543,59.882787003,60.143890007,59.10422532,8549898.0
2022-09-29,59.142203939,58.297179673,59.436538234,57.708511084,8882075.0
2022-09-30,58.164254508,57.983856069,58.999784119,57.974361415,9794421.0
2022-10-03,57.907898832,59.892281658,60.039448805,57.73224772,9661405.0
2022-10-04,60.575896794,62.370386527,62.503311692,60.575896794,9892607.0
2022-10-05,62.038073613,63.27237872,63.794584727,61.696266045,9201607.0
2022-10-06,62.978044426,62.000094995,63.43378785,61.928885085,6991998.0
2022-10-07,61.231027966,60.091669406,61.354458477,59.569463399,7138048.0
2022-10-10,60.395498355,59.40805427,60.670843341,58.885848263,6407213.0
2022-10-11,59.026315809,59.560749712,60.219248627,58.835446559,7377104.0
2022-10-12,59.761162425,60.86820408,61.340605475,59.331706611,9008662.0
2022-10-13,59.627553949,62.22337576,62.705320619,59.427141236,10147221.0
2022-10-14,62.719635812,61.374007594,63.57377571,61.278572969,8045062.0
2022-10-17,62.872331213,63.960285943,64.480404651,62.86278775,11368318.0
2022-10-18,64.895545272,63.969829405,65.449066099,63.301787027,6688607.0
2022-10-19,63.454482428,63.27315664,64.122524806,62.772124856,5506033.0
2022-10-20,64.447002532,66.088478089,66.727890079,64.122524806,17600525.0
2022-10-21,67.787214421,69.380972665,69.466863828,67.100085118,15652602.0
2022-10-24,69.600472304,69.590928841,70.325775457,68.502974112,11489360.0
2022-10-25,70.096732356,69.800885017,70.726600883,69.295081502,9137741.0
2022-10-26,69.295081502,71.404186724,72.263098352,69.237820727,10693739.0
2022-10-27,71.337382486,71.719120988,72.415698318,71.141741504,7053018.0
2022-10-28,71.862272926,73.828226209,74.128845279,71.862272926,8758344.0
2022-10-31,73.007488431,74.505812049,74.753942075,72.912053805,12348964.0
2022-11-01,75.011615564,73.589639645,75.612853704,72.85479303,7752961.0
2022-11-02,73.150640369,71.6904906,73.895030447,71.580740781,7524547.0
2022-11-03,71.308752098,71.604599437,72.234467965,70.669340108,6761242.0
2022-11-04,72.473054528,72.530315304,73.169727294,70.850665896,7218982.0
2022-11-07,72.635293391,73.236531531,73.57055272,72.043598714,5394281.0
2022-11-08,73.436944245,72.186750652,73.618270033,71.595055975,9104244.0
2022-11-09,71.938620626,72.205837577,73.045662281,71.57596905,6013703.0
2022-11-10,74.152703935,73.646900421,74.889936417,73.207901144,10437314.0
2022-11-11,73.608726571,74.190877785,74.335079504,73.074292668,7712925.0
2022-11-14,73.942747759,74.944811326,75.903929311,73.804367553,7152952.0
2022-11-15,75.326549828,75.565136391,76.991884041,74.448551274,7618478.0
2022-11-16,75.507875616,76.242722232,76.567199958,75.264517321,6011890.0
2022-11-17,75.555592929,75.584223316,75.942103162,74.6203336,5717402.0
2022-11-18,76.34770032,76.090026831,76.786699596,75.250202127,6106989.0
2022-11-21,75.93733143,76.175917994,76.443134945,75.29791944,5235554.0
2022-11-22,76.242722232,78.370914378,78.456805541,76.185461456,8796154.0
2022-11-23,78.370914378,78.79082673,79.134391381,78.046436652,6347899.0
2022-11-25,79.067587143,78.94352213,79.673597015,78.766968073,2754876.0
2022-11-28,78.361370915,77.674241613,78.390001303,77.368850811,5113103.0
2022-11-29,77.616980837,77.158894635,77.779219701,76.843960372,4928270.0
2022-11-30,76.796243059,79.239369469,79.377749676,76.34770032,9610329.0
2022-12-01,79.258456394,80.270063423,80.67088885,78.590414016,6127308.0
2022-12-02,79.401608332,79.54476027,79.802433759,78.809913655,4798927.0
2022-12-05,78.647674792,75.803722955,78.657218254,75.78463603,9102943.0
2022-12-06,75.727375254,75.307462903,76.175917994,74.496268587,7656126.0
2022-12-07,75.078419802,75.18339789,75.818038149,74.992528639,5105512.0
2022-12-08,75.517419079,76.414504557,76.548113033,74.944811326,5918748.0
2022-12-09,76.013679131,76.214091844,76.691264971,75.908701043,6850806.0
2022-12-12,76.643547658,77.569263525,77.693328538,76.285667813,15807550.0
2022-12-13,81.062170814,76.882134222,81.672952417,76.061396443,22812160.0
2022-12-14,77.120720785,78.084610502,79.105760994,76.891677684,11183148.0
2022-12-15,77.10163386,76.414504557,77.330676961,75.832353342,8198939.0
2022-12-16,76.309526469,75.946874893,76.786699596,75.851440267,19200747.0
2022-12-19,76.271352619,76.824873447,77.397481199,76.042309518,7738813.0
2022-12-20,76.824873447,77.244785798,77.769676238,76.681721508,6390180.0
2022-12-21,77.636067762,77.779219701,78.390001303,77.244785798,5932395.0
2022-12-22,77.244785798,76.815329984,77.464285437,75.803722955,8182431.0
2022-12-23,76.834416909,77.158894635,77.206611948,76.338156857,4129226.0
2022-12-27,77.187525023,77.282959648,77.750589313,76.925079803,4290843.0
2022-12-28,77.387937736,76.662634583,77.912732741,76.533797839,3794094.0
2022-12-29,77.273416186,77.683785075,78.065523577,77.015742697,3867801.0
2022-12-30,77.426111587,78.008262801,78.18958859,77.073003473,5375702.0
2023-01-03,78.704935567,79.897868384,80.012389935,78.504522854,8997534.0
2023-01-04,80.355954586,80.623171537,81.281670453,79.821520684,7836238.0
2023-01-05,81.11943159,80.460932674,81.501170091,79.420695257,7643784.0
2023-01-06,80.871301563,81.749300117,82.39825557,79.99330301,8641597.0
2023-01-09,83.186187374,82.783858969,83.904630954,82.534798527,7519836.0
2023-01-10,82.036677645,82.860492951,82.965864676,81.969622911,5703270.0
2023-01-11,83.693887504,84.872134976,84.929610462,83.425668567,8359667.0
2023-01-12,84.967927453,85.044561435,85.442100216,84.460227323,6071099.0
2023-01-13,84.249483873,85.44688984,85.701889415,83.971685688,5090938.0
2023-01-17,85.437310593,84.872134976,85.676791786,84.70449814,6550412.0
2023-01-18,84.872134976,83.061657153,84.900872719,82.956285428,6397707.0
2023-01-19,82.764700473,82.324055077,83.32987609,81.667876607,5597039.0
2023-01-20,82.410268307,83.578936531,83.703466752,81.897778553,5567493.0
2023-01-23,83.521461045,85.226567142,85.379835106,83.310717594,7390256.0
2023-01-24,85.303201124,85.925852227,86.304232513,84.297380112,7004581.0
2023-01-25,84.967927453,85.868376741,86.079120191,84.04831967,5896812.0
2023-01-26,86.107857934,86.050382448,86.682612799,85.341518115,7302869.0
2023-01-27,85.734267273,85.245725638,85.945010723,85.216987895,5676836.0
2023-01-30,84.747604755,83.674729008,84.891293471,83.32987609,6255306.0
2023-01-31,84.000423432,84.738025508,84.757184003,83.674729008,6200413.0
2023-02-01,84.651812278,86.261125898,86.831091139,84.498544314,6141252.0
2023-02-02,86.84546001,85.6193163,87.381897884,85.202619023,8269151.0
2023-02-03,84.747604755,85.849218245,86.457500477,84.5560198,5671823.0
2023-02-06,85.74384652,84.805080242,85.839638998,84.680550021,4097311.0
2023-02-07,84.172849891,84.04831967,84.316538607,82.668907996,9226071.0
2023-02-08,83.272400603,83.042498658,84.215956506,82.870072198,7624398.0
2023-02-09,83.473564806,83.004181667,84.201587634,82.692856115,4960391.0
2023-02-10,82.889230694,83.473564806,83.703466752,82.702435363,5318403.0
2023-02-13,83.607674274,85.657633291,85.686371034,83.531040292,5560902.0
2023-02-14,85.255304886,85.341518115,85.648054043,84.019581927,7484776.0
2023-02-15,85.111616169,84.623074535,85.456469088,84.326117855,4330547.0
2023-02-16,83.780100734,84.029161175,84.5560198,83.35152519,5942533.0
2023-02-17,83.531040292,83.607674274,83.75136299,82.870072198,6398487.0
2023-02-21,83.109553392,82.573115518,83.281979851,82.52521928,5260328.0
2023-02-22,83.03291941,82.688066491,83.511881797,82.362372068,5840102.0
2023-02-23,83.483144054,84.85297648,85.715108777,83.396930824,8637135.0
2023-02-24,83.636412017,84.929610462,85.14993316,83.473564806,7659188.0
2023-02-27,85.121195417,84.259063121,85.226567142,83.684308256,6748861.0
2023-02-28,84.010002679,83.722625247,84.306959359,83.511881797,7468234.0
2023-03-01,83.24366286,82.707224987,83.54061954,82.371951316,5119757.0
2023-03-02,82.43900605,83.310717594,83.607674274,82.257000343,5293599.0
2023-03-03,83.645991265,85.494786079,85.53310307,83.416089319,5498531.0
2023-03-06,85.648054043,85.964169218,86.850249634,85.398993602,7424800.0
2023-03-07,85.810901254,84.64223303,86.289863641,84.34527635,5382366.0
2023-03-08,84.680550021,84.766763251,85.336728491,84.441068828,5159208.0
2023-03-09,84.613495287,83.214925117,85.868376741,82.889230694,10572293.0
2023-03-10,80.858430173,80.53273575,81.663086983,79.392805269,16029345.0
2023-03-13,79.814292169,81.356551055,81.93130592,78.588148458,10299942.0
2023-03-14,82.314475829,81.002118889,82.314475829,79.919663894,8732248.0
2023-03-15,79.584390223,79.488597746,79.862188408,78.66478244,11463010.0
2023-03-16,79.43112226,81.25117933,81.528977515,78.626465449,10149163.0
2023-03-17,81.42360579,81.672666231,82.362372068,81.050015128,13066028.0
2023-03-20,81.691824726,83.301138347,83.827996972,81.663086983,9177289.0
2023-03-21,83.808838477,83.895051706,84.151967131,83.013760914,6683731.0
2023-03-22,83.856734715,84.201587634,85.408572849,83.760942238,7233663.0
2023-03-23,84.920031215,84.086636661,85.868376741,83.952527193,10747139.0
2023-03-24,84.278221616,84.306959359,84.757184003,83.827996972,5852248.0
2023-03-27,84.891293471,86.347339128,86.692192047,84.819449113,8170050.0
2023-03-28,86.42397311,86.069540943,87.056203461,85.715108777,6378927.0
2023-03-29,86.33775988,86.807143019,86.84546001,86.031223952,5233647.0
2023-03-30,87.027465717,86.701771294,87.343580893,85.935431475,5640690.0
2023-03-31,86.749667533,89.01037,89.087003982,86.605978817,10476333.0
2023-04-03,88.493090622,89.968294774,90.044928756,88.215292437,8410872.0
2023-04-04,89.901240039,90.044928756,90.064087251,89.019949247,6651475.0
2023-04-05,89.680917341,90.897481804,91.106309405,89.546807873,7478750.0
2023-04-06,90.361043931,91.884144322,92.037412285,90.035349508,9146244.0
2023-04-10,91.076117995,90.191136705,91.489750555,89.989130106,8681735.0
2023-04-11,89.90255585,90.393143304,90.547053094,89.652452442,8196049.0
2023-04-12,90.78753714,90.325807771,91.691757154,90.032417235,8040306.0
2023-04-13,90.595149903,91.913002476,92.100580032,90.364285218,6240215.0
2023-04-14,91.864905667,92.066912266,92.336254398,91.076117995,6485060.0
2023-04-17,91.999576733,91.951479924,92.336254398,91.682137792,4772486.0
2023-04-18,92.34587376,92.797983766,93.058957053,92.129341924,7219366.0
2023-04-19,91.951479924,92.163105884,92.797983766,91.951479924,4766371.0
2023-04-20,92.34587376,91.220408423,92.490164187,90.999163101,5815527.0
2023-04-21,91.393556936,91.528228002,91.682137792,90.672104798,7335787.0
2023-04-24,91.710995877,91.807189496,92.418018973,91.355079489,4901783.0
2023-04-25,91.51860864,90.479717561,92.057292904,90.441240113,5768842.0
2023-04-26,90.181517343,90.143039896,91.201169699,89.787123507,6395726.0
2023-04-27,90.720201607,91.422415022,91.470511831,89.73960386,5615746.0
2023-04-28,90.681724159,91.114595443,91.768712049,90.652866074,8498551.0
2023-05-01,91.191550338,91.25888587,92.08615099,91.095356719,5459865.0
2023-05-02,91.316602042,91.191550338,91.614802259,90.277710962,5995080.0
2023-05-03,91.451273107,91.172311614,91.787950772,90.941446929,6744810.0
2023-05-04,91.364698851,91.355079489,91.499369917,90.816395225,5038200.0
2023-05-05,91.383937575,93.278951859,93.606010162,91.220408423,8068571.0
2023-05-08,93.384764839,93.105803346,93.577152076,92.769125681,5314753.0
2023-05-09,92.538260997,92.480544825,93.201996964,92.442067378,6333498.0
2023-05-10,93.105803346,93.808016761,93.957116869,92.592129423,5935280.0
2023-05-11,93.827255484,93.731061866,93.913829741,92.668122381,5144541.0
2023-05-12,93.894591017,94.125455702,94.192791235,93.240474412,4994703.0
2023-05-15,94.144694425,93.557913353,94.231268682,93.351097073,4443811.0
2023-05-16,93.471339096,94.510230176,95.082582206,93.23085505,6898204.0
2023-05-17,95.020056354,95.972373177,96.578392974,94.683378689,9436009.0
2023-05-18,95.972373177,98.444549172,98.559981515,95.93389573,10005725.0
2023-05-19,98.492645982,98.925517265,99.146762587,98.040535975,8560257.0
2023-05-22,98.579220238,97.896245547,99.175620673,97.8577681,5890481.0
2023-05-23,97.222890217,94.789191669,97.569187244,94.717046456,10047261.0
2023-05-24,94.22164932,94.577565709,95.116249972,93.586771438,6815861.0
2023-05-25,95.424069552,100.320324733,100.676241122,95.010436992,16729608.0
2023-05-26,100.378040904,100.118318134,102.186480932,100.070221325,13994064.0
2023-05-30,100.907105806,101.147589852,101.945996886,100.224131115,10296707.0
2023-05-31,100.493473246,101.907519438,102.43658434,100.185653667,13713520.0
2023-06-01,100.887867082,101.955616248,102.552016682,100.791673464,7835885.0
2023-06-02,102.465442426,101.859422629,102.705926472,101.724751563,8652377.0
2023-06-05,101.859422629,102.859836262,103.504333506,101.513125603,7441981.0
2023-06-06,102.744403919,103.023365413,103.398520525,102.109526037,7022994.0
2023-06-07,103.06184286,101.243783471,104.245024368,100.844579954,9842484.0
2023-06-08,101.647796668,103.388901163,103.6822917,101.339977089,9529126.0
2023-06-09,103.600527124,105.668689922,105.957270777,103.32156563,12597073.0
2023-06-12,109.987783392,111.998230019,113.037121099,109.987783392,39532005.0
2023-06-13,118.625970334,112.238714065,119.270467578,111.603836183,39190916.0
2023-06-14,112.065565552,117.615937339,117.846802024,111.334494051,26264249.0
2023-06-15,117.30811776,121.733024211,122.685341034,117.029156267,27476726.0
2023-06-16,122.30056656,120.68451377,122.550669969,120.386313552,19514667.0
2023-06-20,119.712958223,117.394692017,120.482507171,117.317737122,16280340.0
2023-06-21,117.30811776,117.452408188,118.664447781,115.778639226,17582950.0
2023-06-22,116.981059457,115.990265187,117.923756919,115.499677732,12204559.0
2023-06-23,115.037948364,114.124108988,115.336148581,113.643140895,19734336.0
2023-06-26,113.498850468,112.334907684,114.879228893,112.257952789,8987034.0
2023-06-27,112.132901085,113.35456004,113.950960475,111.834700868,6970419.0
2023-06-28,112.334907684,112.094423638,114.104870264,111.959752572,9240450.0
2023-06-29,111.247919795,113.296843869,113.316082593,110.266744886,9234347.0
2023-06-30,115.27843241,114.556980271,117.091682119,114.499360294,13703101.0
2023-07-03,113.518089191,112.690824072,113.748953876,112.378194812,4284699.0
2023-07-05,112.084804276,111.546120012,112.556153006,111.01705511,8471859.0
2023-07-06,110.300412653,111.055532558,111.401829584,110.276364248,7987217.0
2023-07-07,110.468751485,110.247506162,111.565358736,110.13207382,7001618.0
2023-07-10,109.930067221,110.02626084,110.65151936,109.333666787,6931013.0
2023-07-11,110.233802926,110.89504164,111.01087908,109.495339252,6118606.0
2023-07-12,111.657638114,111.995497311,113.993693135,111.628678754,11011586.0
2023-07-13,113.028381143,113.37589346,114.466696011,112.709828185,9359604.0
2023-07-14,114.080571214,115.132761285,115.80847968,113.597915218,7723843.0
2023-07-17,114.727330249,114.765942728,115.80847968,114.151328583,6736825.0
2023-07-18,114.659758409,116.580729273,117.082691509,113.723405777,8906658.0
2023-07-19,116.628994873,114.57288033,117.145436789,114.312246092,7609014.0
2023-07-20,113.41450594,111.860353632,114.920392647,111.232900838,12913026.0
2023-07-21,112.449193948,113.568955858,115.132761285,112.17890659,9159643.0
2023-07-24,113.848896336,113.974386895,114.428083531,112.680868826,6200393.0
2023-07-25,113.887508816,113.858549456,114.402985419,112.758093785,6266278.0
2023-07-26,113.3469341,111.493535076,113.539996499,111.01087908,8159988.0
2023-07-27,113.472424659,112.362315868,113.520690259,111.628678754,7843027.0
2023-07-28,112.632603226,111.966537952,113.231096661,111.638331874,6912012.0
2023-07-31,112.391275228,113.163524822,113.173177942,111.812088033,6708458.0
2023-08-01,112.864278104,113.819936976,113.945427535,112.434714268,5250652.0
2023-08-02,112.864278104,111.696250594,112.922196824,110.354466925,6387789.0
2023-08-03,111.242553958,110.576488683,112.14029411,110.296548205,5215848.0
2023-08-04,111.339085157,110.470304364,112.362315868,110.291721645,5579319.0
2023-08-07,111.464575716,112.072722271,112.343009628,111.078450919,7347041.0
2023-08-08,111.049491559,111.232900838,111.599719395,110.257935726,4694781.0
2023-08-09,111.339085157,109.176786295,111.696250594,108.433496061,6542427.0
2023-08-10,109.833198449,109.070601976,111.102390656,108.57829286,6004125.0
2023-08-11,108.49141478,109.138173815,109.543604852,107.27512167,5288879.0
2023-08-14,109.254011254,111.561106915,111.789113607,109.225051894,6494216.0
2023-08-15,111.445269476,113.221443541,113.963768463,110.856429161,10412160.0
2023-08-16,113.095952982,111.339085157,113.723405777,111.271513317,5721951.0
2023-08-17,111.725209954,110.89504164,112.729134425,110.393079405,6183897.0
2023-08-18,110.528223084,112.420234588,112.931849944,109.997301488,9412775.0
2023-08-21,112.844971864,112.545725147,113.279362261,111.194288358,5811160.0
2023-08-22,113.433812179,112.497459547,113.597915218,111.715556834,4961062.0
2023-08-23,113.038034263,113.752365137,116.271829436,108.22093436,16517285.0
2023-08-24,115.528539202,108.993377016,115.576804802,108.51072102,11995894.0
2023-08-25,108.993377016,112.034109791,112.119057246,108.829273978,8758141.0
2023-08-28,112.333356509,112.787053145,113.626874578,111.686597474,4514753.0
2023-08-29,116.754485432,116.464891834,117.005370019,114.418430411,11920537.0
2023-08-30,116.532463674,116.918588471,117.513510251,115.982235838,5601778.0
2023-08-31,116.802751032,116.213910716,117.748756784,115.953276479,9109806.0
2023-09-01,116.812404151,116.735179192,117.468816306,115.924317119,6190045.0
2023-09-05,118.1928003,119.679380768,119.968974365,116.97650719,11089638.0
2023-09-06,118.791293735,120.017239965,120.258567963,118.472740778,8728483.0
2023-09-07,119.534583969,120.750877079,121.590698512,118.341844472,11864401.0
2023-09-08,120.470936601,121.938210829,122.295376266,120.034132925,10612971.0
2023-09-11,122.613929223,122.314682506,122.99522746,120.393711642,22155564.0
2023-09-12,108.192168063,105.807847443,109.369848693,103.577976741,68605745.0
2023-09-13,104.562594973,107.960493185,109.022336376,104.446757534,27170953.0
2023-09-14,109.562911092,109.71736101,111.146022758,108.066677504,19849654.0
2023-09-15,110.228976366,109.958689008,111.203941478,108.5975991,23215012.0
2023-09-18,109.485686132,108.317658622,110.494437164,107.709512067,11744057.0
2023-09-19,108.5734663,108.858233337,109.79458597,107.835002626,9536119.0
2023-09-20,108.896845817,108.954764537,110.716748516,108.55898662,8779955.0
2023-09-21,107.641940227,105.634091284,108.5975991,105.538525397,12653515.0
2023-09-22,106.174666,105.247966487,106.763506315,104.746004251,11152050.0
2023-09-25,104.688085532,104.543288733,104.88114793,103.77103914,8410012.0
2023-09-26,103.423526822,101.24192172,103.67450794,100.691693885,13209049.0
2023-09-27,101.35775916,100.990940603,101.624957519,99.764994373,8916439.0
2023-09-28,100.421406527,102.46786795,102.902258347,99.687769413,7373621.0
2023-09-29,103.394567463,102.245846192,103.640722021,101.724577716,7299109.0
2023-10-02,102.139661873,103.008442666,103.032285872,101.637699637,5963457.0
2023-10-03,102.728502188,100.894409403,102.805727148,99.948403651,8783327.0
2023-10-04,101.31914668,103.365608103,103.577976741,100.875103164,8842650.0
2023-10-05,103.259423784,104.591554333,104.678432412,102.50165387,7651479.0
2023-10-06,104.186123296,106.14570664,106.695934475,103.848264099,8246950.0
2023-10-09,106.908303114,106.493218957,107.120671752,105.672703764,6012363.0
2023-10-10,106.387034638,105.904378642,107.207549831,105.817500563,6910436.0
2023-10-11,106.098147506,106.224097275,106.630043068,105.439333331,5641686.0
2023-10-12,106.524439031,105.710609756,107.464218075,105.48777555,6598533.0
2023-10-13,105.788117306,104.877403593,106.098147506,104.431735181,5882175.0
2023-10-16,105.555594656,105.323072006,106.175655056,104.937084407,5487985.0
2023-10-17,104.228277862,105.64279065,106.369423931,103.571401376,5261788.0
2023-10-18,105.02273025,104.877403593,106.311293268,104.499554287,5123946.0
2023-10-19,105.245564456,104.964599587,106.786027012,104.819272931,7989244.0
2023-10-20,103.656659681,98.676799593,103.700257678,97.523874787,21831362.0
2023-10-23,98.860880025,100.430407912,101.428317618,98.831814693,10722584.0
2023-10-24,100.711372781,99.9847395,101.205483412,99.306548437,6173992.0
2023-10-25,99.500317312,98.269884956,100.440096356,97.862970318,7081685.0
2023-10-26,98.521784493,97.27197525,99.199975556,96.758487731,7565581.0
2023-10-27,97.853281875,97.843593431,98.909322243,97.456055681,5207854.0
2023-10-30,97.988920087,98.483030718,99.216155257,97.678889887,5433719.0
2023-10-31,98.826970471,100.178508375,100.2947697,97.950166312,6258385.0
2023-11-01,100.566046125,102.455292656,102.891272625,100.566046125,8602440.0
2023-11-02,103.133483718,103.540398356,103.879493887,102.280900668,5918301.0
2023-11-03,103.831051668,104.683634718,105.671855981,103.298187262,7280025.0
2023-11-06,104.693323162,105.710609756,105.807494193,104.09263965,6062799.0
2023-11-07,106.563192806,105.594348431,106.940945228,105.197122237,7412638.0
2023-11-08,105.826871081,108.830288643,109.05312285,105.788117306,10994910.0
2023-11-09,108.89810775,108.684961987,109.778884171,108.132720693,6853941.0
2023-11-10,108.597765993,109.547233481,109.653806362,107.677363837,5243795.0
2023-11-13,109.547233481,110.593585406,110.922992493,109.266268612,5740466.0
2023-11-14,111.281464912,112.482831937,112.831615912,110.884238718,6733655.0
2023-11-15,112.531274156,110.506389412,112.686289256,110.375595421,7386240.0
2023-11-16,110.2157361,111.097384481,112.259997731,109.934771231,7476084.0
2023-11-17,111.039253818,111.7658871,112.037163525,110.60327385,4793121.0
2023-11-20,112.046851968,113.277284325,113.499149686,111.911213756,5729247.0
2023-11-21,113.558249193,112.46345505,114.003917606,112.0759173,5995308.0
2023-11-22,113.064138562,112.61847015,113.635756743,111.911213756,4344743.0
2023-11-24,112.860681243,112.628158593,112.957565681,111.746510212,2168187.0
2023-11-27,112.390791721,112.841304356,113.131957668,111.853083093,5165309.0
2023-11-28,112.3859475,112.61847015,113.161023,112.259997731,4892619.0
2023-11-29,113.684198962,112.589404818,113.916721612,112.347193725,6127312.0
2023-11-30,113.219153662,112.589404818,113.577626081,111.591495112,11075593.0
2023-12-01,112.453766606,113.509806975,113.693887406,111.669002662,5739833.0
2023-12-04,112.647535481,112.172801737,113.044761675,110.981123156,5587538.0
2023-12-05,111.000500043,110.961746268,111.678691106,110.264178318,5913562.0
2023-12-06,111.358972462,108.539635331,111.407414681,108.442750893,7815722.0
2023-12-07,108.907796193,109.353464606,109.508479706,108.326489568,6772848.0
2023-12-08,108.520258443,110.070409443,110.099474775,108.113343806,7765999.0
2023-12-11,110.225424543,111.543052893,111.756198656,110.070409443,19544239.0
2023-12-12,99.500317312,97.669201443,101.680217156,97.552940118,57666473.0
2023-12-13,97.930789425,99.781282181,99.887855062,96.167492662,29392208.0
2023-12-14,98.696176481,97.184779256,99.063756037,96.758487731,22865164.0
2023-12-15,96.584095743,100.101000825,100.750126556,96.2643771,30212316.0
2023-12-18,100.188196818,101.728659375,102.848643472,99.703774631,13473124.0
2023-12-19,101.709282487,102.939714843,103.026910837,101.5348905,10108507.0
2023-12-20,102.649061531,100.905141656,102.784699743,100.808257218,9241956.0
2023-12-21,101.438006062,102.561865537,102.624840421,101.263614075,8168010.0
2023-12-22,102.406850437,102.891272625,103.172237493,102.174327787,5680031.0
2023-12-26,103.201302825,102.881584181,103.327252593,102.058066462,5767415.0
2023-12-27,103.00753395,102.639373087,103.017222393,102.271212225,5627364.0
2023-12-28,102.707192193,102.939714843,103.283654596,102.290589112,5689057.0
2023-12-29,103.278810375,102.145262456,103.586902886,101.515513612,6899695.0
2024-01-02,101.263614075,100.817945662,101.418629175,99.248417775,9597500.0
2024-01-03,100.081623937,99.267794662,100.159131487,98.570226712,9455569.0
2024-01-04,99.568136418,99.393744431,100.1397546,99.209664,6822299.0
2024-01-05,99.335613768,99.529382643,100.488538575,99.103091118,6133770.0
2024-01-08,99.732839962,101.399252287,101.505825168,98.948076018,7038658.0
2024-01-09,100.614488343,100.401342581,101.2248603,100.071935493,6725200.0
2024-01-10,100.265178849,101.0724356,101.218325374,99.905317406,7270545.0
2024-01-11,101.490652953,101.899144321,101.967226215,100.702848172,6118998.0
2024-01-12,102.220101824,103.678999567,103.776259416,102.088801027,9703848.0
2024-01-16,103.494205852,103.649821612,103.737355476,102.531333342,7547241.0
2024-01-17,103.542835777,103.513657822,104.554338212,102.784208951,7771460.0
2024-01-18,104.05831298,105.721456406,105.896524135,103.698451536,10362279.0
2024-01-19,106.324467473,106.664876946,107.199806118,106.032687924,11163772.0
2024-01-22,107.044190359,107.083094299,107.656927411,106.275837548,7485307.0
2024-01-23,107.267888013,108.765689695,109.592398416,106.557891112,9185921.0
2024-01-24,110.312121302,111.177733963,112.257318292,110.224587438,11702698.0
2024-01-25,111.74184109,111.848826925,112.996493149,111.216637903,8877205.0
2024-01-26,111.498691466,111.498691466,112.315674202,111.143303976,5541900.0
2024-01-29,111.061022144,110.633078806,111.450061542,109.913355919,7014424.0
2024-01-30,110.253765393,111.031844189,111.265267828,109.543768491,8231882.0
2024-01-31,110.691434715,108.639251891,111.138830023,108.610073936,7386705.0
2024-02-01,109.81609607,112.364304127,112.607453751,109.465960612,7882168.0
2024-02-02,112.64635769,112.617179736,113.297998682,112.002011187,6499594.0
2024-02-05,112.364304127,113.200738833,113.516833343,111.625129271,8084508.0
2024-02-06,113.541148306,112.140606473,113.74539399,111.829374955,4639268.0
2024-02-07,112.626905721,114.056625508,114.367857027,112.140606473,7672882.0
2024-02-08,113.881557779,113.482792396,114.55965345,112.792247465,4472770.0
2024-02-09,113.852379824,113.443888456,114.124707403,112.558823826,5787142.0
2024-02-12,113.074301028,112.66580966,113.891283764,112.218414353,5439629.0
2024-02-13,110.671982746,110.564996911,111.080474113,109.903629935,8171722.0
2024-02-14,111.187459948,111.129104038,111.576499346,110.419107137,5946116.0
2024-02-15,111.119378053,109.689658266,111.177733963,109.485412582,8455623.0
2024-02-16,109.923081904,108.259938478,110.010615769,108.196719576,8936016.0
2024-02-20,107.511037637,105.478306782,107.729872298,104.729405941,10975638.0
2024-02-21,103.834615326,105.196253219,105.405361895,103.591465702,7867610.0
2024-02-22,108.435006207,107.968158929,108.819182613,106.655150961,8957789.0
2024-02-23,108.93103144,108.882401515,110.263491378,108.648977876,7504506.0
2024-02-26,108.93103144,107.92925499,109.456234627,107.89035105,6342943.0
2024-02-27,107.588845516,108.328020373,108.454458177,106.781588766,6593144.0
2024-02-28,108.211308553,108.619799921,108.950483409,108.055692794,5278179.0
2024-02-29,108.619799921,108.619799921,109.361211754,107.603434494,12193860.0
2024-03-01,108.619799921,110.662256761,110.81787252,108.464184162,7605145.0
2024-03-04,110.467737062,110.934584339,111.459787527,110.282943348,6588062.0
2024-03-05,109.728562205,107.900077035,110.098149634,107.3408329,8241978.0
2024-03-06,108.444732192,109.193633033,109.952259859,107.637475441,6706372.0
2024-03-07,110.81787252,111.401431617,111.654307226,109.213085003,7670135.0
2024-03-08,110.944310324,109.339522807,111.197185933,108.483636132,8312943.0
2024-03-11,108.551718026,111.002666234,111.605677301,108.133500674,20438335.0
2024-03-12,122.800285978,124.045212052,125.825067298,121.185772477,48536077.0
2024-03-13,124.49260736,122.080563092,125.270686156,121.40947013,15870346.0
2024-03-14,123.743706518,122.090289077,124.298087661,121.516455965,10965902.0
2024-03-15,120.641117319,122.100015062,122.557136354,120.172908404,17844884.0
2024-03-18,123.714528564,124.298087661,125.41657593,123.403297045,12231423.0
2024-03-19,124.244594743,125.649999569,125.669451538,123.023983632,10220950.0
2024-03-20,126.41835238,125.698629493,127.108897311,124.755208953,8373330.0
2024-03-21,126.943555567,125.474931839,129.135500795,125.41657593,17842357.0
2024-03-22,125.474931839,124.288361676,125.664588546,124.054938037,6659950.0
2024-03-25,124.171649856,122.625218249,124.171649856,122.596040294,7446068.0
2024-03-26,123.276859241,123.004531662,123.456789962,122.39179461,7063930.0
2024-03-27,123.840966368,121.837413468,124.31753963,121.059334672,8115884.0
2024-03-28,121.954125288,122.168096956,122.712752114,121.769331574,6587431.0
2024-04-01,122.100015062,122.041659152,122.81195716,121.146868537,4133571.0
2024-04-02,121.098238612,120.932896868,121.50672998,120.047832237,4862415.0
2024-04-03,120.855088988,122.780834008,122.94131276,120.660569289,7429977.0
2024-04-04,124.103567962,120.787007094,124.482881375,120.631391334,7588298.0
2024-04-05,121.010704747,121.477552025,122.542547377,120.738377169,4899499.0
2024-04-08,121.574811875,120.942622853,121.686660701,120.368789741,6119225.0
2024-04-09,121.332917711,120.240092075,121.723212581,118.298375097,5564905.0
2024-04-10,118.405706186,118.796001056,120.093731499,118.376434071,4509869.0
2024-04-11,118.766728941,120.249849447,120.815777008,118.415463558,7315241.0
2024-04-12,118.786243684,118.171529264,118.883817402,117.493391927,6196877.0
2024-04-15,119.215568041,116.971372539,119.498531822,116.542048182,5101455.0
2024-04-16,117.176277345,117.693418048,118.496059448,116.844526706,6999959.0
2024-04-17,118.044683431,115.790730557,118.103227662,115.732186326,5366587.0
2024-04-18,115.878546903,113.1855123,115.878546903,112.892791147,6662406.0
2024-04-19,113.302600761,112.092686664,113.936829924,111.68287705,8251495.0
2024-04-22,113.214784415,111.751178652,113.512384253,111.565788589,7125490.0
2024-04-23,112.375650444,112.29759147,113.048909095,111.965840831,5494823.0
2024-04-24,112.580555251,112.541525764,112.922063262,111.116949489,5791761.0
2024-04-25,110.873015195,112.102444035,112.200017753,110.043638596,6796627.0
2024-04-26,114.200278962,114.366154281,116.317628631,113.331872876,8355111.0
2024-04-29,114.151492103,113.663623515,114.463727999,112.492738905,5190565.0
2024-04-30,112.29759147,110.990103656,112.717158456,110.931559425,6234710.0
2024-05-01,111.146221604,111.84875237,113.927072553,110.892529938,5583638.0
2024-05-02,112.434194675,112.170745638,113.000122236,111.487729615,5001045.0
2024-05-03,113.165997556,112.990364865,113.390417106,112.278076727,4484976.0
2024-05-06,113.507505567,115.468737289,115.488252033,113.361144991,6052397.0
2024-05-07,115.13698665,115.068685047,116.23859392,114.444213255,6437743.0
2024-05-08,114.854022869,114.541786973,115.117471906,114.268580564,4635960.0
2024-05-09,114.541786973,113.809984092,114.869244369,113.673380887,3236316.0
2024-05-10,114.307610051,113.839256207,114.775963895,113.097695954,4122531.0
2024-05-13,114.288095307,113.546535054,114.346639538,113.375781049,4139953.0
2024-05-14,113.673380887,117.937352342,119.576590796,113.312358132,17811221.0
2024-05-15,117.254336319,118.678912595,119.127751695,116.766467732,6604632.0
2024-05-16,118.981391119,119.196053298,119.479017078,118.269102981,5159256.0
2024-05-17,120.191305216,120.503541112,120.581600086,119.117994324,6179367.0
2024-05-20,120.796262265,121.498793031,121.654910979,120.249849447,5989022.0
2024-05-21,121.4402488,121.60612412,122.318412258,120.913350726,5549456.0
2024-05-22,121.60612412,121.576852005,122.123264823,120.303514991,5705042.0
2024-05-23,123.479539496,121.079226045,123.625900072,120.171790473,6108584.0
2024-05-24,120.425482138,119.927856179,120.513298484,118.474007788,7173435.0
2024-05-28,120.249849447,121.469520915,121.791514183,120.026405633,6911394.0
2024-05-29,120.005915153,120.737718034,120.913350726,119.791252974,4735091.0
2024-05-30,117.254336319,114.24906582,118.493522532,114.19052159,10851552.0
2024-05-31,113.761197233,114.346639538,114.568619745,111.770693396,12755639.0
2024-06-03,114.678390177,116.385930234,116.434717092,114.493000114,7256308.0
2024-06-04,116.132238568,117.156762602,117.449483754,115.839517416,7367975.0
2024-06-05,118.698427338,119.65464977,119.810767718,117.583842763,5973706.0
2024-06-06,119.898584064,120.503541112,121.254858737,119.283869643,7347249.0
2024-06-07,121.196314506,122.864825076,123.157546228,120.279121562,11544957.0
2024-06-10,122.679435012,121.479278287,123.869834366,121.040196558,10190447.0
2024-06-11,121.040196558,120.874321239,121.801271555,119.32289913,18373935.0
2024-06-12,131.4220401,136.973984626,137.535033502,130.709751963,40871317.0
2024-06-13,137.022771485,136.456843923,138.94497372,135.403047774,13733247.0
2024-06-14,135.88115899,134.778575982,136.573932384,134.046773101,11330789.0
2024-06-17,135.43231989,137.881420199,138.008266032,134.895664443,11232754.0
2024-06-18,137.793603853,141.130624992,141.540434605,137.793603853,11629395.0
2024-06-20,141.794126271,139.442599679,141.794126271,138.505891991,8940005.0
2024-06-21,140.232946791,138.066810262,140.232946791,137.032528857,14930875.0
2024-06-24,136.6032045,136.49587341,138.096082377,135.744555786,7793293.0
2024-06-25,135.627467325,135.793342644,136.164122771,134.222405793,8469641.0
2024-06-26,136.10557854,134.8761497,137.330128695,134.729789124,8036309.0
2024-06-27,135.871401618,136.778837191,137.988751288,135.442077261,7518199.0
2024-06-28,136.051912996,137.77408911,139.354783333,135.890916362,25814821.0
2024-07-01,138.252200325,139.61823237,140.559818744,137.647243277,6552353.0
2024-07-02,139.16939327,139.803622434,140.720815378,139.091334296,5920529.0
2024-07-03,140.262218906,140.876933326,141.140382363,140.018284612,3560778.0
2024-07-05,141.433103516,141.316015055,142.247844057,140.525667943,5365527.0
2024-07-08,141.247713453,141.51116249,141.706309925,139.94998301,8622633.0
2024-07-09,141.608736207,137.266705779,142.164808823,134.65173015,14340040.0
2024-07-10,137.696030136,138.622980452,138.925458976,136.344634148,6350258.0
2024-07-11,139.298140196,139.689537049,140.394051386,138.631199957,5246402.0
2024-07-12,139.640612443,141.656306239,142.008563407,138.221798848,7361770.0
2024-07-15,142.595658687,139.992869611,143.437161923,138.867603657,8687837.0
2024-07-16,139.992869611,139.542763229,140.413621229,138.994807634,7181470.0
2024-07-17,137.458574984,136.26481458,138.740399679,135.697386992,9157003.0
2024-07-18,136.362663794,135.061269256,137.047608288,134.251077769,5998726.0
2024-07-19,135.374386738,135.579870087,137.419435298,135.110193862,6111941.0
2024-07-22,136.734490805,137.155242422,137.654273411,136.127825682,5387176.0
2024-07-23,138.260938534,140.032009296,140.139643431,138.172874242,6697410.0
2024-07-24,138.652335387,135.785353435,139.591687836,135.423311345,8018807.0
2024-07-25,137.13567258,134.855785907,138.035885343,134.738366851,7654625.0
2024-07-26,135.883202648,136.020191547,136.949759074,135.403741502,5139377.0
2024-07-29,136.274599502,135.335247053,136.77363049,134.860678368,4054647.0
2024-07-30,136.078901075,132.752027819,136.563254681,132.057298404,6505701.0
2024-07-31,136.685566198,136.450728086,138.505561567,135.6777193,7188043.0
2024-08-01,136.294169344,134.552453346,137.370510692,132.849877033,5906808.0
2024-08-02,129.914400631,130.413431619,131.411493596,128.965263261,8251585.0
2024-08-05,125.139359017,125.110004253,127.174622655,123.939629811,10354987.0
2024-08-06,127.732363172,125.4524765,128.219163009,125.325272522,8373891.0
2024-08-07,126.147205915,123.19215967,127.49752506,123.04538585,8617652.0
2024-08-08,125.246993152,126.1863456,127.027848835,124.904520905,6243219.0
2024-08-09,125.638390005,129.219671216,129.523003777,125.579680477,5597278.0
2024-08-12,129.405584721,129.728487125,129.855691103,128.387952902,5600826.0
2024-08-13,130.110099057,131.37235391,131.646331708,129.953540316,4324038.0
2024-08-14,131.157085641,132.68353337,133.045575459,131.127730877,4044630.0
2024-08-15,133.984927908,133.984927908,134.298045391,132.800952426,4698128.0
2024-08-16,133.847939009,134.51331366,134.855785907,133.456542156,4893787.0
2024-08-19,134.572023189,134.953635121,134.982989885,133.520144144,3641585.0
2024-08-20,134.855785907,136.176750288,136.783415411,134.855785907,3738261.0
2024-08-21,135.814708199,137.184597186,137.2824464,135.570085165,3776768.0
2024-08-22,137.673843253,135.110193862,138.045670264,134.689442245,5162189.0
2024-08-23,135.746213749,136.196320131,136.783415411,134.307830312,4544571.0
2024-08-26,136.392018558,135.912557412,136.401803479,135.217827997,2729605.0
2024-08-27,134.885140671,135.501590716,136.499652693,134.777506537,3872342.0
2024-08-28,135.844062963,134.914495435,135.961482019,133.965358065,3022639.0
2024-08-29,136.147395524,136.421373322,138.123949635,135.863632805,4588361.0
2024-08-30,137.311801164,138.251153612,138.67190523,137.081855512,7980679.0
2024-09-03,137.42922022,136.499652693,139.141581454,135.844062963,6831174.0
2024-09-04,135.46245103,137.72276786,138.06612075,134.982989885,6243325.0
2024-09-05,138.358787747,139.542763229,140.198352959,137.28733886,8733246.0
2024-09-06,140.697383947,138.759969522,140.844157767,136.401803479,11154796.0
2024-09-09,139.425344173,136.881264625,140.217922802,136.509437614,20233428.0
2024-09-10,150.912841826,152.537138769,157.067557349,149.826715558,37374210.0
2024-09-11,153.407996768,153.799393622,156.010785844,151.509819877,12630122.0
2024-09-12,155.619388991,157.909060584,158.848413033,154.503907958,16352048.0
2024-09-13,169.964083675,158.545080472,170.194029327,157.537233574,25727805.0
2024-09-16,161.441417188,166.666565184,170.247846394,160.971740964,27384374.0
2024-09-17,166.617640577,163.86807768,166.969897745,163.183133187,12580114.0
2024-09-18,164.014851501,160.991310807,164.014851501,160.208517099,12274414.0
2024-09-19,163.652809411,163.985496737,164.543237253,160.971740964,10075884.0
2024-09-20,163.535390355,164.386678512,165.198826983,163.016789524,12187736.0
2024-09-23,163.628347108,162.380769637,163.731088782,160.72711793,7916081.0
2024-09-24,162.175286289,162.233995817,162.527543457,160.394430605,6155076.0
2024-09-25,164.08334595,162.703672041,165.120547612,162.097006918,7142437.0
2024-09-26,164.044206265,164.484527725,164.73893568,162.899370468,7096842.0
2024-09-27,164.474742804,165.110762691,165.472609082,162.928725232,8974377.0
2024-09-30,165.854416713,166.735059633,166.852478689,162.870015704,10218973.0
2024-10-01,166.558931049,163.564745119,166.842693768,162.400339479,7595053.0
2024-10-02,163.995281658,164.102915793,165.54129923,163.672379254,7073025.0
2024-10-03,163.300552243,163.271197479,164.249689613,162.664532356,4735708.0
2024-10-04,165.081407927,167.185166015,167.2243057,164.548129714,6389504.0
2024-10-07,166.754629476,166.314308015,168.623549452,165.903341319,6790956.0
2024-10-08,166.93075806,170.619673405,170.883866281,166.776156303,7845377.0
2024-10-09,170.805586911,174.45536257,174.768480053,170.07171781,8120894.0
2024-10-10,174.219996332,172.023245464,174.857446361,170.81709194,7115887.0
2024-10-11,172.106604314,172.376294711,173.582546304,171.032746188,5869413.0
2024-10-14,173.141234745,172.719537034,173.798298621,172.111507776,4688662.0
2024-10-15,173.523704762,170.728731559,174.778892904,170.39529616,5848630.0
2024-10-16,170.150123072,171.395602359,171.534860673,168.326035297,6383034.0
2024-10-17,174.07289248,172.288032399,174.318065568,171.758458529,5473951.0
2024-10-18,173.386407833,171.31714697,173.553125533,171.209270812,5001257.0
2024-10-21,171.081780806,170.405103083,171.768265452,169.816687672,4198362.0
2024-10-22,172.062473158,171.925176229,172.454750099,170.915063106,5510114.0
2024-10-23,171.130815424,169.757846131,172.670502416,169.669583819,4830414.0
2024-10-24,169.968694986,171.013132341,171.576278253,169.571514584,3488036.0
2024-10-25,171.405409282,170.169736919,172.886254734,169.757846131,3674717.0
2024-10-28,170.684600403,169.090975331,170.807186947,168.811478011,4329971.0
2024-10-29,168.963485326,170.081474607,170.663123241,168.963485326,4122913.0
2024-10-30,170.6208554,171.189656965,172.758764728,169.453831502,5822451.0
2024-10-31,167.227659863,164.599404359,167.580709109,164.165447993,9477476.0
2024-11-01,166.864803692,166.737313687,168.943871479,165.835076723,5680595.0
2024-11-04,167.021714469,166.315615975,167.188432168,165.472220552,4804405.0
2024-11-05,167.178625245,168.463332226,168.571208385,167.031521392,5456754.0
2024-11-06,175.073198679,177.740681876,178.584077299,173.989827837,11084987.0
2024-11-07,177.5837711,182.771633642,183.065841347,177.05419723,7759399.0
2024-11-08,182.663757483,185.596027616,186.488457656,182.663757483,8520419.0
2024-11-11,187.361273849,185.478344533,187.802585408,184.213251399,5973638.0
2024-11-12,184.899736046,185.919656092,186.929769214,183.585608294,6629891.0
2024-11-13,185.350854528,185.968690709,188.067372343,185.144418787,5695426.0
2024-11-14,185.017419128,183.438504441,185.929463015,183.105069041,7804318.0
2024-11-15,180.957352791,180.192412756,182.212639001,178.80963654,8986276.0
2024-11-18,180.741600473,182.143990536,182.585302095,179.349017333,6291406.0
2024-11-19,181.320208961,185.252785292,185.66467608,180.76121432,8116958.0
2024-11-20,187.214169996,187.067066144,187.282818461,184.193637552,4860222.0
2024-11-21,188.234090042,188.714629295,192.254928686,187.939980406,11394263.0
2024-11-22,189.273623936,188.577332366,190.450454758,187.371080773,6879447.0
2024-11-25,190.744662464,184.360355252,190.989835552,184.360355252,15138474.0
2024-11-26,184.683983728,186.69440305,188.685208524,184.683983728,6427210.0
2024-11-27,185.306723372,179.17249271,185.306723372,178.701760381,8368797.0
2024-11-29,180.457199691,181.271174343,182.340129007,180.447392768,4628044.0
2024-12-02,181.712485902,177.907399576,181.712485902,177.505315712,8859696.0
2024-12-03,177.681840335,179.358824257,179.50592811,175.651807166,8917062.0
2024-12-04,184.370162176,184.556493722,186.125601486,182.310708236,8906283.0
2024-12-05,185.370468375,182.644143636,185.370468375,182.261673619,6398073.0
2024-12-06,183.389469824,187.988916954,188.910767765,182.781440565,10503383.0
2024-12-09,192.509908697,186.772858438,194.481002255,185.282206063,20157957.0
2024-12-10,170.110895377,174.308258644,174.367100185,167.756449179,26502016.0
2024-12-11,174.563238656,175.13204022,177.877978805,171.454541969,13188714.0
2024-12-12,174.563238656,171.934983152,174.729858286,171.434830053,8154218.0
2024-12-13,171.6211616,170.042246913,172.739150881,168.326035297,8351106.0
2024-12-16,170.483558471,167.923951432,170.905256183,167.629743727,9571955.0
2024-12-17,167.453219104,166.433299057,169.649969972,166.001794423,8940204.0
2024-12-18,166.139091352,162.216321944,167.923951432,162.167287326,8817934.0
2024-12-19,164.315003577,165.531062094,167.698392192,164.167899724,8386394.0
2024-12-20,164.4915282,166.38426444,167.953372203,162.432074261,13810525.0
2024-12-23,166.315615975,165.874304417,166.345036746,163.940673306,6518229.0
2024-12-24,166.423492134,168.100476056,168.453525303,165.766428258,2451547.0
2024-12-26,167.208046016,168.365262991,169.218465337,167.208046016,4103882.0
2024-12-27,167.090362933,165.697779793,167.845496044,163.971761254,4344287.0
2024-12-30,163.295083531,163.687360472,164.668052824,161.372926521,5254833.0
2024-12-31,163.971761254,163.422573537,164.069830489,162.638019655,4307524.0
2025-01-02,165.266275159,162.824351202,165.432992858,161.716168844,5365667.0
2025-01-03,163.481415078,163.108751984,163.971761254,162.079025015,5878052.0
2025-01-06,164.079637413,162.490915802,164.805349753,162.000569626,6845373.0
2025-01-07,162.383039644,158.901581794,162.951841208,158.205290224,7712222.0
2025-01-08,159.048685647,159.990150305,160.81393188,158.313166383,7596214.0
2025-01-10,156.509966396,151.889383218,156.509966396,151.319183591,13593882.0
2025-01-13,151.142225086,151.319183591,151.545297236,149.844529385,8828492.0
2025-01-14,153.776940601,153.668799293,154.592915929,151.741917797,7410242.0
2025-01-15,155.984006396,155.635004901,156.460319705,154.602746957,10701234.0
2025-01-16,157.44391406,156.84422135,158.771102846,155.733315181,9210555.0
2025-01-17,159.036540603,158.309044528,160.4030535,157.827324154,11618283.0
2025-01-21,161.101056491,169.654050886,170.440533129,159.999981351,30232048.0
2025-01-22,188.274017994,181.107198552,188.745907339,177.518873318,48028518.0
2025-01-23,178.570793318,183.319179861,183.417490142,178.433158926,17314645.0
2025-01-24,185.452512946,180.497674814,185.904740236,178.796906963,12147180.0
2025-01-27,166.046063595,155.605511817,169.604895746,150.080474058,42201592.0
2025-01-28,160.235926023,161.228859856,163.023022473,154.101364527,20319300.0
2025-01-29,161.253437426,159.282316304,161.253437426,157.306279668,9866583.0
2025-01-30,161.995680043,167.501055745,168.592299857,161.327170136,14981706.0
2025-01-31,167.530548829,167.186462848,170.076785092,166.271783999,8722470.0
2025-02-03,160.442377612,165.751132754,167.029166399,160.442377612,8250588.0
2025-02-04,167.520717801,165.053129763,167.520717801,163.539151445,6776982.0
2025-02-05,166.134542847,168.759427334,168.985540979,165.67248453,7866650.0
2025-02-06,170.076785092,169.437768269,172.682007522,168.670948082,7036908.0
2025-02-07,172.0429907,171.512115185,174.392606401,170.253743596,9991297.0
2025-02-10,173.026093504,175.896753691,176.948673691,171.964342475,7625900.0
2025-02-11,174.618720046,174.19598584,176.093374252,173.468489765,6528766.0
2025-02-12,171.934849391,169.309964904,171.934849391,167.82547967,7454841.0
2025-02-13,170.076785092,170.922253503,171.428551447,169.191992568,6421673.0
2025-02-14,171.305663597,171.217184344,172.072483784,169.892748247,7260851.0
2025-02-18,173.763420607,176.761884159,179.160655,173.114572756,11430497.0
2025-02-19,175.562498738,178.452820982,178.61011743,172.731162662,8688500.0
2025-02-20,176.771715187,173.026093504,177.223942477,171.482622101,8737035.0
2025-02-21,173.14406584,164.974481539,173.886308457,164.71887481,9713871.0
2025-02-24,170.63715369,167.088152567,171.227015372,161.877707706,10639053.0
2025-02-25,166.429473689,165.692146586,167.717338362,161.662408192,8316085.0
2025-02-26,168.090917427,169.555740605,170.932084531,166.267261726,6915115.0
2025-02-27,170.076785092,161.976017987,171.905356307,161.799059482,7436810.0
2025-02-28,160.35389836,163.254051632,163.342530884,158.092761911,12843286.0
2025-03-03,164.129013127,159.282316304,164.296140604,158.407354808,8081840.0
2025-03-04,156.529628452,154.809198545,157.060503967,150.92594247,13171897.0
2025-03-05,155.3892292,158.830089014,159.739754038,154.396295368,7140996.0
2025-03-06,154.499521162,148.389537235,154.499521162,147.198606498,12321246.0
2025-03-07,148.074944338,152.538231068,153.835926769,145.990766394,12646488.0
2025-03-10,147.986465086,146.275866207,149.942839666,144.319491627,21486052.0
2025-03-11,140.996604149,141.74376228,143.316726767,135.37325611,27200233.0
2025-03-12,143.759123028,148.340382095,149.657739852,142.561802123,15373853.0
2025-03-13,147.258969011,145.164960038,147.632548076,143.021795925,14187662.0
2025-03-14,146.398754057,146.747755553,148.330551067,145.381242655,9329964.0
2025-03-17,147.858661721,151.407662844,153.118261723,147.858661721,9884994.0
2025-03-18,149.795374245,146.924714057,149.839613871,146.118569758,9402508.0
2025-03-19,147.524406768,149.874022469,151.466649012,147.4654206,6909504.0
2025-03-20,149.01872303,150.139460226,151.879552189,148.271564899,7051615.0
2025-03-21,149.087540226,149.657739852,151.240535367,147.573561908,17620224.0
2025-03-24,153.698292377,152.253131255,153.95881462,151.4273249,7848332.0
2025-03-25,151.899214246,151.329014619,152.970796302,150.463884152,8521249.0
2025-03-26,150.306587703,145.302594431,150.444222096,144.083546954,13222521.0
2025-03-27,143.385543963,143.316726767,144.5554363,142.471258355,9148321.0
2025-03-28,141.350521159,138.489691999,143.188923402,136.759431064,13144486.0
2025-03-31,136.297372746,137.447603027,138.214423214,134.449139475,15509923.0
2025-04-01,137.398447887,139.541611999,140.829476673,136.415345083,9518457.0
2025-04-02,137.496758167,143.395374991,145.391073683,137.496758167,11594432.0
2025-04-03,136.897065457,134.911197792,139.010736485,134.331167138,14433768.0
2025-04-04,130.664193679,126.102596669,131.558817231,124.804900967,14986861.0
2025-04-07,116.851599283,125.011352556,131.843917044,116.851599283,19482652.0
2025-04-08,130.300445642,122.396299098,130.742841903,119.638695732,11950277.0
2025-04-09,121.314886013,137.32963069,138.214423214,121.314886013,17761994.0
2025-04-10,134.823579691,131.567686438,134.823579691,127.527418902,12401562.0
2025-04-11,130.344259883,130.581052119,131.222364427,127.117965659,10190175.0
2025-04-14,134.971574839,132.84044471,134.971574839,131.094101965,8217740.0
2025-04-15,132.958840828,132.149800686,134.657825125,131.932741136,8629959.0
2025-04-16,130.511987717,128.025669233,130.76535541,126.141197684,8295176.0
2025-04-17,129.150432357,126.900906109,129.545086084,126.723311932,8925522.0
2025-04-21,125.189095566,121.178427059,125.494952205,119.614611663,12201231.0
2025-04-22,122.835972715,125.539350749,126.279326488,121.740808621,11233702.0
2025-04-23,133.106835976,129.643749516,134.054004922,129.239229445,9528873.0
2025-04-24,130.73891361,135.672085205,136.017407217,130.235730108,7305887.0
2025-04-25,135.652352519,136.638986838,137.142170341,134.927176294,5476378.0
2025-04-28,137.783482648,138.266933464,138.789849653,136.234466767,6985102.0
2025-04-29,137.941344139,138.908245772,139.27330047,137.684819216,4851458.0
2025-04-30,136.629120495,138.839181369,139.411429274,133.753081455,9443538.0
2025-05-01,144.601125792,143.545427071,146.653325176,143.392498751,11525751.0
2025-05-02,146.347468537,148.715390902,151.014248866,146.347468537,11345977.0
2025-05-05,147.437699459,147.294637483,148.804187991,146.535027721,5187449.0
2025-05-06,145.015512206,145.725888916,146.950302106,143.772352964,5108595.0
2025-05-07,145.528562052,147.373568229,147.896484418,145.272037129,6051937.0
2025-05-08,147.057845246,148.291138145,149.780955967,146.623726146,6113612.0
2025-05-09,148.034613222,148.330603518,149.770201653,147.787954643,4707130.0
2025-05-12,154.220810402,155.118647633,155.32584084,152.352618319,7875461.0
2025-05-13,156.105281952,160.101150944,161.038453547,155.463969644,11955157.0
2025-05-14,160.189948032,160.772062281,161.225914067,158.905152822,7499392.0
2025-05-15,159.203313713,157.269510448,159.578234755,156.786059632,10169217.0
2025-05-16,157.86149104,158.344941856,158.690263867,156.401272247,8515458.0
2025-05-19,156.184212697,157.506302685,159.805061984,155.71940927,10268917.0
2025-05-20,156.509802022,158.167347678,158.216679394,155.424504272,7576418.0
2025-05-21,156.233544413,155.07918226,158.749461927,154.367818916,6011038.0
2025-05-22,154.876922225,155.207444721,157.062317241,154.723993905,7603261.0
2025-05-23,152.918453101,153.885354734,155.271575952,152.195447472,6527516.0
2025-05-27,157.190579703,159.745962589,160.229413405,156.795925975,6976813.0
2025-05-28,159.701564044,161.660033168,162.123751298,159.124382968,8090652.0
2025-05-29,162.794662635,160.722730565,163.110385617,159.331576175,6995831.0
2025-05-30,161.245646754,163.317578824,163.534638374,159.390872897,17547858.0
2025-06-02,161.970822978,164.343678515,164.767931273,160.426740269,7165969.0
2025-06-03,164.570604409,166.879328715,167.066789236,164.363411202,7155281.0
2025-06-04,167.441710277,165.853229023,168.201418703,165.330312834,6375793.0
2025-06-05,166.741199911,168.852597353,169.957529127,166.499474502,7710284.0
2025-06-06,171.674371506,171.694104192,172.453812618,170.352380181,6833674.0
2025-06-09,172.52287702,174.78226961,176.331285491,171.467178299,9668911.0
2025-06-10,175.334784829,175.107858936,175.472913634,171.950629115,11056716.0
2025-06-11,175.176923338,174.022561185,177.150191976,173.844967007,18002910.0
2025-06-12,187.421055237,197.188734995,199.783583254,186.355490172,54609995.0
2025-06-13,198.885746024,212.343438135,213.704894831,198.510824982,53707361.0
2025-06-16,210.35043681,208.27850474,212.294106419,207.169823756,22665299.0
2025-06-17,207.84438564,205.397532529,212.994616785,204.707381823,17819162.0
2025-06-18,208.263705226,208.051578847,211.850022312,206.769052896,15055390.0
2025-06-20,210.498431958,202.427763229,210.942417402,201.90484704,20879095.0
2025-06-23,202.758285726,204.272769405,204.499695299,199.83291497,13418393.0
2025-06-24,207.183340646,212.392769851,213.47313443,205.762587227,19030617.0
2025-06-25,212.067081862,207.903583699,214.030484157,207.420132883,11804604.0
2025-06-26,209.166475628,209.975515769,211.554130679,207.54711272,10531112.0
2025-06-27,210.833887627,207.429999226,211.781056573,207.153741617,14127502.0
2025-06-30,223.472673253,215.707861162,225.169684282,215.461301246,31844231.0
2025-07-01,216.368906156,216.033450488,220.187180971,213.41679761,16962196.0
2025-07-02,214.770558559,226.906160683,228.800498576,213.823389613,22326900.0
2025-07-03,230.102855877,234.148056585,234.809002915,228.109854552,18441376.0
2025-07-07,231.96759474,229.15568693,232.105723544,226.43257621,16584266.0
2025-07-08,233.960596064,231.365747805,238.211510027,230.073256847,20401777.0
2025-07-09,232.362248467,232.658238763,233.348882786,228.899162008,10871629.0
2025-07-10,237.236062393,232.35173236,237.349766432,230.868636196,11486345.0
2025-07-11,228.762639643,227.961767714,231.363001584,227.279543479,10208178.0
2025-07-14,226.864276553,226.696192321,228.040866176,222.583072293,11336967.0
2025-07-15,229.785975996,232.312183128,232.944970825,226.617093859,10728795.0
2025-07-16,232.846097748,238.580736248,238.610398172,230.562129655,12597452.0
2025-07-17,240.597747031,245.94678053,248.764564368,239.282735099,17631328.0
2025-07-18,245.699597836,242.683968969,246.866300151,242.23904012,9678072.0
2025-07-21,242.54554666,240.795493187,244.018755516,240.498873954,7348362.0
2025-07-22,239.253073176,235.426685073,239.559579717,232.757210851,11380866.0
2025-07-23,237.245949701,239.173974714,240.676845493,235.970487,7255797.0
2025-07-24,239.67822741,240.093494336,241.329407806,237.849174347,8237851.0
2025-07-25,239.609016255,242.357687813,242.703743584,238.709271249,7149571.0
2025-07-28,243.227770896,244.918500522,244.987711677,240.676845493,6756775.0
2025-07-29,245.897343991,247.162919384,250.218097482,243.811122053,8415324.0
2025-07-30,245.838020144,247.775932465,248.220861314,242.832278585,8441378.0
2025-07-31,252.882726923,250.910209025,257.930197535,250.463302714,15548726.0
2025-08-01,245.037148216,241.665576269,245.610612066,239.272847792,12718218.0
2025-08-04,243.128897818,249.684182863,250.059900558,243.128897818,8614784.0
2025-08-05,252.531727498,252.788797499,255.574249842,248.537255163,11197287.0
2025-08-06,253.945612507,253.540232889,253.945612507,248.883310934,9930222.0
2025-08-07,254.805808282,246.579568226,254.855244821,243.741910899,11954223.0
2025-08-08,247.212355923,247.232130538,248.066026075,245.066810139,8313278.0
2025-08-11,245.600724758,249.832492479,251.819841339,242.792729354,9012112.0
2025-08-12,249.733619402,250.999194795,254.964005207,248.250523238,10001712.0
2025-08-13,254.271893663,241.428280883,254.766160178,239.900691834,14182078.0
2025-08-14,242.189603581,242.199490888,246.114864761,239.836424334,10285555.0
2025-08-15,244.137403209,245.482077065,247.805594388,240.187423759,11553988.0
2025-08-18,243.425517051,246.263174378,246.352160148,240.874591649,6759921.0
2025-08-19,246.441145918,231.976014665,246.441145918,229.61294811,16819250.0
2025-08-20,229.563511571,232.411056206,233.221815442,225.682051164,11256417.0
2025-08-21,230.418763692,230.532467732,233.2612658,229.810694265,7403128.0
2025-08-22,231.42232543,233.706293523,235.812290076,228.851625412,9343637.0
2025-08-25,234.675249683,232.757111978,236.336317387,232.618689669,6308625.0
2025-08-26,232.35173236,231.570635046,234.235264488,230.087538882,11805197.0
2025-08-27,232.346788706,233.152604288,233.864490447,230.057876959,5637590.0
2025-08-28,232.885646979,237.611780088,239.223411253,232.470380053,8691548.0
2025-08-29,234.932319685,223.581690376,235.535445458,220.595723433,16618641.0
2025-09-02,219.498232272,222.761043832,222.909353449,216.324406481,10461903.0
2025-09-03,223.354282298,220.931891897,223.354282298,219.251049578,8900813.0
2025-09-04,219.498232272,220.486963048,221.05053959,217.085828051,10303069.0
2025-09-05,229.929341958,230.176524652,231.976014665,223.339451336,15386096.0
2025-09-08,237.186625854,235.79251546,239.688114717,232.6582389,18803046.0
2025-09-09,237.236062393,238.788369711,240.746056648,231.916690818,41178697.0
2025-09-10,315.592976391,324.629975684,341.824003878,308.572987881,131618085.0
2025-09-11,326.617324543,304.390656699,327.269886856,301.167394369,69986027.0
2025-09-12,302.343983993,288.887358131,304.499417084,288.462203898,51781914.0
2025-09-15,302.996546305,298.73511666,303.570010155,293.939772397,40004004.0
2025-09-16,310.52078751,303.19429246,316.364186396,298.866024615,51923268.0
2025-09-17,304.222572467,298.013343194,305.18164132,291.705240843,27707949.0
2025-09-18,299.620030705,293.277322777,300.396184364,288.709386592,24673116.0
2025-09-19,295.630502024,305.18164132,307.604031721,293.96943432,40776201.0
2025-09-22,306.140710172,324.452004144,325.786790692,303.461249769,44437549.0
2025-09-23,320.348771424,310.293379432,321.3375022,306.555977098,35280199.0
2025-09-24,308.345579803,304.983895164,308.948705576,296.648894723,33765279.0
2025-09-25,291.942536229,288.046936972,295.38331933,285.298265414,39274883.0
2025-09-26,289.698117368,280.265625764,290.686848144,279.810809608,25990691.0
2025-09-29,281.392778849,279.573514221,282.75722732,276.459012277,25778508.0
2025-09-30,280.493033843,278.070643442,280.799540384,272.790821098,23880810.0
2025-10-01,275.658140348,285.753081571,286.722037732,274.748508034,23378324.0
2025-10-02,288.511640436,285.525673493,291.645916996,282.826438474,16215460.0
2025-10-03,286.336432729,282.915424244,291.31963584,280.799540384,13688407.0
2025-10-06,289.085104286,288.304006973,293.336646623,287.52290966,14076795.0
2025-10-07,289.915638138,281.03683577,289.915638138,267.946040296,31723384.0
2025-10-08,282.203538085,285.377363876,288.244683127,280.404048073,18982122.0
2025-10-09,288.764691069,294.123006894,298.094697551,284.515675378,26479833.0
2025-10-10,297.411289433,290.161220702,304.78021175,289.220296481,28895338.0
2025-10-13,295.846383887,305.067441249,307.731742463,294.895555201,21703725.0
2025-10-14,300.669858576,296.143517852,301.511738142,289.190583085,17346186.0
2025-10-15,301.987152485,300.719380903,308.038780893,296.064282128,13698938.0
2025-10-16,302.680465068,310.009769524,319.458629591,300.174635302,32500863.0
2025-10-17,300.848138955,288.526983897,301.373075625,284.75338255,37653000.0
2025-10-20,286.189530044,274.531974174,286.476759543,272.679839129,32810748.0
2025-10-21,275.453089464,272.521367682,277.622068359,269.658977158,18370806.0
2025-10-22,272.194520321,270.055155777,274.551783105,266.677733049,16474016.0
2025-10-23,270.352289742,277.394364698,280.395417738,269.782782976,16872158.0
2025-10-24,283.188477004,280.623220444,284.44634412,279.54858594,13194896.0
2025-10-27,283.83226726,278.711658607,284.258159276,277.136848595,13855836.0
2025-10-28,280.296373084,278.147104074,282.732871592,277.859874575,12448523.0
2025-10-29,278.7710854,272.669934664,278.929556847,268.757670799,18007149.0
2025-10-30,266.172605309,254.435813715,267.182860788,253.831641321,27954197.0
2025-10-31,257.030783671,260.10116797,263.270596923,254.257236203,16898693.0
2025-11-03,262.706042391,255.386642401,263.082412079,252.791672446,15709214.0
2025-11-04,247.591828069,245.799119817,252.841194773,242.842636871,19772593.0
2025-11-05,245.541603714,247.918675429,249.988708715,244.670010752,11991459.0
2025-11-06,245.571317111,241.470868402,246.69052171,237.00395447,18678269.0
2025-11-07,236.716724972,236.974241074,238.103350139,230.130255427,20969260.0
2025-11-10,243.60032848,238.529242154,244.878004527,234.805163134,16698716.0
2025-11-11,233.973188034,233.89395231,235.181532822,226.703310371,20686607.0
2025-11-12,234.478315773,224.82146193,234.547647031,224.009295761,24194992.0
2025-11-13,222.840568834,215.491455448,223.008944747,213.16390606,30008998.0
2025-11-14,208.815845714,220.721013221,224.880888723,208.756418921,36053807.0
2025-11-17,216.125341239,217.759578043,220.671490894,213.500657886,16143779.0
2025-11-18,214.13949591,218.383559368,221.562892787,212.450784546,21098291.0
2025-11-19,216.967220804,223.37540997,225.970280881,215.233939345,21679490.0
2025-11-20,228.951624035,208.677183198,231.764492232,208.290909044,27459600.0
2025-11-21,205.101671159,196.86115588,206.319920413,191.700929365,44834071.0
2025-11-24,194.974355206,198.366634633,201.872815413,192.443764276,31144706.0
2025-11-25,192.225866035,195.147683352,197.504946136,183.856592705,29594993.0
2025-11-26,207.498551806,203.001924478,207.99377508,200.307909867,26544148.0
2025-11-28,197.603990791,200.020680368,200.406855477,195.72214235,13848479.0
2025-12-01,198.584532874,199.020329355,201.555872518,194.820835991,13461204.0
2025-12-02,203.180204856,199.178800802,207.696641115,198.0893096,19664471.0
2025-12-03,198.41615696,205.745461416,205.93364626,197.495041671,19060528.0
2025-12-04,205.874219467,212.282408632,213.352090904,204.34397955,23316937.0
2025-12-05,216.907794012,215.501359913,217.403017286,211.579191583,24208687.0
2025-12-08,219.230391167,218.433081695,222.602861663,214.837760726,24711161.0
2025-12-09,217.927953956,219.413623778,220.493210515,216.194672497,17643643.0
2025-12-10,219.681044346,220.879484669,223.167416195,215.501359913,47927993.0
2025-12-11,188.798920979,196.950296069,200.06029823,184.450860634,100612691.0
2025-12-12,194.49398863,188.155130723,195.959849521,184.203248997,55201644.0
2025-12-15,186.491180522,183.153375656,187.164387041,179.667003807,43897509.0
2025-12-16,182.935477415,186.84774128,187.98675481,182.72748364,32433525.0
2025-12-17,181.558756713,176.755090956,184.718281202,175.378370254,50222018.0
2025-12-18,180.97439325,178.310092036,182.994904208,176.873944541,36297285.0
2025-12-19,186.585272944,190.136023819,193.255930445,186.322804609,77008550.0
2025-12-22,194.939689577,196.484786192,196.900773742,190.98780785,27148017.0
2025-12-23,194.553415423,193.473828686,195.316059265,190.35392206,18301588.0
2025-12-24,193.13707686,195.603288764,196.385741537,192.562617862,9282733.0
2025-12-26,196.167843296,196.098512038,198.455675778,194.236472528,11262030.0
2025-12-29,192.305101759,193.513446548,196.613544243,190.799623006,14748125.0
2025-12-30,194.1869502,195.325963731,196.484786192,193.840293909,14197359.0
2025-12-31,194.543510958,193.04793667,195.316059265,192.869656292,10341453.0
2026-01-02,195.583479833,193.840293909,196.692779967,192.354624087,14540657.0
2026-01-05,196.44516833,190.750100679,199.763164266,190.492584576,22635516.0
2026-01-06,190.720387282,191.899018675,193.013271041,188.878156703,16474464.0
2026-01-07,193.434210824,190.997712316,193.800676047,190.165737216,11171198.0
2026-01-08,189.056437082,187.838187828,189.12576834,184.37162491,19468504.0
2026-01-09,190.325815078,197.143204244,198.791691646,187.470754066,26152742.0
2026-01-12,196.22958472,203.260482796,205.16716702,195.644470998,25428545.0
2026-01-13,203.5782635,200.887058163,206.35884466,199.263397378,15857426.0
2026-01-14,200.281288696,192.267256567,200.281288696,189.486675407,22473159.0
2026-01-15,193.657547147,188.533333295,193.657547147,188.076523533,16418626.0
2026-01-16,188.592917177,189.764733523,190.539323989,185.236358491,19224705.0
2026-01-20,185.891781193,178.672200824,185.891781193,178.116084592,29129492.0
2026-01-21,178.433865296,172.674090036,179.34748482,169.41683782,38189995.0
2026-01-22,178.126015239,176.944268246,178.910536352,175.27591955,21141907.0
2026-01-23,171.422828514,175.931342252,178.404073355,170.8071284,23011338.0
2026-01-26,177.85788777,181.174723868,184.024819557,177.291840891,21100378.0
2026-01-27,177.947263593,173.68701603,178.473587884,172.475477096,27093664.0
2026-01-28,173.701912,171.60158016,180.419994696,170.668099342,35882668.0
2026-01-29,168.969958705,167.837864947,169.049403881,160.399810344,37254511.0
2026-01-30,167.003690599,163.438588326,167.72862783,162.107881628,27362378.0
2026-02-02,169.734618524,158.949935882,170.01267664,158.890352,47421032.0
2026-02-03,157.162419422,153.597317149,158.274651886,150.84652793,43260101.0
2026-02-04,152.822726683,145.652799549,152.872379918,143.43032075,42323390.0
2026-02-05,144.59022032,135.533470255,145.533631785,134.312000675,42788953.0
2026-02-06,138.780791825,141.829500454,142.20686504,137.946617477,29962414.0
2026-02-09,147.460177303,155.504001373,158.642085825,145.9805109,49936490.0
2026-02-10,158.890352,158.781114883,164.242970733,155.871435312,40092248.0
2026-02-11,162.524968802,156.070048252,162.524968802,152.9319638,24538854.0
2026-02-12,156.834708071,155.394764256,157.937009888,151.44236675,23285399.0
2026-02-13,158.145553475,159.029381058,161.17440081,154.213017263,18596959.0
2026-02-17,156.884361306,152.902171859,158.175345416,151.819731336,19610800.0
2026-02-18,153.334155003,155.086914199,156.20907731,150.320203639,14801081.0
2026-02-19,156.099840193,155.454348138,158.97247845,154.689688319,14976323.0
2026-02-20,152.23681851,147.053020776,152.922033153,146.367806133,29621889.0
2026-02-23,144.679596143,140.329972757,144.78883326,137.623871449,31749782.0
2026-02-24,139.863232348,145.126475258,145.742175372,137.767865831,21336624.0
2026-02-25,148.125530652,146.864338483,152.216361377,146.313187574,27303928.0
2026-02-26,147.758096713,149.267555057,151.44236675,144.143341205,20652223.0
2026-02-27,142.882149036,144.39160738,145.066891376,141.11449387,36425195.0
2026-03-02,140.637822814,148.214906475,149.128525999,140.200874346,22418782.0
2026-03-03,143.746115325,147.976570947,149.883255171,142.057905335,20120790.0
2026-03-04,148.969635647,151.313268339,152.544668567,148.06594677,17585394.0
2026-03-05,151.531742573,153.716484913,156.844638718,149.078872764,24094779.0
2026-03-06,151.859453924,151.899176512,158.085969593,150.568469814,38000592.0
2026-03-09,149.65485029,150.508885932,150.9458344,145.419230731,31173468.0
2026-03-10,152.554599214,148.36386618,153.070992858,147.420454715,51544623.0
2026-03-11,165.226104786,161.988713864,170.568792872,159.466329526,83247484.0
2026-03-12,163.518033502,158.056177652,166.666048601,157.509992067,37133719.0
2026-03-13,157.946940535,154.034265617,159.655011819,153.080923505,26350375.0
2026-03-16,154.977677082,154.888301259,157.639090478,153.438824022,21607689.0
2026-03-17,154.361976968,153.617178443,157.817842124,152.435530756,23929463.0
2026-03-18,152.33612498,151.83959263,153.890469848,150.985556988,18051075.0
2026-03-19,149.416514762,154.441422144,155.831712724,147.857403183,22046113.0
2026-03-20,151.988552335,148.641924296,152.187165275,146.923922365,37551358.0
2026-03-23,150.369856874,153.269605798,154.699618966,149.664780937,19927945.0
2026-03-24,151.9388991,146.069886723,152.83265733,145.831551195,26122141.0
2026-03-25,148.190079857,145.007307494,148.800814648,143.597950071,20683774.0
2026-03-26,142.892079683,141.819569807,145.454186609,141.551442338,16961884.0
2026-03-27,139.952608171,138.691416002,140.707337343,137.341841074,17929588.0
2026-03-30,139.068780588,137.83738036,140.22073564,136.000210664,20125734.0
2026-03-31,139.32697741,146.089748017,146.372771456,138.880098295,24491953.0
2026-04-01,148.056016123,144.222786381,148.612132355,143.666670149,20495868.0
2026-04-02,141.789777866,145.364810786,145.424394668,139.32697741,14381866.0
2026-04-06,146.417459368,144.530636438,147.519761185,142.852357095,12556727.0
2026-04-07,142.782842566,142.177073099,143.567363679,138.969474118,17250445.0
2026-04-08,149.25762441,142.663674802,150.409579462,141.90894563,23527034.0
2026-04-09,141.707003122,137.382049581,142.304922967,135.528498064,30407824.0
2026-04-10,136.843921721,137.611252188,139.679058317,134.103455768,26171810.0
2026-04-13,139.285427752,155.080476975,155.369471567,139.235601099,49997735.0
2026-04-14,167.347799116,162.434891062,168.812702735,160.999883435,59779843.0
2026-04-15,166.311404719,169.221281295,171.961747249,165.633762229,43010821.0
2026-04-16,175.808364915,177.721708417,179.645017249,173.197448261,46997279.0
2026-04-17,182.295795226,174.453079934,183.860352153,172.758973708,45282649.0
2026-04-20,176.197012813,176.96434328,177.143719234,172.908453669,22330910.0
2026-04-21,177.731673747,180.541897016,184.697439935,175.40207838,39638047.0
2026-04-22,185.534527717,186.849951375,188.524126939,182.166245927,32448788.0
2026-04-23,179.774566549,175.668850284,181.259400829,173.476477521,37084241.0
2026-04-24,179.879202522,172.679251062,180.083491802,168.214782891,33214988.0
2026-04-27,171.985664043,172.360360479,172.948314992,167.317903124,21616573.0
2026-04-28,161.597803279,165.384628961,168.11502993,161.488184641,33716456.0
2026-04-29,163.471285458,163.262013513,164.188789272,160.093038338,20587497.0
2026-04-30,161.458288649,160.830472812,164.607333163,159.774147754,21016368.0
2026-05-01,165.843034175,171.234278105,173.695714798,165.573970245,26318017.0
2026-05-04,175.409751685,179.664947911,182.863819079,173.655853475,33504465.0
2026-05-05,181.493586102,184.707405265,185.873348962,178.379420246,23497237.0
2026-05-06,185.554458378,193.357312348,193.616410947,182.036696627,27685486.0
2026-05-07,197.921433827,193.915370869,199.456094761,190.138510519,31803162.0
2026-05-08,191.91233939,195.27065585,197.313548652,189.550556005,21158338.0
2026-05-11,191.483830169,193.167971064,195.003784293,189.939203904,16890587.0
2026-05-12,192.251160636,186.182274215,192.251160636,180.243036747,22123411.0
2026-05-13,188.374646978,189.102116122,190.905840986,184.418410674,15789272.0
2026-05-14,187.527593865,194.931834605,200.013156749,184.807058573,22544995.0
2026-05-15,189.829585266,192.281056628,195.748991725,188.245097678,15747148.0
2026-05-18,189.34128406,185.963036939,190.098649196,182.634616471,19114329.0
2026-05-19,185.355151764,180.830891608,188.070505084,180.302729078,16717712.0
2026-05-20,179.316161335,187.507663203,187.567455188,178.180113631,16517223.0
2026-05-21,188.354716316,189.112081452,192.151507328,186.550991452,12119718.0
2026-05-22,191.005494293,191.414072853,196.317015578,190.437470441,10875803.0
2026-05-26,192.629843204,192.390675266,194.523256044,189.899342581,12856100.0
2026-05-27,190.816153009,190.297955811,191.473864838,187.264608787,12125998.0
2026-05-28,193.367277678,202.993787173,204.28928017,192.706775557,25339881.0
2026-05-29,208.275412466,224.997237447,225.505469315,207.288844722,41082199.0
2026-06-01,229.700873557,247.289682313,249.382401768,223.82132842,48389992.0
2026-06-02,241.958230367,243.732059238,248.136735426,238.011959394,30294766.0
2026-06-03,239.646273635,229.531462934,239.676169627,226.815910307,23644680.0
2026-06-04,226.213007798,235.520626709,238.121578032,223.223408576,19993753.0
2026-06-05,228.694375152,212.939187252,230.637614646,208.723902175,29019876.0
2026-06-08,216.995076863,211.085635734,218.30053519,208.605264913,17227241.0
2026-06-09,213.163407193,205.096471959,219.735542817,197.104376359,26040722.0
2026-06-10,197.811815189,200.562246473,211.74324791,197.492924605,46108327.0
2026-06-11,179.047097405,183.461738923,184.129416082,174.67231721,63678509.0
2026-06-12,184.36858402,183.491634915,184.936607872,178.379420246,29562284.0
2026-06-15,186.740332736,191.972131375,194.642840013,185.567811921,20279863.0
2026-06-16,189.35124939,187.677073826,194.642840013,187.009396666,16985542.0
2026-06-17,185.50961439,182.893715071,189.530625344,181.94700865,16616626.0
2026-06-18,182.375517872,183.651080207,187.338252581,177.083927249,31386081.0
2026-06-22,181.67794472,174.463045265,183.940074798,173.795368105,22935420.0
2026-06-23,169.639825187,164.587402501,173.72561079,164.039309311,33327886.0
2026-06-24,161.911711198,156.983855147,165.175357015,154.811413045,38305028.0
2026-06-25,156.804479193,151.931432462,157.073543123,149.838713006,36914335.0
2026-06-26,149.739059699,148.015057481,153.007688181,147.486894952,36532141.0
2026-06-29,153.406301411,147.247727014,153.964359933,144.696602344,34310313.0
2026-06-30,146.739495146,146.041921994,149.410203784,143.979098531,35926860.0
2026-07-01,143.989063862,142.005963045,147.038455068,142.005963045,45963999.0
2026-07-02,142.803189504,139.783694289,146.550153862,138.34589637,44273642.0
2026-07-06,143.799722578,143.261594718,145.117338608,140.670608725,36682951.0
2026-07-07,143.221733395,141.109083278,145.055354251,137.073124328,47199976.0
2026-07-08,138.572906605,140.002931566,141.348251216,137.068141663,34607304.0
2026-07-09,140.929707325,143.719999932,148.553185341,140.451371449,35221882.0
2026-07-10,145.65,140.64,145.68,139.26,29843309.0
2026-07-13,139.03,131.54,139.65,131.35,56690274.0
2026-07-14,132.0,127.94,132.76,127.6,52670410.0
2026-07-15,130.56,132.49,133.9,128.84,48520434.0
2026-07-16,131.475,124.21,131.78,123.66,54780940.0
2026-07-17,121.7,126.41,128.435,121.5,39917140.0
2026-07-20,124.27,121.38,125.4897,120.03,36793230.0
2026-07-21,122.81,127.05,127.42,122.21,27748087.0
2026-07-22,126.18,125.84,128.84,124.7,21096693.0
2026-07-23,123.96,120.04,124.7,119.44,30900642.0
2026-07-24,122.47,114.99,123.08,114.75,46405702.0
2026-07-27,118.0,119.9,121.99,116.8,36916623.0
2026-07-28,118.18,119.96,122.33,114.5,32665418.0
2026-07-29,119.42,117.74,121.92,116.2,28081771.0
2026-07-30,122.87,127.56,128.34,121.58,41338393.0
2026-07-31,130.07,129.87,132.4,125.7,34438662.0
2026-08-03,131.92,141.85,143.07,130.21,49696896.0
2026-08-04,141.01,145.74,148.7,141.01,43723491.0
2026-08-05,145.0,144.39,146.3899,142.5,23524074.0
2026-08-06,139.25,143.47,146.58,138.72,23073334.0
2026-08-07,145.32,147.02,147.16,142.34,22874018.0
2026-08-10,148.26,151.05,151.99,146.62,24265023.0
2026-08-11,151.2,145.48,151.99,144.24,28761753.0
2026-08-12,152.81,153.28,154.89,147.89,43559358.0
2026-08-13,151.98,156.22,159.26,151.91,25739974.0
2026-08-14,155.84,150.52,156.39,148.8001,21905468.0
2026-08-17,148.45,146.65,150.4,145.5,20667953.0
2026-08-18,143.25,142.79,146.0,142.35,19152301.0
2026-08-19,142.695,143.81,146.08,137.43,26552896.0
2026-08-20,144.3,142.07,145.92,141.02,15184406.0
2026-08-21,143.715,146.47,148.35,142.6,19635031.0
2026-08-24,145.12,142.45,145.12,141.25,14158571.0
2026-08-25,143.3,144.76,146.335,142.51,13329370.0
2026-08-26,147.0,148.87,151.63,146.825,18426066.0
2026-08-27,152.106,151.94,153.83,147.52,30251433.0
2026-08-28,153.6,150.85,153.99,149.71,17799963.0
2026-08-31,149.31,149.12,151.26,147.75,16118904.0
2026-09-01,146.75,141.32,146.79,139.95,25443267.0
2026-09-02,140.26,145.75,146.69,139.72,21906714.0
2026-09-03,147.27,154.04,156.77,146.92,25101731.0
2026-09-04,159.455,158.78,159.7,156.71,26511284.0
2026-09-08,167.6,162.52,170.7,161.16,37662791.0
2026-09-09,163.54,161.63,165.15,160.36,27464575.0
2026-09-10,158.375,152.94,159.24,152.52,56824749.0
2026-09-11,164.43,150.28,166.0,149.84,80438562.0
2026-09-14,141.42,144.79,145.33,141.01,42159749.0
2026-09-15,143.46,140.35,144.88,140.02,31552727.0
2026-09-16,140.03,143.16,146.52,139.0,34366403.0
