time_key,open,close,high,low,volume
2018-01-02,60.84316079,60.818201013,61.084438632,60.406364697,2829956.0
2018-01-03,60.868120567,61.666833423,61.758352604,60.834840865,3463407.0
2018-01-04,61.334036399,61.63355372,61.658513497,60.922200083,2706051.0
2018-01-05,61.525394688,61.292436771,61.641873646,61.042839004,3240275.0
2018-01-08,61.334036399,61.824912009,61.866511636,61.175957813,3174577.0
2018-01-09,61.858191711,61.575314241,62.032910148,61.508754836,2985147.0
2018-01-10,61.583634167,61.042839004,61.625233795,60.951319823,4094333.0
2018-01-11,61.367316102,62.34906732,62.486346092,61.059478855,5061075.0
2018-01-12,62.498825981,62.939782036,63.133636302,62.304139722,5781137.0
2018-01-16,63.147780176,61.891471413,63.156100101,61.891471413,4333089.0
2018-01-17,62.141069181,62.382347022,62.656904567,61.63355372,3109926.0
2018-01-18,62.340747394,61.99131052,62.582025236,61.974670669,3012402.0
2018-01-19,62.041230074,62.124429329,62.190988734,61.750032678,3224752.0
2018-01-22,62.282507915,63.85497385,63.85497385,62.282507915,4309443.0
2018-01-23,63.70521519,63.680255413,64.079611841,63.513856901,3313985.0
2018-01-24,63.963132883,63.796734371,64.237690427,63.389058018,3356098.0
2018-01-25,63.813374222,63.114500473,63.971452808,63.06125295,2468719.0
2018-01-26,63.164420027,63.480577199,63.576256343,62.906502334,2345884.0
2018-01-29,63.230979432,62.698504194,63.486401147,62.565385385,3014770.0
2018-01-30,62.06618985,61.467155209,62.532105683,61.400595804,4415223.0
2018-01-31,61.550354464,61.641873646,61.874831562,61.017879227,4626137.0
2018-02-01,61.683473274,62.582025236,62.731783897,61.658513497,3165336.0
2018-02-02,61.833231934,60.48540399,61.833231934,60.294045702,5505047.0
2018-02-05,59.994528381,58.26398386,60.726681832,57.54847026,5786781.0
2018-02-06,57.315512344,58.521901553,58.887978279,57.007675098,5616417.0
2018-02-07,58.738219618,57.3987116,59.33725426,57.382071749,5630286.0
2018-02-08,57.498550707,56.233922019,57.639989442,56.233922019,7126269.0
2018-02-09,56.708157777,55.992644177,57.015995023,53.940118536,5440264.0
2018-02-12,56.583358893,57.3987116,57.947826688,56.583358893,3951715.0
2018-02-13,56.849596512,57.273912716,57.648309367,56.774717181,4519843.0
2018-02-14,54.694735786,57.382071749,57.673269144,54.678095935,8007764.0
2018-02-15,57.465271005,57.032634874,57.54847026,55.584967824,5020812.0
2018-02-16,56.849596512,55.976004326,57.015995023,55.901124996,5793646.0
2018-02-20,56.575038968,55.834565591,56.575038968,55.68480693,5107948.0
2018-02-21,55.834565591,55.185611396,56.425280307,55.168971545,5113629.0
2018-02-22,55.693126856,55.776326112,56.516799488,55.310410279,3785333.0
2018-02-23,56.125762986,56.109123135,56.550079191,55.6099276,3854662.0
2018-02-26,56.142402837,55.235530949,56.192322391,55.135691842,7385607.0
2018-02-27,55.518408419,54.802894819,55.826245665,54.802894819,6623649.0
2018-02-28,55.218891098,53.846103377,55.335370056,53.837783452,8149584.0
2018-03-01,53.929302633,53.871063154,54.503377498,53.413467247,5519323.0
2018-03-02,53.446746949,53.87938308,54.054101517,52.714593498,3752456.0
2018-03-05,53.488346577,54.112340996,54.495057573,53.355227768,4746913.0
2018-03-06,54.553297052,53.896022931,54.603216605,53.812823675,4435259.0
2018-03-07,53.446746949,53.504986429,53.933462596,52.681313796,4694166.0
2018-03-08,53.479728331,52.275758125,53.614438284,51.863208894,9402574.0
2018-03-09,52.637791124,52.873533542,52.949307891,52.393629334,12059707.0
2018-03-12,52.940888519,53.058759728,53.606018912,52.730404217,7821475.0
2018-03-13,53.302921518,53.319760262,53.934374423,53.084017844,4840251.0
2018-03-14,53.606018912,53.185050309,53.833341958,53.092437216,3466681.0
2018-03-15,53.437631471,53.075598472,53.707051377,52.486242427,3226136.0
2018-03-16,53.151372821,53.530244564,53.547083308,52.839856054,6189285.0
2018-03-19,53.210308425,52.856694798,53.328179634,52.417203576,4686207.0
2018-03-20,53.0671791,53.075598472,53.765986982,52.82301731,4877662.0
2018-03-21,53.35343775,54.868924723,55.26463521,53.328179634,4784762.0
2018-03-22,54.254310562,54.144858725,54.81840849,53.984890655,6320665.0
2018-03-23,54.835247235,54.405859259,55.99712058,54.300617108,6253712.0
2018-03-26,55.02047342,55.845571883,55.912926859,54.77631163,3938800.0
2018-03-27,55.946604348,54.683698537,56.19918551,54.359552713,5378631.0
2018-03-28,54.801569746,52.435726195,54.826827862,52.292596869,10391821.0
2018-03-29,52.797759194,53.959632539,54.380601143,52.684097671,7823482.0
2018-04-02,53.875438819,53.715470749,54.128019981,52.679887985,6816447.0
2018-04-03,53.892277563,55.365667675,55.403554849,53.538663936,7485955.0
2018-04-04,54.624762933,55.357248303,55.416183907,54.414278631,6631880.0
2018-04-05,55.584571349,56.325476091,56.544379765,55.433022651,7941162.0
2018-04-06,56.039217441,56.123411161,56.611734741,55.399345163,6898770.0
2018-04-09,56.586476625,57.302123251,57.9504149,56.182346766,7918717.0
2018-04-10,58.118802342,58.632384038,58.910223316,57.815704947,8005143.0
2018-04-11,58.649222782,59.61745057,59.844773616,58.615545294,4999431.0
2018-04-12,59.693224919,59.701644291,60.097354778,59.343820978,4736767.0
2018-04-13,60.291000336,61.259228124,61.419196193,60.147871011,6321755.0
2018-04-16,61.949616634,62.336907749,62.395001416,61.385518705,5205572.0
2018-04-17,62.370585237,62.597908283,62.825231329,62.033810354,4187694.0
2018-04-18,63.372490513,63.187264328,63.810297861,63.010457514,4276327.0
2018-04-19,63.431426118,63.246199932,63.696636338,62.892586305,5457559.0
2018-04-20,63.086231863,63.650329792,63.995524047,62.795763527,5027932.0
2018-04-23,63.48194235,64.298621441,64.315460185,62.97257034,3220763.0
2018-04-24,64.475428255,64.382815162,64.955332463,64.012362791,4876792.0
2018-04-25,64.307040813,64.399653906,64.433331394,63.557716699,5583100.0
2018-04-26,64.685912556,64.601718836,64.753267533,64.222847093,3672126.0
2018-04-27,64.180750232,64.130234,64.652235068,63.894491582,2901688.0
2018-04-30,64.079717767,64.315460185,65.031106811,64.079717767,3742391.0
2018-05-01,64.062879023,63.742942885,64.163911488,63.229361188,3895045.0
2018-05-02,63.557716699,63.953427186,64.231266465,63.557716699,3978290.0
2018-05-03,63.785039745,64.340718302,64.744848161,63.448264862,4773167.0
2018-05-04,63.995524047,64.694331928,65.039526183,63.835555977,2975010.0
2018-05-07,65.115300532,64.332298929,66.04143146,64.323879557,5105419.0
2018-05-08,64.113395256,65.10688116,65.292107345,63.709265396,7159965.0
2018-05-09,67.388530991,68.643017429,69.838568263,67.220143549,11029957.0
2018-05-10,69.106082893,69.872245752,70.225859378,68.777727382,5741221.0
2018-05-11,69.90592324,70.806796051,71.492974875,69.341825311,6621328.0
2018-05-14,71.025699725,70.739441075,71.791862583,70.360569332,6459553.0
2018-05-15,70.528956773,70.217440006,70.857312284,69.889084496,4637342.0
2018-05-16,70.284794983,70.209020634,70.582672367,69.602825845,5235656.0
2018-05-17,70.554214889,71.808701328,71.876056304,70.200601262,4935457.0
2018-05-18,71.665572002,71.185667794,71.758185095,70.823634795,3498594.0
2018-05-21,71.65715263,71.497184561,71.943327087,71.017280353,5806073.0
2018-05-22,71.438248957,70.789957307,71.989717827,70.705763586,3827440.0
2018-05-23,70.259536867,71.109893446,71.286616066,69.678600194,3507337.0
2018-05-24,70.35214996,69.872245752,70.562634261,69.737535798,3319344.0
2018-05-25,68.651436801,68.643017429,69.240792846,67.231341314,4152080.0
2018-05-29,68.718791778,68.163113221,68.954534196,67.489563456,4130632.0
2018-05-30,68.626178685,70.049052565,70.461601796,68.609339941,3781020.0
2018-05-31,69.636503334,70.158504402,70.646827982,69.484954636,4861137.0
2018-06-01,70.537376145,70.916247888,71.766604467,70.065891309,4940156.0
2018-06-04,71.455087701,71.135151562,71.724507607,70.39424682,4312027.0
2018-06-05,71.379313352,71.261442143,72.659057907,71.076215958,6391030.0
2018-06-06,71.598217026,72.06128249,72.616961046,71.539281421,6534344.0
2018-06-07,72.515928582,72.078121234,73.08002651,71.812911014,7228953.0
2018-06-08,72.33297155,71.874241017,72.562336817,71.186145217,5533220.0
2018-06-11,72.231031432,72.451901689,72.965849786,71.717083334,5813427.0
2018-06-12,72.129091313,71.415510483,72.439159174,71.093549609,6053580.0
2018-06-13,71.152165177,70.905809891,71.457985533,70.549019476,4401642.0
2018-06-14,71.373035434,70.92279991,71.66186577,70.846344821,3675563.0
2018-06-15,70.650959594,70.056308903,70.706177158,69.640053418,7476915.0
2018-06-18,70.005338843,70.447079357,71.61939072,69.937378764,5247191.0
2018-06-19,69.52112328,69.419183162,70.115773972,69.070887756,5426962.0
2018-06-20,69.708013497,69.979853814,70.421594327,69.52961829,4452497.0
2018-06-21,69.801458606,69.002927677,69.869418685,68.654632272,4997353.0
2018-06-22,70.94828494,70.056308903,70.96527496,69.665538448,5699085.0
2018-06-25,70.200724071,68.374296946,70.20921908,67.932556433,3780329.0
2018-06-26,68.646137262,69.50413326,69.758983557,68.459247045,3925592.0
2018-06-27,70.328149219,70.430089337,71.211630246,70.24319912,5131817.0
2018-06-28,70.846344821,70.115773972,71.211630246,69.843933656,3507099.0
2018-06-29,70.650959594,70.353634248,71.339055394,70.285674169,3849695.0
2018-07-02,69.809953616,69.368213102,69.954368784,69.164587715,3091306.0
2018-07-03,70.311159199,70.506544426,71.313570365,70.022328863,2978893.0
2018-07-05,71.033235039,70.786879752,71.033235039,70.336644229,3670183.0
2018-07-06,70.421594327,70.837849812,71.211630246,70.294169179,2801072.0
2018-07-09,71.220125256,71.6873508,71.962079419,71.211630246,3001602.0
2018-07-10,72.001666165,72.069626244,72.834177133,71.925211076,4601458.0
2018-07-11,71.390025454,70.566009495,71.671550081,70.166744031,5109416.0
2018-07-12,71.228620266,71.101195118,71.538688127,69.860923675,4694091.0
2018-07-13,70.744404703,70.319654209,71.084205098,70.149754011,4723923.0
2018-07-16,69.606073379,69.376708112,70.109232814,68.365716986,3661671.0
2018-07-17,69.206807915,69.51262827,69.657043438,68.595167203,3476131.0
2018-07-18,69.045402727,69.741993537,69.967111299,68.324176388,3827000.0
2018-07-19,69.56359833,69.758983557,70.230456605,69.393698132,3495475.0
2018-07-20,69.860923675,69.843933656,70.064803912,69.334233063,3147194.0
2018-07-23,70.005338843,69.308748033,70.26018914,69.215302924,3328216.0
2018-07-24,69.614568389,70.166744031,71.126680147,69.470153221,7053068.0
2018-07-25,70.345139238,70.905809891,71.415510483,70.081793932,4623224.0
2018-07-26,70.795374762,70.761394723,71.177650207,70.515039436,4169160.0
2018-07-27,70.523534446,70.175239041,70.826126698,69.935255012,2787348.0
2018-07-30,70.701929653,70.039318883,70.820859792,69.818448626,3198908.0
2018-07-31,70.294169179,70.566009495,71.092700108,69.843933656,5069944.0
2018-08-01,69.852428665,69.470153221,69.996843833,69.257777974,3417586.0
2018-08-02,68.934967598,69.130352826,69.402193142,68.79055243,3355720.0
2018-08-03,69.011422687,69.172827875,69.376708112,68.83302748,3281573.0
2018-08-06,69.308748033,69.181322885,69.50413326,68.714097342,3224184.0
2018-08-07,69.767478567,68.875502529,69.886408705,68.769314906,3933400.0
2018-08-08,68.595167203,68.246871798,68.722592351,67.507805939,4539360.0
2018-08-09,66.777235089,65.350073429,66.938640277,63.910169254,14625180.0
2018-08-10,65.044253073,66.191079407,66.284524516,64.933817945,8380585.0
2018-08-13,66.284524516,65.647398775,66.734760039,65.528468637,6056022.0
2018-08-14,66.114624318,66.938640277,67.151015524,65.960864639,5701555.0
2018-08-15,66.505394773,64.619502579,66.581849862,64.545426093,6489462.0
2018-08-16,65.035758063,65.545458656,66.267534496,65.001778024,5470610.0
2018-08-17,65.97020915,65.99569418,66.352484595,65.710856499,4795120.0
2018-08-20,65.97020915,66.386464634,66.696532495,65.868269032,3119024.0
2018-08-21,66.66679996,66.284524516,66.862185188,66.148604358,3282375.0
2018-08-22,66.760245069,66.658304951,67.055446662,66.556364832,2948908.0
2018-08-23,66.360979605,66.360979605,66.530879802,66.029674219,2313636.0
2018-08-24,66.777235089,66.66679996,67.609746057,66.556364832,2580762.0
2018-08-27,66.768740079,67.40586582,67.499310929,66.768740079,2242062.0
2018-08-28,67.686201146,67.320915721,68.132189165,67.074560435,3173182.0
2018-08-29,67.575766018,67.42285584,67.992021502,67.286935682,3149751.0
2018-08-30,67.244460632,67.337905741,67.507805939,66.845195168,3216602.0
2018-08-31,67.227470613,67.117035484,67.39737081,66.870680198,3227761.0
2018-09-04,67.261450652,66.607334891,67.278440672,65.341578419,5131583.0
2018-09-05,66.165594378,66.496899763,66.641314931,65.28211335,3851040.0
2018-09-06,66.377969625,65.163183212,66.420444674,64.802145292,4084214.0
2018-09-07,64.691211794,65.043045035,65.502144508,64.35654115,3317648.0
2018-09-10,65.343390485,65.240414902,66.012731772,65.206089708,2732136.0
2018-09-11,65.025882438,65.446366067,65.978406578,64.845675168,4164676.0
2018-09-12,65.866849697,64.262146866,66.098544758,63.875988431,5535723.0
2018-09-13,64.021870506,65.034463736,65.31335594,63.361110517,7684714.0
2018-09-14,65.111695423,65.841105801,66.235845535,65.111695423,4672685.0
2018-09-17,66.021313071,65.858268398,66.261761056,65.686642427,3000579.0
2018-09-18,66.965255912,66.956674614,67.900617455,66.664910463,3789670.0
2018-09-19,66.973837211,67.385739542,67.831967067,66.390308909,3785027.0
2018-09-20,67.608853304,67.257020063,67.789060574,66.810792538,3752941.0
2018-09-21,67.600272006,67.57452811,67.711828887,66.463249947,8386063.0
2018-09-24,68.209544204,68.561377445,69.462413793,67.977849142,4700621.0
2018-09-25,68.981861074,69.041930164,69.282206524,68.574249392,5316270.0
2018-09-26,68.655771729,68.784491207,69.745596646,68.621446534,4221418.0
2018-09-27,69.153487045,68.921791984,69.273625225,68.308229137,5241429.0
2018-09-28,68.561377445,69.77992184,70.560820009,68.449820563,6414567.0
2018-10-01,69.908641318,70.603726502,70.749608577,69.676946257,4169550.0
2018-10-02,70.723864682,70.380612739,70.79251507,70.054523394,3474172.0
2018-10-03,70.432100531,70.0201982,70.521860914,69.453832495,3871172.0
2018-10-04,69.556808077,69.788503139,70.174661574,69.204974837,3960669.0
2018-10-05,69.77992184,69.119161851,69.908641318,68.801653804,3254515.0
2018-10-08,68.690096923,69.419507301,69.608295869,68.458401862,5287692.0
2018-10-09,69.788503139,69.831409631,70.324834299,69.273625225,3328606.0
2018-10-10,69.96012911,66.132869952,70.131755081,66.081382161,5059169.0
2018-10-11,65.944081384,64.940069452,66.064219564,64.485260629,5673770.0
2018-10-12,65.695223725,65.30906529,65.892593592,64.244984269,4274524.0
2018-10-15,63.601386877,61.25869237,63.944638819,61.069903802,9755664.0
2018-10-16,62.674606632,62.013846643,62.743257021,61.181460683,7987456.0
2018-10-17,61.739245089,61.842220672,61.979521449,61.009834712,5399189.0
2018-10-18,61.31876146,60.966928219,61.644850805,60.632257575,5417243.0
2018-10-19,60.941184323,61.207204579,62.357098586,60.941184323,5693573.0
2018-10-22,61.395993147,61.301598863,61.490387431,60.409143813,4341273.0
2018-10-23,60.194611349,59.8856846,60.280424334,59.259249805,5664666.0
2018-10-24,60.220355244,57.817591647,60.623676277,57.757522557,7294193.0
2018-10-25,58.589908518,58.178006187,59.044717341,57.637384378,5413760.0
2018-10-26,57.568733989,57.542990093,58.212331381,56.624791148,6326689.0
2018-10-29,57.86049814,56.298701802,58.09734198,55.603616619,4507437.0
2018-10-30,56.264376608,57.234063345,57.371364122,55.95544986,4770725.0
2018-10-31,57.80042905,56.822161014,58.598489816,56.78783582,4994786.0
2018-11-01,56.916555299,57.92056723,58.178006187,56.641953745,6132732.0
2018-11-02,58.246656575,57.886242036,58.589908518,57.251225942,6663860.0
2018-11-05,58.418282547,59.293575,59.868522003,58.22091268,7969792.0
2018-11-06,63.026439873,62.202635212,63.717234407,60.314749528,11077011.0
2018-11-07,63.575642981,62.528724557,64.305053359,62.159728719,5995343.0
2018-11-08,62.365679884,61.593363014,62.63170014,61.280145616,4441365.0
2018-11-09,60.803883546,62.382842481,62.897720395,60.108798363,6984136.0
2018-11-12,63.017858575,61.190041981,63.017858575,60.89827783,5204398.0
2018-11-13,61.164298086,60.00582278,61.627688208,59.739802525,5500406.0
2018-11-14,61.155716787,60.151704856,61.456062237,59.586540533,5873767.0
2018-11-15,59.774127719,61.55903782,61.687757298,59.079042536,4813067.0
2018-11-16,61.842220672,62.236960406,62.434330273,61.267273669,4761864.0
2018-11-19,61.576200417,62.219797809,62.460074168,61.464643535,5149566.0
2018-11-20,61.49896873,59.593920449,61.722082492,59.087623834,4476495.0
2018-11-21,59.842778108,61.121391593,61.940905605,59.774127719,4505480.0
2018-11-23,59.765546421,59.190599417,59.765546421,58.521258129,3248759.0
2018-11-26,59.739802525,59.8856846,60.469212902,59.559595255,4534279.0
2018-11-27,59.465200971,58.804440982,59.671152136,58.323888262,5545863.0
2018-11-28,58.710046698,59.94575369,59.94575369,57.199738151,4660068.0
2018-11-29,59.94575369,60.117379661,60.795302248,59.774127719,3615158.0
2018-11-30,59.551013957,59.568176554,60.194611349,58.589908518,5947821.0
2018-12-03,61.087066399,60.469212902,61.421737043,59.799871615,5019100.0
2018-12-04,60.709489262,59.05329864,60.881115233,58.306725665,4455925.0
2018-12-06,58.006380216,57.20831945,58.023542813,55.809567784,7532941.0
2018-12-07,58.033070492,57.034687706,58.849139899,56.921827044,5494595.0
2018-12-10,56.314115783,55.211553924,56.626653003,53.588096699,6135687.0
2018-12-11,56.036304921,55.437275249,56.253344657,54.663919262,6031165.0
2018-12-12,56.322797372,56.0536681,57.143207574,56.018941742,6621436.0
2018-12-13,55.914762669,57.156229958,57.434040821,55.463320018,6730366.0
2018-12-14,56.678742539,55.784538827,57.060732475,55.289688229,5090169.0
2018-12-17,55.541454323,54.925061472,56.35752373,54.464937232,5665565.0
2018-12-18,54.872971936,54.082947297,55.107374851,53.588096699,5804736.0
2018-12-19,54.6559322,53.301604247,55.142101208,52.676529807,6612059.0
2018-12-20,52.407400535,51.903868347,53.423146499,51.385924721,7295298.0
2018-12-21,51.71287338,51.339565034,52.702574576,51.012355928,12543038.0
2018-12-24,50.853396025,48.847948864,51.209341192,48.847948864,4131104.0
2018-12-26,49.290709926,51.877823579,51.903868347,48.60486436,7171570.0
2018-12-27,50.879440793,52.01672901,52.034092189,50.072052975,6814700.0
2018-12-28,52.390037356,51.764962916,52.624440271,51.513196822,5029134.0
2018-12-31,52.034092189,52.554987555,52.659166629,51.799689274,5126217.0
2019-01-02,51.808370863,53.093246101,53.440509678,51.113843708,5355297.0
2019-01-03,53.24951471,52.433445303,53.440509678,51.990684242,5465488.0
2019-01-04,53.336330605,54.143718423,54.326031801,53.119290869,6367400.0
2019-01-07,54.438892464,55.246280282,55.984215384,53.744365309,5771649.0
2019-01-08,55.958170616,55.689041343,56.835011149,55.610907038,5420133.0
2019-01-09,56.114439226,56.374886909,56.756876844,55.914762669,4515860.0
2019-01-10,56.400931677,56.730832076,56.808966381,55.73244929,4983319.0
2019-01-11,56.270707836,56.756876844,56.778580818,55.861718157,3894592.0
2019-01-14,56.088394457,56.20125512,56.97391658,56.04498651,6604004.0
2019-01-15,56.400931677,56.149165583,57.023835719,56.001578563,4499656.0
2019-01-16,56.140483994,55.819265185,56.279389425,55.767175648,4484523.0
2019-01-17,55.393867302,56.418294856,56.652697771,55.220235513,4767491.0
2019-01-18,57.052050885,57.460085589,57.633717378,56.444339624,4596497.0
2019-01-22,56.869737507,55.801902006,56.913058638,55.571839886,4140821.0
2019-01-23,55.923444258,55.324414587,56.311511306,54.777474452,3730558.0
2019-01-24,55.298369818,55.680359754,55.836628364,54.838245578,4035302.0
2019-01-25,56.175210352,57.026006117,57.173593137,56.062349689,3476276.0
2019-01-28,56.253344657,56.635334592,56.687424129,55.689041343,3795305.0
2019-01-29,57.060732475,56.98259817,57.277772211,56.565881877,3887316.0
2019-01-30,57.399314463,57.407996052,57.833393935,56.947871812,3894155.0
2019-01-31,57.677125325,57.243045853,57.772622809,56.748195255,5914102.0
2019-02-01,57.659762146,58.336926122,58.501876322,57.243045853,5387236.0
2019-02-04,57.842075524,58.076478439,58.22406546,57.546901483,3250936.0
2019-02-05,57.963617776,57.694488504,57.993395628,57.44272241,2916307.0
2019-02-06,57.295135389,57.112822011,57.572946252,56.98259817,3205705.0
2019-02-07,56.652697771,55.628270217,56.748195255,55.228917103,4421734.0
2019-02-08,55.350459355,55.662996575,55.680359754,54.294864895,4651636.0
2019-02-11,55.246280282,55.558817501,55.749812469,54.777474452,5489526.0
2019-02-12,56.444339624,56.348842141,56.800284791,56.20125512,3903135.0
2019-02-13,56.678742539,56.435658035,58.345607712,55.593543859,7206240.0
2019-02-14,56.288071014,57.060732475,57.74657804,55.949489026,5701633.0
2019-02-15,57.928891419,57.59899102,58.52792109,56.995620554,6058118.0
2019-02-19,56.296752604,57.980980955,58.085160029,56.253344657,5082878.0
2019-02-20,57.868120293,58.519239501,58.571329037,57.737896451,4017599.0
2019-02-21,58.467149964,57.086777243,58.467149964,56.921827044,4122728.0
2019-02-22,57.59030943,56.50511075,57.616354199,56.335819756,5035886.0
2019-02-25,56.374886909,56.765558434,56.887100686,56.279389425,3594632.0
2019-02-26,56.808966381,56.600608234,57.329861747,56.531155519,2764758.0
2019-02-27,56.835011149,57.13018519,57.668443735,56.630993797,2959262.0
2019-02-28,57.13018519,56.696105718,57.13886678,56.018941742,3856278.0
2019-03-01,56.887100686,57.91152824,57.928891419,56.887100686,3865999.0
2019-03-04,58.093841618,57.824712345,58.280582607,56.919483014,4198622.0
2019-03-05,57.798667577,57.894165061,58.154612744,57.269090621,3699215.0
2019-03-06,57.555583073,56.730832076,57.789985988,56.43999883,4453352.0
2019-03-07,56.765558434,56.340160551,56.82632956,56.131802405,3156911.0
2019-03-08,55.575793155,54.363348246,55.575793155,53.840591202,5581521.0
2019-03-11,54.855354876,55.391290668,55.470363162,54.451206573,3770211.0
2019-03-12,55.663651481,55.672437314,55.936012294,55.430826915,3195458.0
2019-03-13,56.129300613,56.428018924,56.524663083,55.764688557,2561593.0
2019-03-14,56.348946429,56.559806414,56.805809728,56.331374764,2446261.0
2019-03-15,56.25230227,56.788238063,56.902453888,56.243516437,5602916.0
2019-03-18,57.04302721,58.141256294,58.211542956,56.937597218,3256838.0
2019-03-19,58.448760438,57.40324635,58.828747701,57.201172198,3695462.0
2019-03-20,57.280244693,58.360902111,58.782622079,57.1748147,5112825.0
2019-03-21,58.097327131,58.343330446,58.396045442,57.673410704,5284635.0
2019-03-22,57.912824645,56.586163912,58.000682971,56.489519752,6138584.0
2019-03-25,56.61252141,56.489519752,56.665236406,55.944798127,6588636.0
2019-03-26,57.148457202,58.202757123,58.564909146,56.999098047,5885746.0
2019-03-27,58.316972948,57.561391338,58.316972948,57.130885537,3559787.0
2019-03-28,57.192386366,57.754679657,57.833752151,57.078170541,2522483.0
2019-03-29,58.378473776,57.429603848,58.55419043,57.297816358,3190433.0
2019-04-01,58.035826302,58.29061545,58.378473776,57.728322159,2809924.0
2019-04-02,58.316972948,57.807394653,58.68597792,57.420818015,3312365.0
2019-04-03,58.334544613,57.306602191,58.334544613,57.113313872,3056832.0
2019-04-04,57.350531354,57.640463832,57.79860882,56.87609639,2855715.0
2019-04-05,57.833752151,59.046197059,59.327343705,57.824966318,3808402.0
2019-04-08,59.318557872,59.336129537,59.74027784,58.888052071,2527661.0
2019-04-09,59.037411227,58.378473776,59.169198717,58.114898796,3301441.0
2019-04-10,58.55419043,58.29061545,58.747478748,58.123684629,3645798.0
2019-04-11,57.921610477,58.29061545,58.633262924,57.640463832,2956440.0
2019-04-12,57.289030525,56.665236406,57.649249665,55.531863991,10070587.0
2019-04-15,56.51587725,54.93442737,56.594949744,54.415711809,11793744.0
2019-04-16,55.075000692,55.206788182,56.12051478,54.776282382,11094214.0
2019-04-17,55.514292326,54.31063325,56.023870621,54.205203258,6553953.0
2019-04-18,54.31063325,53.581409138,54.44242074,53.55505164,8481040.0
2019-04-22,54.04705827,54.662066557,54.894012539,53.78348329,5873957.0
2019-04-23,54.556636565,54.055844103,54.57420823,53.51990831,10307311.0
2019-04-24,51.815456772,53.739554127,53.844984119,51.771527608,28235244.0
2019-04-25,52.658896708,53.598980804,54.987142366,52.210819242,16502775.0
2019-04-26,53.38812082,53.133331672,53.563837473,51.991173425,10170806.0
2019-04-29,52.035102589,52.096603417,52.509537553,51.622168453,9112831.0
2019-04-30,50.796300182,50.998374333,51.367379306,49.821072756,24103883.0
2019-05-01,51.191662652,49.76835776,51.341021808,49.76835776,11084249.0
2019-05-02,49.706856931,49.654141935,50.097826485,49.298315712,18795097.0
2019-05-03,50.19886356,50.181291895,50.752371019,49.952860246,10790014.0
2019-05-06,49.63657027,50.901730174,51.261949314,49.293922795,25494837.0
2019-05-07,50.585440198,51.71002678,51.780313441,50.374580214,21567231.0
2019-05-08,51.771527608,52.166890079,52.623753377,51.455237632,17378525.0
2019-05-09,49.214850301,48.757987003,49.460853616,48.573484517,36678639.0
2019-05-10,48.766772835,47.563113759,48.977632819,47.150179624,17791442.0
2019-05-13,47.211680453,46.860247146,47.369825441,46.28038219,12890197.0
2019-05-14,46.992034636,47.194108787,47.593864174,46.842675481,7195467.0
2019-05-15,46.80753215,46.930533807,46.93931964,45.933341799,13684514.0
2019-05-16,47.018392134,46.491242174,47.255609616,46.297953855,10655209.0
2019-05-17,46.078308038,45.621444739,46.192523863,45.498443082,13991460.0
2019-05-20,45.718088899,46.236453026,46.289168022,45.621444739,9405527.0
2019-05-21,46.087093871,46.28038219,46.41216968,45.718088899,12046959.0
2019-05-22,46.008021377,45.639016405,46.359454684,45.366655592,13530510.0
2019-05-23,44.918578126,45.753232229,45.779589727,44.329927337,21382598.0
2019-05-24,46.139808867,46.245238859,46.693316325,45.858662222,14996818.0
2019-05-28,46.429741345,45.199724771,46.517599672,45.199724771,8680698.0
2019-05-29,44.874648962,44.953721457,45.076723114,44.11028152,9055441.0
2019-05-30,44.90100646,44.874648962,45.981663879,44.387035249,16919034.0
2019-05-31,44.20692568,42.994480771,44.408999831,42.92419411,11162268.0
2019-06-03,43.460129903,42.599118301,43.723704883,42.361900819,11148502.0
2019-06-04,42.880264946,42.92419411,43.293199082,42.599118301,8835749.0
2019-06-05,42.853907448,40.938595926,42.880264946,40.560805122,18563843.0
2019-06-06,41.219742572,42.353114986,42.502474142,41.131884245,11660776.0
2019-06-07,42.629877813,41.978145984,42.629877813,41.795125402,11714296.0
2019-06-10,42.192413983,42.031712984,42.643269563,41.853156318,9861507.0
2019-06-11,42.719156146,43.058413811,43.27268181,42.254908816,12867823.0
2019-06-12,42.772723146,42.826290146,42.924496312,42.005018762,7644928.0
2019-06-13,43.522661141,43.665506474,43.728001307,43.134300394,8013702.0
2019-06-14,43.692289974,43.290537476,43.754784807,43.19233131,7779625.0
2019-06-17,43.27268181,43.73692914,44.245815637,42.978063311,7424563.0
2019-06-18,43.951197139,44.219032137,44.326166137,43.683362141,9473860.0
2019-06-19,44.111898138,44.174392971,44.8261248,43.902094056,8907745.0
2019-06-20,44.870763967,45.067176299,45.335011297,44.415444469,7389883.0
2019-06-21,45.183238132,44.451155803,45.361794797,44.30831047,10298485.0
2019-06-24,44.201176471,43.808351806,44.486867136,43.620867308,9648145.0
2019-06-25,43.567300308,43.353032309,43.852990973,43.317320976,4575055.0
2019-06-26,43.79049614,44.28152697,45.022537133,43.558372475,7025068.0
2019-06-27,44.227959971,43.683362141,44.486867136,43.558372475,5387233.0
2019-06-28,43.772640473,44.156537304,44.156537304,43.495877642,6752247.0
2019-07-01,44.799341301,43.71014564,45.120743299,43.620867308,7258514.0
2019-07-02,43.701217807,42.817362312,43.701217807,42.07635215,10160982.0
2019-07-03,42.897712812,43.16554781,43.236970477,42.612022147,4435150.0
2019-07-05,43.129836477,43.263753976,43.509269392,42.897712812,5613218.0
2019-07-08,43.236970477,43.281609643,43.469094142,43.022702478,4740299.0
2019-07-09,43.254826143,43.558372475,43.616403391,42.745939646,7461201.0
2019-07-10,43.977980639,44.120825971,44.25474347,43.415527142,7594659.0
2019-07-11,44.28152697,44.299382637,44.38866097,43.966910125,6399567.0
2019-07-12,44.415444469,45.442145297,45.785866878,44.263671304,9102835.0
2019-07-15,45.531423629,45.361794797,45.666591025,45.067176299,10130607.0
2019-07-16,45.058248466,44.888619633,45.192165965,44.531506302,8790208.0
2019-07-17,44.8261248,44.9600423,45.285908214,44.714526884,7615260.0
2019-07-18,44.799341301,44.808269134,44.924330966,44.460083636,9689026.0
2019-07-19,44.835052634,45.986743127,46.06262971,44.665423801,7196257.0
2019-07-22,46.004598793,46.147444126,46.317072958,45.218949465,5997828.0
2019-07-23,46.245650292,45.513567963,46.272433792,45.326083464,5822580.0
2019-07-24,45.558207129,45.736763795,46.290289458,45.531423629,6096196.0
2019-07-25,45.897464794,44.924330966,45.989600033,44.8261248,6627412.0
2019-07-26,45.031464966,45.326083464,45.576062796,44.870763967,5452204.0
2019-07-29,45.308227797,44.718990801,45.37072263,44.174392971,6412060.0
2019-07-30,44.513650636,46.111732793,46.111732793,44.370805303,7420307.0
2019-07-31,45.915320461,45.120743299,46.04923796,44.611856802,12342283.0
2019-08-01,44.799341301,46.736681122,47.522330451,44.727918634,14069940.0
2019-08-02,46.584907957,44.9600423,46.727753289,44.594001135,12206940.0
2019-08-05,44.129753805,43.388743642,44.317238303,43.103052977,9977723.0
2019-08-06,43.576228141,41.746022319,43.576228141,41.01393999,13008033.0
2019-08-07,40.951445157,40.335424661,41.174640989,39.339167745,16686992.0
2019-08-08,40.844311157,41.344269821,41.643352236,39.563167082,23937095.0
2019-08-09,41.094290489,41.344269821,42.067424317,41.049651323,9879738.0
2019-08-12,41.183568822,39.433713499,41.210352322,39.3801465,9764138.0
2019-08-13,39.210517667,39.228373334,39.406929999,38.558785838,17643112.0
2019-08-14,38.362373506,38.282023006,38.572177588,37.728497343,16953357.0
2019-08-15,38.192744673,38.514146671,38.978394002,37.791170732,9352906.0
2019-08-16,38.665919837,39.058744501,39.290868167,38.558785838,8513844.0
2019-08-19,39.255156834,39.960455663,40.299713327,39.219445501,9851079.0
2019-08-20,39.987239163,39.674764998,40.246146328,39.585486665,7379147.0
2019-08-21,39.522991832,39.496208332,39.853321663,38.70163117,8500288.0
2019-08-22,39.674764998,39.174806334,40.121156662,39.161414584,5865883.0
2019-08-23,38.594497171,37.09462118,38.665919837,36.916064514,12546529.0
2019-08-26,37.603507677,36.880353181,37.66600251,36.612518183,8304224.0
2019-08-27,37.291033512,37.076765513,37.478428733,36.608054266,7322254.0
2019-08-28,37.282105679,37.755280843,37.956157091,37.219610846,7084699.0
2019-08-29,38.014188008,37.987404508,38.643600254,37.92035648,6651784.0
2019-08-30,38.121322007,38.085610674,38.442724005,37.469590178,6881895.0
2019-09-03,37.532085011,37.371384012,37.638415505,37.090157263,6917730.0
2019-09-04,37.924909675,38.174889007,38.415940505,37.826703509,4838512.0
2019-09-05,38.496291005,39.522991832,39.745294881,38.49441616,9680122.0
2019-09-06,39.398002166,39.853321663,40.165795828,39.040888835,10958768.0
2019-09-09,40.153150608,40.125893435,40.267539876,39.729301572,11069776.0
2019-09-10,40.425722334,41.452409172,41.724980899,40.353036541,9770898.0
2019-09-11,41.516009242,41.325209033,41.879438211,40.761894131,7662923.0
2019-09-12,40.843665649,40.516579577,41.170751721,40.316693644,7403671.0
2019-09-13,41.061723031,40.234922126,41.425152,40.116807711,11149355.0
2019-09-16,42.524524632,42.697153392,43.651154436,42.315552974,24116047.0
2019-09-17,42.806182083,40.289436471,42.830713538,40.280350747,15554177.0
2019-09-18,40.016864744,39.807893087,40.316693644,39.608007154,9875437.0
2019-09-19,40.153150608,40.870922822,41.252523239,39.962350399,10546468.0
2019-09-20,41.052637306,40.789151304,41.334294757,40.393195442,8621454.0
2019-09-23,40.48023668,40.607436819,40.979951512,40.125893435,7367969.0
2019-09-24,40.589265371,40.580179646,41.007208685,40.257636436,6530225.0
2019-09-25,40.253093574,40.452979507,40.680122613,39.880578881,4373189.0
2019-09-26,40.198579229,40.471150956,40.498408128,39.618546594,4973448.0
2019-09-27,40.189493504,40.280350747,40.839122787,39.971436123,4516267.0
2019-09-30,40.153150608,39.671607223,40.280350747,39.362692599,6526038.0
2019-10-01,39.853321708,39.035606527,40.534751025,38.949292147,5235744.0
2019-10-02,38.917492112,38.281491416,39.008349355,38.099776932,6077647.0
2019-10-03,38.108862656,38.517720246,38.694891869,37.663662168,5714127.0
2019-10-04,38.426863004,38.399605831,38.744863352,37.927148171,5112373.0
2019-10-07,38.245148519,37.590976375,38.372348658,37.58189065,7498527.0
2019-10-08,37.336576096,36.364403604,37.700005065,36.355317879,8760986.0
2019-10-09,36.845946988,36.373489328,36.993590007,36.014603221,7124978.0
2019-10-10,36.473432294,36.546118088,37.009490024,36.110003325,7799474.0
2019-10-11,36.982232851,36.627889606,37.23663313,36.582460985,7390718.0
2019-10-14,36.546118088,36.073660428,36.582460985,35.58303132,12952421.0
2019-10-15,35.982803186,36.337146431,36.795975505,35.855603047,6219731.0
2019-10-16,36.246289189,35.919203116,36.800518367,35.901031668,5813900.0
2019-10-17,35.946460289,35.910117392,36.296260672,35.673888562,6485580.0
2019-10-18,35.928288841,36.019146083,36.609718158,35.928288841,6972444.0
2019-10-21,36.128174774,36.355317879,36.382575052,35.869231633,6771733.0
2019-10-22,36.428003673,37.627319272,38.072519759,36.305346396,10623391.0
2019-10-23,37.491033408,38.263319968,38.263319968,37.282061751,7831184.0
2019-10-24,38.336005762,37.690919341,38.426863004,37.34566182,7274303.0
2019-10-25,37.690919341,37.908976723,38.299662865,37.609147823,5270726.0
2019-10-28,38.036176862,37.681833617,38.326920037,37.663662168,4644363.0
2019-10-29,37.427433339,37.727262238,37.972576792,37.0004043,6373363.0
2019-10-30,37.727262238,36.845946988,37.768147997,36.682403952,5558514.0
2019-10-31,36.727832573,36.064574704,36.845946988,35.710231459,12515362.0
2019-11-01,36.29171781,37.690919341,37.690919341,36.282632086,9024791.0
2019-11-04,38.326920037,39.453549842,39.803350225,38.29057714,13452253.0
2019-11-05,37.563719202,37.34566182,39.280921081,36.300803534,19344336.0
2019-11-06,37.082175818,35.255945248,37.163947336,35.037887866,17042722.0
2019-11-07,35.692060011,34.728973242,36.209946292,34.220172685,15278621.0
2019-11-08,34.383715721,35.701145735,35.792002977,34.065715373,13610893.0
2019-11-11,34.819830484,34.592687379,35.001544969,34.211086961,14586380.0
2019-11-12,34.610858827,34.192915513,34.928859175,33.847657992,12823655.0
2019-11-13,34.029372476,33.902172337,34.120229719,33.75680075,9389469.0
2019-11-14,33.893086613,33.575086265,34.410972894,33.429714677,8833727.0
2019-11-15,34.719887518,34.656287448,35.010630693,34.256515582,14166226.0
2019-11-18,34.838001933,34.974287796,35.128745108,34.283772755,13131619.0
2019-11-19,34.828916209,33.920343786,34.828916209,33.738629301,12540422.0
2019-11-20,33.856743716,34.22925841,34.928859175,33.52057192,10302774.0
2019-11-21,34.247429858,34.81074476,35.04697359,34.202001237,9308850.0
2019-11-22,34.883430554,35.228688075,35.555774147,34.683544621,9467566.0
2019-11-25,35.401316835,35.546688423,36.128174774,35.337716766,10266366.0
2019-11-26,35.428574008,34.311029928,35.546688423,34.301944203,13366687.0
2019-11-27,34.347372825,34.474572964,34.592687379,34.074801098,7060390.0
2019-11-29,34.374629997,34.311029928,34.765316139,34.247429858,4664012.0
2019-12-02,34.556344482,34.410972894,34.847087657,34.16565834,10832109.0
2019-12-03,34.138401167,33.811315095,34.192915513,33.375200332,11612891.0
2019-12-04,34.10205827,34.202001237,34.510915861,33.943058096,10538497.0
2019-12-05,34.410972894,33.774972198,34.520001585,33.593257713,9216436.0
2019-12-06,33.893086613,34.710801794,34.728973242,33.884000889,10418495.0
2019-12-09,34.534604828,33.894731645,34.58097245,33.876184596,17393930.0
2019-12-10,34.052381559,34.108022706,34.553151876,33.811269925,12618009.0
2019-12-11,34.080202133,34.080202133,34.478963681,34.070928608,7862983.0
2019-12-12,34.172937376,34.738622364,34.998281047,34.126569755,9483871.0
2019-12-13,34.951913425,34.237852047,35.25793973,34.191484425,9888602.0
2019-12-16,34.49751073,34.803537035,35.174478011,34.488237206,9574113.0
2019-12-17,34.803537035,34.803537035,35.21620887,34.636613596,13580214.0
2019-12-18,34.812810559,35.128110389,35.461957267,34.794263511,9416696.0
2019-12-19,34.989007523,35.155930962,35.397042596,34.933366376,7469391.0
2019-12-20,35.313580876,35.443410218,35.647427754,35.002917809,17276173.0
2019-12-23,35.443410218,36.092556925,36.10183045,35.424863169,10019939.0
2019-12-24,36.157471596,36.259480364,36.704609535,36.10183045,4696328.0
2019-12-26,36.407856754,36.500591998,36.899353547,36.352215608,6050153.0
2019-12-27,36.686062486,36.509865523,36.815891828,36.48204495,7054657.0
2019-12-30,36.593327242,37.01063584,37.398269159,36.509865523,10494209.0
2019-12-31,36.815891828,37.483585584,37.492859108,36.658241913,10374814.0
2020-01-02,37.873073608,38.754058425,38.856067193,37.826705986,12791380.0
2020-01-03,39.894701925,39.709231437,40.302736998,39.296559602,15099860.0
2020-01-06,40.05235184,41.044618949,41.415559925,39.783419632,16660648.0
2020-01-07,41.072439523,41.248636486,41.25791001,40.237822328,12171792.0
2020-01-08,41.499021645,40.979704279,41.72158623,40.321284047,12253385.0
2020-01-09,40.859148462,41.34137173,41.369192303,39.857607828,14636205.0
2020-01-10,41.230089437,41.832868523,42.120347779,40.970430754,10543314.0
2020-01-13,42.166715401,42.454194657,42.491288754,41.480474596,8457171.0
2020-01-14,42.71385334,43.075520791,43.251717754,42.584023998,12187350.0
2020-01-15,42.992059071,43.09406784,43.325905949,42.667485718,7085996.0
2020-01-16,43.038426693,42.546929901,43.39082062,42.500562279,9757575.0
2020-01-17,42.621118096,41.767953852,42.86222973,41.601030413,14379270.0
2020-01-21,41.34137173,40.367651669,41.415559925,40.358378145,10814191.0
2020-01-22,40.070898889,39.412478657,40.107992986,39.027627395,12953206.0
2020-01-23,38.791152523,38.698417279,38.902434815,38.410938023,10789804.0
2020-01-24,38.652049657,38.420211547,38.856067193,38.068003091,8797598.0
2020-01-27,37.30738862,37.511406157,37.669056071,37.001362315,9303860.0
2020-01-28,37.873073608,37.474312059,37.900894181,37.400123864,7206362.0
2020-01-29,37.576320828,36.797344779,37.771435781,36.788071254,6656869.0
2020-01-30,36.305847986,36.908627072,36.982815267,35.823624718,9509075.0
2020-01-31,36.454224376,36.10183045,36.6932031,35.888539389,16035687.0
2020-02-03,36.083283401,36.435677328,36.755613919,35.842449972,8731785.0
2020-02-04,37.233200425,36.825165352,37.696876645,36.723156584,7859617.0
2020-02-05,37.53922673,38.327476303,38.568495202,37.483585584,8613192.0
2020-02-06,38.503673267,38.327476303,38.633502608,37.817432462,6201474.0
2020-02-07,37.937988279,38.114185242,38.216194011,37.720060456,5030134.0
2020-02-10,37.743244267,36.825165352,37.808158937,36.528412572,7915417.0
2020-02-11,38.355296876,37.446491486,38.550040889,37.321298907,12132742.0
2020-02-12,38.587134986,38.670596706,38.781878998,38.012176474,8214630.0
2020-02-13,38.29965573,38.253288108,38.568587937,37.780338364,8402366.0
2020-02-14,38.281108681,37.845253035,38.438758596,37.557773779,6401461.0
2020-02-18,37.845253035,37.808158937,37.928714754,37.270294523,9519205.0
2020-02-19,38.086364669,38.689143754,38.883887767,37.780338364,7536313.0
2020-02-20,38.865340718,39.115725876,39.699957913,38.642776132,7728902.0
2020-02-21,38.726237852,38.327476303,38.744784901,38.053907334,8921118.0
2020-02-24,36.825165352,35.879265864,36.873480414,35.879265864,12503141.0
2020-02-25,35.934907011,32.82827634,36.009095206,32.652079377,22058562.0
2020-02-26,32.902464535,31.001392035,33.06011445,30.973571462,22703552.0
2020-02-27,30.027671974,28.766472657,30.39861295,28.163693572,23516861.0
2020-02-28,28.460446352,29.628910425,29.666004523,26.754117864,24190102.0
2020-03-02,30.407886474,29.823654438,30.482074669,28.664463889,17223730.0
2020-03-03,29.916389681,29.860748535,31.376969773,29.230148877,19991638.0
2020-03-04,30.101860169,29.805107389,30.101860169,28.831387328,14006621.0
2020-03-05,29.40634584,28.460446352,29.647457474,28.098778901,19217981.0
2020-03-06,27.236341133,24.176078084,27.282708755,23.628940145,38969055.0
2020-03-09,14.448150999,11.601179011,17.795893304,11.165323365,104930331.0
2020-03-10,14.28122756,13.298233975,14.373962804,11.66145692,110525340.0
2020-03-11,12.166863999,10.94275878,12.426522682,10.850023536,70594865.0
2020-03-12,9.48681545,11.026220499,13.761910194,8.754207024,73141752.0
2020-03-13,12.343060963,13.22404578,13.502251511,10.748107503,64910364.0
2020-03-16,10.571817804,11.146776316,12.686181365,10.386347316,37309727.0
2020-03-17,11.480623194,10.516176658,11.874747981,10.247337186,34731505.0
2020-03-18,9.690832987,9.765021182,10.052500438,8.346171951,41257229.0
2020-03-19,9.653738889,10.043226914,10.18232978,8.717112926,38092458.0
2020-03-20,10.339979694,9.48681545,10.367800268,8.856215792,50833307.0
2020-03-23,9.505362499,8.986045133,9.542456597,8.782120332,36784043.0
2020-03-24,9.644465365,9.941218146,9.987585768,8.995318658,42020553.0
2020-03-25,10.432714938,11.128229268,11.717098066,9.477541926,55409624.0
2020-03-26,11.174596889,11.897931792,14.179218792,11.128229268,70322564.0
2020-03-27,11.165323365,10.766561816,11.480623194,10.655279524,34675569.0
2020-03-30,10.497629609,10.210150353,10.618185426,9.458994877,44717611.0
2020-03-31,10.683100097,10.738741243,11.202417463,10.302885597,35568418.0
2020-04-01,10.237970926,9.959765194,10.358526743,9.384806682,39837234.0
2020-04-02,10.646005999,11.842290646,12.899472426,10.386347316,79141622.0
2020-04-03,12.825284231,12.055581707,13.168404633,10.673826572,92062316.0
2020-04-06,11.684640731,12.46361678,12.519257926,11.526990816,52068112.0
2020-04-07,13.149857585,12.834557755,14.095757072,12.627758161,54728628.0
2020-04-08,13.168404633,14.42960395,14.540886243,13.029301767,48988571.0
2020-04-09,15.486785731,14.244133463,16.94272906,13.233319304,110851096.0
2020-04-13,14.800544926,14.216312889,14.856186072,13.696995524,43697484.0
2020-04-14,14.28122756,13.817551341,14.670715584,13.576439706,40661017.0
2020-04-15,12.890198902,12.621266694,12.890198902,12.055581707,47465236.0
2020-04-16,12.639813743,11.313699755,12.667634316,11.276605658,40453931.0
2020-04-17,11.434255572,12.639813743,12.658360792,11.360067377,51691011.0
2020-04-20,11.165323365,11.675367207,12.259599243,11.035494024,74975477.0
2020-04-21,11.128229268,11.443529097,11.489896719,10.664553048,62591153.0
2020-04-22,12.129769902,12.074128755,12.400649549,11.823743597,44568051.0
2020-04-23,12.445069731,12.862378328,13.353875121,12.389428585,55054636.0
2020-04-24,13.149857585,12.806737182,13.446610365,12.500710877,41030017.0
2020-04-27,12.38015506,13.122037011,13.247229591,11.823743597,39972533.0
2020-04-28,13.409516267,14.067936499,14.146761456,13.261139877,46179356.0
2020-04-29,14.781997877,15.560973926,15.65370917,14.670715584,59582825.0
2020-04-30,15.662982694,15.394050487,15.987556048,14.700761804,44491712.0
2020-05-01,14.856186072,14.13285117,15.227127048,13.989111542,36902354.0
2020-05-04,13.326054548,14.392509853,14.438877475,13.131310536,37197387.0
2020-05-05,15.264221145,14.207039365,15.588794499,13.910286585,49502156.0
2020-05-06,14.383236328,12.426522682,14.800544926,12.417249158,57658966.0
2020-05-07,12.853104804,12.871651853,13.465157414,12.704728414,35565380.0
2020-05-08,13.270413402,13.928833633,13.956654206,13.075669389,31352419.0
2020-05-11,13.808277816,13.938107158,14.142124694,13.576439706,22899365.0
2020-05-12,14.151398219,13.52079856,14.258043749,13.497614749,27103709.0
2020-05-13,13.585713231,12.46361678,13.585713231,12.315240389,35258098.0
2020-05-14,12.194684572,12.76036956,13.122037011,11.823743597,32063964.0
2020-05-15,12.695454889,12.816010706,13.242592828,12.52853145,27756356.0
2020-05-18,13.724816097,13.975201255,14.123577645,13.594986755,39943812.0
2020-05-19,14.086483548,13.326054548,14.086483548,13.316781024,28708575.0
2020-05-20,13.66917495,13.90101306,14.04938945,13.502251511,29203145.0
2020-05-21,13.910286585,13.214772255,14.058662975,13.159131109,35671421.0
2020-05-22,13.131310536,13.103489963,13.200861969,12.676907841,26334296.0
2020-05-26,13.632080853,13.353875121,13.696995524,13.177678158,28032976.0
2020-05-27,13.632080853,13.37242217,13.632080853,12.806737182,31402970.0
2020-05-28,13.344601597,12.649087267,13.381695694,12.57026231,39904917.0
2020-05-29,12.556352024,12.009214085,12.556352024,11.795923024,61378450.0
2020-06-01,11.962846463,12.806737182,12.890198902,11.751873783,36779455.0
2020-06-02,13.001481194,13.678448475,13.678448475,12.899472426,40165924.0
2020-06-03,14.225586414,14.327595182,14.475971572,13.947380682,41191553.0
2020-06-04,13.98447478,14.420330426,14.559433292,13.530072085,39027865.0
2020-06-05,16.599608658,19.279657206,19.335298353,16.516146938,119073438.0
2020-06-08,21.820602889,22.627399511,22.720134755,20.401753658,131285759.0
2020-06-09,21.097267987,21.496029536,21.755688218,18.99217795,71936766.0
2020-06-10,20.420300706,19.251836633,20.726327011,19.242563109,50740462.0
2020-06-11,16.543967511,16.145205962,17.78661978,16.006103097,61262888.0
2020-06-12,17.51847637,17.165879918,18.186553859,16.377177327,44937864.0
2020-06-15,16.089532853,17.676216889,18.056649903,15.866840357,46134008.0
2020-06-16,18.993814158,18.826794786,19.43919915,17.750447721,57504992.0
2020-06-17,18.474198333,17.666938035,18.60410229,17.666938035,38371633.0
2020-06-18,17.462803246,18.251505837,18.854631348,17.305062728,36051693.0
2020-06-19,19.2072278,18.288621253,19.448478004,18.251505837,70262404.0
2020-06-22,18.418525209,18.474198333,18.664414841,17.991697925,30116715.0
2020-06-23,18.798958224,18.362852085,19.040208428,18.214390421,33856844.0
2020-06-24,17.852515115,16.701937218,17.926745947,16.395735035,32321997.0
2020-06-25,16.516360137,17.202995334,17.537034078,16.284388787,23327566.0
2020-06-26,16.887514298,16.414292743,17.022057681,16.098811707,31831922.0
2020-06-29,16.562754407,16.572033261,16.711216072,16.089532853,24504484.0
2020-06-30,16.488523575,16.980302838,17.026697108,16.024580875,26525209.0
2020-07-01,16.998860546,16.154484831,17.47403066,16.154484831,32856677.0
2020-07-02,16.627706385,16.497802429,17.28650502,16.340061911,28133241.0
2020-07-06,16.896793152,16.86895659,17.205500625,16.497802429,23933246.0
2020-07-07,16.609148677,15.913234627,16.646264093,15.903955773,20117702.0
2020-07-08,16.024580875,16.033859729,16.208673338,15.50496505,20482339.0
2020-07-09,15.959628897,15.105974328,16.015302021,15.08741662,22124580.0
2020-07-10,14.90183954,15.50496505,15.537441039,14.799772145,17584209.0
2020-07-13,15.55135932,14.99462808,15.59775359,14.847836609,21665693.0
2020-07-14,14.799772145,15.477128488,15.55135932,14.614195065,19740497.0
2020-07-15,16.043138583,15.941071189,16.451408159,15.681263276,22801408.0
2020-07-16,15.681263276,15.783330671,16.145205977,15.375061094,15462953.0
2020-07-17,15.811167233,15.105974328,16.098811707,14.99462808,21090995.0
2020-07-20,15.078137766,14.558521941,15.263714846,14.549243087,21260151.0
2020-07-21,14.957512664,16.154484831,16.72977378,14.911118394,44473166.0
2020-07-22,15.885398065,15.727657546,15.903955773,15.449291926,16994332.0
2020-07-23,15.50496505,15.607032444,15.843643222,15.375061094,14044090.0
2020-07-24,15.607032444,15.532801612,16.033859729,15.430734218,12779120.0
2020-07-27,15.523522758,15.495686196,15.681263276,15.228733566,13963307.0
2020-07-28,15.291551408,15.170926306,15.569917028,15.13381089,12859463.0
2020-07-29,15.337945678,15.801888379,15.811167233,15.266776868,16384026.0
2020-07-30,15.356503386,14.632752773,15.430734218,14.614195065,29336448.0
2020-07-31,14.669868189,14.604916211,14.697704751,14.298714029,15454887.0
2020-08-03,14.614195065,14.150252365,14.623473919,14.011069555,22888037.0
2020-08-04,14.057463825,14.604916211,14.846166416,14.038906117,21703229.0
2020-08-05,15.235878284,14.790493291,15.29776824,14.711623032,24675455.0
2020-08-06,14.762656729,14.335829445,14.85544527,14.275516894,18745132.0
2020-08-07,14.345108299,14.335829445,14.433257412,13.881165598,20961254.0
2020-08-10,14.539964233,15.291551408,15.291551408,14.493569963,26718499.0
2020-08-11,15.254435992,14.066742679,15.532801612,14.011069555,41894035.0
2020-08-12,14.382223715,13.844050182,14.428525197,13.779098204,31798825.0
2020-08-13,13.871886744,13.547126854,14.148489382,13.49145373,28459103.0
2020-08-14,13.454338314,13.58424227,13.658380314,13.324434358,21267234.0
2020-08-17,13.426501752,12.906885927,13.463617168,12.739866555,31108817.0
2020-08-18,12.925443635,12.944001343,13.16669384,12.832655095,16758446.0
2020-08-19,12.925443635,12.823376241,13.101741862,12.758424263,18143363.0
2020-08-20,12.545010621,12.433664373,12.739866555,12.294481563,21869735.0
2020-08-21,12.424385519,12.210971877,12.452222081,11.997558234,22665952.0
2020-08-24,12.183135315,12.637799161,12.735227128,12.085707348,18722936.0
2020-08-25,12.814097387,12.535731767,13.018232176,12.350154687,16296264.0
2020-08-26,12.452222081,12.025394796,12.498616351,12.016115942,19787735.0
2020-08-27,12.081067921,12.099625629,12.192414169,11.8027023,20130095.0
2020-08-28,12.025394796,12.183135315,12.271284428,11.960442818,14105842.0
2020-08-31,12.210971877,11.821260008,12.220250731,11.811981154,17913834.0
2020-09-01,11.682077198,11.580009804,11.70991376,11.440826994,23054248.0
2020-09-02,11.43154814,11.505778972,11.747029176,11.394432724,19131811.0
2020-09-03,11.459384702,11.682077198,11.969721672,11.459384702,26076883.0
2020-09-04,11.8027023,11.366596162,11.914048548,11.24597106,22767785.0
2020-09-08,11.013999709,10.262412535,11.116067103,10.225297119,36644849.0
2020-09-09,10.401595345,10.271691389,10.401595345,10.11395087,22103520.0
2020-09-10,10.253133681,9.455152236,10.280970243,9.445873382,43466333.0
2020-09-11,9.455152236,9.482988798,9.612892754,9.121113491,35175696.0
2020-09-14,9.492276744,9.445837034,9.640976696,9.222926425,25198944.0
2020-09-15,9.501564686,9.947385903,10.109924888,9.47370086,34684755.0
2020-09-16,10.095992975,10.811164511,11.17339425,9.896302222,53219446.0
2020-09-17,10.402495062,11.015499235,11.17339425,10.377789136,27860638.0
2020-09-18,10.950483641,10.820452453,11.229121902,10.653269496,40722917.0
2020-09-21,10.3003277,10.48608654,10.513950366,10.123856801,23028121.0
2020-09-22,10.523238308,10.291039758,10.76008083,10.244600048,17454842.0
2020-09-23,10.337479468,9.668747642,10.467510656,9.650171758,24502805.0
2020-09-24,9.603732048,9.882370309,10.095992975,9.438220921,22870416.0
2020-09-25,9.715187352,9.492276744,9.826642657,9.390109382,30812473.0
2020-09-28,9.678035584,9.603732048,9.891658251,9.575868222,22622609.0
2020-09-29,9.603732048,9.278654077,9.61301999,9.167198773,29576585.0
2020-09-30,9.306517904,9.297229962,9.538716454,9.232214367,23363965.0
2020-10-01,9.260078193,8.990727875,9.269366135,8.888560513,32990258.0
2020-10-02,8.591346368,9.167198773,9.195062599,8.572770484,28572271.0
2020-10-05,9.38082144,9.761627063,9.770915005,9.297229962,24670979.0
2020-10-06,9.910234135,9.408685266,10.012401497,9.325093788,29493835.0
2020-10-07,9.501564686,9.548004396,9.585156164,9.399397324,17454772.0
2020-10-08,9.668747642,10.383919178,10.402495062,9.594536986,27490269.0
2020-10-09,10.402495062,10.049553265,10.527882279,9.975249729,26633443.0
2020-10-12,9.882370309,10.040265323,10.077417091,9.6594597,18540232.0
2020-10-13,9.993825613,9.770915005,10.179584453,9.691967497,15524268.0
2020-10-14,9.770915005,9.70589941,10.170296511,9.696611468,20106746.0
2020-10-15,9.501564686,9.854506483,9.854506483,9.28794202,18906940.0
2020-10-16,9.761627063,9.371533498,9.780202947,9.352957614,19244745.0
2020-10-19,9.464412918,9.120759063,9.482988802,9.111471121,22074745.0
2020-10-20,9.213638483,9.352957614,9.469056889,9.130047005,17400082.0
2020-10-21,9.157910831,8.972151991,9.250790251,8.972151991,22783380.0
2020-10-22,9.009303759,9.445837034,9.47370086,8.972151991,25219240.0
2020-10-23,9.52014057,9.306517904,9.622307932,9.195062599,19872442.0
2020-10-26,9.092895237,8.78639315,9.136362806,8.674937846,26754805.0
2020-10-27,8.730665498,8.609922252,8.823544919,8.609922252,20727699.0
2020-10-28,8.340571933,8.247692513,8.50775489,8.154813093,30986797.0
2020-10-29,8.080509557,8.479891064,8.526330774,7.913326601,28731900.0
2020-10-30,8.359147818,8.479891064,8.535525836,8.22094324,23146458.0
2020-11-02,8.60063431,8.962864049,9.1020903,8.387011644,28544051.0
2020-11-03,9.185774657,9.000015817,9.297229962,8.907136397,19259132.0
2020-11-04,8.972151991,9.111471121,9.278654077,8.656361962,22377014.0
2020-11-05,9.074319353,9.724475294,9.863794425,9.074319353,35111217.0
2020-11-06,9.603732048,9.297229962,9.724475294,9.232214367,21645305.0
2020-11-09,10.727573033,11.35915309,11.795686365,10.620761699,60444831.0
2020-11-10,11.21983396,11.49847222,11.563487814,10.820452453,31413909.0
2020-11-11,11.786398423,11.052651003,11.795686365,10.904043931,28596730.0
2020-11-12,10.755436859,10.504662424,11.108378655,10.388563149,19654880.0
2020-11-13,10.588253902,10.959771583,11.080514829,10.560390076,16907033.0
2020-11-16,11.609927525,11.795686365,11.804974307,11.377728974,24354797.0
2020-11-17,11.479896336,12.065036683,12.065036683,11.382372945,18665692.0
2020-11-18,12.148628162,11.953581379,12.73841248,11.944293437,29659874.0
2020-11-19,11.767822539,12.408690538,12.46441819,11.665655177,20162696.0
2020-11-20,12.715192625,12.529433784,12.733768509,12.348318915,20175001.0
2020-11-23,12.863799697,14.637796623,14.684236333,12.845223813,44957070.0
2020-11-24,15.761637607,15.585166709,16.040275868,15.148633434,54354972.0
2020-11-25,15.464423463,15.529439057,15.877736883,14.804979579,29706242.0
2020-11-27,15.529439057,15.380831985,15.743061723,15.17649726,13272512.0
2020-11-30,15.08361784,14.637796623,15.371544043,14.600644855,31056448.0
2020-12-01,14.767827811,14.052656276,14.990924179,13.904049203,31362657.0
2020-12-02,13.857609493,14.758539869,15.334392275,13.718290363,33045535.0
2020-12-03,14.888571058,15.22293697,15.548014941,14.547146309,26614756.0
2020-12-04,15.705909955,17.266284215,17.284860099,15.696622013,52874458.0
2020-12-07,16.560400621,16.894766534,17.349875693,16.300338245,32247849.0
2020-12-08,16.588264447,17.767833084,17.929814793,16.551112679,32923837.0
2020-12-09,18.260351489,18.018738695,18.957311469,17.48904911,44634837.0
2020-12-10,18.028031495,19.802956245,20.081740238,17.935103498,52292559.0
2020-12-11,19.710028248,19.412658656,19.840127444,18.91084747,30940995.0
2020-12-14,19.914469842,17.814297101,20.118911437,17.730661903,36149220.0
2020-12-15,18.176716291,18.436914684,18.752869875,17.48904911,26899293.0
2020-12-16,18.371865085,18.074495494,18.474085883,17.879346699,17050819.0
2020-12-17,18.325401087,17.823589901,18.376511485,17.749247503,17630781.0
2020-12-18,17.721369104,17.210265118,18.102373893,17.14521552,38206596.0
2020-12-21,15.807052357,16.234521145,16.754917931,15.742002759,29666912.0
2020-12-22,16.262399545,15.72341716,16.327449143,15.681599561,21538117.0
2020-12-23,15.918565954,16.624818734,17.084812321,15.84496698,24012805.0
2020-12-24,16.885017127,16.42037714,16.885017127,16.169471547,9203916.0
2020-12-28,16.466841139,16.169471547,16.829260329,16.123007548,14617511.0
2020-12-29,16.346034742,16.020786751,16.530218033,15.881394755,18073982.0
2020-12-30,15.992908352,16.643404334,16.857138728,15.927765826,16517169.0
2020-12-31,16.550476336,16.085836349,16.652697134,16.07654355,15193556.0
2021-01-04,16.494719538,16.215935546,16.708361004,16.095129149,18497764.0
2021-01-05,16.541183537,17.8514683,18.539135481,16.401791541,37293777.0
2021-01-06,18.139545092,18.58559948,18.845797872,17.62825525,37156358.0
2021-01-07,18.780748274,19.115289065,19.65427145,18.613477879,24299311.0
2021-01-08,19.403365857,18.659941877,19.542757853,18.464793083,18277949.0
2021-01-11,17.888639499,18.659941877,18.752869875,17.656319506,15165878.0
2021-01-12,19.133874664,21.020313011,21.178290607,18.836505072,37326577.0
2021-01-13,21.08536261,20.750821819,21.168997807,20.564965824,19526958.0
2021-01-14,21.224754606,22.525746569,22.86028736,21.020313011,29879133.0
2021-01-15,21.792358814,20.806578617,22.033228183,20.778700218,24701702.0
2021-01-19,21.4199034,21.438489,22.070399382,21.252633005,21931362.0
2021-01-20,21.624344994,21.392025001,21.865957788,21.136473008,14736966.0
2021-01-21,21.289804204,20.016690639,21.364146602,19.923762642,19333266.0
2021-01-22,19.208217062,19.970226641,20.072447438,18.827212273,17640740.0
2021-01-25,19.514879454,19.98881224,20.091033037,19.208217062,15398851.0
2021-01-26,20.35123143,18.93872587,20.834457017,18.91084747,19138072.0
2021-01-27,18.57630668,19.124581864,20.128204236,18.083788294,25688406.0
2021-01-28,19.329023459,19.468415455,19.970226641,18.800356081,16438248.0
2021-01-29,19.198924262,18.641356278,19.868005844,18.334693887,19971479.0
2021-02-01,19.171045863,18.948018669,19.28255946,18.399743485,13688032.0
2021-02-02,19.970226641,19.263973861,20.230425033,19.161753063,15513844.0
2021-02-03,19.496293854,20.462745027,20.592844223,19.389426657,18308286.0
2021-02-04,20.750821819,20.72294342,20.992434612,20.128204236,13247133.0
2021-02-05,21.215461806,20.964556213,21.503538598,20.630015422,13227596.0
2021-02-08,21.392025001,23.650175338,23.696639337,21.373439402,31510536.0
2021-02-09,22.86028736,22.906751359,23.371391346,22.395647373,20757110.0
2021-02-10,23.074021754,23.789567334,23.966130529,23.046143355,22400477.0
2021-02-11,23.603711339,23.21341375,23.613004139,22.377061773,15232210.0
2021-02-12,22.943922558,23.594418539,23.92895933,22.823116161,12382017.0
2021-02-16,24.774604106,24.588748112,25.044095299,24.049765727,19260411.0
2021-02-17,24.941874502,24.839653705,25.257829693,24.021887327,15198397.0
2021-02-18,24.579455312,23.492197742,24.839653705,23.427148144,15311678.0
2021-02-19,23.529368941,23.622296939,24.066121054,23.259970677,14936138.0
2021-02-22,24.151986524,24.598040911,25.518028086,23.994008928,22820583.0
2021-02-23,24.430770516,24.217036122,24.765311307,22.693016965,22587655.0
2021-02-24,24.625919311,26.168524067,26.654537494,24.124108125,27788996.0
2021-02-25,26.177816867,24.858239304,26.521371673,24.579455312,21142463.0
2021-02-26,24.402892117,24.728140108,25.099852097,23.422501744,21626650.0
2021-03-01,25.434392888,25.685298481,26.279108384,25.099852097,16185688.0
2021-03-02,25.638834482,25.852568876,26.493772058,25.387928889,16557003.0
2021-03-03,26.019839272,26.633164054,27.367295234,26.019839272,20382064.0
2021-03-04,27.116389641,27.785471222,28.463845603,26.521650457,39491581.0
2021-03-05,29.355954378,29.021413588,30.220184754,27.87839922,42026530.0
2021-03-08,29.439589576,27.664664825,29.64403117,27.538282749,22684836.0
2021-03-09,27.162685019,26.632817446,27.627481135,26.223796864,23868210.0
2021-03-10,26.818735893,27.292827931,27.543817834,26.530562301,24101753.0
2021-03-11,27.831991426,28.798767347,29.588920744,27.673960746,21984257.0
2021-03-12,28.538481522,28.473410066,29.068349094,28.315379386,16114009.0
2021-03-15,27.924950649,27.237052397,28.17370953,26.744368514,19584618.0
2021-03-16,26.586337835,26.186613175,27.181276863,25.833368127,16895158.0
2021-03-17,26.065766185,26.995358417,27.079021718,25.972806962,16242394.0
2021-03-18,26.484082689,24.745745215,26.651409291,24.64349007,24421040.0
2021-03-19,25.098990264,26.121541719,26.549154145,24.820112594,29558099.0
2021-03-22,25.861255894,25.52660269,26.242388709,25.349980166,14200429.0
2021-03-23,24.52264308,24.717857448,25.359276088,24.253061332,20609389.0
2021-03-24,25.56378638,25.154765797,26.000694729,25.061806574,15596413.0
2021-03-25,24.448275701,24.820112594,24.894479972,23.565163081,18172001.0
2021-03-26,25.786888515,25.80548036,25.935623272,24.968847351,16268520.0
2021-03-29,25.387163855,25.098990264,25.410403661,24.504051235,13907089.0
2021-03-30,24.810816672,25.4057557,25.763648709,24.671377837,9799226.0
2021-03-31,25.4057557,24.745745215,25.480123079,24.736449293,15989670.0
2021-04-01,24.931663662,25.452235312,25.865067222,24.550530847,27311044.0
2021-04-05,25.098990264,23.527979391,25.238429098,23.304877256,32081284.0
2021-04-06,23.816152983,23.565163081,24.346020556,23.476851819,20232428.0
2021-04-07,23.695305993,23.518683469,23.862632595,23.249101722,14354563.0
2021-04-08,23.165438421,22.988815897,23.193326188,22.533315703,14911138.0
2021-04-09,23.007407742,22.858672984,23.267693566,22.654162693,10378755.0
2021-04-12,23.035295508,22.524019781,23.388540557,22.254438034,15386313.0
2021-04-13,22.468244247,22.579795315,22.798249489,22.235846189,11106498.0
2021-04-14,23.2398058,23.751081527,24.215877643,23.165438421,26392815.0
2021-04-15,23.555867158,23.109662887,23.565163081,22.942336285,13541188.0
2021-04-16,23.2398058,22.663458616,23.407132401,22.542611626,11494808.0
2021-04-19,22.756417839,22.812193373,23.342060945,22.533315703,11162616.0
2021-04-20,22.775009684,21.566539782,22.784305606,21.352733569,18736185.0
2021-04-21,20.869345608,22.728530072,22.747121917,20.822865996,19500133.0
2021-04-22,22.84008114,22.403172791,22.970224052,22.235846189,16448536.0
2021-04-23,22.542611626,22.914448518,23.058535314,22.096407354,10830242.0
2021-04-26,22.709938227,23.146846576,23.369948712,22.691346383,12515570.0
2021-04-27,23.342060945,23.3234691,23.611642692,22.914448518,13876017.0
2021-04-28,23.565163081,24.262357255,24.392500167,23.527979391,20740971.0
2021-04-29,24.689969681,24.113622498,25.080398419,23.853336673,18229984.0
2021-04-30,23.751081527,23.574459003,24.457571623,23.509387547,14842915.0
2021-05-03,23.84404075,24.299540944,24.429683856,23.593050848,13380910.0
2021-05-04,24.64349007,24.039255119,24.699265604,23.350520234,15044734.0
2021-05-05,24.448275701,25.145469875,25.415051622,24.085734731,19853071.0
2021-05-06,25.191949487,24.773632982,25.28490871,24.178693954,14458227.0
2021-05-07,24.187989876,25.461531234,25.600970069,24.029959197,17631399.0
2021-05-10,25.759000748,24.755041138,26.149429486,24.689969681,19188308.0
2021-05-11,23.611642692,22.80289745,23.806857061,22.589091237,30525035.0
2021-05-12,22.905152596,23.351356867,24.606306381,22.849470021,26921896.0
2021-05-13,22.951632208,22.04063182,23.462907935,21.67809085,20686376.0
2021-05-14,22.421764635,23.332765023,23.611642692,22.421764635,19639622.0
2021-05-17,23.462907935,24.531939002,24.550530847,23.18468098,17232129.0
2021-05-18,24.480811429,24.048551041,24.9391004,23.983479585,15992390.0
2021-05-19,23.20262211,23.304877256,23.806857061,22.913518926,18157165.0
2021-05-20,23.369948712,23.193326188,23.444316091,22.765713761,14554213.0
2021-05-21,23.593050848,23.351356867,23.848688711,23.267693566,13212200.0
2021-05-24,23.593050848,23.648826382,23.751081527,23.146846576,13100534.0
2021-05-25,23.611642692,22.886560751,23.792913178,22.858672984,13774199.0
2021-05-26,22.933040363,23.509387547,23.648826382,22.816841334,14084130.0
2021-05-27,23.974183663,24.234469488,24.346020556,23.788265216,19886308.0
2021-05-28,24.271653177,24.132214342,24.402725682,23.968048354,10132126.0
2021-06-01,24.792224827,26.465490845,26.484082689,24.782928905,27701874.0
2021-06-02,26.660705213,27.171980941,27.776215892,26.04717434,28273094.0
2021-06-03,27.153389096,27.218460552,27.934246571,26.711832786,19504428.0
2021-06-04,27.366730513,27.08831764,27.799455697,26.595633757,16134541.0
2021-06-07,27.255644242,27.106909485,27.692552591,26.939582883,10040786.0
2021-06-08,27.041838028,27.134797252,27.413674921,26.474786767,12127743.0
2021-06-09,27.423069639,26.362971321,27.6090518,26.353672213,15365898.0
2021-06-10,27.013908885,26.344373105,27.232437924,25.958460121,14212478.0
2021-06-11,26.521056158,26.344373105,26.930216912,26.232783809,10863551.0
2021-06-14,26.651243671,26.297877565,27.32077945,26.021508074,13827317.0
2021-06-15,26.521056158,27.153395506,27.223138816,26.362971321,13087667.0
2021-06-16,26.89302048,28.399475984,28.548261713,26.493158834,42712739.0
2021-06-17,28.101904527,26.242082917,28.566859929,25.870118595,39315207.0
2021-06-18,26.190937822,26.028203431,26.818627616,25.898015919,24074329.0
2021-06-21,26.186288268,27.432368747,27.516060719,26.186288268,18633602.0
2021-06-22,27.376574099,27.906623258,27.962417906,26.967413345,15195904.0
2021-06-23,28.511065281,28.790038522,29.617659139,28.4180742,24067581.0
2021-06-24,28.511065281,29.51536895,29.552565382,28.278494588,15182233.0
2021-06-25,29.664154679,30.603364592,30.696355673,29.338685897,25211899.0
2021-06-28,30.324391351,29.050413548,30.361587783,28.864431387,17426071.0
2021-06-29,29.292190357,29.106208196,30.101212757,28.920226035,15618960.0
2021-06-30,29.450275194,29.078310872,29.659505125,28.817935846,12823912.0
2021-07-01,30.547569944,30.556869052,31.152011967,29.943127921,23100194.0
2021-07-02,30.147708298,30.296494026,30.556869052,29.785043084,10670928.0
2021-07-06,30.23140027,28.37157866,30.287194918,28.222792931,21467044.0
2021-07-07,28.641252794,27.413770531,29.003918007,26.976712453,20238500.0
2021-07-08,26.502457942,27.581154476,27.822931285,26.502457942,16379095.0
2021-07-09,28.101904527,28.120502743,28.269288472,27.497462503,13108843.0
2021-07-12,27.553257152,27.888025041,28.185596499,27.252152033,11171527.0
2021-07-13,27.739239313,27.971717014,28.148400067,27.427719193,11039488.0
2021-07-14,28.092605419,25.879417703,28.483167957,25.698085096,22822468.0
2021-07-15,25.74923019,25.32147122,26.279279349,25.042497978,18361001.0
2021-07-16,25.572547137,24.121886281,25.656239109,24.056792525,18512290.0
2021-07-19,22.680524533,23.08038618,23.350060313,22.224868239,28376776.0
2021-07-20,23.061787964,23.591837122,23.991698769,22.801412938,17071011.0
2021-07-21,24.056792525,25.274975679,25.619042677,24.056792525,19629300.0
2021-07-22,25.237779247,25.116890843,25.428410962,24.586841684,12459562.0
2021-07-23,25.144788167,24.717029196,25.172685491,24.407833854,9502506.0
2021-07-26,24.819319385,25.219181031,25.665538218,24.819319385,11080817.0
2021-07-27,24.875114033,24.419457739,24.958806006,24.075390741,12870381.0
2021-07-28,24.689131872,25.014600654,25.312172112,24.233475578,11767747.0
2021-07-29,25.386564976,24.903011357,25.493504719,24.805370723,11718236.0
2021-07-30,24.65193544,24.27067201,24.930908682,24.098638511,15123264.0
2021-08-02,24.27067201,23.98239966,25.158736829,23.917305904,13879968.0
2021-08-03,23.703426419,24.577542576,24.642636332,23.452350502,15215289.0
2021-08-04,24.159082713,23.88940858,25.005301546,23.656930879,20780168.0
2021-08-05,24.121886281,24.354363982,24.944857344,24.066091633,12976216.0
2021-08-06,24.810020277,24.540346143,25.181984599,24.391560415,12862475.0
2021-08-09,23.824314824,23.815015716,24.307868442,23.563939798,12029116.0
2021-08-10,23.903357242,24.419457739,24.568243468,23.852212148,13269637.0
2021-08-11,24.484551495,24.958806006,24.958806006,24.17768093,15265573.0
2021-08-12,24.893712249,24.98670333,25.084343964,24.438055955,9253552.0
2021-08-13,24.879763587,23.98239966,24.986610339,23.940553674,12000881.0
2021-08-16,23.433752286,23.052488855,23.489546934,22.703772304,16371446.0
2021-08-17,22.866506694,22.392252184,23.145479936,22.238816901,15987819.0
2021-08-18,22.587533453,21.806408377,22.857207586,21.787810161,15233183.0
2021-08-19,21.276359218,20.541729682,21.583229784,20.299952873,26408141.0
2021-08-20,20.26275644,20.411542169,20.560327898,20.104671604,18519024.0
2021-08-23,21.271709664,21.825006593,21.899399457,21.201966354,17577571.0
2021-08-24,22.150475375,22.671225425,23.005900324,22.07608251,15360034.0
2021-08-25,22.596832561,22.903703127,23.122232166,22.234167347,10024451.0
2021-08-26,22.596832561,22.31785932,22.987395099,22.234167347,11491018.0
2021-08-27,22.736319182,23.861511256,23.98239966,22.736319182,17295256.0
2021-08-30,24.019596093,23.480247826,24.354363982,23.452350502,10804446.0
2021-08-31,23.722024635,23.88940858,24.307868442,23.387256745,17367683.0
2021-09-01,23.805716608,23.322162989,24.047493417,23.112933058,14779525.0
2021-09-02,23.768520175,24.717029196,25.042497978,23.708075973,21151865.0
2021-09-03,24.549645252,24.103288065,24.98670333,23.973100552,13461719.0
2021-09-07,23.852212148,23.861511256,24.531047035,23.731323743,11338299.0
2021-09-08,24.140484497,23.164078152,24.372962199,23.075736626,12672590.0
2021-09-09,23.061746879,23.322226473,23.829231396,22.689633174,12905253.0
2021-09-10,23.712945863,23.238500889,23.9827283,23.201289519,10690172.0
2021-09-13,23.62922028,24.792075608,24.913012563,23.619917437,22818817.0
2021-09-14,25.275823425,24.447870431,25.545605861,24.205996523,16350342.0
2021-09-15,25.210703527,25.936325252,26.122382105,25.164189314,25212410.0
2021-09-16,25.778176927,25.424668907,25.78747977,25.196749263,13235170.0
2021-09-17,25.220006369,25.061858045,25.750268399,24.875801192,25235993.0
2021-09-20,23.945516929,23.703643021,24.112968096,23.219895204,20469985.0
2021-09-21,24.01993967,23.657128808,24.261255408,23.322226473,12866206.0
2021-09-22,24.392053375,24.885104035,25.354897588,24.392053375,21793420.0
2021-09-23,25.089766573,26.010747993,26.234016216,24.72695571,17427986.0
2021-09-24,25.694451344,26.14098779,26.466587282,25.629331445,13473789.0
2021-09-27,26.996849312,28.085281899,28.22947596,26.978243627,26376700.0
2021-09-28,28.457395605,27.815499463,28.745783726,27.517808499,29296291.0
2021-09-29,28.066676214,27.936436417,28.345761493,27.406174387,16325025.0
2021-09-30,27.750379565,27.517808499,28.029464844,27.220117535,19182661.0
2021-10-01,27.741076722,28.978354792,28.996960477,27.680608245,19625070.0
2021-10-04,29.434194081,29.592342406,30.197027176,29.238834386,25391782.0
2021-10-05,30.094695908,30.485415298,31.145917125,29.824913471,27604486.0
2021-10-06,29.592342406,29.769096416,30.28075276,29.080686061,22400601.0
2021-10-07,29.769096416,30.215632862,30.471461034,29.099291746,21848876.0
2021-10-08,30.876134688,31.285459764,31.611989541,30.680774993,20246908.0
2021-10-11,31.834327479,31.062191541,32.159926971,30.913346059,21394944.0
2021-10-12,30.922648902,30.708683521,31.578499307,30.364478344,15502163.0
2021-10-13,30.150512963,30.029576009,30.541232354,29.787702101,14943948.0
2021-10-14,30.606352252,29.759793573,30.876134688,29.555131035,17846836.0
2021-10-15,30.383084029,29.452799766,30.550535196,29.35977134,14781603.0
2021-10-18,30.624957937,30.63426078,31.564545043,30.317964131,25900791.0
2021-10-19,30.662169308,30.643563623,31.155219967,30.24354139,13006205.0
2021-10-20,30.187724334,31.034283013,31.118008597,29.964456111,15636573.0
2021-10-21,30.801711947,30.513323826,31.201734181,30.10399875,14869306.0
2021-10-22,30.643563623,31.564545043,31.601756414,30.485415298,15000961.0
2021-10-25,32.150624129,32.764611742,33.211241217,32.094807073,19253696.0
2021-10-26,33.025091336,32.894851539,33.257662402,32.569252047,15398121.0
2021-10-27,32.420406565,30.978465957,32.513434991,30.964511693,20124769.0
2021-10-28,31.024980171,31.471516617,31.480819459,30.862180425,12039168.0
2021-10-29,31.490122302,31.192431338,31.708739104,30.799851379,13346473.0
2021-11-01,31.927355906,32.383195195,32.462269357,31.359882505,14134073.0
2021-11-02,32.08550423,31.964567276,32.885548697,31.8213035,11557958.0
2021-11-03,31.452910932,31.490122302,32.130250903,31.183128495,13783969.0
2021-11-04,32.364589509,31.397093876,32.606463418,30.857529003,20375392.0
2021-11-05,31.759904738,31.090100069,31.759904738,30.448203927,18862583.0
2021-11-08,31.5552422,31.899447378,32.629720524,31.508727987,14267474.0
2021-11-09,31.825024637,31.387791033,32.173881235,30.652866465,13200068.0
2021-11-10,31.211037023,29.601645248,31.304065449,29.392331289,17560966.0
2021-11-11,29.815610629,29.880730527,30.331918395,29.57373672,10684973.0
2021-11-12,29.35977134,29.843519157,30.029576009,29.238834386,10241314.0
2021-11-15,29.415588396,29.75049073,30.090044486,28.996960477,10287627.0
2021-11-16,29.838867735,29.620250933,30.048181694,29.382377247,10348517.0
2021-11-17,29.387679868,28.615543929,29.646205864,28.40622997,14406073.0
2021-11-18,28.671360985,28.503909818,29.080686061,27.917830732,12789728.0
2021-11-19,27.480597129,27.089877738,27.843407991,26.801489617,19311137.0
2021-11-22,27.06196921,27.917830732,28.51321266,26.959637941,16567328.0
2021-11-23,28.522515503,29.694673674,30.03422743,28.485304133,21492547.0
2021-11-24,29.238834386,29.778399258,30.213772293,29.201623015,11491014.0
2021-11-26,27.294540276,27.629442611,27.796893778,25.908416724,22787824.0
2021-11-29,28.6527553,27.964344945,29.089988904,27.541065606,15448122.0
2021-11-30,27.071272053,27.582928397,27.880619362,26.996849312,20779594.0
2021-12-01,28.550424031,26.931729413,28.810903625,26.894518043,19018772.0
2021-12-02,26.541010023,27.582928397,27.638745453,25.880508196,18877793.0
2021-12-03,28.066676214,27.127089109,28.317852965,26.717764033,15148793.0
2021-12-06,27.675956824,27.759682407,28.145750377,26.978243627,11188796.0
2021-12-07,28.196916011,28.950446264,29.294651441,28.103887585,13643812.0
2021-12-08,29.117897431,28.624846772,29.266742913,28.592286823,11473683.0
2021-12-09,28.466647061,28.140941717,28.713252535,28.029271313,9111662.0
2021-12-10,28.550399863,28.634152666,28.755128937,27.652383701,9672303.0
2021-12-13,28.103718249,27.201049153,28.280529721,27.028890614,12525655.0
2021-12-14,26.968402479,26.745061671,27.582589699,26.624085401,14116384.0
2021-12-15,26.670614736,26.540332598,26.791497947,25.335222825,19091740.0
2021-12-16,26.996320079,26.41005046,27.633771967,26.344909392,13027229.0
2021-12-17,26.065733382,26.093650983,26.50310913,25.530646032,23540994.0
2021-12-20,25.032782149,25.107229085,25.325916958,24.241783456,21316192.0
2021-12-21,25.665581103,26.614779534,26.652003002,25.619051768,13116158.0
2021-12-22,26.465885662,26.912567277,27.238272621,26.279768323,8381044.0
2021-12-23,27.163825685,26.847426208,27.33133129,26.819508607,8401591.0
2021-12-27,26.624085401,27.582589699,27.6384249,26.242544855,8380047.0
2021-12-28,27.666342501,27.433695827,28.271223854,27.312719556,9545606.0
2021-12-29,27.238272621,27.228966754,27.619813166,26.996320079,11311012.0
2021-12-30,27.275496089,26.959096612,27.573283832,26.912567277,9509485.0
2021-12-31,26.828814474,26.977708346,27.196396219,26.754367538,8669155.0
2022-01-03,27.182437419,28.904022808,28.94589921,27.126602217,15095852.0
2022-01-04,29.415845492,31.062983945,31.379383422,29.229728152,26692372.0
2022-01-05,30.886172473,29.601962831,31.470580919,29.564739363,21157260.0
2022-01-06,30.923395941,30.486020193,31.156042615,29.699674434,18528246.0
2022-01-07,30.737278601,30.904784207,31.104860347,30.420879124,14884484.0
2022-01-10,30.793113803,30.132397248,31.007148744,29.713633235,17609662.0
2022-01-11,30.727972734,32.291358385,32.440252257,30.40226739,20876121.0
2022-01-12,32.496087459,32.33788772,32.959984927,31.751618101,15501767.0
2022-01-13,32.328581853,31.779535702,32.793875202,31.658559431,13529490.0
2022-01-14,31.891206106,33.04513361,33.147498147,31.770229835,19566035.0
2022-01-18,33.584873894,33.529038692,34.36656672,32.533310927,24419099.0
2022-01-19,34.124614178,33.342921353,34.431707789,33.082357078,18393252.0
2022-01-20,32.663593064,32.52400506,33.891967504,32.421640523,16099275.0
2022-01-21,32.272746651,31.407301023,32.272746651,30.80241967,18434140.0
2022-01-24,30.337126322,31.649253564,31.81675917,29.192504684,23742862.0
2022-01-25,31.407301023,34.217672848,34.534072325,30.914090074,28095586.0
2022-01-26,34.757413132,34.48754299,35.622858761,33.845438169,25911607.0
2022-01-27,35.399517953,34.67366033,36.227740114,33.864049903,21102662.0
2022-01-28,35.036589142,34.962142206,35.762446765,34.078270961,16658181.0
2022-01-31,35.073812609,35.055200875,35.483270756,33.975720307,16469302.0
2022-02-01,34.664354463,36.562751325,36.804703866,34.599213394,20514773.0
2022-02-02,36.376633985,36.869844935,37.018738806,35.929952371,14752748.0
2022-02-03,36.562751325,37.22346788,37.679455361,36.264963582,22557478.0
2022-02-04,37.665496561,37.967937237,39.37312315,37.57811447,23757400.0
2022-02-07,37.660843627,38.154054577,38.619347925,36.953597737,15544015.0
2022-02-08,38.005160705,36.618586526,38.005160705,36.264963582,20307525.0
2022-02-09,36.953597737,37.502643889,38.209889778,36.869844935,16412010.0
2022-02-10,37.283956015,37.856266833,38.97297087,37.242079613,17756306.0
2022-02-11,38.154054577,39.996616237,40.159468909,37.940019636,24477906.0
2022-02-14,39.642993292,38.368089517,39.80119303,37.991201905,21485913.0
2022-02-15,37.000127072,37.083879875,37.660750568,36.11606971,23618152.0
2022-02-16,37.614314292,36.897762536,38.293642581,36.534833724,18292088.0
2022-02-17,36.990821205,37.093185742,37.763208164,36.539486657,15162786.0
2022-02-18,36.460386788,36.814009733,37.363055884,36.320798783,14462708.0
2022-02-22,38.154054577,35.660082229,38.237807379,35.0366822,20757170.0
2022-02-23,35.920646504,36.004399306,36.744215731,35.613552894,15379390.0
2022-02-24,37.018738806,36.218434247,37.204856146,34.948183405,32173767.0
2022-02-25,36.497610256,36.050928641,37.549173223,35.836893701,29780441.0
2022-02-28,35.855505435,40.694556259,40.741085594,35.585635293,50039517.0
2022-03-01,41.252908278,43.542151552,44.509961717,40.983038135,68949820.0
2022-03-02,45.161372405,45.012478533,45.868618295,43.751533559,51230106.0
2022-03-03,44.547185185,44.435514781,45.287001609,43.802715827,43690512.0
2022-03-04,45.096231336,52.252443036,52.531619045,44.798443593,101759603.0
2022-03-07,53.704158283,51.535891279,54.690580182,48.772048789,81361215.0
2022-03-08,53.331923605,50.810033656,54.66275564,47.860073826,81141767.0
2022-03-09,48.342757394,53.63644091,54.643873191,47.601175298,134668989.0
2022-03-10,53.66442514,54.22410974,55.595337012,52.622945378,81812591.0
2022-03-11,52.927507082,54.05620436,54.923715491,52.675649011,48469639.0
2022-03-14,52.004027491,51.854778264,52.227901331,49.737304857,53706914.0
2022-03-15,49.350189675,50.866002136,51.379046353,48.767184883,49163860.0
2022-03-16,50.213036768,49.429478327,51.248453279,49.345525637,43406316.0
2022-03-17,52.125292487,54.11217282,54.284742239,51.86410634,59355480.0
2022-03-18,54.0002359,52.461103248,54.242765894,52.423790941,40835935.0
2022-03-21,54.079524552,56.863955441,58.207198483,53.94426744,52222959.0
2022-03-22,55.959132003,55.632649319,57.059845051,54.760847273,35853513.0
2022-03-23,57.768778879,55.819210853,58.990756924,55.71669529,39139724.0
2022-03-24,55.613993166,53.869642827,56.378895453,53.468535529,28409085.0
2022-03-25,53.63644091,54.765138188,56.630753524,53.337942456,37749900.0
2022-03-28,53.002131695,52.834226315,53.701737446,51.854778264,24924672.0
2022-03-29,51.83612211,52.974147465,53.132724769,50.847345982,29111203.0
2022-03-30,54.392015121,53.617784756,55.819210853,53.272645919,26068990.0
2022-03-31,52.946163235,52.927507082,55.240870098,52.722289395,32217545.0
2022-04-01,53.002131695,54.205453587,54.270750124,52.517071708,21019029.0
2022-04-04,54.765138188,53.906955133,55.082292795,53.030115925,19371054.0
2022-04-05,54.485295887,51.97604326,55.791226623,51.86410634,22939267.0
2022-04-06,53.496519759,52.330510174,54.588837539,51.826794034,27902977.0
2022-04-07,52.890194775,53.80434629,54.0002359,51.397702506,24408341.0
2022-04-08,53.823002443,57.647513882,57.918028106,53.692875773,41639002.0
2022-04-11,56.481504297,54.02822013,56.523667203,53.729721676,27618031.0
2022-04-12,55.026324335,55.166245485,57.237078508,54.942558206,26820867.0
2022-04-13,55.96846008,55.613993166,56.929251978,54.289499558,21358382.0
2022-04-14,55.250198175,55.352807019,56.313598917,54.765138188,18789385.0
2022-04-18,56.16434969,57.246406585,58.77621116,55.903163543,30802492.0
2022-04-19,56.005772386,56.322926993,57.336888928,55.809882776,19514640.0
2022-04-20,56.668065831,57.339687351,57.684732908,55.837867006,20837836.0
2022-04-21,57.563561192,55.222213945,59.289255378,54.588837539,32050433.0
2022-04-22,55.240870098,52.815570162,55.240870098,52.535727861,22816947.0
2022-04-25,50.949954826,51.229797126,51.583984198,48.067579132,32976979.0
2022-04-26,52.143948641,51.136516359,53.067428232,50.987267132,27151259.0
2022-04-27,51.117860206,51.854778264,52.610352475,49.634696014,20688475.0
2022-04-28,51.761497497,53.198021306,53.655097063,50.296989458,20633143.0
2022-04-29,53.375254762,51.38837443,53.841658596,50.996595209,19208596.0
2022-05-02,50.866002136,54.382687044,54.615888961,50.327025865,38104698.0
2022-05-03,53.897627057,55.259526252,56.425535837,53.869642827,24723439.0
2022-05-04,56.546800834,57.432968118,57.703482342,54.914387415,27975499.0
2022-05-05,59.289255378,58.104589639,60.166094586,56.37609703,42153578.0
2022-05-06,58.981428847,60.576529959,60.613842266,57.321031198,30897863.0
2022-05-09,58.869491927,53.953595517,59.009413077,53.253989766,40093511.0
2022-05-10,55.315494712,55.418103555,56.178341805,53.086084385,30590159.0
2022-05-11,55.912491619,56.061740846,59.167990381,54.989012028,36357072.0
2022-05-12,56.099053153,55.240870098,56.183005843,53.226005536,23862877.0
2022-05-13,56.686721984,59.774315365,60.138110355,56.668065831,35184864.0
2022-05-16,60.296687659,63.169735276,64.111871021,60.175422662,38650675.0
2022-05-17,64.242464095,63.374952963,64.522306395,62.610050676,28834803.0
2022-05-18,63.897325258,59.979533052,64.083886791,58.981428847,28649823.0
2022-05-19,58.794867314,59.662378445,61.313448017,58.60830578,27147556.0
2022-05-20,60.082141895,59.009413077,60.986965333,57.339687351,23803391.0
2022-05-23,59.298583454,61.02427764,61.336768209,58.58032155,24517338.0
2022-05-24,59.979533052,60.697794956,62.00838973,58.598977703,19892932.0
2022-05-25,61.19218302,61.929101078,62.162302995,60.669810726,18245005.0
2022-05-26,62.292896069,64.046574484,64.746180235,62.246255685,22548615.0
2022-05-27,63.971949871,66.098751354,66.490530575,63.18839143,20843906.0
2022-05-31,68.1602563,64.652899469,69.065079738,64.363729092,41019492.0
2022-06-01,65.88420559,65.68831598,66.312923995,63.598826804,28856914.0
2022-06-02,64.923413692,64.643571392,66.03018999,64.135191213,23447614.0
2022-06-03,64.774164465,65.567050983,66.518514805,64.718196005,23397785.0
2022-06-06,65.389817526,64.932741769,65.977486357,63.874005066,25654112.0
2022-06-07,63.990606024,65.809580977,66.667764031,63.63613911,25630471.0
2022-06-08,65.837565207,64.391713322,66.220016351,63.763467357,29262712.0
2022-06-09,63.550602444,60.915121577,64.335639297,60.887084547,25166623.0
2022-06-10,60.578677212,59.690837913,61.793615199,58.78430726,27441946.0
2022-06-13,57.354418705,55.915184473,57.756282809,54.616135394,34448407.0
2022-06-14,57.737591455,58.027307437,59.924386377,56.915171894,31328407.0
2022-06-15,57.167505169,56.335739931,57.927495608,55.36378954,29608916.0
2022-06-16,54.924542729,53.092790071,55.672196876,52.228314964,40604250.0
2022-06-17,52.756345705,52.036728589,53.446991223,50.793753571,51530833.0
2022-06-21,54.120814522,54.083431815,54.896505699,52.746906571,31096551.0
2022-06-22,51.419913918,52.12083968,53.2423209,50.751324198,37845610.0
2022-06-23,54.363708663,52.419901339,54.475950242,51.335802827,36861532.0
2022-06-24,54.036703431,53.756333126,56.008641242,53.083444394,45335599.0
2022-06-27,54.401184827,55.046036528,56.214339589,54.354456443,26793472.0
2022-06-28,56.980591632,57.672171717,58.849726998,56.223591809,39137647.0
2022-06-29,58.055344467,55.232950065,58.672159138,54.634826748,31710746.0
2022-06-30,54.158197229,55.027345175,55.89649312,53.718950418,27244414.0
2022-07-01,55.522666047,56.48527076,56.695548489,53.345123345,28036794.0
2022-07-05,55.195567357,55.242295742,55.653505522,53.008678979,40025176.0
2022-07-06,54.74697487,55.242295742,56.111443687,52.980641949,30682695.0
2022-07-07,56.86844351,57.447875474,58.074035821,56.86844351,25249707.0
2022-07-08,59.045986211,56.700221327,59.092714596,56.494616437,25463679.0
2022-07-11,55.681542553,55.625468492,56.064715303,54.840431638,17906524.0
2022-07-12,53.662876357,53.616147973,54.251653998,52.270463966,25927818.0
2022-07-13,53.158209809,54.21427129,55.33575251,53.055407363,19295492.0
2022-07-14,52.905876534,53.485308498,53.943246662,52.251772613,24478753.0
2022-07-15,54.251653998,54.868468668,54.933888406,53.35914186,18944543.0
2022-07-18,56.120789364,56.120789364,57.803011193,55.685187367,20112548.0
2022-07-19,56.186209101,58.709541846,58.801129478,56.03761284,21616369.0
2022-07-20,57.288998967,59.391776254,59.592708306,57.195542199,17643134.0
2022-07-21,57.662826041,57.943196346,58.008522627,56.27966587,16640469.0
2022-07-22,57.943196346,57.064702723,58.877764029,56.45723373,14198421.0
2022-07-25,57.793665516,60.195504462,60.242232846,57.102085431,19564448.0
2022-07-26,61.485207864,58.008616083,61.728195462,57.737591455,20190773.0
2022-07-27,58.531973986,58.672159138,58.877764029,57.494603858,16625128.0
2022-07-28,59.16748001,58.541319663,60.371390099,57.569369272,14559448.0
2022-07-29,59.812331712,61.447825157,61.588010309,59.718874943,19570669.0
2022-08-01,60.905775901,60.961849962,61.43847948,59.410561065,16725731.0
2022-08-02,61.036615376,60.802973455,61.503899218,59.765603327,16296754.0
2022-08-03,60.438492059,56.999282986,60.746899395,56.550690498,32476605.0
2022-08-04,56.083406656,53.700259065,56.728258358,53.513345528,37999109.0
2022-08-05,53.195592516,55.148838973,55.793597218,53.111481424,20987457.0
2022-08-08,54.522678626,56.111443687,56.634801589,54.522678626,18199195.0
2022-08-09,57.625443333,58.326369096,59.359066385,57.391894869,22286792.0
2022-08-10,57.919832153,58.746924553,59.242245425,57.288998967,14200071.0
2022-08-11,59.999245248,61.391751096,61.830997907,59.961862541,21762333.0
2022-08-12,60.793627779,61.429133803,61.746886815,60.550640181,11746074.0
2022-08-15,59.260936779,60.130084724,60.943158608,58.37309748,16684691.0
2022-08-16,60.541294504,59.354393547,61.391751096,58.904399207,16662241.0
2022-08-17,59.279628132,58.849726998,60.569331535,58.681504815,14889808.0
2022-08-18,59.438504638,60.634751273,61.008578346,59.405794769,16817996.0
2022-08-19,59.924479833,66.625330121,67.74681134,59.660651377,79948146.0
2022-08-22,64.111343053,64.513207157,65.774873529,62.868368035,47928809.0
2022-08-23,66.139354925,68.961749328,69.943045395,65.858984621,59618731.0
2022-08-24,69.298193694,70.008465133,70.737427926,68.298206273,39632291.0
2022-08-25,70.559860066,69.606601029,71.120600676,68.71876173,22784634.0
2022-08-26,69.522489938,68.737453084,70.42902059,68.33558898,20581076.0
2022-08-29,68.410354395,70.335563822,72.083111933,68.055218676,29995009.0
2022-08-30,68.6907247,67.298218852,69.026982152,66.517854837,26152885.0
2022-08-31,65.737490822,66.354305493,67.662700249,64.999182352,21579096.0
2022-09-01,64.70946637,63.924429517,65.354318072,63.401071614,21504253.0
2022-09-02,65.989824096,64.270219559,66.260848724,63.802935718,22793013.0
2022-09-06,64.47582445,62.503886639,64.96021088,62.223516334,21676426.0
2022-09-07,61.027269699,61.148763498,61.690812754,60.186158785,22488441.0
2022-09-08,61.681467078,60.382417998,61.868380614,59.840368742,22052684.0
2022-09-09,61.384421586,61.440608699,61.69345071,60.2044922,21877168.0
2022-09-12,62.742276831,62.554986452,63.496120604,61.506160332,26349103.0
2022-09-13,61.459337737,61.187766688,62.536257414,60.419876136,25446407.0
2022-09-14,62.011844354,62.929567209,63.482073826,61.581076483,28406986.0
2022-09-15,61.618534559,60.953653715,61.937396428,60.874055304,24382065.0
2022-09-16,60.869373045,60.316866428,60.90683112,59.005833777,57451410.0
2022-09-19,58.621888501,60.569708439,60.813185931,58.462691679,19677385.0
2022-09-20,60.026566341,60.195127682,60.6989388,59.230582232,20264249.0
2022-09-21,61.459337737,58.696804653,61.768366862,58.359681971,18597218.0
2022-09-22,59.174395118,57.947643138,60.185763163,57.825904392,20343176.0
2022-09-23,55.896813493,54.997819675,56.252665212,54.351667869,29654880.0
2022-09-26,54.60450988,54.201835566,55.466045622,53.780432214,25390733.0
2022-09-27,55.138287459,54.810529297,55.690794076,54.005180669,28187470.0
2022-09-28,55.213203611,57.507510749,57.680754349,54.904174486,22343938.0
2022-09-29,57.329584889,58.163027074,59.108843486,56.702162121,30091449.0
2022-09-30,56.936275094,57.544968824,58.266036782,56.571058856,19494875.0
2022-10-03,59.670714621,59.989108265,60.897466601,59.371050016,25451447.0
2022-10-04,61.019205347,61.965021759,62.873380096,60.616531033,25152307.0
2022-10-05,61.87137657,63.435251231,63.828561026,61.468702256,25491395.0
2022-10-06,63.304147966,66.019858456,66.328887581,63.219867296,23475268.0
2022-10-07,66.356981137,65.364342131,67.461994371,64.67136773,29084976.0
2022-10-10,64.708825806,61.459337737,65.81383904,61.421879661,24069232.0
2022-10-11,60.082753454,59.961014708,61.290776396,58.746342958,22465481.0
2022-10-12,59.614527508,60.972382753,61.674721672,58.782864582,17647073.0
2022-10-13,59.614527508,63.678728724,64.137590151,59.614527508,22618706.0
2022-10-14,63.116857588,62.442612225,64.67136773,61.974386278,17851348.0
2022-10-17,63.753644875,63.079399512,64.989761374,62.995118842,14839439.0
2022-10-18,63.44461575,63.472709307,63.922018925,61.674721672,15683799.0
2022-10-19,63.304147966,64.109496594,64.596451579,63.140268885,17116042.0
2022-10-20,65.036583968,64.474712833,66.001129418,63.942433577,15403015.0
2022-10-21,65.392435688,66.731561895,67.106142652,64.767541339,16715977.0
2022-10-24,66.310158543,66.328887581,67.555639561,65.832568077,12902807.0
2022-10-25,66.319523062,66.572365073,67.017179722,65.748287407,12413528.0
2022-10-26,67.049955538,67.91149128,68.632559237,66.956310349,12731322.0
2022-10-27,68.913494805,67.302797549,69.456636903,67.199787841,12754058.0
2022-10-28,67.883397723,67.274703993,68.623194719,65.411164726,13814351.0
2022-10-31,66.675374781,67.986407431,69.419178828,66.581729592,13646426.0
2022-11-01,69.316169119,69.110149703,69.756301509,68.510820491,13011795.0
2022-11-02,68.735568946,66.581729592,68.866672211,66.450626327,16178365.0
2022-11-03,66.010493937,67.574368598,67.986407431,65.45798732,12815265.0
2022-11-04,69.737572471,68.6138302,70.945595413,67.99577195,16034390.0
2022-11-07,69.344262676,71.142250311,71.273353576,69.128878741,17469150.0
2022-11-08,70.936230894,70.074695153,70.936230894,69.316169119,16029726.0
2022-11-09,68.033230026,63.613177091,68.389081745,62.873380096,24783398.0
2022-11-10,65.092771082,66.001129418,66.047952013,63.257325372,18619542.0
2022-11-11,66.637916705,69.606469206,69.967003185,66.534906997,20663590.0
2022-11-14,69.063327108,68.623194719,70.964324451,68.571689864,15576233.0
2022-11-15,68.838578654,69.700114395,70.084059672,67.480723409,17099085.0
2022-11-16,68.529549529,67.358984663,69.297440082,67.349620144,13154985.0
2022-11-17,66.263335948,66.918852273,66.94694583,65.336248574,11624416.0
2022-11-18,64.652638692,66.722197376,66.843936122,64.165683708,16252765.0
2022-11-21,64.718190325,65.167687233,65.537585731,62.526892895,21672988.0
2022-11-22,66.085410089,68.145604253,68.248613961,65.645277699,15944418.0
2022-11-23,66.722197376,66.60045863,67.64928475,65.654642218,12375459.0
2022-11-25,66.656645743,65.81383904,66.750290933,65.682735775,5426469.0
2022-11-28,63.819196507,63.894112659,65.01785493,63.060670474,13377989.0
2022-11-29,64.989761374,64.718190325,65.542267991,64.259328897,12701719.0
2022-11-30,65.926213267,65.074042044,66.047952013,64.287422454,13850033.0
2022-12-01,65.832568077,64.427890238,65.879390672,64.404478941,9247442.0
2022-12-02,63.959664291,63.875383621,64.811835514,63.519531902,9092364.0
2022-12-05,64.821200033,62.142947619,65.785745483,61.730908786,15275518.0
2022-12-06,61.927563684,60.064024417,62.948296247,59.689443659,13006936.0
2022-12-07,60.129576049,59.886098557,61.028569866,59.492788762,11757827.0
2022-12-08,61.384421586,59.661350103,61.768366862,59.052656372,13268577.0
2022-12-09,59.661350081,58.741750787,60.083615062,58.666681457,11979515.0
2022-12-12,59.023260775,60.083615062,60.656018704,58.741750787,12659472.0
2022-12-13,61.341026341,60.318206719,61.706989325,59.91470907,13408936.0
2022-12-14,60.843692029,59.755186743,61.153353016,58.952883278,13390417.0
2022-12-15,59.107713771,59.267236098,59.389223759,58.272567474,10746767.0
2022-12-16,58.13181248,58.676065123,58.929424112,57.493723175,19373092.0
2022-12-19,59.117097438,58.563461128,59.342305428,57.925371822,10057664.0
2022-12-20,58.403938802,58.525926463,59.342305428,58.206975647,9925579.0
2022-12-21,59.708268412,59.802105074,59.980394733,58.610379459,11611925.0
2022-12-22,59.802105074,57.991057486,59.91470907,56.874401201,12991203.0
2022-12-23,58.666681457,60.008545732,60.036696731,58.530618296,11828842.0
2022-12-27,60.346357718,60.36512505,60.834308363,59.942860068,9026070.0
2022-12-28,59.952243735,58.253800142,59.952243735,57.944139155,10346961.0
2022-12-29,57.784616829,58.441473467,58.844971116,57.512490507,7338684.0
2022-12-30,58.178730812,59.107713771,59.107713771,58.103661481,8181967.0
2023-01-03,58.460240799,57.287282517,59.069897596,56.405217888,13104045.0
2023-01-04,56.245695562,57.343584514,58.028592151,56.020487572,12238012.0
2023-01-05,57.352968181,58.385171469,58.863738448,57.005772529,10692848.0
2023-01-06,59.501827754,59.820872407,60.646635038,59.06079544,9832734.0
2023-01-09,60.871843028,60.130533394,62.481141792,60.036696731,12519803.0
2023-01-10,60.299439386,60.196219057,60.609100373,59.229701433,6613497.0
2023-01-11,60.99383069,60.13991706,60.99383069,59.708268412,7613870.0
2023-01-12,60.524647377,61.688221993,62.380455053,60.29005572,12351895.0
2023-01-13,61.697605659,61.284724344,62.054184977,60.684169703,7200106.0
2023-01-17,61.387944672,60.731088034,61.922813649,60.576257541,7503266.0
2023-01-18,61.181504015,60.449578046,62.917482273,60.318206719,13922533.0
2023-01-19,60.092998729,61.622536329,61.946272815,59.849023406,10038390.0
2023-01-20,62.044801311,62.786110945,62.97378427,61.392636506,12439933.0
2023-01-23,63.161457596,62.401380629,63.536804246,62.241952139,9891476.0
2023-01-24,60.383892383,60.458961713,63.302212589,57.700163832,8519089.0
2023-01-25,59.924092736,60.543414709,60.562182042,58.469624466,10053332.0
2023-01-26,61.350410007,62.955016938,62.98785977,60.763930866,12564353.0
2023-01-27,63.011318935,62.438915294,63.743244904,62.410764295,8760981.0
2023-01-30,61.763291323,60.177451725,61.89466265,60.121149727,9515124.0
2023-01-31,60.243137389,60.796773698,60.796773698,59.708174575,10315326.0
2023-02-01,60.299439386,59.586280751,60.534312553,58.450857133,12694989.0
2023-02-02,59.323538095,58.619763126,59.482966585,57.737698497,13098464.0
2023-02-03,58.826203783,57.465572176,60.074325233,57.249747852,17851494.0
2023-02-06,57.709547499,57.75646583,58.037975818,56.499054551,11803105.0
2023-02-07,58.178730812,60.618484039,60.702937035,57.991057486,12969313.0
2023-02-08,60.524647377,59.9897784,61.003214356,59.783806925,7668332.0
2023-02-09,60.046080397,59.304770763,60.383892383,59.126481104,6738819.0
2023-02-10,60.196219057,61.585001664,61.716372992,60.074231396,13530656.0
2023-02-13,61.003214356,60.768622699,61.425479337,60.346357718,7835073.0
2023-02-14,61.040749021,62.251241968,62.861180275,60.477729045,12410307.0
2023-02-15,61.322259009,59.023260775,61.364485507,58.816820117,17806883.0
2023-02-16,58.657297791,58.647914125,59.919400903,58.565807045,12173934.0
2023-02-17,57.521874173,56.987005196,57.822151494,56.348915891,20380359.0
2023-02-21,56.808715538,56.133091567,57.503106841,55.97356924,11314556.0
2023-02-22,55.588838924,54.81937829,56.194085398,54.387729642,17198707.0
2023-02-23,55.879732578,55.570071591,56.180009898,54.941365952,12734634.0
2023-02-24,55.129039277,55.344863601,55.616989923,54.434647974,13116321.0
2023-02-27,55.616989923,55.326096268,55.973475404,54.772459959,17984637.0
2023-02-28,56.04863857,54.950749618,56.82748287,54.894447621,34364431.0
2023-03-01,54.903831287,56.029871238,56.384761496,54.800610958,14414245.0
2023-03-02,55.738977584,56.555356549,56.808715538,55.59822259,13870725.0
2023-03-03,55.814046914,57.474955842,57.897220824,55.655932137,17088921.0
2023-03-06,57.296666183,57.878453491,58.150579813,57.099609192,12890792.0
2023-03-07,57.535949673,57.099609192,57.850302492,56.771180873,12547298.0
2023-03-08,58.178730812,58.319485805,59.656658247,57.287282517,22946978.0
2023-03-09,58.526526094,56.992545751,59.477029252,56.815243974,13331019.0
2023-03-10,56.776094537,56.333781187,57.472502791,55.929111526,14715758.0
2023-03-13,54.922142834,55.6656057,56.601992474,53.90576322,19574477.0
2023-03-14,55.94793337,56.644341624,57.999232115,55.529147326,16825685.0
2023-03-15,54.724513465,53.454038948,54.912731912,52.240029964,30722098.0
2023-03-16,53.265820501,55.562085554,55.595023782,52.625877781,22759008.0
2023-03-17,55.50562002,55.035073902,56.004304795,54.498651328,21005650.0
2023-03-20,55.063306669,55.50562002,56.023220749,54.799800844,14579660.0
2023-03-21,56.399657643,56.691396236,57.171353276,55.994987982,16959118.0
2023-03-22,56.738450848,55.223292349,56.863427896,55.157415893,13936202.0
2023-03-23,55.571496476,55.035073902,56.051453516,54.286905575,15059304.0
2023-03-24,54.4657131,54.752746232,55.148004971,53.669360851,13613232.0
2023-03-27,55.242114194,56.136151817,56.333781187,54.611582397,14419720.0
2023-03-28,57.077244052,58.545347939,58.677100852,56.992545751,21795482.0
2023-03-29,58.997072212,58.432416871,59.23234527,58.065390899,13107142.0
2023-03-30,59.044126823,58.648868085,59.128825125,58.074801821,8311737.0
2023-03-31,58.714744541,58.752388231,59.26998896,58.498293327,9618819.0
2023-04-03,61.867403528,61.340391877,62.554306751,60.879256682,24486512.0
2023-04-04,61.95210183,61.011009595,61.999156441,60.144545974,16176388.0
2023-04-05,60.578107166,60.766325613,61.340391877,59.839349762,12056140.0
2023-04-06,60.276957651,59.326454494,60.36071486,59.260578037,10480902.0
2023-04-10,59.477029252,60.314601341,60.667510929,59.448796484,11531362.0
2023-04-11,60.596929011,60.578107166,61.067475129,60.145204738,8979018.0
2023-04-12,60.982776828,61.020420517,61.368624644,60.465176098,9185428.0
2023-04-13,60.935722216,60.95454406,61.340391877,60.717200599,7697011.0
2023-04-14,60.926311293,60.681627312,61.161772571,60.267546729,6763377.0
2023-04-17,60.587518089,59.23234527,60.615750856,59.147646969,8514691.0
2023-04-18,59.081770513,59.288810805,59.441644183,58.582991628,7936570.0
2023-04-19,58.34771857,58.79003192,58.907668449,57.768946845,7742200.0
2023-04-20,57.924227064,58.375951337,58.597108012,57.877172452,7769038.0
2023-04-21,58.488882405,58.225376579,58.752388231,57.820801027,7825206.0
2023-04-24,58.225376579,59.062948668,59.354687261,58.131267355,7560166.0
2023-04-25,58.225376579,57.717186772,58.366540414,57.049011285,9709715.0
2023-04-26,57.70777585,56.710218081,57.726597694,56.390246721,8470870.0
2023-04-27,56.74786177,57.011367596,57.237229732,56.437301332,8172103.0
2023-04-28,57.124298664,57.905405219,58.507704249,56.794916382,9727709.0
2023-05-01,57.38780449,57.566612014,58.23008204,57.180764198,7337710.0
2023-05-02,56.983134829,56.503177789,56.983134829,55.599729243,12442895.0
2023-05-03,55.759714923,55.496209097,56.559643323,55.463270869,11639225.0
2023-05-04,55.562085554,55.242114194,56.314959342,54.842149994,11201972.0
2023-05-05,56.578465168,57.114887742,57.481913713,56.230261041,11275998.0
2023-05-08,57.049011285,55.486798175,57.54779017,55.458565408,17632070.0
2023-05-09,55.195059582,55.486798175,56.136151817,55.129183126,13373173.0
2023-05-10,54.837444533,53.501093559,55.420921719,53.14347851,21378565.0
2023-05-11,53.077602054,54.517473173,54.58334963,52.992903752,14178084.0
2023-05-12,54.658637008,54.668047931,54.95046971,54.338665648,9463707.0
2023-05-15,54.959786524,55.072717592,55.411510796,54.733924387,9155550.0
2023-05-16,55.30799065,54.715102542,55.402099874,54.592760552,10515960.0
2023-05-17,55.242114194,55.449154486,55.679722083,54.748040771,9549054.0
2023-05-18,55.355045262,54.818622688,55.385442541,54.369627583,11296754.0
2023-05-19,55.580907399,55.646783855,56.681985314,55.496209097,16016627.0
2023-05-22,55.618551088,55.562085554,56.023220749,55.251525116,9445236.0
2023-05-23,56.136151817,56.164384584,56.758025566,55.759714923,9639209.0
2023-05-24,56.625519779,55.891467836,56.794916382,55.638784571,10665832.0
2023-05-25,55.157415893,55.34563434,55.613845627,54.837444533,10362940.0
2023-05-26,55.637372933,55.46797633,55.740893079,55.110361281,9946041.0
2023-05-30,54.686869775,55.138594048,55.336223418,54.489240406,12529436.0
2023-05-31,54.912731912,54.26337827,55.063306669,54.131625357,15280294.0
2023-06-01,54.291611037,54.696280698,55.566791015,54.136330818,10189832.0
2023-06-02,55.543263709,56.173795507,56.456123177,55.251525116,14473193.0
2023-06-05,57.208996965,55.900878759,57.208996965,55.891467836,8796524.0
2023-06-06,55.213881427,55.938522448,56.074980822,55.044484825,8616502.0
2023-06-07,56.211439196,56.503177789,57.124298664,56.173795507,9055604.0
2023-06-08,56.484299421,56.361589546,56.766532134,55.238322228,11015402.0
2023-06-09,56.389907209,55.993459921,56.700835154,55.785325094,7404291.0
2023-06-12,55.370471324,55.870750046,56.078412911,55.294957555,8323054.0
2023-06-13,56.248318892,55.474302757,56.739158392,55.464863536,11501269.0
2023-06-14,56.021777584,55.191126122,56.389907209,54.813557276,11289200.0
2023-06-15,55.210004564,55.143930016,55.710283286,55.058977026,10699707.0
2023-06-16,55.408228209,54.889071045,55.50262042,54.719165064,13741451.0
2023-06-20,54.889071045,54.020662698,54.889071045,53.680850736,12586120.0
2023-06-21,53.831878275,54.247204006,54.596455189,53.784682169,9013200.0
2023-06-22,53.732766453,53.350477996,53.916831265,53.341038775,10322006.0
2023-06-23,52.878516938,52.925713044,53.14281513,52.755807063,21395567.0
2023-06-26,53.001226813,54.039541141,54.322717775,52.954030707,11174939.0
2023-06-27,54.039541141,53.926270487,54.426549208,53.7091684,9013530.0
2023-06-28,54.020662698,54.237764785,54.648370905,53.586458525,8867352.0
2023-06-29,54.936267151,55.238322228,55.247761449,54.435988429,10982586.0
2023-06-30,55.691404844,55.50262042,56.116169796,55.41766743,11629496.0
2023-07-03,55.644208738,55.889628488,56.124004349,55.365751713,4541219.0
2023-07-05,56.163365902,55.587573411,56.238879671,55.361032103,8018826.0
2023-07-06,55.002341699,54.379353102,55.488461589,53.964027371,9776625.0
2023-07-07,54.256643227,55.323275218,55.899067709,54.190568679,11269991.0
2023-07-10,55.238322228,55.408228209,55.82355394,55.030659362,8200061.0
2023-07-11,55.625330295,57.154484123,57.425861732,55.540377305,14636224.0
2023-07-12,57.749155056,57.881304153,58.409900538,57.61700596,11581678.0
2023-07-13,58.088967018,57.994574807,58.43349859,57.626445181,9794193.0
2023-07-14,57.673641287,56.050095248,57.758594278,55.917946151,9845967.0
2023-07-17,55.785797055,55.965142257,56.182244344,55.66308718,6605764.0
2023-07-18,55.785797055,56.710840729,57.465978422,55.785797055,10918082.0
2023-07-19,56.918503594,56.786354498,57.329109715,56.588130854,7568315.0
2023-07-20,57.201680229,57.069531133,57.484856864,56.762756445,5714566.0
2023-07-21,57.192241008,57.333829325,57.53205297,56.824111383,6490017.0
2023-07-24,57.77747272,58.825226269,59.504850192,57.635884402,11877960.0
2023-07-25,58.853543932,59.854101375,60.38269776,58.50901236,10371728.0
2023-07-26,59.098963682,59.32550499,59.618120846,58.947936144,6860975.0
2023-07-27,59.797466048,58.381582874,59.844284585,58.117284682,7804860.0
2023-07-28,58.617563403,58.598684961,58.693077172,57.86242571,6214659.0
2023-07-31,59.042328355,59.589803183,59.688915005,58.947936144,9522701.0
2023-08-01,59.136720567,59.127281346,59.552046298,58.627002624,6613228.0
2023-08-02,58.485414307,58.02289247,58.655320288,57.277193998,11352635.0
2023-08-03,56.776915277,58.721394836,58.976253807,56.663644623,12139009.0
2023-08-04,59.089524461,59.957932808,60.906574534,59.014010692,14326815.0
2023-08-07,60.241109443,60.316623212,60.684752837,59.968315951,8879162.0
2023-08-08,59.467093308,60.175034895,60.311903601,58.938496923,7304597.0
2023-08-09,60.599799847,60.231670221,61.421012088,60.108960346,10757483.0
2023-08-10,60.363819318,60.156156452,60.986807914,59.703073837,7611121.0
2023-08-11,60.411015424,62.147832117,62.322457708,60.411015424,17115447.0
2023-08-14,61.864655482,61.458768972,62.110075232,60.816901933,7953311.0
2023-08-15,61.260545328,59.986250471,61.260545328,59.817288413,7857260.0
2023-08-16,60.29774477,59.042328355,60.694192058,58.99513225,7805724.0
2023-08-17,59.788026827,59.618120846,60.590360626,59.509569803,7862956.0
2023-08-18,58.966814586,60.477089972,60.62811751,58.947936144,7518556.0
2023-08-21,61.052882462,60.156156452,61.331339487,59.739981191,6809756.0
2023-08-22,60.156156452,59.382140317,60.264707496,59.349103043,5121881.0
2023-08-23,58.655320288,58.353265211,58.683637951,57.432469186,8758464.0
2023-08-24,57.919061037,57.909621816,58.579806518,57.626445181,6267144.0
2023-08-25,58.51373197,58.372143653,58.872422374,57.739715835,6790024.0
2023-08-28,58.683637951,58.749712499,59.297187327,58.419339759,4840307.0
2023-08-29,58.891300817,58.900740038,58.962094975,58.282471052,5509482.0
2023-08-30,59.089524461,59.117842125,59.429336423,58.91961848,4714476.0
2023-08-31,59.448214865,59.268869663,59.519009024,58.815787047,10915103.0
2023-09-01,60.090081904,60.94905103,61.208629612,59.939054366,9029470.0
2023-09-05,61.553161184,62.468765636,63.14838956,61.35493754,15600812.0
2023-09-06,62.17614978,61.892973146,62.770820714,61.317180655,8177792.0
2023-09-07,61.807786299,61.11682636,62.091742438,60.9937787,6617460.0
2023-09-08,61.52383016,61.788855889,62.233720508,61.353456476,6348928.0
2023-09-11,62.186394484,60.425866421,62.375698577,60.163396297,7917250.0
2023-09-12,61.050569928,62.877354423,62.929413049,61.012709109,11441838.0
2023-09-13,62.934145651,62.773237172,63.227566995,62.318907349,9142923.0
2023-09-14,63.36007986,63.700827227,64.046307196,63.237032199,9851250.0
2023-09-15,63.142380153,62.612328693,63.60617518,62.451420214,23147953.0
2023-09-18,63.539918748,62.773237172,63.549194648,61.971061079,7746761.0
2023-09-19,63.596709976,62.290511735,63.615640385,61.883507936,8154374.0
2023-09-20,61.874042731,60.813939812,62.432489805,60.795009402,6735520.0
2023-09-21,60.984313495,59.214320227,61.135378161,59.195389818,10259870.0
2023-09-22,59.782232506,59.52667198,60.179771101,59.214320227,7149549.0
2023-09-25,59.299507069,59.782232506,59.952606189,59.185924613,6233963.0
2023-09-26,59.176459409,59.772767301,60.208166715,59.148063795,6196263.0
2023-09-27,61.050569928,62.091742438,62.385163782,60.719287765,11679075.0
2023-09-28,61.665808229,62.356768168,62.811097991,61.627947411,9156750.0
2023-09-29,62.4230246,61.410247704,62.516256866,61.343991271,10063323.0
2023-10-02,61.52383016,58.968224907,61.590086592,58.386114821,10859859.0
2023-10-03,58.646407949,59.119668181,59.432019934,58.409777833,7765906.0
2023-10-04,58.229938945,56.829088658,58.286730173,56.16359012,15878836.0
2023-10-05,56.5072717,56.24224597,57.046788365,55.939359422,10277962.0
2023-10-06,56.601923747,58.116356489,58.622744937,56.5072717,12539412.0
2023-10-09,60.160840691,60.747683379,60.955917881,59.261646251,17276631.0
2023-10-10,60.520518468,60.558379286,60.936987472,60.124872914,7885621.0
2023-10-11,59.924210575,59.962071394,60.473192444,59.54560239,11481195.0
2023-10-12,60.350144784,59.839023734,60.473192444,59.365763502,8634633.0
2023-10-13,60.908591858,60.927522267,61.306130453,60.345601486,15382280.0
2023-10-16,61.135756769,61.874042731,62.011761459,60.700357356,8005631.0
2023-10-17,61.542760569,62.025486005,62.181661882,61.514364955,7290612.0
2023-10-18,62.214790098,62.943610856,63.369545064,62.214790098,8930455.0
2023-10-19,62.4230246,62.905750037,63.34114945,61.997090392,8545783.0
2023-10-20,62.725911149,61.694203843,63.170775767,61.604284399,8296664.0
2023-10-23,60.766613788,59.460415548,60.795009402,58.802583826,16032377.0
2023-10-24,59.801162915,59.185924613,59.914745371,58.982422714,7462974.0
2023-10-25,59.337367888,59.886349757,59.924210575,59.271111455,6676070.0
2023-10-26,59.555067594,59.886349757,60.264957942,59.223785432,8717533.0
2023-10-27,60.122979873,58.901968474,60.350144784,58.561221107,9197888.0
2023-10-30,58.826246837,58.371917014,59.356108993,58.078495671,7252613.0
2023-10-31,58.352986605,58.504429879,58.636942744,57.685689678,5572716.0
2023-11-01,58.826246837,58.078495671,59.13859859,58.021704443,6285062.0
2023-11-02,58.135286898,59.886349757,59.943140985,57.822935145,7404211.0
2023-11-03,59.602393618,59.640254436,60.047258236,58.883038065,8661696.0
2023-11-06,59.914745371,58.447638652,59.981001803,58.291462775,8165888.0
2023-11-07,57.586305029,56.980531932,57.747213508,56.810158249,13014695.0
2023-11-08,57.794539531,57.879726373,58.939829293,57.652561462,11345097.0
2023-11-09,58.229938945,57.340209709,58.589616721,57.321279299,7046624.0
2023-11-10,57.83240035,57.718817894,57.955353358,56.95223097,7616762.0
2023-11-13,57.822935145,58.315125787,58.352986605,57.595770234,6830593.0
2023-11-14,58.447638652,58.428708242,58.826246837,58.277264968,6766886.0
2023-11-15,58.371917014,58.021704443,58.89250327,58.012239238,6789560.0
2023-11-16,57.397000936,57.084649183,57.652561462,56.426817461,10976561.0
2023-11-17,57.595770234,57.699887485,58.277264968,57.316546697,9185996.0
2023-11-20,58.154217308,57.870261168,58.693733972,57.851330759,6138304.0
2023-11-21,57.614700643,57.501118188,57.870261168,57.094114388,6092568.0
2023-11-22,56.412619654,56.989997137,57.122510002,56.067139685,10587348.0
2023-11-24,56.79122784,56.942671114,57.586305029,56.781762635,4449192.0
2023-11-27,56.762832226,56.668180179,56.942671114,56.251711175,8319497.0
2023-11-28,56.668180179,56.848019067,57.167469724,56.431550063,6972784.0
2023-11-29,57.03732316,57.103579593,57.221894651,56.672912782,7542206.0
2023-11-30,57.368605323,55.986685445,57.472722574,55.85417258,15858666.0
2023-12-01,55.939359422,55.683798897,56.407887052,55.631740271,9722488.0
2023-12-04,55.305190711,54.765674047,55.560751236,54.666289398,11467604.0
2023-12-05,54.879256502,54.216692177,54.973908549,54.169366154,8243261.0
2023-12-06,53.857014401,53.459475806,54.245087791,53.317497737,12915457.0
2023-12-07,53.810808088,53.554430496,54.257095009,53.022684377,11624634.0
2023-12-08,54.076681148,53.62089876,54.076681148,53.487962231,8209016.0
2023-12-11,53.525944096,54.181131278,54.323468319,53.468971298,15273758.0
2023-12-12,53.668376092,52.747315852,53.85828542,52.339010796,23323183.0
2023-12-13,52.861261448,54.33305874,54.380536072,52.80428865,15845664.0
2023-12-14,55.833342432,55.795360566,56.6674242,55.719396835,19890333.0
2023-12-15,55.671919503,55.605451238,55.963335367,55.121277406,17700585.0
2023-12-18,56.678438941,55.99476536,56.868348269,55.99476536,9284671.0
2023-12-19,56.137197356,57.257662392,57.286148791,55.871324297,11375144.0
2023-12-20,57.457067186,57.134221328,57.974570105,57.048762131,11445009.0
2023-12-21,56.9727984,57.390598921,57.485553585,56.9727984,9862957.0
2023-12-22,58.245190897,57.741931178,58.814918881,57.637481048,10994163.0
2023-12-26,58.207209032,58.340145561,58.681982352,58.1597317,7126507.0
2023-12-27,58.406613826,57.960326905,58.560630291,57.855876775,5456390.0
2023-12-28,57.741931178,56.944312,57.903354107,56.925321068,7957802.0
2023-12-29,56.9727984,56.697429874,57.257662392,56.540754678,5926178.0
2024-01-02,57.143716795,57.020275732,57.865372241,56.873096002,7456179.0
2024-01-03,56.621466143,57.55202185,57.720471424,56.436304548,7269303.0
2024-01-04,57.770417577,56.137197356,57.969822372,56.013756293,9423316.0
2024-01-05,56.49802508,55.966278961,56.559745611,55.629189904,8016804.0
2024-01-08,55.04521872,55.330082712,55.339578179,54.428013404,10343480.0
2024-01-09,55.31109178,54.560949934,55.339578179,54.423265671,8531439.0
2024-01-10,54.513472602,53.934249152,54.541959001,53.810808088,10864195.0
2024-01-11,54.437508871,54.247599543,54.769850195,54.144763642,9455311.0
2024-01-12,55.31109178,55.130677918,55.681414969,54.5989318,11245966.0
2024-01-16,54.931273124,53.763330756,55.054714187,53.763330756,13323517.0
2024-01-17,53.212593705,53.3835121,53.810808088,53.14612544,9651221.0
2024-01-18,53.355025701,53.62089876,53.791817156,52.728324919,12283524.0
2024-01-19,53.393007567,53.573421428,53.573421428,53.003693444,9597273.0
2024-01-22,53.573421428,53.877276353,54.09567208,53.115739948,8047506.0
2024-01-23,53.658880626,53.867780887,54.272572619,53.658880626,6337459.0
2024-01-24,54.209617677,54.418517938,54.537211268,53.920005952,7615364.0
2024-01-25,54.83631846,55.083200586,55.130677918,54.076681148,9611691.0
2024-01-26,55.292100847,55.453523776,55.482010175,54.636913665,7102831.0
2024-01-29,55.406046444,55.28260538,55.472514708,54.70338193,7175765.0
2024-01-30,54.83631846,55.928297096,56.013756293,54.83631846,8337535.0
2024-01-31,55.823846965,54.665400064,55.89031523,54.655904598,8941945.0
2024-02-01,54.988245922,54.428013404,55.17815525,54.043447015,11277684.0
2024-02-02,54.371040606,54.162140345,54.646219222,53.867780887,8412426.0
2024-02-05,53.953240084,54.105167547,54.447004337,53.241080104,10196943.0
2024-02-06,54.494481669,54.665400064,55.458271509,54.266590476,9089078.0
2024-02-07,54.70338193,54.712877396,55.092696052,54.190626744,8044992.0
2024-02-08,54.855309392,55.121182452,55.353821378,54.651156865,7706500.0
2024-02-09,55.273109914,54.5704454,55.40557167,54.352049673,8114632.0
2024-02-12,54.627418199,55.102191519,55.543730706,54.5989318,8878229.0
2024-02-13,55.04521872,54.70338193,55.225632582,54.152644879,10324721.0
2024-02-14,54.883795792,54.409022472,55.382307778,54.181131278,12516621.0
2024-02-15,54.551454468,57.07724853,57.105734929,54.484986203,21966024.0
2024-02-16,57.333626123,57.466562652,57.80365171,57.048762131,13471990.0
2024-02-20,57.476058119,56.554997878,57.476058119,56.165683756,16896771.0
2024-02-21,56.564493344,57.41908532,57.476058119,56.336602151,10314298.0
2024-02-22,57.153212261,57.476058119,57.798903976,56.801880004,9369267.0
2024-02-23,56.9727984,56.991789332,57.186446394,56.450547748,7789933.0
2024-02-26,56.687934408,57.41908532,57.694453846,56.564493344,8510033.0
2024-02-27,57.855876775,57.542526384,57.912849573,57.134221328,7051794.0
2024-02-28,57.44757172,57.219680526,58.197713565,57.191194127,7838173.0
2024-02-29,57.390598921,57.55202185,57.80365171,57.029771198,7574390.0
2024-03-01,57.898606374,58.26418183,58.48732529,57.755889514,7662004.0
2024-03-04,58.444595692,57.618490115,58.530054889,57.485553585,6359330.0
2024-03-05,57.381103455,57.523535451,58.050533836,56.982293866,6543015.0
2024-03-06,58.207209032,58.007804237,58.558541288,57.68495838,7919105.0
2024-03-07,57.855327709,58.179340416,58.503257825,57.807678782,7403258.0
2024-03-08,58.055453205,57.941095779,58.369936126,57.798148996,5288313.0
2024-03-11,57.836268138,58.627240334,58.665359476,57.44078204,6760641.0
2024-03-12,58.541472265,58.265108485,58.585309278,57.990650663,7124948.0
2024-03-13,58.74159776,59.14184875,59.513510385,58.646299905,8672366.0
2024-03-14,59.275265747,59.637397596,59.86601715,59.199027463,7433691.0
2024-03-15,59.427742315,59.704106094,60.047178372,59.284795533,9782647.0
2024-03-18,59.951880517,60.228244296,60.447429363,59.365798709,6797645.0
2024-03-19,60.104357085,61.047805848,61.076395205,59.923291161,6956018.0
2024-03-20,60.942978208,60.79050164,61.076395205,60.623730394,6313550.0
2024-03-21,60.857210139,60.923918637,61.2765207,60.742852713,5371058.0
2024-03-22,60.990627136,60.809561211,61.257461129,60.542727217,4927691.0
2024-03-25,61.076395205,61.514765337,61.829248259,61.057335634,6921295.0
2024-03-26,61.591003621,60.342601722,61.65771212,60.314012366,6182668.0
2024-03-27,60.123416656,61.181222845,61.190752631,59.970940088,5725656.0
2024-03-28,61.629122763,61.934075899,62.067492896,61.333699413,7159609.0
2024-04-01,62.219969464,63.258716082,63.406427757,61.533824908,8035345.0
2024-04-02,63.592258574,64.097337205,64.97407747,63.35877883,11722069.0
2024-04-03,64.411820126,64.526177552,64.688183906,63.892446817,8505861.0
2024-04-04,64.526177552,64.449939268,64.935958328,64.059218063,7475681.0
2024-04-05,64.802541332,65.993764518,66.308247439,64.38323077,12365326.0
2024-04-08,65.755519881,65.498215672,65.94611559,64.754892404,7830359.0
2024-04-09,65.755519881,65.326679533,65.927056019,64.86924983,4833478.0
2024-04-10,65.050315754,65.698341168,66.232009155,64.955017899,8136342.0
2024-04-11,66.184360228,66.003294303,66.232009155,65.117024253,7078421.0
2024-04-12,66.651319717,65.765049666,67.83777801,65.488685887,14699515.0
2024-04-15,65.984234732,65.126554038,66.174830442,65.040785969,9248606.0
2024-04-16,64.659594549,63.678026644,64.852096216,62.550938914,12447987.0
2024-04-17,63.554139432,62.877524663,63.906741495,62.429624744,7053844.0
2024-04-18,62.972822517,62.934703375,63.258620784,62.553511956,7017512.0
2024-04-19,63.058590587,63.496960719,64.440409483,63.010941659,9794542.0
2024-04-22,63.001411874,63.849562783,64.407055234,62.782226808,6274043.0
2024-04-23,63.496960719,64.221224417,64.326052057,63.287400736,5385774.0
2024-04-24,63.944860637,64.164045704,64.345111628,63.611318145,5285794.0
2024-04-25,64.078277634,64.688183906,64.821600902,63.840032997,5316654.0
2024-04-26,64.745362619,64.592886051,64.81683601,63.782854284,5426855.0
2024-04-29,64.19263506,65.021726398,65.212322108,64.183105275,5439026.0
2024-04-30,64.964547685,63.03000123,64.964547685,63.001411874,7386147.0
2024-05-01,62.591631098,61.419467483,62.887054448,60.690438893,8663371.0
2024-05-02,61.724420618,61.619592978,62.305737533,61.104984561,5504572.0
2024-05-03,61.753009975,61.36228877,61.857837615,60.666614429,6771518.0
2024-05-06,61.76253976,61.962665255,62.686928953,61.753009975,8382865.0
2024-05-07,61.876897186,62.010314183,62.372446032,61.820671452,6266332.0
2024-05-08,60.933448423,60.685674,61.629027465,60.456959148,9079816.0
2024-05-09,60.780971855,61.219341987,61.524199825,60.609435716,4983474.0
2024-05-10,61.448056839,60.580846359,61.65771212,60.456959148,6540351.0
2024-05-13,60.771442069,59.951880517,60.914388852,59.565924205,6419779.0
2024-05-14,59.932820946,60.094827299,60.314012366,59.723165665,4711024.0
2024-05-15,59.942350732,60.399780435,60.561786788,59.098964716,6410733.0
2024-05-16,60.39025065,59.90423159,60.580846359,59.7660497,5313451.0
2024-05-17,60.018589016,60.428369792,60.561786788,59.718400773,6602590.0
2024-05-20,60.666614429,60.580846359,60.752382498,60.037648587,4840800.0
2024-05-21,60.437899577,60.371191079,61.057335634,60.209184725,4089545.0
2024-05-22,60.132946441,59.71363588,60.19965494,59.265735962,5747933.0
2024-05-23,59.913761375,59.046550896,60.137711334,58.770187116,6609158.0
2024-05-24,59.275265747,59.03702111,59.542099741,58.8464254,4616691.0
2024-05-28,59.361033817,59.284795533,59.894701804,58.927428577,6271932.0
2024-05-29,59.14184875,58.246048914,59.14184875,57.902976637,6714304.0
2024-05-30,58.122161703,58.331816984,58.65582969,58.055453205,3790466.0
2024-05-31,58.44617441,59.561159312,59.646927381,58.44617441,7976893.0
2024-06-03,59.294325318,57.721910712,59.313384889,57.359778864,7562919.0
2024-06-04,57.188242725,57.073885299,57.188242725,56.225734391,6910088.0
2024-06-05,57.321659722,57.026236372,57.321659722,56.654670035,4903049.0
2024-06-06,56.940468302,57.254951223,57.28354058,56.721283236,5026815.0
2024-06-07,56.997647015,56.683164094,57.436017148,56.535452419,6964194.0
2024-06-10,57.400551444,57.85011417,57.907505156,57.142292006,7826980.0
2024-06-11,57.76402769,57.974461307,58.088956324,57.352725622,4899118.0
2024-06-12,58.443154361,57.677941211,58.596196991,57.400551444,7426142.0
2024-06-13,57.687506375,57.199682992,57.76402769,56.797946088,9185116.0
2024-06-14,57.247508814,57.237943649,57.266639143,56.558816978,8611084.0
2024-06-17,57.276204307,57.582289567,57.754462526,56.893597732,7717187.0
2024-06-18,58.376198211,58.596196991,58.92141258,58.184894923,10427081.0
2024-06-20,59.22749784,59.724886388,60.222274936,58.765404749,11219721.0
2024-06-21,59.964015498,58.270981402,60.040536813,58.079678115,21295011.0
2024-06-24,58.710978964,60.499664703,60.882271278,58.663153142,10315116.0
2024-06-25,60.337056909,60.356187237,60.461404045,59.825320614,6212550.0
2024-06-26,60.260535594,60.136188457,60.337056909,59.409235964,5259339.0
2024-06-27,60.557055689,59.964015498,60.643142169,59.744112369,4730917.0
2024-06-28,60.451838881,60.289231087,60.66705508,60.040536813,8396987.0
2024-07-01,60.509229867,60.145753621,60.815315128,59.801407703,5321642.0
2024-07-02,60.681402826,59.648365073,60.757924141,59.131846197,6662979.0
2024-07-03,59.61966958,59.610104416,59.820538032,59.174889436,4119048.0
2024-07-05,59.638799909,59.103150704,59.677060566,58.782717697,4850650.0
2024-07-08,58.730109293,58.299676896,59.294453991,58.270981402,6330865.0
2024-07-09,57.869244499,58.366633046,58.883151923,57.783158019,5509438.0
2024-07-10,58.395328539,58.739674457,58.816195772,58.213590416,5217159.0
2024-07-11,58.510110512,58.806630608,59.064890046,58.168155885,5160215.0
2024-07-12,59.064890046,58.538806005,59.22749784,58.414458868,5098670.0
2024-07-15,58.902282252,59.304019156,59.85879869,58.404893704,8332416.0
2024-07-16,58.825760937,59.418801128,59.696190895,58.577066663,5007221.0
2024-07-17,59.782277375,60.404013059,60.710098319,59.763147046,7923800.0
2024-07-18,60.604881511,60.958792593,61.939221942,60.365752402,9040750.0
2024-07-19,60.796184799,60.38488273,61.255312689,59.638799909,10018681.0
2024-07-22,59.810972868,58.548371169,59.825320614,58.471849854,9944140.0
2024-07-23,58.567501498,57.783158019,58.567501498,57.362290786,8853099.0
2024-07-24,57.993591635,57.45794243,58.232720745,57.3048998,5568184.0
2024-07-25,57.237943649,57.897939992,58.395328539,57.180552663,5711697.0
2024-07-26,57.964896142,57.907505156,58.117938772,57.352725622,5189137.0
2024-07-29,58.050982622,57.563159238,58.146634266,56.989249376,6335322.0
2024-07-30,57.477072759,57.649245718,57.802288348,57.190117828,5804181.0
2024-07-31,58.529240841,58.175329759,58.682283471,58.15619943,5683145.0
2024-08-01,58.213590416,56.797946088,58.327798479,56.214471061,9600084.0
2024-08-02,56.070993595,55.162302979,56.23360139,53.99917899,16195896.0
2024-08-05,53.086662309,53.737093486,54.22491687,52.646664747,13395766.0
2024-08-06,54.014483253,53.689267664,54.167525883,53.594572537,8999055.0
2024-08-07,54.703175089,53.670137336,54.714940241,53.622311514,9894974.0
2024-08-08,54.999695185,55.984907116,56.730989937,54.617088609,13799520.0
2024-08-09,56.090123924,55.870125143,56.099689088,55.257954623,7596926.0
2024-08-12,56.290992376,56.415339513,56.53968665,55.769690917,6594432.0
2024-08-13,55.363171431,54.961434527,55.430127582,54.492741472,22503594.0
2024-08-14,55.22925913,54.464045979,55.22925913,54.177091048,18222249.0
2024-08-15,54.741435746,55.29621528,55.413197241,54.664914431,10305795.0
2024-08-16,54.923173869,55.104911993,55.334475938,54.770131239,8914689.0
2024-08-19,55.391866924,54.894478376,55.669256691,54.817957061,11056450.0
2024-08-20,54.865782883,53.727528322,54.875348048,53.708397993,14461103.0
2024-08-21,54.119700062,53.584050856,54.248829781,53.325791418,13709710.0
2024-08-22,53.622311514,53.660572171,54.052743911,53.474051466,8677016.0
2024-08-23,54.215351705,54.751000911,54.770035588,53.937961938,12116798.0
2024-08-26,55.611865705,54.875348048,55.927516129,54.741435746,11299571.0
2024-08-27,54.846652554,54.368394335,54.961434527,54.081439404,8436250.0
2024-08-28,54.081439404,54.311003349,54.44491565,53.794197518,7284362.0
2024-08-29,54.521436966,54.722305417,55.066651335,53.957092267,9452025.0
2024-08-30,54.559697623,54.502306637,54.626653774,53.91883161,9622330.0
2024-09-03,53.775354144,52.991010665,53.784919308,52.876228692,15361125.0
2024-09-04,52.991010665,52.254493007,53.330574,52.211449768,10359486.0
2024-09-05,52.656229911,51.403193378,52.665795076,51.269281076,14145177.0
2024-09-06,51.384063049,49.767550269,51.776234788,49.537986324,17188009.0
2024-09-09,49.882332241,49.911027734,50.475372433,49.796245762,11129121.0
2024-09-10,50.22801465,49.363504932,50.247225977,48.8447991,13685544.0
2024-09-11,49.478772894,48.662291493,49.478772894,47.937063896,16988538.0
2024-09-12,48.892827418,48.97927839,49.449955903,48.498995213,11900531.0
2024-09-13,49.180997324,49.036912371,49.7669428,48.940855736,12359220.0
2024-09-16,49.209814315,49.267448296,49.862999436,48.969672726,9625524.0
2024-09-17,49.257842633,50.007084389,50.079126865,49.190602988,11813992.0
2024-09-18,49.75781742,49.709308819,50.506578893,49.594040857,9013517.0
2024-09-19,50.554607211,49.978267398,50.641058182,49.856275471,10834365.0
2024-09-20,49.757337137,49.60364652,49.7669428,48.873616091,11379114.0
2024-09-23,49.805365454,50.179986332,50.785143135,49.60364652,9571974.0
2024-09-24,50.910016762,50.333676949,51.01567906,50.19919766,9206785.0
2024-09-25,49.872605099,49.104152016,50.295254295,49.017701044,11819985.0
2024-09-26,48.230036634,47.941866728,48.633474503,47.788176111,22350682.0
2024-09-27,48.153191326,49.017701044,49.137771838,48.076346017,15713890.0
2024-09-30,49.14257467,49.507589885,50.007084389,48.364515923,20330668.0
2024-10-01,49.209814315,51.15015835,51.649652854,48.921644409,27900433.0
2024-10-02,51.889794443,51.332665957,51.918611433,50.266437304,22803281.0
2024-10-03,51.419116929,52.629430535,52.725487171,51.13017857,17561464.0
2024-10-04,52.956023096,53.561179899,53.599506496,52.216387003,14421458.0
2024-10-07,53.772504496,53.705264852,54.262393337,53.465123263,16170053.0
2024-10-08,52.749501329,52.177964349,52.763909825,51.659258518,13771561.0
2024-10-09,51.678469845,51.77452648,52.206781339,51.44793392,8850050.0
2024-10-10,52.197175676,52.418105937,52.706275843,51.707286835,7234168.0
2024-10-11,52.206781339,52.600613545,53.061685394,52.091513377,9436822.0
2024-10-14,52.129936031,51.784132144,52.254809657,51.294243303,10175788.0
2024-10-15,50.612241192,49.526801212,50.612241192,49.497984221,14928787.0
2024-10-16,49.776548464,49.238631306,49.98307023,49.22422281,8507367.0
2024-10-17,49.229025642,49.680491828,49.718914483,49.070532194,7643960.0
2024-10-18,49.670886165,49.622857847,49.786154127,49.084940689,9433698.0
2024-10-21,49.997478725,49.776548464,50.276042968,49.469167231,8892324.0
2024-10-22,50.083929697,50.045507043,50.533282637,49.882210763,7730820.0
2024-10-23,49.949450408,49.296265287,50.035901379,49.123363343,8185544.0
2024-10-24,49.30587095,49.325082277,49.642069174,49.180997324,8926537.0
2024-10-25,49.60364652,49.546012539,49.795759791,49.176194493,8825258.0
2024-10-28,48.508600877,48.633474503,48.921644409,48.345304596,11747684.0
2024-10-29,48.585446185,48.105163008,48.700714147,47.989895045,8425615.0
2024-10-30,48.345304596,48.19161398,48.474981054,47.961078055,7022522.0
2024-10-31,48.350107428,48.133979998,48.633474503,47.701725139,10964060.0
2024-11-01,48.508600877,47.615274167,48.602160039,47.557640186,13267235.0
2024-11-04,47.922655401,48.566234858,48.667094325,47.903444073,9668465.0
2024-11-05,48.700714147,48.412544241,48.700714147,48.085951681,7997904.0
2024-11-06,49.152180334,49.363504932,49.920633417,48.81598211,20203729.0
2024-11-07,49.449955903,49.190602988,49.545532256,48.96016312,12328151.0
2024-11-08,49.008095381,48.537417867,49.017701044,47.961078055,13729906.0
2024-11-11,48.321290437,48.806376446,49.056123698,47.961078055,10675983.0
2024-11-12,49.084940689,48.306881942,49.296265287,48.287670615,12197449.0
2024-11-13,48.758348129,49.104152016,49.449955903,46.51062286,24172206.0
2024-11-14,49.642069174,48.671897157,50.237620314,48.037923363,13340725.0
2024-11-15,48.479783886,47.999500709,48.604657512,47.749753457,15043328.0
2024-11-18,48.345304596,48.902433082,49.243434137,48.172402653,12004843.0
2024-11-19,48.676699988,48.508600877,48.940855736,48.114768671,8065513.0
2024-11-20,48.508600877,48.902433082,48.960067063,48.35491026,7554093.0
2024-11-21,48.988884054,49.507589885,49.7669428,48.883221755,8156055.0
2024-11-22,49.661280501,49.882210763,50.074324034,49.30587095,7431813.0
2024-11-25,49.882210763,48.450966895,49.978267398,48.345304596,13813046.0
2024-11-26,48.210825307,47.884232746,48.364515923,47.557640186,12284564.0
2024-11-27,48.018712036,48.335698933,48.691108484,47.961078055,6828027.0
2024-11-29,48.412544241,48.585446185,48.767953792,48.364515923,3820275.0
2024-12-02,48.65268583,48.431755568,48.960067063,47.980289382,8008074.0
2024-12-03,48.864010427,48.412544241,48.883221755,48.066740354,6351349.0
2024-12-04,48.393332914,46.97169471,48.431755568,46.779581439,14729163.0
2024-12-05,47.163807981,46.568256841,47.259864616,46.539439851,9937755.0
2024-12-06,46.549045514,45.665324469,46.549045514,45.338731908,16583822.0
2024-12-09,46.107184992,46.798792766,47.207033467,45.982311365,12216264.0
2024-12-10,46.991777518,46.364577202,47.146165288,45.911063127,10053961.0
2024-12-11,46.490017265,46.769845098,46.933882104,46.25843561,9617308.0
2024-12-12,46.625106564,46.4996665,46.818091276,46.219838667,7557726.0
2024-12-13,46.441771087,45.968958541,46.441771087,45.766324593,10414890.0
2024-12-16,45.640884529,44.965438035,45.853071221,44.782102558,14145517.0
2024-12-17,44.569819374,44.926841093,44.936490328,44.183849949,16866558.0
2024-12-18,44.685610202,44.405782369,45.534742937,44.203148421,16405632.0
2024-12-19,44.666311731,43.768932817,45.023333449,43.58559734,18592074.0
2024-12-20,44.627714788,45.476847524,46.316331024,44.043936033,29108344.0
2024-12-23,46.316331024,46.161943253,46.316331024,45.158422748,16857599.0
2024-12-24,46.287383317,46.432121851,46.740897391,45.631235294,5786870.0
2024-12-26,46.461069558,46.509315736,46.982128282,45.824220006,11254646.0
2024-12-27,46.509315736,46.856688219,47.329404272,46.34527873,11712095.0
2024-12-30,47.175112995,46.760195862,47.319851529,46.615457328,10123489.0
2024-12-31,46.847038983,47.676873247,47.937402609,46.779494334,10556393.0
2025-01-02,48.342670506,48.062842673,49.036933009,47.831261017,11808248.0
2025-01-03,48.255827385,48.738289167,48.776886109,47.908454902,10633345.0
2025-01-06,49.519877253,48.989169293,50.031286741,48.825132287,10215482.0
2025-01-07,49.201452477,49.741809672,50.108480626,48.883027701,9785295.0
2025-01-08,49.211101713,49.394437189,49.461981839,48.825132287,7460472.0
2025-01-10,50.369009988,49.500578781,50.697084,49.404086425,10917154.0
2025-01-13,49.732160437,50.832173298,51.333933551,49.645317316,13921629.0
2025-01-14,50.600591643,50.253219161,50.986561068,50.040935977,8000303.0
2025-01-15,50.388308459,50.85147177,50.928665655,49.905846678,11068303.0
2025-01-16,50.465502344,50.465502344,50.928665655,50.113305244,6188123.0
2025-01-17,50.32076381,50.147077569,50.513748523,49.954092856,7852680.0
2025-01-21,49.645317316,48.776886109,49.780406615,48.477759805,13416682.0
2025-01-22,48.632147575,48.439162862,49.085661649,48.197931971,9095238.0
2025-01-23,48.632147575,48.574252161,49.442683368,48.371618213,8269151.0
2025-01-24,48.680393753,47.56108242,49.008467764,47.474239299,12603818.0
2025-01-27,47.483888535,47.821611782,48.255827385,47.305377676,9337355.0
2025-01-28,48.043544201,47.281254587,48.140036558,46.991777518,7280625.0
2025-01-29,47.03037446,47.117217581,47.474239299,46.87598669,5732780.0
2025-01-30,47.257131497,47.204060701,47.435642357,46.856688219,6061116.0
2025-01-31,46.4996665,45.013684213,46.518964972,44.965438035,18133610.0
2025-02-03,45.119825805,44.743505616,45.129475041,44.328588484,13459520.0
2025-02-04,44.511923961,45.920712363,46.075100133,44.42508084,10976867.0
2025-02-05,45.853167713,45.698779943,45.853167713,45.322459754,8233247.0
2025-02-06,46.171592489,45.332108989,46.229487903,45.071579627,9155670.0
2025-02-07,45.351407461,45.139124277,45.428601346,45.004034978,6735541.0
2025-02-10,45.447899817,46.683001977,46.837389748,45.447899817,11064898.0
2025-02-11,47.011075989,46.904934397,47.590030127,46.827740512,8143072.0
2025-02-12,47.310202293,46.152294018,47.319851529,45.920712363,10600443.0
2025-02-13,46.306681788,46.200540196,46.470718794,45.99269566,8550079.0
2025-02-14,46.538263443,46.374226437,47.365781891,46.325980259,10436054.0
2025-02-18,47.146165288,47.126866816,47.416343885,46.229487903,15377520.0
2025-02-19,47.763716368,49.201452477,50.340062281,47.570731655,27240598.0
2025-02-20,49.375138718,50.262868396,50.735680942,48.718990695,14179369.0
2025-02-21,49.983040563,48.651446046,50.16637604,48.617673721,13892939.0
2025-02-24,48.313722799,48.111088851,48.632147575,47.763716368,11141716.0
2025-02-25,48.062842673,47.175112995,48.207581207,46.866337454,11145328.0
2025-02-26,47.300553058,46.847038983,47.474239299,46.56721115,7218786.0
2025-02-27,47.18476223,46.943531339,47.696171719,46.644405035,10408426.0
2025-02-28,46.779494334,47.126866816,47.213709937,46.075100133,12687888.0
2025-03-03,47.425993121,44.820699501,47.667224012,44.256219216,24994053.0
2025-03-04,44.618065553,44.897893386,45.756675357,43.633843518,15597960.0
2025-03-05,44.386483898,43.913671352,44.444379311,43.132083266,18198659.0
2025-03-06,43.566298869,44.106656064,44.492625489,43.334717214,10782874.0
2025-03-07,44.724207145,45.582989116,45.824220006,44.57946861,11347781.0
2025-03-10,45.679974234,45.93213545,46.252186225,45.243541359,12525934.0
2025-03-11,46.058216059,44.884696551,46.533442967,44.710123401,11418719.0
2025-03-12,44.874998042,44.710123401,45.185350309,44.404620388,8700007.0
2025-03-13,44.419168151,44.079720359,45.231903149,43.604493451,11483309.0
2025-03-14,44.370675609,45.127159259,45.311430917,44.234993478,12177350.0
2025-03-17,45.127159259,45.835150367,46.077613075,45.107762242,10750940.0
2025-03-18,46.261884734,46.213392192,46.407362359,45.515099592,8347383.0
2025-03-19,46.126105617,46.51404595,47.013519129,46.126105617,9812668.0
2025-03-20,46.193995175,46.51404595,46.708016117,45.747863792,9062264.0
2025-03-21,46.290980259,46.494648934,46.678920592,46.082462329,23304423.0
2025-03-24,46.184296667,46.475251917,47.086257942,46.126105617,10159535.0
2025-03-25,46.901986283,47.532389325,47.803947558,46.814699708,11109250.0
2025-03-26,48.02701325,48.250078941,48.948371541,47.789399796,11294883.0
2025-03-27,48.104601316,48.017314741,48.657416291,47.542087833,10818036.0
2025-03-28,47.978520708,47.357816175,47.997917725,46.775905675,7897846.0
2025-03-31,46.950478825,47.871837116,48.27791366,46.950478825,8510537.0
2025-04-01,47.639072916,47.706962475,47.857289354,47.134750483,5909184.0
2025-04-02,47.222037058,47.842741591,47.871837116,47.144448992,6164727.0
2025-04-03,45.098063734,42.576451568,45.636330946,42.460069468,24998799.0
2025-04-04,41.131373827,39.317752769,41.499917144,38.406092986,44692206.0
2025-04-07,37.756292928,37.581719778,39.579515509,36.534280879,26817826.0
2025-04-08,38.50307807,35.021313579,38.624309424,34.284226946,24882071.0
2025-04-09,34.468498604,39.017099011,39.589311003,33.736261225,40101195.0
2025-04-10,37.494433203,35.370459879,37.51383022,34.744906092,26434133.0
2025-04-11,35.515937504,36.534280879,36.800989858,34.589729958,17827080.0
2025-04-14,37.533227237,36.75734657,37.601116795,36.277270408,12666749.0
2025-04-15,36.505185354,36.660361487,37.463397977,36.480939083,9350335.0
2025-04-16,36.854331654,37.290764528,38.090891466,36.830085383,11399444.0
2025-04-17,37.775689945,38.512776578,39.36469355,37.68898528,13297471.0
2025-04-21,37.92116757,37.843579503,37.92116757,37.203477953,8489087.0
2025-04-22,38.406092986,38.764937795,39.152878128,38.047345163,7442120.0
2025-04-23,39.472928903,38.629158678,39.831773711,38.299409395,10980014.0
2025-04-24,38.837676607,39.152878128,39.405039344,38.629158678,7860621.0
2025-04-25,38.745540778,39.143179619,39.220767686,38.580666136,6409349.0
2025-04-28,39.026797519,39.288657244,39.599009511,38.963757215,5504046.0
2025-04-29,38.687349728,39.133481111,39.322602023,38.609761661,6906813.0
2025-04-30,38.44488702,38.221821328,38.459434782,37.69965364,11058010.0
2025-05-01,38.129685499,39.220767686,39.589311003,38.047248178,10678163.0
2025-05-02,39.666899069,39.385642328,39.919060286,38.551570611,10594792.0
2025-05-05,38.50307807,37.639910828,38.512776578,37.581719778,15394617.0
2025-05-06,38.124836245,38.09574072,38.653404949,37.795086962,9333604.0
2025-05-07,38.299409395,37.833880995,38.330056681,37.547774999,12673146.0
2025-05-08,38.871621386,40.190618519,40.588257361,38.454585528,22520541.0
2025-05-09,40.704639461,40.888911119,41.058635015,40.190618519,11651259.0
2025-05-12,42.789818751,42.537657535,43.575397926,42.39217991,17874190.0
2025-05-13,42.615245602,43.051678476,43.337784472,42.358235131,12907891.0
2025-05-14,42.557054552,42.498863502,42.731627701,42.290345572,8668092.0
2025-05-15,41.708435073,42.062430627,42.10122466,41.116826065,10017111.0
2025-05-16,42.343687368,41.742379852,42.475102156,41.368987281,7578976.0
2025-05-19,41.247755927,41.034388744,41.267152944,40.62220214,8309818.0
2025-05-20,41.034388744,40.636749902,41.082881285,40.462176752,5922230.0
2025-05-21,40.675543936,39.889964761,40.675543936,39.86571849,11243006.0
2025-05-22,39.594160257,39.841472219,40.083934927,38.944360199,8588484.0
2025-05-23,39.356546803,40.045140894,40.166372248,39.191672161,6511722.0
2025-05-27,40.248809569,40.365191669,40.394287194,39.822075202,7682357.0
2025-05-28,40.568860344,39.880266252,40.782227527,39.812376694,6722317.0
2025-05-29,40.142125977,40.210015536,40.258508077,39.651963366,5928851.0
2025-05-30,39.822075202,39.550516969,39.909361777,39.28380799,8919917.0
2025-06-02,40.530066311,40.190618519,40.767679765,39.763884153,8003732.0
2025-06-03,40.234261807,41.40293206,41.732681343,39.725090119,12204363.0
2025-06-04,41.373836535,40.646448411,41.916953002,40.452478244,11577597.0
2025-06-05,41.000443965,40.559161836,41.044087252,40.444234512,7026625.0
2025-06-06,40.859815594,41.257454435,41.543560431,40.859815594,6850087.0
2025-06-09,41.703585819,41.936350018,42.309742589,41.427178331,9766707.0
2025-06-10,42.365466161,42.82384022,43.321224836,42.238681847,9153382.0
2025-06-11,43.272461638,43.730835697,43.852743691,42.755571743,9400328.0
2025-06-12,43.365111714,43.652814581,43.66256722,42.963888123,9681767.0
2025-06-13,45.408289698,45.301010663,45.486310814,44.462283662,23657354.0
2025-06-16,44.94503932,44.208715034,45.422918657,43.740588336,19689022.0
2025-06-17,44.842636604,44.842636604,45.554579291,44.29648879,16066826.0
2025-06-18,45.115710512,44.228220313,45.647424419,44.013662244,15678165.0
2025-06-20,44.433025744,44.501294221,44.760129274,44.237972953,23635516.0
2025-06-23,45.730126803,42.862850778,46.159145416,42.521508394,27895527.0
2025-06-24,41.575502359,41.429212765,42.472745196,41.11225198,20545113.0
2025-06-25,41.375573248,41.370696928,41.775431469,41.068365102,13625457.0
2025-06-26,41.448718045,42.092392254,42.17041337,41.317154937,11948973.0
2025-06-27,42.228929208,41.54624444,42.238584321,41.282923172,20706994.0
2025-06-30,41.34143901,40.970838707,41.390202207,40.887941271,9624080.0
2025-07-01,41.024478225,41.799813068,42.17041337,40.619743684,10608101.0
2025-07-02,42.355713522,42.843345499,42.940871894,41.712039312,8795835.0
2025-07-03,42.667797987,42.716561185,42.970129813,42.570271592,4579235.0
2025-07-07,42.433734638,42.277692405,43.077408848,41.73183717,12454543.0
2025-07-08,42.287445045,44.618325895,44.735357569,42.238681847,15728961.0
2025-07-09,44.452531023,44.442778383,44.71585229,44.111188639,8685266.0
2025-07-10,44.169704476,44.71585229,44.808502366,43.623264083,7672488.0
2025-07-11,44.559810058,45.164473709,45.291258023,44.481788941,7604573.0
2025-07-14,44.818255006,43.955146406,44.818255006,43.487019708,10955088.0
2025-07-15,43.828362092,41.634018196,44.023414883,41.429212765,29967088.0
2025-07-16,41.838823626,41.575502359,41.994865859,41.01160474,13669014.0
2025-07-17,41.521862841,42.472745196,42.541013673,41.312181091,11308162.0
2025-07-18,42.940871894,42.541013673,43.44313283,42.18504233,11723917.0
2025-07-21,42.667797987,41.936350022,42.81408758,41.892463144,7429430.0
2025-07-22,42.082639615,42.482497836,42.745819103,41.97536058,7747711.0
2025-07-23,42.697055906,43.340730115,43.379740673,42.458116237,7440812.0
2025-07-24,43.23345108,43.526030267,43.769846255,42.994511412,7445067.0
2025-07-25,43.565040825,43.604051383,43.87712529,43.194440522,5640803.0
2025-07-28,43.984404325,44.423273104,44.481788941,43.911259528,7675642.0
2025-07-29,44.29161247,44.335499348,44.51104686,43.520861368,12012532.0
2025-07-30,44.003909604,43.311472197,44.111188639,42.950624534,7880396.0
2025-07-31,42.833592859,42.853098138,43.691825139,42.755571743,8419308.0
2025-08-01,42.511755754,42.336208243,42.643416388,41.477975963,14411582.0
2025-08-04,41.780307789,41.799813068,42.414229359,41.575502359,13041685.0
2025-08-05,41.926597382,42.014371138,42.063134336,41.395078527,7979618.0
2025-08-06,42.238681847,41.487728603,42.740942784,41.268294213,14901382.0
2025-08-07,42.81408758,42.511755754,44.013662244,42.443487278,19232383.0
2025-08-08,42.628787429,43.223698441,43.750340976,42.38497144,13395662.0
2025-08-11,43.252956359,42.628787429,43.350482755,42.541013673,8904141.0
2025-08-12,42.784829661,43.057903569,43.633309301,42.550766313,8264552.0
2025-08-13,42.950624534,43.643061941,43.677196179,42.794582301,8117371.0
2025-08-14,43.516277627,43.66256722,43.730835697,42.892108696,6943657.0
2025-08-15,43.584546104,43.506524987,43.950270087,43.2383274,8764760.0
2025-08-18,42.892108696,43.116419406,43.516277627,42.58626592,8605518.0
2025-08-19,42.960377173,42.872603417,43.555288185,42.623911109,7332533.0
2025-08-20,42.862850778,43.174935243,43.316348516,42.541013673,8073902.0
2025-08-21,43.03839829,43.45776179,43.799104174,42.726313824,6643792.0
2025-08-22,43.711330418,44.696347011,44.881647163,43.652814581,11276760.0
2025-08-25,44.598820616,45.252247465,45.335144901,44.413520465,8649160.0
2025-08-26,44.910905081,44.901152442,45.227865866,44.413520465,8983782.0
2025-08-27,44.813378686,45.710621523,45.959313832,44.735357569,8590743.0
2025-08-28,45.817900558,46.334790454,46.42256421,45.432671297,7998624.0
2025-08-29,46.373801012,46.432316849,46.84192771,46.261645657,5796567.0
2025-09-02,46.276274617,46.861432989,46.915072507,45.895921675,7540141.0
2025-09-03,46.461574768,45.15472107,46.890690908,44.910905081,9513100.0
2025-09-04,45.15472107,45.457052895,45.637866833,43.88687793,7596309.0
2025-09-05,45.096205232,44.774368128,45.096205232,44.111188639,9840623.0
2025-09-08,45.008431477,44.257478232,45.081576273,43.66256722,7573718.0
2025-09-09,44.608573255,44.023414883,45.14009211,43.994156964,6085779.0
2025-09-10,44.248924618,45.405887415,45.405887415,44.101853076,7474738.0
2025-09-11,44.807796477,45.1215491,45.356863568,44.699944013,5064687.0
2025-09-12,45.356863568,44.778382169,45.641201882,44.763675015,5328082.0
2025-09-15,44.964672789,44.58228678,45.03820856,44.302360611,5727361.0
2025-09-16,44.886234633,46.827578988,46.945236222,44.807796477,13816546.0
2025-09-17,46.41577867,46.268707128,47.053088686,46.033392661,8920105.0
2025-09-18,46.151049895,46.435388209,46.660897907,45.837297272,8438063.0
2025-09-19,46.435388209,45.199987256,46.435388209,45.082330023,14274585.0
2025-09-22,44.856820325,44.866625094,45.351961183,44.552872471,9758174.0
2025-09-23,45.209792026,45.513739879,46.312828591,45.097037177,8996749.0
2025-09-24,45.984368814,45.974564044,46.528631567,45.739249577,7333508.0
2025-09-25,45.749054347,46.072611739,46.283414283,45.552958957,7482261.0
2025-09-26,46.288316667,46.543240674,47.567839083,46.160854664,10208712.0
2025-09-29,47.308012692,47.16094115,47.925713169,46.754043217,18526885.0
2025-09-30,46.513826365,46.327535745,48.484585029,45.533349418,16686206.0
2025-10-01,46.528533519,46.78835991,47.053088686,46.204976127,9794106.0
2025-10-02,46.925626683,43.366495365,46.9844553,42.984109356,44032949.0
2025-10-03,44.092048306,43.974391072,44.445020007,43.699857527,17360502.0
2025-10-06,44.121462615,44.513653393,45.082330023,43.778295683,13261355.0
2025-10-07,44.366581851,44.445020007,44.523458163,43.93026961,8613801.0
2025-10-08,44.484239085,44.160681692,44.57248201,43.788100453,7592587.0
2025-10-09,44.474434315,43.65083368,44.850545272,43.533176446,12263657.0
2025-10-10,43.258642901,41.327103316,43.263545286,41.327103316,17095076.0
2025-10-13,42.033046717,41.591832091,42.033046717,41.306709395,8521487.0
2025-10-14,41.121203157,41.454565319,41.697919697,40.709402839,9011843.0
2025-10-15,41.670270247,41.06237454,41.738903633,40.827060073,8304434.0
2025-10-16,41.170227004,40.238773904,41.267980556,39.719121122,10736380.0
2025-10-17,40.003459437,40.101507132,40.268188213,39.728925892,9536635.0
2025-10-20,40.160335749,40.228969135,40.650574222,40.042678515,8810963.0
2025-10-21,40.199554827,40.111311901,40.537819373,39.822071202,8563785.0
2025-10-22,40.415259755,40.915302998,41.037862616,40.101507132,11053045.0
2025-10-23,42.297775493,42.042851487,42.50161665,41.885975175,13814633.0
2025-10-24,42.160508721,41.738903633,42.332092186,41.699684555,7213344.0
2025-10-27,42.013437178,41.474174858,42.121191595,41.287884238,7546353.0
2025-10-28,41.180031774,40.032873746,41.287884238,40.013264207,13300101.0
2025-10-29,40.003459437,39.787754509,40.31721206,39.680882522,10870057.0
2025-10-30,39.532830503,39.905411742,40.523112219,39.311438808,9556041.0
2025-10-31,40.003459437,40.395650216,40.542721758,39.856387895,7211588.0
2025-11-03,40.248578674,40.121116671,40.297602521,39.532830503,7293360.0
2025-11-04,39.434782808,39.297516035,39.503416194,38.973958643,7720904.0
2025-11-05,39.297516035,38.973958643,39.635780582,38.973958643,8251322.0
2025-11-06,39.21907788,39.513220964,39.885802203,39.052396799,9987553.0
2025-11-07,39.621073428,40.50350268,40.51330745,39.523025733,10788461.0
2025-11-10,40.807450534,40.983936384,41.003545923,40.086799978,11909221.0
2025-11-11,41.591832091,41.032960231,42.572309038,40.983936384,18086686.0
2025-11-12,40.542721758,41.111398387,41.322200931,40.532916988,10927179.0
2025-11-13,41.336908085,41.199641312,41.621148352,40.851571996,8678794.0
2025-11-14,41.204543697,41.925194253,42.243849261,41.101593618,8617291.0
2025-11-17,41.709489325,40.87608392,41.836951328,40.802548149,8093918.0
2025-11-18,40.6897933,41.689879786,41.827146559,40.395650216,7963240.0
2025-11-19,40.724109993,40.640769453,40.949619691,40.137882827,7098155.0
2025-11-20,40.954522076,40.405454985,41.778122711,40.366235907,9657720.0
2025-11-21,40.209359596,40.630964683,40.724109993,39.611268658,9210583.0
2025-11-24,40.591745605,40.621159914,40.787840995,39.826973587,8834372.0
2025-11-25,40.405454985,40.601550375,40.719207608,40.052483284,7738532.0
2025-11-26,40.581940836,40.611355144,41.189836543,40.523112219,7116381.0
2025-11-28,40.611355144,41.180031774,41.503589166,40.581940836,4155459.0
2025-12-01,41.013350693,41.513393935,41.905584714,40.96922923,7506296.0
2025-12-02,41.405541471,41.160422235,41.405541471,40.601550375,7984707.0
2025-12-03,41.464370088,41.6212464,42.062461026,41.43495578,7062942.0
2025-12-04,41.670270247,41.836951328,41.89087756,41.474174858,4929852.0
2025-12-05,41.729098864,41.601636861,42.361506495,41.562417783,10015025.0
2025-12-08,41.032960231,40.552526527,41.287884238,40.385845446,12415617.0
2025-12-09,40.346626369,40.738817147,40.95942446,40.238773904,7143519.0
2025-12-10,40.916328391,41.172733438,41.202318635,40.595822083,9376793.0
2025-12-11,40.531720821,40.630338147,41.064254379,40.33448617,8317150.0
2025-12-12,40.778264135,40.502135623,40.947885935,40.344347902,6832740.0
2025-12-15,40.452826961,39.634303158,40.472550426,39.215179524,11340887.0
2025-12-16,39.239833856,38.381863123,39.279280786,38.263522332,13132414.0
2025-12-17,38.766470693,40.068219391,40.314762705,38.71716203,13941371.0
2025-12-18,39.979463798,39.18066346,39.979463798,38.988359675,9025714.0
2025-12-19,39.200386926,39.072184402,39.673750088,39.022875739,14408162.0
2025-12-22,39.358174646,39.713197019,39.910530287,39.279280786,10171964.0
2025-12-23,39.742782216,39.545547565,39.880846472,39.165870862,7796413.0
2025-12-24,39.545547565,39.44693024,39.673750088,39.387759844,3613582.0
2025-12-26,39.318727716,39.299004251,39.481446303,38.904534949,6111642.0
2025-12-29,39.535685833,39.851261274,39.87098474,39.343382048,10977356.0
2025-12-30,39.940016868,40.886743193,41.044530914,39.890708205,10912677.0
2025-12-31,40.886743193,40.551444286,40.926190124,40.424721023,6963236.0
2026-01-02,40.669785077,41.794022589,42.144114095,40.457757827,10798320.0
2026-01-05,42.444896938,40.659923344,42.602684659,39.826606943,20512303.0
2026-01-06,40.7979876,41.162871705,41.6460966,40.67964681,14049441.0
2026-01-07,40.83743453,40.423241763,41.106363977,40.165357456,10700801.0
2026-01-08,40.610614682,42.632269856,43.085909554,40.457757827,15670684.0
2026-01-09,42.997153961,42.267385752,43.253559008,42.090860739,10168011.0
2026-01-12,42.405450008,42.129321496,42.543514263,41.665820066,8081774.0
2026-01-13,42.740748915,42.711163717,43.539549252,42.454857288,14046379.0
2026-01-14,42.898536636,43.707198705,44.486275578,42.849227973,14345716.0
2026-01-15,42.928121833,42.573099461,43.30286767,42.208215356,14135360.0
2026-01-16,42.474482135,42.109598031,42.721025449,42.040565903,11064151.0
2026-01-20,42.178630159,41.655958333,42.33641788,41.471839786,9322322.0
2026-01-21,42.12439063,42.908398368,43.333241807,42.12439063,9276357.0
2026-01-22,42.538583397,42.553375996,42.730887182,41.764437391,8623186.0
2026-01-23,43.18452688,43.490240589,43.864986426,43.085909554,11408175.0
2026-01-26,44.03263588,43.312729403,44.169023641,43.007015694,10221667.0
2026-01-27,43.450793659,43.934018554,43.983327217,43.224959983,9205750.0
2026-01-28,44.37779652,44.210147066,44.550376839,43.776230833,9806248.0
2026-01-29,45.521757496,44.791989287,46.300834369,44.681537882,17850753.0
2026-01-30,44.614478101,44.762404089,44.870883148,43.721991304,11482362.0
2026-02-02,43.253559008,43.194388612,43.884709892,43.046462624,12146710.0
2026-02-03,43.376830665,44.634201566,44.741299982,42.711163717,11361418.0
2026-02-04,44.653925031,46.044429322,46.128254049,44.653925031,18471848.0
2026-02-05,45.117426462,44.466552113,45.403416706,43.904433357,11951456.0
2026-02-06,44.259455729,45.669683485,45.758439078,44.229870531,8746381.0
2026-02-09,45.61051309,46.014844124,46.159811593,45.334384578,6827824.0
2026-02-10,46.083876252,45.630236555,46.083876252,45.423140171,8482444.0
2026-02-11,46.350143032,46.586824613,47.030602578,46.182493578,11948482.0
2026-02-12,46.350143032,44.861021415,46.399451694,44.239732264,12430690.0
2026-02-13,44.673648496,45.433001903,45.881710735,44.644063299,8621486.0
2026-02-17,45.620374822,45.30479938,46.113362833,44.436966915,8315527.0
2026-02-18,45.896503334,46.45862209,46.774197532,45.615443956,14138668.0
2026-02-19,49.067050352,50.817507881,51.493036562,48.933916962,35384019.0
2026-02-20,50.709028823,51.123221591,51.483174829,49.900366753,16536751.0
2026-02-23,51.527552626,51.705063812,52.592619742,51.290871044,13782715.0
2026-02-24,51.611377352,51.231700649,51.764234207,50.363868183,9470811.0
2026-02-25,51.330317974,50.23566566,51.419073567,49.900366753,8689311.0
2026-02-26,49.604514776,50.718890556,51.25635498,49.121289881,11334400.0
2026-02-27,51.951607126,52.346076428,52.498933283,51.152806788,13123222.0
2026-03-02,55.561001243,53.460452207,55.561001243,52.582758009,32590381.0
2026-03-03,54.259252545,52.937780382,54.525519324,52.336214695,24194515.0
2026-03-04,51.650824283,52.868748254,53.105429835,51.645893416,15074307.0
2026-03-05,53.253355824,52.503864149,53.845059777,52.424970288,17679540.0
2026-03-06,53.450590475,53.440728742,54.407178533,52.558103678,30455692.0
2026-03-09,53.677410324,54.259252545,55.314457929,53.332249684,33141003.0
2026-03-10,52.763060593,52.634249365,53.506202292,51.574033875,24601510.0
2026-03-11,53.010774493,55.071754136,55.091571248,52.901780377,21062518.0
2026-03-12,56.280597966,57.875875479,58.609108621,55.904072839,39396641.0
2026-03-13,57.172368004,57.350722012,57.796607031,56.538220421,16303327.0
2026-03-16,56.810705711,56.726482985,57.45476185,56.191420962,15133131.0
2026-03-17,56.974196885,57.202093672,57.727247139,56.76809892,13180488.0
2026-03-18,57.707430027,57.846149811,58.282126274,57.415127626,16104993.0
2026-03-19,58.386166112,59.035176528,60.174660466,58.321760498,24790653.0
2026-03-20,59.134262088,60.154843354,60.808808049,59.084719308,25484479.0
2026-03-23,57.965052483,59.758501115,60.1895233,57.568710243,23805468.0
2026-03-24,60.224203246,60.689905377,61.541050336,60.045849238,14732618.0
2026-03-25,59.748592559,61.284418736,61.690669531,59.689141223,14016785.0
2026-03-26,61.779846535,63.771466287,63.850734735,61.571766859,20658935.0
2026-03-27,63.910186071,64.722687661,65.396469468,63.642655059,20170903.0
2026-03-30,65.014990062,65.634274811,66.436867845,65.014990062,23021621.0
2026-03-31,65.3667438,64.40561387,66.833210085,62.196005886,34955870.0
2026-04-01,63.494026719,61.660943863,64.97040156,60.610636929,28329535.0
2026-04-02,64.00927163,62.394177006,65.416286579,61.789755091,22356776.0
2026-04-06,62.30995428,62.38426845,62.760793577,61.611401083,11676400.0
2026-04-07,62.929239028,62.364451338,63.692197839,61.888840651,13460369.0
2026-04-08,56.647214537,59.223439092,59.431518768,55.735627387,25788975.0
2026-04-09,59.550421439,57.99477815,60.174660466,57.697620557,15496726.0
2026-04-10,57.509258907,57.439899016,58.282126274,57.102909027,10476678.0
2026-04-13,58.083955154,57.529076019,58.698285625,56.875111325,14483186.0
2026-04-14,56.399500638,54.873583017,56.478769086,54.596143449,16461838.0
2026-04-15,54.942942909,55.319468036,55.884255727,54.615960561,12237976.0
2026-04-16,55.666267495,56.349957858,56.533266143,55.101479804,10022424.0
2026-04-17,53.169311388,53.298122616,53.530973681,51.484856872,24183756.0
2026-04-20,53.625104963,53.981812979,54.457423666,53.377391064,11503633.0
2026-04-21,54.001630091,55.814895835,55.963524175,53.823276083,15402518.0
2026-04-22,56.092335402,56.528311865,56.587763201,55.686084607,9488316.0
2026-04-23,56.98410544,57.301179232,57.484487517,56.330140746,9731243.0
2026-04-24,57.073282444,56.597671757,57.221910784,55.99820412,7851207.0
2026-04-27,56.830522823,56.746300097,57.484487517,56.429226306,7551965.0
2026-04-28,57.568710243,58.074046598,58.460480282,57.390455321,12734568.0
2026-04-29,58.797371185,60.204386134,60.229157524,58.074046598,13771777.0
2026-04-30,59.045085084,60.026032126,60.194477578,58.39112039,12990352.0
2026-05-01,59.490970103,58.173132158,59.560329995,57.370539124,13859603.0
2026-05-04,58.708194181,59.718866891,59.832815285,58.163223602,10361570.0
2026-05-05,59.07976503,58.797371185,59.481061547,58.628925733,9435124.0
2026-05-06,55.0123028,54.615960561,56.17160385,54.239435434,20697286.0
2026-05-07,53.41207101,53.446750956,53.843093195,52.693700701,18219345.0
2026-05-08,53.417025288,52.545072361,53.753916191,52.50048386,12962030.0
2026-05-11,53.516110847,54.635777673,54.952851465,53.516110847,13719764.0
2026-05-12,55.289742368,55.755444499,55.909027117,54.665503341,10639150.0
2026-05-13,55.700947441,55.666267495,55.844621503,54.962859106,6925418.0
2026-05-14,55.487913488,56.32023219,56.746795525,55.33433087,8768439.0
2026-05-15,57.400264792,59.074810752,59.1540792,57.03364822,16712328.0
2026-05-18,58.361394722,59.1540792,59.694095501,57.786698475,12276319.0
2026-05-19,59.580147107,60.144934798,60.382740142,59.084719308,12682631.0
2026-05-20,59.946763679,58.331669054,60.679996821,58.29203483,12476272.0
2026-05-21,60.095392018,58.29203483,60.283654582,57.489441795,14021543.0
2026-05-22,58.153315046,58.272217718,58.628925733,57.538984575,7923085.0
2026-05-26,57.865966923,56.934562661,58.559565841,56.934562661,10569968.0
2026-05-27,56.082426846,56.36977497,57.38044768,55.190656808,11363763.0
2026-05-28,57.212002228,56.795842877,57.672750081,56.449043418,10911313.0
2026-05-29,56.528311865,56.112152514,56.528311865,55.512684877,14401174.0
2026-06-01,57.410173348,58.381211834,59.342341764,57.3309049,12362372.0
2026-06-02,57.474578961,58.549657285,58.866731077,57.301179232,9612561.0
2026-06-03,58.975725192,59.094627864,59.946763679,58.579382953,8662919.0
2026-06-04,58.113680822,58.133497934,58.405983224,57.598435911,8535899.0
2026-06-05,58.262309162,56.409409194,58.351486166,56.330140746,8194306.0
2026-06-08,56.885019881,56.954379773,57.628161579,56.657123093,8703551.0
2026-06-09,56.399500638,56.032884066,56.543174699,55.101479804,11180048.0
2026-06-10,56.709778131,56.83918433,58.192972258,56.391239795,9048559.0
2026-06-11,57.247311573,55.216629681,57.93415986,55.206675358,12019935.0
2026-06-12,54.489964102,56.281742242,57.058179436,54.350902209,10460984.0
2026-06-15,53.205856435,54.211243058,54.723890692,52.867409453,10657306.0
2026-06-16,53.45471451,53.424851541,53.922567691,53.15608482,9747735.0
2026-06-17,53.235719404,52.797729192,53.748367038,52.588688409,8258234.0
2026-06-18,52.16065252,51.583301786,52.175584004,50.951202275,13871778.0
2026-06-22,51.787365407,51.7624796,52.041200644,50.876544853,9212291.0
2026-06-23,51.86202283,51.991429029,52.339830334,51.424032618,9887728.0
2026-06-24,50.7670473,50.856636207,51.145311574,50.065267528,7858064.0
2026-06-25,50.856636207,50.976088083,51.513621525,50.209605212,7428067.0
2026-06-26,50.707321362,49.761660677,50.836727561,49.622300155,12790869.0
2026-06-29,49.781569323,48.865771607,50.179742243,48.825954315,9708701.0
2026-06-30,48.955360514,48.348146811,49.487916794,48.328238165,10121388.0
2026-07-01,48.154037512,47.721024462,48.499651607,47.551800971,8495666.0
2026-07-02,48.218740612,48.686593793,48.746319731,48.049517121,8553606.0
2026-07-06,48.487507333,48.587050563,49.044949421,48.467598687,6667401.0
2026-07-07,49.184309943,51.443941264,51.638050562,49.159424135,11662005.0
2026-07-08,52.65836867,53.345216957,54.639278947,52.230332781,20822332.0
2026-07-09,52.628505701,52.06110929,52.698185962,51.7624796,8296430.0
2026-07-10,52.290058719,52.648414347,52.817637838,51.628096239,6593058.0
2026-07-13,53.842933107,54.559644363,54.857975423,53.200879273,12864190.0
2026-07-14,54.7487765,54.320740611,55.236538327,53.564212063,11115188.0
2026-07-15,54.310786288,53.524394771,54.410329518,52.708638001,8792013.0
2026-07-16,53.663755293,53.404942895,53.95243066,53.285491019,6536142.0
2026-07-17,54.400375195,54.609415978,54.917999991,53.758321361,7919257.0
2026-07-20,53.962384983,54.937908637,55.415616597,53.7533442,7887310.0
2026-07-21,55.286309942,56.24192495,56.24192495,55.107132128,7558386.0
2026-07-22,57.207494281,57.23735725,57.555895586,56.829230007,7569993.0
2026-07-23,58.372150072,57.33690048,58.720551377,57.23735725,9043807.0
2026-07-24,57.03827079,57.03827079,57.665393139,56.570517152,8129530.0
2026-07-27,55.286309942,54.679096239,56.231970627,54.654210431,8471829.0
2026-07-28,54.7487765,53.683663939,55.171835227,53.504486125,7922894.0
2026-07-29,55.470464917,55.774071769,56.057769974,55.077269159,9568802.0
2026-07-30,54.788593792,55.694437185,55.724300154,54.480009779,6281796.0
2026-07-31,55.7442088,56.809321361,56.83918433,55.296264265,6836510.0
2026-08-03,55.385853172,55.216629681,55.868637837,54.609415978,8665146.0
2026-08-04,54.05197389,54.838365407,55.117086451,53.514440448,9032472.0
2026-08-05,55.236538327,53.564212063,55.336081557,53.414897218,8614352.0
2026-08-06,56.172244689,55.784026092,57.088042405,55.565030986,16224511.0
2026-08-07,55.495350725,55.654619893,56.192153335,54.878182699,7683234.0
2026-08-10,56.361376826,58.382104395,58.464426646,56.34146818,9416388.0
2026-08-11,58.207903742,58.790231638,59.277993465,58.123291997,7724015.0
2026-08-12,58.23278955,58.282561165,58.601099501,57.988908636,7529163.0
2026-08-13,57.476261002,57.43644371,57.80129951,56.913841752,8681966.0
2026-08-14,57.864479599,58.093429028,58.670779762,57.565849909,6745129.0
2026-08-17,58.242743873,58.770322992,58.869866222,57.794799338,6575396.0
2026-08-18,59.696075031,59.52685154,59.880230006,58.770322992,7942599.0
2026-08-19,59.745846646,59.815526907,60.552146809,59.477079925,7899060.0
2026-08-20,60.7213703,61.238995096,61.861140283,60.661644362,8957707.0
2026-08-21,61.25392658,61.01999999,61.497608407,60.92045676,6456499.0
2026-08-24,60.7213703,59.835435553,60.950319729,59.118724297,6933956.0
2026-08-25,58.800185961,58.143200643,59.088861328,58.103383351,6828950.0
2026-08-26,57.486215325,58.352241426,58.710597054,57.277174542,6207187.0
2026-08-27,58.292515488,58.899729191,59.317810757,57.864479599,6109618.0
2026-08-28,58.989318098,58.83004893,59.208313204,58.402013041,4435750.0
2026-08-31,60.069362143,59.905115814,60.671598685,59.098815651,8916581.0
2026-09-01,60.82091353,60.671598685,60.950319729,59.775709615,7243822.0
2026-09-02,60.163928212,60.631781393,60.860730822,59.865298522,5285178.0
2026-09-03,60.691507331,60.333151703,61.049862959,60.233608473,5784826.0
2026-09-04,59.845389876,59.765755292,60.104202274,59.078907005,6890652.0
2026-09-08,60.781096238,60.372968995,61.746665569,60.074339305,6434479.0
2026-09-09,61.383332779,61.01999999,61.925843383,60.925433921,8981664.0
2026-09-10,62.09,61.16,62.24,60.19,9151900.0
2026-09-11,61.04,61.46,61.49,60.5,7798000.0
