time_key,open,close,high,low,volume
2018-01-02,24.333089854,24.758085601,24.811418401,24.183091354,4578138.0
2018-01-03,24.801418501,24.94641705,24.9914166,24.753085651,4934592.0
2018-01-04,24.99308325,24.87641775,25.437912132,24.808085101,6803274.0
2018-01-05,25.169748148,25.494744897,25.514744696,24.99641655,8447724.0
2018-01-08,25.368079497,25.608077096,25.674743095,25.281413698,6874506.0
2018-01-09,25.753075645,25.381412697,25.833074845,25.324746598,7290234.0
2018-01-10,25.269747148,25.509744746,25.593077246,25.223080948,5750958.0
2018-01-11,25.496411547,25.693076245,25.819741645,25.491411597,5176650.0
2018-01-12,25.594743896,25.586410646,25.834741494,25.444745397,7742142.0
2018-01-16,25.688076295,25.266413848,25.873074444,24.93241719,6830166.0
2018-01-17,25.443078747,25.704742795,25.764742195,25.286413648,5734524.0
2018-01-18,26.083072343,26.303070142,26.463068541,25.963073544,11060910.0
2018-01-19,26.243070742,26.203071142,26.333069842,26.089738943,6262128.0
2018-01-22,25.691409595,25.644743396,25.691409595,25.151414999,11277630.0
2018-01-23,26.284736992,26.58806729,26.66639984,25.874741094,10240926.0
2018-01-24,26.57306744,26.379736041,26.749732339,26.211404392,6398322.0
2018-01-25,26.52806789,26.213071042,26.53640114,25.991406594,6646566.0
2018-01-26,26.299736842,26.61806699,26.703066139,26.236404142,4784184.0
2018-01-29,26.64140009,26.119738643,26.804731789,26.099738843,6433458.0
2018-01-30,25.976406744,25.738075795,26.113072043,25.669743145,7567434.0
2018-01-31,25.896407544,26.311403392,26.346403041,25.854741294,7394082.0
2018-02-01,26.099738843,26.60140049,26.756398939,26.076405743,5928960.0
2018-02-02,26.416402341,25.863074544,26.493068241,25.82724157,4954302.0
2018-02-05,25.654743296,25.589743946,26.52306794,25.541411096,8480220.0
2018-02-06,24.95641695,26.093072243,26.288070292,24.95641695,7833546.0
2018-02-07,25.924740594,26.001406493,26.206404442,25.739742445,4534632.0
2018-02-08,26.073072443,25.219747648,26.314736692,25.038082799,10377990.0
2018-02-09,25.768075495,25.644743396,25.974740094,24.734752501,6638280.0
2018-02-12,25.903074144,25.874741094,26.211404392,25.623076946,8026608.0
2018-02-13,25.824741595,26.148071693,26.243070742,25.571410796,8867304.0
2018-02-14,26.098072193,26.394735891,26.642233415,25.958073594,8103798.0
2018-02-15,26.64806669,26.764732189,26.914730688,26.461401891,7997346.0
2018-02-16,26.829731539,27.013063037,27.313060036,26.704732789,8329098.0
2018-02-20,26.806398439,27.153061637,27.36555951,26.806398439,7120326.0
2018-02-21,27.843054732,27.399725835,27.954720282,27.378059385,11918958.0
2018-02-22,27.783055333,26.996396538,27.833054833,26.916397338,12172788.0
2018-02-23,27.166394837,27.589723934,27.596390534,26.851397988,9845172.0
2018-02-26,27.738055783,28.21971763,28.28638363,27.458058585,26378610.0
2018-02-27,29.799701821,28.873044426,29.85803457,28.749712327,39367746.0
2018-02-28,29.046376025,28.894710876,29.223040924,28.453048629,15274074.0
2018-03-01,28.891377576,28.906377426,29.323039924,28.519714628,12812574.0
2018-03-02,28.376382729,29.461371873,29.521371272,28.17305143,10036746.0
2018-03-05,29.334706473,30.044699369,30.139698419,29.316373324,12559518.0
2018-03-06,30.153031619,30.536361116,30.593027216,29.83470147,14677656.0
2018-03-07,30.281363668,31.044689363,31.178021362,30.204697768,13410372.0
2018-03-08,31.128021863,31.274687062,31.356352911,31.033022813,8832726.0
2018-03-09,31.388019261,31.418018961,31.57301741,31.073022413,8489400.0
2018-03-12,31.463018511,31.62135026,31.921347258,31.184687962,12311418.0
2018-03-13,31.63635011,31.373019411,31.811348359,31.203021112,8758728.0
2018-03-14,31.454685261,31.408019061,31.902180783,31.319686612,7354776.0
2018-03-15,31.52468456,31.50135146,31.733015809,31.291353562,5707656.0
2018-03-16,31.459685211,31.243020712,31.56301751,31.224687562,7535496.0
2018-03-19,31.194687862,31.019689613,31.396352511,30.648026666,8474658.0
2018-03-20,31.084688963,31.309686712,31.416352311,31.009689713,7037004.0
2018-03-21,31.311353362,31.328019862,31.65301661,31.039689413,5017854.0
2018-03-22,30.976356714,30.804691765,31.449685311,30.781358665,5036598.0
2018-03-23,30.803025115,30.293030218,31.048022663,30.238030768,5683476.0
2018-03-26,30.816358315,31.241354062,31.333019812,30.366362817,6232914.0
2018-03-27,31.53635111,29.90636742,31.53635111,29.619703622,9269514.0
2018-03-28,29.801368471,29.483038323,30.246364018,29.253040624,8838588.0
2018-03-29,29.661369872,30.253030618,30.353029617,29.661369872,7071468.0
2018-04-02,29.99303322,30.023032919,30.291363568,29.599703822,7750686.0
2018-04-03,30.219697618,30.728025865,30.993023214,30.178031368,8245272.0
2018-04-04,30.213031018,31.53968441,31.63301681,30.183031318,12882630.0
2018-04-05,31.66634981,32.733005803,32.866337802,31.55635091,18293526.0
2018-04-06,32.296343506,32.306343406,32.716172638,32.031346157,12187044.0
2018-04-09,32.578007354,31.319686612,32.841338052,31.256353912,12150606.0
2018-04-10,31.61635031,31.136355113,31.803015109,30.439695417,15073332.0
2018-04-11,30.981356664,31.164688163,31.350519636,30.783025315,9961422.0
2018-04-12,31.401352461,31.746349009,31.949680308,31.276353712,13213356.0
2018-04-13,31.991346558,31.229687512,31.993013208,30.913024014,6234756.0
2018-04-16,31.493018211,31.50301811,31.739682409,31.059689213,5959266.0
2018-04-17,31.744682359,31.983013308,32.204677756,31.55801756,10683528.0
2018-04-18,32.119678607,32.078012357,32.233010806,31.62968351,6309168.0
2018-04-19,31.953013608,32.003013107,32.158011557,31.761348859,5268480.0
2018-04-20,31.873014408,32.011346357,32.351342955,31.873014408,5822898.0
2018-04-23,32.101345457,32.044679357,32.164678157,31.57301741,7219086.0
2018-04-24,32.203011106,31.878014358,32.741339053,31.59635051,8860230.0
2018-04-25,31.719682609,31.758015559,31.881347658,31.127188538,6587634.0
2018-04-26,31.993013208,32.284676956,32.431342155,31.578184025,4072608.0
2018-04-27,32.384675955,32.078012357,32.538007754,31.878014358,5048682.0
2018-04-30,32.019679607,32.084678957,32.361342855,31.833014809,4200132.0
2018-05-01,31.958013558,32.353009605,32.378009355,31.63968341,3353418.0
2018-05-02,32.529674504,32.781338653,33.126335201,32.236344106,8001420.0
2018-05-03,32.541341054,32.236344106,32.781338653,31.699682809,6523782.0
2018-05-04,32.156344907,32.559674204,32.824671553,31.941347058,4832268.0
2018-05-07,32.773005403,33.089668901,33.2830003,32.631340154,4331124.0
2018-05-08,33.016336301,33.632996798,33.746328997,33.016336301,8778240.0
2018-05-09,33.871327746,34.434655443,34.509654692,33.748128979,10797570.0
2018-05-10,34.499654793,34.314656644,34.655869896,34.252990594,5607696.0
2018-05-11,34.332989794,33.717995947,34.499654793,33.631330148,5384520.0
2018-05-14,33.831328147,33.349666299,34.497988143,33.18800125,6760464.0
2018-05-15,33.2896669,33.706329397,33.761328847,32.891337552,5845008.0
2018-05-16,33.751328947,33.2963335,33.819661597,33.088002251,4880346.0
2018-05-17,33.134668451,33.336333099,33.467998449,33.033002801,5070996.0
2018-05-18,33.3329998,33.624663548,33.891327546,33.3329998,4622952.0
2018-05-21,34.017992945,34.449655293,34.529654492,33.807995047,9798192.0
2018-05-22,34.521321242,34.054659245,34.632986792,33.849661296,6457494.0
2018-05-23,33.927993846,34.502988092,34.544654342,33.927993846,3958758.0
2018-05-24,34.699652791,34.85798454,35.066315789,34.47657169,6991350.0
2018-05-25,34.92131724,34.88131764,35.211314338,34.84631799,4671216.0
2018-05-29,34.766318791,34.641320042,35.065482464,34.469655093,5701536.0
2018-05-30,34.832984791,34.94465034,35.214647638,34.737985741,5642568.0
2018-05-31,35.166314789,34.681319641,35.284646938,34.674653041,9451302.0
2018-06-01,34.99964979,34.86465114,35.021316239,34.487988243,10985610.0
2018-06-04,35.766308785,34.681319641,35.781308635,33.31133335,30719082.0
2018-06-05,34.632986792,33.976326696,34.786318591,33.599663798,19757178.0
2018-06-06,33.942993696,33.829661497,34.249657294,33.603997088,11658636.0
2018-06-07,33.859661196,33.083002301,34.177991344,32.629673504,12706644.0
2018-06-08,32.939670402,33.22133425,33.366332799,32.701339453,9140484.0
2018-06-11,33.22800085,33.118001951,33.347999649,32.933003802,6379482.0
2018-06-12,33.422998899,34.569654092,34.591320542,33.371332749,13497216.0
2018-06-13,34.666319792,35.507978036,35.674643035,34.666319792,15075150.0
2018-06-14,35.507978036,35.926307184,36.232970782,35.507978036,14300370.0
2018-06-15,35.581310636,35.766308785,35.874641034,34.95131694,13132536.0
2018-06-18,35.597977136,35.306313388,35.804641735,35.279646988,8680632.0
2018-06-19,34.99798314,35.161314839,35.329646488,34.653819917,5949762.0
2018-06-20,35.456311887,35.906307384,36.096305483,35.442978687,6257424.0
2018-06-21,36.062972483,35.449645287,36.089638883,34.947450312,5423292.0
2018-06-22,35.452978587,34.597987142,35.467978437,34.312989994,9644724.0
2018-06-25,34.312989994,33.722995897,34.332989794,33.2730004,10529772.0
2018-06-26,33.907994046,33.979659996,34.352989593,33.832994797,5476986.0
2018-06-27,34.232990794,33.519664598,34.486321593,33.471331749,4220520.0
2018-06-28,33.3296665,34.152991595,34.292990194,33.2030011,6623256.0
2018-06-29,34.229657494,34.244657344,34.684652941,34.221324244,5453454.0
2018-07-02,34.147991645,34.90631739,34.95465024,33.651329948,5308122.0
2018-07-03,34.98131664,34.94631699,35.166314789,34.389655893,3911334.0
2018-07-05,35.084648939,34.744652341,35.164648139,34.382989293,5051850.0
2018-07-06,34.746318991,35.192981188,35.366312787,34.677986341,4270572.0
2018-07-09,35.387979237,34.816318291,35.464645137,34.449655293,7406832.0
2018-07-10,34.98298329,35.116315289,35.434645437,34.744652341,15904338.0
2018-07-11,34.88465094,35.464645137,35.634643436,34.763818816,7604118.0
2018-07-12,35.597977136,36.386302581,36.53130113,35.506311386,7908378.0
2018-07-13,36.412968981,35.991306534,36.56296748,35.801308435,5412042.0
2018-07-16,36.084638933,35.726309185,36.386302581,35.577977336,3723336.0
2018-07-17,35.662976486,36.096305483,36.182971282,35.539644386,4354482.0
2018-07-18,36.332969782,36.036306083,36.497968131,35.919640584,4774554.0
2018-07-19,36.099638783,35.762975485,36.166304783,35.679659652,3626502.0
2018-07-20,35.977973334,35.676309685,36.069639083,35.616310286,3973956.0
2018-07-23,35.594643836,35.272980388,35.612976986,34.764868805,6347430.0
2018-07-24,35.284646938,34.792985191,35.569027426,34.341323043,6990654.0
2018-07-25,34.794651841,35.789641885,35.861141169,34.794651841,5206494.0
2018-07-26,35.542977686,35.894640834,36.151304933,35.082982289,5089692.0
2018-07-27,35.936307084,34.661319842,35.936307084,34.387989243,6102012.0
2018-07-30,34.596320492,32.609673704,34.790485216,32.268010456,16714038.0
2018-07-31,32.818004953,33.043002701,33.489664899,32.358009555,10088460.0
2018-08-01,33.427998849,33.362999499,33.617996948,33.003003101,5843802.0
2018-08-02,33.862994496,34.809651691,34.96131684,33.537997748,9422640.0
2018-08-03,34.649653292,34.492988193,34.776318691,34.129658495,5582790.0
2018-08-06,34.416322293,35.234647438,35.377979337,34.416322293,5102076.0
2018-08-07,35.232980788,35.399645787,35.622976886,35.232980788,4069710.0
2018-08-08,35.557977536,35.354646237,35.622976886,35.177981338,4018944.0
2018-08-09,35.416312287,35.516311286,35.915473959,35.351446269,7838022.0
2018-08-10,35.316313288,35.436312087,35.812974985,35.117981939,8319900.0
2018-08-13,35.462978487,35.091315539,35.872974384,34.95631689,8645832.0
2018-08-14,35.061315839,35.132981789,35.200481113,34.524404545,9142500.0
2018-08-15,34.88631759,34.137991745,35.180481313,34.016326295,10787400.0
2018-08-16,34.499654793,35.082982289,35.326313188,34.422988893,9870246.0
2018-08-17,34.707986041,35.514644636,35.657976536,34.639653392,5717832.0
2018-08-20,35.649643286,35.436312087,35.677976335,34.95298359,5303340.0
2018-08-21,35.531311136,35.381312637,35.874641034,35.212980988,5330136.0
2018-08-22,35.504644736,35.931307134,36.161304833,35.431312137,6651840.0
2018-08-23,36.096305483,36.117971933,36.651849924,35.682976285,7659462.0
2018-08-24,36.53630108,37.571290724,37.784355259,36.53630108,13003872.0
2018-08-27,37.566290774,37.791288523,37.914620622,37.276293676,7410630.0
2018-08-28,37.999619772,38.20295107,38.26961707,37.769622073,5210004.0
2018-08-29,38.166284771,38.537947718,38.718229248,38.166284771,5567454.0
2018-08-30,38.499614769,38.372949369,38.715495942,38.19461782,5159520.0
2018-08-31,38.19461782,38.524614518,38.692946167,38.19461782,4958028.0
2018-09-04,38.401282419,38.17128472,38.812944967,38.062952471,8001492.0
2018-09-05,38.082952271,37.037962727,38.139618371,36.689632879,10140054.0
2018-09-06,37.166294777,36.727965829,37.401292425,36.477968331,12690198.0
2018-09-07,38.641280018,37.934620422,39.057942515,37.832954773,19420182.0
2018-09-10,38.052952571,39.352939563,39.635436737,38.052952571,13581720.0
2018-09-11,39.234607414,39.019609565,39.707519349,38.832944767,7184550.0
2018-09-12,39.019609565,39.371272713,39.496271463,38.334616419,7250508.0
2018-09-13,39.541271012,39.349606263,39.91626726,39.106275365,4755150.0
2018-09-14,39.382939263,39.102942065,39.577937312,38.612946968,5927214.0
2018-09-17,39.081275615,38.666279768,39.331273114,38.366282769,4928454.0
2018-09-18,38.749612267,39.007943015,39.439605363,38.67669633,4187346.0
2018-09-19,38.822944867,38.16961807,39.149608265,37.757955523,5906178.0
2018-09-20,38.576280668,38.334616419,38.611280318,38.046285971,4002354.0
2018-09-21,38.33294977,38.25295057,38.533781093,38.046285971,5772630.0
2018-09-24,37.859621172,38.442948669,38.701279417,37.519641241,7162164.0
2018-09-25,38.497948119,38.27961697,38.821278217,38.21461762,5544180.0
2018-09-26,38.401282419,37.691289523,38.559614168,37.642123349,7661928.0
2018-09-27,37.834621422,37.627956824,38.30961667,37.467958425,6202302.0
2018-09-28,37.576290674,37.542957674,38.017952921,37.449625275,6739224.0
2018-10-01,37.804621723,37.467958425,38.17628467,37.236877404,6047862.0
2018-10-02,37.092962177,37.122961877,37.449625275,36.952963578,5813088.0
2018-10-03,37.381292625,36.882964278,37.737955723,36.832964779,4475652.0
2018-10-04,36.966296778,36.55296758,37.084628927,36.367969431,8242128.0
2018-10-05,36.436302081,35.951306934,36.769632079,35.666309786,8205462.0
2018-10-08,35.832974785,35.396312487,36.134638433,34.87631769,7993074.0
2018-10-09,35.312979988,35.386312587,35.704642735,35.027982839,6662958.0
2018-10-10,35.617976936,33.729662497,35.807975035,33.714662647,11751144.0
2018-10-11,33.429665499,33.861327846,34.383822618,33.382999299,10190250.0
2018-10-12,34.96465014,35.324646538,35.629060158,34.569654092,10413654.0
2018-10-15,35.304646738,34.86631779,35.381312637,34.521321242,5323188.0
2018-10-16,34.199657794,34.166324795,34.318456606,33.276600364,18085464.0
2018-10-17,34.332989794,34.341323043,34.441322043,33.883794288,7635834.0
2018-10-18,34.257990544,33.759662197,34.616320292,33.554664248,6967878.0
2018-10-19,33.926327196,32.251343956,34.12344189,32.109678707,12190680.0
2018-10-22,32.411342355,32.398009155,32.779672003,31.728015859,12715128.0
2018-10-23,31.761348859,32.846338002,33.075135713,31.168021462,9068370.0
2018-10-24,32.911337352,30.958023564,33.1896679,30.928023864,12347772.0
2018-10-25,31.159688213,31.769682109,31.986346608,31.103022113,5855322.0
2018-10-26,30.969690114,30.901357464,31.468851786,30.338029767,7572936.0
2018-10-29,31.299686812,29.831368171,31.774665392,29.351372973,9927564.0
2018-10-30,29.743035721,29.609703722,29.93636712,29.238040774,8375976.0
2018-10-31,30.174698068,30.506361416,31.173021412,30.168031468,10077222.0
2018-11-01,30.749692315,31.459685211,31.57301741,30.471361767,10044960.0
2018-11-02,31.61968361,30.706359415,31.826348209,30.599693816,6487530.0
2018-11-05,30.873024414,30.464695167,31.061355863,30.176364718,5408826.0
2018-11-06,30.383029317,30.633026816,31.181354662,30.321363268,6303702.0
2018-11-07,30.956356914,31.55801756,31.66301651,30.813025015,6214632.0
2018-11-08,31.683016309,31.406352411,32.044679357,31.114688663,6866088.0
2018-11-09,31.116355313,30.514694666,31.401352461,29.91803397,8439612.0
2018-11-12,30.308030068,29.558037572,30.423028917,29.301373474,6671712.0
2018-11-13,29.721369271,29.466371823,29.98969992,29.193041224,6419544.0
2018-11-14,29.709702721,29.463038523,30.284696968,29.298206839,6334476.0
2018-11-15,29.166374825,28.728045877,29.208041074,28.25971723,13707672.0
2018-11-16,28.676379727,28.26805048,28.849711326,27.609723734,13888614.0
2018-11-19,28.28305033,27.239727436,28.552214303,26.938063788,12141012.0
2018-11-20,26.933063838,27.624723584,28.275550405,26.679733039,13291122.0
2018-11-21,28.32638323,27.823054933,28.631380178,27.693056233,6425784.0
2018-11-23,27.556390934,27.733055833,28.29138358,27.504724784,3069738.0
2018-11-26,28.088052281,28.386382629,28.509714728,28.041386081,8114214.0
2018-11-27,28.18971793,27.764722183,28.339716429,27.555557609,6529458.0
2018-11-28,28.26638383,29.423038923,29.459705223,28.26638383,13273932.0
2018-11-29,29.333039824,29.341373073,29.898500832,28.991376576,18453408.0
2018-11-30,30.741359065,28.824711577,31.999679808,28.543047728,32762898.0
2018-12-03,29.446372023,29.88470097,29.91470067,29.079709025,14819592.0
2018-12-04,29.589703922,29.541371072,29.90636742,29.088042275,10172736.0
2018-12-06,28.833044827,30.296363518,30.423028917,28.688046277,11833254.0
2018-12-07,30.223030918,29.181374674,30.529694516,29.033042825,8336154.0
2018-12-10,28.979710026,29.87303442,29.98803327,28.949710326,6899688.0
2018-12-11,30.523027916,30.736359115,31.62135026,30.399695817,14653104.0
2018-12-12,31.119688613,31.58635061,32.133011807,31.119688613,13869510.0
2018-12-13,31.66634981,31.354686261,31.864681158,30.966356814,8746512.0
2018-12-14,30.771358765,30.671359765,31.144688363,30.439695417,6816684.0
2018-12-17,30.518027966,29.434705473,30.518027966,29.284706974,9903234.0
2018-12-18,29.581370672,29.536371122,29.99303322,29.434705473,7600578.0
2018-12-19,29.673036421,29.831368171,30.636360116,29.378039373,7383198.0
2018-12-20,29.666369822,29.90636742,30.296363518,29.258040574,11075184.0
2018-12-21,29.96636682,28.884710976,30.333029818,28.461381879,16460952.0
2018-12-24,28.349716329,28.32471658,28.958043576,28.133885156,6288978.0
2018-12-26,28.513048028,30.274697068,30.309696718,28.504714778,11553948.0
2018-12-27,29.769702121,30.378029367,30.424695567,29.311373374,8559018.0
2018-12-28,30.539694416,30.688026265,31.043022713,30.313046684,6597780.0
2018-12-31,30.879691014,31.391352561,31.414685661,30.699692815,7498758.0
2019-01-02,30.839691414,30.534694466,31.194687862,30.319696618,8865834.0
2019-01-03,30.228030868,29.94970032,30.479695017,29.798868496,6227502.0
2019-01-04,30.343029717,30.731359165,31.021356263,30.269697118,6734310.0
2019-01-07,30.879691014,31.224687562,31.333019812,30.786358615,7001034.0
2019-01-08,31.51635131,31.738015759,31.899680808,31.184687962,6577314.0
2019-01-09,31.703016109,32.184677956,32.501341454,31.69529952,6163140.0
2019-01-10,31.993013208,32.666339804,32.766338803,31.701349459,6265860.0
2019-01-11,32.701339453,32.661339854,32.999669802,32.521341254,5193048.0
2019-01-14,32.336343105,32.488008255,32.711339353,32.166344807,5906922.0
2019-01-15,32.459675205,33.361332849,33.485498274,32.459675205,6336570.0
2019-01-16,33.537997748,33.549664298,33.848677973,33.341333049,6216750.0
2019-01-17,33.359666199,33.882994296,34.074659045,33.2196676,5874156.0
2019-01-18,34.166324795,33.882994296,34.241324044,33.619663598,8417658.0
2019-01-22,34.704652741,33.832994797,34.704652741,33.529664498,11735244.0
2019-01-23,34.082992295,34.286323594,34.600537116,33.914660646,9368460.0
2019-01-24,34.822984891,35.077982339,35.354646237,34.582987292,10431864.0
2019-01-25,35.227980838,34.95298359,35.465978457,34.732985791,7351650.0
2019-01-28,34.432988793,34.601320442,34.792985191,34.084658945,5131878.0
2019-01-29,34.616320292,34.461321843,34.806318391,34.179657994,6873438.0
2019-01-30,34.91298399,35.476311687,35.486311587,34.561320842,8040438.0
2019-01-31,35.456311887,35.802975085,36.212970982,35.456311887,6473562.0
2019-02-01,35.849641284,36.711299329,36.741299029,35.732975785,9311124.0
2019-02-04,36.672966379,36.692966179,36.874631028,36.467968431,6017352.0
2019-02-05,36.817964929,36.487968231,36.914630628,36.344636331,7473132.0
2019-02-06,36.55963418,36.757965529,36.805565053,36.141305033,4974522.0
2019-02-07,36.249637282,36.57463403,36.60963368,35.999639784,8669400.0
2019-02-08,36.159638183,37.436292075,37.449625275,36.101405432,6117288.0
2019-02-11,37.499624775,37.309626676,37.712955973,37.121295227,6660768.0
2019-02-12,37.492958175,37.407959025,37.610873661,36.937963728,9003744.0
2019-02-13,37.541291024,37.026296177,37.541291024,36.869631078,7343724.0
2019-02-14,37.026296177,37.526291174,37.622956874,36.926547175,6567534.0
2019-02-15,37.539624374,37.794621823,37.879620972,37.201294426,5897226.0
2019-02-19,37.564624124,38.31628327,38.489614869,37.036296077,8634306.0
2019-02-20,38.122951871,37.772955373,38.381282619,37.441292025,6529212.0
2019-02-21,37.626290174,37.696289473,37.742955673,37.222127551,5580318.0
2019-02-22,37.879620972,38.349616269,38.387949219,37.822954873,4786218.0
2019-02-25,39.334606413,38.979609966,39.361272813,38.696296134,11326980.0
2019-02-26,38.759612167,39.257940514,39.344606313,38.621280218,18682482.0
2019-02-27,43.006236341,42.479574945,43.437898689,41.766248749,39406944.0
2019-02-28,42.329576446,41.044589303,42.499574745,40.979589954,15918462.0
2019-03-01,41.011256303,40.911257304,41.499584751,40.529594456,10807752.0
2019-03-04,41.171254702,40.422928857,41.492918151,39.790435186,9416118.0
2019-03-05,39.742935661,39.056275865,40.104598709,38.832944767,16606974.0
2019-03-06,38.934610416,39.072942365,39.534237749,38.533347764,8521128.0
2019-03-07,39.089608865,39.086275565,39.796268461,38.851327916,8421540.0
2019-03-08,38.756278867,39.104608715,39.589603862,38.392949169,6121206.0
2019-03-11,39.324606514,40.146264959,40.304596708,39.299606764,7238724.0
2019-03-12,40.316263258,40.036266059,40.417928907,39.91793391,6652308.0
2019-03-13,40.269597058,40.457928507,40.837091379,40.204597708,6840390.0
2019-03-14,40.499594757,40.459595157,40.902924054,40.266263758,6621090.0
2019-03-15,40.537927706,39.95293356,40.616260256,39.93793371,11589288.0
2019-03-18,39.85626786,40.167931408,40.519594556,39.714602611,7319376.0
2019-03-19,40.466261757,40.416262257,40.666259756,40.162231466,4977312.0
2019-03-20,40.541261006,40.969590054,41.282920252,40.266330424,6160368.0
2019-03-21,40.832924755,41.6312501,41.709582649,40.697926105,7814532.0
2019-03-22,41.499584751,40.392929157,41.681249599,40.189614525,6170130.0
2019-03-25,40.094598809,40.304596708,40.516261256,39.699602761,10158732.0
2019-03-26,40.781258605,40.699592755,41.155421528,40.509594656,6285846.0
2019-03-27,40.749592255,39.90793401,40.914590604,39.282940264,6069510.0
2019-03-28,39.99959976,39.731269111,40.280763613,39.301273414,6981960.0
2019-03-29,39.86626776,40.479594957,40.496261457,39.544604312,4147788.0
2019-04-01,40.999589754,40.234597408,41.229587452,39.722935861,7139844.0
2019-04-02,40.166264759,40.032932759,40.234597408,39.459605163,5637906.0
2019-04-03,40.156264859,40.367929407,40.74542563,39.84126801,5389164.0
2019-04-04,40.307930008,39.511271312,40.37796264,38.857944516,7360584.0
2019-04-05,39.89126751,39.807935011,40.068765734,39.597937112,7581774.0
2019-04-08,39.581270612,39.812934961,39.98293326,39.014609615,4905834.0
2019-04-09,39.641270012,40.127931809,40.467695076,39.599603762,4880742.0
2019-04-10,40.109598659,40.419595557,40.979589954,39.95126691,6386826.0
2019-04-11,40.634593406,40.987923204,41.067922403,40.499594757,4409148.0
2019-04-12,41.157921503,40.776258655,41.229704118,40.551260906,4916862.0
2019-04-15,40.994589804,41.369586051,41.441252001,40.816258255,5772078.0
2019-04-16,41.457918501,40.746258955,41.52625115,40.457928507,5894148.0
2019-04-17,40.967923404,39.90460071,41.099588753,39.816268261,10027140.0
2019-04-18,39.674603011,39.242940664,39.737935711,38.555447543,6314844.0
2019-04-22,39.072942365,39.87960096,39.92626716,39.001276415,3970428.0
2019-04-23,39.94793361,40.181264608,40.366262757,39.729602461,9208524.0
2019-04-24,40.499594757,40.517927906,40.734592405,40.182931258,7054914.0
2019-04-25,40.679592955,40.909590654,41.095422128,39.977099985,5408160.0
2019-04-26,40.881257604,40.972923354,41.255087197,40.642926656,3557064.0
2019-04-29,40.829591455,41.53291775,41.6312501,40.79375848,5557668.0
2019-04-30,41.59958375,41.471251701,41.722915849,41.124588503,3461844.0
2019-05-01,41.5812506,41.064589103,41.658749825,40.806258355,3730986.0
2019-05-02,40.986256554,41.121255203,41.6312501,40.935423729,4099392.0
2019-05-03,41.166254753,41.794581799,41.822914849,40.769592055,6077604.0
2019-05-06,41.119588553,41.306253352,41.499584751,40.416262257,4225980.0
2019-05-07,41.072922353,39.701269411,41.118755228,39.282940264,6761424.0
2019-05-08,39.701269411,39.749602261,40.182931258,39.427938813,4520868.0
2019-05-09,39.192941164,39.637936712,39.664603112,38.679612967,4956594.0
2019-05-10,39.166274765,39.157941515,39.745435636,38.011286321,8538816.0
2019-05-13,38.106285371,37.416292275,38.432948769,37.177961326,6829224.0
2019-05-14,37.666289774,37.807955023,38.082952271,37.267960426,8929836.0
2019-05-15,37.499624775,36.62463353,37.574624024,36.570867401,13077660.0
2019-05-16,36.760215506,37.471291725,37.551290924,36.714632629,13117104.0
2019-05-17,36.984629928,37.602957074,37.909620672,36.936297078,6513138.0
2019-05-20,37.166294777,37.281293626,37.516291274,36.671299729,7172346.0
2019-05-21,37.594623824,37.956286872,38.108502015,37.317959926,7562544.0
2019-05-22,37.832954773,37.999619772,38.420915556,37.709622673,4670778.0
2019-05-23,37.199627776,35.964640134,37.242960676,35.908140699,10499628.0
2019-05-24,36.259637182,36.042972683,36.55463423,35.896307484,7567080.0
2019-05-28,36.166304783,35.746308985,36.494634831,35.622976886,8447526.0
2019-05-29,35.612976986,35.886307584,36.114638633,35.057982539,16642380.0
2019-05-30,33.849661296,34.049659295,34.616320292,33.334666449,30351258.0
2019-05-31,33.3329998,33.356332899,33.832994797,32.845504677,13201632.0
2019-06-03,33.3096667,32.783005303,33.451665279,32.549674304,11638338.0
2019-06-04,33.144668351,33.617996948,33.651329948,33.001336451,10625424.0
2019-06-05,33.929660496,33.20133445,34.102992095,32.541341054,8320980.0
2019-06-06,33.24466735,32.923003902,33.341333049,32.588007254,6644124.0
2019-06-07,33.129668501,32.589673904,33.360149528,32.444675355,7967886.0
2019-06-10,32.821338253,33.154668251,33.441332049,32.639673404,7270032.0
2019-06-11,33.499664799,33.464665149,33.749662297,33.1730014,6831738.0
2019-06-12,33.547997648,33.841328046,34.323823219,33.502998098,10020000.0
2019-06-13,33.916327296,34.244657344,34.697986141,33.916327296,10253274.0
2019-06-14,34.236324094,33.881327646,34.409655693,33.716329297,7570908.0
2019-06-17,33.984659946,34.166324795,34.582987292,33.984659946,4754442.0
2019-06-18,34.564654142,34.224657544,35.064649139,34.131325145,8224398.0
2019-06-19,34.457988543,34.85298459,34.91631729,34.266323794,7848834.0
2019-06-20,35.499644787,34.439655393,35.731309135,34.384655943,8426694.0
2019-06-21,34.534654442,34.081325645,34.707986041,34.066325795,7433508.0
2019-06-24,34.307990044,33.084668951,34.311323344,32.886337602,12774720.0
2019-06-25,33.088002251,33.089668901,33.554664248,32.822171578,7515414.0
2019-06-26,33.410499024,33.2630005,33.927643849,33.1863346,8147196.0
2019-06-27,33.462998499,34.147991645,34.527987842,33.389249237,7769226.0
2019-06-28,34.266323794,33.959660196,34.539654392,33.864661146,6300204.0
2019-07-01,34.724652541,34.271323744,35.077149014,33.887994246,6997854.0
2019-07-02,34.332989794,34.126325195,34.649653292,34.069659095,4265958.0
2019-07-03,34.514654642,34.824651541,35.224647538,34.391322543,5762844.0
2019-07-05,34.87631769,34.90298409,35.081315639,34.496321493,4193250.0
2019-07-08,34.762985491,34.97131674,35.259647188,34.709652691,5600124.0
2019-07-09,34.91631729,35.889640884,35.964640134,34.91631729,7248186.0
2019-07-10,36.199637782,35.779641985,36.436302081,35.512977986,6925176.0
2019-07-11,36.157971533,36.276303682,36.454635231,35.927973834,4818258.0
2019-07-12,36.337969731,36.156304883,36.481418296,35.819641585,4794342.0
2019-07-15,36.294636832,36.60963368,36.793798504,36.087972233,6850518.0
2019-07-16,36.66629978,36.64463333,37.076295677,36.402969081,5769708.0
2019-07-17,36.739632379,37.272960376,37.497958125,36.739632379,6125130.0
2019-07-18,37.072962377,37.051295927,37.137961727,36.58630058,6404202.0
2019-07-19,37.249627276,37.042962677,37.469625075,37.042962677,7565562.0
2019-07-22,37.166294777,36.931297128,37.327959826,36.311303332,8113974.0
2019-07-23,37.117961927,37.324626526,37.377159333,36.914630628,4026834.0
2019-07-24,37.332959776,37.502958074,37.612956974,37.221294226,5372046.0
2019-07-25,37.517957924,37.232960776,37.582957274,36.959630178,4008546.0
2019-07-26,37.499624775,37.837954722,38.022952871,37.282960276,5206002.0
2019-07-29,37.837954722,37.607957024,37.957953522,36.617133605,4729362.0
2019-07-30,37.432958775,37.962953472,38.047952621,37.337959725,4241286.0
2019-07-31,37.962953472,37.756288873,38.23961737,37.294626826,5998848.0
2019-08-01,37.774622023,37.564624124,38.32294987,37.266293776,6110988.0
2019-08-02,37.499624775,36.926297178,37.572957374,36.809631679,5430642.0
2019-08-05,35.832974785,35.754642235,36.107138708,35.182981288,6044754.0
2019-08-06,36.112971983,35.684642935,36.416302281,35.351312937,6178176.0
2019-08-07,35.487978237,35.329646488,35.529644486,34.717985941,6922278.0
2019-08-08,35.696309485,35.841308034,36.057972533,35.441312037,5475024.0
2019-08-09,35.832974785,35.864641134,36.152971583,35.546310986,3845664.0
2019-08-12,35.789641885,36.049639283,36.126305183,35.427978837,2502756.0
2019-08-13,35.999639784,37.076295677,37.276293676,35.999639784,5034288.0
2019-08-14,36.53463443,36.094638833,36.599617113,35.619643586,4415070.0
2019-08-15,36.122971883,35.767975435,36.304636732,35.527144511,4102278.0
2019-08-16,35.869641084,33.21133435,36.632133455,32.734672453,30006486.0
2019-08-19,33.614663648,33.004669751,33.614663648,32.028012857,28157778.0
2019-08-20,33.146335001,33.279667,33.539664398,32.641340054,8829354.0
2019-08-21,33.456331899,33.961326846,34.312989994,33.402999099,7536918.0
2019-08-22,34.166324795,34.092992195,34.432988793,33.725495872,6769434.0
2019-08-23,34.056325895,33.594663848,34.611320342,33.529664498,6805860.0
2019-08-26,33.732995797,33.941327046,34.064659145,33.527997848,5142840.0
2019-08-27,34.167991444,33.679662997,34.302990094,33.511331348,3589182.0
2019-08-28,33.3329998,33.033002801,33.587163923,32.979670002,5320002.0
2019-08-29,33.516331298,33.357999549,33.739262401,33.166334801,6857742.0
2019-08-30,33.681329647,33.936327096,34.104658745,33.426315532,6668676.0
2019-09-03,33.631330148,33.18800125,33.967993446,33.046336001,9860376.0
2019-09-04,33.3329998,33.414665649,33.632996798,32.714672653,21754176.0
2019-09-05,36.336303081,35.341313037,36.336303081,34.184657944,41674596.0
2019-09-06,35.299646788,35.986306584,36.439635381,35.258813863,15633330.0
2019-09-09,35.966306784,35.196314488,36.007973033,34.754652241,9440814.0
2019-09-10,34.89465084,34.472988393,35.236314088,34.166324795,9091398.0
2019-09-11,34.497988143,35.734642435,35.906307384,34.482988293,8220078.0
2019-09-12,35.877974334,34.87298439,36.04927262,34.606320392,9660414.0
2019-09-13,34.84965129,34.724652541,35.086315589,34.416322293,7174212.0
2019-09-16,34.669653091,35.966306784,36.218637592,34.621320242,8777928.0
2019-09-17,35.747975635,35.447978637,35.911307334,34.89798414,7163526.0
2019-09-18,35.441312037,35.031316139,35.499644787,34.569020765,9207114.0
2019-09-19,34.85965119,34.814651641,35.132981789,34.531321142,8248446.0
2019-09-20,34.832984791,34.707986041,35.429645487,34.529654492,6060864.0
2019-09-23,34.89298419,34.95131694,35.203814413,34.752985591,4346820.0
2019-09-24,35.207981038,34.577987342,35.462978487,34.266323794,5472258.0
2019-09-25,34.401322443,35.226314188,35.409645687,34.104658745,9678720.0
2019-09-26,35.292980188,34.797985141,35.349646287,34.524654542,4506084.0
2019-09-27,34.86965109,33.732995797,34.965483465,33.682996297,9628392.0
2019-09-30,33.682996297,33.971326746,34.149658295,33.585497273,7074792.0
2019-10-01,34.324656544,34.166324795,34.827984841,34.097425484,6764010.0
2019-10-02,33.901327446,34.234657444,34.374656043,33.751328947,6220056.0
2019-10-03,34.236324094,34.742985691,34.92965049,34.101325445,7462662.0
2019-10-04,34.85465124,35.094648839,35.166314789,34.632986792,4821510.0
2019-10-07,35.047982639,35.467978437,35.752975585,34.85465124,8356602.0
2019-10-08,35.234647438,34.489654893,35.396695817,34.434655443,5705568.0
2019-10-09,34.83465144,34.90131744,34.98464994,34.587987242,4450080.0
2019-10-10,34.749652291,34.88298429,35.194647838,34.372989393,6180438.0
2019-10-11,35.016316289,35.069649089,35.769642085,34.99964979,6700818.0
2019-10-14,34.99964979,35.591310536,35.629643486,34.99964979,5722776.0
2019-10-15,35.649643286,35.429645487,35.942973684,35.191314538,5486352.0
2019-10-16,35.332979788,35.489644887,35.832974785,34.785485266,6984006.0
2019-10-17,35.646309986,35.711309335,35.894640834,35.351312937,3731142.0
2019-10-18,35.657976536,35.434645437,35.771308735,34.91131734,4715880.0
2019-10-21,35.332979788,35.377979337,35.582977286,34.945483665,8425722.0
2019-10-22,35.487978237,35.567977436,36.050155945,35.396312487,6305496.0
2019-10-23,35.682976285,36.199637782,36.447135306,35.566310786,5748888.0
2019-10-24,36.349636281,36.927963828,36.977963328,36.314636632,5532420.0
2019-10-25,36.832964779,37.441292025,37.511291324,36.50463473,5809098.0
2019-10-28,37.441292025,37.991286522,38.147951621,37.441292025,6280266.0
2019-10-29,37.977953322,37.431292125,37.977953322,37.306310042,5267376.0
2019-10-30,37.406292375,37.829621473,37.969620072,37.201294426,3794976.0
2019-10-31,37.871287722,37.897954122,37.956286872,37.427958825,3664452.0
2019-11-01,37.999619772,38.927943816,38.969610066,37.869621072,8007822.0
2019-11-04,39.166274765,39.002943065,39.492938163,38.982943266,4692486.0
2019-11-05,38.962943466,38.919610566,39.056275865,38.599613768,5090322.0
2019-11-06,39.012942965,38.781278617,39.324606514,38.676946327,6882468.0
2019-11-07,38.832944767,38.976276666,39.344606313,38.802945067,5389524.0
2019-11-08,38.976276666,39.487938213,39.666269762,38.739612367,4410732.0
2019-11-11,39.457938513,39.334606413,39.487938213,39.00210974,5845320.0
2019-11-12,39.499604763,40.191264508,40.372929357,39.336273063,6908106.0
2019-11-13,40.109598659,40.537927706,41.072922353,39.86126781,8027646.0
2019-11-14,40.106265359,40.917923904,40.984589904,39.92126721,5618706.0
2019-11-15,40.832924755,41.166254753,41.246253952,40.666259756,5964246.0
2019-11-18,41.166254753,41.431252101,41.5245845,40.918140568,8958084.0
2019-11-19,41.332919752,41.362919451,41.58291725,40.997923104,6495186.0
2019-11-20,41.257920502,41.311253302,41.677916299,41.012922953,7227888.0
2019-11-21,41.166254753,41.122921853,41.447918601,40.947923604,6665160.0
2019-11-22,41.331253102,41.144588303,41.441252001,40.796258455,6786108.0
2019-11-25,41.307920002,41.712915949,41.824581499,41.241254002,17238894.0
2019-11-26,37.999619772,36.727965829,38.067952421,36.53296778,46547400.0
2019-11-27,36.929630478,37.044629327,37.237810728,35.816324951,21981816.0
2019-11-29,37.249627276,37.869621072,37.912953972,37.179627976,10603908.0
2019-12-02,37.979619972,37.451291925,37.979619972,36.836298078,10044978.0
2019-12-03,37.221294226,37.834621422,38.059569172,37.102978743,8916390.0
2019-12-04,37.839621372,37.602957074,38.25961717,37.582957274,7241802.0
2019-12-05,37.841288022,38.144618321,38.436282069,37.824621523,6315288.0
2019-12-06,38.166284771,37.731289123,38.404615719,37.731289123,5564418.0
2019-12-09,37.672956373,37.642956674,37.912953972,37.346292975,5284908.0
2019-12-10,37.749622273,37.547957624,38.016286271,37.404625725,3830556.0
2019-12-11,37.464625125,37.827954823,37.982953272,37.430275468,5189760.0
2019-12-12,37.946286972,37.814621623,38.20628437,37.541291024,6005532.0
2019-12-13,37.759622173,37.831288123,38.097118796,37.584623924,5042694.0
2019-12-16,37.749622273,38.28128362,38.336283069,37.667956423,7402056.0
2019-12-17,38.416282269,38.444615319,38.446281969,37.942953672,5080626.0
2019-12-18,38.499614769,38.23628407,38.566280768,38.072952371,6860772.0
2019-12-19,38.24961727,38.18295127,38.359616169,37.952953572,5473692.0
2019-12-20,38.31128332,38.334616419,38.559614168,38.124618521,5748324.0
2019-12-23,38.342949669,38.554614218,38.669613067,38.25295057,4199766.0
2019-12-24,38.499614769,38.631280118,38.687579554,38.443781994,3232710.0
2019-12-26,38.687946217,38.922943866,39.196274464,38.634613418,4320852.0
2019-12-27,39.137941715,38.877944316,39.164608115,38.707946017,3056934.0
2019-12-30,38.764612117,38.571280718,38.813778292,38.21295097,3635556.0
2019-12-31,38.522947868,38.541281018,38.721279217,38.364616119,2921484.0
2020-01-02,38.872944366,39.234607414,39.322939864,38.824611517,5671992.0
2020-01-03,38.822944867,39.471271713,39.497938113,38.822944867,4462704.0
2020-01-06,39.391272513,40.042932659,40.089598859,39.284606914,6686718.0
2020-01-07,40.042932659,40.272930358,40.416262257,39.88793421,6792630.0
2020-01-08,39.666269762,39.761268811,39.95960016,39.462938463,6314730.0
2020-01-09,39.86293446,40.011266309,40.157098184,39.646269962,4507182.0
2020-01-10,40.049599259,39.644603312,40.436262057,39.546270962,5263584.0
2020-01-13,39.807935011,40.152931559,40.284596908,39.807935011,5469912.0
2020-01-14,40.136265059,39.99959976,40.415428932,39.812934961,5750202.0
2020-01-15,40.094598809,40.116265259,40.709592655,40.067932409,3836754.0
2020-01-16,40.272930358,40.542927656,40.602927056,40.136265059,6134082.0
2020-01-17,40.571260706,40.344596307,40.731259105,40.123765184,6161946.0
2020-01-21,40.259597158,40.537927706,40.632926756,40.030599449,6846864.0
2020-01-22,40.812924955,40.621260206,40.912923954,40.510427981,4260786.0
2020-01-23,40.482928257,40.816258255,40.824591505,40.3686294,3663714.0
2020-01-24,40.832924755,40.482928257,41.287920202,40.367446079,6035340.0
2020-01-27,39.691269511,39.641270012,39.774602011,39.270440389,4712946.0
2020-01-28,39.794601811,39.85293456,40.277546978,39.484604913,3624006.0
2020-01-29,40.036266059,39.591270512,40.298763433,39.586270562,3509874.0
2020-01-30,39.379605963,39.666269762,39.784601911,39.294656813,4624428.0
2020-01-31,39.671269711,39.129608465,39.757935511,39.017942915,4335594.0
2020-02-03,39.142941665,39.327939814,39.391272513,38.939610366,6013188.0
2020-02-04,39.457938513,40.031266109,40.139598359,39.184607914,4229658.0
2020-02-05,40.417928907,40.276263658,40.482928257,39.746268961,4304712.0
2020-02-06,40.427928807,41.011256303,41.052922553,40.262097133,5092782.0
2020-02-07,40.999589754,40.969590054,41.144588303,40.662926456,3958578.0
2020-02-10,40.894590804,41.252920552,41.414585601,40.627760141,3435522.0
2020-02-11,41.499584751,41.137921703,41.6579165,41.049589253,3371934.0
2020-02-12,41.231254102,40.786258555,41.231254102,40.049599259,7268208.0
2020-02-13,40.699592755,40.934590404,41.094588803,40.535427731,5210208.0
2020-02-14,41.166254753,41.207921002,41.496251451,40.894590804,3789546.0
2020-02-18,41.257920502,41.53625105,41.669583049,41.073255683,5785302.0
2020-02-19,41.53625105,41.451251901,41.850414573,41.217920902,4245384.0
2020-02-20,41.301253402,41.52291785,41.6179169,40.709592655,6421296.0
2020-02-21,41.406252351,40.499594757,41.406252351,40.067099084,9021462.0
2020-02-24,39.471271713,39.554604212,39.656269862,38.546280968,17634174.0
2020-02-25,33.666329798,32.826338203,33.982993296,32.029679507,59718678.0
2020-02-26,32.846338002,31.59635051,33.216267634,31.253020612,19692252.0
2020-02-27,30.749692315,31.259687212,32.581340654,30.436362117,20486628.0
2020-02-28,30.293030218,30.769692115,31.890647565,30.176364718,21576456.0
2020-03-02,30.818024965,31.54801766,31.58135066,29.85136797,12958614.0
2020-03-03,31.55801756,30.339696417,31.859681208,29.89636752,11193792.0
2020-03-04,30.993023214,30.981356664,31.076355713,30.508028066,8088030.0
2020-03-05,30.334696467,30.174698068,30.933023814,29.86970112,8656476.0
2020-03-06,29.479705023,29.361372873,29.86470117,28.818044977,11580294.0
2020-03-09,27.443058735,26.463068541,28.31638333,25.629743546,20055090.0
2020-03-10,27.401392485,27.911387382,28.014719681,26.55306764,12548556.0
2020-03-11,27.346393035,26.254737292,27.611390384,25.879741044,11927148.0
2020-03-12,24.341423103,23.424765609,24.88975095,23.334766509,18011478.0
2020-03-13,24.543087752,25.261413898,25.268080498,23.091435611,11984082.0
2020-03-16,22.516441364,22.861437912,23.579764058,22.305610141,13267716.0
2020-03-17,23.068102511,23.593097258,24.116425355,22.443108765,13229358.0
2020-03-18,22.256443966,22.096445567,23.491431609,20.911457424,15503436.0
2020-03-19,21.938113818,23.18476801,24.034759505,21.844564754,11408472.0
2020-03-20,23.711429407,23.921427306,25.494744897,23.499764859,10484796.0
2020-03-23,23.639763458,24.359756253,25.095432225,23.536431158,9373326.0
2020-03-24,25.728075895,26.786398639,27.136395137,25.668076495,15617022.0
2020-03-25,27.293060236,27.668056483,28.124718581,26.093072243,12357588.0
2020-03-26,28.093052231,27.999719832,28.709712727,27.626390234,9399396.0
2020-03-27,27.038062787,27.089728937,27.546391034,26.709732739,9257622.0
2020-03-30,27.166394837,27.744722383,28.366382829,26.958063588,12380064.0
2020-03-31,27.333059836,27.326393236,28.116385331,27.033062837,8755812.0
2020-04-01,26.333069842,27.309726736,28.292216905,26.333069842,12900198.0
2020-04-02,27.128061887,27.589723934,28.119718631,26.758065589,8778000.0
2020-04-03,27.214727686,27.109728737,27.936387132,26.748065689,5999514.0
2020-04-06,28.22638423,28.556380928,28.739712427,27.6897396,10118082.0
2020-04-07,29.494704873,28.801378477,29.813035021,28.75941223,9024738.0
2020-04-08,29.166374825,29.359706223,29.628036872,28.726379227,7908864.0
2020-04-09,29.811368371,29.646370022,30.741359065,29.556370922,11857716.0
2020-04-13,30.101365469,30.493028217,30.646360016,29.85136797,8779674.0
2020-04-14,31.246354012,31.321353262,31.424685561,30.736359115,7705476.0
2020-04-15,30.781358665,31.058022563,31.333019812,30.666359816,6197490.0
2020-04-16,31.309686712,31.714682659,31.924680558,31.101355463,7640526.0
2020-04-17,32.499674805,32.238010756,32.723005903,31.893014208,10764780.0
2020-04-20,32.078012357,32.381342655,32.904670752,31.971346758,7082898.0
2020-04-21,31.993013208,31.084688963,32.373009405,30.721359265,7291458.0
2020-04-22,31.66634981,31.976346708,32.253843931,31.60635041,4706550.0
2020-04-23,31.931347158,32.014679657,32.483008305,31.698016159,4052862.0
2020-04-24,32.141345057,32.241344056,32.486341605,32.068012457,5060604.0
2020-04-27,32.714672653,32.813005003,33.3030001,32.534674454,8987712.0
2020-04-28,33.3329998,32.258010556,33.441332049,32.193011206,6177942.0
2020-04-29,32.868004452,32.949670302,33.336333099,32.649673304,6318036.0
2020-04-30,32.693006203,32.751338953,33.2263342,32.553007604,3645006.0
2020-05-01,32.166344807,32.446342005,32.656339904,32.023012907,6433374.0
2020-05-04,32.283010306,31.973013408,32.283010306,31.758015559,5932278.0
2020-05-05,32.298010156,33.034669451,33.32466655,32.293010206,6581856.0
2020-05-06,33.811328347,33.537997748,34.016326295,33.424665549,8328180.0
2020-05-07,34.139658395,35.521311236,35.692976185,33.989676562,10390734.0
2020-05-08,35.724642535,35.659643186,35.852974584,35.191314538,6393150.0
2020-05-11,35.499644787,36.376302681,36.58796723,35.41006235,7197120.0
2020-05-12,36.499634781,35.694642835,36.569984077,35.591310536,5841798.0
2020-05-13,36.66629978,35.956306884,36.974630028,35.131315139,10498830.0
2020-05-14,35.316313288,36.59463383,36.59630048,35.314646638,9666630.0
2020-05-15,36.332969782,37.137961727,37.327959826,36.157971533,8156670.0
2020-05-18,37.627956824,37.689622873,38.561280818,37.344626325,7478244.0
2020-05-19,37.796288473,37.857954522,38.737945717,37.796288473,13197318.0
2020-05-20,38.416282269,39.079608965,39.12544184,38.334616419,9340560.0
2020-05-21,38.999609766,38.24961727,39.611270312,38.084618921,15858306.0
2020-05-22,39.99959976,39.654603212,40.522927856,38.668779742,24634260.0
2020-05-26,39.99126651,38.527947818,40.209597658,38.499614769,12652248.0
2020-05-27,38.512947968,38.631280118,38.691279517,37.187961226,9913308.0
2020-05-28,38.412948969,38.23128412,38.869611066,37.898004122,6410856.0
2020-05-29,38.342949669,39.211274314,39.282106939,38.16795142,8001432.0
2020-06-01,39.166274765,39.717935911,39.898767435,38.733779092,5872800.0
2020-06-02,39.717935911,39.97626666,39.98959986,39.231274114,5398650.0
2020-06-03,39.654603212,38.901277416,40.139598359,38.884610916,11907294.0
2020-06-04,38.33294977,37.781288623,38.652946568,37.472958375,18656694.0
2020-06-05,37.791288523,38.564614118,38.736279067,37.374626025,10532142.0
2020-06-08,38.347949619,39.631270112,39.654603212,38.137951721,10690242.0
2020-06-09,39.666269762,38.926277166,39.737935711,38.914610616,5252586.0
2020-06-10,39.166274765,38.779611967,39.416272263,38.776278667,7234392.0
2020-06-11,37.927953822,36.986296578,38.532947768,36.931297128,8663898.0
2020-06-12,37.869621072,36.974630028,38.064619121,36.291303532,8498448.0
2020-06-15,36.63130013,37.716289273,37.844621322,36.246303982,7233882.0
2020-06-16,38.33294977,38.116285271,38.361282819,37.666289774,5865864.0
2020-06-17,38.24628397,38.20628437,38.607947018,38.124618521,4824846.0
2020-06-18,38.166284771,38.387949219,38.532947768,38.029619471,6762042.0
2020-06-19,38.832944767,38.454615219,39.05710919,37.976286672,11375880.0
2020-06-22,38.476281669,38.812944967,39.084608915,38.362949469,8162856.0
2020-06-23,38.677946317,38.21795092,38.807945017,38.069619071,8329476.0
2020-06-24,38.166284771,37.232960776,38.517947918,36.887964228,7705620.0
2020-06-25,37.166294777,37.816288273,37.849621272,36.866297778,5842296.0
2020-06-26,37.739622373,37.564624124,37.812954973,37.172961376,13090374.0
2020-06-29,37.474625025,37.847954622,37.999619772,36.791298529,5737644.0
2020-06-30,37.847954622,38.27795032,38.337949719,37.689489541,9508608.0
2020-07-01,38.23461742,38.22628417,38.491281519,37.952953572,7942026.0
2020-07-02,38.499614769,38.421282219,38.807945017,38.21961757,8546310.0
2020-07-06,38.777945317,39.317939914,39.754602211,38.684612917,6132846.0
2020-07-07,39.276273664,38.844611316,39.817934911,38.799611767,7535802.0
2020-07-08,38.999609766,40.469595057,40.499594757,38.931277116,11723370.0
2020-07-09,40.661259806,41.429585451,41.59958375,40.391262507,11844132.0
2020-07-10,41.451251901,41.492918151,41.499584751,40.871257704,8173344.0
2020-07-13,41.707915999,40.176264658,42.639573344,40.092515496,14930328.0
2020-07-14,40.006266359,40.887924204,40.921257204,39.264607114,8929542.0
2020-07-15,41.084588903,40.082932259,41.123755178,39.91126731,4662114.0
2020-07-16,39.672936361,39.562937462,39.91793391,39.131275115,5271774.0
2020-07-17,39.722935861,39.96793341,40.107932009,39.271273714,3318732.0
2020-07-20,40.242930658,41.932913748,42.061245797,40.167948075,5886216.0
2020-07-21,42.054579197,41.55291755,42.164578097,41.311253302,6103056.0
2020-07-22,41.872914348,41.726249149,42.549574244,41.5012514,6045042.0
2020-07-23,41.692916149,41.416252251,42.499574745,41.186271219,6676620.0
2020-07-24,40.764592105,40.627926806,40.927923804,40.249597258,3100968.0
2020-07-27,40.857924504,41.276253652,41.376252651,40.545427631,3118362.0
2020-07-28,41.249587252,40.801258405,41.59291715,40.767925405,2145768.0
2020-07-29,41.216254252,41.424585501,41.912913948,41.204587702,3065346.0
2020-07-30,41.164588103,41.964580098,42.117911897,40.912923954,4405464.0
2020-07-31,42.166244747,42.652906544,42.652906544,41.244587302,3393726.0
2020-08-03,42.652906544,42.404575695,42.735955713,42.104578697,3179088.0
2020-08-04,42.172911346,42.484574895,42.486241545,41.785748554,2316426.0
2020-08-05,43.17456799,44.016226235,44.366222733,42.907903992,8175096.0
2020-08-06,44.111225285,44.312889934,44.319556534,43.18956784,4170774.0
2020-08-07,44.176224634,43.541230988,44.289556834,42.943136973,4956072.0
2020-08-10,43.541230988,43.037902691,43.618896878,42.307909996,4306518.0
2020-08-11,42.742905643,42.537907694,43.494564789,42.342909645,3993858.0
2020-08-12,42.699572743,43.30290004,43.619563538,42.659573144,2988768.0
2020-08-13,43.24956724,43.592897138,43.927893786,42.826404808,2725548.0
2020-08-14,43.664563088,43.18456789,43.772895337,43.057902491,2665116.0
2020-08-17,43.366232739,43.742895637,44.031226085,43.33289974,3654948.0
2020-08-18,44.499554733,44.292890134,44.91621723,44.021226185,4937892.0
2020-08-19,44.472888333,44.91288393,45.383712552,43.916227236,8371062.0
2020-08-20,44.721219181,45.419545527,45.592877126,44.529554432,7485270.0
2020-08-21,45.602877026,44.88788418,45.837874674,44.743718956,8677968.0
2020-08-24,45.667876375,44.511221282,45.727875775,44.1263918,19516272.0
2020-08-25,43.32956644,43.497898089,44.252940533,43.32956644,26867376.0
2020-08-26,43.499564739,43.906227336,44.097892085,43.434665388,14063508.0
2020-08-27,43.832894737,42.561240794,43.832894737,42.017912897,13890564.0
2020-08-28,42.821238193,42.444575295,43.096235441,42.111661959,7823742.0
2020-08-31,42.274576996,42.901237392,43.039569341,42.159578147,8864562.0
2020-09-01,43.149568241,43.082902241,43.517897888,42.874570992,8840358.0
2020-09-02,43.24123399,42.909570642,43.441231989,42.266243746,6688260.0
2020-09-03,42.257910496,40.367929407,42.257910496,39.754602211,14442996.0
2020-09-04,40.106265359,39.274607014,40.461261807,37.857954522,11728674.0
2020-09-08,38.33294977,38.987943216,39.606270362,38.084618921,11830452.0
2020-09-09,39.87293436,39.732935761,40.007933009,38.931277116,5579268.0
2020-09-10,39.791268511,39.492938163,40.539594356,39.42618883,6812970.0
2020-09-11,40.332929758,40.489594857,40.679592955,39.751285577,9513462.0
2020-09-14,40.999589754,40.954590204,41.307920002,40.681259605,7004250.0
2020-09-15,41.332919752,41.346252951,41.60291705,40.832924755,6357156.0
2020-09-16,41.466251751,41.144588303,41.787915199,41.134588403,4714524.0
2020-09-17,40.384595907,40.237930708,40.515927926,39.716269261,9361476.0
2020-09-18,40.689592855,40.266263758,40.72209253,39.651269912,7435638.0
2020-09-21,39.652936562,40.434595407,40.629593456,39.469605063,6230058.0
2020-09-22,40.674593005,41.082922253,41.292920152,39.93960036,5449746.0
2020-09-23,41.082922253,39.85460121,41.314836599,39.751268911,6265092.0
2020-09-24,39.676269661,39.664603112,40.122098534,39.195441139,4693128.0
2020-09-25,39.672936361,40.356262857,40.464595107,39.369606063,6893976.0
2020-09-28,40.736259055,40.989589854,41.257920502,40.667926405,5834964.0
2020-09-29,40.997923104,41.081255603,41.437918701,40.946256954,7391394.0
2020-09-30,40.792925155,40.791258505,41.301253402,40.634593406,4067664.0
2020-10-01,41.444585301,41.754582199,42.129578447,41.271253702,6755892.0
2020-10-02,41.052922553,40.859591154,41.892914148,40.612926956,4371864.0
2020-10-05,40.944590304,41.444585301,41.59291715,40.667926405,4977804.0
2020-10-06,41.282920252,41.206254352,42.071245697,41.096255453,3415812.0
2020-10-07,41.5479176,41.826248149,42.172911346,41.274587002,2829330.0
2020-10-08,42.039579347,41.5845839,42.219577546,41.416252251,4481478.0
2020-10-09,42.039579347,42.086245547,42.344576295,41.699582749,3804882.0
2020-10-12,42.499574745,42.182911246,42.664573094,42.086245547,3714462.0
2020-10-13,42.166244747,42.424575495,42.584573894,41.879580948,4377486.0
2020-10-14,42.749572243,42.682906243,43.357899489,42.339576345,4928592.0
2020-10-15,42.159578147,41.969580048,42.538374356,41.574600667,3948816.0
2020-10-16,42.226244146,41.059589153,42.311243296,40.917923904,6486060.0
2020-10-19,41.267920402,40.389595857,41.53291775,40.114598609,5385594.0
2020-10-20,40.477928307,39.87960096,40.917923904,39.87126771,4444620.0
2020-10-21,39.831268111,39.307940014,39.92460051,39.094608815,6799338.0
2020-10-22,39.491271513,39.599603762,39.94626696,38.887944216,4749384.0
2020-10-23,39.739602361,39.422938863,39.786268561,39.239607364,3181494.0
2020-10-26,39.264607114,38.602947068,39.355439538,38.014619621,4476564.0
2020-10-27,38.874611016,38.589613868,39.001276415,38.539614368,3012000.0
2020-10-28,38.19961777,37.654623224,38.19961777,37.381292625,4883340.0
2020-10-29,37.654623224,38.127951821,38.359616169,37.634623424,3998898.0
2020-10-30,37.987953222,36.864631128,38.067952421,36.55630088,7372824.0
2020-11-02,37.131295127,36.974630028,37.581290624,36.827964829,4840734.0
2020-11-03,37.377959325,37.986286572,38.27461702,37.165461452,4536900.0
2020-11-04,38.33294977,39.196274464,39.84960126,38.141285021,6100002.0
2020-11-05,40.347929607,40.702926055,40.897090779,39.954183547,6355890.0
2020-11-06,40.666259756,41.671249699,41.856247848,40.516261256,6233460.0
2020-11-09,42.197911096,42.021246197,43.012902941,41.716249249,6418110.0
2020-11-10,41.402919051,40.452928557,41.892914148,39.87460101,6127758.0
2020-11-11,41.387919201,42.132911747,42.401242395,41.002923053,7106562.0
2020-11-12,42.007912997,41.992913148,42.392909145,41.53958435,5463606.0
2020-11-13,42.206244346,43.116235241,43.489564839,42.166244747,9738366.0
2020-11-16,44.94788358,46.416202221,46.50953462,44.381222583,19898250.0
2020-11-17,46.414535571,48.951176856,49.194507754,45.932873724,20767908.0
2020-11-18,48.33284971,46.856197818,48.662846408,46.856197818,9827022.0
2020-11-19,46.916197218,47.919520512,48.30285001,46.832864719,6898698.0
2020-11-20,47.999519712,48.667846357,49.15367483,47.852854512,5634150.0
2020-11-23,48.914510556,49.339506303,49.451171853,48.074518961,6802800.0
2020-11-24,49.466171703,49.527837752,49.567837352,48.832844707,5259852.0
2020-11-25,49.551170852,49.547837552,49.749502201,48.999509706,4298166.0
2020-11-27,49.547837552,49.217840854,49.627836752,48.91639387,2627268.0
2020-11-30,49.171174654,48.986176506,49.354506153,48.295150087,4912254.0
2020-12-01,49.491171453,49.137841655,49.491171453,48.554514158,5251968.0
2020-12-02,48.927843756,48.871177656,48.966176706,48.341199626,3915594.0
2020-12-03,48.949510206,49.437838653,49.829501401,48.802845007,8082522.0
2020-12-04,49.832834701,50.714492545,50.999489694,49.486171503,7135956.0
2020-12-07,50.666159696,50.481161547,50.794475078,50.291896774,3454866.0
2020-12-08,50.574493946,51.702815989,52.517807834,50.501161346,8691042.0
2020-12-09,51.097822043,50.357829447,51.445318566,49.754502151,8246778.0
2020-12-10,50.232830698,51.311153242,51.328653067,49.9994997,5491176.0
2020-12-11,51.332819692,51.65448314,51.911147238,51.00783961,3863046.0
2020-12-14,51.782815189,52.379475885,52.566140684,51.782815189,6293190.0
2020-12-15,52.799471683,52.907803932,53.116135181,52.507807934,6305580.0
2020-12-16,53.827794727,53.887794126,54.633619997,53.518631153,6231030.0
2020-12-17,54.084458825,55.232780668,55.461111717,54.084458825,9747906.0
2020-12-18,56.912763858,59.254407094,59.581070492,56.332769662,21519798.0
2020-12-21,58.582747148,59.336072943,59.482738143,57.881087502,14193696.0
2020-12-22,59.681069491,62.009379527,62.082712127,59.489404743,12258798.0
2020-12-23,62.497707975,60.802724935,62.499374625,60.70189261,8142642.0
2020-12-24,60.991056384,61.189387732,61.66604963,60.591060386,3170778.0
2020-12-28,61.58105048,60.246063838,61.697715979,59.93273364,8635356.0
2020-12-29,60.244397188,59.366072643,60.460895022,58.916077146,6800826.0
2020-12-30,59.777735191,59.297739994,60.126065039,59.281073494,3671490.0
2020-12-31,59.499404643,59.231073994,59.811068191,58.836077946,6726522.0
2021-01-04,59.229407344,58.609413548,59.229407344,57.407758905,8480364.0
2021-01-05,58.457748399,58.357749399,58.797744997,57.827754703,6181044.0
2021-01-06,57.607756904,57.546090854,58.416082149,57.172761256,6739698.0
2021-01-07,58.3044166,60.517727786,60.619393436,58.18275115,8319036.0
2021-01-08,61.166054633,61.091055383,61.852714428,60.664392986,6849366.0
2021-01-11,59.99939964,60.799391635,61.332719632,59.756068741,4766442.0
2021-01-12,61.002722933,61.746048829,62.019379427,60.764391985,4238334.0
2021-01-13,61.966046628,60.966056634,62.074378877,60.388562412,7466802.0
2021-01-14,61.067722283,60.526061036,61.66271633,60.506061236,4861518.0
2021-01-15,61.061055683,60.811058185,61.999379628,60.631076652,4871316.0
2021-01-19,61.389385731,60.674392885,61.59105038,60.534394286,5663622.0
2021-01-20,61.66604963,61.757715379,61.896047328,60.926057034,3398958.0
2021-01-21,62.086045427,60.936056934,62.372709225,60.616060136,5933388.0
2021-01-22,60.677726185,60.769391935,61.116055133,60.582743802,2681574.0
2021-01-25,61.427718681,60.129398339,61.66604963,57.917753802,5752584.0
2021-01-26,61.207720882,59.042742545,61.207720882,58.956076746,7090200.0
2021-01-27,58.1677513,55.861107714,58.1677513,55.76027539,13287252.0
2021-01-28,56.66609966,58.852744446,59.109408545,56.332769662,9528528.0
2021-01-29,58.664412998,58.457748399,59.019409445,57.604640268,6860292.0
2021-02-01,59.147741495,60.226064038,60.811058185,59.132741645,6793674.0
2021-02-02,62.216044126,64.559354012,65.011016159,61.979396494,15039348.0
2021-02-03,64.582687112,62.929370322,64.87101756,62.407708875,7645668.0
2021-02-04,62.927703672,63.747695467,64.032692615,62.187711076,6341946.0
2021-02-05,63.851027766,63.30769987,64.374355863,63.091035371,4961784.0
2021-02-08,64.459355013,64.232690614,65.149348109,63.362699319,6596940.0
2021-02-09,64.166024615,65.161014659,65.326013008,63.511031168,5257518.0
2021-02-10,65.569343906,65.367679257,66.271386881,64.246023814,4984872.0
2021-02-11,66.062672303,65.184347758,66.267670252,64.447688463,4309152.0
2021-02-12,65.401012257,65.852674404,65.907673854,65.116015109,3193566.0
2021-02-16,66.332669602,65.539344206,66.626016666,64.584370428,4558722.0
2021-02-17,65.082682109,65.902673904,65.916840429,64.509354512,5247732.0
2021-02-18,65.171014558,65.087682059,65.74350883,64.487688063,5152788.0
2021-02-19,66.006006203,66.149338103,67.165994597,65.667676255,9182616.0
2021-02-22,65.401012257,64.057692365,65.473878195,63.477714835,15612612.0
2021-02-23,62.999369622,62.976036522,64.164357965,58.666079648,17139156.0
2021-02-24,62.499374625,61.60105028,63.032702621,60.916057134,11208888.0
2021-02-25,61.66604963,60.006066239,61.987713078,58.928577021,8322996.0
2021-02-26,60.471061587,59.717735791,60.624376719,58.863577671,10263972.0
2021-03-01,60.709392535,61.231053982,61.377719181,60.332729638,5645226.0
2021-03-02,61.251053782,59.109408545,61.454385081,59.082742145,8070408.0
2021-03-03,58.911077196,57.292760056,59.134391628,57.077762207,7876128.0
2021-03-04,56.674432909,55.939440264,57.499424655,55.141114919,7279182.0
2021-03-05,56.332769662,55.787775115,56.436935286,53.487498132,8324304.0
2021-03-08,56.332769662,55.246113868,57.439425255,55.126115069,7586586.0
2021-03-09,56.906097258,57.069428957,57.559424054,56.50443461,8260584.0
2021-03-10,58.109418551,55.781108515,58.872744246,55.679442865,9370170.0
2021-03-11,56.999429658,57.394425705,57.724422403,56.58776711,5014350.0
2021-03-12,56.60776691,57.087762107,57.166094657,56.351102811,4193448.0
2021-03-15,57.002762957,57.381092505,57.386092455,56.114438513,3552924.0
2021-03-16,58.064419001,56.66609966,58.452748449,56.224437412,3483876.0
2021-03-17,56.214437512,56.152771463,56.999429658,55.182781168,7272174.0
2021-03-18,54.500038,52.924470432,54.99944967,52.704472633,13005006.0
2021-03-19,52.924470432,52.807804933,53.117801831,51.926147088,11835054.0
2021-03-22,52.832804683,53.906127276,54.436121973,52.797805033,9270606.0
2021-03-23,53.982793176,53.932793676,54.546120872,53.799461677,6999432.0
2021-03-24,54.166124675,53.499464679,54.491121423,53.427798729,6096132.0
2021-03-25,52.961136732,53.912793876,54.239290609,52.856971107,7372236.0
2021-03-26,53.832794677,53.28446683,54.066125675,51.952813488,7833666.0
2021-03-29,53.166134681,53.371132629,53.987793126,52.616140184,4660404.0
2021-03-30,52.976136582,53.001136331,53.454465129,52.211144236,4550142.0
2021-03-31,53.541130928,53.676129577,54.237790624,53.22613408,7327446.0
2021-04-01,54.499454673,54.674452921,55.460278392,54.307789924,5973792.0
2021-04-05,55.499444667,55.171114618,56.006939588,54.98778312,5005074.0
2021-04-06,54.97611657,56.229437362,56.882764158,54.764452021,7903398.0
2021-04-07,56.029439363,56.427768711,56.714432509,55.698142678,5571534.0
2021-04-08,57.081095507,57.207760906,57.961086702,56.865264333,5916870.0
2021-04-09,57.284426806,58.2510838,58.28608345,56.789431759,5487108.0
2021-04-12,57.981086502,59.226074044,60.187731088,57.981086502,7714002.0
2021-04-13,59.436071943,59.98273314,60.864390984,59.436071943,4504914.0
2021-04-14,60.409395537,60.162731339,61.124388383,59.89273404,5244906.0
2021-04-15,60.966056634,61.729382329,62.167711276,60.862940999,6396930.0
2021-04-16,61.679382829,61.107721883,61.896047328,60.866890959,4842762.0
2021-04-19,60.832724635,61.159388033,61.434385281,60.291063388,5043846.0
2021-04-20,61.159388033,59.99939964,61.478834836,59.631069992,3940530.0
2021-04-21,59.99939964,59.434405293,60.122731739,58.971076596,7360902.0
2021-04-22,59.166074645,58.801078297,59.666069642,58.527747698,6290016.0
2021-04-23,59.251073794,59.736068941,59.93606694,58.857744396,4691886.0
2021-04-26,60.147731489,60.244397188,60.54604417,59.574403892,3674004.0
2021-04-27,60.179397838,59.746068841,60.282396808,59.212740844,4932420.0
2021-04-28,59.93273364,60.026066039,60.499394637,59.171074594,3785904.0
2021-04-29,60.197730988,59.191074394,60.197730988,58.666079648,3246414.0
2021-04-30,58.731078997,58.897743996,59.92106709,58.731078997,3657972.0
2021-05-03,59.261073694,58.17941785,59.302739944,58.1744179,3998766.0
2021-05-04,57.737755603,57.599423654,57.925253727,56.5054846,5207628.0
2021-05-05,57.927753702,56.862764358,58.1744179,56.53443431,3055182.0
2021-05-06,56.687766109,56.239437262,56.687766109,55.451111817,4508490.0
2021-05-07,57.217760806,57.056095757,57.407758905,56.671099609,3763254.0
2021-05-10,57.212760856,56.889430758,57.666089654,56.492768061,3654168.0
2021-05-11,55.459445067,57.237760606,57.552757454,55.459445067,4353456.0
2021-05-12,56.297770012,55.847774514,56.696099359,55.497778017,5297016.0
2021-05-13,55.964440014,53.979459876,56.183604487,53.703629302,8330958.0
2021-05-14,54.689452771,56.136104963,56.459435061,54.689452771,6426720.0
2021-05-17,56.312769862,55.966106664,56.756098759,55.261113718,4874004.0
2021-05-18,56.841097908,56.681099509,57.724422403,56.56943396,6826392.0
2021-05-19,55.899440664,55.929440364,56.389435761,55.302779968,6582210.0
2021-05-20,56.239437262,57.097762007,57.449408488,56.187771112,12509112.0
2021-05-21,60.314396488,60.407728887,61.071055583,59.351072793,22633554.0
2021-05-24,60.157731389,60.752725435,61.66604963,59.84440119,7980192.0
2021-05-25,61.392719031,60.846057834,61.61271683,60.386062437,6524004.0
2021-05-26,61.314386482,61.294386682,62.381042475,61.074388883,6183366.0
2021-05-27,61.294386682,61.209387532,61.799381629,60.046899164,6506160.0
2021-05-28,61.286053432,60.541060886,61.816048129,60.274396888,8257962.0
2021-06-01,61.007722883,60.057732389,61.249387132,59.759418707,4423254.0
2021-06-02,59.98939974,59.611070192,60.546060836,59.307739894,4709424.0
2021-06-03,59.299406644,58.521081098,59.416072143,58.492748049,6225846.0
2021-06-04,58.854411096,59.557737392,59.586070442,58.703129277,3388068.0
2021-06-07,59.332739644,59.394405693,59.908700547,59.082742145,3096636.0
2021-06-08,59.822734741,58.889410746,60.401062287,58.601080298,4294968.0
2021-06-09,59.274406894,58.731078997,59.282740144,58.719412447,2443986.0
2021-06-10,58.669412947,60.407728887,60.437728587,58.499414649,4843800.0
2021-06-11,60.407728887,60.972723234,61.241053882,60.407728887,4804968.0
2021-06-14,60.886057434,61.257720382,61.636883255,60.772725235,4716498.0
2021-06-15,61.166054633,60.139398239,61.166054633,59.92106709,3421722.0
2021-06-16,60.691059385,60.582727136,61.042722533,59.99106639,4773966.0
2021-06-17,60.479394837,62.011046177,62.314376476,60.044399189,8026752.0
2021-06-18,62.299376626,61.951046778,63.21436747,61.58271713,8630682.0
2021-06-21,61.721049079,61.822714729,61.976046528,60.717742452,3745602.0
2021-06-22,61.66604963,60.899390634,62.127711677,60.466061637,5630496.0
2021-06-23,60.956056734,61.397718981,61.749382129,60.927723684,3542220.0
2021-06-24,61.846047828,62.099378627,62.614373474,61.674382879,3609282.0
2021-06-25,62.441041875,62.594373674,63.062702321,61.982713128,11879316.0
2021-06-28,63.25770037,63.077702171,64.452671746,62.927703672,6169308.0
2021-06-29,63.166034621,62.611040174,63.460198344,62.211044176,2887716.0
2021-06-30,62.251043776,61.841047878,62.412708825,61.699382629,6349746.0
2021-07-01,61.66604963,61.781048479,62.11436181,61.047722483,4442166.0
2021-07-02,62.232710626,62.136044927,62.617256778,61.887714078,3690984.0
2021-07-06,62.967703272,65.316013108,65.571010556,62.946036822,11936226.0
2021-07-07,65.316013108,64.497687963,65.587677056,63.867694266,7186350.0
2021-07-08,63.354366069,64.417688763,64.722685711,62.954786734,5632980.0
2021-07-09,64.262690314,65.039349209,65.691009355,63.987693066,4877388.0
2021-07-12,65.249347108,64.754352061,65.777675155,64.666019612,5293746.0
2021-07-13,64.832684611,64.666019612,65.559344006,64.509354512,5396256.0
2021-07-14,65.284346758,64.382689113,65.324346358,64.302689914,4090044.0
2021-07-15,64.439355213,64.639353212,65.033865931,63.836027916,6755850.0
2021-07-16,64.769351911,64.716019111,65.478611481,64.593520337,5623680.0
2021-07-19,63.981026466,64.90601721,65.077682159,63.666029618,5548632.0
2021-07-20,65.337679557,66.830997949,67.019329397,65.101015259,7316916.0
2021-07-21,66.695999299,65.302679908,66.830997949,64.86101766,6530958.0
2021-07-22,65.639343206,66.392669001,66.6459998,65.167681258,5304030.0
2021-07-23,66.324336352,66.935996898,67.340992845,66.01268947,4001424.0
2021-07-26,66.327669652,66.497667951,66.852664398,65.607676856,3081168.0
2021-07-27,66.6659996,66.251003752,66.829331299,65.044349159,3318384.0
2021-07-28,66.341002851,66.5760005,66.999329598,65.822674705,2911500.0
2021-07-29,66.482668101,66.499334601,67.525990994,66.357669351,3296880.0
2021-07-30,66.499334601,66.50766785,67.070995547,66.251037085,4379322.0
2021-08-02,66.6659996,66.719332399,67.332659596,65.714342455,2772198.0
2021-08-03,66.754332049,66.387669051,67.423908682,66.041005853,3392262.0
2021-08-04,66.56433395,67.220994046,67.497657945,66.405168876,3050004.0
2021-08-05,67.474324845,67.272660196,67.819321393,66.852664398,3381858.0
2021-08-06,66.116005103,64.392689013,66.276003502,63.999359616,8620740.0
2021-08-09,64.717685761,64.746018811,65.375179182,64.472688213,3585432.0
2021-08-10,64.99101636,62.832704623,65.136014909,62.827704673,7237764.0
2021-08-11,62.597706974,60.912723834,62.782705123,60.82355806,12458628.0
2021-08-12,60.929390334,61.499384631,62.284376776,60.929390334,6524748.0
2021-08-13,61.816048129,62.339376225,62.699372623,61.666066296,6535308.0
2021-08-16,62.082712127,61.719382429,62.766038623,61.51605113,4592196.0
2021-08-17,61.55105078,60.961056684,61.702715929,60.446078503,4420656.0
2021-08-18,60.999389634,60.392729037,61.329386332,60.122731739,5522856.0
2021-08-19,59.94606684,60.482728137,60.911057184,59.727152364,7371438.0
2021-08-20,60.626060036,61.242720532,61.50271793,60.496061337,7220634.0
2021-08-23,61.451051781,62.094378677,62.354376075,61.201054282,17323326.0
2021-08-24,70.607626826,73.644263108,74.484138037,69.89930058,66796056.0
2021-08-25,73.33259956,74.507587802,74.96258325,72.582607064,21706170.0
2021-08-26,74.665919552,76.239237142,76.62089999,74.507587802,17068932.0
2021-08-27,76.61423339,76.879230738,77.237560486,76.020905993,8188326.0
2021-08-30,77.165894537,76.467568191,77.482324704,76.094238593,7529490.0
2021-08-31,77.194227586,76.839231138,77.255893636,75.799241545,7593132.0
2021-09-01,76.159237943,76.715899039,77.050895687,75.965906544,8015526.0
2021-09-02,76.882564038,77.090895287,77.912553732,76.643399765,6735276.0
2021-09-03,76.499234541,78.035885831,78.072552131,76.42600194,5676216.0
2021-09-07,78.33254953,77.105895137,78.340882779,76.885897338,5643810.0
2021-09-08,76.920896988,77.620889984,77.964219882,76.415902041,6315624.0
2021-09-09,77.617556684,77.749222033,78.22088398,77.289226636,5544384.0
2021-09-10,79.192540924,78.31588303,79.832534521,77.534240851,8566260.0
2021-09-13,78.667546177,79.352539323,80.957523264,76.430901891,15030090.0
2021-09-14,81.317519662,80.804191465,82.652506304,80.257530268,14788662.0
2021-09-15,80.757525265,79.98919962,80.997522864,79.025875925,7688334.0
2021-09-16,80.064198869,80.812524715,80.832524515,79.478371398,5806656.0
2021-09-17,80.832524515,79.394205573,80.990856264,79.190874274,10080462.0
2021-09-20,78.26755018,79.064208875,79.554203972,78.047552381,6871296.0
2021-09-21,79.332539524,78.837544476,79.630036547,78.750878677,5623830.0
2021-09-22,79.242540424,79.327539574,79.767535171,78.337549479,6875160.0
2021-09-23,79.679202721,80.524194266,80.960856564,79.400605509,6594576.0
2021-09-24,80.025865919,81.744182059,81.830847859,80.020865969,12080280.0
2021-09-27,80.929190214,81.005856113,81.427518561,80.349196017,8248602.0
2021-09-28,80.014199369,79.390872273,80.199197518,78.522564295,7769946.0
2021-09-29,79.667536171,78.844211076,80.082532019,78.089218631,4609638.0
2021-09-30,78.817544677,79.832534521,80.054198969,78.749212027,4669824.0
2021-10-01,80.087531969,81.084188663,81.195854212,79.120874975,5683974.0
2021-10-04,80.809191415,78.25588363,80.809191415,77.187560986,7993326.0
2021-10-05,78.745878727,79.264206874,79.83586782,78.519214328,5410716.0
2021-10-06,78.877544076,81.020855963,81.330852862,78.820877977,5525538.0
2021-10-07,81.269186812,82.279176706,83.702495797,81.235853812,7691958.0
2021-10-08,82.332509506,82.130844857,83.425831899,81.772515109,4676022.0
2021-10-11,82.017512657,83.30083315,83.600080155,81.349186011,4372662.0
2021-10-12,83.832494497,84.205824094,84.99914949,83.546530691,7261062.0
2021-10-13,84.200824144,84.080825345,84.896650515,83.584163648,4851156.0
2021-10-14,84.534154142,83.829161197,85.684125969,83.679162697,5563716.0
2021-10-15,83.899160496,84.640819742,85.489144587,83.899160496,6983136.0
2021-10-18,84.99914949,85.860807534,85.975806384,84.640819742,5369226.0
2021-10-19,86.007472733,85.414145337,86.159137883,84.550820642,4963650.0
2021-10-20,85.895807184,85.319146288,86.57413373,84.417488643,4915140.0
2021-10-21,85.125814889,84.665819492,85.125814889,83.052502301,10770324.0
2021-10-22,84.499154493,84.020825945,85.644143036,83.19750085,6610638.0
2021-10-25,84.579153692,82.960836552,85.382478987,82.520840954,7002696.0
2021-10-26,83.2891666,81.090855263,83.600213487,79.85920092,14008884.0
2021-10-27,81.677516059,82.142511407,83.349165999,81.424185261,4932492.0
2021-10-28,82.174177756,83.064168851,83.32416625,82.084178657,4353138.0
2021-10-29,83.109168401,84.84748434,85.040815739,82.979636364,4255860.0
2021-11-01,85.084148639,84.717485641,85.509144386,83.879994021,4322490.0
2021-11-02,84.832484491,84.742485391,85.452478287,83.832494497,4109790.0
2021-11-03,84.744152041,83.159167901,84.92748354,82.169177806,6096900.0
2021-11-04,83.649162998,82.304176456,84.559987217,80.875857414,9615636.0
2021-11-05,82.200010831,82.295843206,83.27416675,81.752515309,6501558.0
2021-11-08,83.3324995,86.215803982,86.56746713,83.157501251,8646444.0
2021-11-09,86.400802131,85.385812287,87.28572661,84.734152141,6714942.0
2021-11-10,84.832484491,83.19750085,85.193314213,82.039179107,6415668.0
2021-11-11,83.947493346,84.645819692,84.98748294,83.855827596,4417044.0
2021-11-12,85.584143636,85.862474184,86.327469532,84.520820942,5287824.0
2021-11-15,86.66579948,86.342469381,86.945796678,85.340812737,5683074.0
2021-11-16,86.66579948,87.522457574,87.994119522,86.030805833,7368558.0
2021-11-17,87.739122073,85.625809886,88.576613693,84.665819492,7539756.0
2021-11-18,85.255813588,86.66413283,87.097461827,83.917493646,14548704.0
2021-11-19,89.532437462,88.389115569,90.980756304,84.999166156,22995684.0
2021-11-22,87.826621198,89.99243286,93.25573354,86.832464479,17521662.0
2021-11-23,88.28578327,88.835777766,90.919090254,86.59913348,10167360.0
2021-11-24,88.804111417,91.61908325,91.987412898,87.603890093,7491342.0
2021-11-26,90.225763858,88.872444066,91.890747198,88.436615094,4044198.0
2021-11-29,90.027432509,91.862414148,92.239077046,89.315772964,6526296.0
2021-11-30,91.999079448,91.155754553,92.997402792,90.517427606,8941656.0
2021-12-01,91.5840836,88.025785871,92.499074445,88.000786121,10773546.0
2021-12-02,88.025785871,89.215773964,91.170754402,87.832454473,9516228.0
2021-12-03,89.285773264,86.809131379,90.550760606,86.419135281,11460744.0
2021-12-06,86.276636707,83.535830798,86.53246748,83.037502451,12422856.0
2021-12-07,86.219137282,87.237460426,88.759111867,85.729142185,8538672.0
2021-12-08,86.999129478,88.437448419,88.9057604,86.459134881,4437738.0
2021-12-09,88.517447618,87.920786922,89.646602987,87.594123524,7081506.0
2021-12-10,87.750788623,88.640779718,89.858267535,87.267876788,7306140.0
2021-12-13,89.98576626,89.152441265,90.330762808,88.37739902,6895182.0
2021-12-14,87.149127977,85.415811987,88.404115419,84.274156744,9263022.0
2021-12-15,85.784141635,90.047432309,90.165764459,85.415811987,9417114.0
2021-12-16,90.024099209,87.284126626,90.490594542,87.165794477,7360866.0
2021-12-17,85.547477336,88.355782569,88.829111167,84.84081774,35245128.0
2021-12-20,86.672466079,88.26411682,88.749111967,86.415801981,5348154.0
2021-12-21,88.827444517,89.604103412,89.639103062,86.265820148,6857076.0
2021-12-22,88.429115169,92.459074845,92.522407544,88.429115169,8374560.0
2021-12-23,92.479074645,93.629063138,94.472388033,92.332409446,6185520.0
2021-12-27,93.790728187,94.722385531,95.444044977,93.464064789,4949142.0
2021-12-28,95.049048929,94.117391585,95.359879152,93.417398589,3755640.0
2021-12-29,94.029059135,93.932393436,94.205724034,92.240743696,3146598.0
2021-12-30,93.932393436,93.569063738,94.332389434,93.144017991,3285606.0
2021-12-31,93.569063738,92.792404843,94.152807897,92.702405743,2846130.0
2022-01-03,93.072402041,90.700759105,93.398232114,89.639103062,7803918.0
2022-01-04,89.574103712,87.332459476,90.720758905,85.555810586,9586056.0
2022-01-05,85.541244065,84.142491395,86.747465329,83.609163398,7493856.0
2022-01-06,83.499164499,88.817444617,90.165764459,82.834171152,16553436.0
2022-01-07,87.809004707,87.580790324,91.365752451,87.382458975,13586406.0
2022-01-10,85.631526495,87.100795127,87.428691846,81.999179508,14975688.0
2022-01-11,85.785808285,87.674122723,88.28244997,85.305813088,7239348.0
2022-01-12,88.100785121,88.669112767,89.632436462,86.379135681,6080166.0
2022-01-13,88.669112767,83.099168501,89.012126002,82.669172803,9814680.0
2022-01-14,81.924180258,83.18416765,83.529164198,81.065855513,8197044.0
2022-01-18,81.60251681,83.727495547,86.66579948,81.57585041,9924804.0
2022-01-19,84.060825545,86.60080013,87.897853818,83.767495147,12321126.0
2022-01-20,86.800798129,86.61080003,89.479104663,86.51246768,10086432.0
2022-01-21,85.940806734,80.604193466,86.300803132,80.425861917,15534882.0
2022-01-24,79.085875325,84.034159145,84.87748404,75.959239944,17555466.0
2022-01-25,83.1725011,79.244207074,83.2858333,79.189207624,11380578.0
2022-01-26,80.665859516,79.372539123,83.464164849,78.832544527,11527644.0
2022-01-27,80.914190364,80.869190814,84.070825445,80.712525715,10016820.0
2022-01-28,81.274186762,82.694172553,83.388332274,80.030865869,8245902.0
2022-01-31,82.694172553,86.232470482,86.52580088,82.694172553,10125036.0
2022-02-01,86.309136382,85.475811387,86.66579948,83.870827446,8433186.0
2022-02-02,86.140804733,84.89915049,86.380802331,84.232490494,6326814.0
2022-02-03,82.905837102,82.067512157,84.86915079,81.794181559,6310038.0
2022-02-04,81.860847558,85.915806984,86.53246748,81.334186161,8936184.0
2022-02-07,85.450811637,85.162481189,86.959129878,84.91915029,4217238.0
2022-02-08,85.054148939,85.540810736,86.323302907,84.167491144,7939884.0
2022-02-09,86.66579948,89.080775315,89.539104062,86.442468381,6468612.0
2022-02-10,86.927463528,87.957453222,89.609103362,86.832464479,5268396.0
2022-02-11,88.652446268,85.024149239,89.332439464,84.450821643,7041096.0
2022-02-14,84.312489694,86.835797778,87.874104056,84.312489694,6824940.0
2022-02-15,87.835787772,87.732455473,89.270773414,86.965796478,7201344.0
2022-02-16,86.475801381,87.734122123,88.32911617,85.75830856,5783592.0
2022-02-17,86.60413343,83.1891676,87.257460226,82.832504503,7322202.0
2022-02-18,83.17416775,80.360862567,83.487497949,80.232530518,10063524.0
2022-02-22,80.171064466,79.250873674,81.16010457,77.760888583,19244388.0
2022-02-23,84.365822493,79.600870172,85.225813888,78.670879477,26037762.0
2022-02-24,77.842554432,89.98909956,90.110765009,77.749222033,30082968.0
2022-02-25,88.529114168,94.95738318,95.164047779,88.405782069,22005174.0
2022-02-28,96.145121295,99.040675655,99.215673904,94.83405108,22711542.0
2022-03-01,98.564013758,96.124038173,99.825667801,95.280713278,16498824.0
2022-03-02,97.227360466,97.009029317,97.642356314,94.649052932,10404828.0
2022-03-03,97.130694767,95.567377076,98.499014409,94.837484379,8665800.0
2022-03-04,94.83405108,92.917403592,96.245703622,91.917413598,11183574.0
2022-03-07,93.25406689,88.917443616,93.849060936,88.462448169,13939920.0
2022-03-08,88.499114469,87.524124224,90.597426806,87.000812794,9467892.0
2022-03-09,89.782434961,92.484074595,93.590730188,89.500771112,10389738.0
2022-03-10,91.6074167,91.974079698,93.32406619,90.622426556,6448152.0
2022-03-11,93.20240074,91.004089403,93.20240074,90.840757704,7054860.0
2022-03-14,89.729102161,87.550790624,90.870757404,85.924140234,9623496.0
2022-03-15,88.22078392,90.009099359,90.327429508,84.85248429,7617264.0
2022-03-16,90.949089954,92.319076246,92.607406694,87.970786422,11625564.0
2022-03-17,92.027412497,94.025725835,94.559053832,90.832424455,10626660.0
2022-03-18,94.595720132,96.169037722,96.252370222,93.27073339,13005330.0
2022-03-21,95.825707825,96.199037422,96.373202346,93.434065089,9301392.0
2022-03-22,96.66569942,99.569003702,101.53398404,96.66569942,14499204.0
2022-03-23,98.114018261,100.672325995,103.28896648,97.665689414,11803338.0
2022-03-24,100.832324395,103.692295777,103.830627727,100.125664799,11228964.0
2022-03-25,104.073958625,103.732295377,104.073958625,100.533994046,13463964.0
2022-03-28,102.865637382,104.207290624,104.91395022,102.825637783,7957404.0
2022-03-29,103.755628477,102.750638533,103.958959776,99.422338503,15066792.0
2022-03-30,102.273976636,102.623973134,104.597286722,102.115644887,8874612.0
2022-03-31,102.568973684,103.750628527,105.980606214,102.422308485,9667194.0
2022-04-01,103.548963878,101.850647538,105.020615819,100.922323494,8058132.0
2022-04-04,102.692305783,104.682285871,104.95894977,102.248976886,6980760.0
2022-04-05,104.665619372,103.522297478,105.205613968,101.808981289,7378842.0
2022-04-06,101.253986842,101.132321393,102.273976636,100.185664198,8455542.0
2022-04-07,100.632326396,102.743971933,103.476464604,100.632326396,6510300.0
2022-04-08,102.092311787,101.370652341,102.368975685,100.576493621,5668350.0
2022-04-11,100.316496223,101.815647889,103.157601128,99.582336902,7319976.0
2022-04-12,102.572306984,101.980646238,104.437288323,101.66398274,5395902.0
2022-04-13,102.507307634,104.83395102,105.945606564,101.750648539,7379526.0
2022-04-14,104.99894937,104.462288073,105.775608265,104.050625525,5736480.0
2022-04-18,103.527297428,102.963969732,104.97128298,102.727305433,3900126.0
2022-04-19,102.662306084,104.758951771,105.268946668,101.893980438,4821774.0
2022-04-20,104.90395032,104.360622423,106.815597859,103.26925001,4971516.0
2022-04-21,105.150614519,98.665679408,106.558917094,98.099018411,10383900.0
2022-04-22,98.399015409,95.262380128,99.529004102,94.84738428,8793384.0
2022-04-25,95.415711927,99.95399985,100.123164824,95.410711977,10622154.0
2022-04-26,98.832344407,96.797364769,99.807334651,96.704032369,5485584.0
2022-04-27,96.347369271,96.469034721,98.927343456,94.86405078,6760068.0
2022-04-28,97.970686362,98.122351511,99.274006654,95.387378877,4786530.0
2022-04-29,97.647356264,93.545730638,98.810677957,92.904070392,7372560.0
2022-05-02,93.042402341,95.324046178,95.477377977,92.330742796,6012492.0
2022-05-03,95.247380278,92.989069542,95.370695711,90.692425855,9051060.0
2022-05-04,93.159067841,92.210743996,93.650729588,86.405802081,15763176.0
2022-05-05,92.002412747,88.27245007,92.426941833,86.235803782,10880526.0
2022-05-06,86.51746763,84.144158045,88.049118971,83.439615094,11784858.0
2022-05-09,82.019179307,76.58423369,82.019179307,75.764241895,18901314.0
2022-05-10,79.91086707,80.672526115,82.144178057,77.626056599,12334980.0
2022-05-11,78.819211327,77.777555083,83.2991665,76.372569141,12789240.0
2022-05-12,76.719232339,79.750868671,81.444185061,75.050082374,12362478.0
2022-05-13,81.55585061,81.834181158,83.2625002,80.894190564,9967452.0
2022-05-16,81.969179808,78.029219231,84.077492045,77.729222233,11160630.0
2022-05-17,80.425861917,78.877544076,81.072522113,76.56923384,9620772.0
2022-05-18,77.700889183,73.099268561,79.165874525,72.320943016,15742884.0
2022-05-19,71.239287172,72.727605613,74.070925505,70.257330331,24239502.0
2022-05-20,81.339186111,79.779201721,82.160744558,76.739532136,35400276.0
2022-05-23,80.613360041,83.377499049,84.157491245,80.357529267,17743200.0
2022-05-24,81.962513208,79.522537622,82.605006779,78.350882679,13402800.0
2022-05-25,79.065875525,84.250823644,85.769808445,79.065875525,13017336.0
2022-05-26,84.007492745,83.680829347,84.774151741,82.772505103,10666068.0
2022-05-27,85.280813338,84.465821493,86.165804483,83.832494497,7345716.0
2022-05-31,84.082491995,83.795828197,84.526654217,82.555840604,13962852.0
2022-06-01,84.535820792,83.620829948,87.124128227,83.26083355,8323302.0
2022-06-02,83.134168151,86.222470582,86.934130128,83.062502201,7590750.0
2022-06-03,85.012482689,85.429145187,86.429135181,83.709162397,5687808.0
2022-06-06,86.059138883,85.669142785,86.58080033,84.324156244,3545580.0
2022-06-07,84.690819241,87.832454473,88.149117971,84.499154493,5807940.0
2022-06-08,87.584123624,87.479124675,89.135808098,86.976663036,4851744.0
2022-06-09,86.790798229,86.024139233,88.077452021,85.675826052,5893290.0
2022-06-10,84.470821443,82.535840804,84.702485791,81.71546568,9126012.0
2022-06-13,79.074208775,79.620869972,80.960856564,77.535890834,9600738.0
2022-06-14,80.295863218,80.270863468,81.55085066,79.332539524,6388176.0
2022-06-15,81.147521363,81.169187812,82.645839704,79.780868371,6232164.0
2022-06-16,78.907543776,77.717555683,79.97419977,76.623616629,8202600.0
2022-06-17,78.042552431,79.225873924,80.440028442,77.950886682,8675616.0
2022-06-21,80.435861817,83.2258339,83.556663923,80.342529417,11858412.0
2022-06-22,82.244177056,82.385842305,84.93248349,82.076678732,7472118.0
2022-06-23,83.014169351,83.844161046,84.344156043,82.362509205,6506844.0
2022-06-24,84.91248369,85.117481639,85.764141835,83.599996823,21630588.0
2022-06-27,85.702475785,83.645829698,85.764125168,83.091668576,8906148.0
2022-06-28,84.219157294,81.984179658,84.91581699,80.775858415,6414942.0
2022-06-29,81.999179508,81.965846508,82.499174505,80.417528667,4294518.0
2022-06-30,81.369185811,82.322509606,83.25750025,80.345862717,8684208.0
2022-07-01,82.499174505,84.707485741,85.069982114,82.072678772,7050096.0
2022-07-05,83.999159496,86.855797578,87.067462127,83.414165349,8163906.0
2022-07-06,87.590790224,85.825807885,87.610790024,85.282479988,8503338.0
2022-07-07,85.825807885,86.207470732,87.255776909,85.259146888,7768302.0
2022-07-08,85.324146238,87.369125775,87.580790324,84.364155843,4792992.0
2022-07-11,86.454134931,85.984139634,86.829131179,85.165814489,3875220.0
2022-07-12,86.744132029,82.095845207,87.785788273,81.492517911,8231784.0
2022-07-13,80.652526316,82.234177156,83.2791667,79.96419987,6464742.0
2022-07-14,81.60585011,81.66584951,81.962513208,79.665869522,9510678.0
2022-07-15,81.764181859,84.825817891,85.295479858,81.764181859,6557076.0
2022-07-18,85.957473234,84.305823094,86.52746753,84.147491345,4776984.0
2022-07-19,84.780818341,85.599143486,85.932473484,84.044342377,4016838.0
2022-07-20,85.180814338,84.032492495,85.447478337,82.839171102,9208668.0
2022-07-21,83.682495997,85.722475585,85.819141285,83.213334025,10271826.0
2022-07-22,86.51580098,85.194147538,87.334192791,84.556653917,4877478.0
2022-07-25,85.325812888,84.210824044,85.665809486,83.30083315,4274778.0
2022-07-26,83.605830098,77.535890834,83.762495197,77.200894186,14396106.0
2022-07-27,79.252540324,79.679202721,80.570860466,77.839221132,7429200.0
2022-07-28,79.682536021,82.034179157,82.39500888,78.550880678,7414716.0
2022-07-29,82.034179157,83.182501,83.2191673,81.251686987,7094526.0
2022-08-01,83.2924999,84.609153392,85.295813188,82.540840754,7478250.0
2022-08-02,83.715828997,85.114148339,86.410802031,83.667496147,5960784.0
2022-08-03,86.385802281,88.17745102,88.387432253,85.840807734,6563688.0
2022-08-04,85.169147788,83.615829998,85.665809486,80.677526065,16838376.0
2022-08-05,82.999169502,83.560830548,83.665829498,81.432518511,10114140.0
2022-08-08,83.992492896,83.510831048,85.964139834,83.334166149,6500952.0
2022-08-09,83.122501601,83.394165549,84.139024763,81.999179508,8474832.0
2022-08-10,85.785808285,86.972463078,87.315792976,85.332479488,6775992.0
2022-08-11,88.33244947,86.084138633,89.514104312,85.400812137,7137984.0
2022-08-12,88.074118721,87.812454673,88.26911677,86.849130978,5020596.0
2022-08-15,86.740798729,87.960786522,88.22578387,86.740798729,5633106.0
2022-08-16,87.614123324,87.424125225,87.725788873,85.854140934,7317600.0
2022-08-17,86.265803482,85.750808635,86.532984142,84.474988068,6556194.0
2022-08-18,86.202470782,86.307469732,86.857464228,85.404145437,6173154.0
2022-08-19,85.507477736,85.584143636,86.50746773,84.667486141,6749616.0
2022-08-22,84.352489293,84.674152741,85.729142185,83.43434848,19210758.0
2022-08-23,93.25240024,94.91738358,95.432378427,91.999079448,36726240.0
2022-08-24,95.082381929,94.134058085,95.332379428,93.834061086,9555042.0
2022-08-25,94.99904943,95.929040124,96.464034771,94.712385631,7826838.0
2022-08-26,95.652376226,93.447398289,96.249036922,93.445731639,7468416.0
2022-08-29,92.499074445,93.164067791,94.392372167,92.097411797,8106810.0
2022-08-30,94.024059185,93.27906664,94.812051301,92.402408745,6917172.0
2022-08-31,94.497387783,92.800738093,95.49902776,92.279076646,7062816.0
2022-09-01,91.407418701,90.857424204,92.172411046,89.042442365,8728404.0
2022-09-02,91.315752952,89.86576746,92.253243571,89.607436712,7095132.0
2022-09-06,88.995776166,88.422448569,89.308273039,86.387468931,8857314.0
2022-09-07,88.422448569,89.99909946,90.230763808,87.735788773,6759156.0
2022-09-08,89.90910036,91.207420702,91.52908415,89.167441114,5984454.0
2022-09-09,92.665739444,94.127391485,94.707385681,92.182427613,7714746.0
2022-09-12,94.359055833,94.679052631,94.998749433,93.634063088,7888614.0
2022-09-13,92.329076146,91.479084651,92.719205575,91.352419251,8772996.0
2022-09-14,91.875,91.03,91.97995,89.42,11333918.0
2022-09-15,90.555,89.81,90.98,89.08,10412942.0
2022-09-16,88.375,87.045,88.62,85.77,14038904.0
2022-09-19,85.595,87.675,87.88,85.5,7492172.0
2022-09-20,87.45,87.51,88.3475,86.843,7856358.0
2022-09-21,88.2,85.56,88.715,85.555,5977306.0
2022-09-22,84.775,83.09,85.87,82.66,7301350.0
2022-09-23,82.125,80.785,82.97,80.27,6931298.0
2022-09-26,81.08,81.585,83.41,80.945,7686976.0
2022-09-27,82.82,81.83,83.37,81.33005,5905608.0
2022-09-28,81.855,83.4,83.85795,81.55,6713588.0
2022-09-29,82.45,82.79,83.39,80.82,5833674.0
2022-09-30,82.345,81.895,83.935,81.86,6311688.0
2022-10-03,83.0,84.845,85.48,82.78,7546044.0
2022-10-04,86.7175,86.92,87.725,86.25,6715768.0
2022-10-05,85.395,87.825,88.285,85.25,4425022.0
2022-10-06,87.65,87.375,89.5,87.225,4766376.0
2022-10-07,86.07,84.955,86.89,84.67415,5667252.0
2022-10-10,84.755,81.57,85.24,80.805,6785072.0
2022-10-11,80.625,78.685,80.805,77.835,9507004.0
2022-10-12,78.0,77.655,78.9,76.585,6581538.0
2022-10-13,75.475,78.945,79.665,74.005,10201620.0
2022-10-14,79.54,77.415,80.0025,77.205,6052046.0
2022-10-17,79.425,79.27,80.47,79.12,5601052.0
2022-10-18,81.64,81.685,83.395,80.84,6337024.0
2022-10-19,80.565,80.055,81.96,79.675,4498038.0
2022-10-20,79.75,79.285,81.115,78.68,6665838.0
2022-10-21,79.09,81.015,81.335,78.145,14792524.0
2022-10-24,80.705,80.67,81.28,78.71,8490930.0
2022-10-25,81.43,83.095,83.54,81.025,8484450.0
2022-10-26,82.0,83.365,84.79,81.5,4924332.0
2022-10-27,84.815,84.07,85.245,82.905,5020888.0
2022-10-28,83.95,85.54,85.74,83.12095,3775924.0
2022-10-31,85.14,85.795,86.4975,84.75,6034762.0
2022-11-01,86.97,85.385,88.05,84.79,4342004.0
2022-11-02,85.78,80.89,85.78,80.705,9373120.0
2022-11-03,77.1375,74.85,77.345,73.11,22368182.0
2022-11-04,75.425,71.105,75.89,70.0375,20263192.0
2022-11-07,71.425,72.225,72.665,70.26,10879548.0
2022-11-08,74.62,77.085,77.6825,73.5617,11929820.0
2022-11-09,76.66,75.785,77.145,75.575,7058000.0
2022-11-10,82.495,81.73,83.405,79.105,11988254.0
2022-11-11,82.0125,82.66,84.06,81.45,8047556.0
2022-11-14,82.84,80.865,82.895,80.7564,7206908.0
2022-11-15,83.2,81.19,83.525,80.91015,9947918.0
2022-11-16,80.0,79.545,80.3,77.935,11889160.0
2022-11-17,78.0,78.28,78.75625,75.745,16640568.0
2022-11-18,85.6375,83.74,86.5,83.035,26789994.0
2022-11-21,83.255,85.31,86.785,82.535,13460686.0
2022-11-22,85.6925,85.835,86.035,84.625,7098444.0
2022-11-23,86.0,86.55,87.815,85.045,5843378.0
2022-11-25,86.55,86.385,87.0075,85.955,2135770.0
2022-11-28,86.02,85.695,86.94625,84.915,4296792.0
2022-11-29,86.0,85.255,86.225,84.555,4865682.0
2022-11-30,82.735,84.95,85.1375,81.875,16162860.0
2022-12-01,85.575,89.2,89.485,84.67,10660732.0
2022-12-02,87.535,86.345,88.32,85.935,6544074.0
2022-12-05,86.15,84.995,86.615,84.23,7042530.0
2022-12-06,85.105,83.345,85.79,82.9545,5353082.0
2022-12-07,83.8,82.345,84.3725,81.98,4770228.0
2022-12-08,82.43,80.39,82.53,79.335,8876096.0
2022-12-09,80.125,79.45,80.725,79.405,4984120.0
2022-12-12,79.675,80.89,80.915,78.935,6121940.0
2022-12-13,84.11,80.375,84.495,79.885,7140140.0
2022-12-14,80.325,80.115,81.345,79.25,3772368.0
2022-12-15,79.0,76.295,79.565,75.66,9538384.0
2022-12-16,75.795,75.5,76.45,75.18,9283586.0
2022-12-19,75.945,75.26,76.045,74.14,6275962.0
2022-12-20,74.325,74.64,75.35,73.8675,7659344.0
2022-12-21,74.165,73.71,74.275,71.415,8390970.0
2022-12-22,72.705,71.575,72.74,70.765,8724524.0
2022-12-23,71.56,70.635,71.66,70.27,5933162.0
2022-12-27,70.265,69.605,70.6694,69.505,5988358.0
2022-12-28,69.59,68.665,69.815,68.37,6551946.0
2022-12-29,69.205,70.1,70.795,69.05,7270450.0
2022-12-30,69.25,69.77,69.895,68.644999999,6723030.0
2023-01-03,70.66,69.225,71.7225,68.755,7818252.0
2023-01-04,69.84,69.27,70.62,68.515,8549600.0
2023-01-05,68.81,67.555,68.84,66.349999999,11473372.0
2023-01-06,68.004999999,67.425,68.489999999,66.76,7414100.0
2023-01-09,68.5,67.54,69.845,67.345,8801632.0
2023-01-10,67.295,67.095,68.25,66.459999999,9716360.0
2023-01-11,67.775,68.355,68.625,67.0,6454698.0
2023-01-12,67.864999999,68.3,68.58,66.11,7644694.0
2023-01-13,67.269999999,69.43,69.5875,67.269999999,8742568.0
2023-01-17,68.605,71.0,71.335,68.555,10438242.0
2023-01-18,71.88,70.8375,72.6475,70.59,8876902.0
2023-01-19,70.405,70.355,71.46,70.0787,5264960.0
2023-01-20,71.435,73.05,73.245,71.305,14043006.0
2023-01-23,73.165,74.67,75.1,73.06295,8998728.0
2023-01-24,75.405,75.57,76.08,74.697,10361042.0
2023-01-25,74.0,75.89,76.095,73.475,12982912.0
2023-01-26,77.39,79.555,79.99,76.83955,13564904.0
2023-01-27,79.0,79.89,80.6125,78.8,8343498.0
2023-01-30,79.135,78.815,79.5725,78.595,6137542.0
2023-01-31,79.205,79.32,79.775,78.73,4096028.0
2023-02-01,78.675,79.86,80.645,77.1075,10685092.0
2023-02-02,82.52,81.275,82.83,80.65,12139686.0
2023-02-03,79.405,79.86,81.195,79.12,4941970.0
2023-02-06,79.5,78.115,80.27,77.975,6030978.0
2023-02-07,77.975,79.85,80.105,77.055,7240558.0
2023-02-08,83.085,83.07,84.33,82.375,11411362.0
2023-02-09,84.0,83.065,84.5,82.755,6048648.0
2023-02-10,82.845,82.625,83.4,81.405,4380844.0
2023-02-13,83.16,83.155,83.705,82.205,4192152.0
2023-02-14,83.94,85.07,85.74,83.145,6274382.0
2023-02-15,86.015,88.63,88.79995,85.6,11381114.0
2023-02-16,87.36,86.01,87.965,85.97,7781638.0
2023-02-17,85.2,84.64,85.4,83.9025,7118930.0
2023-02-21,84.25,83.445,84.6,82.68,18251646.0
2023-02-22,91.1875,93.875,94.39425,91.15,42277156.0
2023-02-23,93.8,94.37,94.4925,91.295,24640942.0
2023-02-24,92.5,93.315,93.86,92.2095,12462642.0
2023-02-27,93.945,94.255,96.235,93.89,8944146.0
2023-02-28,94.255,94.185,95.915,94.03,8014830.0
2023-03-01,93.44,93.47,94.1,92.855,6405768.0
2023-03-02,93.25,94.925,95.515,92.75,7431790.0
2023-03-03,95.075,95.795,96.42,94.3375,9048642.0
2023-03-06,93.86,93.955,95.2,93.425,8283702.0
2023-03-07,93.89,93.6,94.735,93.35,6111158.0
2023-03-08,94.025,94.19,94.575,93.08,10051196.0
2023-03-09,94.19,92.21,94.715,92.12,5269172.0
2023-03-10,92.405,92.855,93.5,91.25,10197636.0
2023-03-13,92.07,92.95,94.245,91.34,11268502.0
2023-03-14,93.365,92.24,94.10775,91.43,9863208.0
2023-03-15,91.0775,91.9,92.185,90.815,5896216.0
2023-03-16,92.25,94.885,95.0,91.335,8668270.0
2023-03-17,94.835,94.56,95.73,93.785,7549700.0
2023-03-20,93.995,94.715,95.1,93.44,6277842.0
2023-03-21,95.65,97.245,97.46,95.25,9501158.0
2023-03-22,97.1,95.445,97.905,95.375,7094982.0
2023-03-23,96.7,96.945,98.06,96.32985,7382408.0
2023-03-24,96.445,95.775,96.7875,95.445,4692544.0
2023-03-27,96.0,96.265,97.29,95.825,4977222.0
2023-03-28,95.915,95.38,96.655,94.92,4715290.0
2023-03-29,96.365,96.095,96.45,95.175,4977970.0
2023-03-30,96.954,96.785,97.555,96.015,4183844.0
2023-03-31,97.25,99.87,100.15,97.02,8381756.0
2023-04-03,99.005,98.165,99.455,97.795,5345074.0
2023-04-04,98.6425,98.28,99.245,97.93,3636632.0
2023-04-05,98.38,97.09,98.4,95.955,5424362.0
2023-04-06,95.9,95.965,96.155,94.3601,5870492.0
2023-04-10,95.05,96.31,96.85495,94.415,4551836.0
2023-04-11,95.36,96.405,96.85,95.13,3455714.0
2023-04-12,97.525,97.64,98.405,96.715,5093168.0
2023-04-13,98.245,98.935,99.33,98.045,4230088.0
2023-04-14,96.925,99.72,99.935,96.3,7554462.0
2023-04-17,99.995,100.58,101.48,99.425,4846670.0
2023-04-18,101.585,100.0,101.72,99.9275,3024286.0
2023-04-19,98.975,97.66,99.845,97.4825,4973346.0
2023-04-20,96.565,96.135,96.95,95.6,6157594.0
2023-04-21,96.135,96.625,97.21,95.585,4014226.0
2023-04-24,96.52,95.975,97.37,95.205,3719024.0
2023-04-25,94.09,91.285,94.305,91.0925,7738968.0
2023-04-26,92.335,91.895,92.745,91.365,5265976.0
2023-04-27,92.64,92.56,93.065,91.72,5148850.0
2023-04-28,91.95,91.23,91.995,90.505,7956496.0
2023-05-01,90.33,91.65,92.61995,89.855,7939510.0
2023-05-02,90.685,88.445,91.56,88.15125,13560138.0
2023-05-03,88.505,88.83,90.27,88.175,6834198.0
2023-05-04,89.315,89.505,90.34995,88.545,5820678.0
2023-05-05,89.62,91.965,92.365,89.57,6384618.0
2023-05-08,94.0,95.76,96.1,93.965,7708594.0
2023-05-09,96.32,97.92,98.53,96.195,7728542.0
2023-05-10,98.5625,99.7,100.76,98.5,5334062.0
2023-05-11,100.275,98.59,100.42,98.285,6025864.0
2023-05-12,99.325,99.65,99.685,98.41,6025874.0
2023-05-15,99.15,96.5,99.2725,95.335,13136026.0
2023-05-16,95.14,95.715,96.4,94.43,9732392.0
2023-05-17,96.155,95.76,96.56,95.05,6851412.0
2023-05-18,95.5,94.86,95.745,93.375,10488406.0
2023-05-19,95.435,94.33,96.19,94.16,8459376.0
2023-05-22,94.735,96.055,96.485,94.1521,11820966.0
2023-05-23,95.78,94.87,96.6,94.415,19297736.0
2023-05-24,98.115,102.155,103.68995,97.04,34072954.0
2023-05-25,103.1325,103.99,104.435,101.3,12287388.0
2023-05-26,104.185,105.85,108.525,104.095,12816046.0
2023-05-30,108.0,106.24,109.75,105.71,11169960.0
2023-05-31,106.125,106.695,108.1287,105.815,11179174.0
2023-06-01,105.5,108.395,109.1375,105.06,8843268.0
2023-06-02,108.53,108.62,109.9625,107.525,9487198.0
2023-06-05,113.235,113.395,115.09,111.545,27545014.0
2023-06-06,112.675,112.36,113.43,111.9171,10803522.0
2023-06-07,112.87,108.125,112.955,108.085,14351088.0
2023-06-08,108.31,111.41,111.51995,108.125,10067970.0
2023-06-09,111.41,110.05,112.39,109.655,9942388.0
2023-06-12,110.455,114.57,114.645,110.275,10855142.0
2023-06-13,115.75,116.815,117.25,114.6,11915834.0
2023-06-14,116.33,119.28,119.815,116.33,11317020.0
2023-06-15,118.105,121.9,122.43,118.105,12965290.0
2023-06-16,123.7025,123.265,123.85,121.035,109646918.0
2023-06-20,122.105,120.8,122.525,119.085,15825038.0
2023-06-21,120.61,119.46,121.215,118.6,10631956.0
2023-06-22,119.455,124.575,124.63,119.18,12988170.0
2023-06-23,123.4175,121.97,124.325,121.875,11338636.0
2023-06-26,122.915,121.9,125.275,121.71,9313572.0
2023-06-27,122.13,125.795,126.755,122.08,14046970.0
2023-06-28,124.38,126.705,127.71,123.915,7843780.0
2023-06-29,126.43,126.665,127.445,125.53,5201658.0
2023-06-30,127.745,127.755,128.414999999,126.19,6788706.0
2023-07-03,127.55,127.32,127.72,126.27,3488450.0
2023-07-05,126.545,128.94,129.44,126.05,7896258.0
2023-07-06,127.04,126.7,127.7675,125.375,6492494.0
2023-07-07,126.0,123.795,126.54,123.53,7382156.0
2023-07-10,124.48,123.735,125.625,123.4452,8646028.0
2023-07-11,124.2875,125.115,125.495,123.135,5545712.0
2023-07-12,125.57,116.32,125.94,115.905,35573990.0
2023-07-13,118.145,119.505,121.85,117.26,18788498.0
2023-07-14,119.25,120.63,121.415,119.04,11466630.0
2023-07-17,120.485,125.025,125.385,120.485,11608674.0
2023-07-18,124.97,124.17,125.11,122.785,6983782.0
2023-07-19,124.445,123.0,125.125,122.535,6449938.0
2023-07-20,121.995,121.025,123.76495,120.6,5966556.0
2023-07-21,122.245,121.91,123.19375,121.53,14697720.0
2023-07-24,121.91,121.665,122.995,119.87,5006762.0
2023-07-25,122.5,121.455,123.425,121.365,4599184.0
2023-07-26,119.855,122.505,124.32495,119.435,7262234.0
2023-07-27,124.0,122.64,124.915,121.62365,6172010.0
2023-07-28,123.75,124.22,124.645,122.405,4191048.0
2023-07-31,125.0,124.98,126.67,123.86005,4561994.0
2023-08-01,124.945,126.585,127.015,124.005,4648340.0
2023-08-02,124.525,118.085,124.7,117.02,12615934.0
2023-08-03,117.405,118.725,119.375,116.905,7755908.0
2023-08-04,112.25,109.16,112.75,106.675,30601424.0
2023-08-07,109.535,107.62,109.725,106.65,17688212.0
2023-08-08,105.425,105.74,106.45,104.01,15211626.0
2023-08-09,105.685,106.735,106.895,105.05,7906188.0
2023-08-10,108.165,107.03,109.21,106.45,8968028.0
2023-08-11,106.42,108.98,110.225,106.42,8030478.0
2023-08-14,109.22,109.67,110.885,107.75005,8226292.0
2023-08-15,109.245,107.83,109.77,107.48,5986000.0
2023-08-16,107.995,106.985,108.47,106.79,5927098.0
2023-08-17,106.5,103.785,106.5,103.445,10077040.0
2023-08-18,101.01,104.845,105.57,100.585,22874648.0
2023-08-21,118.25,120.405,123.15,118.15,40537612.0
2023-08-22,120.825,117.28,121.0425,115.515,12132734.0
2023-08-23,117.755,117.83,118.6225,115.88,6194074.0
2023-08-24,119.0,113.725,119.1,113.465,6471196.0
2023-08-25,114.865,115.38,116.0112,113.16,5192900.0
2023-08-28,115.385,116.21,116.54,114.475,4056372.0
2023-08-29,116.385,116.96,117.095,115.71,9524634.0
2023-08-30,117.91,118.95,119.7,117.5,6242344.0
2023-08-31,119.79,121.65,121.915,119.79,7524634.0
2023-09-01,121.625,121.36,122.385,120.234,4253106.0
2023-09-05,121.355,122.535,122.625,120.125,4194298.0
2023-09-06,122.545,122.605,122.96675,121.36,3951136.0
2023-09-07,122.095,122.72,123.52,121.175,3841776.0
2023-09-08,122.5,124.37,124.94455,122.44,4450130.0
2023-09-11,124.95,126.57,127.115,124.5,4884116.0
2023-09-12,125.995,122.865,126.455,122.82,5104568.0
2023-09-13,121.605,123.145,123.885,121.215,3605434.0
2023-09-14,123.995,122.91,124.16,122.3167,3802482.0
2023-09-15,122.665,120.1,122.8425,119.285,7147898.0
2023-09-18,120.17,119.945,121.63,119.39,3947614.0
2023-09-19,119.155,118.085,119.395,115.675,7523530.0
2023-09-20,117.565,117.65,119.4375,117.245,3810018.0
2023-09-21,115.815,113.72,116.59,113.5925,6385588.0
2023-09-22,114.275,114.255,115.365,113.32,4438558.0
2023-09-25,113.765,113.265,113.975,112.32,4254842.0
2023-09-26,112.98,113.395,113.9,112.37545,4231652.0
2023-09-27,114.435,115.95,116.7625,114.16,5567398.0
2023-09-28,116.235,117.59,118.65,115.335,4455530.0
2023-09-29,119.0,117.22,119.17,117.01765,4496418.0
2023-10-02,117.5,118.385,119.095,116.945,5064204.0
2023-10-03,117.34,115.855,118.80495,115.045,4205204.0
2023-10-04,116.675,118.22,118.785,116.675,4737580.0
2023-10-05,118.22,118.39,118.65,117.175,3943696.0
2023-10-06,117.68,123.345,124.95375,117.52,8337854.0
2023-10-09,123.035,126.39,128.245,122.915,7669082.0
2023-10-10,127.16,128.389999999,129.27425,126.41,7114800.0
2023-10-11,128.5,129.604999999,130.93995,127.885,6947524.0
2023-10-12,130.074999999,130.31,132.1705,129.5825,5928752.0
2023-10-13,131.175,129.699999999,132.949999999,129.155,6184648.0
2023-10-16,129.875,130.759999999,132.585,129.455,4826864.0
2023-10-17,130.43,130.87,132.908899999,130.005,5617568.0
2023-10-18,130.055,130.669999999,132.925,130.0,5628720.0
2023-10-19,131.75,126.565,132.34,126.09,7761992.0
2023-10-20,126.5,121.55,126.5,120.14,9270018.0
2023-10-23,120.605,123.085,124.1575,119.41,4764724.0
2023-10-24,124.335,126.035,126.095,123.75005,4519222.0
2023-10-25,126.0,122.395,127.16,121.86,5418334.0
2023-10-26,122.395,118.595,123.47,118.01,5956506.0
2023-10-27,119.33,119.395,121.19555,118.64,4567586.0
2023-10-30,120.385,119.275,121.11,118.8532,3973508.0
2023-10-31,121.255,121.51,122.01775,119.06,4225934.0
2023-11-01,122.5,122.43,123.725,120.03,4923754.0
2023-11-02,123.78,125.18,126.04,123.54,6998798.0
2023-11-03,122.26,121.765,123.12495,120.525,15224384.0
2023-11-06,123.32,118.5,123.6425,116.9045,10643550.0
2023-11-07,120.975,121.04,121.71,118.76,8401496.0
2023-11-08,121.735,120.54,122.0,120.255,5201340.0
2023-11-09,121.195,121.295,123.87,119.8,6290036.0
2023-11-10,123.0,126.755,126.99,122.3,8168014.0
2023-11-13,127.185,127.82,128.699999999,126.88,8944084.0
2023-11-14,129.759999999,130.585,130.835,128.845,8778186.0
2023-11-15,132.255,128.09,132.375,127.31,19158086.0
2023-11-16,119.995,121.15,122.4,117.075,31270628.0
2023-11-17,121.52,123.795,126.015,121.49,15126982.0
2023-11-20,125.0,130.285,130.725,124.78,13713710.0
2023-11-21,129.775,132.014999999,132.28,129.0825,8110470.0
2023-11-22,132.5,131.57,134.05,131.035,5506208.0
2023-11-24,131.485,133.039999999,133.205,131.375,3230326.0
2023-11-27,133.0,134.544999999,134.97,132.94,6276182.0
2023-11-28,134.365,138.915,139.345,134.322499999,12630048.0
2023-11-29,139.73,144.455,146.165,139.255,15076426.0
2023-11-30,144.345,147.545,148.08,143.515,17859452.0
2023-12-01,146.155,148.08,148.42425,145.525,12313632.0
2023-12-04,147.12,143.305,147.5,141.3945,9284266.0
2023-12-05,141.27,146.39,146.405,140.33,6401140.0
2023-12-06,146.9,143.6,148.075,143.45595,6135464.0
2023-12-07,144.09,146.805,147.185,143.345,8612690.0
2023-12-08,145.32,149.21,149.455,145.32,4813266.0
2023-12-11,148.95,149.94,150.055,147.66,8096350.0
2023-12-12,149.785,152.79,153.94,149.705,9126974.0
2023-12-13,152.52,156.93,158.095,152.52,10375564.0
2023-12-14,157.5,150.22,159.0,149.0635,13591996.0
2023-12-15,150.515,153.65,154.525,149.625,18221050.0
2023-12-18,152.125,153.79,154.71,152.005,6663572.0
2023-12-19,153.79,154.305,155.44,153.09,7760050.0
2023-12-20,152.73005,150.49,154.0,150.225,6694314.0
2023-12-21,151.39,149.7,152.055,147.955,5772790.0
2023-12-22,150.165,149.105,150.375,148.75,4783076.0
2023-12-26,149.435,150.41,150.995,149.25,3117388.0
2023-12-27,150.24,148.75,150.445,147.91,4186806.0
2023-12-28,148.49,147.79,148.83,146.9,3872528.0
2023-12-29,148.355,147.44,148.36,145.975,4137760.0
2024-01-02,145.97,144.46,146.06,142.415,5767724.0
2024-01-03,142.34,143.235,144.56,141.41,4936386.0
2024-01-04,143.0,141.65,143.73995,141.45,5085354.0
2024-01-05,142.095,141.465,143.225,140.92,3714694.0
2024-01-08,141.76,144.75,145.37,141.75,5831076.0
2024-01-09,143.805,150.21,150.5,143.45,7302450.0
2024-01-10,152.6,158.045,158.245,152.55,10161516.0
2024-01-11,160.265,161.745,162.685,158.26,10001498.0
2024-01-12,162.255,162.62,165.2,160.69815,6390942.0
2024-01-16,164.15,166.025,166.65,162.75,7516846.0
2024-01-17,165.27,165.03,166.235,161.305,7864434.0
2024-01-18,168.205,167.885,169.297,166.28,7197490.0
2024-01-19,169.765,168.87,170.2,167.155,6588062.0
2024-01-22,173.145,172.825,175.3,171.225,7021968.0
2024-01-23,172.785,172.09,173.0,169.16,6045014.0
2024-01-24,173.91,170.12,173.995,169.92,5854204.0
2024-01-25,172.23,170.095,172.23,168.285,6909930.0
2024-01-26,170.0,171.22,172.15,169.03005,4331240.0
2024-01-29,170.995,172.625,172.74665,170.385,5238208.0
2024-01-30,172.415,172.945,173.815,171.38,3488330.0
2024-01-31,171.115,169.255,171.995,166.335,4968502.0
2024-02-01,169.5,169.985,170.2225,167.72,4350980.0
2024-02-02,169.78,172.53,173.215,169.5,5080646.0
2024-02-05,172.14,172.24,172.75,168.97,5340612.0
2024-02-06,172.745,170.745,173.875,168.00005,5483170.0
2024-02-07,175.7,182.25,183.07,174.7,13163274.0
2024-02-08,181.61,183.51,185.85995,181.5,5916374.0
2024-02-09,186.525,188.45,190.42,184.50005,7001960.0
2024-02-12,187.725,185.985,188.15,183.765,5737020.0
2024-02-13,179.56,184.13,187.19,176.905,15684414.0
2024-02-14,184.405,184.165,187.585,183.0625,6187462.0
2024-02-15,184.09,183.44,184.895,180.81,5435196.0
2024-02-16,184.75,183.205,185.495,181.025,6525770.0
2024-02-20,181.425,183.045,184.6436,179.9091,20917614.0
2024-02-21,137.6,130.985,137.99,130.044999999,87874678.0
2024-02-22,137.06335,133.91,138.405,132.5,38594546.0
2024-02-23,138.475,141.045,142.16,135.81,30662916.0
2024-02-26,144.26,151.39,156.94,143.395,43874310.0
2024-02-27,158.7,157.375,163.785,153.775,42708640.0
2024-02-28,155.64,158.075,158.425,153.9048,15990676.0
2024-02-29,157.89,155.275,160.345,154.365,16355942.0
2024-03-01,155.765,151.2,155.765,148.405,22750266.0
2024-03-04,151.0,149.72,151.1875,146.03,14428358.0
2024-03-05,147.945,145.565,148.775,142.34,14534200.0
2024-03-06,149.49,139.43,150.0,138.405,23383444.0
2024-03-07,140.0,143.2425,144.065,138.8755,16056556.0
2024-03-08,143.09,140.1,144.225,139.85,11484830.0
2024-03-11,139.15,141.665,143.4,138.805,9898202.0
2024-03-12,142.665,142.365,143.7175,140.701,8133516.0
2024-03-13,142.81,145.06,146.395,140.865,10545502.0
2024-03-14,146.18,143.79,146.37,141.68,9903130.0
2024-03-15,142.12,141.08,143.645,140.805,13190334.0
2024-03-18,142.685,142.62,143.315,140.59,7678338.0
2024-03-19,141.55,140.29,142.06985,138.275,10930832.0
2024-03-20,140.865,141.025,141.86,139.135,6815264.0
2024-03-21,141.91,143.815,145.07,140.785,7662868.0
2024-03-22,145.41,143.39,145.445,142.7786,7593466.0
2024-03-25,142.8,142.535,143.15,140.6175,5298092.0
2024-03-26,142.925,143.345,144.12,141.4,5869414.0
2024-03-27,145.245,141.13,145.45,140.74,6528016.0
2024-03-28,140.68,142.065,142.53,140.025,6800996.0
2024-04-01,142.51,139.71,142.8325,139.215,6280284.0
2024-04-02,137.725,136.699999999,137.78,135.725,7738842.0
2024-04-03,135.699999999,134.77,136.94,134.625,8076472.0
2024-04-04,135.835,132.6,136.69495,132.5,9636436.0
2024-04-05,132.889999999,134.505,134.85,132.625,7363520.0
2024-04-08,134.005,134.289999999,134.56,132.83,7385868.0
2024-04-09,135.485,139.565,139.755,134.82735,11193314.0
2024-04-10,137.5,140.5,141.25,137.5,7006506.0
2024-04-11,141.335,141.93,142.745,139.215,6986606.0
2024-04-12,141.22,139.535,141.88,138.63,5815920.0
2024-04-15,139.5,136.074999999,139.59,135.52,6104176.0
2024-04-16,135.205,137.51,138.2475,135.18,7255058.0
2024-04-17,139.0,138.665,140.44,137.8,6338760.0
2024-04-18,138.875,140.57,142.185,138.16335,7711856.0
2024-04-19,141.25,138.855,142.44,138.27315,9503230.0
2024-04-22,141.045,140.84,141.485,137.6,5852214.0
2024-04-23,142.125,146.745,147.11,141.5,8132008.0
2024-04-24,147.0,146.91,147.5,145.46,5700734.0
2024-04-25,143.0,144.395,145.075,140.81,5422882.0
2024-04-26,145.07,145.71,147.065,143.7158,4493024.0
2024-04-29,149.0,146.705,151.945,145.915,5980510.0
2024-04-30,146.475,145.445,147.975,145.21,6345768.0
2024-05-01,144.4375,143.67,146.855,142.0,6070956.0
2024-05-02,145.38,147.66,147.89,142.765,6534598.0
2024-05-03,146.8475,148.105,148.745,145.185,6877948.0
2024-05-06,149.495,150.285,150.485,148.58,5771108.0
2024-05-07,150.285,152.76,154.325,149.73,9227944.0
2024-05-08,151.45,151.505,152.135,149.755,6254046.0
2024-05-09,149.455,147.835,150.495,147.52,6029190.0
2024-05-10,149.155,148.735,150.48295,148.46,4278102.0
2024-05-13,151.0,151.125,152.33,149.475,4173820.0
2024-05-14,149.465,150.77,151.65,149.22,5380932.0
2024-05-15,152.095,156.16,156.57,151.53,7398948.0
2024-05-16,157.26,158.39,158.69,155.54,7343426.0
2024-05-17,158.5,158.925,159.5,157.48,6848300.0
2024-05-20,159.25,161.885,162.34,157.29,15993944.0
2024-05-21,150.58,155.83,159.25,150.0,27524812.0
2024-05-22,156.045,154.29,156.72495,151.6,9065172.0
2024-05-23,154.89,155.72,157.22,152.25,7791228.0
2024-05-24,155.75,160.8,161.555,155.5,9429950.0
2024-05-28,160.05,154.005,160.925,153.535,9216068.0
2024-05-29,152.87,153.45,155.16,152.2,5270046.0
2024-05-30,152.0,146.59,152.175,145.58,9244502.0
2024-05-31,148.75,147.455,149.63,143.29,14804500.0
2024-06-03,148.21,147.24,148.5,145.565,4701038.0
2024-06-04,147.25,145.045,147.895,144.455,5347242.0
2024-06-05,148.115,147.705,148.475,145.25,7476718.0
2024-06-06,147.5575,147.965,150.33115,147.375,5059786.0
2024-06-07,148.25,150.95,151.475,147.595,5215980.0
2024-06-10,149.73,154.525,154.73,149.35,5788352.0
2024-06-11,154.34,156.475,157.3,153.4375,5524502.0
2024-06-12,157.5,159.895,160.05,155.82,4926184.0
2024-06-13,160.0,159.83,162.245,157.68005,5944630.0
2024-06-14,159.83,158.655,161.30995,157.505,4971786.0
2024-06-17,158.005,159.795,160.585,155.94,5080904.0
2024-06-18,160.005,158.51,160.57,157.93,4121360.0
2024-06-20,159.7375,155.52,160.55,154.625,6281036.0
2024-06-21,157.92,160.165,160.695,156.13,14406704.0
2024-06-24,159.37,158.34,163.4,157.87,6381334.0
2024-06-25,158.68,161.34,163.195,158.0,5155936.0
2024-06-26,161.0,162.63,163.69,159.9,4249614.0
2024-06-27,165.0,170.41,172.705,164.57,11299140.0
2024-06-28,170.0,169.505,172.94995,168.685,8344612.0
2024-07-01,169.0,170.45,171.265,165.74,4766896.0
2024-07-02,169.685,170.22,171.405,168.035,4240338.0
2024-07-03,169.725,170.6,171.22,169.24,2045296.0
2024-07-05,170.4875,171.045,172.77495,169.1525,4140730.0
2024-07-08,170.08,168.82,170.97495,164.665,5856278.0
2024-07-09,169.5,168.09,169.5,166.065,3594368.0
2024-07-10,168.5,168.53,169.005,165.08,4091366.0
2024-07-11,168.515,165.52,170.625,164.56,5553354.0
2024-07-12,166.005,168.25,169.1,165.64,3581116.0
2024-07-15,166.395,170.455,171.845,164.625,5101012.0
2024-07-16,170.3,169.25,170.8438,167.755,3184060.0
2024-07-17,167.455,166.07,167.935,163.815,4625656.0
2024-07-18,164.635,161.94,165.5,160.13,5020130.0
2024-07-19,165.9795,165.445,168.45,163.015,6454754.0
2024-07-22,167.225,166.85,169.435,164.44,5970354.0
2024-07-23,167.495,167.78,170.445,166.325,5494242.0
2024-07-24,167.0,162.12,168.13495,161.5,4984268.0
2024-07-25,163.28,160.065,164.425,159.365,4743168.0
2024-07-26,161.615,163.405,164.5775,160.635,3418850.0
2024-07-29,163.75,161.03,164.365,160.7,3124682.0
2024-07-30,162.62,158.755,163.4175,157.505,5412340.0
2024-07-31,160.3225,162.365,163.31,158.125,4082338.0
2024-08-01,161.705,157.81,162.82,156.185,6717674.0
2024-08-02,152.9575,152.8,154.5,149.775,7049198.0
2024-08-05,143.605,147.09,150.7,142.01,8960350.0
2024-08-06,150.06,150.965,152.67,147.425,6441604.0
2024-08-07,155.575,152.105,157.39,152.085,7132492.0
2024-08-08,155.85,158.685,158.905,153.17505,4438612.0
2024-08-09,159.08,165.74,166.57,158.745,5640230.0
2024-08-12,165.335,165.55,166.2132,162.575,4079126.0
2024-08-13,165.675,166.615,168.04,165.26,6996168.0
2024-08-14,167.995,169.955,172.16635,167.755,5346652.0
2024-08-15,170.255,171.635,172.89,170.045,6358698.0
2024-08-16,169.24,167.055,170.065,166.36,9066732.0
2024-08-19,168.0,171.68,172.2389,167.555,16124696.0
2024-08-20,174.345,184.005,187.68495,174.0,25706058.0
2024-08-21,182.155,179.875,184.29745,179.265,10018578.0
2024-08-22,179.675,174.74,179.68,174.415,6149278.0
2024-08-23,175.6,175.375,177.57,173.115,7013312.0
2024-08-26,174.865,173.56,177.32,172.735,6962720.0
2024-08-27,172.125,175.095,175.67,171.68,3472968.0
2024-08-28,174.735,175.22,176.39,173.0375,3306520.0
2024-08-29,176.46,179.105,183.025,176.11,5457076.0
2024-08-30,179.21,181.36,181.4825,177.285,5977152.0
2024-09-03,179.775,177.535,182.75,176.475,5231606.0
2024-09-04,171.65,173.075,174.02,169.045,6138482.0
2024-09-05,171.675,171.87,172.92995,169.535,3378908.0
2024-09-06,172.5,167.91,173.5125,166.92,4735178.0
2024-09-09,169.42,172.025,172.465,168.825,4788556.0
2024-09-10,173.5,173.79,174.055,170.03505,4959766.0
2024-09-11,173.2375,170.885,173.2375,166.35,6913970.0
2024-09-12,172.005,172.58,173.2,170.65,3517984.0
2024-09-13,172.58,173.45,176.3,172.235,3052618.0
2024-09-16,173.29,173.055,174.635,171.46,3393158.0
2024-09-17,173.605,168.965,173.97,168.13505,4998714.0
2024-09-18,168.47,164.875,168.875,164.36,5707366.0
2024-09-19,168.95,166.8,169.59,166.2,4807658.0
2024-09-20,166.5,170.06,170.525,166.165,7552534.0
2024-09-23,169.82,172.085,172.675,168.585,4410480.0
2024-09-24,172.52,171.76,172.935,169.2558,4520998.0
2024-09-25,171.715,170.255,172.5,169.18,3576524.0
2024-09-26,171.775,169.365,172.135,167.65,5054372.0
2024-09-27,169.435,167.875,169.98,167.25,3519162.0
2024-09-30,167.585,170.9,171.71675,167.5,5140798.0
2024-10-01,170.8,164.645,170.89,164.125,5405958.0
2024-10-02,165.275,166.065,168.80945,164.275,4105222.0
2024-10-03,164.98,167.97,168.345,164.455,4020694.0
2024-10-04,171.0,171.18,171.48,167.795,4074118.0
2024-10-07,170.31,168.97,172.7775,168.405,4799128.0
2024-10-08,172.7,177.565,178.49995,172.5,6637000.0
2024-10-09,177.565,181.435,181.78,177.5,4918456.0
2024-10-10,180.0,184.7,184.895,180.0,4452386.0
2024-10-11,184.505,186.6,189.165,184.475,4596038.0
2024-10-14,188.495,186.955,188.565,184.895,2989762.0
2024-10-15,186.525,187.22,188.16,185.005,7457928.0
2024-10-16,187.22,186.615,187.27,183.7025,6166874.0
2024-10-17,186.0,188.075,189.865,185.165,3095228.0
2024-10-18,186.605,187.415,188.0,186.32,2899926.0
2024-10-21,187.485,189.205,192.0,186.515,4362502.0
2024-10-22,187.36,188.05,189.635,185.655,3167442.0
2024-10-23,186.78,179.095,187.0725,178.79,5402252.0
2024-10-24,180.3525,182.29,183.255,180.075,2969736.0
2024-10-25,183.865,183.22,186.2,182.87,2694346.0
2024-10-28,184.0,181.175,184.455,180.715,3127344.0
2024-10-29,180.885,182.695,183.735,178.895,4410280.0
2024-10-30,182.17,179.755,183.94,179.3425,2940410.0
2024-10-31,182.34,180.165,184.69,179.1,4063962.0
2024-11-01,179.515,181.32,182.885,178.55,5852550.0
2024-11-04,180.325,180.56,181.94,178.0,3064824.0
2024-11-05,182.245,183.145,184.245,181.1,2707480.0
2024-11-06,189.0,192.59,193.1,188.0,5031460.0
2024-11-07,189.295,193.5,193.605,188.11,4210648.0
2024-11-08,194.5,195.7,196.605,192.135,4116550.0
2024-11-11,197.83,199.05,200.345,196.85,3760964.0
2024-11-12,197.88,199.01,199.655,196.985,3702848.0
2024-11-13,199.64,201.18,204.265,198.655,3929470.0
2024-11-14,201.055,197.195,201.58,197.015,4857792.0
2024-11-15,194.7175,193.5,196.25,192.785,4408174.0
2024-11-18,196.5,193.415,196.6875,192.865,4466816.0
2024-11-19,192.6,194.03,194.515,191.515,4756418.0
2024-11-20,194.78,196.445,197.455,191.965,11057172.0
2024-11-21,193.1,198.85,202.0,190.275,14867538.0
2024-11-22,196.3125,191.68,197.005,187.60005,12644820.0
2024-11-25,193.98,193.19,198.080409,191.585,8691724.0
2024-11-26,194.72,198.2,198.61,194.315,5721148.0
2024-11-27,196.855,192.185,196.96495,191.385,9251750.0
2024-11-29,193.125,193.91,194.61,191.73,2086668.0
2024-12-02,195.12,195.085,196.15725,193.26,4649118.0
2024-12-03,194.035,196.295,197.8763,193.43,5162492.0
2024-12-04,198.23,202.29,203.38995,196.3,5430580.0
2024-12-05,202.0,201.515,203.75,200.785,3390050.0
2024-12-06,202.575,202.95,204.57865,201.31,3959118.0
2024-12-09,203.5,194.47,205.11435,194.06685,5073360.0
2024-12-10,195.76,194.88,198.22,193.865,3492216.0
2024-12-11,195.315,199.21,199.425,195.315,3376330.0
2024-12-12,198.55,200.105,201.7,197.76,3286016.0
2024-12-13,200.25,196.56,201.25,196.18,3848816.0
2024-12-16,198.15,202.5,203.0,195.5,6086976.0
2024-12-17,202.33,201.24,207.24,199.0,5429873.0
2024-12-18,201.0,188.76,202.0,186.541,6397545.0
2024-12-19,194.44,189.36,195.3,188.5015,5488804.0
2024-12-20,186.58,186.78,192.8599,185.01,13346442.0
2024-12-23,187.3,188.22,189.515,186.5,3897545.0
2024-12-24,187.94,189.51,189.51,186.6485,1470980.0
2024-12-26,188.51,188.5,189.475,187.63,2114145.0
2024-12-27,186.37,186.18,187.01,183.2,2911301.0
2024-12-30,183.81,184.2,185.61,181.9,2737916.0
2024-12-31,185.38,181.96,185.81,181.26,3270113.0
2025-01-02,184.5,180.74,184.63,178.82,4540191.0
2025-01-03,181.26,183.25,184.8,180.41,4277552.0
2025-01-06,182.35,179.5,182.785,176.65,7109536.0
2025-01-07,177.52,175.51,178.17,173.18,6492396.0
2025-01-08,169.38,172.83,173.11,167.26,11015177.0
2025-01-10,171.8,173.42,175.24,171.19,5727177.0
2025-01-13,169.77,167.82,170.5298,166.21,7402337.0
2025-01-14,168.3,170.58,170.66,166.4,4914933.0
2025-01-15,173.33,174.19,175.95,172.79,7705752.0
2025-01-16,176.0,177.17,178.95,173.58,6635602.0
2025-01-17,181.12,177.11,181.35,177.0,5500372.0
2025-01-21,181.09,183.51,186.15,180.53,6421669.0
2025-01-22,185.28,187.7,188.973,182.57,5517923.0
2025-01-23,187.02,187.32,187.75,185.04,5490939.0
2025-01-24,187.83,187.7,190.93,186.87,3093869.0
2025-01-27,185.09,189.3,192.43,183.5601,6113141.0
2025-01-28,188.66,192.94,197.74,186.57,8753534.0
2025-01-29,192.94,185.42,193.01,185.06,6847772.0
2025-01-30,186.04,187.42,189.14,185.65,4451150.0
2025-01-31,188.83,184.42,189.16,184.37,4833496.0
2025-02-03,181.555,182.79,184.24,180.12,6448305.0
2025-02-04,181.31,183.4,184.8992,180.93,5554023.0
2025-02-05,183.94,186.85,187.1125,183.05,3823501.0
2025-02-06,187.71,187.37,188.97,186.38,3634148.0
2025-02-07,191.225,193.94,197.66,191.0,6345780.0
2025-02-10,196.5,196.4,198.74,195.5,5113176.0
2025-02-11,198.15,195.49,199.18,194.4,5664775.0
2025-02-12,194.0,196.73,197.33,191.82,4172488.0
2025-02-13,199.16,201.88,202.41,195.35,13222950.0
2025-02-14,191.995,200.03,201.33,188.75,13989015.0
2025-02-18,197.7,208.28,208.35,197.7,9069304.0
2025-02-19,208.19,205.19,208.39,202.77,5626807.0
2025-02-20,203.83,198.81,203.97,194.8272,5878685.0
2025-02-21,199.12,191.03,199.26,190.26,5457072.0
2025-02-24,191.65,190.39,193.0,188.0,4142275.0
2025-02-25,189.29,188.01,189.735,184.65,5474849.0
2025-02-26,189.37,189.55,192.31,188.45,2645955.0
2025-02-27,191.38,187.5,193.4,186.695,4714068.0
2025-02-28,187.89,190.43,191.01,187.39,5190538.0
2025-03-03,191.5,183.68,193.66,182.26,5120787.0
2025-03-04,182.29,184.38,186.5932,178.9,5197425.0
2025-03-05,182.45,184.28,185.27,180.12,4539249.0
2025-03-06,180.3,179.33,184.13,178.541,4292597.0
2025-03-07,177.92,180.93,182.0,173.89,4808545.0
2025-03-10,177.6,173.83,177.74,172.6216,6307400.0
2025-03-11,173.79,178.93,182.39,172.75,5523678.0
2025-03-12,183.64,179.48,184.1618,178.0,4472826.0
2025-03-13,178.38,176.32,178.77,174.31,3823706.0
2025-03-14,178.87,182.34,183.05,178.49,3563630.0
2025-03-17,183.5,185.0,186.16,182.0051,3231076.0
2025-03-18,182.95,183.1,184.35,180.9354,2791036.0
2025-03-19,183.1,187.54,189.6709,182.6001,3476804.0
2025-03-20,185.59,184.01,188.854,183.825,4394960.0
2025-03-21,181.72,182.32,183.6,179.72,8565886.0
2025-03-24,186.0,184.79,186.49,183.86,3758128.0
2025-03-25,184.79,189.95,190.1,184.51,5343396.0
2025-03-26,189.67,184.96,191.0,184.73,3412915.0
2025-03-27,182.695,174.44,183.09,173.56,7156303.0
2025-03-28,173.91,172.76,174.885,170.77,6249862.0
2025-03-31,169.57,170.64,171.015,165.8844,5888637.0
2025-04-01,168.52,171.31,171.89,166.83,4037250.0
2025-04-02,168.27,173.18,174.74,168.27,3371834.0
2025-04-03,165.43,165.17,168.69,163.19,7365360.0
2025-04-04,158.96,153.57,160.8411,153.39,9000534.0
2025-04-07,147.57,152.44,159.5925,144.145,9837943.0
2025-04-08,157.715,152.53,161.5,150.12,13716497.0
2025-04-09,151.63,173.02,174.11,151.63,10513474.0
2025-04-10,168.93,168.27,170.66,162.24,6465581.0
2025-04-11,164.735,168.34,168.84,161.45,6302298.0
2025-04-14,171.66,169.98,173.53,168.68,5103311.0
2025-04-15,170.5,173.55,174.94,169.98,4147466.0
2025-04-16,171.535,169.76,173.85,167.92,5405198.0
2025-04-17,171.14,167.69,171.365,167.13,4784631.0
2025-04-21,165.09,160.05,165.95,157.6,4555124.0
2025-04-22,162.46,163.63,165.36,160.27,4005327.0
2025-04-23,168.74,168.32,172.52,167.33,4924435.0
2025-04-24,169.345,176.04,176.45,169.07,4023389.0
2025-04-25,176.49,178.98,179.5,175.33,3536822.0
2025-04-28,178.62,181.54,182.2,178.09,3551869.0
2025-04-29,182.96,186.65,187.31,182.095,5112323.0
2025-04-30,184.98,186.93,187.63,182.3696,6163155.0
2025-05-01,188.64,186.27,189.1623,186.03,4627143.0
2025-05-02,190.0,187.7,191.6999,187.27,3842206.0
2025-05-05,186.0,188.13,190.98,185.47,3804317.0
2025-05-06,186.8,188.69,190.27,186.02,3031903.0
2025-05-07,188.8,188.14,189.31,186.35,3713849.0
2025-05-08,187.69,188.53,188.98,184.35,3677239.0
2025-05-09,188.755,186.93,189.79,184.64,3211041.0
2025-05-12,191.615,193.5,193.665,189.515,4580843.0
2025-05-13,192.725,192.0,195.42,191.875,5556527.0
2025-05-14,191.83,190.9,192.2007,189.425,5445821.0
2025-05-15,189.79,192.9,194.19,189.59,5460097.0
2025-05-16,191.045,192.98,193.7906,190.91,4210924.0
2025-05-19,190.49,194.3,194.4,190.17,4419514.0
2025-05-20,194.635,194.48,194.93,192.66,9533438.0
2025-05-21,184.76,181.26,185.3,178.64,19049689.0
2025-05-22,183.01,186.14,187.65,182.46,7613395.0
2025-05-23,183.605,186.75,187.65,183.2201,4902866.0
2025-05-27,188.67,187.46,189.1,186.529,5331677.0
2025-05-28,187.76,187.8,189.84,187.47,3869008.0
2025-05-29,189.0,185.82,189.1475,182.89,4499556.0
2025-05-30,187.02,192.42,192.73,186.725,11419740.0
2025-06-02,192.14,194.86,195.29,191.48,4411538.0
2025-06-03,195.0,197.12,198.4534,194.88,4820893.0
2025-06-04,195.22,194.07,197.25,193.47,3360595.0
2025-06-05,194.11,197.11,199.5,194.11,3549790.0
2025-06-06,199.0,199.6,200.88,198.2,3306209.0
2025-06-09,199.04,196.33,199.1956,196.19,2566463.0
2025-06-10,195.65,195.95,197.0422,193.6,2971944.0
2025-06-11,195.71,194.39,197.44,194.06,3462978.0
2025-06-12,194.57,197.67,199.3985,194.31,4159496.0
2025-06-13,196.37,196.27,199.95,195.07,3818451.0
2025-06-16,196.85,198.11,199.74,196.85,4137994.0
2025-06-17,197.99,202.05,202.7488,197.5,4132887.0
2025-06-18,202.29,199.78,202.885,198.8801,3324502.0
2025-06-20,201.05,199.24,201.05,197.71,8289229.0
2025-06-23,199.56,203.32,203.87,196.0001,4478798.0
2025-06-24,204.0,201.69,204.8,201.42,4951793.0
2025-06-25,202.8,204.3,204.81,202.4772,3242332.0
2025-06-26,204.59,202.34,206.7399,201.54,5264863.0
2025-06-27,202.34,200.57,203.26,198.7497,5346395.0
2025-06-30,201.24,204.64,204.91,201.02,4350789.0
2025-07-01,203.97,197.58,204.35,195.081,6840597.0
2025-07-02,196.44,196.97,197.92,194.91,3367163.0
2025-07-03,197.855,201.82,202.98,197.855,2561725.0
2025-07-07,200.89,201.42,202.1879,199.67,3483128.0
2025-07-08,202.0,203.99,204.51,200.69,3411426.0
2025-07-09,204.8,206.06,206.18,202.43,3089967.0
2025-07-10,204.03,192.07,205.0,191.17,9248970.0
2025-07-11,192.91,187.39,193.0,186.7,7412270.0
2025-07-14,186.88,190.72,191.4416,186.001,5050218.0
2025-07-15,190.71,192.25,193.52,190.2,3963239.0
2025-07-16,192.95,192.59,193.88,190.695,3119577.0
2025-07-17,193.19,196.28,197.6,193.0798,4300392.0
2025-07-18,197.12,195.78,197.44,194.78,2978902.0
2025-07-21,195.935,199.88,203.2,194.6,7642519.0
2025-07-22,199.89,196.73,201.43,196.31,3658253.0
2025-07-23,197.825,199.22,199.9,194.77,3050496.0
2025-07-24,199.0,201.16,201.45,198.43,2887811.0
2025-07-25,201.33,203.27,205.27,200.65,3459191.0
2025-07-28,203.77,204.5,204.9499,202.51,2134717.0
2025-07-29,206.0,193.84,210.39,193.1,13615217.0
2025-07-30,180.27,183.03,186.12,176.56,42277248.0
2025-07-31,183.91,173.6,183.94,172.93,29824681.0
2025-08-01,173.13,172.88,176.03,168.36,16242929.0
2025-08-04,174.475,171.0,174.48,170.05,11191556.0
2025-08-05,171.5,169.09,171.68,168.18,8645701.0
2025-08-06,169.25,172.89,173.625,168.4,9890871.0
2025-08-07,173.5,168.1,173.5,165.21,14553490.0
2025-08-08,168.89,167.06,170.4584,166.56,9842196.0
2025-08-11,167.2,168.17,170.8994,166.21,10219730.0
2025-08-12,171.22,175.4,175.58,170.25,11539922.0
2025-08-13,180.15,176.86,180.39,175.78,11947487.0
2025-08-14,177.0,173.55,177.85,173.455,8784615.0
2025-08-15,174.36,177.09,177.36,173.5,9548581.0
2025-08-18,178.055,176.17,178.19,174.69,17895451.0
2025-08-19,187.81,181.56,189.0,180.71,27834466.0
2025-08-20,181.93,184.43,187.645,181.47,13637507.0
2025-08-21,184.12,183.32,184.35,180.02,8181331.0
2025-08-22,183.65,185.88,187.1099,182.935,6861721.0
2025-08-25,185.18,184.55,186.07,181.91,5801233.0
2025-08-26,184.22,184.23,186.6578,183.99,8319130.0
2025-08-27,185.0,187.61,188.21,184.69,5990604.0
2025-08-28,187.44,191.02,191.57,187.2,6031842.0
2025-08-29,191.37,190.52,192.785,190.03,5195150.0
2025-09-02,187.255,190.52,191.59,186.35,7066889.0
2025-09-03,188.95,191.53,192.35,188.05,5482571.0
2025-09-04,191.53,192.35,194.48,188.75,5996127.0
2025-09-05,193.6,194.46,196.34,191.85,5670399.0
2025-09-08,195.185,197.38,197.9,194.79,5503798.0
2025-09-09,197.69,197.55,198.13,195.77,4073968.0
2025-09-10,197.84,197.33,202.72,195.7,6342409.0
2025-09-11,198.0,198.33,200.8,197.7181,4327456.0
2025-09-12,197.18,196.29,199.95,196.155,4431574.0
2025-09-15,198.045,201.28,202.11,197.3701,6076902.0
2025-09-16,201.5,201.34,202.12,198.76,5365532.0
2025-09-17,203.0,203.12,204.505,200.325,4916139.0
2025-09-18,204.6,205.68,207.0299,204.265,5446388.0
2025-09-19,206.405,208.19,209.02,205.52,8925326.0
2025-09-22,206.89,208.18,209.51,205.67,5468050.0
2025-09-23,207.16,203.25,208.49,202.25,7125741.0
2025-09-24,202.67,200.7,205.0,200.22,5159961.0
2025-09-25,200.0,202.21,203.84,197.69,7326395.0
2025-09-26,201.48,202.37,203.5499,200.62,5244253.0
2025-09-29,203.0,203.96,204.74,202.6,5333718.0
2025-09-30,203.62,203.62,206.07,201.92,4396128.0
2025-10-01,202.16,206.8,207.19,200.88,5623781.0
2025-10-02,208.49,209.3,209.9,205.44,4951605.0
2025-10-03,210.1,207.19,212.0999,206.9001,4963007.0
2025-10-06,209.365,212.58,213.85,209.13,7286921.0
2025-10-07,213.23,211.04,214.02,208.32,4982825.0
2025-10-08,212.6,217.79,217.94,212.26,5122939.0
2025-10-09,217.0,215.17,217.75,214.19,4548755.0
2025-10-10,216.0,208.55,217.29,208.31,5425045.0
2025-10-13,213.42,213.28,214.72,211.69,4449204.0
2025-10-14,209.765,207.56,210.8,206.7,4381695.0
2025-10-15,208.08,206.7,210.6,203.3801,4992297.0
2025-10-16,208.0,205.51,210.44,204.63,3675599.0
2025-10-17,204.09,207.89,208.98,203.62,4626840.0
2025-10-20,209.555,211.82,212.605,209.53,4086411.0
2025-10-21,212.04,214.4,215.09,211.19,3835806.0
2025-10-22,214.0,212.42,215.17,210.99,4591459.0
2025-10-23,212.05,215.02,216.5069,211.62,4001693.0
2025-10-24,217.0,217.11,218.225,215.8661,3437151.0
2025-10-27,219.79,220.29,221.09,218.0,5439642.0
2025-10-28,221.18,221.38,223.61,219.68,4608883.0
2025-10-29,219.31,217.16,219.8135,216.0,4607680.0
2025-10-30,217.54,218.27,221.27,216.61,3759931.0
2025-10-31,219.94,220.24,221.17,217.75,3958720.0
2025-11-03,219.97,219.23,220.47,215.33,5011550.0
2025-11-04,215.72,214.52,218.0,212.35,6361809.0
2025-11-05,215.2,213.18,215.5999,212.42,4309348.0
2025-11-06,209.87,211.37,213.41,207.35,5444794.0
2025-11-07,208.23,212.285,212.635,207.83,5046792.0
2025-11-10,214.22,216.54,216.82,212.72,4917095.0
2025-11-11,216.94,218.27,218.7499,215.7901,3581103.0
2025-11-12,218.14,210.04,220.03,209.72,4535075.0
2025-11-13,209.8,204.77,211.99,203.1812,5361219.0
2025-11-14,201.99,205.25,206.93,198.4,5371730.0
2025-11-17,205.0,202.9,207.185,202.16,4860717.0
2025-11-18,202.5,201.0,203.99,199.81,5373225.0
2025-11-19,199.36,199.9,202.6,199.24,7529051.0
2025-11-20,198.125,185.07,199.69,183.2,16078962.0
2025-11-21,185.01,182.9,186.75,180.05,8201446.0
2025-11-24,185.42,183.89,186.58,181.92,16207034.0
2025-11-25,183.53,186.27,186.69,181.16,6035647.0
2025-11-26,187.145,185.35,187.145,183.83,5915205.0
2025-11-28,187.23,190.13,190.92,186.95,4808313.0
2025-12-01,189.54,187.73,189.87,185.6201,6692006.0
2025-12-02,189.49,189.88,192.075,188.15,5874307.0
2025-12-03,190.08,193.63,194.0,186.77,5489767.0
2025-12-04,194.06,195.68,196.0,192.432,4164795.0
2025-12-05,195.64,198.84,199.735,195.0,4611842.0
2025-12-08,199.37,195.35,199.9,193.685,4425273.0
2025-12-09,195.02,195.0,196.6645,194.2,3193486.0
2025-12-10,194.46,192.96,195.0,192.11,4715844.0
2025-12-11,191.38,190.36,192.84,188.5,5776098.0
2025-12-12,191.055,191.69,193.66,188.55,5352724.0
2025-12-15,191.34,185.88,191.34,185.7093,6660313.0
2025-12-16,185.1,187.09,188.33,184.635,5757246.0
2025-12-17,187.53,183.44,188.3316,183.28,5758294.0
2025-12-18,185.71,185.88,186.92,183.1901,7224299.0
2025-12-19,187.85,186.88,188.27,186.14,19050253.0
2025-12-22,188.485,189.49,190.52,186.6501,4982468.0
2025-12-23,189.07,188.12,189.72,187.29,3371298.0
2025-12-24,187.43,187.22,187.84,184.7901,1829308.0
2025-12-26,187.34,188.45,188.58,186.51,2527618.0
2025-12-29,188.13,186.85,189.03,186.21,2659990.0
2025-12-30,186.25,186.85,187.75,185.9,2847620.0
2025-12-31,186.7,184.2,186.86,184.1,3253149.0
2026-01-02,184.81,179.37,184.81,177.23,6909587.0
2026-01-05,183.0,182.12,185.84,181.01,6582930.0
2026-01-06,181.73,185.86,186.05,181.45,5959267.0
2026-01-07,188.09,193.9,196.19,187.77,7613585.0
2026-01-08,193.69,190.8,193.89,189.05,6451293.0
2026-01-09,191.93,189.02,192.4199,187.32,5306460.0
2026-01-12,188.34,188.88,189.7499,187.2929,4281434.0
2026-01-13,188.0,190.85,193.2,187.99,5419617.0
2026-01-14,190.71,190.93,192.585,187.95,5658085.0
2026-01-15,190.66,187.73,194.0699,186.5485,6530304.0
2026-01-16,187.63,187.66,189.4999,184.675,7053068.0
2026-01-20,184.24,184.06,188.52,182.27,7287948.0
2026-01-21,184.46,181.47,185.08,178.78,6300966.0
2026-01-22,182.475,182.27,183.095,180.78,7018027.0
2026-01-23,183.06,180.18,184.72,179.7,5790965.0
2026-01-26,181.37,184.22,185.6199,180.685,5356744.0
2026-01-27,187.375,183.5,189.39,182.53,5539985.0
2026-01-28,184.53,183.74,186.68,183.35,4159810.0
2026-01-29,181.08,176.2,182.205,171.251,12925323.0
2026-01-30,174.72,176.97,178.0999,172.99,7628145.0
2026-02-02,177.45,175.42,177.73,173.8,4978106.0
2026-02-03,174.12,166.24,174.55,163.33,9945882.0
2026-02-04,164.87,166.72,167.56,159.44,10470840.0
2026-02-05,163.68,154.77,166.19,154.05,12780496.0
2026-02-06,157.61,159.32,159.545,151.71,9902493.0
2026-02-09,159.795,166.0,166.7499,156.37,20917735.0
2026-02-10,166.39,165.51,168.28,164.3,30141622.0
2026-02-11,167.195,165.3,168.28,163.49,43667315.0
2026-02-12,166.29,162.81,167.9514,157.81,19646464.0
2026-02-13,165.03,166.95,170.49,163.1,12576988.0
2026-02-17,165.68,163.5,166.01,160.08,16586505.0
2026-02-18,149.55,152.35,155.278,147.15,26756814.0
2026-02-19,152.48,150.99,152.6797,148.1501,13545796.0
2026-02-20,150.355,148.7,158.17,148.4,25857844.0
2026-02-23,147.72,144.14,148.63,143.3,20861538.0
2026-02-24,142.93,141.67,147.52,139.5706,23692183.0
2026-02-25,142.725,144.84,145.36,140.3,11157854.0
2026-02-26,146.91,149.4,151.29,144.81,12124941.0
2026-02-27,147.165,148.92,148.99,143.6701,9430627.0
2026-03-02,147.9,150.15,151.86,146.01,8281324.0
2026-03-03,149.07,156.09,156.83,147.86,10319535.0
2026-03-04,156.06,158.56,160.295,154.75,9541859.0
2026-03-05,159.13,163.16,164.7,158.48,9220461.0
2026-03-06,162.32,165.05,165.3599,161.31,7202500.0
2026-03-09,164.08,165.1,167.76,163.49,9194273.0
2026-03-10,165.5,165.58,167.0,160.8316,6846981.0
2026-03-11,166.65,164.93,169.08,163.38,5487235.0
2026-03-12,166.28,168.12,168.74,165.43,7961542.0
2026-03-13,168.9,167.015,171.17,165.8028,6258637.0
2026-03-16,167.74,167.45,168.28,166.15,5985123.0
2026-03-17,167.9,169.19,172.025,167.55,5520394.0
2026-03-18,168.05,168.91,171.805,167.5,5789554.0
2026-03-19,168.86,169.74,171.7,168.0,6558167.0
2026-03-20,169.19,162.95,169.19,161.89,16455409.0
2026-03-23,164.43,164.05,166.35,162.455,7218791.0
2026-03-24,162.09,157.21,162.8,156.14,7143081.0
2026-03-25,159.7,153.22,160.31,152.79,6349987.0
2026-03-26,152.24,156.36,159.39,152.2001,6081967.0
2026-03-27,147.55,147.02,149.37,143.5,11431350.0
2026-03-30,151.945,154.35,159.16,151.465,12198800.0
2026-03-31,155.03,160.32,161.12,155.03,7751550.0
2026-04-01,161.445,160.67,161.795,157.3,7643219.0
2026-04-02,159.9,163.21,163.31,157.51,4354267.0
2026-04-06,163.37,161.95,164.08,159.665,4814834.0
2026-04-07,161.58,169.87,170.98,160.25,8671274.0
2026-04-08,173.895,173.78,179.27,171.63,12257373.0
2026-04-09,174.14,166.99,174.98,164.3,10583735.0
2026-04-10,167.595,155.73,167.595,151.28,15592662.0
2026-04-13,155.575,162.51,162.8,154.84,8545573.0
2026-04-14,163.37,161.59,165.6372,158.83,7415632.0
2026-04-15,164.49,164.11,165.2299,161.69,7416216.0
2026-04-16,168.6,166.97,170.25,165.0,7222371.0
2026-04-17,170.48,167.85,170.62,166.7,7037338.0
2026-04-20,167.005,169.56,170.54,165.2,4859707.0
2026-04-21,170.4,174.96,177.63,169.59,5856290.0
2026-04-22,175.5,181.2,181.52,175.15,5903222.0
2026-04-23,173.37,173.21,175.49,169.6,6965193.0
2026-04-24,174.0,178.54,179.1,173.22,5887572.0
2026-04-27,176.86,182.9,184.02,176.5,7893753.0
2026-04-28,184.11,180.99,186.0,180.74,6451941.0
2026-04-29,179.6,181.54,182.25,177.8,4157408.0
2026-04-30,180.85,179.32,180.85,173.11,5771507.0
2026-05-01,182.0,181.08,183.04,177.41,4972074.0
2026-05-04,181.64,184.56,187.27,180.945,4891118.0
2026-05-05,186.0,183.98,186.24,180.52,5150740.0
2026-05-06,180.44,183.68,184.98,179.19,5595572.0
2026-05-07,190.77,196.53,199.09,190.77,10556602.0
2026-05-08,194.85,207.88,208.09,193.425,11641798.0
2026-05-11,207.79,213.66,214.3,205.65,9404301.0
2026-05-12,213.64,215.6,216.16,210.77,8295243.0
2026-05-13,213.04,227.79,228.85,210.77,9337732.0
2026-05-14,227.545,238.21,239.15,225.375,10346650.0
2026-05-15,237.825,242.83,245.8,230.26,11551015.0
2026-05-18,238.905,247.55,248.8499,235.8101,8734865.0
2026-05-19,246.96,240.13,248.6,239.69,11030247.0
2026-05-20,236.205,246.66,250.0,235.262,8698919.0
2026-05-21,241.335,252.92,253.1,241.0,6323606.0
2026-05-22,251.12,260.58,261.412,249.5,6629104.0
2026-05-26,258.17,256.75,259.84,250.77,7172823.0
2026-05-27,245.618,248.47,251.64,243.0401,8320886.0
2026-05-28,249.23,257.77,259.0,248.41,5668909.0
2026-05-29,256.315,281.69,283.71,256.01,14998907.0
2026-06-01,285.425,300.48,302.95,283.8,13714483.0
2026-06-02,287.46,297.18,299.33,287.27,20783728.0
2026-06-03,285.0,280.43,288.0,275.85,14716915.0
2026-06-04,269.855,279.25,280.72,269.0,9832316.0
2026-06-05,278.99,272.05,280.64,269.4,7795476.0
2026-06-08,269.63,266.33,273.05,264.42,7009759.0
2026-06-09,265.3,260.52,266.44,251.15,7662884.0
2026-06-10,258.81,263.22,266.72,254.43,6495469.0
2026-06-11,260.995,279.53,279.95,258.1,9672353.0
2026-06-12,276.935,279.62,281.98,271.49,6774241.0
2026-06-15,280.55,284.54,285.12,274.33,7394061.0
2026-06-16,283.2,279.9,283.64,275.06,5017093.0
2026-06-17,279.46,282.13,284.32,276.705,5713782.0
2026-06-18,285.6,287.78,288.88,276.46,12194739.0
2026-06-22,287.99,286.4,295.75,284.26,5855397.0
2026-06-23,285.72,290.915,292.140253,282.52,5430451.0
2026-06-24,289.62,285.26,291.0,284.28,4895677.0
2026-06-25,289.01,293.09,295.54,285.27,8963636.0
2026-06-26,295.15,304.2,306.24,290.0,8269777.0
2026-06-29,309.83,332.0,332.88,305.33,10334725.0
2026-06-30,327.55,341.02,342.48,327.35,9634233.0
2026-07-01,345.545,352.04,358.1,341.0,7265469.0
2026-07-02,351.49,348.06,357.3795,346.9,7699628.0
2026-07-06,338.96,357.53,368.17,337.692,8752651.0
2026-07-07,359.87,337.04,363.01,336.0,8775683.0
2026-07-08,336.798,320.59,336.798,314.95,9443667.0
2026-07-09,318.34,338.31,338.37,318.34,8537359.0
2026-07-10,338.48,325.91,340.13,323.85,4679165.0
2026-07-13,325.105,330.3,331.08,316.25,5374836.0
2026-07-14,330.8,352.89,353.6799,330.29,6013223.0
2026-07-15,356.805,354.02,362.71,353.1116,6703793.0
2026-07-16,357.06,353.99,360.44,347.04,5883952.0
2026-07-17,347.0,358.68,368.8,345.041,7802725.0
2026-07-20,354.72,348.66,366.305,348.36,5567174.0
2026-07-21,349.435,342.15,352.0,334.03,6738061.0
2026-07-22,342.975,335.28,344.19,328.64,6338052.0
2026-07-23,335.58,325.63,336.57,321.87,5938234.0
2026-07-24,328.09,323.79,330.0,321.69,5134255.0
2026-07-27,331.51,317.32,331.81,316.7,5224825.0
2026-07-28,317.51,319.0,323.395,308.54,6511297.0
2026-07-29,319.38,314.15,322.11,310.46,6343662.0
2026-07-30,316.03,325.68,326.295,313.045,6861986.0
2026-07-31,332.335,331.83,333.9799,319.48,5027744.0
2026-08-03,336.49,347.13,347.7,330.0,7306691.0
2026-08-04,351.6,366.34,367.5,349.07,8186943.0
2026-08-05,373.87,362.66,376.98,362.22,5607463.0
2026-08-06,350.13,359.49,361.47,349.0,5684184.0
2026-08-07,365.5,363.86,370.5,359.15,4811281.0
2026-08-10,365.38,385.04,385.1699,362.95,5828043.0
2026-08-11,384.2,383.8,387.2,375.93,6039681.0
2026-08-12,380.9,387.01,389.25,376.22,5492061.0
2026-08-13,394.115,396.0,398.88,387.35,4593415.0
2026-08-14,396.76,384.27,397.3061,380.8455,4353468.0
2026-08-17,383.25,375.76,386.0,372.3,5088770.0
2026-08-18,370.34,374.14,378.04,368.0,4946045.0
2026-08-19,375.255,359.76,376.43,351.46,5286090.0
2026-08-20,354.12,349.56,360.7,347.68,4736223.0
2026-08-21,352.4,357.87,360.49,343.01,5137358.0
2026-08-24,356.06,350.9,357.87,347.0466,5465846.0
2026-08-25,353.77,339.9,353.77,335.51,4732159.0
2026-08-26,330.455,339.31,342.25,328.0,4588323.0
2026-08-27,358.56,382.85,387.3325,356.66,7308818.0
2026-08-28,377.26,371.59,378.52,355.5,5845766.0
2026-08-31,370.0,382.13,383.73,370.0,8803059.0
2026-09-01,374.62,362.09,375.92,357.26,9282651.0
2026-09-02,346.0,328.48,350.67,321.39,13214770.0
2026-09-03,333.305,331.94,333.31,321.42,6912607.0
2026-09-04,329.66,333.26,339.0999,328.0,5639384.0
2026-09-08,327.57,336.98,339.3999,325.3211,6128732.0
2026-09-09,337.905,335.1,339.83,332.53,4411636.0
2026-09-10,331.145,338.49,344.7917,330.3,4671529.0
2026-09-11,338.49,330.65,341.14,327.053,4682902.0
