time_key,open,close,high,low,volume
2018-01-02,2.089999999,2.145,2.17,2.085,4345290.0
2018-01-03,2.135,2.15,2.155,2.11,4097110.0
2018-01-04,2.15,2.165,2.195,2.139999999,3630890.0
2018-01-05,2.18,2.17,2.19,2.139999999,2178180.0
2018-01-08,2.165,2.18,2.18,2.15,3486900.0
2018-01-09,2.18,2.125,2.18,2.12,3115800.0
2018-01-10,2.11,2.13,2.145,2.095,2601670.0
2018-01-11,2.135,2.17,2.185,2.114999999,2116800.0
2018-01-12,2.165,2.15,2.18,2.13,3071100.0
2018-01-16,2.155,2.15,2.185,2.135,3221030.0
2018-01-17,2.17,2.165,2.175,2.13,4299740.0
2018-01-18,2.17,2.15,2.185,2.145,1775100.0
2018-01-19,2.15,2.28,2.295,2.145,5495510.0
2018-01-22,2.29,2.335,2.345,2.2775,7861700.0
2018-01-23,2.345,2.29,2.345,2.27,3771410.0
2018-01-24,2.3,2.28,2.315,2.26,8124420.0
2018-01-25,2.28,2.265,2.295,2.23,4850140.0
2018-01-26,2.295,2.385,2.3975,2.275,5567210.0
2018-01-29,2.375,2.45,2.475,2.37,10834430.0
2018-01-30,2.44,2.465,2.4795,2.385,10279340.0
2018-01-31,2.29,2.2825,2.385,2.215,14768730.0
2018-02-01,2.265,2.2575,2.265,2.23,6960270.0
2018-02-02,2.24,2.06,2.255,2.0575,9487400.0
2018-02-05,2.039999999,1.93,2.089999999,1.93,11729350.0
2018-02-06,1.9,1.955,1.977499999,1.885,8412590.0
2018-02-07,1.955,1.98,2.005,1.935,4810010.0
2018-02-08,1.985,1.86,2.06,1.86,5608320.0
2018-02-09,1.88,1.885,1.92,1.835,6550150.0
2018-02-12,1.889999999,1.88,1.925,1.87,3827430.0
2018-02-13,1.875,1.839999999,1.889999999,1.814999999,4412260.0
2018-02-14,1.82,1.93,1.93,1.814999999,5064420.0
2018-02-15,1.939999999,1.95,1.96,1.9,4312540.0
2018-02-16,1.945,1.91,1.9725,1.905,4764820.0
2018-02-20,1.895,1.885,1.93,1.87,3785030.0
2018-02-21,1.885,1.814999999,1.925,1.81,6452630.0
2018-02-22,1.825,1.835,1.86,1.81,6846460.0
2018-02-23,1.855,1.85,1.88,1.825,3741260.0
2018-02-26,1.86,1.889999999,1.91,1.86,3713700.0
2018-02-27,1.9,1.86,1.92,1.855,3065060.0
2018-02-28,1.875,1.81,1.875,1.805,5588500.0
2018-03-01,1.814999999,1.805,1.845,1.8,5311920.0
2018-03-02,1.785,1.827499999,1.835,1.755,3974130.0
2018-03-05,1.814999999,1.889999999,1.9,1.814999999,3811220.0
2018-03-06,1.889999999,1.935,1.945,1.885,4691420.0
2018-03-07,1.914999999,1.96,1.975,1.896,3719900.0
2018-03-08,1.95,1.935,1.964999999,1.91,3644830.0
2018-03-09,1.955,1.975,1.985,1.9105,4823590.0
2018-03-12,1.989999999,1.95,1.995,1.935,6290390.0
2018-03-13,1.96,1.955,1.989999999,1.935,3214720.0
2018-03-14,1.975,1.96,1.975,1.9225,2557890.0
2018-03-15,1.964999999,1.964999999,1.989999999,1.939999999,3970090.0
2018-03-16,1.955,1.97,1.98,1.925,7494530.0
2018-03-19,1.945,1.87,1.95,1.85,6168680.0
2018-03-20,1.87,1.87,1.885,1.85,2984600.0
2018-03-21,1.875,1.83,1.875,1.812,4937350.0
2018-03-22,1.81,1.77,1.835,1.764999999,3893040.0
2018-03-23,1.78,1.725,1.785,1.72,4618490.0
2018-03-26,1.75,1.71,1.76,1.695,4289060.0
2018-03-27,1.71,1.66,1.71,1.61,11859360.0
2018-03-28,1.67,1.664999999,1.7,1.6425,3269480.0
2018-03-29,1.67,1.7,1.73,1.67,4895310.0
2018-04-02,1.7,1.635,1.7,1.625,4584420.0
2018-04-03,1.639999999,1.66,1.675,1.635,4021270.0
2018-04-04,1.639999999,1.675,1.685,1.635,4569050.0
2018-04-05,1.689999999,1.675,1.7,1.664999999,2193340.0
2018-04-06,1.66,1.655,1.68,1.635,3422420.0
2018-04-09,1.66,1.635,1.68,1.635,2598450.0
2018-04-10,1.664999999,1.705,1.7125,1.639999999,2950250.0
2018-04-11,1.7,1.725,1.745,1.685,2528480.0
2018-04-12,1.73,1.755,1.78,1.725,4668270.0
2018-04-13,1.755,1.735,1.77,1.72,1341090.0
2018-04-16,1.745,1.77,1.805,1.72,2694630.0
2018-04-17,1.78,1.83,1.839999999,1.78,4815880.0
2018-04-18,1.835,1.8,1.835,1.795,2086780.0
2018-04-19,1.795,1.775,1.8,1.764999999,2268940.0
2018-04-20,1.775,1.745,1.795,1.735,1723500.0
2018-04-23,1.755,1.739999999,1.77,1.725,1540610.0
2018-04-24,1.76,1.755,1.78,1.739999999,4174330.0
2018-04-25,1.76,1.76,1.78,1.739999999,1542500.0
2018-04-26,1.764999999,1.77,1.78,1.745,1316350.0
2018-04-27,1.78,1.81,1.83,1.77,2711010.0
2018-04-30,1.81,1.77,1.82,1.76,2358050.0
2018-05-01,1.76,1.825,1.825,1.755,3742740.0
2018-05-02,1.825,1.795,1.8325,1.785,3795240.0
2018-05-03,1.8,1.805,1.82,1.77,7116180.0
2018-05-04,2.055,2.125,2.165,1.97,12879590.0
2018-05-07,2.15,2.305,2.335,2.135,9732160.0
2018-05-08,2.295,2.4,2.4,2.28,6231840.0
2018-05-09,2.4,2.4,2.43,2.315,6298160.0
2018-05-10,2.41,2.38,2.42,2.335,5598410.0
2018-05-11,2.375,2.34,2.405,2.34,3510470.0
2018-05-14,2.335,2.36,2.39,2.33,4229340.0
2018-05-15,2.36,2.375,2.38,2.345,4790690.0
2018-05-16,2.38,2.39,2.405,2.37,3841410.0
2018-05-17,2.39,2.395,2.415,2.3875,2742320.0
2018-05-18,2.4,2.365,2.4,2.355,3349640.0
2018-05-21,2.385,2.385,2.395,2.35,4355820.0
2018-05-22,2.39,2.37,2.395,2.35,2202140.0
2018-05-23,2.36,2.37,2.385,2.335,5500780.0
2018-05-24,2.36,2.37,2.39,2.355,3670770.0
2018-05-25,2.37,2.37,2.44,2.36,4229840.0
2018-05-29,2.35,2.4,2.415,2.35,3440110.0
2018-05-30,2.42,2.435,2.445,2.4,3135910.0
2018-05-31,2.44,2.41,2.44,2.395,3778770.0
2018-06-01,2.43,2.44,2.465,2.4,4944880.0
2018-06-04,2.455,2.455,2.46,2.42,3405080.0
2018-06-05,2.45,2.515,2.52,2.445,4212110.0
2018-06-06,2.52,2.575,2.58,2.505,3632490.0
2018-06-07,2.575,2.56,2.58,2.525,3930270.0
2018-06-08,2.545,2.62,2.64,2.5305,3626830.0
2018-06-11,2.625,2.655,2.66,2.61,3338140.0
2018-06-12,2.66,2.7,2.7145,2.64,4285390.0
2018-06-13,2.71,2.675,2.71,2.6625,4049530.0
2018-06-14,2.685,2.62,2.685,2.59,3731850.0
2018-06-15,2.6,2.575,2.625,2.525,3367700.0
2018-06-18,2.56,2.55,2.585,2.52,4048800.0
2018-06-19,2.53,2.525,2.575,2.5,3319810.0
2018-06-20,2.545,2.525,2.545,2.485,2383860.0
2018-06-21,2.525,2.505,2.525,2.465,3633220.0
2018-06-22,2.52,2.49,2.52,2.4555,5726940.0
2018-06-25,2.48,2.41,2.49,2.386,3281680.0
2018-06-26,2.405,2.425,2.44,2.395,1674010.0
2018-06-27,2.375,2.38,2.455,2.365,3562630.0
2018-06-28,2.375,2.375,2.42,2.3625,6194780.0
2018-06-29,2.39,2.365,2.415,2.365,2573490.0
2018-07-02,2.36,2.455,2.455,2.316,4378840.0
2018-07-03,2.46,2.41,2.47,2.405,1731410.0
2018-07-05,2.43,2.43,2.45,2.37,2966300.0
2018-07-06,2.435,2.415,2.445,2.39,3679880.0
2018-07-09,2.435,2.445,2.495,2.415,3402100.0
2018-07-10,2.445,2.46,2.475,2.435,2328200.0
2018-07-11,2.445,2.37,2.455,2.365,2568040.0
2018-07-12,2.39,2.395,2.43,2.365,2391510.0
2018-07-13,2.385,2.4,2.415,2.375,2288210.0
2018-07-16,2.395,2.42,2.42,2.3805,1873810.0
2018-07-17,2.4,2.395,2.445,2.385,2181530.0
2018-07-18,2.39,2.42,2.4225,2.37,1574280.0
2018-07-19,2.41,2.425,2.43,2.41,1727330.0
2018-07-20,2.415,2.375,2.42,2.37,1738640.0
2018-07-23,2.365,2.37,2.39,2.3225,1526220.0
2018-07-24,2.38,2.365,2.38,2.315,2381620.0
2018-07-25,2.365,2.31,2.38,2.2914,2269370.0
2018-07-26,2.295,2.32,2.34,2.295,2824390.0
2018-07-27,2.32,2.22,2.325,2.1675,3040490.0
2018-07-30,2.215,2.215,2.23,2.195,2894040.0
2018-07-31,2.215,2.21,2.25,2.2025,4643660.0
2018-08-01,2.21,2.17,2.24,2.125,6711090.0
2018-08-02,2.165,2.17,2.225,2.085,7641870.0
2018-08-03,2.16,2.1,2.175,2.089999999,6063020.0
2018-08-06,2.095,2.105,2.125,2.051,5017900.0
2018-08-07,2.105,2.025,2.139999999,2.01,8521550.0
2018-08-08,2.025,1.964999999,2.025,1.864999999,7074600.0
2018-08-09,1.97,2.0125,2.025,1.96,2460450.0
2018-08-10,2.0,1.98,2.01,1.964999999,1851200.0
2018-08-13,1.985,1.995,2.0325,1.975,3112940.0
2018-08-14,1.995,1.97,2.005,1.96,3194760.0
2018-08-15,1.964999999,1.875,1.964999999,1.87,4806830.0
2018-08-16,1.885,1.914999999,1.97,1.88,5871650.0
2018-08-17,1.914999999,1.885,1.945,1.875,5346670.0
2018-08-20,1.905,1.895,1.91,1.864999999,4078350.0
2018-08-21,1.9,1.835,1.905,1.805,14565240.0
2018-08-22,1.425,1.565,1.76,1.42,224147550.0
2018-08-23,1.525,1.723999999,1.729,1.505,72967790.0
2018-08-24,1.725,1.638,1.771,1.59,146992500.0
2018-08-27,1.65,1.725,1.735,1.65,34288520.0
2018-08-28,1.725,1.948,1.95,1.723999999,20530640.0
2018-08-29,1.942,2.014999999,2.025,1.901,16232210.0
2018-08-30,2.039999999,2.064999999,2.085,2.025,11525340.0
2018-08-31,2.089,2.051,2.089,2.03,6131070.0
2018-09-04,2.03,2.045,2.06,1.98,3171350.0
2018-09-05,2.045,1.975,2.046,1.912,2986020.0
2018-09-06,1.996,2.0,2.023999999,1.97,5462990.0
2018-09-07,2.014,2.023999999,2.032999999,1.998,7947610.0
2018-09-10,2.03,2.002499999,2.03,1.995,10198440.0
2018-09-11,2.0,1.977,2.01,1.973,7532190.0
2018-09-12,1.975,1.98,1.995,1.964999999,1136000.0
2018-09-13,1.975,2.0,2.014999999,1.971,3518870.0
2018-09-14,2.0063,2.01,2.025,2.0,2242710.0
2018-09-17,2.01,2.047,2.05,2.01,2735340.0
2018-09-18,2.032999999,2.055,2.064999999,2.030999999,3367050.0
2018-09-19,2.055,2.067,2.084,2.05,832980.0
2018-09-20,2.069,2.12,2.121,2.055,4008300.0
2018-09-21,2.151,2.07,2.152,2.06,2186350.0
2018-09-24,2.075,1.991,2.088,1.97,3001980.0
2018-09-25,1.97,2.132,2.139999999,1.97,2865370.0
2018-09-26,2.13,2.1,2.132,2.089999999,3017590.0
2018-09-27,2.105,2.055999999,2.11,2.035,2705190.0
2018-09-28,2.055,2.061,2.061,2.036,1694500.0
2018-10-01,2.07,2.15,2.16,2.07,1202760.0
2018-10-02,2.136,2.146,2.155,2.136,1244390.0
2018-10-03,2.145,2.139999999,2.15,2.135,2057830.0
2018-10-04,1.5158,1.26,1.516,0.85,125605000.0
2018-10-05,1.299,1.2395,1.34,1.08,28571250.0
2018-10-08,1.31,1.47499,1.518,1.305,28298290.0
2018-10-09,1.53,1.246,1.559,1.074,49846420.0
2018-10-10,1.293,1.28,1.295,1.215,14076810.0
2018-10-11,1.3125,1.305,1.345,1.26,5790730.0
2018-10-12,1.36,1.311,1.36,1.31,5225020.0
2018-10-15,1.35,1.377,1.3945,1.3175,4652400.0
2018-10-16,1.385,1.334,1.415,1.324,2812050.0
2018-10-17,1.326,1.355,1.367,1.326,2899280.0
2018-10-18,1.326,1.3375,1.359,1.325,3164540.0
2018-10-19,1.34,1.41,1.565,1.33,7793150.0
2018-10-22,1.464,1.47,1.482,1.45,5480020.0
2018-10-23,1.469,1.465,1.565,1.385,3473870.0
2018-10-24,1.466,1.47,1.565,1.46,3123510.0
2018-10-25,1.479,1.476,1.565,1.425,5347490.0
2018-10-26,1.4755,1.565,1.565,1.426,7748850.0
2018-10-29,1.439,1.33,1.46,1.303,2964220.0
2018-10-30,1.312,1.3,1.565,1.288,5789170.0
2018-10-31,1.3,1.31,1.321,1.288,4098410.0
2018-11-01,1.324,1.379,1.395,1.32,3616970.0
2018-11-02,1.379,1.375,1.415,1.37,2722270.0
2018-11-05,1.362,1.236,1.565,1.195,7139280.0
2018-11-06,1.249,1.237,1.249,1.227,1556540.0
2018-11-07,1.249,1.207,1.565,1.17,2845840.0
2018-11-08,1.219,1.165,1.565,1.12,2594950.0
2018-11-09,1.155,1.214,1.565,1.131,6175040.0
2018-11-12,1.217,1.178,1.565,1.13,2060250.0
2018-11-13,1.178,1.174,1.24,1.16,2130690.0
2018-11-14,1.155,1.205,1.218,1.155,4036930.0
2018-11-15,1.205,1.242,1.275,1.2,4173720.0
2018-11-16,1.357,1.43,1.494,1.35,26095370.0
2018-11-19,1.43,1.375,1.44,1.356,4738900.0
2018-11-20,1.37,1.34,1.37,1.325,1774390.0
2018-11-21,1.335,1.348,1.36,1.335,2615320.0
2018-11-23,1.341,1.398,1.565,1.34,274220.0
2018-11-26,1.3925,1.352,1.565,1.343,1792900.0
2018-11-27,1.35,1.39,1.565,1.341,1335910.0
2018-11-28,1.39,1.405,1.423,1.36,3367130.0
2018-11-29,1.418,1.45,1.565,1.4,1293680.0
2018-11-30,1.45,1.49,1.498,1.45,2298250.0
2018-12-03,1.477,1.495,1.5,1.475,3439110.0
2018-12-04,1.5,1.479,1.513,1.451,1609900.0
2018-12-06,1.46,1.59,1.638,1.45,5211810.0
2018-12-07,1.59,1.625,1.647,1.565,4642250.0
2018-12-10,1.621,1.635,1.655999999,1.549,2683180.0
2018-12-11,1.6505,1.65,1.659,1.605,3640650.0
2018-12-12,1.63,1.6,1.653,1.57,2470820.0
2018-12-13,1.575,1.63,1.639999999,1.575,802820.0
2018-12-14,1.63,1.664999999,1.673999999,1.62,3136690.0
2018-12-17,1.6625,1.535,1.7,1.47701,3012440.0
2018-12-18,1.534,1.505,1.54799,1.5,1441090.0
2018-12-19,1.52,1.49,1.52,1.465,3645660.0
2018-12-20,1.47,1.49,1.49,1.425,2334020.0
2018-12-21,1.481,1.401,1.535,1.38,4206520.0
2018-12-24,1.403,1.408,1.421,1.373,1659460.0
2018-12-26,1.419,1.406,1.42455,1.38801,1872350.0
2018-12-27,1.406,1.398,1.419,1.388,1091630.0
2018-12-28,1.4005,1.39,1.42,1.39,3580040.0
2018-12-31,1.39,1.38,1.405,1.35,4341870.0
2019-01-02,1.379,1.51,1.522,1.379,2326250.0
2019-01-03,1.509,1.57,1.579,1.45,3217170.0
2019-01-04,1.555,1.556,1.585,1.525,1595300.0
2019-01-07,1.54,1.57,1.58,1.525,3078330.0
2019-01-08,1.58,1.56,1.585,1.552,1650770.0
2019-01-09,1.57,1.55275,1.57,1.552,162060.0
2019-01-10,1.552,1.553,1.555,1.5,297510.0
2019-01-11,1.5465,1.503,1.553,1.486,945870.0
2019-01-14,1.52,1.534,1.534,1.44101,2099940.0
2019-01-15,1.54,1.51,1.54,1.51,858560.0
2019-01-16,1.505,1.495,1.513,1.49,3221250.0
2019-01-17,1.494,1.48,1.499,1.45,2825690.0
2019-01-18,1.475,1.5,1.505,1.47,1366700.0
2019-01-22,1.45,1.472,1.495,1.45,1744190.0
2019-01-23,1.467,1.49,1.5,1.467,3081290.0
2019-01-24,1.495,1.498,1.505,1.49,2184950.0
2019-01-25,1.5,1.495,1.512,1.495,2661240.0
2019-01-28,1.5,1.475,1.5,1.475,1028540.0
2019-01-29,1.475,1.495,1.495,1.471,985730.0
2019-01-30,1.495,1.50701,1.50701,1.486,651770.0
2019-01-31,1.5,1.51,1.514,1.484,1171860.0
2019-02-01,1.509,1.526,1.549,1.509,645500.0
2019-02-04,1.525,1.53,1.55,1.515,462630.0
2019-02-05,1.535,1.574,1.574,1.535,2653730.0
2019-02-06,1.56,1.566,1.588,1.55,827870.0
2019-02-07,1.555,1.535,1.555,1.524,302140.0
2019-02-08,1.521,1.54,1.54,1.515,1762820.0
2019-02-11,1.531,1.545,1.545,1.525,589590.0
2019-02-12,1.549,1.62,1.62,1.549,1628690.0
2019-02-13,1.62,1.635,1.635,1.611499999,897270.0
2019-02-14,1.623999999,1.614999999,1.639999999,1.614999999,920760.0
2019-02-15,1.71,1.976,1.995,1.71,9920750.0
2019-02-19,1.961,1.997,2.048,1.961,4937790.0
2019-02-20,1.9895,1.92,1.989999999,1.901,1629230.0
2019-02-21,1.903,1.932999999,1.95,1.902,1583180.0
2019-02-22,1.923,1.973999999,1.973999999,1.923,1525470.0
2019-02-25,1.973999999,1.967,1.973999999,1.922,1094300.0
2019-02-26,1.967,1.939,1.973999999,1.935,197980.0
2019-02-27,1.926,1.91,1.945,1.895,1053410.0
2019-02-28,1.91,1.912,1.935,1.888,1680680.0
2019-03-01,1.92,1.955,1.96,1.911,2034380.0
2019-03-04,1.92,1.955,1.955,1.92,678130.0
2019-03-05,1.921,1.975,1.98,1.921,483340.0
2019-03-06,1.955,1.92,1.975,1.911,795270.0
2019-03-07,1.911,1.946,1.95,1.91,720310.0
2019-03-08,1.946,1.945,1.948999999,1.93,1703740.0
2019-03-11,1.920799999,1.95,1.957999999,1.92,1210130.0
2019-03-12,1.948999999,1.96,1.96,1.93,1443390.0
2019-03-13,1.959,1.98,1.985,1.945,1491610.0
2019-03-14,1.921,2.003,2.019,1.921,1255360.0
2019-03-15,2.004,2.007999999,2.01,1.986,655040.0
2019-03-18,2.0,2.03,2.03,1.996,2798060.0
2019-03-19,2.004,2.026,2.03,2.0,1959330.0
2019-03-20,2.02,2.05,2.06,2.02,846590.0
2019-03-21,2.035,2.07,2.07,2.029,590850.0
2019-03-22,2.05,2.06,2.08,2.05,1109420.0
2019-03-25,2.064,2.089999999,2.1,2.057999999,4036120.0
2019-03-26,2.08,2.086,2.1,2.08,1688320.0
2019-03-27,2.08,2.095,2.1,2.08,1518230.0
2019-03-28,2.095,2.1,2.105,2.095,2284000.0
2019-03-29,2.11,2.11275,2.114999999,2.096,1166380.0
2019-04-01,2.105,2.19,2.2,2.105,2252260.0
2019-04-02,2.191,2.195,2.201,2.15,2644440.0
2019-04-03,2.191,2.202,2.205,2.191,3065810.0
2019-04-04,2.205,2.201,2.21,2.198,2869980.0
2019-04-05,2.204,2.203,2.208,2.196,1309440.0
2019-04-08,2.198,2.2,2.203,2.141,840990.0
2019-04-09,2.19,2.199,2.2,2.18,547160.0
2019-04-10,2.199,2.19,2.199,2.18816,937070.0
2019-04-11,2.193,2.2,2.2,2.192,768010.0
2019-04-12,2.2,2.197,2.202,2.196,1155850.0
2019-04-15,2.19,2.201,2.222,2.19,1067580.0
2019-04-16,2.19,2.2,2.21,2.19,239310.0
2019-04-17,2.201,2.21,2.21,2.2,347460.0
2019-04-18,2.2,2.197,2.21,2.193,857020.0
2019-04-22,2.199,2.197,2.208,2.192,852720.0
2019-04-23,2.2,2.215,2.216,2.2,2744990.0
2019-04-24,2.215,2.219,2.222,2.20925,410270.0
2019-04-25,2.223,2.225,2.2265,2.219,2086010.0
2019-04-26,2.225,2.22,2.225,2.21,2023450.0
2019-04-29,2.222,2.23,2.24,2.222,661870.0
2019-04-30,2.23,2.242,2.243,2.23,1258350.0
2019-05-01,2.248,2.285,2.304,2.248,407990.0
2019-05-02,2.271,2.241,2.29,2.225,1130610.0
2019-05-03,2.247,2.25,2.262,2.239,1857870.0
2019-05-06,2.2545,2.25,2.255,2.225,1678460.0
2019-05-07,2.241,2.21,2.25,2.21,2877470.0
2019-05-08,2.21,2.13,2.225,2.078,1849220.0
2019-05-09,2.127,2.1,2.141,2.098,1414050.0
2019-05-10,2.089999999,2.011,2.089999999,1.969,917030.0
2019-05-13,2.004,1.964999999,2.01,1.925,2231810.0
2019-05-14,1.985,1.991,2.01,1.975,1540290.0
2019-05-15,2.009,2.039,2.039,1.989999999,103170.0
2019-05-16,2.039,2.002,2.114999999,1.995,2509380.0
2019-05-17,2.01,1.985,2.036,1.939999999,990750.0
2019-05-20,1.989999999,1.9945,1.998999999,1.96152,552770.0
2019-05-21,1.985,2.007,2.01,1.985,3369910.0
2019-05-22,2.01,2.016,2.045,2.007,4461650.0
2019-05-23,2.016,1.985,2.017,1.985,4465660.0
2019-05-24,1.985,1.991,1.998999999,1.975,1644370.0
2019-05-28,1.97,1.968,1.987,1.967,1689460.0
2019-05-29,1.966,1.922,1.97,1.905999999,633390.0
2019-05-30,1.92,1.932999999,1.961,1.92,451780.0
2019-05-31,1.907999999,1.9,2.0,1.821,1216600.0
2019-06-03,1.898999999,1.93,1.948999999,1.898999999,1437420.0
2019-06-04,1.93,1.9,1.973,1.897,1186970.0
2019-06-05,1.944,1.885,1.95,1.885,399380.0
2019-06-06,1.885,1.83,1.885,1.801,1105920.0
2019-06-07,1.83,1.835,1.845,1.823,466660.0
2019-06-10,1.898,1.846,1.898999999,1.845,416920.0
2019-06-11,1.85,1.837,1.889999999,1.827,728900.0
2019-06-12,1.845,1.818,1.845,1.814,499190.0
2019-06-13,1.814,1.739,1.818,1.713,2044070.0
2019-06-14,1.73,1.754,1.755,1.726,2172820.0
2019-06-17,1.745,1.8,1.82,1.739999999,1013780.0
2019-06-18,1.82,1.839999999,1.895,1.82,160520.0
2019-06-19,1.839999999,1.87,1.87,1.814999999,823760.0
2019-06-20,1.855,1.903,1.91,1.85,258510.0
2019-06-21,1.901,1.905999999,1.934,1.895,925280.0
2019-06-24,1.9195,1.939999999,1.955,1.9195,1312910.0
2019-06-25,1.935,1.905,1.942,1.905,1222040.0
2019-06-26,1.914999999,1.919,1.927,1.914999999,1104190.0
2019-06-27,1.92,1.919,1.923999999,1.919,541620.0
2019-06-28,1.92,1.935,1.939999999,1.905999999,143990.0
2019-07-01,1.9325,1.928,1.939999999,1.901,1460750.0
2019-07-02,1.925,1.905,1.925,1.901,291390.0
2019-07-03,1.901,1.892,1.905,1.889999999,204030.0
2019-07-05,1.889999999,1.861,1.898,1.861,326660.0
2019-07-08,1.887,1.861,1.887,1.861,51390.0
2019-07-09,1.862,1.864999999,1.884,1.85,805690.0
2019-07-10,1.873999999,1.92,1.93,1.85,425060.0
2019-07-11,1.939999999,1.885,1.939999999,1.873,414310.0
2019-07-12,1.88,1.857999999,1.898999999,1.857999999,408200.0
2019-07-15,1.855249999,1.87,1.873999999,1.851,60940.0
2019-07-16,1.87,1.92,1.92,1.87,150200.0
2019-07-17,1.91,1.876,1.914999999,1.871,454400.0
2019-07-18,1.87,1.86,1.9,1.86,496710.0
2019-07-19,1.875,1.9,1.9,1.871,361430.0
2019-07-22,1.91,1.95,2.0,1.91,1536730.0
2019-07-23,1.964999999,1.911,1.989999999,1.9,531290.0
2019-07-24,1.92,1.926,1.942,1.914999999,191340.0
2019-07-25,1.86,1.889999999,1.912,1.86,137880.0
2019-07-26,1.886,1.866,1.886,1.857,176190.0
2019-07-29,1.875,1.872,1.893,1.85,130460.0
2019-07-30,1.9375,1.852,1.9375,1.85,218650.0
2019-07-31,1.8454,1.830999999,1.855,1.83,320540.0
2019-08-01,1.823,1.814,1.823999999,1.8,394120.0
2019-08-02,1.8,1.7,1.8,1.6,2490020.0
2019-08-05,1.7,1.630999999,1.7,1.626,4881370.0
2019-08-06,1.63,1.76,1.77,1.63,1976870.0
2019-08-07,1.77,1.785,1.9,1.73,1916060.0
2019-08-08,1.771,1.798999999,1.81,1.7,642340.0
2019-08-09,1.735,1.709,1.81,1.689999999,1039750.0
2019-08-12,1.703,1.698999999,1.759,1.664,661700.0
2019-08-13,1.7,1.7,1.72,1.7,424190.0
2019-08-14,1.68,1.68,1.698999999,1.65,786020.0
2019-08-15,1.67,1.634,1.7,1.630999999,3660250.0
2019-08-16,1.689999999,1.93,1.96,1.689999999,3366090.0
2019-08-19,1.93,1.96,1.971,1.905,691430.0
2019-08-20,1.9745,1.993,1.993,1.939999999,447390.0
2019-08-21,1.96,1.995,2.0,1.96,378020.0
2019-08-22,1.994,2.0,2.009,1.985,771410.0
2019-08-23,1.995,1.935,1.998999999,1.91,1024610.0
2019-08-26,1.935,1.932,1.98,1.914999999,479620.0
2019-08-27,1.922,1.905,1.935,1.861,136050.0
2019-08-28,1.86,1.939999999,1.95,1.85,104190.0
2019-08-29,1.9,1.957999999,1.978,1.9,224450.0
2019-08-30,1.935,1.889999999,1.935,1.85201,817900.0
2019-09-03,1.875,1.842,1.888,1.81,821800.0
2019-09-04,1.842,1.855,1.864999999,1.826,368290.0
2019-09-05,1.855999999,1.885,1.895,1.855999999,1110750.0
2019-09-06,1.88501,1.923999999,1.923999999,1.88501,467710.0
2019-09-09,1.91,1.939999999,1.975,1.905,782020.0
2019-09-10,1.939999999,1.929,1.939999999,1.917,648920.0
2019-09-11,1.93,1.91,1.93,1.901,2785320.0
2019-09-12,1.9,1.902,1.939999999,1.9,676700.0
2019-09-13,1.91,1.91,1.925,1.889999999,935520.0
2019-09-16,1.91,1.93,1.95,1.87,327960.0
2019-09-17,1.95,1.953,1.972,1.95,568490.0
2019-09-18,1.955,1.968,1.968,1.902,930110.0
2019-09-19,1.96,1.955,1.97,1.95,209810.0
2019-09-20,1.955,1.975,1.975,1.955,603390.0
2019-09-23,1.964999999,1.961,1.989,1.96,1571480.0
2019-09-24,1.957999999,1.957999999,1.964999999,1.930999999,2651990.0
2019-09-25,1.93,1.928,1.93,1.857,203110.0
2019-09-26,1.898999999,1.884,1.925,1.875,732740.0
2019-09-27,1.9193,1.91,1.934,1.885,410210.0
2019-09-30,1.885,1.92,1.923999999,1.885,160810.0
2019-10-01,1.92,1.939999999,1.948,1.91,1945220.0
2019-10-02,1.92,1.925,1.925,1.905,165310.0
2019-10-03,1.914999999,1.92,1.925,1.91,491540.0
2019-10-04,1.914999999,1.935,1.945,1.905,298440.0
2019-10-07,1.914999999,1.939999999,1.948,1.914999999,2933310.0
2019-10-08,1.9308,1.901,1.935,1.9,1333390.0
2019-10-09,1.9055,1.9,1.9055,1.886,808680.0
2019-10-10,1.898999999,1.9,1.9,1.87601,197860.0
2019-10-11,1.8905,1.87604,1.9,1.875,298800.0
2019-10-14,1.875,1.875,1.885,1.855,515770.0
2019-10-15,1.876,1.882,1.885,1.862,1265670.0
2019-10-16,1.898999999,1.943,1.945,1.862,1605150.0
2019-10-17,1.948999999,1.955,1.968,1.948999999,1060130.0
2019-10-18,1.973999999,1.92,1.975,1.92,587890.0
2019-10-21,1.976,1.971,1.976,1.926,1652350.0
2019-10-22,1.972,1.994,2.002,1.971,713430.0
2019-10-23,1.995,1.9975,1.998999999,1.951,226550.0
2019-10-24,1.998,2.06,2.085,1.989999999,412010.0
2019-10-25,2.085,2.087,2.093,2.037,699740.0
2019-10-28,2.086,2.12,2.139999999,2.086,2527020.0
2019-10-29,2.1,2.101,2.1442,2.1,1032940.0
2019-10-30,2.1,2.037,2.125,2.037,1253970.0
2019-10-31,2.038,2.068,2.098,2.037,608120.0
2019-11-01,2.05,2.05,2.06,2.03,1686000.0
2019-11-04,2.05,2.053,2.06,2.045499999,465250.0
2019-11-05,2.039999999,2.08,2.135,2.039999999,521490.0
2019-11-06,2.089999999,2.07,2.11,2.07,287170.0
2019-11-07,2.001,2.089999999,2.098,2.001,634300.0
2019-11-08,2.098,2.125,2.125,2.089999999,741660.0
2019-11-11,2.1,2.137,2.19,2.1,707760.0
2019-11-12,2.137,2.145,2.15,2.135,411460.0
2019-11-13,2.137,2.15,2.155,2.135,457550.0
2019-11-14,2.135,2.155,2.155,2.1,1397390.0
2019-11-15,2.155,2.218,2.249,2.15,1460090.0
2019-11-18,2.16,2.187,2.205,2.16,645500.0
2019-11-19,2.16,2.145,2.187,2.13,322950.0
2019-11-20,2.13,2.11,2.15,2.089999999,393180.0
2019-11-21,2.205,2.1,2.205,2.039999999,340540.0
2019-11-22,2.05,2.1,2.13,2.027,873650.0
2019-11-25,2.135,2.125,2.135,2.075,1260730.0
2019-11-26,2.139999999,2.15,2.155,2.125,2116200.0
2019-11-27,2.101,2.15,2.15,2.072,123200.0
2019-11-29,2.103,2.13,2.164,2.1,30380.0
2019-12-02,2.13,2.1495,2.15,2.13,338110.0
2019-12-03,2.125,2.16,2.16,2.125,961260.0
2019-12-04,2.1585,2.155,2.162,2.145,2130520.0
2019-12-05,2.15,2.15,2.152,2.145,1340730.0
2019-12-06,2.153,2.16,2.16,2.14025,1702560.0
2019-12-09,2.16,2.203,2.215,2.16,2339290.0
2019-12-10,2.2,2.2,2.205,2.111,2363620.0
2019-12-11,2.061,2.17,2.2,2.061,1885230.0
2019-12-12,2.17,2.2,2.2,2.17,789570.0
2019-12-13,2.207,2.206,2.209,2.2,187020.0
2019-12-16,2.2,2.252,2.27,2.195,945440.0
2019-12-17,2.255,2.25,2.267,2.248,606440.0
2019-12-18,2.26,2.247,2.263,2.205,194270.0
2019-12-19,2.244,2.265,2.28,2.238,1233090.0
2019-12-20,2.295,2.465,2.526,2.291,3664220.0
2019-12-23,2.48,2.42,2.525,2.335,2148760.0
2019-12-24,2.408,2.39,2.408,2.38,5176960.0
2019-12-26,2.351,2.38,2.39,2.35,1769990.0
2019-12-27,2.35,2.41,2.43,2.35,4272610.0
2019-12-30,2.415,2.4,2.419,2.399,1210970.0
2019-12-31,2.4,2.402,2.411,2.394,1093450.0
2020-01-02,2.385,2.363,2.418,2.342,4178240.0
2020-01-03,2.34,2.344,2.374,2.34,302480.0
2020-01-06,2.34,2.327,2.35,2.323,932510.0
2020-01-07,2.301,2.31,2.345,2.301,386830.0
2020-01-08,2.305,2.307,2.32,2.3,3537050.0
2020-01-09,2.307,2.32,2.329,2.307,2097570.0
2020-01-10,2.4355,2.609,2.685,2.431,8349770.0
2020-01-13,2.625,2.851,2.865,2.625,5656530.0
2020-01-14,2.95,2.7,3.0,2.6535,5670930.0
2020-01-15,2.71,2.77,2.8,2.685,4134620.0
2020-01-16,2.85,2.861,2.9,2.8,6688240.0
2020-01-17,2.87,2.867,2.88,2.8225,3536130.0
2020-01-21,2.862,2.859,2.9,2.833,2413010.0
2020-01-22,2.875,2.912,2.94194,2.851,3240960.0
2020-01-23,2.911,2.879,2.91198,2.848,1145500.0
2020-01-24,2.929,2.894,2.93,2.86414,1746960.0
2020-01-27,2.871,2.871,2.885,2.812,1571700.0
2020-01-28,2.881,2.881,2.901,2.87,963560.0
2020-01-29,2.871,2.878,2.922,2.858,1602360.0
2020-01-30,2.9,2.875,2.906,2.817,2482620.0
2020-01-31,2.862,2.796,2.884,2.77405,1374610.0
2020-02-03,2.796,2.866,2.9,2.796,1679520.0
2020-02-04,2.901,2.921,2.925,2.87,2140750.0
2020-02-05,2.922,2.946,2.9565,2.922,1552490.0
2020-02-06,2.952,2.826,2.968,2.807,2475020.0
2020-02-07,2.741,2.755,2.874,2.45,7680220.0
2020-02-10,2.75,2.9105,2.927,2.744,2935940.0
2020-02-11,2.795,2.899,2.909,2.78493,4753470.0
2020-02-12,2.873,2.904,2.917,2.837,4113510.0
2020-02-13,2.856,2.869,2.907,2.822,2968140.0
2020-02-14,2.87,2.802,2.871,2.7835,3634310.0
2020-02-18,2.757,2.753,2.824,2.7,2757790.0
2020-02-19,2.765,2.756,2.77,2.708,2356590.0
2020-02-20,2.756,2.786,2.8,2.72,3246490.0
2020-02-21,2.745,2.774,2.805,2.733,3419190.0
2020-02-24,2.649,2.695,2.75,2.628,2803670.0
2020-02-25,2.685,2.637,2.698,2.622,2876390.0
2020-02-26,2.628,2.653,2.72,2.61612,2572670.0
2020-02-27,2.6,2.5755,2.64,2.512,5245300.0
2020-02-28,2.5,2.538,2.541,2.46,3960550.0
2020-03-02,2.561,2.615,2.6185,2.53879,2953570.0
2020-03-03,2.611,2.6095,2.691,2.552,3080720.0
2020-03-04,2.651,2.667,2.723,2.627,3932420.0
2020-03-05,2.624,2.589,2.695,2.569,5340130.0
2020-03-06,2.53,2.526,2.609,2.464,3973460.0
2020-03-09,2.357,2.304,2.47,2.266,5572480.0
2020-03-10,2.352,2.438,2.465,2.3355,3852340.0
2020-03-11,2.384,2.424,2.4755,2.351,5211980.0
2020-03-12,2.301,2.22,2.344,2.15,6923930.0
2020-03-13,2.275,2.292,2.3,2.117,4955870.0
2020-03-16,2.0,1.738,2.0379,1.702,11833870.0
2020-03-17,1.755,1.912,1.937,1.7,5256380.0
2020-03-18,1.789,1.598,1.841,1.576,3639760.0
2020-03-19,1.582,1.61,1.698999999,1.582,8372590.0
2020-03-20,1.638,1.688,1.829,1.638,4653960.0
2020-03-23,1.7,1.677,1.737,1.6325,6468080.0
2020-03-24,1.775,1.880999999,1.880999999,1.73,2463990.0
2020-03-25,1.875,2.067,2.113,1.855,2846560.0
2020-03-26,2.084,2.173,2.231,2.062,3876250.0
2020-03-27,2.102,2.037,2.144,2.002,1519020.0
2020-03-30,2.055,2.089,2.116,2.02,1930070.0
2020-03-31,2.089,2.128,2.148,2.082,1600320.0
2020-04-01,2.046,2.046,2.1,1.991,2927340.0
2020-04-02,2.055999999,2.089,2.1245,1.94787,1883620.0
2020-04-03,2.062,2.018,2.172,1.963,2874580.0
2020-04-06,2.080999999,2.021,2.139,1.975,2477990.0
2020-04-07,2.08,2.028,2.0975,1.989999999,3031320.0
2020-04-08,2.051,2.093,2.112,2.007,2003330.0
2020-04-09,2.132999999,2.148,2.1905,2.061,2282340.0
2020-04-13,2.145,2.129,2.165,2.048999999,1787200.0
2020-04-14,2.166,2.19,2.246,2.166,1530410.0
2020-04-15,2.15,2.161,2.199,2.11876,1690140.0
2020-04-16,2.176,2.16,2.189,2.104,1774330.0
2020-04-17,2.21,2.177,2.2587,2.142,1781050.0
2020-04-20,2.182,2.169,2.19,2.113,1116290.0
2020-04-21,2.153,2.098,2.153,2.027,1156050.0
2020-04-22,2.139,2.146,2.171,2.105,1021600.0
2020-04-23,2.171,2.162,2.202,2.1305,2073680.0
2020-04-24,2.175,2.17,2.194,2.121,2070090.0
2020-04-27,2.185,2.223,2.246,2.18,2322460.0
2020-04-28,2.263,2.277,2.337,2.207,3327250.0
2020-04-29,2.345,2.347,2.39279,2.315,2041990.0
2020-04-30,2.337,2.29,2.337,2.25,2166980.0
2020-05-01,2.226,2.223,2.274,2.213,1244980.0
2020-05-04,2.222,2.233,2.2665,2.186,2374870.0
2020-05-05,2.259,2.247,2.339,2.207,2916550.0
2020-05-06,2.268,2.202,2.282,2.192,1695400.0
2020-05-07,2.23,2.238,2.289,2.192,5526650.0
2020-05-08,2.35,2.542,2.689,2.301,7512580.0
2020-05-11,2.542,2.565,2.584,2.437,3323290.0
2020-05-12,2.578,2.398,2.578,2.394,3678190.0
2020-05-13,2.4,2.329,2.4465,2.319,2931690.0
2020-05-14,2.292,2.335,2.348,2.23401,2029130.0
2020-05-15,2.3,2.329,2.383,2.278,2323210.0
2020-05-18,2.358,2.441,2.466,2.3475,3100880.0
2020-05-19,2.45,2.479,2.53,2.449,3369530.0
2020-05-20,2.52,2.56,2.584,2.51,2271660.0
2020-05-21,2.523,2.516,2.552,2.48901,2189880.0
2020-05-22,2.509,2.47,2.509,2.413,2982200.0
2020-05-26,2.52,2.53,2.584,2.518,2818530.0
2020-05-27,2.552,2.589,2.597,2.495,3780560.0
2020-05-28,2.559,2.533,2.592,2.524,2090260.0
2020-05-29,2.494,2.596,2.628,2.494,7768900.0
2020-06-01,2.637,2.655,2.679,2.618,3449130.0
2020-06-02,2.676,2.746,2.755,2.6175,4996260.0
2020-06-03,2.796,2.773,2.796,2.729,3885870.0
2020-06-04,2.761,2.775,2.798,2.75,3813730.0
2020-06-05,2.863,2.861,2.9795,2.808,6099410.0
2020-06-08,2.926,2.971,3.026,2.924,9116960.0
2020-06-09,2.971,2.962,3.01,2.90571,3886890.0
2020-06-10,2.965,2.91,2.991,2.856,3588710.0
2020-06-11,2.879,2.802,2.89,2.771,7650580.0
2020-06-12,2.863,2.922,2.945,2.819,4196130.0
2020-06-15,2.948,3.129,3.15,2.941,15438500.0
2020-06-16,3.153,3.115,3.245,3.073,8435270.0
2020-06-17,3.141,3.177,3.249,3.141,16732980.0
2020-06-18,3.154,3.142,3.2,3.08,12935800.0
2020-06-19,3.187,3.231,3.329999999,3.179,42842570.0
2020-06-22,3.242,3.103,3.244,3.05201,11826150.0
2020-06-23,3.134,3.127,3.19,3.097,13973880.0
2020-06-24,3.149,3.061,3.169,3.021,6438340.0
2020-06-25,3.066,3.103,3.176,3.045,9489730.0
2020-06-26,3.094,2.812,3.14,2.756,65827020.0
2020-06-29,2.817,2.824,2.84,2.753,6254360.0
2020-06-30,2.849,2.839,2.857,2.751,10403060.0
2020-07-01,2.838,2.794,2.838,2.74,7921720.0
2020-07-02,2.835,2.748,2.871,2.731,4207740.0
2020-07-06,2.802,2.795,2.844,2.781,4889490.0
2020-07-07,2.771,2.753,2.802,2.73,4453640.0
2020-07-08,2.765,2.821,2.827,2.743,4380220.0
2020-07-09,2.817,2.766,2.856,2.747,4626170.0
2020-07-10,2.778,2.764,2.795,2.74,3038880.0
2020-07-13,2.8205,2.713,2.8205,2.7065,3194190.0
2020-07-14,2.7,2.77,2.785,2.659,5417250.0
2020-07-15,2.811,2.786,2.837,2.737,2377090.0
2020-07-16,2.772,2.813,2.815,2.747,1956790.0
2020-07-17,2.812,2.84,2.892,2.802,2245880.0
2020-07-20,2.847,2.865,2.875,2.807,2606320.0
2020-07-21,2.875,2.809,2.881,2.785,3532750.0
2020-07-22,2.798,2.797,2.843,2.765,4129170.0
2020-07-23,2.802,2.762,2.83,2.734,2404780.0
2020-07-24,2.755,2.717,2.7665,2.672,1842100.0
2020-07-27,2.731,2.846,2.848,2.731,1968910.0
2020-07-28,2.852,2.814,2.859,2.787,3447220.0
2020-07-29,2.832,2.958,2.96,2.823,2736390.0
2020-07-30,2.921,2.973,2.988,2.9,2301850.0
2020-07-31,2.992,3.0305,3.031,2.95,3449930.0
2020-08-03,3.1,3.031,3.118,3.021,5165260.0
2020-08-04,3.034,3.033,3.074,3.011,2915140.0
2020-08-05,3.049,3.079,3.11,3.008,8762820.0
2020-08-06,3.064,3.009,3.07342,2.98,2218170.0
2020-08-07,3.005,3.018,3.05,2.96706,2716340.0
2020-08-10,3.04,3.021,3.062,3.0025,2736200.0
2020-08-11,3.053,3.048,3.117,3.03,6244090.0
2020-08-12,2.784,2.601,2.84465,2.5635,22849140.0
2020-08-13,2.609,2.599,2.639,2.5407,7727750.0
2020-08-14,2.574,2.61,2.6225,2.559,6331080.0
2020-08-17,2.62,2.574,2.627,2.5565,3721240.0
2020-08-18,2.565,2.586,2.589,2.526,3882400.0
2020-08-19,2.597,2.591,2.635,2.58249,3617600.0
2020-08-20,2.566,2.619,2.624,2.561,3372890.0
2020-08-21,2.61,2.654,2.654,2.599,2299900.0
2020-08-24,2.662,2.666,2.698,2.632,3663560.0
2020-08-25,2.662,2.665,2.693,2.624,4857340.0
2020-08-26,2.574,2.599,2.654,2.571,5116190.0
2020-08-27,2.607,2.615,2.63,2.586,3450810.0
2020-08-28,2.626,2.707,2.739,2.626,5584820.0
2020-08-31,2.698,2.739,2.789,2.68878,4980910.0
2020-09-01,2.736,2.707,2.75,2.67,3638300.0
2020-09-02,2.691,2.7315,2.75,2.642,4590850.0
2020-09-03,2.733,2.584,2.733,2.573,4283520.0
2020-09-04,2.608,2.554,2.631,2.49155,2584780.0
2020-09-08,2.531,2.531,2.577,2.4705,2329570.0
2020-09-09,2.523,2.617,2.644,2.515,2971750.0
2020-09-10,2.63,2.544,2.633,2.536,2643820.0
2020-09-11,2.57,2.566,2.584,2.53,2098400.0
2020-09-14,2.591,2.634,2.643,2.569,2480170.0
2020-09-15,2.65,2.625,2.684,2.609,2549830.0
2020-09-16,2.633,2.63,2.66,2.62,2470110.0
2020-09-17,2.62,2.639,2.649,2.579,2174990.0
2020-09-18,2.666,2.695,2.714,2.646,5398170.0
2020-09-21,2.645,2.5905,2.645,2.568,3446110.0
2020-09-22,2.617,2.604,2.635,2.535,3582940.0
2020-09-23,2.612,2.513,2.649,2.506,2490270.0
2020-09-24,2.502,2.542,2.592,2.454,2015100.0
2020-09-25,2.534,2.571,2.6025,2.523,2126710.0
2020-09-28,2.606,2.649,2.655,2.606,2335300.0
2020-09-29,2.65,2.68,2.687,2.65,1756930.0
2020-09-30,2.666,2.64,2.709,2.634,2865230.0
2020-10-01,2.659,2.616,2.675,2.602,1589770.0
2020-10-02,2.565,2.583,2.623,2.53101,1218770.0
2020-10-05,2.61,2.676,2.686,2.6,2296810.0
2020-10-06,2.695,2.651,2.713,2.638,1886560.0
2020-10-07,2.668,2.703,2.725,2.668,1676200.0
2020-10-08,2.727,2.761,2.766,2.727,1301750.0
2020-10-09,2.787,2.771,2.794,2.763,967610.0
2020-10-12,2.789,2.792,2.819,2.771,2176930.0
2020-10-13,2.792,2.785,2.804,2.728,1330090.0
2020-10-14,2.775,2.745,2.799,2.735,1301660.0
2020-10-15,2.709,2.766,2.771,2.691,1052100.0
2020-10-16,2.764,2.729,2.777,2.723,1541050.0
2020-10-19,2.74,2.669,2.744,2.655,1262860.0
2020-10-20,2.692,2.6515,2.692,2.641,1393940.0
2020-10-21,2.656,2.615,2.688,2.607,1557010.0
2020-10-22,2.608,2.676,2.69,2.586,1900890.0
2020-10-23,2.689,2.546,2.689,2.5295,3375320.0
2020-10-26,2.53,2.43,2.53,2.4,2468190.0
2020-10-27,2.425,2.374,2.439,2.3715,2203130.0
2020-10-28,2.324,2.225,2.3505,2.214,3378780.0
2020-10-29,2.216,2.295,2.322,2.195,2430480.0
2020-10-30,2.283,2.272,2.3225,2.247,2076420.0
2020-11-02,2.3,2.3,2.318,2.269,7398580.0
2020-11-03,2.356,2.321,2.356,2.296,4731080.0
2020-11-04,2.687,2.838,2.88805,2.622,11950680.0
2020-11-05,2.847,2.869,2.872,2.733,3872070.0
2020-11-06,2.78,2.797,2.85,2.78,4179030.0
2020-11-09,2.813,2.77,2.995,2.769,4897930.0
2020-11-10,2.767,2.7775,2.833,2.753,3673330.0
2020-11-11,2.798,2.8495,2.88099,2.791,3366030.0
2020-11-12,2.825,2.855,2.871,2.823,2390270.0
2020-11-13,2.851,2.953,2.974,2.85,3424110.0
2020-11-16,2.95,2.949,3.0,2.933,3855010.0
2020-11-17,2.89,2.95,2.985,2.89,2702850.0
2020-11-18,2.958,2.956,3.0,2.95,3526630.0
2020-11-19,2.972,2.996,3.0,2.953,2511380.0
2020-11-20,2.966,2.994,3.0,2.965,4025080.0
2020-11-23,2.989,2.9355,3.0,2.93,3535380.0
2020-11-24,2.9851,2.909,2.9851,2.8795,4586050.0
2020-11-25,2.878,2.931,2.95,2.878,2757080.0
2020-11-27,2.916,2.965,2.991,2.916,2470320.0
2020-11-30,2.942,2.821,2.975,2.803,5611080.0
2020-12-01,2.851,2.887,2.929,2.826,3458300.0
2020-12-02,2.885,2.914,2.938,2.83739,2309180.0
2020-12-03,2.909,2.967,2.997,2.909,2466360.0
2020-12-04,2.983,3.063,3.07,2.9765,2949720.0
2020-12-07,3.06,3.095,3.153,3.0425,2618470.0
2020-12-08,3.081,3.092,3.111,3.051,1853410.0
2020-12-09,3.092,3.034,3.126,3.011,2024200.0
2020-12-10,2.996,3.043,3.051,2.955,1387530.0
2020-12-11,3.011,2.992,3.04,2.973,2987310.0
2020-12-14,3.019,2.924,3.02,2.923,3118810.0
2020-12-15,2.965,2.99,3.002,2.912,5447960.0
2020-12-16,3.01,2.993,3.01,2.99,3788280.0
2020-12-17,3.001,2.995,3.015,2.968,3400730.0
2020-12-18,3.0,3.049,3.088,2.963,6956520.0
2020-12-21,2.979,2.997,3.023,2.942,2634530.0
2020-12-22,2.995,2.98,3.033,2.964,1926290.0
2020-12-23,2.999,3.019,3.058,2.951,3072170.0
2020-12-24,3.045,3.052,3.055,3.022,1156420.0
2020-12-28,3.08,3.053,3.095,3.049,1980940.0
2020-12-29,3.053,3.053,3.07,3.0235,2941610.0
2020-12-30,3.05,3.047,3.09,3.034,3198170.0
2020-12-31,3.049,3.166,3.175,3.034,3904420.0
2021-01-04,3.18,3.105,3.21,3.083,2424750.0
2021-01-05,3.098,3.116,3.16,3.093,2156090.0
2021-01-06,3.116,3.189,3.238,3.115,3346820.0
2021-01-07,3.25,3.219,3.326,3.197,6208880.0
2021-01-08,3.246,3.188,3.295,3.146,2617600.0
2021-01-11,3.153,3.21,3.239,3.14319,1859230.0
2021-01-12,3.225,3.240999999,3.272999999,3.181,2702490.0
2021-01-13,3.232,3.254,3.294,3.225,2683390.0
2021-01-14,3.279999999,3.267,3.3,3.253,1846520.0
2021-01-15,3.254,3.235,3.31,3.226,2498590.0
2021-01-19,3.276,3.247,3.282,3.209,1770800.0
2021-01-20,3.265,3.368,3.386999999,3.265,3077410.0
2021-01-21,3.368,3.376,3.429999999,3.340999999,2627940.0
2021-01-22,3.332,3.421,3.434,3.309,3455840.0
2021-01-25,3.429999999,3.47,3.508,3.406,3043580.0
2021-01-26,3.474,3.379,3.479999999,3.36,2036540.0
2021-01-27,3.306,3.224,3.3065,3.211,2375290.0
2021-01-28,3.242,3.18,3.242,3.124,1795690.0
2021-01-29,3.166,3.1,3.188,3.052,3095930.0
2021-02-01,3.133,3.154,3.197,3.095,2279240.0
2021-02-02,3.184,3.175,3.21,3.141,3097010.0
2021-02-03,3.25,3.303,3.474,3.25,4553940.0
2021-02-04,3.333,3.29,3.358,3.242,2095510.0
2021-02-05,3.271,3.195,3.271,3.103,3648100.0
2021-02-08,3.196,3.379999999,3.385,3.195,4207630.0
2021-02-09,3.379999999,3.39,3.408,3.329999999,1928840.0
2021-02-10,3.41,3.372,3.418,3.34611,1591730.0
2021-02-11,3.356,3.422,3.461999999,3.356,2203290.0
2021-02-12,3.251,3.195,3.35,3.15349,6508540.0
2021-02-16,3.236999999,3.193,3.294,3.1785,2846910.0
2021-02-17,3.144,3.1525,3.204999999,3.101,1796390.0
2021-02-18,3.143,3.163,3.1855,3.134,1885570.0
2021-02-19,3.174,3.168,3.211999999,3.134,2102490.0
2021-02-22,3.132,3.178,3.222,3.12,2730250.0
2021-02-23,3.148,3.264,3.294,3.059,6735490.0
2021-02-24,3.238,3.37,3.397999999,3.238,3125610.0
2021-02-25,3.334,3.25,3.37,3.25,2806590.0
2021-02-26,3.233,3.263,3.322999999,3.204999999,3533110.0
2021-03-01,3.347,3.427,3.4365,3.28753,2218270.0
2021-03-02,3.446,3.408,3.46,3.377,2531290.0
2021-03-03,3.429,3.361999999,3.467,3.359,2916190.0
2021-03-04,3.379,3.261999999,3.394,3.226,2860210.0
2021-03-05,3.311,3.390999999,3.407,3.226,3308650.0
2021-03-08,3.447999999,3.454999999,3.5305,3.4,3371350.0
2021-03-09,3.497,3.432,3.532,3.415999999,3132900.0
2021-03-10,3.456,3.57,3.592,3.434,2794340.0
2021-03-11,3.57,3.581,3.649,3.57,2683640.0
2021-03-12,3.571,3.646,3.663,3.499,2376380.0
2021-03-15,3.67,3.71,3.719,3.61,2705830.0
2021-03-16,3.74,3.714,3.75,3.676,2519840.0
2021-03-17,3.693,3.829999999,3.829999999,3.659,3811180.0
2021-03-18,3.815999999,3.822999999,3.879999999,3.786,4224790.0
2021-03-19,3.758,3.854999999,3.876,3.744,11350840.0
2021-03-22,3.87,3.892,3.936999999,3.79,3834410.0
2021-03-23,3.867,3.765999999,3.8685,3.746,4154850.0
2021-03-24,3.768,3.739,3.874,3.731,3097840.0
2021-03-25,3.725,3.706,3.767,3.672999999,3253770.0
2021-03-26,3.724,3.817,3.831,3.7185,3403360.0
2021-03-29,3.765,3.747,3.836999999,3.729,4901040.0
2021-03-30,3.71,3.794,3.824,3.693,2911750.0
2021-03-31,3.795,3.906,3.931,3.795,3131350.0
2021-04-01,3.933,3.9595,3.96,3.884,2893460.0
2021-04-05,3.961999999,4.0,4.031,3.961999999,3522200.0
2021-04-06,3.984,3.936,4.033,3.924499999,1775990.0
2021-04-07,3.940999999,3.934,3.961,3.917,2019480.0
2021-04-08,3.979999999,3.958,3.979999999,3.919,4883110.0
2021-04-09,3.936999999,3.968,3.976,3.91118,2759000.0
2021-04-12,3.969,4.003,4.07098,3.924,8110680.0
2021-04-13,4.004999999,3.953,4.034,3.933,1483460.0
2021-04-14,3.976,3.928,3.994,3.919,1635370.0
2021-04-15,3.95,3.933,3.965,3.918,1841230.0
2021-04-16,3.971,3.917,3.9765,3.906,1569660.0
2021-04-19,3.9,3.856,3.926,3.827,2171740.0
2021-04-20,3.846,3.783,3.885,3.752,2316920.0
2021-04-21,3.778,3.85,3.863,3.75323,1642260.0
2021-04-22,3.786,3.779,3.844,3.761999999,2399490.0
2021-04-23,3.799,3.825,3.8585,3.777,2118380.0
2021-04-26,3.818,3.865999999,3.897,3.79781,1804430.0
2021-04-27,3.858,3.85,3.89,3.828,1538780.0
2021-04-28,3.82,3.814,3.849,3.79,1378640.0
2021-04-29,3.856,3.81,3.86798,3.79,1063390.0
2021-04-30,3.806,3.702,3.819,3.690999999,2398150.0
2021-05-03,3.742,3.726,3.761,3.701,1918910.0
2021-05-04,3.697,3.658,3.73389,3.63827,2466320.0
2021-05-05,3.559,3.626,3.696,3.52,2727570.0
2021-05-06,3.632,3.617,3.656,3.508,2279080.0
2021-05-07,3.602,3.639,3.690999999,3.561999999,1639460.0
2021-05-10,3.645,3.517,3.645,3.514,2057270.0
2021-05-11,3.464,3.419,3.468,3.386999999,1679080.0
2021-05-12,3.369,3.365,3.425,3.354,1941430.0
2021-05-13,3.375,3.457,3.476,3.347999999,2064400.0
2021-05-14,3.482,3.626,3.664,3.479999999,2226330.0
2021-05-17,3.592,3.613,3.631,3.565999999,1092480.0
2021-05-18,3.565509999,3.595,3.65,3.565509999,1812200.0
2021-05-19,3.546,3.579999999,3.596,3.521,1588690.0
2021-05-20,3.571,3.59,3.590999999,3.543,1236470.0
2021-05-21,3.601,3.565999999,3.64,3.558,1699250.0
2021-05-24,3.567,3.593,3.603,3.55,1483950.0
2021-05-25,3.588,3.547,3.611,3.547,1941770.0
2021-05-26,3.552,3.565999999,3.588,3.54,1229330.0
2021-05-27,3.55,3.597999999,3.639,3.55,3717840.0
2021-05-28,3.56,3.474,3.561999999,3.47,1745010.0
2021-06-01,3.508,3.521,3.546,3.472,1951600.0
2021-06-02,3.535,3.628,3.639,3.484,4564290.0
2021-06-03,3.622,3.640999999,3.645,3.577,1080300.0
2021-06-04,3.644,3.669,3.677,3.615,973180.0
2021-06-07,3.679,3.7,3.715,3.647,1671350.0
2021-06-08,3.72,3.685,3.739,3.682,1298710.0
2021-06-09,3.685,3.631,3.6975,3.628,1571470.0
2021-06-10,3.640999999,3.640999999,3.697999999,3.622,905270.0
2021-06-11,3.66,3.665,3.6735,3.634,830690.0
2021-06-14,3.665,3.624,3.6875,3.61,1262420.0
2021-06-15,3.617,3.618,3.647,3.601,1961710.0
2021-06-16,3.622999999,3.576,3.622999999,3.552,1260760.0
2021-06-17,3.552,3.539,3.589,3.506,1746330.0
2021-06-18,3.5,3.426,3.519,3.394,3222090.0
2021-06-21,3.447999999,3.493,3.559,3.443,2227680.0
2021-06-22,3.478,3.402,3.506,3.383,1969870.0
2021-06-23,3.402,3.434,3.465999999,3.394,1786100.0
2021-06-24,3.474,3.536999999,3.540999999,3.449,1268030.0
2021-06-25,3.54,3.601,3.611,3.52,7819660.0
2021-06-28,3.593,3.553,3.614,3.503,1187870.0
2021-06-29,3.559,3.539,3.572999999,3.506,937050.0
2021-06-30,3.522,3.518,3.549,3.483,2181440.0
2021-07-01,3.535,3.546,3.585,3.497,1229200.0
2021-07-02,3.559,3.540999999,3.592,3.499,1438940.0
2021-07-06,3.536999999,3.46,3.536999999,3.459,1421690.0
2021-07-07,3.461999999,3.428,3.511,3.402,1466350.0
2021-07-08,3.4,3.379999999,3.447,3.33295,1406180.0
2021-07-09,3.429,3.456,3.490999999,3.406,3849220.0
2021-07-12,3.479,3.359,3.479999999,3.35,1658020.0
2021-07-13,3.346,3.295,3.353,3.288,2295100.0
2021-07-14,3.322999999,3.445,3.454999999,3.303,2559680.0
2021-07-15,3.436999999,3.454999999,3.467,3.39801,2656750.0
2021-07-16,3.479999999,3.414,3.489,3.4,2675660.0
2021-07-19,3.354,3.493,3.495,3.347999999,2979070.0
2021-07-20,3.511,3.483,3.592,3.479,2482830.0
2021-07-21,3.486999999,3.513,3.535,3.459,1310630.0
2021-07-22,3.488,3.442,3.511,3.429,945380.0
2021-07-23,3.451,3.51,3.511999999,3.429679999,695070.0
2021-07-26,3.518,3.528,3.574,3.513,992490.0
2021-07-27,3.508,3.497,3.508,3.44,1160960.0
2021-07-28,3.492,3.571,3.6,3.492,1181880.0
2021-07-29,3.6,3.735,3.75,3.579,1887890.0
2021-07-30,3.727,3.804,3.815999999,3.693,1869290.0
2021-08-02,3.81,3.746,3.864,3.729999999,1774930.0
2021-08-03,3.743,3.788,3.8465,3.722999999,1363450.0
2021-08-04,3.76,3.779999999,3.835,3.76,1933940.0
2021-08-05,3.804,3.86,3.872999999,3.804,1951430.0
2021-08-06,3.879999999,3.895,3.939,3.851,1962710.0
2021-08-09,3.919,3.89,3.9405,3.835,2980930.0
2021-08-10,3.897,3.857,3.94099,3.829999999,2375300.0
2021-08-11,3.95,3.882,3.963,3.813,3617740.0
2021-08-12,3.867,3.833,3.925,3.801,3219480.0
2021-08-13,3.801,3.629999999,3.817,3.621,3035520.0
2021-08-16,3.629999999,3.706,3.711999999,3.57,2510490.0
2021-08-17,3.690999999,3.657,3.702,3.611,2037420.0
2021-08-18,3.642,3.561999999,3.66,3.554,1186270.0
2021-08-19,3.514,3.476,3.52,3.429999999,1613590.0
2021-08-20,3.464,3.564,3.57,3.464,1556050.0
2021-08-23,3.577,3.593,3.601,3.552,1225780.0
2021-08-24,3.585,3.549,3.615,3.542,1442360.0
2021-08-25,3.549,3.559,3.59,3.54,1473750.0
2021-08-26,3.563,3.497,3.6015,3.493,2488090.0
2021-08-27,3.489,3.572999999,3.590999999,3.465999999,3027190.0
2021-08-30,3.581,3.55,3.581,3.52733,2545540.0
2021-08-31,3.558,3.654,3.7,3.533659999,5254270.0
2021-09-01,3.671,3.754,3.793,3.638,1768140.0
2021-09-02,3.754,3.784,3.8205,3.731,1498100.0
2021-09-03,3.8,3.8,3.865,3.793,1511880.0
2021-09-07,3.8,3.672,3.8,3.658,1129630.0
2021-09-08,3.643,3.633,3.678,3.622999999,1187170.0
2021-09-09,3.643,3.647999999,3.679999999,3.628,1109320.0
2021-09-10,3.659,3.659,3.695,3.656,1410920.0
2021-09-13,3.686,3.713,3.733,3.632,1108660.0
2021-09-14,3.735,3.607,3.735,3.578,1272120.0
2021-09-15,3.621,3.644,3.645,3.582,1209820.0
2021-09-16,3.622999999,3.643,3.668,3.601,976710.0
2021-09-17,3.621,3.725,3.749,3.608,4647230.0
2021-09-20,3.654,3.632,3.669,3.565,2114790.0
2021-09-21,3.669,3.667,3.69,3.633,2584640.0
2021-09-22,3.688,3.774,3.804,3.688,1637480.0
2021-09-23,3.799,3.75,3.875,3.738,1540120.0
2021-09-24,3.725,3.729999999,3.779999999,3.681,1068230.0
2021-09-27,3.721,3.788,3.813,3.719,1399320.0
2021-09-28,3.757,3.729999999,3.774,3.711,1269430.0
2021-09-29,3.735,3.67,3.754,3.658,900460.0
2021-09-30,3.685,3.657,3.7755,3.633,1269090.0
2021-10-01,3.672,3.735,3.754,3.629999999,890500.0
2021-10-04,3.779999999,3.688,3.779999999,3.67,787670.0
2021-10-05,3.686,3.728,3.744,3.658,758950.0
2021-10-06,3.690999999,3.652,3.721,3.6265,1431220.0
2021-10-07,3.685,3.729999999,3.779,3.658,1412940.0
2021-10-08,3.736,3.688,3.772,3.676,512230.0
2021-10-11,3.693,3.699,3.7223,3.679999999,595360.0
2021-10-12,3.715,3.588,3.728499999,3.579,1016530.0
2021-10-13,3.615999999,3.579999999,3.617,3.54201,1110580.0
2021-10-14,3.618,3.596,3.634,3.57,1636050.0
2021-10-15,3.65,3.544,3.671,3.539,3293740.0
2021-10-18,3.525,3.497,3.56517,3.479999999,1287430.0
2021-10-19,3.503,3.524,3.533,3.478,1291190.0
2021-10-20,3.539,3.535,3.551,3.497,1296350.0
2021-10-21,3.536,3.536999999,3.55702,3.486,1202820.0
2021-10-22,3.532,3.529999999,3.622999999,3.511,1024410.0
2021-10-25,3.525,3.533,3.549,3.51,1135350.0
2021-10-26,3.527,3.545,3.585,3.481969999,3700240.0
2021-10-27,3.534,3.531,3.589,3.504,1073260.0
2021-10-28,3.534,3.544,3.609,3.531,1831510.0
2021-10-29,3.55,3.539,3.617499999,3.534,3371190.0
2021-11-01,3.545,3.665,3.672,3.545,1540830.0
2021-11-02,3.668,3.706,3.706,3.65501,1734900.0
2021-11-03,4.140999999,4.186999999,4.4,4.026,8586550.0
2021-11-04,4.190999999,4.697,4.714,4.190999999,11790020.0
2021-11-05,4.6,4.658,4.706,4.474,7256640.0
2021-11-08,4.656,4.504,4.7,4.492,2578100.0
2021-11-09,4.481,4.484,4.55,4.465,1801560.0
2021-11-10,4.453,4.382,4.475,4.334,2333130.0
2021-11-11,4.372,4.431,4.461,4.3715,1178380.0
2021-11-12,4.461,4.369,4.483,4.331,938210.0
2021-11-15,4.363,4.309,4.363,4.229999999,1584010.0
2021-11-16,4.281,4.401,4.402,4.258,2559990.0
2021-11-17,4.379,4.25,4.41499,4.219,1447280.0
2021-11-18,4.256,4.286,4.293,4.19,1600210.0
2021-11-19,4.239,4.218,4.308,4.194,1849770.0
2021-11-22,4.229,4.217,4.349,4.2125,1683770.0
2021-11-23,4.201,4.178,4.265999999,4.164,1326740.0
2021-11-24,4.165999999,4.196,4.23068,4.136,1079230.0
2021-11-26,4.122999999,4.043,4.146,3.936,1883600.0
2021-11-29,4.061999999,4.063,4.108,3.995,2071860.0
2021-11-30,4.024,4.14,4.167,3.976,3548010.0
2021-12-01,4.2,4.243,4.316,4.171,3350760.0
2021-12-02,4.25,4.284,4.329,4.204,1762220.0
2021-12-03,4.289,4.323,4.35,4.188,1888560.0
2021-12-06,4.368,4.27,4.3945,4.27,2011860.0
2021-12-07,4.321,4.388,4.411,4.305,1664340.0
2021-12-08,4.422,4.373,4.484,4.318,1528660.0
2021-12-09,4.343,4.244,4.377,4.240999999,1489970.0
2021-12-10,4.338,4.286999999,4.351,4.215,2192210.0
2021-12-13,4.279999999,4.190999999,4.31799,4.186,1458800.0
2021-12-14,4.179,4.163,4.213,4.113,1409210.0
2021-12-15,4.161,4.238,4.25,4.132,2239420.0
2021-12-16,4.26,4.16,4.288,4.140999999,2795860.0
2021-12-17,4.140999999,4.094,4.179999999,4.064,4052060.0
2021-12-20,4.034,4.128,4.147999999,3.993,3541100.0
2021-12-21,4.179,4.263,4.317,4.179,1730750.0
2021-12-22,4.294,4.259,4.29815,4.222999999,1888180.0
2021-12-23,4.265999999,4.272,4.3145,4.263,1260090.0
2021-12-27,4.309,4.476,4.48,4.28016,3246650.0
2021-12-28,4.488,4.417,4.497,4.3706,1408320.0
2021-12-29,4.421,4.555,4.558,4.403,2500360.0
2021-12-30,4.555,4.468,4.641,4.468,1363340.0
2021-12-31,4.457,4.395,4.491,4.381,924830.0
2022-01-03,4.461,4.562,4.562,4.42,2522150.0
2022-01-04,4.669,4.714,4.753,4.65,3054620.0
2022-01-05,4.738,4.536,4.799,4.52,2963130.0
2022-01-06,4.541,4.51,4.6085,4.493,1548200.0
2022-01-07,4.51,4.408,4.5415,4.405,1359900.0
2022-01-10,4.388,4.418,4.4195,4.268,1694550.0
2022-01-11,4.4,4.491,4.51,4.384,2052600.0
2022-01-12,4.534,4.484,4.537,4.437,1860610.0
2022-01-13,4.519,4.529,4.565,4.485,1677210.0
2022-01-14,4.55,4.557,4.591,4.54615,3038010.0
2022-01-18,4.55,4.617,4.668,4.53,2580730.0
2022-01-19,4.617,4.215,4.617,4.208,4047150.0
2022-01-20,4.215,4.229999999,4.382,4.163,2330650.0
2022-01-21,4.154999999,4.101,4.323,4.1,2123760.0
2022-01-24,4.035,4.094,4.104999999,3.894,2353910.0
2022-01-25,4.034,3.945,4.068,3.87,1777470.0
2022-01-26,4.014,3.901,4.078,3.84,1660700.0
2022-01-27,3.971,3.882,4.007,3.85,1562820.0
2022-01-28,3.875,4.015,4.017,3.815999999,1900330.0
2022-01-31,3.990999999,4.052,4.052,3.929999999,2438080.0
2022-02-01,4.079999999,4.17,4.175,3.9715,6249120.0
2022-02-02,4.352,4.381,4.401,4.094,8629360.0
2022-02-03,4.341,3.931,4.341,3.869,6118700.0
2022-02-04,3.918,3.82,3.982,3.808,3541610.0
2022-02-07,3.84,3.801,3.871,3.721,2829270.0
2022-02-08,3.8,3.85,3.861,3.769,2083560.0
2022-02-09,3.9,3.865,3.9,3.806,2202950.0
2022-02-10,3.826,3.857,3.915,3.806,2870910.0
2022-02-11,3.842,3.806,3.879,3.761,1849460.0
2022-02-14,3.775,3.807,3.835,3.767,1582260.0
2022-02-15,3.840999999,3.972999999,3.979,3.840999999,1994920.0
2022-02-16,3.938,3.976,3.996,3.901,1383320.0
2022-02-17,3.922999999,3.885,3.946,3.8835,1297250.0
2022-02-18,3.882,3.915999999,3.936999999,3.8545,2712630.0
2022-02-22,3.893,3.918,4.019,3.833,3737210.0
2022-02-23,3.943,3.903,3.997,3.876,2805410.0
2022-02-24,3.735,3.919,3.9225,3.7,2321710.0
2022-02-25,3.933,4.017,4.018,3.861999999,3176140.0
2022-02-28,3.954999999,3.929,4.065999999,3.89,3127330.0
2022-03-01,3.927,3.99,4.035,3.8784,3622530.0
2022-03-02,4.013,4.217,4.246,4.013,2609880.0
2022-03-03,4.236999999,4.211,4.295,4.167499999,1711130.0
2022-03-04,4.16,4.157,4.192,4.043,1749800.0
2022-03-07,4.15,4.044,4.168,4.008,2256280.0
2022-03-08,4.052,4.047999999,4.117,3.999,2738020.0
2022-03-09,4.114,4.16,4.194,4.086999999,1519420.0
2022-03-10,4.108,4.118,4.204,4.082,1763770.0
2022-03-11,4.161999999,4.159,4.197,4.086,1585640.0
2022-03-14,4.154999999,4.052,4.185,4.018,1997910.0
2022-03-15,4.065999999,4.182,4.186,4.033,1586970.0
2022-03-16,4.2,4.275,4.304,4.17,1998890.0
2022-03-17,4.247999999,4.194,4.279999999,4.178,1261640.0
2022-03-18,4.195,4.289,4.321,4.159,3293740.0
2022-03-21,4.254,4.299,4.3555,4.254,1114890.0
2022-03-22,4.314,4.295,4.35864,4.268,4409920.0
2022-03-23,4.281,4.234,4.299,4.11739,1188950.0
2022-03-24,4.254999999,4.251,4.303,4.217,1150370.0
2022-03-25,4.263,4.199,4.263,4.172999999,1534480.0
2022-03-28,4.196,4.186,4.2155,4.111999999,1592460.0
2022-03-29,4.229,4.247999999,4.3035,4.206,2423140.0
2022-03-30,4.242,3.958,4.313,3.943,3359390.0
2022-03-31,3.956,3.807,3.984,3.8,2953210.0
2022-04-01,3.829999999,3.792,3.899,3.686,2422880.0
2022-04-04,3.768,3.774,3.798469999,3.719,2131250.0
2022-04-05,3.764,3.64,3.793,3.636,1410090.0
2022-04-06,3.611,3.535,3.628,3.526,1863760.0
2022-04-07,3.526,3.54,3.572,3.468,1803730.0
2022-04-08,3.475,3.531,3.561999999,3.411,2626990.0
2022-04-11,3.5,3.519,3.565999999,3.453,1644760.0
2022-04-12,3.533,3.483,3.619,3.479,1386560.0
2022-04-13,3.51,3.56,3.578,3.483,1072800.0
2022-04-14,3.581,3.652,3.665999999,3.574,2904460.0
2022-04-18,3.622999999,3.661,3.682,3.619,2720280.0
2022-04-19,4.2,4.465,4.486,4.111,16522070.0
2022-04-20,4.479,4.505,4.6838,4.477,5634190.0
2022-04-21,4.51,4.272,4.615,4.231,6324730.0
2022-04-22,4.311,4.236,4.355,4.164009999,3639580.0
2022-04-25,4.202,4.278,4.314,4.17,1783950.0
2022-04-26,4.231,4.125,4.261999999,4.10501,2456160.0
2022-04-27,4.129999999,4.164,4.292,4.11,2293510.0
2022-04-28,4.131,4.298,4.302,4.131,2062110.0
2022-04-29,4.253,4.21,4.3755,4.19,2460150.0
2022-05-02,4.213,4.24,4.242,4.104999999,3242260.0
2022-05-03,4.275,4.323,4.369,4.219,4111670.0
2022-05-04,4.832,5.672,5.696,4.825,25745040.0
2022-05-05,5.665,5.304,5.834,5.134,8560370.0
2022-05-06,5.237,5.121,5.282,5.002,7552310.0
2022-05-09,5.039,4.917,5.13355,4.879,4605290.0
2022-05-10,4.967,5.108,5.15,4.883,4122130.0
2022-05-11,5.04,4.935,5.197,4.912,3501270.0
2022-05-12,4.875,5.114,5.119,4.87401,4787600.0
2022-05-13,5.142,5.235,5.25,5.04,4152670.0
2022-05-16,5.203,5.259,5.345,5.175,3025580.0
2022-05-17,5.35,5.408,5.44399,5.21549,3910790.0
2022-05-18,5.36,5.237,5.49,5.194,3413110.0
2022-05-19,5.228,5.039,5.26,5.005,4024640.0
2022-05-20,5.101,4.976,5.122,4.857,4499670.0
2022-05-23,4.999,4.933,5.021,4.875,2823450.0
2022-05-24,4.893,4.745,4.925,4.673,5057230.0
2022-05-25,4.715,4.877,4.8825,4.715,3169590.0
2022-05-26,4.821,4.926,5.014,4.815,3392250.0
2022-05-27,4.971,4.947,4.99444,4.911,2907060.0
2022-05-31,4.95,5.006,5.06099,4.85,5849830.0
2022-06-01,5.058,5.17,5.22065,4.932,6558380.0
2022-06-02,5.225,5.549,5.607,5.208,8894610.0
2022-06-03,5.476,5.481,5.64842,5.37,5701520.0
2022-06-06,5.555,5.499,5.765,5.4445,6406390.0
2022-06-07,5.413,5.619,5.687,5.36,5024240.0
2022-06-08,5.6,5.427,5.67155,5.386,4419430.0
2022-06-09,5.4,5.019,5.429,5.015,4711080.0
2022-06-10,4.959,4.875,4.96,4.802,4279120.0
2022-06-13,4.716,4.688,4.784,4.548,6159420.0
2022-06-14,4.688,4.642,4.71,4.598,2984480.0
2022-06-15,4.675,4.721,4.795,4.528,3749000.0
2022-06-16,4.571,4.290999999,4.6315,4.282,6067800.0
2022-06-17,4.284,4.312,4.411,4.242,5682650.0
2022-06-21,4.43,4.503,4.548,4.3475,4012630.0
2022-06-22,4.387,4.338,4.509,4.305,3889380.0
2022-06-23,4.344,4.165,4.3628,4.14,4757180.0
2022-06-24,4.234,4.27,4.322,4.132,16979750.0
2022-06-27,4.324,4.328,4.444,4.247,3576930.0
2022-06-28,4.376,4.179999999,4.473,4.179,3311670.0
2022-06-29,4.16,4.111999999,4.199,4.002,4068870.0
2022-06-30,4.043,4.035,4.1325,3.981,4463800.0
2022-07-01,4.008,3.913,4.078,3.786999999,7996460.0
2022-07-05,3.834,3.899,3.899499999,3.701,4017690.0
2022-07-06,3.878,3.91,3.931,3.776,3500800.0
2022-07-07,3.961999999,4.038,4.07,3.961999999,3312630.0
2022-07-08,4.015999999,4.046,4.093,3.978,2307330.0
2022-07-11,4.034,4.036,4.068,3.996,2187230.0
2022-07-12,4.029,4.068,4.122999999,4.025,2518280.0
2022-07-13,4.042,4.11,4.145,3.995,2212280.0
2022-07-14,4.061,4.104999999,4.111999999,3.963,2571420.0
2022-07-15,4.228,4.215999999,4.2655,4.133,3788780.0
2022-07-18,4.272,4.25,4.35,4.24,3731570.0
2022-07-19,4.309,4.376,4.45896,4.281,3267380.0
2022-07-20,4.425,4.557,4.582,4.36,4790070.0
2022-07-21,5.381,5.163,5.399,5.01901,21058820.0
2022-07-22,5.092,5.072,5.2315,5.041,6216770.0
2022-07-25,5.106,5.248,5.257,5.061,4439450.0
2022-07-26,5.24,5.17,5.345,5.131,4050420.0
2022-07-27,5.169,5.138,5.175,5.086,4173000.0
2022-07-28,5.181,5.313,5.33,5.026,3803350.0
2022-07-29,5.326,5.401,5.515,5.2555,5481870.0
2022-08-01,5.39,5.524,5.6595,5.345,5302970.0
2022-08-02,5.481,5.616,5.642,5.409,4224320.0
2022-08-03,5.64,5.725,5.81085,5.582,4399590.0
2022-08-04,5.762,5.913,5.974,5.699,5098110.0
2022-08-05,5.85,5.909,6.031,5.8,5737360.0
2022-08-08,5.94,6.109,6.198,5.93212,7315450.0
2022-08-09,6.051,5.819,6.07824,5.711,7537800.0
2022-08-10,6.376,6.373,6.88,6.309,17489530.0
2022-08-11,6.453,6.422,6.79899,6.405,7555160.0
2022-08-12,6.335,6.531,6.698,6.25,10325510.0
2022-08-15,6.519,6.703,6.748,6.45,6417400.0
2022-08-16,6.653,6.612,6.692,6.5465,5987650.0
2022-08-17,6.634999999,6.761,6.848,6.538,7222370.0
2022-08-18,6.79,7.195999999,7.256999999,6.765,11502780.0
2022-08-19,7.109,6.983,7.109,6.916,7269380.0
2022-08-22,6.889,6.795,7.01267,6.765,8291810.0
2022-08-23,6.83,6.767,6.998999999,6.766,4168590.0
2022-08-24,6.767,7.029,7.198,6.65,7870980.0
2022-08-25,7.14825,7.437,7.493,7.104,8133530.0
2022-08-26,7.409999999,6.981999999,7.409999999,6.94,7459780.0
2022-08-29,6.836,6.926,7.11699,6.8,7656760.0
2022-08-30,6.959,6.459999999,7.00199,6.43,8905210.0
2022-08-31,6.493,6.508,6.614,6.37,9380770.0
2022-09-01,6.39,6.33,6.431999999,6.19,8451570.0
2022-09-02,6.44,6.454,6.679,6.396,5791660.0
2022-09-06,6.462,6.158,6.525,6.1127,5929560.0
2022-09-07,6.144,6.331,6.359,6.084,5777690.0
2022-09-08,6.27,6.498,6.506999999,6.226,3824480.0
2022-09-09,6.628,6.688,6.708,6.531999999,4571260.0
2022-09-12,6.709,6.666,6.817,6.501,5517660.0
2022-09-13,6.4,6.342,6.498999999,6.261,5031250.0
2022-09-14,6.364,6.438,6.445,6.247,4023080.0
2022-09-15,6.409999999,6.536,6.593,6.35574,5365700.0
2022-09-16,6.466,6.23,6.4661,6.044,7534490.0
2022-09-19,5.814,5.797,5.979,5.6028,10360330.0
2022-09-20,5.724,5.58,5.758,5.567,7407380.0
2022-09-21,5.629,5.503,5.72286,5.476,5877900.0
2022-09-22,5.504,5.419,5.521,5.2835,5417290.0
2022-09-23,5.273,5.343,5.364,5.163,6421800.0
2022-09-26,5.318,5.215,5.399,5.167,4330580.0
2022-09-27,5.305,5.35,5.365,5.2285,2847180.0
2022-09-28,5.35,5.565,5.591,5.32,3567850.0
2022-09-29,5.491,5.445,5.491,5.321,2530880.0
2022-09-30,5.414,5.507,5.721,5.4,5652110.0
2022-10-03,5.655,5.707,5.781,5.519,4565520.0
2022-10-04,5.893,6.027,6.073,5.8705,5598080.0
2022-10-05,5.966,6.047,6.168,5.881,6562000.0
2022-10-06,6.017,6.145,6.189,6.01,3981290.0
2022-10-07,6.001,5.893,6.028,5.839,4738600.0
2022-10-10,5.987,5.625,5.999,5.614,3814280.0
2022-10-11,5.55,5.574,5.691,5.479,3595820.0
2022-10-12,5.5,5.242,5.52076,5.23,4437670.0
2022-10-13,5.179,5.515,5.54,5.028,5678020.0
2022-10-14,5.606,5.402,5.606,5.31,3730690.0
2022-10-17,5.544,5.612,5.64,5.48386,3522340.0
2022-10-18,5.793,5.536,5.797,5.444,3448320.0
2022-10-19,5.466,5.559,5.614,5.464,2617000.0
2022-10-20,6.44,6.134,6.5,6.011,17913060.0
2022-10-21,6.06401,6.453,6.543,6.06401,9934580.0
2022-10-24,6.509999999,6.301,6.56199,6.28,5167180.0
2022-10-25,6.309,6.704,6.718,6.309,6506070.0
2022-10-26,6.648,6.565,6.818,6.55,4009040.0
2022-10-27,6.7,6.681999999,6.83,6.659,5358410.0
2022-10-28,6.678,6.872,6.884999999,6.662,4889820.0
2022-10-31,6.858,6.959,7.019,6.775,6475420.0
2022-11-01,7.02,7.186,7.22,6.917,9144640.0
2022-11-02,7.5,8.084,8.595,7.415,38509150.0
2022-11-03,7.87,7.97,8.141,7.520999999,11734240.0
2022-11-04,8.026,7.663,8.290989999,7.537,11962460.0
2022-11-07,7.698999999,7.715,7.869,7.684999999,6215250.0
2022-11-08,7.85,7.831,7.99,7.70535,7400330.0
2022-11-09,7.862,7.648999999,8.112,7.62095,5953240.0
2022-11-10,8.086,8.072,8.111,7.854,7965880.0
2022-11-11,8.188,8.347,8.615,8.141,13950210.0
2022-11-14,8.294,8.193,8.40899,8.059999999,8482450.0
2022-11-15,8.525,8.689,8.969,8.4,11980590.0
2022-11-16,8.696,8.217,8.77198,8.1285,9814150.0
2022-11-17,8.25,8.702,8.8025,8.25,10298530.0
2022-11-18,8.861,8.649,8.861,8.425,9334100.0
2022-11-21,8.6,8.391,8.649,8.338,5268440.0
2022-11-22,8.391,8.772,8.792,8.304,7020090.0
2022-11-23,8.824,9.122,9.174,8.764,8900710.0
2022-11-25,9.187,9.387,9.499,9.155,6417520.0
2022-11-28,9.3,9.25,9.522,9.186,9647490.0
2022-11-29,9.244,9.149,9.489,8.98414,9169150.0
2022-11-30,9.144,9.023,9.149,8.57,12408760.0
2022-12-01,9.176,9.051,9.32199,8.903,8108310.0
2022-12-02,8.869,8.67,8.95,8.534999999,8436900.0
2022-12-05,8.65,8.331,8.667,8.256,8409920.0
2022-12-06,8.334999999,8.628,8.643,8.103,9916640.0
2022-12-07,8.467,8.61,8.71599,8.277,6673600.0
2022-12-08,8.632,8.561,8.997,8.5145,10307820.0
2022-12-09,8.538,8.402,8.65,8.33,6624600.0
2022-12-12,8.515,8.916,8.948,8.4285,7252830.0
2022-12-13,9.272,9.001,9.3,8.877,8398600.0
2022-12-14,9.05,9.004,9.1545,8.793,10121050.0
2022-12-15,8.833,8.058,8.874,7.887,16616820.0
2022-12-16,8.023999999,8.073,8.236,7.88,13281330.0
2022-12-19,8.067,7.829,8.138,7.747,11343290.0
2022-12-20,8.331999999,8.331,8.584999999,8.259999999,33385720.0
2022-12-21,8.402,8.387,8.529,8.269,84309880.0
2022-12-22,8.306,8.2,8.338,7.9465,12995420.0
2022-12-23,8.195,8.219,8.234999999,8.013,9662320.0
2022-12-27,8.251,8.289,8.398,8.219,7901640.0
2022-12-28,8.234999999,8.059999999,8.434999999,8.056,8998490.0
2022-12-29,8.179,8.191,8.334,8.109999999,8644330.0
2022-12-30,8.053,8.209999999,8.28,7.952,6391860.0
2023-01-03,8.308,8.386,8.525,8.194,8151790.0
2023-01-04,8.461,8.225,8.774,8.206,14495680.0
2023-01-05,8.152,8.025,8.156,7.963,10978260.0
2023-01-06,8.145,8.439,8.512,8.053,10330500.0
2023-01-09,8.595,8.477,9.28,8.466,26215750.0
2023-01-10,8.1,7.837,8.15,7.511499999,41582990.0
2023-01-11,7.831,7.561,7.87,7.40401,21213990.0
2023-01-12,7.645,8.045,8.081999999,7.566,10803380.0
2023-01-13,7.961,8.058,8.21455,7.955,6679930.0
2023-01-17,8.055,8.483,8.490989999,8.02,11698080.0
2023-01-18,8.599,7.887,8.682,7.864,15376050.0
2023-01-19,7.648999999,7.086,7.675,6.902,49102700.0
2023-01-20,7.15,7.198,7.292,7.086,13989700.0
2023-01-23,7.295999999,7.375,7.492,7.151,11822620.0
2023-01-24,7.320999999,7.825,7.847,7.23749,12758590.0
2023-01-25,7.718,7.731,7.806999999,7.459999999,10445920.0
2023-01-26,7.94,7.627,7.973999999,7.601,7198580.0
2023-01-27,7.573999999,7.43,7.638,7.392,9049980.0
2023-01-30,7.306999999,7.213,7.5065,7.163,11482570.0
2023-01-31,7.255,7.233,7.39255,7.205,15715620.0
2023-02-01,7.2,7.973999999,8.077,7.011,32032810.0
2023-02-02,8.027,8.188,8.454,7.981999999,15180060.0
2023-02-03,8.1,8.434,8.584999999,8.068,14010630.0
2023-02-06,8.35,8.320999999,8.43999,8.18,8778430.0
2023-02-07,8.316,8.198,8.478,8.0,8763410.0
2023-02-08,8.268,8.522,8.749,8.233,17579710.0
2023-02-09,8.69,8.7,9.388,8.655,24656940.0
2023-02-10,8.6,9.002,9.092,8.577,13979420.0
2023-02-13,8.945,9.053,9.155,8.7602,10810290.0
2023-02-14,8.983,9.288,9.483,8.904,15172650.0
2023-02-15,9.302,9.3,9.384,9.169,10522920.0
2023-02-16,9.268,9.588,9.796,9.2065,16980170.0
2023-02-17,9.508,9.198,9.572,9.066,13869170.0
2023-02-21,9.05,8.806,9.3231,8.791,11201280.0
2023-02-22,8.759,8.671,8.872,8.561,8712220.0
2023-02-23,8.9328,9.427,9.495,8.93,18328000.0
2023-02-24,9.248,9.816,9.836,9.19637,19451170.0
2023-02-27,9.886,10.113,10.398,9.87,18911410.0
2023-02-28,10.0915,9.797,10.3,9.786,17415960.0
2023-03-01,9.916,10.2,10.3055,9.862,10786510.0
2023-03-02,10.006,9.837,10.093,9.50968,13198810.0
2023-03-03,9.848,9.783,10.0,9.552,9969560.0
2023-03-06,9.885,9.83,9.99799,9.687,8266300.0
2023-03-07,9.855,9.851,10.075,9.702,9664550.0
2023-03-08,9.875,10.235,10.36599,9.81208,14610450.0
2023-03-09,10.25,9.856,10.43,9.816,11650610.0
2023-03-10,9.801,9.276,9.801,9.209,17333370.0
2023-03-13,9.1,8.928,9.23655,8.85601,12825630.0
2023-03-14,9.184,9.247,9.46,9.12701,10672950.0
2023-03-15,8.936,9.175,9.182,8.725,12433280.0
2023-03-16,9.006,9.723,9.727,9.006,15453900.0
2023-03-17,9.685,9.55,9.804,9.407,18255820.0
2023-03-20,9.549,9.852,10.021,9.541,15408540.0
2023-03-21,9.999,10.825,10.835,9.999,20351950.0
2023-03-22,10.885,11.254,11.627,10.837,24498930.0
2023-03-23,11.4,11.4,11.836,11.175,20619810.0
2023-03-24,11.282,11.083,11.307,10.614,18319600.0
2023-03-27,11.195,11.09,11.36,10.989,17688930.0
2023-03-28,11.041,10.278,11.105,10.1435,20760720.0
2023-03-29,10.455,10.565,10.588,10.252,13826460.0
2023-03-30,10.732,10.334,10.732,10.13135,12856520.0
2023-03-31,10.356,10.655,10.7751,10.3195,12560280.0
2023-04-03,10.657,11.272,11.28,10.655,18587350.0
2023-04-04,11.384,10.946,11.70711,10.859,17407140.0
2023-04-05,10.831,10.803,11.02,10.621,8393930.0
2023-04-06,9.984,10.069,10.435,9.70201,33959170.0
2023-04-10,10.0,10.655,10.688,9.924,13197960.0
2023-04-11,10.737,10.468,10.87899,10.455,10209550.0
2023-04-12,10.587,10.811,11.054,10.56,14954070.0
2023-04-13,10.813,10.824,10.859,10.381,12298160.0
2023-04-14,10.824,10.915,10.9745,10.77,9470360.0
2023-04-17,10.915,11.043,11.062,10.728,7951020.0
2023-04-18,11.2,11.588,11.92376,11.2,15250780.0
2023-04-19,11.35,10.982,11.659,10.958,15360670.0
2023-04-20,10.816,10.801,11.196,10.702,11039650.0
2023-04-21,10.699,10.732,10.807,10.23279,10987000.0
2023-04-24,9.751,9.859,10.337,9.691,42350800.0
2023-04-25,9.799,9.328,9.799,9.319,21710660.0
2023-04-26,9.464,9.489,9.618,9.401,15042740.0
2023-04-27,9.422,9.858,9.876,9.334,10006460.0
2023-04-28,9.845,10.543,10.55,9.802,15036950.0
2023-05-01,10.544,10.511,10.796,10.312,15847430.0
2023-05-02,10.52,10.443,10.7801,10.171,20408920.0
2023-05-03,11.6,13.394999999,13.663999999,11.432,81628420.0
2023-05-04,13.282,13.64,13.95,13.122999999,21228260.0
2023-05-05,13.819999999,13.722999999,14.353,13.503,23659280.0
2023-05-08,13.594999999,13.663,13.922999999,13.438999999,14876660.0
2023-05-09,13.679,13.225,13.74999,13.209,14636490.0
2023-05-10,13.244999999,13.428,13.558,13.106,10210940.0
2023-05-11,13.341999999,13.643,13.747,13.30001,10926990.0
2023-05-12,13.881,13.45,13.988,13.26903,7929090.0
2023-05-15,13.6,13.784,13.93375,13.555,10018900.0
2023-05-16,13.783,14.584,14.75,13.76,22897980.0
2023-05-17,14.7,15.431,15.6,14.7,27513320.0
2023-05-18,15.544999999,16.456,16.655,15.544999999,32787010.0
2023-05-19,16.741,16.419,17.166999999,16.024,27764450.0
2023-05-22,16.419999999,16.481,16.941,16.255,17537400.0
2023-05-23,16.291,16.191,16.566,15.958,14375460.0
2023-05-24,15.963,16.762,16.791999999,15.826,15511810.0
2023-05-25,19.6005,20.686,21.3405,19.25001,71372000.0
2023-05-26,20.995,21.918,22.771,20.701,49891880.0
2023-05-30,22.8,23.41,24.299,22.767,48300310.0
2023-05-31,22.634,22.395,22.75639,21.6,44163420.0
2023-06-01,22.663,23.102,23.249,22.02448,29688970.0
2023-06-02,23.4485,22.194,23.788,22.02,27312140.0
2023-06-05,21.914,22.366,22.768,21.702,19231410.0
2023-06-06,22.1,23.315,23.574,22.012,20715120.0
2023-06-07,24.403,23.978,26.16499,23.7,44947620.0
2023-06-08,24.063,25.435,25.969,23.712,35303310.0
2023-06-09,26.3,26.166,27.018,25.688,35112760.0
2023-06-12,26.47,25.864999999,26.644,24.534,34711580.0
2023-06-13,26.085,24.424,26.1,23.21101,45204850.0
2023-06-14,24.317,24.777,25.3,23.91401,26455760.0
2023-06-15,24.446,24.392,24.899,23.92,21982420.0
2023-06-16,24.5,23.077,24.578,23.037,30346470.0
2023-06-20,22.73,22.24,23.57096,21.933,33665460.0
2023-06-21,22.1,21.991,22.7,21.72,26035610.0
2023-06-22,22.199,22.646,24.19699,22.114,39386370.0
2023-06-23,22.234,21.606,22.449,21.423,25132260.0
2023-06-26,21.971,21.65,22.999,21.308,28406150.0
2023-06-27,22.241,22.617,22.834,21.851,24324660.0
2023-06-28,22.327,23.594,23.81599,22.0285,26667370.0
2023-06-29,24.08,23.593,24.882,23.135,27265530.0
2023-06-30,24.0,24.925,25.396,23.988,25529650.0
2023-07-03,25.489,24.92,26.299,24.671,17109320.0
2023-07-05,24.8,25.5,26.338,24.795,20615740.0
2023-07-06,25.299,25.053,25.6,24.51001,17595800.0
2023-07-07,25.5,26.001,26.777,25.45476,28712180.0
2023-07-10,26.2,26.993,27.02,25.331,25112020.0
2023-07-11,27.517,27.095,28.289999999,26.254,29327370.0
2023-07-12,27.305,27.664,27.8,26.52123,27742040.0
2023-07-13,28.026,29.405,29.539,27.920999999,30650740.0
2023-07-14,29.8,29.538,30.685,28.844,37569390.0
2023-07-17,29.91,30.205,30.511,29.219,25521540.0
2023-07-18,30.25,31.839999999,31.936919999,29.614999999,26647000.0
2023-07-19,32.4,30.367,32.907,29.639999999,44017370.0
2023-07-20,29.874,30.295,30.797,28.133999999,49296560.0
2023-07-21,30.9,30.314999999,31.516,29.601,40185060.0
2023-07-24,30.35,30.937,31.276,29.473,29059890.0
2023-07-25,30.916,32.135,32.399,30.916,23512670.0
2023-07-26,31.952999999,31.736,32.363,30.719,23560390.0
2023-07-27,32.5,32.733999999,33.664,32.101,32282110.0
2023-07-28,33.449,33.45,33.779,32.483999999,20461860.0
2023-07-31,33.514999999,33.027,33.63,32.102,23565120.0
2023-08-01,32.249,33.756,33.788,32.0,20705280.0
2023-08-02,32.866,31.961,33.775,31.202,27853740.0
2023-08-03,31.4,32.120999999,32.436989999,31.3,14930170.0
2023-08-04,32.4,33.808999999,34.797,32.022,34715330.0
2023-08-07,35.2,35.329,35.69999,34.083,33191690.0
2023-08-08,34.48,34.74,35.37746,34.102999999,45526880.0
2023-08-09,29.714,26.613,29.802999999,26.025,114567160.0
2023-08-10,26.542,27.712,27.979,26.23,56630010.0
2023-08-11,26.927999999,25.443,27.2,25.05,58174930.0
2023-08-14,25.038,26.945999999,27.258999999,24.84,49949500.0
2023-08-15,26.737,26.422,27.199,25.923,23200870.0
2023-08-16,26.341,25.373,26.385,25.186,24945210.0
2023-08-17,25.5,24.406,25.594,24.253,25040860.0
2023-08-18,23.6,24.355,24.702,23.5147,27393660.0
2023-08-21,24.45,25.264,25.57199,24.225,26742290.0
2023-08-22,25.704,25.808999999,26.377,25.401,27665070.0
2023-08-23,26.029,27.761,28.457,25.925,44601160.0
2023-08-24,29.8035,26.25,29.835,25.65017,57836270.0
2023-08-25,26.1,25.396,26.39399,24.301,41026160.0
2023-08-28,25.736,25.516,26.21,25.373,19743230.0
2023-08-29,25.364,26.163,27.76,25.10146,36370970.0
2023-08-30,26.374,26.792,27.588,25.732,34838210.0
2023-08-31,27.0,27.508,28.3035,26.405149999,66371730.0
2023-09-01,27.7,28.216,28.333,26.655,37534380.0
2023-09-05,27.939999999,28.027999999,28.693,27.427,33603150.0
2023-09-06,27.71,27.402999999,28.19999,27.03,24613120.0
2023-09-07,26.512,26.748,26.794,25.42,29228690.0
2023-09-08,26.625,28.066,28.12602,26.558,29372470.0
2023-09-11,28.547,27.732,28.77299,27.506,29538480.0
2023-09-12,27.354,26.768,27.983,26.567,22137840.0
2023-09-13,26.702,27.095999999,27.718,26.620999999,25819220.0
2023-09-14,27.177,27.077,27.629,26.792,24127130.0
2023-09-15,26.8,24.926,26.927999999,24.72,45785640.0
2023-09-18,24.1,24.43,24.848,23.91196,26112660.0
2023-09-19,24.85,24.774,25.059,24.408,20302100.0
2023-09-20,24.774,24.307,25.468,24.239,15719940.0
2023-09-21,23.408,23.154,23.73999,22.826,25518520.0
2023-09-22,23.49,23.575,23.7615,23.136,16038560.0
2023-09-25,23.4,24.886,25.00577,23.336,25589390.0
2023-09-26,24.548,24.921,25.52,24.548,19897970.0
2023-09-27,25.292,25.754,26.162,25.108,28056120.0
2023-09-28,25.639,26.938,27.258999999,25.5,27133110.0
2023-09-29,27.401,27.422,28.36299,27.3,33609860.0
2023-10-02,27.5,28.886,29.2,27.46307,34865500.0
2023-10-03,28.656,26.997,28.9,26.633,37897740.0
2023-10-04,27.395,28.039999999,28.0974,27.06,30930930.0
2023-10-05,27.964999999,28.76,28.81,27.65,28573290.0
2023-10-06,28.442,28.967,29.43999,28.061,28279200.0
2023-10-09,28.402,29.0,29.19885,27.664,24300900.0
2023-10-10,29.5,31.031,31.74999,29.498,51384520.0
2023-10-11,31.11,30.886,31.597,30.256009999,36997700.0
2023-10-12,31.252999999,29.320999999,31.555,29.226,40554550.0
2023-10-13,29.3,28.52,29.698989999,27.75901,37988620.0
2023-10-16,28.479,29.169,29.4265,27.786,24176220.0
2023-10-17,28.1,29.854,30.0557,27.427999999,42879310.0
2023-10-18,29.27,28.502999999,29.82699,28.145999999,32132440.0
2023-10-19,28.75,26.505,28.949,26.375,40216400.0
2023-10-20,26.470999999,24.858,26.66479,24.804,36141640.0
2023-10-23,24.615,25.489,25.796859999,23.866,29471180.0
2023-10-24,25.989999999,26.2615,26.525,25.319,25149400.0
2023-10-25,26.125,25.399,26.666,25.28,22382100.0
2023-10-26,25.238,23.946,25.3347,23.4665,31038770.0
2023-10-27,24.8,24.14,24.899,23.95906,18116980.0
2023-10-30,24.585,23.662,24.831,23.287,26312870.0
2023-10-31,23.637,23.947,24.238,22.659,19313070.0
2023-11-01,24.13,25.227,25.4,24.121,38149890.0
2023-11-02,26.076,24.59,26.35,22.73712,74670180.0
2023-11-03,24.936,25.5,26.858999999,24.832,50000800.0
2023-11-06,25.77,25.259,25.999,24.92,25231640.0
2023-11-07,25.3,25.438,26.1,25.021,19304620.0
2023-11-08,25.54,26.027,26.4035,25.224,21286780.0
2023-11-09,26.62,26.488,28.018,26.102999999,40156480.0
2023-11-10,26.762,26.602999999,27.235,26.35101,25368000.0
2023-11-13,26.475,25.58,26.506,25.31,29891630.0
2023-11-14,26.6,29.387,29.467,26.452999999,62503710.0
2023-11-15,29.495,28.777999999,29.748,28.314,36054550.0
2023-11-16,28.3,28.367,28.929,27.8,18333610.0
2023-11-17,28.5,28.858999999,29.543,28.37,23372890.0
2023-11-20,28.9,30.46,30.589,28.9,29129990.0
2023-11-21,29.9,28.985,30.299,28.964999999,28861180.0
2023-11-22,29.32,28.666,30.16,27.652,39750930.0
2023-11-24,28.356,28.567,28.83,28.067,9654590.0
2023-11-27,28.411,29.037,29.837,28.352,23570310.0
2023-11-28,29.102999999,28.561,29.549,28.206,23327110.0
2023-11-29,29.127999999,28.763,30.6516,28.675,36633630.0
2023-11-30,28.988,27.347,29.17299,26.772,40836720.0
2023-12-01,26.226,26.963,27.07,26.025,42975810.0
2023-12-04,26.72,26.635,26.916,25.681,29598020.0
2023-12-05,26.345,26.295999999,26.994,25.970999999,25598030.0
2023-12-06,26.75,25.342,26.806,25.337,28598540.0
2023-12-07,25.55,25.614999999,25.85,25.129,23997110.0
2023-12-08,25.5,27.264999999,27.42,25.46101,31575040.0
2023-12-11,26.3035,26.226,27.07,25.702,31359520.0
2023-12-12,26.157,26.537,26.855,25.825,21783230.0
2023-12-13,26.7,27.332,27.561,26.25,27357870.0
2023-12-14,27.8,29.439999999,29.633,27.789999999,45440960.0
2023-12-15,29.5,30.011,30.191,29.245999999,37527000.0
2023-12-18,30.442,32.219,32.755,30.2945,57410080.0
2023-12-19,31.5,31.594,32.133999999,30.801,40142740.0
2023-12-20,31.551,30.208,32.062,30.108229999,31229310.0
2023-12-21,30.894,30.418,31.398,30.0725,25084230.0
2023-12-22,30.757,28.972,30.925,28.505,44394960.0
2023-12-26,29.091,29.433,29.670999999,28.744,24220590.0
2023-12-27,29.8,29.5,29.9,29.085,14117000.0
2023-12-28,29.361,29.145,29.725,29.064,12651060.0
2023-12-29,29.151,28.426,29.333999999,28.017,21044160.0
2024-01-02,28.0,28.545,28.7,27.58813,19042260.0
2024-01-03,27.725,28.064,28.789,27.652,16776130.0
2024-01-04,28.05,28.88,29.54799,27.627,23110560.0
2024-01-05,28.88,29.213,29.88799,28.75726,23430980.0
2024-01-08,29.489,32.027999999,32.182,29.352,42626240.0
2024-01-09,31.833,34.373,34.91799,31.720999999,67032700.0
2024-01-10,34.7,34.238,35.799,33.22401,53454460.0
2024-01-11,34.484,34.331,35.518,33.074,41729230.0
2024-01-12,34.553,33.956,34.948,33.829,22892060.0
2024-01-16,34.055,32.631,35.2,32.43109,47328550.0
2024-01-17,32.051,31.823,32.2,30.575,35857720.0
2024-01-18,33.001,31.144,33.39999,30.647,48751260.0
2024-01-19,34.756,42.336,42.869,33.88801,231125170.0
2024-01-22,45.635,43.624,48.586,41.019,188233170.0
2024-01-23,43.6,45.738,45.827,41.654,96771960.0
2024-01-24,47.129,47.019,49.678,46.023,121169660.0
2024-01-25,47.611,47.558,48.366,46.611,67172720.0
2024-01-26,46.71,47.415,48.325,45.97,50355540.0
2024-01-29,47.567,49.567,49.572,47.19,115251200.0
2024-01-30,54.732,51.297,55.444,50.117,179564240.0
2024-01-31,50.335,52.961,54.6,50.33281,119972820.0
2024-02-01,54.0,58.35,58.76099,53.6,136096040.0
2024-02-02,59.252,57.963,60.6,56.5,121895710.0
2024-02-05,58.988,66.335,67.0,58.795,175963830.0
2024-02-06,67.3,68.159,68.6,62.580999999,184889790.0
2024-02-07,67.5,68.36,69.977,66.0,123329790.0
2024-02-08,67.076,69.8,71.449,66.604999999,94137370.0
2024-02-09,71.005,74.029,74.517,70.88966,108347920.0
2024-02-12,76.134,77.301,81.0,74.507,168723210.0
2024-02-13,75.0,79.149,80.0,74.551,144804570.0
2024-02-14,82.331,88.055,88.603,82.088,201285710.0
2024-02-15,94.5,100.4,100.63499,91.77132,252406000.0
2024-02-16,104.55,80.332,107.786999999,80.115,340383420.0
2024-02-20,79.0,78.757,80.2,69.25,254125560.0
2024-02-21,74.975,73.417,77.24999,70.80801,149629360.0
2024-02-22,86.499,97.552,100.35399,83.40001,253726990.0
2024-02-23,93.816,86.001,99.5,82.40201,193843650.0
2024-02-26,88.447,87.634,89.5961,83.00201,96078350.0
2024-02-27,86.294,85.111,86.9,81.4,69103680.0
2024-02-28,82.0,81.654,84.65,81.2,60324740.0
2024-02-29,83.9,86.612,89.05199,83.9,88428580.0
2024-03-01,88.188,90.548,92.7,88.1,108816030.0
2024-03-04,103.9,107.433999999,115.5,102.034,201620930.0
2024-03-05,103.5,109.083,109.74999,97.61,133044000.0
2024-03-06,115.8,112.47,116.95,109.2,118933380.0
2024-03-07,113.3,115.976,116.2045,109.03,88242570.0
2024-03-08,121.2,114.001,122.9,109.2,117505980.0
2024-03-11,110.025,108.022,111.1,102.50001,71154930.0
2024-03-12,112.429,116.3,116.632,109.4001,67472960.0
2024-03-13,114.873,118.807,119.79999,112.233999999,58759600.0
2024-03-14,117.5,113.010999999,119.563,111.05472,62445260.0
2024-03-15,112.345,106.883,113.56008,106.626,169640460.0
2024-03-18,110.7,100.068,114.779,95.206,115307200.0
2024-03-19,88.861,91.097,92.5,86.3,104843630.0
2024-03-20,90.0,89.647,90.55,85.5,76456740.0
2024-03-21,93.8,97.161,99.444,90.6158,85630130.0
2024-03-22,95.454,97.274,98.547,94.72,50691050.0
2024-03-25,97.275,104.279,107.27399,96.70001,70172400.0
2024-03-26,108.7,102.506,110.610999999,102.211,63563460.0
2024-03-27,104.211999999,102.329,104.78108,98.634,52578440.0
2024-03-28,100.862,101.003,103.3,99.702,34630920.0
2024-04-01,101.0,103.715,106.9,100.5,51852270.0
2024-04-02,100.0,100.991,101.26,97.509,42301010.0
2024-04-03,97.5,101.557,104.24499,96.5825,61824340.0
2024-04-04,103.07,95.799,105.718,95.61601,58166290.0
2024-04-05,96.8,94.802,98.199,93.202,53444820.0
2024-04-08,96.2495,92.85,96.4,90.2,43167160.0
2024-04-09,92.5,90.42,93.724,88.1,40322270.0
2024-04-10,87.6145,90.854,92.4,87.11,41373160.0
2024-04-11,91.2,93.728,94.53635,90.71932,36770340.0
2024-04-12,92.03,89.849,92.499,89.4,33322280.0
2024-04-15,91.2,88.275,93.636,88.108,42010890.0
2024-04-16,90.132,97.63,98.146,89.3,71214490.0
2024-04-17,99.2008,96.008,102.033,94.941,71674590.0
2024-04-18,96.188,92.848,97.299,91.746,43006770.0
2024-04-19,87.1,71.365,89.083,71.095,172385020.0
2024-04-22,73.192,71.702,73.384,67.1,93035300.0
2024-04-23,73.0,76.186,79.337,71.406,83426460.0
2024-04-24,78.899,75.472,80.699,73.705,67403860.0
2024-04-25,72.596,78.74,79.686,72.112,50816830.0
2024-04-26,79.922,85.744,86.1,78.805,70680250.0
2024-04-29,83.9,89.035,89.784,83.0,58663060.0
2024-04-30,87.6,85.88,91.084,85.108,73693010.0
2024-05-01,77.736,73.83,78.135,70.0,135362860.0
2024-05-02,76.716,76.252,76.821,70.912,64961800.0
2024-05-03,77.0,78.27,80.159,76.8,52329030.0
2024-05-06,79.183,83.035,83.30751,78.69001,53428340.0
2024-05-07,81.1,81.929,83.42,80.626,40792640.0
2024-05-08,80.235,82.264,84.37688,80.038,37196040.0
2024-05-09,82.851,79.97,83.086,79.051,38820790.0
2024-05-10,81.744,79.85,83.33899,79.325,37913380.0
2024-05-13,81.082,78.276,81.199,76.263,28147020.0
2024-05-14,77.5,82.237,82.92399,76.67697,49962230.0
2024-05-15,84.401,95.236,95.44999,83.527,97528960.0
2024-05-16,92.4,90.44,97.10199,90.1,70098470.0
2024-05-17,92.52,88.789,93.199,87.8,51923670.0
2024-05-20,90.2,90.394,92.525,87.005,53631300.0
2024-05-21,88.9,89.895,93.994,87.777,59188340.0
2024-05-22,91.012,87.327,91.165,86.25139,56322250.0
2024-05-23,93.449,84.738,97.231,83.56601,114602310.0
2024-05-24,85.8,88.388,89.92,83.861,68504420.0
2024-05-28,89.9,87.472,90.965,86.5,62351370.0
2024-05-29,85.863,83.972,86.38,82.70901,49323410.0
2024-05-30,83.2,82.794,84.524,81.52,47475750.0
2024-05-31,81.6,78.451,81.965,76.001,74079780.0
2024-06-03,80.2,77.059,80.605,74.122,61557580.0
2024-06-04,75.9,77.161,78.066,75.4,40782580.0
2024-06-05,79.5,80.252,82.254,78.018,63074890.0
2024-06-06,80.5,77.792,80.8,75.555,50339350.0
2024-06-07,76.364,76.911,78.29099,75.847,34449350.0
2024-06-10,76.165,78.686,80.4,75.303,48789530.0
2024-06-11,78.0,76.761,78.498,76.3085,30387310.0
2024-06-12,78.5,77.474,80.13539,76.616,41190000.0
2024-06-13,78.5,87.11,88.317,78.4,116136820.0
2024-06-14,84.693,84.454,87.2,82.561,65987810.0
2024-06-17,85.74,88.741,92.191,82.809,89117640.0
2024-06-18,89.7,92.001,93.888,88.331,87620730.0
2024-06-20,96.129,91.7635,101.402,90.032,134329390.0
2024-06-21,90.01,90.526,91.79499,86.322,74655810.0
2024-06-24,88.1,82.698,88.25,82.0,77210300.0
2024-06-25,84.651,84.312,85.722,82.3,47258620.0
2024-06-26,84.35,83.116,85.214,80.827,45500110.0
2024-06-27,83.101,89.036,89.27779,82.56242,71512840.0
2024-06-28,89.9,81.935,89.988,81.52,165059000.0
2024-07-01,83.144,81.232,83.2,77.381,71230470.0
2024-07-02,79.94,83.717,85.092,79.62863,54936300.0
2024-07-03,83.719,84.7,85.719,82.101,31978990.0
2024-07-05,84.73,84.658,86.67,82.825,48092530.0
2024-07-08,86.4,89.934,92.688,86.005,98215720.0
2024-07-09,90.783,89.561,93.455,88.302,65354940.0
2024-07-10,88.87,89.998,91.39799,87.336,50402290.0
2024-07-11,91.035,88.922,91.514,86.581,56521950.0
2024-07-12,88.961,90.996,92.6,87.58,51600680.0
2024-07-15,94.0,89.768,96.33,88.2,86770320.0
2024-07-16,90.132,87.696,90.398,86.601,43653900.0
2024-07-17,84.55,81.631,84.665,81.48,57593860.0
2024-07-18,83.105,80.161,83.495,77.40701,59696960.0
2024-07-19,78.823,79.678,82.19231,77.832,83512530.0
2024-07-22,80.64,78.628,80.87497,76.54,49287410.0
2024-07-23,77.854,78.322,80.547,76.219,42112220.0
2024-07-24,76.5,71.156,77.365,70.51,67811550.0
2024-07-25,69.999,69.561,72.05,66.32,70477830.0
2024-07-26,71.061,71.219,72.429,69.755,43821840.0
2024-07-29,72.073,69.773,73.001,69.231,39195750.0
2024-07-30,70.5,66.630999999,70.7,65.630999999,48962760.0
2024-07-31,71.0,70.165,72.056,69.181,49679570.0
2024-08-01,70.456,67.224,72.445,65.858,54316650.0
2024-08-02,63.0,62.465,63.698,58.2455,77146610.0
2024-08-05,53.559,60.883,62.674,52.95001,70790630.0
2024-08-06,61.601,61.694,62.879,58.882,111233110.0
2024-08-07,53.246,49.27,54.69999,48.888,181205280.0
2024-08-08,49.7,50.994,52.86236,47.856,118237540.0
2024-08-09,51.0385,50.876,51.49578,49.204,59189630.0
2024-08-12,51.111,54.098,56.4,51.047,91752350.0
2024-08-13,56.384,56.742999999,58.387,54.863,81160440.0
2024-08-14,58.412,57.709,58.530499999,54.6355,70012040.0
2024-08-15,58.448,62.669,63.675,57.31871,95603630.0
2024-08-16,62.401,62.879999999,63.973,61.20705,80612380.0
2024-08-19,62.2,62.362,62.979,59.528,68802480.0
2024-08-20,61.674,61.091,63.05,59.838,60604300.0
2024-08-21,61.289,62.378,62.875,60.178,57374950.0
2024-08-22,62.937,60.482,63.081449999,60.224,61153240.0
2024-08-23,61.115,61.324,62.698,60.388,53373930.0
2024-08-26,61.0,56.251,61.817999999,55.52401,90386120.0
2024-08-27,51.89,54.764,55.7,51.35,116837340.0
2024-08-28,48.594,44.349,48.747,39.51801,369734830.0
2024-08-29,43.588,44.882,47.533,43.536,130532660.0
2024-08-30,45.797,43.77,45.93,41.955,109331830.0
2024-09-03,43.005,44.178,46.44,42.871,97224110.0
2024-09-04,42.012,42.347,43.542,40.84,71633650.0
2024-09-05,41.135,41.46,42.193,40.6825,61987100.0
2024-09-06,40.2,38.646,40.66894,38.28,90479940.0
2024-09-09,39.2735,40.987,41.777,38.751,80223890.0
2024-09-10,41.065,41.272,41.888,40.073,49475010.0
2024-09-11,41.6,44.54,44.6,41.12201,73375830.0
2024-09-12,44.134,44.213,44.95,43.172,49407440.0
2024-09-13,44.293,45.716,46.94999,43.89642,69966980.0
2024-09-16,44.716,44.91,45.716,43.355,43033550.0
2024-09-17,45.278,43.938,45.788,43.5315,36490650.0
2024-09-18,44.37,43.688,46.095,43.615,57557460.0
2024-09-19,45.508,43.72,45.76096,43.558,49492430.0
2024-09-20,43.918,45.727,45.818,43.621,76344420.0
2024-09-23,45.061,46.594,48.35099,44.88808,71532160.0
2024-09-24,46.506,46.361,47.3615,45.22634,53494460.0
2024-09-25,46.5,45.815,47.674,45.79204,49985570.0
2024-09-26,47.158,40.24,48.436,37.301,239229630.0
2024-09-27,40.0,41.974,42.397,40.0,107419710.0
2024-09-30,41.349,41.64,43.79804,41.246,68396690.0
2024-10-01,41.75,40.55,42.735,40.0,30603988.0
2024-10-02,40.01,42.0,42.06,39.8447,22026944.0
2024-10-03,41.8,41.55,44.23,41.26,30466055.0
2024-10-04,42.3,41.23,42.9199,40.52,31032256.0
2024-10-07,41.53,47.74,48.495,41.51,104771172.0
2024-10-08,50.09,45.35,50.1,44.06,106186147.0
2024-10-09,45.85,47.29,49.35,45.53,65378992.0
2024-10-10,45.8,46.47,47.0,44.4,40610937.0
2024-10-11,45.83,47.8,48.15,45.75,40748107.0
2024-10-14,48.175,47.39,49.46,46.44,45227787.0
2024-10-15,47.35,47.76,48.61,45.73,38228237.0
2024-10-16,48.3,48.75,50.346,47.26,50139214.0
2024-10-17,50.4,47.585,50.61,47.15,47789291.0
2024-10-18,48.08,47.26,48.98,47.01,31933224.0
2024-10-21,47.39,47.8,48.88,46.93,36216839.0
2024-10-22,47.79,45.97,48.18,44.81,41248060.0
2024-10-23,45.442,45.36,46.1379,44.61,24300969.0
2024-10-24,45.665,46.23,47.24,45.63,23717725.0
2024-10-25,46.68,47.27,48.4,46.46,32279178.0
2024-10-28,47.799,47.72,48.72,47.28,27230246.0
2024-10-29,47.67,49.12,49.7,46.75,35234766.0
2024-10-30,34.85,33.07,38.0,32.2,236424472.0
2024-10-31,30.06,29.11,30.89,27.22,129887179.0
2024-11-01,27.6,26.05,28.75,25.71,102739043.0
2024-11-04,24.89,26.03,27.97,23.9,92051963.0
2024-11-05,25.975,27.7,28.0,25.1,106628335.0
2024-11-06,20.87,22.7,23.0,20.2,122890761.0
2024-11-07,22.48,25.48,25.78,22.11,88234650.0
2024-11-08,25.685,24.52,26.25,23.76,60549560.0
2024-11-11,22.35,23.23,23.6558,21.3,71258426.0
2024-11-12,22.11,21.7,23.055,21.58,44022534.0
2024-11-13,21.0149,20.33,21.7999,20.275,55525549.0
2024-11-14,17.99,18.01,19.24,17.3604,95152077.0
2024-11-15,17.8,18.58,18.79,17.25,74025423.0
2024-11-18,20.03,21.54,23.88,20.0,198081298.0
2024-11-19,27.11,28.27,29.5,25.61,235282894.0
2024-11-20,27.29,25.8,27.71,24.82,105366490.0
2024-11-21,27.68,29.7,30.5,26.51,118032643.0
2024-11-22,30.84,33.15,34.37,30.5,159607101.0
2024-11-25,36.025,38.41,39.23,35.55,170113673.0
2024-11-26,37.59,34.43,37.67,34.03,95312995.0
2024-11-27,35.26,35.07,37.14,34.43,63261342.0
2024-11-29,32.97,32.64,33.49,31.11,60119948.0
2024-12-02,37.78,42.0,44.15,35.32,263221608.0
2024-12-03,44.42,40.21,45.99,38.82,204353025.0
2024-12-04,40.145,41.81,42.5,39.52,96994407.0
2024-12-05,42.42,41.14,42.83,40.92,71100387.0
2024-12-06,42.03,43.93,44.97,41.34,108671335.0
2024-12-09,47.93,44.16,48.0,44.09,98777286.0
2024-12-10,43.39,40.54,43.405,39.77,83380575.0
2024-12-11,38.19,38.29,38.8,36.07,79559851.0
2024-12-12,37.81,37.93,39.8,37.5,39402372.0
2024-12-13,37.0,36.45,37.55,35.55,64847350.0
2024-12-16,31.505,33.44,35.38,31.2,82607188.0
2024-12-17,33.635,33.8,35.37,33.34,41821719.0
2024-12-18,33.8,32.23,34.72,32.01,48010979.0
2024-12-19,32.915,31.24,33.47,30.82,39138318.0
2024-12-20,30.95,31.59,33.47,30.51,85656298.0
2024-12-23,31.815,32.4,32.59,31.58,26032258.0
2024-12-24,32.3,34.33,35.5,32.19,41339740.0
2024-12-26,35.085,33.74,35.41,33.0,28221564.0
2024-12-27,33.25,31.98,33.56,31.635,32070595.0
2024-12-30,31.28,30.68,31.49,30.12,32119853.0
2024-12-31,30.87,30.48,31.39,29.95,26546713.0
2025-01-02,30.97,30.05,31.39,29.9,24396485.0
2025-01-03,30.41,33.33,33.45,30.1287,34497033.0
2025-01-06,34.95,36.45,38.5,34.92,56472643.0
2025-01-07,36.34,34.38,36.55,34.06,33287836.0
2025-01-08,33.97,32.61,33.97,31.72,25899063.0
2025-01-10,32.3,32.6,34.075,31.71,29754890.0
2025-01-13,30.84,31.08,31.24,29.01,33913130.0
2025-01-14,31.95,30.53,32.39,30.4048,21517927.0
2025-01-15,31.38,30.99,31.71,30.48,27416670.0
2025-01-16,31.9,31.12,32.8176,30.89,26766812.0
2025-01-17,31.75,30.82,31.83,30.76,24396463.0
2025-01-21,31.38,32.45,33.49,31.11,40097572.0
2025-01-22,33.98,33.86,34.98,32.7,46466177.0
2025-01-23,33.25,33.41,33.855,32.79,21534448.0
2025-01-24,34.0,33.27,34.7,33.06,31728439.0
2025-01-27,30.31,29.07,31.95,28.42,59858799.0
2025-01-28,29.44,28.18,29.7,27.2152,35715341.0
2025-01-29,28.32,27.8,28.505,27.61,25802730.0
2025-01-30,28.58,28.64,28.81,27.81,22577142.0
2025-01-31,28.7,28.52,30.76,28.34,38101303.0
2025-02-03,27.2,26.85,27.61,25.71,44755533.0
2025-02-04,27.82,29.16,29.4499,27.35,35954613.0
2025-02-05,31.03,31.49,33.125,29.75,83155320.0
2025-02-06,31.97,33.84,34.45,31.85,66262370.0
2025-02-07,34.55,36.28,36.96,34.33,72679921.0
2025-02-10,38.0,42.65,42.88,37.36,134627844.0
2025-02-11,40.59,38.61,42.39,38.42,153179103.0
2025-02-12,42.3,39.68,43.89,38.86,161454157.0
2025-02-13,39.01,42.28,43.2896,37.5,110368060.0
2025-02-14,42.94,47.91,48.18,42.85,133562034.0
2025-02-18,51.0,55.8,56.23,50.99,163200092.0
2025-02-19,59.04,60.25,66.4399,55.61,337992654.0
2025-02-20,57.21,59.27,62.47,54.3,181555243.0
2025-02-21,61.0,56.07,62.43,55.07,104690394.0
2025-02-24,53.88,51.61,56.25,50.26,84122583.0
2025-02-25,50.115,45.54,50.67,44.0,146548413.0
2025-02-26,55.02,51.11,56.19,50.05,144521893.0
2025-02-27,49.065,42.95,50.0,42.545,121404828.0
2025-02-28,40.225,41.46,43.49,38.88,96057958.0
2025-03-03,42.28,36.07,42.3792,35.61,104518500.0
2025-03-04,35.0,39.14,40.61,34.51,109691915.0
2025-03-05,39.35,38.9,40.9,38.2302,69735665.0
2025-03-06,37.5,37.05,39.66,35.66,71552558.0
2025-03-07,36.37,38.24,38.49,35.3628,59173963.0
2025-03-10,37.8,36.9,39.45,35.99,73154042.0
2025-03-11,36.81,40.84,41.47,36.61,95890554.0
2025-03-12,43.955,42.47,44.99,41.85,92434458.0
2025-03-13,42.13,39.08,42.9699,38.9,56116693.0
2025-03-14,40.48,42.17,42.26,40.2501,57205565.0
2025-03-17,42.68,41.94,43.1699,40.9,40651055.0
2025-03-18,41.07,37.9,41.23,37.85,53505538.0
2025-03-19,38.79,40.1,41.31,38.15,60767761.0
2025-03-20,39.81,39.1,40.7,38.55,43863854.0
2025-03-21,39.26,42.15,42.63,38.91,64539596.0
2025-03-24,40.81,41.72,42.695,39.72,85032236.0
2025-03-25,41.58,40.64,43.3899,40.09,57736753.0
2025-03-26,40.295,37.04,40.84,36.6244,59733832.0
2025-03-27,36.385,34.72,36.78,34.66,48512318.0
2025-03-28,34.755,34.26,36.09,33.89,45561576.0
2025-03-31,32.75,34.24,34.57,32.14,43814765.0
2025-04-01,34.25,35.05,35.9,33.9,41752301.0
2025-04-02,34.02,35.09,36.05,33.7652,39934462.0
2025-04-03,32.03,32.32,33.16,31.55,45050146.0
2025-04-04,30.7,29.82,31.19,27.65,54490225.0
2025-04-07,27.91,33.0,34.1455,27.6,73010227.0
2025-04-08,35.14,31.71,35.49,30.92,61430949.0
2025-04-09,32.0,36.71,37.39,31.405,69891782.0
2025-04-10,35.09,33.68,35.4799,32.5,38130449.0
2025-04-11,34.08,33.15,34.3313,32.565,27608719.0
2025-04-14,35.03,33.12,35.12,32.97,33565630.0
2025-04-15,33.215,33.48,34.59,33.07,27661282.0
2025-04-16,31.855,31.89,33.65,30.92,38843481.0
2025-04-17,32.08,31.505,32.25,30.44,26958502.0
2025-04-21,30.75,29.51,30.91,28.9,35384428.0
2025-04-22,30.075,30.58,31.05,29.57,32367197.0
2025-04-23,33.02,32.9,34.99,32.625,56445107.0
2025-04-24,33.65,35.81,36.48,33.51,50380410.0
2025-04-25,35.905,36.47,36.74,35.3,38163413.0
2025-04-28,36.54,37.27,37.82,36.06,42508717.0
2025-04-29,36.92,36.0,37.29,35.94,43312256.0
2025-04-30,29.12,31.86,32.0,28.7831,98230510.0
2025-05-01,32.15,32.73,33.78,31.1501,55087522.0
2025-05-02,32.94,33.71,34.13,32.69,45306805.0
2025-05-05,33.1,32.17,33.495,32.12,33477394.0
2025-05-06,31.72,32.94,33.335,31.52,44675879.0
2025-05-07,31.1,32.48,32.97,30.54,58616872.0
2025-05-08,32.93,32.11,33.19,31.95,42736601.0
2025-05-09,32.13,31.99,32.835,31.195,31459202.0
2025-05-12,33.89,33.52,35.07,32.95,51333927.0
2025-05-13,34.46,38.89,39.095,34.18,96751993.0
2025-05-14,45.925,45.0,46.57,43.08,169224142.0
2025-05-15,44.05,43.96,45.38,41.4101,87035064.0
2025-05-16,45.5,46.15,47.8,45.03,99288866.0
2025-05-19,44.225,44.79,46.41,44.14,45618324.0
2025-05-20,44.79,42.77,44.825,42.395,43284207.0
2025-05-21,43.525,41.65,44.33,41.2301,54953961.0
2025-05-22,41.69,41.32,42.44,41.18,30515093.0
2025-05-23,39.77,40.09,40.48,39.11,37900688.0
2025-05-27,41.405,41.57,43.09,40.81,40092343.0
2025-05-28,41.93,41.96,42.94,40.9519,39353276.0
2025-05-29,43.17,41.15,43.97,41.0415,36005075.0
2025-05-30,40.71,40.02,40.93,39.05,34887531.0
2025-06-02,39.65,41.2,41.24,39.51,25940360.0
2025-06-03,41.325,43.19,43.9,41.13,41728728.0
2025-06-04,43.93,44.13,44.72,42.88,31201552.0
2025-06-05,43.59,40.77,44.18,40.34,40701847.0
2025-06-06,42.035,41.55,42.42,41.39,25509641.0
2025-06-09,42.24,43.12,43.365,41.88,27406263.0
2025-06-10,43.19,42.91,43.65,42.34,21494940.0
2025-06-11,43.65,43.21,44.55,42.78,34008854.0
2025-06-12,42.65,43.36,44.08,42.32,24671668.0
2025-06-13,42.03,41.56,42.4699,40.745,36493547.0
2025-06-16,42.28,43.69,44.42,42.07,33860891.0
2025-06-17,43.24,43.11,44.22,42.91,20761023.0
2025-06-18,43.07,44.47,45.67,42.79,40654629.0
2025-06-20,45.7,45.32,46.1799,44.14,51588528.0
2025-06-23,43.47,40.89,43.6,40.775,69270750.0
2025-06-24,41.385,42.84,43.15,41.055,58068381.0
2025-06-25,43.34,46.61,46.93,43.12,86439467.0
2025-06-26,47.055,49.27,49.52,46.07,72397640.0
2025-06-27,49.48,47.58,49.97,46.861,53757337.0
2025-06-30,48.7,49.01,50.55,48.23,49238045.0
2025-07-01,48.24,47.2,48.67,46.37,42243094.0
2025-07-02,47.19,48.74,48.88,47.07,27703147.0
2025-07-03,49.23,48.56,49.63,48.42,18665575.0
2025-07-07,48.23,47.11,48.35,46.22,33006690.0
2025-07-08,47.44,49.11,49.255,47.36,29002561.0
2025-07-09,48.745,50.02,50.2,48.37,35063577.0
2025-07-10,50.8,50.36,51.7,49.68,33264404.0
2025-07-11,49.755,49.24,50.26,49.08,24861382.0
2025-07-14,49.24,49.73,50.66,48.78,25603020.0
2025-07-15,51.865,53.17,54.2,51.53,62012767.0
2025-07-16,53.045,53.22,53.2889,51.42,30066055.0
2025-07-17,53.51,52.75,54.15,52.61,31534551.0
2025-07-18,53.325,51.77,53.87,51.27,31842399.0
2025-07-21,52.69,51.5,53.98,51.4,38140234.0
2025-07-22,51.84,49.86,51.86,48.85,31829294.0
2025-07-23,50.7,51.7,52.16,50.58,25249626.0
2025-07-24,51.815,52.52,53.35,51.33,37679316.0
2025-07-25,52.15,54.47,54.515,51.62,34308424.0
2025-07-28,55.81,60.05,60.08,55.3,72578842.0
2025-07-29,59.73,58.63,61.48,58.15,57488295.0
2025-07-30,59.56,60.71,62.28,59.0201,53032928.0
2025-07-31,62.11,58.97,62.358,58.46,46751846.0
2025-08-01,57.1101,56.64,58.05,55.07,40840313.0
2025-08-04,58.155,58.23,59.19,57.62,32743628.0
2025-08-05,58.81,57.26,59.4,56.79,49970613.0
2025-08-06,47.33,46.79,48.13,44.83,115217930.0
2025-08-07,47.15,46.67,48.82,46.57,43942161.0
2025-08-08,46.91,44.6,47.37,44.53,43796793.0
2025-08-11,45.075,45.2,46.48,44.98,31865885.0
2025-08-12,45.665,46.43,46.6,44.8,30437803.0
2025-08-13,46.43,46.07,46.64,45.56,26004354.0
2025-08-14,45.35,45.49,45.6682,44.67,22948718.0
2025-08-15,45.255,45.37,45.57,44.16,27407548.0
2025-08-18,45.28,45.86,46.64,45.1807,22586452.0
2025-08-19,45.85,43.24,45.85,43.17,30319218.0
2025-08-20,43.3,42.61,43.47,41.31,31496647.0
2025-08-21,42.595,42.31,42.955,41.82,16552115.0
2025-08-22,41.65,43.88,44.1,41.63,24089060.0
2025-08-25,43.6,44.07,44.93,43.28,18782031.0
2025-08-26,44.06,44.36,44.39,43.635,18168178.0
2025-08-27,44.37,44.76,45.01,43.87,18925090.0
2025-08-28,44.82,43.97,45.34,43.91,22120089.0
2025-08-29,42.8,41.54,42.86,41.44,36835946.0
2025-09-02,40.025,40.78,40.86,39.56,29924319.0
2025-09-03,40.9,40.1,40.9799,39.7735,20472793.0
2025-09-04,40.28,40.7,40.8,39.75,22479421.0
2025-09-05,40.985,40.41,41.18,39.74,21771670.0
2025-09-08,40.895,40.04,41.12,39.89,19033322.0
2025-09-09,40.24,42.92,43.0,40.165,37458970.0
2025-09-10,44.0,43.91,45.57,43.333,40876010.0
2025-09-11,44.29,43.95,44.51,43.46,24437708.0
2025-09-12,46.56,45.0,47.0,44.63,38138273.0
2025-09-15,45.23,45.38,45.77,44.2,22441791.0
2025-09-16,45.545,44.91,45.82,44.5,18139175.0
2025-09-17,44.595,44.9,45.4,43.69,22589246.0
2025-09-18,45.42,45.94,46.33,44.54,26315798.0
2025-09-19,46.0,45.81,46.52,45.445,28688363.0
2025-09-22,45.395,46.87,48.53,45.17,39930638.0
2025-09-23,47.39,46.99,47.7,45.86,27042453.0
2025-09-24,47.23,46.2,48.15,46.17,24991318.0
2025-09-25,45.06,46.24,47.16,44.2,24372206.0
2025-09-26,45.64,45.82,45.97,44.4,22879401.0
2025-09-29,46.28,46.36,47.38,45.94,25012582.0
2025-09-30,46.215,47.94,48.2,46.1967,32168456.0
2025-10-01,47.57,52.39,52.48,47.36,48357216.0
2025-10-02,52.445,52.5,52.93,51.06,32744408.0
2025-10-03,52.74,51.96,53.51,50.8,32220401.0
2025-10-06,54.08,54.62,56.1135,53.96,40241633.0
2025-10-07,56.26,55.07,57.48,53.6,37885889.0
2025-10-08,55.27,58.68,58.69,54.58,45151411.0
2025-10-09,57.63,57.98,58.78,57.258,29801486.0
2025-10-10,58.24,52.86,58.51,52.56,45087764.0
2025-10-13,54.805,54.75,55.65,54.02,24588862.0
2025-10-14,54.13,53.11,55.21,52.98,19789133.0
2025-10-15,54.5,53.94,55.0699,52.86,16646034.0
2025-10-16,54.0,53.84,56.225,53.27,24656551.0
2025-10-17,53.065,52.18,53.63,51.62,20681849.0
2025-10-20,55.04,55.04,56.6,54.6,45553310.0
2025-10-21,55.16,54.82,55.3499,53.91,29016458.0
2025-10-22,54.49,52.5,54.53,50.03,34326246.0
2025-10-23,51.73,47.92,51.84,47.38,57175672.0
2025-10-24,48.875,48.29,49.64,48.21,25206612.0
2025-10-27,49.72,51.57,51.625,49.72,27434470.0
2025-10-28,51.665,52.36,54.03,51.37,28064410.0
2025-10-29,53.8,52.69,54.08,51.56,25028515.0
2025-10-30,51.9,50.37,52.32,50.3348,17736566.0
2025-10-31,51.39,51.96,52.99,50.8,19822788.0
2025-11-03,52.87,50.75,53.01,50.55,23811285.0
2025-11-04,48.625,47.4,49.43,46.86,37973477.0
2025-11-05,44.975,42.03,46.34,42.02,61413576.0
2025-11-06,42.5,40.335,42.8201,40.3,32092126.0
2025-11-07,39.845,39.76,40.09,38.135,32960238.0
2025-11-10,41.455,40.19,41.63,39.9,26396732.0
2025-11-11,39.99,38.82,39.99,38.58,21707766.0
2025-11-12,39.19,37.91,39.45,37.5725,24749669.0
2025-11-13,37.76,35.09,37.8,34.78,37471530.0
2025-11-14,34.235,36.42,37.35,33.69,37325154.0
2025-11-17,35.58,34.1,35.82,33.635,32689527.0
2025-11-18,34.31,34.9,35.78,33.55,28024905.0
2025-11-19,34.55,33.73,34.9661,33.2,28892793.0
2025-11-20,35.53,31.56,35.54,31.445,37801477.0
2025-11-21,32.14,32.19,32.57,31.03,28321163.0
2025-11-24,32.39,33.32,33.54,31.98,27885144.0
2025-11-25,32.16,32.48,32.63,31.17,22199789.0
2025-11-26,33.19,32.83,33.42,32.45,21642423.0
2025-11-28,33.33,33.85,33.86,32.88,10755849.0
2025-12-01,33.37,33.41,33.95,32.57,20952352.0
2025-12-02,33.59,32.92,34.33,32.89,19433999.0
2025-12-03,33.0,33.68,33.705,32.6698,16253151.0
2025-12-04,33.5,34.23,34.41,33.08,17205733.0
2025-12-05,33.845,34.69,34.79,33.45,19415332.0
2025-12-08,35.15,35.37,35.88,34.7201,21290282.0
2025-12-09,35.47,35.02,35.5,34.58,17512951.0
2025-12-10,34.97,34.9,35.1299,34.18,17615746.0
2025-12-11,34.15,34.02,34.16,32.905,23178866.0
2025-12-12,33.745,32.33,34.6,32.23,22435069.0
2025-12-15,32.8,31.37,32.86,31.24,18470601.0
2025-12-16,31.3,31.66,31.91,30.95,20835778.0
2025-12-17,31.49,29.84,31.91,29.835,24797175.0
2025-12-18,30.705,29.37,30.91,29.095,25658727.0
2025-12-19,29.59,31.11,31.24,29.59,39854147.0
2025-12-22,31.17,31.07,31.69,30.87,21470422.0
2025-12-23,30.94,30.76,31.11,30.265,18146693.0
2025-12-24,30.65,30.55,30.8,30.34,6805570.0
2025-12-26,30.64,30.64,30.845,30.14,14262721.0
2025-12-29,30.07,30.08,31.14,29.94,19595369.0
2025-12-30,30.36,29.65,30.36,29.64,21568249.0
2025-12-31,29.71,29.27,29.87,29.02,24844990.0
2026-01-02,29.96,30.96,31.4,29.93,30675094.0
2026-01-05,31.68,30.07,32.04,29.98,38591801.0
2026-01-06,30.645,30.54,30.66,29.43,29127522.0
2026-01-07,30.625,30.01,30.6299,29.78,22808170.0
2026-01-08,30.04,29.9,30.06,29.21,21598185.0
2026-01-09,30.03,30.16,31.025,29.55,27159838.0
2026-01-12,29.93,30.12,30.535,29.765,24840607.0
2026-01-13,29.89,28.6,29.89,27.8,52519660.0
2026-01-14,28.26,28.27,28.755,27.75,25019236.0
2026-01-15,28.71,29.42,29.855,28.57,33266312.0
2026-01-16,29.72,32.64,32.98,29.6,79038202.0
2026-01-20,31.21,31.41,31.725,30.22,39742103.0
2026-01-21,31.655,32.24,32.68,30.96,37885069.0
2026-01-22,33.0,32.45,33.485,32.37,29917816.0
2026-01-23,33.55,31.7,33.635,31.325,34482350.0
2026-01-26,31.48,30.8,31.55,30.66,19400442.0
2026-01-27,30.83,31.2,31.29,29.9,20774563.0
2026-01-28,31.59,31.21,32.33,30.97,24239906.0
2026-01-29,30.72,30.12,30.76,29.14,28135473.0
2026-01-30,30.19,29.11,30.37,28.8998,24089622.0
2026-02-02,29.03,29.71,30.96,28.8,26817001.0
2026-02-03,30.0,29.67,30.17,28.64,42513873.0
2026-02-04,32.95,33.76,34.94,31.7,115558234.0
2026-02-05,33.015,30.85,33.49,29.37,60313982.0
2026-02-06,31.835,34.38,34.7,31.22,49279810.0
2026-02-09,33.21,33.53,33.905,32.65,32251890.0
2026-02-10,33.85,33.33,34.39,33.01,24777531.0
2026-02-11,33.89,32.04,33.91,31.635,24547164.0
2026-02-12,32.185,30.43,32.32,30.42,25527940.0
2026-02-13,30.64,30.54,31.22,30.26,21660684.0
2026-02-17,30.305,30.11,30.75,29.58,20377352.0
2026-02-18,30.2,29.71,30.415,29.35,16814720.0
2026-02-19,31.25,32.16,32.2,30.99,42320070.0
2026-02-20,31.415,32.42,32.91,31.415,26058941.0
2026-02-23,31.76,30.71,32.09,30.565,21437208.0
2026-02-24,31.05,31.13,31.37,30.29,17982582.0
2026-02-25,31.47,33.6,33.855,31.46,32402874.0
2026-02-26,33.22,32.28,33.45,31.16,28496121.0
2026-02-27,31.86,32.39,33.04,31.38,27204820.0
2026-03-02,30.9,31.83,31.975,30.55,28730017.0
2026-03-03,30.89,30.68,31.33,29.6803,26566022.0
2026-03-04,30.96,32.65,32.96,30.85,31472436.0
2026-03-05,32.315,32.24,33.51,31.47,26932479.0
2026-03-06,31.44,31.31,32.41,31.115,21134588.0
2026-03-09,30.7,31.98,32.16,29.85,27705326.0
2026-03-10,31.85,31.79,32.38,31.555,19233134.0
2026-03-11,32.51,31.79,33.07,31.55,22009241.0
2026-03-12,31.66,30.9,31.81,30.8,16569358.0
2026-03-13,31.04,30.75,31.225,30.22,18279112.0
2026-03-16,31.5,31.86,32.43,30.92,28823950.0
2026-03-17,31.955,31.51,32.811,31.48,20833629.0
2026-03-18,31.32,30.35,31.675,30.325,24360497.0
2026-03-19,30.0,30.79,31.52,29.79,25754925.0
2026-03-20,22.52,20.53,23.095,20.35,242958521.0
2026-03-23,20.31,21.58,22.14,19.48,114269718.0
2026-03-24,21.3,22.23,22.56,20.99,69821358.0
2026-03-25,22.63,24.05,24.19,22.57,67917074.0
2026-03-26,23.32,22.21,23.74,21.86,53777298.0
2026-03-27,22.21,21.97,22.36,21.38,33020433.0
2026-03-30,22.18,21.06,22.25,20.71,34074917.0
2026-03-31,21.39,22.77,22.8,21.34,37631148.0
2026-04-01,22.87,22.51,23.365,22.35,33420872.0
2026-04-02,21.98,23.22,23.335,21.87,30446148.0
2026-04-06,23.07,22.05,23.46,22.03,23564773.0
2026-04-07,22.0,22.67,22.69,21.79,25328298.0
2026-04-08,23.99,23.37,24.18,22.86,31894248.0
2026-04-09,23.39,23.22,23.95,23.09,28653966.0
2026-04-10,23.64,25.26,25.545,23.64,43565769.0
2026-04-13,25.06,25.97,25.99,24.45,30023561.0
2026-04-14,27.0,27.2,27.795,26.5,40885366.0
2026-04-15,27.73,27.29,27.93,26.95,27816852.0
2026-04-16,27.58,28.4,28.72,26.67,28966108.0
2026-04-17,29.06,28.56,29.13,28.18,21872276.0
2026-04-20,28.07,28.81,28.88,27.71,22593909.0
2026-04-21,29.085,28.43,29.9359,28.35,29805186.0
2026-04-22,28.88,29.18,29.44,28.78,24811766.0
2026-04-23,26.5,26.75,27.6,26.0607,46874199.0
2026-04-24,27.53,29.08,29.485,27.28,38559400.0
2026-04-27,28.825,27.85,29.49,27.46,28746051.0
2026-04-28,27.0,27.25,27.64,26.51,23282197.0
2026-04-29,27.028,26.32,27.09,25.46,26097137.0
2026-04-30,26.91,27.4,27.515,26.35,21028128.0
2026-05-01,27.64,27.09,28.3,26.875,25043923.0
2026-05-04,27.49,27.92,28.5,27.34,29340519.0
2026-05-05,28.25,27.83,28.29,27.42,55291270.0
2026-05-06,31.44,34.66,34.71,31.12,127295696.0
2026-05-07,34.005,33.62,35.58,32.92,61495297.0
2026-05-08,33.33,35.37,35.64,32.3,50774248.0
2026-05-11,35.07,33.52,36.37,33.44,39601085.0
2026-05-12,33.04,32.79,33.48,31.24,35190084.0
2026-05-13,32.9,32.0,33.01,31.775,25441554.0
2026-05-14,32.02,33.03,33.81,31.52,32397638.0
2026-05-15,31.6,31.04,31.96,30.64,27358949.0
2026-05-18,31.22,30.85,31.3,29.52,26671792.0
2026-05-19,30.27,30.56,31.345,29.465,23166924.0
2026-05-20,31.09,33.46,33.96,30.87,38110972.0
2026-05-21,32.95,33.46,33.7999,32.26,28075549.0
2026-05-22,33.8,35.58,35.935,33.68,39440978.0
2026-05-26,36.0,37.1,37.91,35.4347,43168968.0
2026-05-27,38.29,38.19,38.815,36.76,35757991.0
2026-05-28,38.0,41.3,43.55,37.61,74574063.0
2026-05-29,44.5,46.09,48.34,44.17,93235112.0
2026-06-01,45.8,46.88,48.08,45.655,50422431.0
2026-06-02,48.76,50.17,51.4,48.56,54883660.0
2026-06-03,49.47,47.42,50.02,45.66,51041858.0
2026-06-04,45.235,46.9,47.84,45.21,32738391.0
2026-06-05,45.0,41.64,45.2599,41.0401,49259573.0
2026-06-08,43.81,43.99,44.735,42.18,31631051.0
2026-06-09,44.9,40.64,44.95,38.04,51851076.0
2026-06-10,35.6,29.27,36.51,29.14,191345438.0
2026-06-11,29.3,31.97,32.05,28.61,251249179.0
2026-06-12,30.76,30.46,31.81,29.45,84854716.0
2026-06-15,31.73,30.85,32.07,30.722,61776822.0
2026-06-16,30.69,29.22,30.75,29.12,54280797.0
2026-06-17,29.765,27.78,29.84,27.71,53631218.0
2026-06-18,28.44,30.66,30.91,28.28,68325332.0
2026-06-22,32.3298,35.46,36.8,32.27,128512315.0
2026-06-23,33.25,33.32,34.41,32.805,60658831.0
2026-06-24,33.45,32.45,33.98,31.3901,51833508.0
2026-06-25,33.34,31.68,33.68,31.3594,46185585.0
2026-06-26,30.965,30.63,31.71,30.28,48554539.0
2026-06-29,31.0,28.15,31.22,27.75,91157911.0
2026-06-30,28.42,29.33,29.91,28.17,56264036.0
2026-07-01,28.28,27.65,28.63,27.48,52034237.0
2026-07-02,28.05,27.22,29.215,26.695,42867499.0
2026-07-06,27.5,27.19,27.74,26.74,30951854.0
2026-07-07,26.58,26.25,26.97,25.405,38985406.0
2026-07-08,26.14,28.17,28.22,26.03,37264440.0
2026-07-09,28.75,28.24,29.12,28.185,33573063.0
2026-07-10,28.3,28.31,29.0,27.91,25067110.0
2026-07-13,27.64,27.66,28.2399,27.215,22796349.0
2026-07-14,27.96,27.65,28.13,27.32,22413519.0
2026-07-15,28.11,26.89,28.35,26.1719,25550557.0
2026-07-16,26.52,24.68,26.72,24.65,36021897.0
2026-07-17,24.33,24.18,25.17,23.38,32264796.0
2026-07-20,24.345,23.83,24.5399,23.772,24919435.0
2026-07-21,24.4,25.5,25.54,24.33,51156443.0
2026-07-22,28.89,30.56,32.2844,28.5,163015097.0
2026-07-23,30.33,31.2,32.585,30.18,86788866.0
2026-07-24,30.62,30.1,31.33,29.275,49701580.0
2026-07-27,30.6,29.81,30.94,28.5,35912282.0
2026-07-28,28.64,28.45,28.87,27.13,36449752.0
2026-07-29,28.02,25.7,28.07,25.68,40892234.0
2026-07-30,26.84,27.73,28.1699,26.6501,38544949.0
2026-07-31,28.65,28.4,29.3,27.21,34956061.0
2026-08-03,28.0,28.64,28.925,27.44,24010919.0
2026-08-04,29.65,31.69,31.84,29.07,56404626.0
2026-08-05,31.71,30.32,31.78,30.29,35605035.0
2026-08-06,30.0,29.38,30.935,29.33,26697951.0
2026-08-07,29.94,31.13,31.34,29.68,32380697.0
2026-08-10,32.0,31.46,33.3856,31.425,56320400.0
2026-08-11,32.02,31.6,32.36,30.92,95520451.0
2026-08-12,34.99,37.61,38.15,33.9401,165736379.0
2026-08-13,38.28,39.16,42.31,38.2,122775704.0
2026-08-14,39.16,39.84,40.6,38.73,61990870.0
2026-08-17,39.31,38.28,39.51,37.68,55467039.0
2026-08-18,37.1,37.41,38.16,36.22,52260068.0
2026-08-19,37.15,36.58,37.685,35.72,35466176.0
2026-08-20,36.9,36.5,38.74,35.582,51286605.0
2026-08-21,37.155,37.24,37.67,36.42,36474341.0
2026-08-24,36.49,35.17,36.7,34.09,39934865.0
2026-08-25,36.13,38.46,38.6,36.01,48106902.0
2026-08-26,38.025,37.39,38.27,37.23,33723170.0
2026-08-27,38.69,38.46,39.47,37.48,41662108.0
2026-08-28,38.015,37.08,38.97,36.87,29132859.0
2026-08-31,36.535,37.28,37.59,36.12,22915018.0
2026-09-01,36.43,36.71,37.15,35.72,26862940.0
2026-09-02,37.65,37.0,37.88,35.63,33258780.0
2026-09-03,36.5,37.87,38.22,35.75,34436447.0
2026-09-04,38.16,39.59,40.91,37.92,53633172.0
2026-09-08,39.665,40.26,41.53,39.665,42400744.0
2026-09-09,40.005,38.93,40.18,38.835,31196990.0
2026-09-10,37.905,37.38,39.26,37.37,26771390.0
2026-09-11,37.76,40.1,40.45,37.56,46492731.0
