time_key,open,close,high,low,volume
2018-01-02,32.253562668,32.696149477,32.722183995,32.175459113,4983999.0
2018-01-03,33.190805323,33.294943395,33.381725123,33.060632732,6963207.0
2018-01-04,33.477185023,33.104023595,33.542271318,33.069310904,4876605.0
2018-01-05,33.451150504,33.94580635,34.04126625,33.364368777,5330763.0
2018-01-08,33.893737314,33.928450005,33.963162696,33.711495686,3538166.0
2018-01-09,33.971840868,33.702817514,33.980519041,33.65942665,5729886.0
2018-01-10,32.982529177,32.939138313,33.069310904,32.435804295,7102744.0
2018-01-11,32.869712932,32.70482765,33.025920041,32.635402268,5701803.0
2018-01-12,32.713505822,32.843678413,32.939138313,32.470516986,5028042.0
2018-01-16,33.555288577,33.746208377,33.846007364,33.381725123,9081596.0
2018-01-17,34.119369805,34.527243923,34.648738341,33.980519041,7117676.0
2018-01-18,35.160750532,35.776900796,36.019889633,34.848336314,11866214.0
2018-01-19,36.210809433,35.863682523,36.618683551,35.785578969,6543691.0
2018-01-22,37.017879497,37.34765006,37.365006406,36.96581046,8335803.0
2018-01-23,37.434431788,37.260868333,37.512535342,37.069948533,5659918.0
2018-01-24,36.705465278,36.436441924,36.731499796,36.367016542,7400619.0
2018-01-25,36.766212487,36.236843951,36.826959696,36.184774914,7655744.0
2018-01-26,36.58397086,36.77489066,36.792247006,36.176096742,7057308.0
2018-01-29,36.557936342,36.497189133,36.748856142,36.319286592,11604440.0
2018-01-30,35.776900796,36.045924151,36.176096742,35.62937186,10224612.0
2018-01-31,36.523223651,36.419085578,36.839976956,36.254200296,6333308.0
2018-02-01,36.436441924,36.540579996,36.957132287,36.410407405,6706450.0
2018-02-02,36.158740396,35.72483176,36.427763751,35.672762723,12051826.0
2018-02-05,35.325635814,34.371036814,35.985176942,34.249542396,11748286.0
2018-02-06,33.780921068,34.926439869,35.021899769,33.633392132,13414082.0
2018-02-07,34.405749505,33.442472332,34.405749505,33.442472332,15239465.0
2018-02-08,33.642070305,32.123390077,33.650748477,32.123390077,11356007.0
2018-02-09,32.453160641,33.08666725,33.264569791,31.776263168,10588441.0
2018-02-12,33.572644923,34.006553559,34.23218605,33.511897714,6573345.0
2018-02-13,34.015231732,33.876380968,34.119369805,33.442472332,5831887.0
2018-02-14,33.694139341,34.457818541,34.492531232,33.477185023,6860094.0
2018-02-15,34.865692659,34.865692659,35.065290632,34.197473359,6116541.0
2018-02-16,34.718163723,34.830979969,35.24753226,34.683451032,4792140.0
2018-02-20,34.483853059,35.05661246,35.421095714,34.414427678,9291660.0
2018-02-21,34.987187078,34.318967777,35.126037841,34.301611432,6612592.0
2018-02-22,34.128047977,33.885059141,34.188795187,33.702817514,7983977.0
2018-02-23,34.752876414,35.195463223,35.195463223,34.509887578,7204907.0
2018-02-26,35.377704851,35.638050032,35.638050032,35.10434241,3897607.0
2018-02-27,35.325635814,34.952474387,35.542590132,34.939457128,5999145.0
2018-02-28,34.99586525,34.718163723,35.204141396,34.666094687,6400130.0
2018-03-01,34.718163723,34.171438841,34.90040535,33.815633759,7792448.0
2018-03-02,33.885059141,34.42310585,34.453479455,33.676782995,4819615.0
2018-03-05,34.457818541,34.839658141,35.069629719,34.301611432,5977197.0
2018-03-06,35.577302823,34.883049005,35.62937186,34.787589105,8632022.0
2018-03-07,34.683451032,35.455808405,35.521762518,34.570634787,4482853.0
2018-03-08,35.542590132,35.108681496,35.620693687,34.926439869,7092396.0
2018-03-09,35.325635814,35.794257142,35.802935314,34.865692659,8336201.0
2018-03-12,35.967820596,36.340982024,36.449459183,35.933107905,5176080.0
2018-03-13,36.58397086,36.141384051,36.800925178,36.071958669,5842276.0
2018-03-14,36.523223651,36.280234814,36.540579996,35.998194201,4300486.0
2018-03-15,36.236843951,36.419085578,36.714143451,36.054602323,3942214.0
2018-03-16,36.150062224,36.124027705,36.601327205,36.089315014,8125628.0
2018-03-19,35.907073387,35.802935314,36.037245978,35.442791146,5116451.0
2018-03-20,35.889717042,36.002533287,36.071958669,35.733509932,6404225.0
2018-03-21,35.776900796,35.889717042,36.015550546,35.499199269,7036362.0
2018-03-22,35.369026678,35.013221596,35.603337342,35.013221596,6318484.0
2018-03-23,34.961152559,34.049944423,35.047934287,34.049944423,5923485.0
2018-03-26,35.117359669,35.516555614,35.525233787,34.570634787,5395299.0
2018-03-27,35.907073387,34.666094687,36.01121146,34.522904837,6994993.0
2018-03-28,34.397071332,34.145404323,34.561956614,33.924110918,8563120.0
2018-03-29,34.414427678,35.073968805,35.212819569,34.379714987,7758880.0
2018-04-02,34.70948555,33.980519041,34.926439869,33.911093659,6361231.0
2018-04-03,35.516555614,34.830979969,35.525233787,34.440462196,6174460.0
2018-04-04,33.867702796,35.230175914,35.230175914,33.85034645,5497422.0
2018-04-05,35.308279469,34.692129205,35.481842923,34.531583009,6115059.0
2018-04-06,34.310289605,33.911093659,34.561956614,33.772242895,5133141.0
2018-04-09,34.492531232,34.475174887,35.316957641,34.336324123,6696449.0
2018-04-10,35.169428705,34.917761696,35.473164751,34.436123109,5786914.0
2018-04-11,34.631381996,34.744198241,35.100003323,34.631381996,4788035.0
2018-04-12,34.700807378,35.15207236,35.15207236,34.457818541,7574742.0
2018-04-13,35.013221596,34.110691632,35.05661246,34.032588077,5749861.0
2018-04-16,34.249542396,34.301611432,34.42310585,34.13672615,5206940.0
2018-04-17,33.624713959,33.815633759,33.859024623,33.347012432,9831052.0
2018-04-18,33.633392132,33.477185023,33.772242895,32.861034759,8947352.0
2018-04-19,31.750228649,31.40310174,31.88040124,31.038618486,27526972.0
2018-04-20,31.264250977,30.899767722,31.411779913,30.786951476,15313274.0
2018-04-23,30.908445895,30.726204267,31.012583967,30.535284467,11178257.0
2018-04-24,30.977871276,30.726204267,31.125400213,30.335686494,13003961.0
2018-04-25,30.387755531,30.222870249,30.500571776,30.092697658,12359238.0
2018-04-26,30.144766694,30.222870249,30.556979899,30.144766694,7685776.0
2018-04-27,30.717526095,30.222870249,30.717526095,30.06666314,8276074.0
2018-04-30,30.674135231,30.465859085,30.804307822,30.40077279,7968006.0
2018-05-01,30.370399185,30.882411376,30.891089549,30.300973803,5506982.0
2018-05-02,30.596031676,29.858386994,30.596031676,29.771605267,11522180.0
2018-05-03,29.68482354,30.16212304,30.235887508,29.467869221,7021462.0
2018-05-04,30.075341313,30.587353504,30.648100713,30.023272276,9474019.0
2018-05-07,30.465859085,30.465859085,30.63942254,30.279278372,4590052.0
2018-05-08,30.92580224,31.099365695,31.268590063,30.891089549,8116627.0
2018-05-09,31.264250977,31.246894631,31.342354531,31.082009349,5861370.0
2018-05-10,31.437814431,31.611377886,31.698159613,31.320659099,7957866.0
2018-05-11,31.845688549,31.732872304,31.967182968,31.49856164,4184397.0
2018-05-14,31.923792104,31.767584995,32.283936272,31.706837786,5014043.0
2018-05-15,31.255572804,31.203503767,31.290285495,30.908445895,5622821.0
2018-05-16,31.290285495,31.628734231,31.659107836,31.181808336,7671542.0
2018-05-17,31.003905795,30.908445895,31.151434731,30.656778885,7964248.0
2018-05-18,30.483215431,30.439824567,30.552640813,30.318330149,7783854.0
2018-05-21,31.238216458,31.351032704,31.550630677,31.047296658,7902158.0
2018-05-22,31.351032704,31.49856164,31.628734231,31.333676358,5752013.0
2018-05-23,31.064653004,31.507239813,31.507239813,31.02126214,4815439.0
2018-05-24,31.264250977,31.177469249,31.333676358,30.752238785,7930841.0
2018-05-25,31.029940313,31.203503767,31.368389049,30.882411376,5403034.0
2018-05-29,30.500571776,30.214192076,30.561318985,30.097036744,7198184.0
2018-05-30,30.335686494,30.370399185,30.422468222,30.136088522,8413407.0
2018-05-31,30.361721013,30.682813404,30.821664167,30.327008322,8129402.0
2018-06-01,30.934480413,31.11672204,31.11672204,30.77254571,5969953.0
2018-06-04,31.680803268,31.78494134,31.806723554,31.524596158,8927244.0
2018-06-05,31.550630677,31.411779913,31.68948144,31.290285495,6345937.0
2018-06-06,31.680803268,31.429136258,31.750228649,31.429136258,9829721.0
2018-06-07,31.429136258,31.394423567,31.758906822,31.342354531,8216851.0
2018-06-08,31.082009349,30.882411376,31.082009349,30.526606294,8081251.0
2018-06-11,30.943158586,30.73488244,31.06899209,30.73488244,4511611.0
2018-06-12,31.055974831,31.11672204,31.255572804,30.921463154,6582572.0
2018-06-13,31.576665195,30.986549449,31.711176872,30.986549449,9616631.0
2018-06-14,30.969193104,30.596031676,31.003905795,30.596031676,7636002.0
2018-06-15,30.786951476,30.674135231,30.891089549,30.552640813,11235657.0
2018-06-18,30.344364667,30.292295631,30.387755531,29.936490549,8924151.0
2018-06-19,29.814996131,29.693501712,30.049306794,29.511260085,9848939.0
2018-06-20,30.370399185,30.379077358,30.583014417,30.084019485,8668618.0
2018-06-21,29.962525067,29.745570749,30.084019485,29.68482354,9246739.0
2018-06-22,30.309651976,30.179479385,30.344364667,30.049306794,10407382.0
2018-06-25,29.479885214,29.667216786,29.711819541,29.256871438,10528119.0
2018-06-26,29.506646867,29.62261403,29.836707255,29.310394744,8817159.0
2018-06-27,29.435282459,28.775161682,29.497726316,28.775161682,8798342.0
2018-06-28,28.766241131,29.158745376,29.158745376,28.632432865,7199048.0
2018-06-29,29.70289899,29.711819541,29.899151113,29.604772928,8091467.0
2018-07-02,29.399600254,29.693978439,29.720740092,29.247950887,7365505.0
2018-07-03,29.560170173,29.560170173,29.756422296,29.524487969,6512599.0
2018-07-05,29.569090724,29.738581194,29.747501745,29.426361907,9231130.0
2018-07-06,29.943753868,30.345178665,30.416543073,29.890230562,7260331.0
2018-07-09,30.880411727,30.844729523,31.027600819,30.616185005,7124209.0
2018-07-10,30.523589685,30.933935033,30.951776135,30.523589685,7211545.0
2018-07-11,30.398701971,30.077562133,30.416543073,30.015118276,7316218.0
2018-07-12,30.398701971,30.380860869,30.626176022,30.278274532,5275251.0
2018-07-13,30.586033543,30.791206217,30.81796787,30.532510236,4947684.0
2018-07-16,30.889332278,30.809047319,30.898252829,30.679699329,5399217.0
2018-07-17,30.550351339,31.032061095,31.103425503,30.416543073,6238488.0
2018-07-18,31.032061095,31.362121483,31.415644789,30.884872003,10532157.0
2018-07-19,32.28093824,32.610998629,33.128390589,31.552040015,17762344.0
2018-07-20,32.771568547,33.431689324,33.538735937,32.637760282,14481042.0
2018-07-23,33.511974284,33.440609875,33.6547031,33.342483814,6832856.0
2018-07-24,33.761749713,33.128390589,33.859875774,33.119470038,7018282.0
2018-07-25,33.253278304,33.574418141,33.583338692,33.057026181,7722415.0
2018-07-26,33.404927671,33.511974284,33.619020896,33.172993344,8476564.0
2018-07-27,33.619020896,34.073968999,34.488774623,33.619020896,9468457.0
2018-07-30,34.073968999,33.752829162,34.136412857,33.569957866,5174338.0
2018-07-31,33.90447853,33.859875774,34.189936163,33.752829162,4908316.0
2018-08-01,34.065048448,34.305903326,34.323744428,33.958001836,6115340.0
2018-08-02,33.761749713,34.16317451,34.25238002,33.672544203,4669358.0
2018-08-03,34.243459469,34.288062224,34.519996551,34.167634785,4575207.0
2018-08-06,33.850955223,33.73498806,34.047207346,33.668083927,7245800.0
2018-08-07,33.73498806,33.886637427,33.895557979,33.529815386,7494935.0
2018-08-08,34.172095061,34.537837653,34.662725368,34.073968999,5089555.0
2018-08-09,34.511076,34.42187049,34.515536276,34.279141673,4513334.0
2018-08-10,33.940160734,33.699305856,33.940160734,33.485212631,7053201.0
2018-08-13,33.39600712,33.413848222,33.663623651,33.199754997,6708559.0
2018-08-14,33.672544203,33.592259243,33.842034672,33.556577039,5339319.0
2018-08-15,33.181913895,33.181913895,33.271119406,32.883075435,6052813.0
2018-08-16,33.181913895,33.146231691,33.431689324,33.110549487,5544010.0
2018-08-17,32.949979568,32.896456262,32.972280946,32.593157527,7897279.0
2018-08-20,32.798330201,32.869694609,32.999042599,32.691283588,4156825.0
2018-08-21,33.110549487,33.574418141,33.703766131,33.101628936,6075469.0
2018-08-22,33.538735937,33.583338692,33.717146958,33.262198855,5512712.0
2018-08-23,33.940160734,33.387086569,33.984763489,33.387086569,4126100.0
2018-08-24,33.610100345,33.886637427,34.038286795,33.520894835,4231971.0
2018-08-27,34.056127897,34.145333408,34.305903326,34.002604591,5733031.0
2018-08-28,34.912500797,34.876818593,35.242561186,34.787613083,10683520.0
2018-08-29,35.62614488,36.464676678,36.687690454,35.53693937,12278199.0
2018-08-30,36.660928801,35.866999758,36.785816515,35.822397003,7826396.0
2018-08-31,35.563701023,35.991887473,36.000808024,35.420972206,8782907.0
2018-09-04,35.688588738,36.446835576,36.455756127,35.62614488,8174946.0
2018-09-05,36.428994474,36.544961637,36.857180924,36.366550617,7262563.0
2018-09-06,36.295186208,36.39331227,36.411153372,35.974224782,10424877.0
2018-09-07,36.348709515,37.133718006,37.454857843,36.330868412,14256084.0
2018-09-10,37.240764619,36.901783679,37.294287925,36.812578169,6824925.0
2018-09-11,36.027569677,36.839339822,36.857180924,35.969586095,12509668.0
2018-09-12,36.277345106,36.295186208,36.616326046,36.188139596,10303817.0
2018-09-13,36.339788963,35.840238105,36.339788963,35.697509289,9624463.0
2018-09-14,36.366550617,36.714452107,36.848260373,36.304106759,5295417.0
2018-09-17,36.018649126,36.13461629,36.473597229,35.874760638,6210327.0
2018-09-18,35.902681963,35.956205269,36.428994474,35.768873697,8814246.0
2018-09-19,36.527120535,36.366550617,36.69215073,36.116775187,6393206.0
2018-09-20,36.571723291,36.500358882,36.732293209,36.259504004,4727951.0
2018-09-21,36.571723291,36.402232821,36.709991832,36.366550617,6668649.0
2018-09-24,36.205980698,37.142638557,37.187241312,36.161377943,8229157.0
2018-09-25,37.062353598,36.500358882,37.158784754,36.464676678,6678269.0
2018-09-26,36.571723291,36.589564393,37.003031933,36.571723291,4564383.0
2018-09-27,36.883942577,37.026671394,37.445937292,36.866101475,6712091.0
2018-09-28,36.794737067,36.491438331,36.901783679,36.321947861,7727678.0
2018-10-01,36.839339822,36.937465883,37.205082414,36.723372658,5029837.0
2018-10-02,36.124982094,36.009728575,36.339788963,35.858079207,5440303.0
2018-10-03,36.384391719,36.31302731,36.562802739,35.96512582,5631207.0
2018-10-04,35.519098268,34.948183001,35.528018819,34.537837653,7885146.0
2018-10-05,34.457552694,34.234538918,34.627043164,33.819733295,7921383.0
2018-10-08,33.458450978,33.636861998,33.82419357,33.13731114,7761763.0
2018-10-09,33.672544203,33.583338692,33.940160734,33.297881059,5679127.0
2018-10-10,33.092708385,32.200653281,33.172993344,32.200653281,12853511.0
2018-10-11,31.442406443,31.834910688,32.423667057,31.290757075,10209134.0
2018-10-12,32.905376813,32.477190363,33.293420783,32.057924464,7578911.0
2018-10-15,32.307699893,31.665420219,32.414746506,31.638658565,8208953.0
2018-10-16,32.637760282,32.78940965,32.829552129,32.245256036,10748152.0
2018-10-17,32.780489099,32.396905404,32.860774058,32.049003913,8173649.0
2018-10-18,32.602078078,31.478088647,32.735886343,31.402263963,9555582.0
2018-10-19,32.031162811,31.397803687,32.173891628,31.299677626,11266228.0
2018-10-22,32.057924464,31.638658565,32.093606668,31.478088647,8165672.0
2018-10-23,30.47898693,30.996378891,31.156948809,30.336258114,12349962.0
2018-10-24,30.603874645,29.640455132,30.603874645,29.595852377,13312718.0
2018-10-25,29.908071664,30.452225277,30.594954094,29.649375683,9927283.0
2018-10-26,29.70289899,29.809945602,30.363019767,29.337156397,11973228.0
2018-10-29,30.255973154,29.506646867,30.470066379,29.185507029,8269528.0
2018-10-30,29.96159497,30.800126768,30.81796787,29.809945602,12106392.0
2018-10-31,31.611896912,31.085584401,31.879513443,31.023140544,12610907.0
2018-11-01,31.692181872,31.93303675,31.959798403,31.344280381,14348581.0
2018-11-02,32.049003913,31.692181872,32.32108072,31.379962585,9736505.0
2018-11-05,31.638658565,31.42456534,31.727864076,31.272915973,8591862.0
2018-11-06,31.442406443,31.647579116,31.754625729,31.371042034,8578097.0
2018-11-07,32.147129975,32.049003913,32.156050526,31.638658565,6568768.0
2018-11-08,31.701102423,31.620817463,31.941957301,31.611896912,7953651.0
2018-11-09,31.07666385,31.058822748,31.344280381,30.826888421,5975376.0
2018-11-12,30.871491176,30.157847093,30.925014482,30.113244338,11666706.0
2018-11-13,30.452225277,30.461145828,31.103425503,30.318417011,15057118.0
2018-11-14,31.174789911,30.853650074,31.299677626,30.434384175,10404893.0
2018-11-15,31.058822748,31.460247545,31.5048503,30.898252829,10840370.0
2018-11-16,30.166767644,29.988356623,30.282734807,29.801025051,16382423.0
2018-11-19,29.783183949,29.256871438,29.818866153,29.179708671,15191679.0
2018-11-20,28.67703562,28.891128845,29.203348131,28.516465701,11673471.0
2018-11-21,29.586931826,29.36391805,29.854548357,29.332696122,7013073.0
2018-11-23,29.060619315,29.176586478,29.390679703,28.989254907,2320492.0
2018-11-26,29.845627806,29.96159497,30.00173745,29.631534581,7077608.0
2018-11-27,29.560170173,29.925912766,29.943753868,29.560170173,6870309.0
2018-11-28,30.345178665,31.005299442,31.014219993,30.166767644,8380230.0
2018-11-29,30.951776135,30.933935033,31.326439279,30.880411727,7056653.0
2018-11-30,30.318417011,30.630636298,30.639556849,30.175688195,8734425.0
2018-12-03,31.727864076,31.647579116,31.888433995,31.33535983,7455797.0
2018-12-04,31.469168096,30.496828032,31.692181872,30.487907481,13321361.0
2018-12-06,28.944652151,29.979436072,29.979436072,28.864367192,12075830.0
2018-12-07,29.7921045,29.676137337,30.046340205,29.332696122,10802713.0
2018-12-10,29.488805765,29.595852377,29.952674419,29.281848981,12439158.0
2018-12-11,30.318417011,29.836707255,30.416543073,29.48015283,8635840.0
2018-12-12,30.6484774,30.443304726,30.728762359,30.345178665,8405361.0
2018-12-13,30.541430787,30.398701971,30.693080155,30.273814256,5825943.0
2018-12-14,29.925912766,29.685057888,30.202449848,29.685057888,5969705.0
2018-12-17,29.774263398,29.408520805,30.05080048,29.314855019,10733264.0
2018-12-18,29.756422296,29.890230562,30.104323787,29.756422296,7100418.0
2018-12-19,29.765342847,29.417441356,30.34963894,29.301474193,11786466.0
2018-12-20,29.578011275,29.10522207,29.877384968,28.801923335,12540408.0
2018-12-21,29.783183949,28.953572702,30.041879929,28.900049396,16981253.0
2018-12-24,28.819764437,28.578909559,29.114142621,28.561068457,6288545.0
2018-12-26,28.614591763,29.890230562,29.899151113,28.614591763,10063418.0
2018-12-27,29.390679703,29.908071664,29.925912766,29.172126203,8688645.0
2018-12-28,30.22029095,30.229211501,30.710921257,30.122164889,7368997.0
2018-12-31,30.487907481,30.024038827,30.626176022,29.899151113,4600602.0
2019-01-02,29.390679703,29.676137337,29.881310011,29.212268683,5273146.0
2019-01-03,28.623512314,27.749298312,28.784082233,27.669905408,15998006.0
2019-01-04,27.838503822,28.293451925,28.351435507,27.619504294,14178232.0
2019-01-07,28.32913413,28.525386252,28.739479477,28.293451925,6850767.0
2019-01-08,28.41833964,28.266690272,28.480783497,27.999073741,11462595.0
2019-01-09,28.614591763,28.864367192,29.176586478,28.614591763,11770519.0
2019-01-10,28.730558926,29.586931826,29.640455132,28.67703562,7894616.0
2019-01-11,29.613693479,29.756422296,29.899151113,29.421901632,7232991.0
2019-01-14,29.328235846,28.998175458,29.381759152,28.962493253,6146255.0
2019-01-15,29.247950887,29.247950887,29.417441356,29.033857662,10165839.0
2019-01-16,29.123063172,28.891128845,29.239030336,28.891128845,8727353.0
2019-01-17,28.24884917,29.470964663,29.70289899,28.168564211,21917216.0
2019-01-18,29.426361907,29.96159497,30.113244338,29.354997499,12905926.0
2019-01-22,29.658296235,29.542329071,29.890230562,29.301474193,13381677.0
2019-01-23,29.685057888,29.649375683,29.867929184,29.426361907,13918777.0
2019-01-24,29.997277174,30.675239053,30.675239053,29.908071664,14094127.0
2019-01-25,30.996378891,31.121266605,31.228313218,30.889332278,16763721.0
2019-01-28,30.032959378,30.496828032,30.693080155,30.015118276,14086534.0
2019-01-29,30.363019767,29.506646867,30.363019767,29.479885214,10101047.0
2019-01-30,29.934833317,30.443304726,30.505748583,29.470964663,9281569.0
2019-01-31,30.380860869,30.657397951,31.085584401,30.380860869,7633398.0
2019-02-01,30.773365115,30.612795196,30.880411727,30.496828032,6438407.0
2019-02-04,30.550351339,30.942855584,31.005299442,30.443304726,7283766.0
2019-02-05,30.925014482,31.219392667,31.237233769,30.889332278,7314024.0
2019-02-06,31.371042034,31.656499667,31.727864076,31.272915973,8795506.0
2019-02-07,31.326439279,31.103425503,31.406724238,30.840269247,7916235.0
2019-02-08,30.73768291,30.809047319,30.925014482,30.550351339,7147158.0
2019-02-11,30.925014482,31.255074871,31.255074871,30.844729523,8860663.0
2019-02-12,31.567294157,31.567294157,31.678801045,31.384422861,8831206.0
2019-02-13,31.326439279,31.112346054,31.42456534,31.040981646,7155553.0
2019-02-14,30.925014482,31.049902197,31.183710462,30.782285666,7782795.0
2019-02-15,30.916093931,31.07666385,31.24615432,30.880411727,6257553.0
2019-02-19,31.192631013,31.406724238,31.585135259,31.090044676,8105692.0
2019-02-20,31.825990137,31.888433995,32.343382098,31.790307933,7178581.0
2019-02-21,31.950877852,31.870592892,32.049003913,31.710022974,4607292.0
2019-02-22,31.995480607,32.236335485,32.254176587,31.959798403,5117948.0
2019-02-25,32.664521935,32.405825955,32.704664415,32.312160169,5101495.0
2019-02-26,32.254176587,32.423667057,32.481650639,32.227414934,5587317.0
2019-02-27,32.343382098,32.289858791,32.41028623,31.941957301,8194927.0
2019-02-28,31.995480607,31.93303675,32.147129975,31.888433995,5705056.0
2019-03-01,32.209573832,32.236335485,32.352302649,32.06238474,5299224.0
2019-03-04,32.182812179,32.02224226,32.182812179,31.629738014,7081092.0
2019-03-05,31.843831239,31.906275097,32.093606668,31.585135259,7192605.0
2019-03-06,31.941957301,31.701102423,32.084686117,31.692181872,4433407.0
2019-03-07,31.683261321,31.558373606,31.781387382,31.326439279,4231307.0
2019-03-08,30.951776135,31.174789911,31.33535983,30.942855584,5066169.0
2019-03-11,31.201551564,31.567294157,31.611896912,31.174789911,6005422.0
2019-03-12,31.93303675,31.799228484,32.040083362,31.76354628,5580175.0
2019-03-13,32.084686117,32.075765566,32.276477965,31.906275097,6086456.0
2019-03-14,31.888433995,31.727864076,31.93303675,31.652039392,4935032.0
2019-03-15,32.254176587,32.468269812,32.842932956,32.254176587,8871307.0
2019-03-18,32.655601384,32.646680833,32.762647996,32.459349261,6290868.0
2019-03-19,32.762647996,32.566395874,32.851853507,32.423667057,8033561.0
2019-03-20,32.575316425,32.646680833,32.914297364,32.459349261,5394019.0
2019-03-21,33.003502875,33.708226407,33.886637427,32.976741221,6509703.0
2019-03-22,33.529815386,33.164072793,33.689314838,33.083787834,6759220.0
2019-03-25,32.780489099,32.70912469,33.190834446,32.575316425,4901898.0
2019-03-26,32.87861516,33.13731114,33.342483814,32.842932956,5573519.0
2019-03-27,32.949979568,32.958900119,33.012423426,32.602078078,7660259.0
2019-03-28,32.994582323,33.083787834,33.262198855,32.958900119,6632731.0
2019-03-29,33.511974284,33.636861998,33.712686682,33.311261885,6116275.0
2019-04-01,33.739448335,34.002604591,34.002604591,33.445070151,6834247.0
2019-04-02,33.833114121,33.913399081,33.99368404,33.672544203,5580175.0
2019-04-03,34.207777265,34.377267735,34.528917102,34.127492306,6821111.0
2019-04-04,34.323744428,34.600281511,34.725169225,34.25238002,7610282.0
2019-04-05,34.867898042,34.76977198,34.867898042,34.613662337,4430552.0
2019-04-08,34.778692531,34.912500797,34.997246032,34.635963715,6830320.0
2019-04-09,34.778692531,34.751930878,34.832215838,34.586900684,5049921.0
2019-04-10,34.796533634,34.894659695,35.010626859,34.725169225,4040323.0
2019-04-11,34.644884266,34.653804817,34.743010327,34.515536276,5172154.0
2019-04-12,34.983865205,35.081991267,35.144435124,34.814374736,6555695.0
2019-04-15,35.081991267,35.10875292,35.251481737,34.974944654,5274352.0
2019-04-16,35.305005043,35.465574962,35.528018819,35.233640635,6639295.0
2019-04-17,36.259504004,36.696611005,36.759054862,36.2238218,15795715.0
2019-04-18,36.402232821,37.59758666,37.811679885,36.348709515,16569844.0
2019-04-22,37.053433047,37.374572884,37.383493435,36.875022026,10872419.0
2019-04-23,37.374572884,37.615427762,37.615427762,37.294287925,11437537.0
2019-04-24,37.312129027,37.606507211,37.76707713,37.187241312,10777150.0
2019-04-25,37.178320761,36.776895964,37.276446823,36.732293209,10149965.0
2019-04-26,36.036490228,36.295186208,36.348709515,35.742112044,12745003.0
2019-04-29,36.214901249,36.197060147,36.277345106,35.969586095,9272099.0
2019-04-30,35.813476452,36.188139596,36.295186208,35.684128462,11863889.0
2019-05-01,36.607405495,36.188139596,36.843800097,36.188139596,7319021.0
2019-05-02,36.2238218,36.705531556,36.763515138,36.125695739,10717293.0
2019-05-03,37.178320761,36.982068638,37.365652333,36.848349578,5479939.0
2019-05-06,35.742112044,36.13461629,36.188139596,35.643985982,10756392.0
2019-05-07,36.197060147,36.13461629,36.39331227,35.715350391,10225163.0
2019-05-08,35.920523065,36.081092983,36.348709515,35.866999758,8112550.0
2019-05-09,35.385290002,35.679668187,35.719810666,34.814374736,11229555.0
2019-05-10,35.331766696,35.305005043,35.53693937,34.734089776,8314005.0
2019-05-13,34.002604591,33.663623651,34.127492306,33.4361496,11046001.0
2019-05-14,34.198856714,34.537837653,34.635963715,34.029366244,7107844.0
2019-05-15,34.16317451,34.537837653,34.858977491,34.08288955,5347893.0
2019-05-16,34.234538918,34.145333408,34.243459469,33.868796325,9214675.0
2019-05-17,33.128390589,33.003502875,33.627941447,32.860774058,11270975.0
2019-05-20,32.111447771,31.585135259,32.156050526,31.460247545,13979652.0
2019-05-21,32.02224226,32.156050526,32.19173273,31.585135259,11806402.0
2019-05-22,32.066845015,31.799228484,32.236335485,31.785847658,12217584.0
2019-05-23,30.978537788,31.058822748,31.156948809,30.470066379,14709113.0
2019-05-24,31.371042034,31.174789911,31.656499667,31.16586936,10540670.0
2019-05-28,31.112346054,30.684159604,31.174789911,30.684159604,12484718.0
2019-05-29,30.514669134,30.719841808,30.773365115,30.264893705,13042994.0
2019-05-30,30.951776135,31.032061095,31.325279607,30.853650074,7351714.0
2019-05-31,31.237233769,31.308598177,31.861672341,31.21912505,9302893.0
2019-06-03,31.85275179,31.727864076,31.968718954,31.585135259,9618285.0
2019-06-04,31.567294157,31.941957301,31.977639505,31.371042034,6985615.0
2019-06-05,32.102527219,31.201551564,32.120368322,31.085584401,8220145.0
2019-06-06,31.156948809,31.388883136,31.522691402,30.920554207,6233956.0
2019-06-07,31.656499667,31.727864076,31.888433995,31.495929749,4457237.0
2019-06-10,32.325540995,32.441508159,32.893423275,32.289858791,8351793.0
2019-06-11,33.199754997,32.744806894,33.315722161,32.726965792,6100708.0
2019-06-12,32.780489099,32.298779342,32.949979568,32.289858791,6163222.0
2019-06-13,32.441508159,32.289858791,32.441508159,31.919655923,6646766.0
2019-06-14,31.558373606,30.853650074,31.620817463,30.844729523,11281546.0
2019-06-17,30.925014482,30.693080155,31.040981646,30.693080155,6500741.0
2019-06-18,31.237233769,32.075765566,32.258636863,31.192631013,12303214.0
2019-06-19,32.726965792,32.245256036,32.744806894,32.156050526,10217607.0
2019-06-20,33.181913895,33.235437202,33.422768773,32.900916538,10400416.0
2019-06-21,33.244357753,33.244357753,33.400467396,33.155152242,12766296.0
2019-06-24,33.297494452,33.681813664,33.76416778,33.183113735,6570962.0
2019-06-25,33.260892623,32.711865178,33.260892623,32.702714721,6790520.0
2019-06-26,33.132786219,32.858272497,33.132786219,32.766767923,9133326.0
2019-06-27,33.315795367,33.324945825,33.480503601,33.050432102,11375159.0
2019-06-28,33.453052228,32.940626613,33.453052228,32.894874326,7039976.0
2019-07-01,35.10928502,34.962877701,35.438701486,34.752417181,11085423.0
2019-07-02,34.78901901,34.432151171,34.898824499,34.377248427,4446016.0
2019-07-03,34.020380588,34.002079673,34.038681503,33.709265036,3125012.0
2019-07-05,33.576583403,33.636061377,33.791619153,33.366122883,3149470.0
2019-07-08,33.30664491,33.077883475,33.416450399,33.009255044,6772262.0
2019-07-09,33.379848569,33.398149484,33.709265036,33.169388049,6576968.0
2019-07-10,34.459602544,34.349797055,34.743266723,34.198814507,7944982.0
2019-07-11,34.743266723,34.523655745,34.784443782,34.459602544,6126560.0
2019-07-12,34.715815351,34.82562084,34.86222267,34.450452086,4695815.0
2019-07-15,35.301444625,35.365497827,35.466152859,35.219090509,5784301.0
2019-07-16,35.347196912,35.31974554,35.484453773,35.136736392,6529518.0
2019-07-17,35.237391423,35.191639136,35.447851944,35.090984105,5514566.0
2019-07-18,36.006029846,36.619110492,36.655712322,35.81387024,11262042.0
2019-07-19,36.518455461,37.204739767,37.378598457,36.509305003,11439126.0
2019-07-22,37.543306691,37.909324987,38.165537795,37.479253489,10035911.0
2019-07-23,37.854422243,37.744616754,37.891024072,37.575333292,6565784.0
2019-07-24,37.817820413,37.854422243,37.936776359,37.57990852,7130494.0
2019-07-25,37.552457148,37.012580161,37.57990852,37.012580161,6594076.0
2019-07-26,37.113235192,36.866172842,37.259642511,36.792969183,4398967.0
2019-07-29,36.921075587,37.305394798,37.314545255,36.811270098,4138649.0
2019-07-30,36.811270098,36.545906833,36.811270098,36.230216052,4938490.0
2019-07-31,36.472703174,36.106684877,36.600809577,35.575958348,7592285.0
2019-08-01,36.216490366,35.411250114,36.80211964,35.164187764,9662848.0
2019-08-02,34.752417181,35.209940051,35.324320769,34.619735548,9316972.0
2019-08-05,34.075283332,33.581158632,34.171363135,33.498804515,6668437.0
2019-08-06,34.779868553,34.853072212,35.081833647,34.514505288,8667763.0
2019-08-07,34.660912607,34.853072212,35.026930903,34.432151171,5484674.0
2019-08-08,35.392949199,35.438701486,35.694914294,35.301444625,7795872.0
2019-08-09,35.155037307,34.990329073,35.264842796,34.61516032,3480493.0
2019-08-12,34.660912607,34.57855849,34.86222267,34.477903458,2652644.0
2019-08-13,34.276593395,35.383798742,35.521055603,34.203389736,7834553.0
2019-08-14,34.477903458,34.093584247,34.697514436,33.928876014,9622124.0
2019-08-15,34.04783196,34.487053916,34.606009862,34.01123013,7690100.0
2019-08-16,34.779868553,35.10928502,35.28314371,34.752417181,4845662.0
2019-08-19,35.676613379,35.328895997,35.722365666,35.209940051,3797555.0
2019-08-20,35.530206061,35.475303316,35.731516124,35.269418024,7540304.0
2019-08-21,35.905374814,36.06093259,36.111260106,35.795569325,3914624.0
2019-08-22,35.887073899,35.649162007,35.974003245,35.278568482,3145644.0
2019-08-23,35.475303316,34.569408032,35.667462922,34.487053916,7526853.0
2019-08-26,34.953727244,34.926275871,35.118435477,34.734116266,5519272.0
2019-08-27,35.118435477,34.935426329,35.232816195,34.857647441,4192830.0
2019-08-28,34.907974957,35.209940051,35.31974554,34.660912607,3586256.0
2019-08-29,35.841321612,35.786418868,36.047206904,35.740666581,5171590.0
2019-08-30,36.179888537,36.106684877,36.34459677,35.859622527,5382157.0
2019-09-03,35.667462922,35.273993253,35.676613379,35.141311621,4748058.0
2019-09-04,36.088383963,36.582508663,36.582508663,35.887073899,4465601.0
2019-09-05,37.140686565,37.57990852,37.82697087,37.140686565,7701277.0
2019-09-06,37.360297543,37.094934278,37.392324143,37.076633363,4325317.0
2019-09-09,37.277943426,37.223040681,37.433501202,36.939376502,4677018.0
2019-09-10,36.994279246,37.451802117,37.451802117,36.774668268,5001631.0
2019-09-11,37.277943426,37.561607606,37.607359893,37.213890224,4016804.0
2019-09-12,37.625660807,37.424350744,37.781218583,37.296244341,6577939.0
2019-09-13,37.753767211,38.037431391,38.119785508,37.534156233,6231092.0
2019-09-16,37.845271785,37.909324987,38.037431391,37.808669956,3716348.0
2019-09-17,37.61651035,38.39429923,38.412600145,37.552457148,6142089.0
2019-09-18,38.430901059,38.311945113,38.458352432,37.918475445,4058572.0
2019-09-19,38.326816843,38.418844816,38.713334329,38.291109989,6624219.0
2019-09-20,38.299208451,37.470956694,38.418844816,37.470956694,7397674.0
2019-09-23,37.75624341,37.65501264,37.85747418,37.452551099,5001199.0
2019-09-24,37.958704951,37.701026626,38.09674691,37.645809842,8028837.0
2019-09-25,37.774649005,38.520075586,38.598299363,37.590593059,6824277.0
2019-09-26,38.602900762,39.854481194,39.900495181,38.602900762,15880039.0
2019-09-27,39.431152519,38.980215451,39.872886789,38.685725937,9610481.0
2019-09-30,39.955711965,39.872886789,40.112159519,39.541586086,8476888.0
2019-10-01,40.314621059,40.526285397,41.129436732,40.314621059,11602857.0
2019-10-02,40.084551127,39.826872802,40.296215465,39.734844829,5793629.0
2019-10-03,39.845278397,40.471068613,40.480271411,39.652019654,6209909.0
2019-10-04,40.37904064,40.737949735,40.765558127,40.148970708,5718513.0
2019-10-07,41.023236451,41.225697992,41.405152539,40.747152532,11410325.0
2019-10-08,41.510984708,41.142872816,41.639823871,40.903600087,13178352.0
2019-10-09,41.455767925,41.897502195,42.242607094,41.428159533,11489335.0
2019-10-10,42.109166533,42.127572127,42.550900803,41.722649046,9574122.0
2019-10-11,42.606117587,42.578509195,42.919012695,42.495684019,7516840.0
2019-10-14,42.578509195,43.029446263,43.231907803,42.468075628,7994730.0
2019-10-15,43.296327385,43.471180533,43.701250466,43.213502209,9631042.0
2019-10-16,43.425166547,43.231907803,44.152187533,43.179451859,13711820.0
2019-10-17,44.161390331,42.882201506,44.225809912,42.431264438,12420079.0
2019-10-18,42.790173533,42.449670033,43.195096614,42.309143318,9169558.0
2019-10-21,42.679739965,43.112271439,43.213502209,42.495684019,6879537.0
2019-10-22,43.388355358,43.701250466,43.876103614,43.27792179,10723621.0
2019-10-23,43.204299412,43.268718993,43.480383331,43.03864906,7131046.0
2019-10-24,43.563208506,43.986537182,44.078565155,43.323935776,7018900.0
2019-10-25,43.848495223,44.152187533,44.244215506,43.747264452,6303865.0
2019-10-28,44.400663061,44.317837885,44.46968404,44.078565155,7725478.0
2019-10-29,44.492691034,44.465082642,44.805586142,44.43747425,5309253.0
2019-10-30,44.759572155,44.870005723,45.008047682,44.552509216,5199387.0
2019-10-31,44.851600128,44.612327398,44.888411317,44.354649074,5140841.0
2019-11-01,44.851600128,45.044858872,45.044858872,44.680428098,5227429.0
2019-11-04,46.37926448,46.324047696,46.600131615,45.983544196,7659725.0
2019-11-05,46.452886858,46.37926448,46.765781967,46.324047696,5290491.0
2019-11-06,46.51730644,46.462089656,46.563320426,45.965138602,4545554.0
2019-11-07,46.701362386,46.489698048,47.133893859,46.351656088,7892278.0
2019-11-08,46.360858885,45.716663074,46.360858885,45.440579155,6560936.0
2019-11-11,45.311739993,45.504998737,45.643040696,45.100075655,4047212.0
2019-11-12,45.587823912,45.090872858,45.587823912,44.98043929,8625255.0
2019-11-13,45.486593142,45.762677061,45.817893845,45.090872858,5368182.0
2019-11-14,45.412970764,45.394565169,45.624635101,45.072467263,5308889.0
2019-11-15,45.882313426,46.13999175,46.232019723,45.762677061,5986568.0
2019-11-18,46.232019723,46.259628115,46.751977771,46.232019723,4777785.0
2019-11-19,46.839404345,46.572523223,46.922229521,46.494299446,4731129.0
2019-11-20,46.37926448,46.333250494,46.590928818,46.061767973,5267448.0
2019-11-21,46.333250494,45.854705034,46.342453291,45.817893845,6036964.0
2019-11-22,45.79948825,45.679851885,46.020355385,45.6292365,4172254.0
2019-11-25,45.955935804,46.572523223,46.738173575,45.689054683,5021560.0
2019-11-26,46.333250494,46.452886858,46.597462804,46.218215527,5672986.0
2019-11-27,46.82099875,46.692159588,46.848607142,46.370061683,2786779.0
2019-11-29,45.928327412,45.955935804,46.020355385,45.689054683,3391746.0
2019-12-02,46.37926448,45.854705034,46.416075669,45.670649088,4476987.0
2019-12-03,45.339348385,45.670649088,45.804089649,45.11848125,5516589.0
2019-12-04,46.121586156,46.03876098,46.397670075,45.974341399,3905249.0
2019-12-05,46.443684061,47.161502251,47.290341413,46.324047696,7625018.0
2019-12-06,47.253530224,47.658453305,47.74127848,47.253530224,5429134.0
2019-12-09,47.759684075,47.216719034,47.888523237,47.087879872,6642291.0
2019-12-10,47.419180575,47.271935818,47.768886872,47.100027565,4365729.0
2019-12-11,47.750481278,48.541921846,48.818005765,47.74127848,11028464.0
2019-12-12,49.784299481,51.035879914,51.045082711,49.572635143,15792447.0
2019-12-13,51.440802995,50.704579211,51.873334468,50.704579211,9887344.0
2019-12-16,50.7413904,50.971460333,51.11870509,50.7413904,5783448.0
2019-12-17,52.048187617,51.606453346,52.048187617,51.192327468,8408601.0
2019-12-18,51.946956847,51.486816982,51.983768036,51.132509285,10022635.0
2019-12-19,51.236338265,50.736602388,51.236338265,50.662567443,7232143.0
2019-12-20,50.570023763,50.708839284,51.051250903,50.14432283,8044657.0
2019-12-23,50.801382965,50.977215958,51.088268376,50.72734802,4022901.0
2019-12-24,50.764365492,50.551515026,50.856909173,50.352546112,2692204.0
2019-12-26,50.588532499,51.004979063,51.097522744,50.551515026,2492163.0
2019-12-27,51.264101369,51.199320793,51.430679995,51.074386823,2847974.0
2019-12-30,51.384408154,50.634804339,51.412171259,50.421953873,3519922.0
2019-12-31,50.477480082,50.866163541,50.893926646,50.273883984,2950466.0
2020-01-02,52.254318755,52.661510951,52.735545896,52.254318755,8377256.0
2020-01-03,51.671293565,50.829146069,51.680547933,50.810637333,10547692.0
2020-01-06,50.403445137,50.209103407,50.48673445,49.968489837,8899372.0
2020-01-07,50.264629616,51.069759639,51.328881946,49.607569481,7508566.0
2020-01-08,50.949452854,51.467697467,51.680547933,50.875417909,5385681.0
2020-01-09,52.337608068,51.911907136,52.35148962,51.416798443,5113099.0
2020-01-10,52.346862436,51.569495516,52.346862436,51.486206203,4808160.0
2020-01-13,52.763309,52.680019687,52.772563368,52.115503234,6617314.0
2020-01-14,52.772563368,52.920633257,53.216773036,52.550458534,6719190.0
2020-01-15,52.319099332,51.134540216,52.346862436,51.014233431,10075111.0
2020-01-16,51.884144031,51.467697467,52.337608068,51.054027214,11215740.0
2020-01-17,51.365899418,51.31037321,51.467697467,50.782874229,8125689.0
2020-01-21,50.764365492,50.995724695,51.694429485,50.283138352,9873708.0
2020-01-22,51.606512989,51.097522744,51.643530461,51.065132455,8124475.0
2020-01-23,50.644058707,50.29239272,50.838400437,49.49188988,9999164.0
2020-01-24,50.856909173,50.523751922,50.903181014,50.2692568,10402164.0
2020-01-27,48.571080255,48.237923004,48.913491874,48.052835642,9675548.0
2020-01-28,48.672878304,49.931472364,49.959235469,48.441519102,8124413.0
2020-01-29,50.329410192,50.024016045,50.329410192,49.70936753,7693913.0
2020-01-30,48.071344378,48.737658881,48.955136531,48.052835642,10295686.0
2020-01-31,48.395247261,47.016346416,48.441519102,46.701697901,13467191.0
2020-02-03,47.395775508,47.784458967,47.937156041,47.201433778,9595962.0
2020-02-04,49.774148107,50.329410192,50.435835425,49.755639371,12746636.0
2020-02-05,50.866163541,50.699584916,50.912435382,50.006802921,6594437.0
2020-02-06,51.023487799,50.792128597,51.032742167,50.102678174,4236307.0
2020-02-07,49.977744205,49.107833604,49.977744205,48.978550082,6808673.0
2020-02-10,49.329938438,49.866691788,49.894454892,49.237394758,4281235.0
2020-02-11,50.72734802,51.384408154,51.606512989,50.597786867,6523223.0
2020-02-12,51.930415872,52.282081859,52.393134276,51.606512989,5962850.0
2020-02-13,51.819363455,52.004450816,52.346862436,51.453815915,6460063.0
2020-02-14,51.717565406,50.949452854,51.856380927,50.653313075,6932372.0
2020-02-18,49.015289923,49.089324868,49.440990856,48.580334623,10994088.0
2020-02-19,50.079542254,50.440462609,50.718093652,49.848183052,7866300.0
2020-02-20,49.792656843,49.366955911,49.885200524,48.746913249,7192924.0
2020-02-21,49.524280168,48.543317151,49.524280168,48.47390939,6820252.0
2020-02-24,46.65542606,47.182925042,47.710424023,46.313014441,9968754.0
2020-02-25,48.30270358,46.942311471,48.432264734,46.914548367,12670736.0
2020-02-26,47.525336661,48.025072538,48.376738525,47.423538612,10971115.0
2020-02-27,47.256959986,46.41481249,47.62713471,46.396303754,11878851.0
2020-02-28,44.619465081,46.923802735,47.118144465,44.295562198,13607675.0
2020-03-02,47.414284244,48.904237506,48.932000611,46.914548367,13797723.0
2020-03-03,49.200377285,47.886257016,49.265157862,47.108890097,14661842.0
2020-03-04,48.894983138,49.922217996,49.931472364,48.506299678,9878176.0
2020-03-05,49.024544291,48.672878304,49.283666598,48.228668636,10004227.0
2020-03-06,47.62713471,48.06209001,48.071344378,47.04410952,12971193.0
2020-03-09,44.804552442,45.063674749,47.201433778,44.351088406,13781100.0
2020-03-10,46.80349595,47.543845397,47.645643446,45.674463043,11698751.0
2020-03-11,46.248233864,45.443103841,46.664680429,45.304288319,14499281.0
2020-03-12,43.055476873,42.157803169,44.286307829,41.991224543,15942229.0
2020-03-13,45.128455326,45.433849473,45.646699939,42.713065254,14948742.0
2020-03-16,39.983026668,38.650397663,41.843154654,38.650397663,16628221.0
2020-03-17,39.43701895,42.018987647,42.037496384,38.770704448,13415692.0
2020-03-18,37.632417173,38.159916154,39.750742029,37.132681296,15018457.0
2020-03-19,37.88084143,38.019656952,39.213470435,36.918387149,11182574.0
2020-03-20,41.841710973,38.611936509,42.082324543,38.565664669,14157668.0
2020-03-23,39.157944227,39.28750538,39.606781079,37.677245332,10508636.0
2020-03-24,41.823202237,42.62833226,42.674604101,41.360483832,12216213.0
2020-03-25,43.026270088,42.748639046,43.720347695,41.869474077,9796557.0
2020-03-26,42.841182726,43.553769069,44.099776787,42.674604101,10586127.0
2020-03-27,41.110615894,40.814476115,41.901864365,40.444301391,12158470.0
2020-03-30,41.064344053,41.656623611,41.971272126,40.684914961,8428670.0
2020-03-31,41.638114875,41.628860507,42.77640215,41.508553721,9595702.0
2020-04-01,40.74044117,40.444301391,41.416010041,40.249959661,8755264.0
2020-04-02,40.823730483,41.943509022,42.026798334,40.536845072,6174849.0
2020-04-03,41.628860507,40.953291636,41.962017758,40.69416933,5486218.0
2020-04-06,42.406227426,43.64631275,43.766619535,42.295175009,7370313.0
2020-04-07,44.867889338,43.414953548,44.895652442,43.359427339,6569106.0
2020-04-08,43.868417584,43.923943793,44.22933794,43.248374922,6325869.0
2020-04-09,43.933198161,42.128596383,44.280236964,41.56407993,12279621.0
2020-04-13,42.508025475,42.517279843,42.831928358,41.786184764,9873226.0
2020-04-14,43.674075855,44.257101044,44.849380602,43.630580324,11068762.0
2020-04-15,43.45197102,43.359427339,43.64631275,42.785656518,9398059.0
2020-04-16,45.349116479,45.895124196,46.579947435,45.22418251,18615873.0
2020-04-17,47.496129876,47.08893768,47.551656084,46.445759097,11288528.0
2020-04-20,46.450386282,46.07095719,47.212020775,46.043194086,9901710.0
2020-04-21,45.154774749,44.941924283,45.349116479,44.155302995,13102501.0
2020-04-22,45.969159141,46.404114441,46.55218433,45.904378564,8256019.0
2020-04-23,46.274553288,46.11722903,46.570693067,45.765563043,7619941.0
2020-04-24,46.080211558,46.200518343,46.348588233,45.524949473,5701920.0
2020-04-27,46.589201803,46.922359054,47.144463888,46.422623177,5812250.0
2020-04-28,46.922359054,46.228281447,47.125955152,46.154246503,8561068.0
2020-04-29,47.144463888,47.820032759,48.014374489,46.848324109,8565518.0
2020-04-30,47.560910452,46.570693067,47.755252182,46.413368809,6337929.0
2020-05-01,45.969159141,44.692056344,46.043194086,44.682801976,10238697.0
2020-05-04,45.330607743,45.663764994,45.691528098,44.854007786,7514029.0
2020-05-05,45.719291202,45.256572798,46.061702822,45.136266013,7780707.0
2020-05-06,45.626747521,45.645256258,46.098720294,45.524949473,8206720.0
2020-05-07,46.404114441,45.830343619,46.431877545,45.617493153,5495879.0
2020-05-08,46.098720294,46.367096969,46.765034797,45.959904773,6087907.0
2020-05-11,46.089465926,45.895124196,46.293062024,45.87661546,6459336.0
2020-05-12,46.11722903,44.692056344,46.11722903,44.673547608,8584464.0
2020-05-13,45.44166016,44.525477719,45.543458209,44.118285523,8610955.0
2020-05-14,44.072013682,45.617493153,45.663764994,43.479734125,13695619.0
2020-05-15,44.192320468,43.488988493,44.648283183,43.100305033,17777241.0
2020-05-18,44.543986455,45.404642687,45.696155282,44.386662197,12731130.0
2020-05-19,44.923415547,44.42367967,45.025213596,44.414425302,12940336.0
2020-05-20,45.136266013,45.376879583,45.603611601,44.136794259,8406189.0
2020-05-21,45.617493153,44.368153461,45.719291202,44.312627253,7842611.0
2020-05-22,44.451442774,43.488988493,44.46995151,43.313155499,12462333.0
2020-05-26,44.877143706,44.432934038,44.969687387,44.405170934,8872005.0
2020-05-27,44.627275768,45.284335902,45.284335902,44.368153461,11405676.0
2020-05-28,45.025213596,43.933198161,45.173283485,43.766619535,8181643.0
2020-05-29,43.98872437,43.979470001,44.349644725,43.544514701,10919232.0
2020-06-01,44.516223351,44.627275768,44.85863497,44.173811731,6189338.0
2020-06-02,45.015959228,45.534203841,45.561966945,44.867889338,6063630.0
2020-06-03,46.11722903,46.50591249,46.681745484,45.913632932,8380179.0
2020-06-04,46.50591249,47.634945397,47.713607526,46.478149386,13269476.0
2020-06-05,48.763978304,48.486347261,49.541345224,48.356786108,9776102.0
2020-06-08,48.986083138,48.828758881,49.023100611,48.032883225,6302083.0
2020-06-09,48.569636574,49.791213162,49.809721898,48.254988059,9355114.0
2020-06-10,49.985554892,50.661123762,51.114587799,49.985554892,9194340.0
2020-06-11,49.087881187,48.338277372,49.6061258,48.310514268,9877129.0
2020-06-12,49.689415113,49.226696709,50.031826732,48.624237346,9838823.0
2020-06-15,48.032883225,49.245205445,49.333121942,47.857050231,7514094.0
2020-06-16,49.772704426,49.041609347,50.152133518,48.800995776,8828808.0
2020-06-17,49.36551223,49.781958794,49.985554892,49.12489866,8248700.0
2020-06-18,49.567368714,49.669762802,50.032796385,49.334654879,6831510.0
2020-06-19,49.976945064,48.887844315,49.995562171,48.848282963,6965050.0
2020-06-22,49.06470683,49.530134501,49.530134501,48.897152869,4480431.0
2020-06-23,50.125881919,50.23758456,50.609926696,50.023487831,7836501.0
2020-06-24,50.191041793,50.070030598,50.516841162,49.674417078,7080243.0
2020-06-25,50.051413491,50.498224055,50.544766822,49.483591733,4509575.0
2020-06-26,50.460989842,49.837316763,50.70301223,49.725614122,6229329.0
2020-06-29,49.846625316,49.893168083,49.91178519,49.213643685,5016572.0
2020-06-30,49.762848336,50.246893113,50.451681288,49.702342739,7158807.0
2020-07-01,50.433064181,50.29343588,50.898491852,50.232930283,6866517.0
2020-07-02,51.345302415,51.968975494,52.387860397,51.345302415,10021232.0
2020-07-06,53.877228943,55.003563906,55.236277741,53.774834855,12725594.0
2020-07-07,54.426433594,53.914463157,54.649838876,53.886537496,6672334.0
2020-07-08,54.780158624,55.664471198,55.804099499,54.649838876,8721924.0
2020-07-09,55.99957912,57.703044394,57.875904231,55.9437278,16903299.0
2020-07-10,57.414479239,56.837348927,57.493601943,56.222984402,10699996.0
2020-07-13,58.094003638,57.972992443,59.839357402,57.889215463,16667655.0
2020-07-14,58.838687911,59.732309038,59.797468912,58.215014832,10482662.0
2020-07-15,59.937097213,58.894539231,59.965022873,58.056769424,12432549.0
2020-07-16,58.261557599,59.387892562,59.425126775,57.274944023,15709371.0
2020-07-17,60.058108407,59.211030047,60.700398593,59.183104387,11718254.0
2020-07-20,59.490286649,59.667149164,59.750926145,58.652516842,6357302.0
2020-07-21,61.482317079,60.523536078,61.863967769,60.427937234,10621305.0
2020-07-22,60.793484127,61.193751923,61.538168399,60.728324253,7366145.0
2020-07-23,60.942420981,60.113959728,61.165826263,59.538691127,8559459.0
2020-07-24,63.865306752,66.192445104,68.975702574,63.818763985,41226755.0
2020-07-27,73.136625948,74.895942543,75.035570844,72.270930481,39899163.0
2020-07-28,71.260952436,69.003628234,71.479703441,68.603360438,31500115.0
2020-07-29,69.180490749,74.356046445,75.007645184,69.133947982,28304032.0
2020-07-30,71.879971238,71.805502811,73.062157521,70.576773761,16820321.0
2020-07-31,71.526246208,70.837413256,71.656565956,69.552832885,12027110.0
2020-08-03,69.794855274,70.893264576,71.079435645,69.459747351,10138008.0
2020-08-04,71.246989606,72.047525199,72.047525199,70.697784955,12569353.0
2020-08-05,72.782900919,73.38795689,75.594084049,72.401250229,14447178.0
2020-08-06,73.76960758,72.354707462,73.825458901,72.07545086,9838671.0
2020-08-07,72.326781802,71.898588345,72.601384127,71.321458033,8705825.0
2020-08-10,72.382633122,71.74965149,72.661889724,71.144502433,7421360.0
2020-08-11,71.023584324,69.953100682,71.122906589,69.953100682,7056292.0
2020-08-12,70.157888857,71.302840926,71.451777781,69.75762106,8359058.0
2020-08-13,70.939807344,70.288208605,71.032892878,69.850706595,6551833.0
2020-08-14,70.399911246,70.390602692,71.153904072,70.05549477,5611160.0
2020-08-17,71.684491616,72.047525199,72.699123938,71.554171869,8663917.0
2020-08-18,72.07545086,71.321458033,72.633964064,71.172521179,6804750.0
2020-08-19,70.949115897,70.511613887,71.153904072,70.241665838,7976798.0
2020-08-20,68.44511503,68.901234147,69.171182196,68.128624214,11457107.0
2020-08-21,70.027569109,70.325442818,70.688476401,69.878632255,7942292.0
2020-08-24,71.619331742,70.846721809,71.786885704,70.46507112,6405596.0
2020-08-25,71.731034383,71.907896898,72.317473248,71.377309354,6113068.0
2020-08-26,73.034231861,73.499659531,73.885964498,72.810826579,7821623.0
2020-08-27,73.899927328,72.429175889,74.020938522,72.028908092,8018244.0
2020-08-28,71.926514005,72.280239035,72.689815385,71.786885704,5699537.0
2020-08-31,70.939807344,71.172521179,71.647257403,70.651242188,9812880.0
2020-09-01,71.982365325,73.313488463,73.36003123,71.861354131,10208235.0
2020-09-02,73.127317395,73.890618774,74.393280659,71.758960044,12567846.0
2020-09-03,72.913220666,72.969071987,73.555510852,70.362677032,20090081.0
2020-09-04,72.336090355,70.856030363,73.239020036,69.459747351,13638715.0
2020-09-08,70.027569109,69.375970371,71.079435645,69.282884837,11553491.0
2020-09-09,70.586082314,71.31214948,71.591406082,70.52092244,7867529.0
2020-09-10,72.559495637,70.846721809,73.015614754,70.716402062,11241835.0
2020-09-11,71.879971238,70.772253382,72.149919287,70.567465207,7853450.0
2020-09-14,72.336090355,72.336090355,72.913220666,71.824119917,7091059.0
2020-09-15,73.322797016,77.316166429,78.19117045,73.155243055,21048351.0
2020-09-16,77.911913848,74.784239902,77.911913848,74.700462921,14506069.0
2020-09-17,73.206458716,74.053537076,74.402607829,72.843425133,10090229.0
2020-09-18,74.481730533,72.489700103,74.919232543,72.377997462,10528323.0
2020-09-21,72.089432306,72.824808026,72.880659346,71.423870737,8417129.0
2020-09-22,73.048213308,72.722413938,73.104064628,71.71709017,6375192.0
2020-09-23,71.996346772,70.339424265,72.210443501,70.311498605,9094689.0
2020-09-24,69.31548339,70.767617722,71.340093757,68.710427418,9940859.0
2020-09-25,70.5721381,71.233045393,71.270279606,69.846070934,6057546.0
2020-09-28,72.56416853,72.061506646,72.620019851,71.782250044,5999278.0
2020-09-29,71.996346772,72.750339598,73.429863997,71.633313189,6117121.0
2020-09-30,72.824808026,73.271618589,74.076808459,72.806190919,5878908.0
2020-10-01,74.193165377,74.714444368,74.807529902,73.895291668,6253844.0
2020-10-02,72.936510667,73.020287647,74.318830848,72.843425133,6145942.0
2020-10-05,73.718429153,76.501686623,76.585463603,73.718429153,10129076.0
2020-10-06,75.78492801,75.179872038,76.417909642,74.849418392,7795619.0
2020-10-07,76.725091904,78.717122334,78.791590762,76.725091904,11446400.0
2020-10-08,80.522981696,79.536275034,80.522981696,78.344780198,10920758.0
2020-10-09,80.038936918,80.448513268,80.467130375,79.38733818,7608763.0
2020-10-12,80.765004084,82.431235145,82.766343068,80.355427734,10021991.0
2020-10-13,82.049584455,81.249048862,82.189212756,81.05356924,8247043.0
2020-10-14,81.258357415,80.280959307,81.472454144,79.973777045,8196049.0
2020-10-15,79.06153881,79.862074404,81.109420561,78.968453276,10335225.0
2020-10-16,80.23441654,78.512334159,80.271650754,78.270311771,7460246.0
2020-10-19,80.038936918,79.312869752,81.230431755,79.06153881,7994502.0
2020-10-20,79.526966481,79.964468491,80.634684337,79.508349374,7358557.0
2020-10-21,79.722446103,79.38733818,80.532290249,79.318641056,7387647.0
2020-10-22,80.132022453,79.917925724,80.597450123,79.610743462,5659769.0
2020-10-23,79.955159938,80.011011258,80.141331006,79.191858558,4165381.0
2020-10-26,78.987070383,78.540259819,79.517657927,77.646638692,5567997.0
2020-10-27,78.754356548,78.521642713,78.996378937,77.837464037,5315791.0
2020-10-28,77.069508381,75.859396437,77.311530769,75.850087884,8727340.0
2020-10-29,76.250355681,76.827485992,77.232408065,76.017641845,5845620.0
2020-10-30,76.399292535,75.878013544,76.697166244,75.217106252,4964485.0
2020-11-02,76.557537943,77.590787372,77.823501207,76.492378069,6597096.0
2020-11-03,78.037597935,79.433880947,79.945851384,77.916586741,6274661.0
2020-11-04,80.392661948,81.072186347,81.370060056,80.150639559,7620827.0
2020-11-05,81.975116028,81.984424581,82.477777912,81.370060056,6670090.0
2020-11-06,81.40729427,82.896662815,82.980439796,80.699844211,6402973.0
2020-11-09,83.632038535,80.681227104,83.89267803,80.597450123,8978048.0
2020-11-10,80.094788239,79.405955287,80.467130375,78.512334159,8350080.0
2020-11-11,81.118729114,82.403309485,82.682566087,80.988409366,7707331.0
2020-11-12,82.403309485,81.416602823,83.343473379,81.379368609,7481999.0
2020-11-13,83.01767401,84.581510983,85.130715634,82.710491747,9180058.0
2020-11-16,87.560248074,90.213185796,93.163997227,87.504396753,18436213.0
2020-11-17,89.012382406,86.899340782,89.114776493,86.880723675,10843684.0
2020-11-18,89.51504429,88.034984298,89.775683785,87.513705307,8526561.0
2020-11-19,87.886047443,87.737110589,87.969824424,86.815563801,5542791.0
2020-11-20,87.783653356,86.545615752,88.28631524,86.517690092,5335994.0
2020-11-23,88.249081026,89.152010707,89.89669498,87.96051587,8806565.0
2020-11-24,89.48711863,87.765036249,89.580204164,87.187905937,7022831.0
2020-11-25,87.355459899,88.556263289,89.021690959,87.299608578,5194871.0
2020-11-27,89.533661397,89.719832465,90.213185796,89.07754228,4367070.0
2020-11-30,88.621423162,88.118761278,88.984456745,87.355459899,13840521.0
2020-12-01,89.673289698,91.693245788,94.895388161,89.51504429,16164733.0
2020-12-02,92.754420877,90.464516738,92.787000813,90.445899631,8676338.0
2020-12-03,91.879416856,90.427282524,92.00042805,90.36212265,7358959.0
2020-12-04,92.298301759,94.364800616,94.383417723,91.544308933,10824540.0
2020-12-07,96.496459347,96.840875823,97.97651934,95.519061239,11792959.0
2020-12-08,98.134764747,96.142734318,98.190616068,95.649380987,9876217.0
2020-12-09,96.487150794,95.007090802,97.036355445,94.160012441,8204104.0
2020-12-10,93.685276218,94.830228287,95.649380987,92.940591945,7135041.0
2020-12-11,94.625440112,94.644057219,95.65868954,93.890064393,7492587.0
2020-12-14,94.40203483,94.206555208,95.453901365,94.150703888,5878013.0
2020-12-15,96.179968531,95.63076388,96.83156727,95.007090802,7403995.0
2020-12-16,96.152042871,95.733157968,96.170659978,94.578897345,5986854.0
2020-12-17,95.869453807,94.938598466,96.260413051,94.892055699,7779301.0
2020-12-18,95.031684001,95.292323496,95.776368273,94.245111237,7417039.0
2020-12-21,94.62210765,95.804293934,95.925305128,94.398702369,6116373.0
2020-12-22,96.027699215,94.97583268,96.167327517,94.017051679,5601057.0
2020-12-23,95.655357079,94.808278719,95.841528147,94.659341864,3320779.0
2020-12-24,95.73913406,96.865469022,97.209885498,95.655357079,3172110.0
2020-12-28,98.382763228,97.033022984,98.913350772,96.846851915,5157016.0
2020-12-29,97.824250024,96.483818332,97.963878325,96.167327517,4602400.0
2020-12-30,98.475848762,99.592875171,100.337559444,98.19659216,9571771.0
2020-12-31,100.300325231,99.723194919,100.309633784,99.162540747,4909503.0
2021-01-04,101.985173398,102.199270126,104.433322945,101.031046673,11262137.0
2021-01-05,102.860177418,103.195285341,105.224549984,102.487835282,10583572.0
2021-01-06,104.200609109,105.83891451,106.564981675,102.990497166,10609283.0
2021-01-07,109.311004931,111.256492594,112.662084159,107.682008085,13556089.0
2021-01-08,115.426724522,108.70594896,115.780449551,107.114186327,18976772.0
2021-01-11,109.683347068,112.345593343,113.276448684,108.808343047,12032650.0
2021-01-12,114.728583016,112.71793548,114.76581723,111.489206429,14163168.0
2021-01-13,114.021132957,109.208610844,114.393475093,108.063658775,20650477.0
2021-01-14,113.136820383,115.929386406,123.557745925,111.479897876,37125416.0
2021-01-15,117.809714195,114.79374289,117.874874069,112.913415101,17343064.0
2021-01-19,119.783127518,120.44403481,123.003886998,117.781788535,20443818.0
2021-01-20,124.065062086,119.829670285,124.940066107,119.327008401,17360739.0
2021-01-21,122.259202725,123.106281085,124.260541708,121.412124364,15609871.0
2021-01-22,119.27115708,118.433387273,120.397492043,118.126205011,19163233.0
2021-01-25,120.937388141,119.717967644,121.253878956,116.767156213,20469346.0
2021-01-26,118.349610293,116.115557474,118.596286958,115.743215338,17084608.0
2021-01-27,114.533103394,111.54505775,114.672731696,111.321652468,16732723.0
2021-01-28,114.114218491,115.352256095,116.981252941,113.257831577,14148052.0
2021-01-29,113.648790821,111.340269575,113.983898743,110.437339894,15169178.0
2021-02-01,114.151452705,116.124866028,116.301728542,113.071660509,10179940.0
2021-02-02,118.740569536,117.781788535,119.465519675,116.860241747,9302368.0
2021-02-03,118.303067526,116.906784514,118.433387273,115.566352823,9676640.0
2021-02-04,116.906784514,117.511840486,117.558383253,115.483227441,7445110.0
2021-02-05,118.107587904,117.167424009,118.191364885,116.162100241,6226765.0
2021-02-08,118.023810923,121.607603986,122.259202725,118.023810923,11159970.0
2021-02-09,122.938727124,121.72861518,123.33899492,120.862919713,7929117.0
2021-02-10,123.069046871,122.668779075,124.819054913,121.570369772,12196266.0
2021-02-11,124.260541708,127.76055779,127.825717664,123.013195551,12347934.0
2021-02-12,127.532498232,126.736616915,128.360959485,125.898754023,11114110.0
2021-02-16,130.041153376,128.589019044,130.58570375,128.002580179,11833592.0
2021-02-17,127.807100557,125.070385855,128.207368354,124.912140447,12373653.0
2021-02-18,123.74857127,123.543783095,124.707352272,122.398831026,11614584.0
2021-02-19,124.958683214,125.433419438,126.634222827,124.558415417,10771927.0
2021-02-22,122.575693541,122.557076434,124.148839067,122.194042851,10363778.0
2021-02-23,118.39615306,118.39615306,120.853518074,114.935884501,18444734.0
2021-02-24,118.777803749,121.374890151,121.449358578,117.074338475,12782875.0
2021-02-25,120.648822985,115.510501503,120.667440092,115.249862007,13581185.0
2021-02-26,114.979913958,115.454650182,116.804390426,112.559690072,17280950.0
2021-03-01,118.88950639,118.42407872,119.513179469,116.664762125,9714884.0
2021-03-02,117.772479981,115.510501503,117.856256962,115.510501503,8274533.0
2021-03-03,116.180717348,112.615541392,117.148713817,112.447987431,10660313.0
2021-03-04,111.740537371,105.820297403,112.857563781,103.865501187,24454247.0
2021-03-05,110.763139263,110.670053729,111.1354814,105.624817781,17448732.0
2021-03-08,110.428031341,104.275077537,110.856224798,104.060980808,17246948.0
2021-03-09,107.197963307,106.555673122,108.436000911,105.578275014,17717113.0
2021-03-10,107.877487706,104.181992003,108.091584435,103.791032759,15240262.0
2021-03-11,108.287064056,110.465265554,110.670053729,107.197963307,15091598.0
2021-03-12,108.994514116,108.342915377,108.994514116,107.393442929,8171001.0
2021-03-15,108.668714746,109.068982543,109.096908203,106.862855385,8946293.0
2021-03-16,109.664729961,109.320313485,111.084284356,108.156744309,10793373.0
2021-03-17,108.240372353,109.180536248,109.887986307,106.043553748,9869563.0
2021-03-18,108.473086189,105.215092495,108.780268451,104.842750359,10299940.0
2021-03-19,105.103389854,104.405248348,105.578126078,104.014289105,11535951.0
2021-03-22,105.485040544,107.709784809,108.780268451,105.485040544,9376422.0
2021-03-23,106.704461041,105.578126078,107.309517012,105.322140859,8977391.0
2021-03-24,103.325456153,100.058153906,105.39195501,99.955759818,24196072.0
2021-03-25,99.164532779,101.445128364,103.586095648,99.062138691,16772398.0
2021-03-26,102.887954143,107.132654497,107.262974245,102.14326987,12910910.0
2021-03-29,107.123345944,105.112698407,107.318825566,103.250987725,10863643.0
2021-03-30,105.941159661,105.745680039,106.693383862,105.019612873,8206164.0
2021-03-31,106.415895885,108.733725684,108.803539835,106.201799156,9806546.0
2021-04-01,112.950500379,114.802902507,114.877370935,111.86139963,17904013.0
2021-04-05,116.915944131,114.523645905,117.223126394,112.83042004,14113892.0
2021-04-06,114.058218235,112.606083903,114.067526788,111.768314096,13042312.0
2021-04-07,112.606083903,110.232402783,112.764329311,110.185860016,11193229.0
2021-04-08,111.619377241,113.52763069,113.890664273,111.619377241,10226706.0
2021-04-09,112.894649058,112.941191825,113.532284967,111.91725095,8315187.0
2021-04-12,112.391987174,111.172566677,112.624701009,109.627346811,9868416.0
2021-04-13,112.568849689,111.516983154,113.034277359,110.66059624,8384755.0
2021-04-14,112.187198999,111.116715357,112.596775349,110.800224541,9521863.0
2021-04-15,111.91725095,108.798885558,112.196507553,107.132654497,18709052.0
2021-04-16,109.580804044,109.255004675,110.893310075,108.331968519,9512086.0
2021-04-19,108.473086189,106.052862302,109.292238889,105.866691234,12630310.0
2021-04-20,106.657918274,105.633977398,107.337442672,105.261635262,9299195.0
2021-04-21,105.215092495,107.914572984,107.998349965,104.535568096,8472229.0
2021-04-22,108.007658518,105.978393875,108.007658518,105.131315514,7411787.0
2021-04-23,107.151271604,109.068833607,109.143302034,106.546215633,8386671.0
2021-04-26,110.334796871,111.749696989,111.768314096,109.776283666,8444012.0
2021-04-27,111.731079882,111.516983154,111.870708183,110.232402783,5491795.0
2021-04-28,110.334796871,110.018306055,110.721101837,109.152610587,6476501.0
2021-04-29,111.005012716,109.497027064,111.111037139,108.110052606,8831780.0
2021-04-30,108.482394742,107.300208459,108.64064015,107.216431478,7950744.0
2021-05-03,107.979732858,106.555524186,108.054201285,106.360044564,10229530.0
2021-05-04,105.680520166,106.015628088,106.443821545,104.507642436,9638315.0
2021-05-05,106.611375507,106.034245195,107.067308453,105.540891864,4174138.0
2021-05-06,105.959776768,107.542230848,108.133323989,105.177858281,8581653.0
2021-05-07,108.845428325,107.38398544,109.794900773,106.657918274,9614315.0
2021-05-10,105.661903059,103.176519298,106.034245195,103.102050871,12281223.0
2021-05-11,100.774912518,103.679181182,103.80950093,100.216399314,10007715.0
2021-05-12,100.421187489,99.3600124,101.109927356,99.220384099,15058920.0
2021-05-13,100.430496042,99.862674284,102.357366598,99.071447244,10561429.0
2021-05-14,101.594065219,103.316147599,103.660564076,101.249648742,8425191.0
2021-05-17,100.160547993,100.840072392,101.054169121,99.043521584,10688635.0
2021-05-18,103.818809484,101.808161947,104.265620047,101.715076413,7476605.0
2021-05-19,99.629960449,103.260296279,103.34407326,99.164532779,7280450.0
2021-05-20,103.250987725,104.079448979,104.489025329,102.981039677,6442494.0
2021-05-21,104.749664825,102.748325841,104.749664825,102.599388987,5979369.0
2021-05-24,103.129976531,104.405248348,105.252326709,102.999656783,6650678.0
2021-05-25,105.540891864,105.01030432,105.624668845,104.377322688,5331665.0
2021-05-26,104.749664825,106.611375507,106.611375507,104.749664825,6605133.0
2021-05-27,106.611375507,106.397278778,107.104728837,105.680520166,6513706.0
2021-05-28,106.890632109,107.87733877,108.324149334,106.564832739,5391713.0
2021-06-01,110.064848822,108.947822412,110.372031084,107.942498644,7596056.0
2021-06-02,109.310855995,109.357398762,109.822826433,108.398617761,5383361.0
2021-06-03,108.519628956,107.374676886,108.715108577,107.040499819,4912170.0
2021-06-04,108.687182917,109.878677753,110.195168569,108.519628956,5352051.0
2021-06-07,108.603405936,108.677874364,109.171227694,108.072818392,6266010.0
2021-06-08,108.054201285,106.536907079,108.173350769,105.736371486,11564751.0
2021-06-09,106.611375507,107.663242042,108.147286819,106.583449846,6401585.0
2021-06-10,107.579465061,108.69649147,109.264313228,107.197814371,8566639.0
2021-06-11,108.743034237,108.705800024,108.864045432,107.691167702,6036625.0
2021-06-14,108.985056626,111.256343658,111.265652212,108.901279645,7610338.0
2021-06-15,110.66059624,109.822826433,112.196507553,109.655272472,8196928.0
2021-06-16,109.915911967,108.491703295,110.23705706,108.007658518,8059377.0
2021-06-17,108.595667939,109.941244564,110.987804161,108.5115694,7608083.0
2021-06-18,108.436815143,106.829598618,108.791710978,106.287630255,12532777.0
2021-06-21,106.446483051,105.287792068,106.465171615,104.241232471,11116212.0
2021-06-22,104.689758013,105.465333428,105.614841942,103.297459977,11792379.0
2021-06-23,107.212714185,107.072549953,108.352716604,106.847072426,8913726.0
2021-06-24,107.698616855,108.184519525,108.586323657,107.27812416,6772228.0
2021-06-25,108.38074945,107.521075495,108.824602851,107.521075495,6712802.0
2021-06-28,108.231240936,110.399114388,110.71681998,108.128453833,11026593.0
2021-06-29,110.202884463,110.978459879,111.029853431,109.285556288,7874887.0
2021-06-30,110.913049904,110.913049904,111.473706832,109.839952546,7936357.0
2021-07-01,110.856984212,109.287144816,110.955566388,108.922717813,8295619.0
2021-07-02,109.595506126,109.745014639,109.997310257,109.277800533,5148281.0
2021-07-06,110.623377159,110.810262801,111.660592474,109.100259173,7181463.0
2021-07-07,111.361575446,109.12829202,111.744691013,109.08624275,7391845.0
2021-07-08,106.904352875,108.773209299,109.151652725,106.446483051,7565354.0
2021-07-09,108.894684967,111.286821189,111.497067537,108.539602246,8374158.0
2021-07-12,111.875510963,113.221087588,113.314436966,110.315015849,10668671.0
2021-07-13,113.744367387,114.407811417,115.884207992,112.753873482,13460157.0
2021-07-14,115.575846682,114.865681241,116.164536456,114.566664213,10587743.0
2021-07-15,110.875672776,108.455503707,111.417641139,107.838781087,23734491.0
2021-07-16,109.595506126,106.782877207,109.819768896,106.250253127,12110018.0
2021-07-19,105.156972119,106.418450205,106.668596637,104.437462395,9230201.0
2021-07-20,106.913697157,107.399599827,107.838781087,105.55877625,7108021.0
2021-07-21,107.240747031,108.773209299,108.773209299,106.960418568,5564738.0
2021-07-22,108.978783506,107.549108341,108.978783506,107.222058467,5746523.0
2021-07-23,108.567635092,107.76402683,108.567635092,106.39976164,5773862.0
2021-07-26,106.829598618,106.698778668,107.119271364,105.969924663,6440613.0
2021-07-27,106.390417358,104.727135141,106.465171615,103.330632178,11127505.0
2021-07-28,105.100906426,106.156810305,106.567958719,105.044840733,6819729.0
2021-07-29,107.025828543,107.165992774,108.063043858,106.66140154,7162034.0
2021-07-30,106.558614437,107.623862598,108.352716604,106.268941691,6482617.0
2021-08-02,108.427470861,107.829436805,109.249767687,107.642551162,6028772.0
2021-08-03,108.2499295,109.277800533,109.492719022,107.810748241,5874719.0
2021-08-04,109.296489098,109.586161843,110.343048695,109.156324866,4253964.0
2021-08-05,109.894523153,110.034687385,110.053375949,109.118947737,4452335.0
2021-08-06,109.240423405,109.090914891,109.455341894,108.38074945,4338144.0
2021-08-09,109.287144816,109.100259173,109.632883254,108.259273782,4280237.0
2021-08-10,109.361899073,107.362222699,109.875834589,105.231726375,5132785.0
2021-08-11,107.493042649,107.01648426,108.231240936,106.278285973,4490350.0
2021-08-12,106.605335847,106.745500079,106.979107132,105.568120532,6345036.0
2021-08-13,106.156810305,106.558614437,106.577303001,105.614841942,4593208.0
2021-08-16,106.184843152,105.745661892,106.539925872,105.245742799,5439250.0
2021-08-17,104.904676501,102.456474586,105.016807887,102.12008043,13398802.0
2021-08-18,103.045164359,101.839751966,104.222543907,101.774341991,9167291.0
2021-08-19,100.484831059,101.905161941,102.325654636,99.251385819,12146912.0
2021-08-20,100.615651008,99.662534232,101.148275089,99.298107229,13042016.0
2021-08-23,101.494013527,102.316310354,102.662048792,100.737126676,9533453.0
2021-08-24,103.119918616,103.390902798,104.28328174,103.101230052,6719811.0
2021-08-25,106.754844361,107.988289601,109.997310257,106.66140154,22106785.0
2021-08-26,108.875996402,108.988127788,109.324521944,107.352878417,9892122.0
2021-08-27,109.203046276,109.35255479,110.109441642,108.605012221,6827711.0
2021-08-30,109.716981793,109.819768896,110.296327285,109.333866226,6434244.0
2021-08-31,110.772885673,109.838457461,111.51108396,109.548784715,8424941.0
2021-09-01,110.964443456,111.193378368,112.034363759,110.352392977,8603893.0
2021-09-02,111.64190391,111.501739678,112.062396605,111.193378368,6869814.0
2021-09-03,112.239937965,114.473221392,114.94977978,111.940920938,10369888.0
2021-09-07,115.08059973,115.155353987,115.69732235,114.398467135,9746856.0
2021-09-08,113.53879318,112.529610711,113.697645976,111.912888091,7983285.0
2021-09-09,112.809939175,113.267808999,114.02469585,112.520266429,5101323.0
2021-09-10,113.585514591,113.53879318,114.81428769,113.464038923,5163940.0
2021-09-13,113.510760334,114.146171518,114.59469706,112.821152313,6622769.0
2021-09-14,114.1555158,113.650924566,114.1555158,113.006169099,5110493.0
2021-09-15,113.01084124,112.165183709,113.099611921,111.585838217,5566531.0
2021-09-16,111.222569906,111.960768193,112.278473785,110.615191568,7301357.0
2021-09-17,111.400111266,109.120106429,111.661751165,109.064040736,10729198.0
2021-09-20,106.737314488,106.270100382,107.49420134,105.195507938,8991029.0
2021-09-21,107.157807183,106.513051717,107.36338139,106.132739435,8182230.0
2021-09-22,106.765347334,107.36338139,107.709119828,106.466330306,5345592.0
2021-09-23,108.391252423,107.662398418,108.391252423,107.101741491,5484707.0
2021-09-24,107.484857058,107.148462901,108.008136856,107.041003657,4455865.0
2021-09-27,107.204528594,107.625021289,108.017481138,106.559773128,5198843.0
2021-09-28,105.924361943,103.653701388,106.587805974,103.606979978,9792250.0
2021-09-29,104.027472673,103.392061489,104.54140819,102.831404562,6522356.0
2021-09-30,104.148948341,103.420094335,105.008622296,103.420094335,6437891.0
2021-10-01,103.74714421,103.335995796,104.027472673,102.158616249,5315200.0
2021-10-04,102.812715998,100.962548138,103.214520129,100.495334032,8514511.0
2021-10-05,101.691402143,101.186810909,102.20533766,101.14943378,8039615.0
2021-10-06,100.420579775,101.261565166,101.429762244,99.616971512,7553611.0
2021-10-07,102.812715998,102.653863201,103.476160028,102.336157609,7821918.0
2021-10-08,102.794027433,101.915664914,102.878125972,101.420417962,5143409.0
2021-10-11,101.953042042,102.121239121,103.476160028,101.784844964,5318487.0
2021-10-12,102.317469045,101.130745216,102.840748844,100.528039019,9294631.0
2021-10-13,101.242876601,101.859599221,101.925009196,100.897138163,7845095.0
2021-10-14,105.746820583,104.270424008,106.30747751,102.962224511,16930481.0
2021-10-15,106.344854639,106.419608896,106.503707435,104.644195293,11558807.0
2021-10-18,105.074032271,106.868134438,106.87747872,105.074032271,6773808.0
2021-10-19,107.297971415,108.381908141,108.400596705,107.139118619,5406087.0
2021-10-20,108.307153884,107.101741491,108.442645975,107.064364362,8205785.0
2021-10-21,106.559773128,107.755841239,107.811906932,106.186749385,4640287.0
2021-10-22,107.709119828,105.830919122,108.559449501,105.830919122,6283013.0
2021-10-25,105.989771918,105.279606477,106.129842707,104.784359525,6667685.0
2021-10-26,106.494363153,105.784197712,106.830757309,105.354360734,4852307.0
2021-10-27,105.64403348,105.382393581,106.606494538,105.345016452,5394494.0
2021-10-28,105.298295041,107.49420134,107.503545622,105.186163656,5714261.0
2021-10-29,105.681410608,105.33567217,105.793541994,104.887146628,7118867.0
2021-11-01,105.223540784,105.728132019,105.933706226,105.008622296,4955700.0
2021-11-02,105.232885067,105.718787737,106.363543203,105.186163656,4479656.0
2021-11-03,105.092720835,105.625344916,105.709443455,104.429557133,6073019.0
2021-11-04,105.02731086,109.157483557,109.21354925,104.130259776,14682844.0
2021-11-05,109.512566278,109.166827839,110.783295203,107.718464111,8668123.0
2021-11-08,109.718140484,112.072899578,113.325033383,108.46600668,15776322.0
2021-11-09,112.390605171,112.885852123,114.278150159,111.381422702,10874127.0
2021-11-10,110.848798621,109.540599124,111.970112475,109.054696454,9046064.0
2021-11-11,110.531093029,109.531254842,111.657079024,109.166827839,6993951.0
2021-11-12,109.718140484,109.998468948,110.119944615,108.671580887,6947202.0
2021-11-15,110.587158721,109.465844867,110.886175749,108.895843658,5156986.0
2021-11-16,109.064040736,109.428467738,109.708796202,108.568793783,5555127.0
2021-11-17,109.353713482,110.344207386,110.80207721,108.895843658,6391350.0
2021-11-18,111.194537059,114.390281544,114.544462199,111.035684263,13229657.0
2021-11-19,113.119459176,115.203234089,115.707825323,113.110114894,9076350.0
2021-11-22,114.493068648,115.661103913,118.782094141,114.222084466,16086015.0
2021-11-23,113.764214642,112.493392274,114.212740184,110.774044364,10983988.0
2021-11-24,111.222569906,111.886013936,112.03552245,109.722812625,6992624.0
2021-11-26,108.886499376,108.503383809,110.325518822,107.970759728,6766865.0
2021-11-29,109.690107638,110.549781593,111.11043852,109.26027066,7633952.0
2021-11-30,109.447156303,108.559449501,111.381422702,107.260594287,10561774.0
2021-12-01,110.4937159,111.811259679,114.50241293,110.4937159,12939395.0
2021-12-02,111.54961978,112.811097866,114.399625826,111.24125847,8425542.0
2021-12-03,112.156998118,110.596503003,112.951262098,109.335024917,7809043.0
2021-12-06,110.18535459,110.418961643,110.7553558,108.02682542,5681181.0
2021-12-07,111.72716114,113.390443357,113.633394692,111.465521241,7459249.0
2021-12-08,112.745687891,112.904540687,113.297000536,111.325357009,5795681.0
2021-12-09,112.325195196,110.7553558,113.175524869,110.746011517,6103894.0
2021-12-10,111.222569906,110.409617361,111.960768193,109.577976252,5973913.0
2021-12-13,110.157321744,107.877316907,110.31617454,107.84928406,5854263.0
2021-12-14,106.961577259,107.755841239,108.400596705,106.784035899,6267349.0
2021-12-15,108.223055345,111.59634119,111.699128294,107.933382599,6700712.0
2021-12-16,112.004667631,108.481873271,112.387783198,108.075396999,9116058.0
2021-12-17,108.220233372,108.248266218,109.341547226,107.883839216,11765679.0
2021-12-20,107.874494934,106.958755286,108.528594682,105.996294227,6980781.0
2021-12-21,108.014659165,109.294825816,109.350891509,107.089575235,6122925.0
2021-12-22,108.808923146,112.901718714,113.032538664,108.724824606,9300126.0
2021-12-23,112.584013122,112.322373223,113.359588538,111.537453525,6512512.0
2021-12-27,112.826964457,114.209918211,114.73319801,112.808275893,6316917.0
2021-12-28,114.845329395,113.611884155,115.106969294,113.434342795,6322707.0
2021-12-29,113.36893282,113.004505817,114.630410906,112.593357404,5847669.0
2021-12-30,112.621390251,112.079421888,113.137007738,111.864503399,4187802.0
2021-12-31,112.948440125,111.976634784,113.32221141,111.892536245,3888151.0
2022-01-03,115.541478413,119.909930304,120.644297436,115.424674887,18638186.0
2022-01-04,121.844196703,124.208300079,126.170599325,121.311572622,25554943.0
2022-01-05,121.694688189,118.284025215,121.853540985,118.115828137,17891191.0
2022-01-06,118.227959523,119.601568994,120.096815947,116.181561738,16248974.0
2022-01-07,117.807466827,114.957460781,118.358779472,114.77991942,21248087.0
2022-01-10,116.461890202,116.368447381,117.172055643,114.73319801,11857712.0
2022-01-11,117.798122545,120.255668743,120.610751463,116.823981134,12113148.0
2022-01-12,121.498458265,123.115019071,123.759774538,121.236818365,16389195.0
2022-01-13,131.076347438,129.618639427,135.047667339,129.36634381,52019992.0
2022-01-14,126.72191197,130.992248898,134.001107741,126.72191197,28255335.0
2022-01-18,127.33863459,124.61010421,127.740345278,124.105512976,15202553.0
2022-01-19,125.348302498,121.975016653,126.544370609,121.909606678,11155139.0
2022-01-20,122.825346326,119.470749044,123.600828299,119.349273377,11421884.0
2022-01-21,118.302713779,115.919921839,119.14369917,115.676970504,15573725.0
2022-01-24,115.209756398,117.256154182,117.358941285,111.808437706,17100523.0
2022-01-25,116.816972922,114.004344004,117.125334232,113.275489999,11370503.0
2022-01-26,116.714185819,114.565000931,117.920999855,113.453031359,13592103.0
2022-01-27,115.424674887,108.304331911,115.555494836,107.977282037,18599845.0
2022-01-28,110.481549645,109.453678612,111.313190754,106.257934127,14005884.0
2022-01-31,111.238436497,114.144508236,114.275328186,110.574992466,10189146.0
2022-02-01,114.396803853,114.536968085,114.711612718,111.78040486,6956333.0
2022-02-02,117.508449799,115.564839118,117.73271257,114.069753979,8562948.0
2022-02-03,113.041882946,111.537453525,115.312543501,110.98614088,9926778.0
2022-02-04,112.098110452,112.640078815,113.396965666,111.116960829,5743240.0
2022-02-07,114.079098261,113.845491208,115.518117708,113.443687077,6562909.0
2022-02-08,113.555818463,115.153690705,115.293854937,113.19139146,7036211.0
2022-02-09,116.246971713,116.845005769,116.873038615,114.265983904,10979701.0
2022-02-10,116.172217456,116.088118917,119.779110354,115.761069043,10474922.0
2022-02-11,116.826317205,112.630734533,117.835499673,112.107454734,9845686.0
2022-02-14,111.640240628,111.47204355,113.135325767,109.818105615,8081751.0
2022-02-15,113.569834886,115.910577557,115.994676096,113.051227228,9258676.0
2022-02-16,114.621066624,115.050903602,115.695659068,113.154014331,5749484.0
2022-02-17,114.013688286,111.462699268,114.256639622,111.359912164,7976737.0
2022-02-18,112.172864709,111.042206572,112.331717505,110.23859831,8389010.0
2022-02-22,109.350891509,108.799578863,111.088927983,107.687609291,9793472.0
2022-02-23,110.332041131,107.855806369,111.154337958,107.72498642,8114717.0
2022-02-24,100.473823495,104.099404957,104.192847778,97.091193367,27539111.0
2022-02-25,104.482520524,103.492026619,105.145964555,101.744645863,14258911.0
2022-02-28,101.753990145,99.548739565,102.12776143,97.670538859,26390834.0
2022-03-01,102.342679919,100.520544905,103.376344407,99.586116693,20377882.0
2022-03-02,100.847594779,101.978252916,102.314647072,100.343003545,13342390.0
2022-03-03,102.258581379,101.212021782,102.342679919,100.10005221,10841731.0
2022-03-04,99.539395283,97.726604551,100.58595488,96.553897145,22379149.0
2022-03-07,96.072666616,92.334953768,96.820209186,92.115363138,29422885.0
2022-03-08,93.194627723,92.998397799,95.904469538,91.708886866,25649964.0
2022-03-09,97.207996894,97.623817448,98.343327171,95.577419664,14348370.0
2022-03-10,96.913652007,96.698733518,98.165785811,95.353156893,11811010.0
2022-03-11,98.006933015,94.315941577,98.006933015,94.213154474,18116439.0
2022-03-14,94.418728681,92.34429805,94.736434273,92.129379561,17959381.0
2022-03-15,91.157574221,94.951352762,94.998074172,90.774458654,13415591.0
2022-03-16,96.236761553,98.759717726,98.853160547,96.068564475,20347066.0
2022-03-17,98.815783419,99.507260295,99.544637424,97.881355207,8041999.0
2022-03-18,98.77840629,99.722178784,100.021195812,98.012175156,10218167.0
2022-03-21,99.722178784,99.909064427,100.184720749,98.23653137,10366071.0
2022-03-22,99.413817474,100.021195812,100.876197626,99.26430896,10401191.0
2022-03-23,99.516604578,98.442012134,101.095788256,98.442012134,12905344.0
2022-03-24,99.778244477,100.843492639,100.899558331,98.890537675,10834029.0
2022-03-25,100.62857415,99.731523066,100.899558331,98.899881958,7433728.0
2022-03-28,98.694307751,99.357751781,99.722178784,97.750535257,8151204.0
2022-03-29,100.838820497,102.086282161,102.558168408,99.787588759,14076209.0
2022-03-30,100.722016971,99.731523066,102.1703807,99.52594886,15456251.0
2022-03-31,99.946441555,97.423485383,100.123982915,97.358075408,13021619.0
2022-04-01,98.834471983,96.049875911,99.002669061,95.507907548,12085100.0
2022-04-04,97.199222612,97.918732335,98.64758634,96.507745735,9083931.0
2022-04-05,97.629059589,95.77889173,97.741190975,95.414464727,12290993.0
2022-04-06,93.835281049,94.54544649,95.442497573,93.1811813,14902562.0
2022-04-07,93.835281049,93.92872387,94.5921679,93.115771325,12430960.0
2022-04-08,94.022166691,92.779377169,94.096920948,92.620524373,11796236.0
2022-04-11,91.779538982,91.172160644,91.929047496,90.555438024,12480480.0
2022-04-12,93.4428212,91.050684977,93.582985431,91.050684977,13291484.0
2022-04-13,93.255935557,94.844463518,95.51725183,92.975607094,15776799.0
2022-04-14,97.180534048,91.910358932,97.647748154,91.882326085,17828483.0
2022-04-18,91.527243365,92.293474499,93.293312686,91.078717823,10277448.0
2022-04-19,91.985113189,92.928885683,92.928885683,91.302980594,10103023.0
2022-04-20,93.816592484,92.51773727,94.377249412,92.414950166,8596861.0
2022-04-21,93.209214147,91.256259183,94.050199537,91.02265213,13038539.0
2022-04-22,90.66756941,89.406091324,91.377734851,89.107074296,11650097.0
2022-04-25,88.81740155,89.929371122,89.966748251,88.256744623,10654403.0
2022-04-26,88.714614447,86.686905227,88.792826088,86.686905227,14175992.0
2022-04-27,85.81788699,84.341490415,86.61215097,84.304113286,15846299.0
2022-04-28,86.116904017,88.976254346,89.891993994,85.761821297,15176158.0
2022-04-29,87.070020794,86.836413741,89.321992785,86.686905227,10629321.0
2022-05-02,86.43460961,87.611989157,88.091350829,85.257230062,8251931.0
2022-05-03,86.696249509,87.490513489,87.878301197,86.443953892,9511887.0
2022-05-04,87.752153388,89.695764069,89.770518326,85.887969105,9082506.0
2022-05-05,87.873629056,86.107559735,88.191334648,85.238541498,11517236.0
2022-05-06,85.406738576,85.621657065,86.78969233,84.350834697,7944884.0
2022-05-09,84.042473387,81.575582907,84.27608044,81.304598726,11428619.0
2022-05-10,84.117227644,82.995913789,84.369523261,82.313781195,11690449.0
2022-05-11,83.0426352,82.070829859,84.63116316,82.042797013,11531266.0
2022-05-12,80.566400438,81.94000991,82.42591258,79.790825022,11592851.0
2022-05-13,83.0426352,84.995590163,85.369361448,82.379191169,11180642.0
2022-05-16,83.977063412,84.481654646,85.37870573,83.631324974,6729129.0
2022-05-17,87.182152179,87.200840743,87.359693539,86.313133942,7668780.0
2022-05-18,86.032805478,84.593786032,87.116742204,84.444277518,9610923.0
2022-05-19,83.949030566,84.294769004,86.060838325,83.686082467,7738979.0
2022-05-20,86.939200844,84.827393085,86.939200844,83.005258071,10469940.0
2022-05-23,85.051655856,85.500181398,85.883296964,84.705917417,6920473.0
2022-05-24,83.650013538,82.902470968,83.911653437,82.715585326,8788577.0
2022-05-25,83.472472177,84.481654646,84.958213035,83.201487996,9113503.0
2022-05-26,83.547226434,85.032967292,85.374033589,83.199432254,9762724.0
2022-05-27,86.546740995,87.621333439,87.666185993,86.462642456,6279008.0
2022-05-31,89.275271374,89.051008603,89.976092533,88.312810316,9621699.0
2022-06-01,89.331337067,88.537073087,90.041502508,87.67272699,6152366.0
2022-06-02,87.826907645,90.022813944,90.05084679,87.48126265,6334967.0
2022-06-03,88.172646084,87.621333439,88.380930132,86.808380894,9137134.0
2022-06-06,88.77068014,87.004610819,89.275271374,86.775675907,9440246.0
2022-06-07,86.593462406,87.686743414,87.705431978,85.752477015,7360186.0
2022-06-08,87.836251928,87.341004975,88.705176722,87.032643665,6446275.0
2022-06-09,86.901823716,84.89280306,87.369037822,84.846081649,8091123.0
2022-06-10,84.603130314,82.86509384,84.771327392,82.813700288,10463738.0
2022-06-13,80.416891924,79.940333536,81.136401647,79.440414443,14603691.0
2022-06-14,81.052303108,81.472795804,82.11755127,80.63171697,10449553.0
2022-06-15,81.771812832,83.285586535,83.920997719,81.640992882,11742543.0
2022-06-16,80.046502333,79.38899762,80.71339997,78.891172623,10505195.0
2022-06-17,79.839857995,79.839857995,80.403433463,78.853600925,9735491.0
2022-06-21,80.779150442,81.671478266,82.422912224,80.779150442,9603974.0
2022-06-22,79.501712714,79.755321674,80.943808407,79.417176393,7873518.0
2022-06-23,79.022673566,79.013280641,79.11660281,77.731146451,10370298.0
2022-06-24,79.041459415,80.704007046,81.295761287,79.041459415,10670085.0
2022-06-27,81.643299493,80.647649499,81.718442889,80.384647614,7358017.0
2022-06-28,80.920044309,79.219924979,81.539977324,79.219924979,8290894.0
2022-06-29,79.3044613,78.571813191,79.47353394,78.271239608,7981289.0
2022-06-30,76.514762732,76.787157542,77.228624992,75.256110853,14201624.0
2022-07-01,74.24167501,72.325518419,74.410747651,71.555298612,19531696.0
2022-07-05,70.024251923,71.489548141,71.527119839,69.263425041,22270972.0
2022-07-06,69.780035887,70.972937295,71.668013706,69.300996739,11530526.0
2022-07-07,73.828386334,75.75393585,76.045116509,73.584170297,15847752.0
2022-07-08,75.068252364,76.561727354,77.172267445,74.917965572,10004173.0
2022-07-11,74.927358497,74.307425482,75.39700472,74.035030672,9527709.0
2022-07-12,76.232974998,74.298032557,76.533548581,74.138352841,10363671.0
2022-07-13,74.467105198,76.355083016,76.758978768,74.110174068,14706500.0
2022-07-14,77.914308478,78.59059904,78.938137245,75.622434907,23377014.0
2022-07-15,80.384647614,80.431612236,80.816722139,78.867690312,14061049.0
2022-07-18,80.835507988,78.50606272,80.854293837,78.308811306,11352457.0
2022-07-19,79.839857995,80.920044309,81.220617892,79.430326488,10673130.0
2022-07-20,80.008930635,81.305154212,81.485498362,79.943180164,11664797.0
2022-07-21,81.417869305,82.460483922,82.465180384,81.15486742,7134954.0
2022-07-22,82.103552792,81.079724025,82.404126375,80.591291952,8612137.0
2022-07-25,81.060938176,81.060938176,81.436655154,80.431612236,5960949.0
2022-07-26,79.614427807,79.295068375,80.027716484,78.754975218,6977686.0
2022-07-27,80.131038653,82.31019713,82.563806091,80.131038653,9399496.0
2022-07-28,81.840550907,83.230703728,83.240096653,81.201832043,10668229.0
2022-07-29,82.488662695,83.10859571,83.794279196,82.460483922,10366204.0
2022-08-01,80.121645729,81.0703311,81.615120719,79.182353282,20102613.0
2022-08-02,79.38899762,80.826115064,82.197482036,79.060245263,15541623.0
2022-08-03,80.741578744,81.258189589,81.502405626,79.421872856,20779410.0
2022-08-04,81.718442889,83.052238163,83.052238163,81.361511759,13472519.0
2022-08-05,82.685914109,84.320282967,85.452130365,82.66712826,13293500.0
2022-08-08,83.578241934,82.601377789,83.690957027,81.633906568,12122334.0
2022-08-09,81.662085342,80.037109408,81.849943831,79.313854224,13075014.0
2022-08-10,81.539977324,83.287061275,83.287061275,81.0703311,10704579.0
2022-08-11,84.498748532,84.085459855,85.475612677,83.888208441,11158789.0
2022-08-12,84.235746646,85.344111734,85.804365033,84.198174949,12098828.0
2022-08-15,84.545713154,86.011009371,86.358547577,84.53632023,15949516.0
2022-08-16,85.607113619,84.489355607,85.804365033,83.191347375,10566123.0
2022-08-17,83.597027783,83.784886272,84.320282967,83.10859571,9093091.0
2022-08-18,83.324632973,83.850636743,84.226353722,83.047541701,10947701.0
2022-08-19,83.127381559,81.906301378,83.211917879,81.732532275,9602761.0
2022-08-22,80.224967898,80.065288182,80.807329215,79.783500448,8053958.0
2022-08-23,79.990144786,80.807329215,81.338029447,79.83046507,8462474.0
2022-08-24,80.591291952,80.365861765,80.90125846,80.027716484,7085798.0
2022-08-25,81.089116949,82.253839583,82.272625432,80.788543366,6602130.0
2022-08-26,82.188089112,79.595641958,82.460483922,79.511105638,9381506.0
2022-08-29,78.816029227,77.820379233,79.201139131,77.754628762,9639661.0
2022-08-30,78.693921209,77.764021687,78.881779699,76.768371693,8392293.0
2022-08-31,79.003887717,78.290025457,79.717749976,78.019978878,8887148.0
2022-09-01,76.505369808,76.683835373,76.862300938,75.256110853,11565973.0
2022-09-02,76.599299052,75.988758962,77.942487252,75.716364152,8850116.0
2022-09-06,76.11086698,75.171574533,76.11086698,74.692535385,12428303.0
2022-09-07,73.63113492,75.096431137,75.307771938,73.480848128,9843466.0
2022-09-08,74.213496237,75.368825947,75.833775708,73.98806605,8181692.0
2022-09-09,75.923008491,76.580513203,76.702621222,75.83847217,7086204.0
2022-09-12,76.99380188,77.162874521,77.486930415,76.796550466,7903004.0
2022-09-13,75.537898587,74.025637748,76.214189149,73.748546476,12835062.0
2022-09-14,74.899179723,74.824036328,75.288986089,74.185317464,8849582.0
2022-09-15,74.227501262,73.660734899,74.860390367,73.367905612,10533054.0
2022-09-16,72.838923674,73.575719945,73.679627112,72.659447659,10604536.0
2022-09-19,72.309941736,73.89688755,73.89688755,72.305218683,10378599.0
2022-09-20,73.245106234,73.821318702,74.090532724,73.216767916,8202782.0
2022-09-21,73.282890658,72.867261992,74.917067003,72.867261992,10868995.0
2022-09-22,72.215480675,71.44089998,72.498863857,71.181132064,10817853.0
2022-09-23,70.184567877,69.778385317,70.269582831,69.041589046,12685532.0
2022-09-26,69.400541075,68.966020198,70.08066071,68.881005243,13441486.0
2022-09-27,69.4383255,68.98491241,69.93896912,68.342577199,12430577.0
2022-09-28,67.17126005,68.134762866,68.285900563,66.783969702,12943618.0
2022-09-29,66.613939794,65.442622645,66.76507749,64.686934161,16120328.0
2022-09-30,64.054045057,64.76250301,65.792128568,63.987922314,10472365.0
2022-10-03,64.30908992,65.414284327,65.714198193,63.90290736,11945087.0
2022-10-04,66.878430763,68.777098077,68.889884583,66.802861914,14900686.0
2022-10-05,68.881005243,70.354597785,70.760780345,68.559837638,14037149.0
2022-10-06,69.872846377,70.231798407,70.770226451,69.768939211,11796844.0
2022-10-07,67.832487473,65.886589629,68.040301806,65.886589629,14758622.0
2022-10-10,65.981050689,63.704539133,66.009389007,63.298356574,16042221.0
2022-10-11,60.644000776,59.935542823,61.314674305,59.151516022,28699310.0
2022-10-12,60.077234414,60.558985822,60.672339094,59.855250922,16468679.0
2022-10-13,59.567144688,62.929958438,66.3116644,58.868132841,36639339.0
2022-10-14,63.534509225,60.379509807,63.713985239,60.247264323,19453090.0
2022-10-17,61.380797047,61.295782093,61.730302971,60.488140027,11280071.0
2022-10-18,62.249838803,60.18114158,62.44820703,59.302653719,16656129.0
2022-10-19,59.264869294,60.13391105,60.558985822,58.72644125,12385218.0
2022-10-20,60.218926005,60.058342202,61.659457176,59.869420081,11300915.0
2022-10-21,58.58474966,60.218926005,60.247264323,58.58474966,13699010.0
2022-10-24,57.22451039,57.895183919,58.206905418,56.374360846,25010771.0
2022-10-25,56.638851815,57.753492328,57.961306661,56.213777044,21700580.0
2022-10-26,57.489001359,57.470109147,58.546965235,57.082818799,14048822.0
2022-10-27,58.424165857,57.574016313,58.990932219,57.536231889,12937561.0
2022-10-28,57.403986405,58.575303554,58.594195766,56.742758982,11972333.0
2022-10-31,58.1785671,58.140782676,58.816179258,57.687369586,10802817.0
2022-11-01,59.756066809,58.169120994,59.916650611,58.169120994,11561899.0
2022-11-02,59.03816275,57.167833754,59.406560885,57.167833754,16552942.0
2022-11-03,56.67663624,56.941127209,57.517339677,56.138208195,11040914.0
2022-11-04,58.102998252,59.019270537,59.03816275,57.640139056,12786052.0
2022-11-07,59.151516022,59.283761507,59.440944711,58.538558201,8507052.0
2022-11-08,60.804584579,61.418581472,62.108147213,60.662892988,14102799.0
2022-11-09,62.844943484,61.39968926,62.911066226,61.352458729,15086801.0
2022-11-10,63.987922314,66.916215187,66.944553505,63.591185861,21367851.0
2022-11-11,68.710975334,69.740600893,70.467951058,68.370915517,15524662.0
2022-11-14,69.183280636,68.767651971,69.598909302,68.238670032,11575276.0
2022-11-15,77.382500679,76.003369197,78.336557389,75.578294426,48742400.0
2022-11-16,76.097830258,75.049312487,76.107276364,74.529776655,24006636.0
2022-11-17,74.907620897,76.966872013,78.346003495,74.331408428,24278444.0
2022-11-18,78.194865799,77.713114391,78.251542435,76.513458924,18578370.0
2022-11-21,76.333982909,75.502725577,76.541797242,75.063481646,18659710.0
2022-11-22,76.844072635,77.968159254,78.582156146,76.730719362,16504724.0
2022-11-23,77.873698193,77.429731209,78.350726548,77.203024664,14683777.0
2022-11-25,77.590315012,76.891303165,77.807575451,76.891303165,5908312.0
2022-11-28,75.823893183,74.832052048,76.589027772,74.520330549,13231081.0
2022-11-29,75.483833365,74.935959215,75.762493493,74.586453291,11502331.0
2022-11-30,76.163953,78.383787919,78.808862691,76.012815303,21667259.0
2022-12-01,78.440464556,78.100404738,78.997784812,76.645704408,15975133.0
2022-12-02,77.278593513,76.985764226,77.609207224,76.655150514,10519780.0
2022-12-05,77.401392891,77.099117498,77.624132072,76.466228393,11523339.0
2022-12-06,76.891303165,75.153219654,76.929087589,74.775375412,13992139.0
2022-12-07,74.624237716,74.85094426,75.294911244,74.236947368,14925265.0
2022-12-08,75.049312487,76.324536803,76.485120605,74.718698776,11197474.0
2022-12-09,76.371767333,76.220629636,77.637545542,76.220629636,13787901.0
2022-12-12,75.370480093,75.975030879,75.975030879,74.435315595,11516597.0
2022-12-13,77.543084482,76.050599728,77.543084482,75.214619343,16938026.0
2022-12-14,76.343429015,75.587740532,76.995210332,75.115529691,17909974.0
2022-12-15,75.243194963,73.723322321,75.243194963,73.514339833,17080157.0
2022-12-16,73.723322321,72.478926596,74.150786502,72.412432168,11929136.0
2022-12-19,73.067877244,72.288942516,73.257861325,71.965969579,12561296.0
2022-12-20,71.348521319,71.832980723,72.383934556,71.149038034,12080590.0
2022-12-21,72.060961619,73.276859733,73.542837445,71.975468783,10806100.0
2022-12-22,72.459928188,71.510007787,72.602416248,70.30835848,13019652.0
2022-12-23,71.13953883,71.13953883,71.579731944,70.455596142,7452602.0
2022-12-27,70.607583406,70.598084202,70.99705077,70.446096938,8974797.0
2022-12-28,70.47459455,69.401184497,70.811816292,69.192202008,10275692.0
2022-12-29,70.626581814,72.193950476,72.231852299,70.436597734,11142511.0
2022-12-30,70.56958659,70.75957067,70.835564302,69.961637533,7784126.0
2023-01-03,72.051462415,70.322607286,72.165452863,70.075627981,9276191.0
2023-01-04,71.23453087,72.497925004,72.77340192,70.740572262,12316386.0
2023-01-05,72.193950476,71.937471967,72.611915452,71.567003011,10039194.0
2023-01-06,72.668910676,74.160285706,74.795782454,72.336438536,13744129.0
2023-01-09,76.525587504,76.288107404,77.147785367,76.045877702,22247607.0
2023-01-10,76.478091484,77.200030989,77.494506313,76.430595464,10269011.0
2023-01-11,77.485007109,77.684490393,77.788981637,76.58733233,11771417.0
2023-01-12,80.705237268,82.643074887,84.384753942,80.192280252,36086750.0
2023-01-13,81.132701449,82.453090806,82.738066927,80.648242044,18719894.0
2023-01-17,81.902136974,84.533416484,85.236357581,81.84514175,21849956.0
2023-01-18,85.948797882,84.989378277,86.651738979,84.884887033,19209828.0
2023-01-19,84.571413301,83.972963448,85.502335294,83.839974592,13651099.0
2023-01-20,85.49283609,86.471254103,86.471254103,84.732899769,14287246.0
2023-01-23,87.164695995,90.869385559,90.935879987,87.126699179,22875100.0
2023-01-24,93.092199298,89.824473118,101.100028278,86.965212711,11370465.0
2023-01-25,88.038622764,87.782144256,88.342597293,86.556746939,14147280.0
2023-01-26,89.188026449,88.770061473,89.558495406,88.000625948,15759412.0
2023-01-27,88.17161162,88.627573413,89.406698126,87.620657788,13646559.0
2023-01-30,88.200109232,88.466086945,89.529997794,87.943630724,14079798.0
2023-01-31,86.442756491,88.086118784,88.114616396,85.49283609,13342098.0
2023-02-01,88.342597293,89.99545879,90.973876803,87.93413152,16788486.0
2023-02-02,91.762310736,91.809806756,92.617239097,91.040371231,14925277.0
2023-02-03,90.280434911,89.919465158,92.094782876,89.586993018,12242178.0
2023-02-06,87.202692811,87.231190423,87.440172912,86.191027584,12425241.0
2023-02-07,87.183694403,89.814973914,89.957461974,87.088702363,15258858.0
2023-02-08,90.261436503,89.558495406,91.135363271,89.510999386,12899724.0
2023-02-09,91.192358496,91.847803572,93.628904324,90.831388743,16997355.0
2023-02-10,91.144862475,90.593908643,91.667318696,89.529997794,11511442.0
2023-02-13,90.688900683,91.29684974,91.562827452,90.156945258,7803456.0
2023-02-14,91.021372823,93.054202481,94.032620494,90.451420583,15345050.0
2023-02-15,87.706150624,88.114616396,88.988448173,86.224274798,30752027.0
2023-02-16,86.423758082,86.271770818,87.193193607,85.378845641,15568426.0
2023-02-17,85.464338477,85.58782813,85.77781221,84.485920464,11235272.0
2023-02-21,83.95396504,83.251023943,84.941882257,83.094287077,14007605.0
2023-02-22,83.355515187,82.481588418,83.678488124,82.32010195,10106384.0
2023-02-23,85.77781221,85.568829722,87.383177687,84.979879073,15468324.0
2023-02-24,83.678488124,83.697486532,83.730733746,82.871055783,8817618.0
2023-02-27,84.257939568,82.928051007,84.400427628,82.866306181,10609435.0
2023-02-28,82.776063743,82.709569315,83.730733746,82.548082846,7520449.0
2023-03-01,84.580912505,83.991961856,85.530832906,83.844724194,8176749.0
2023-03-02,83.251023943,84.571413301,84.865888625,82.757065335,9776757.0
2023-03-03,84.229441956,85.293352805,85.350348029,83.479004839,10844048.0
2023-03-06,85.56408012,85.093869521,86.756230223,85.022625491,9959998.0
2023-03-07,85.445340069,84.400427628,85.720816986,83.877971408,8761066.0
2023-03-08,83.920717826,86.281270022,86.290769226,83.725984144,8813034.0
2023-03-09,85.212609571,84.42892524,86.148281166,84.137489661,10354665.0
2023-03-10,83.6214929,82.880554987,84.704402157,82.833058967,11928804.0
2023-03-13,82.054124238,83.346015983,84.542915689,81.98762981,11847587.0
2023-03-14,83.6214929,84.818392605,85.136615939,83.317518371,11100110.0
2023-03-15,82.833058967,82.358098766,82.871055783,81.161199061,12171472.0
2023-03-16,82.072654026,85.271530012,85.433861032,81.94851854,13188257.0
2023-03-17,85.042356807,85.433861032,85.96859851,84.985063506,13287742.0
2023-03-20,85.18559006,85.978147394,86.29326055,84.660878909,8217489.0
2023-03-21,86.894840214,88.327172745,88.804616922,86.703862543,12299684.0
2023-03-22,89.282061099,88.441759347,90.74304028,88.365368279,12812373.0
2023-03-23,90.227400569,90.322889404,91.49740208,89.215218914,11169698.0
2023-03-24,89.711760858,88.604090367,89.931385179,87.935668519,7655139.0
2023-03-27,87.887924102,86.570178173,88.021608471,86.465140454,9349773.0
2023-03-28,86.570178173,86.713411426,86.770704727,85.866329967,7521266.0
2023-03-29,87.620555363,88.575443717,89.009917918,87.324539973,9264041.0
2023-03-30,89.138827845,88.298526094,89.301158866,87.878375218,10232790.0
2023-03-31,87.124013418,88.823714689,89.052887894,87.0189757,8701770.0
2023-04-03,88.814165805,88.651834785,89.377454445,87.572810945,6863562.0
2023-04-04,88.842812456,88.012059588,89.071985661,87.582359828,6338442.0
2023-04-05,87.467773226,86.13092953,88.021608471,85.028033481,9171762.0
2023-04-06,85.615289819,86.169125064,86.808900262,85.367018847,5874515.0
2023-04-10,84.426453818,85.004161273,85.013710156,82.56919597,12232876.0
2023-04-11,84.641303698,85.21423671,85.787169723,84.474198236,11079168.0
2023-04-12,84.899123554,82.951151311,85.462507683,82.941602428,11299106.0
2023-04-13,82.655135922,83.123031215,83.672092019,82.091751793,7910506.0
2023-04-14,83.982430734,83.266264468,84.383483842,82.636038155,7656385.0
2023-04-17,83.791453063,84.020626268,84.077919569,83.228068934,8163582.0
2023-04-18,84.221152822,84.163859521,84.412130493,83.547956533,8468232.0
2023-04-19,82.340022765,83.294911119,83.438144372,82.158593978,11191264.0
2023-04-20,84.335739425,85.261981128,87.731799856,84.125663987,19206258.0
2023-04-21,83.820099714,81.51881878,83.9442352,81.432878829,13175396.0
2023-04-24,81.547465431,80.821750282,82.082202909,80.201072852,10567552.0
2023-04-25,79.513553237,78.57776265,79.637688723,78.549116,13423692.0
2023-04-26,78.530018232,78.539567116,78.663702602,77.546483228,11583451.0
2023-04-27,79.160244546,79.895508579,80.076937366,78.453627164,10013661.0
2023-04-28,80.668968145,80.497088242,80.697614796,79.944494351,8262599.0
2023-05-01,80.497088242,80.191523968,80.8694947,80.1151329,4931139.0
2023-05-02,79.733177559,79.217537847,80.258366153,78.826033622,6874978.0
2023-05-03,78.892875807,78.969266875,79.981448531,78.722332747,7151630.0
2023-05-04,79.255733382,79.723628675,79.981448531,78.911973574,7290557.0
2023-05-05,80.497088242,81.136863439,81.709796451,79.967125205,6865003.0
2023-05-08,80.688065913,81.681149801,81.681149801,80.602125961,6746640.0
2023-05-09,81.404232178,81.222803391,81.623856499,80.497088242,7287804.0
2023-05-10,80.697614796,81.070021254,81.303968901,80.372952756,7442294.0
2023-05-11,80.344306105,79.666335374,80.344306105,78.802161413,8730884.0
2023-05-12,79.618590956,79.666335374,80.143779551,79.203214522,5069826.0
2023-05-15,79.570846538,81.795736403,81.805285287,79.470583261,8707286.0
2023-05-16,81.824383054,82.005811841,82.836564709,81.728894218,11286533.0
2023-05-17,84.316641658,86.780253611,87.658750897,84.087468453,23215574.0
2023-05-18,87.133562302,88.470405998,89.186572263,86.961682398,14879044.0
2023-05-19,87.973864054,88.403563813,88.599315925,87.429577692,9295245.0
2023-05-22,87.916570752,87.582359828,88.269879443,87.081043443,9259822.0
2023-05-23,86.894840214,86.360102735,87.214727812,86.255065016,7656686.0
2023-05-24,85.252432245,86.064087346,86.083185113,85.156943409,9443880.0
2023-05-25,92.681463639,96.395979336,97.751920798,92.60507257,60793166.0
2023-05-26,96.3004905,98.554027016,99.728539691,96.185903898,26135846.0
2023-05-30,99.107862261,97.37951434,100.492450374,96.945040139,25247959.0
2023-05-31,95.231015544,94.14244282,95.469737632,93.636351993,22206683.0
2023-06-01,94.228382772,94.381164909,96.052219528,94.151991704,14998514.0
2023-06-02,96.682445842,94.476653744,96.73019026,94.171089471,13085123.0
2023-06-05,93.588607575,93.626803109,94.352518258,89.995840143,10568514.0
2023-06-06,93.206652233,95.316955496,96.061768412,93.025223446,13827603.0
2023-06-07,96.806581328,95.765753022,98.372598229,95.049586757,14367514.0
2023-06-08,94.524398162,95.431542098,96.157257247,94.175863913,9081050.0
2023-06-09,98.067033955,98.162522791,99.957712896,97.637334196,14906100.0
2023-06-12,99.633050856,102.230347179,102.545460336,99.604404205,20578756.0
2023-06-13,105.03771894,101.982076207,105.696591904,101.924782905,17858602.0
2023-06-14,101.246812174,102.564558103,102.841475725,100.473352607,12862629.0
2023-06-15,101.89241532,100.847315737,102.266350033,100.741846971,11987940.0
2023-06-16,101.087017476,100.262443493,101.389137548,100.051505962,11430776.0
2023-06-20,99.88850878,99.696747388,100.55967365,98.824233057,9302357.0
2023-06-21,98.900937614,97.453139109,99.457045649,97.431565952,9340383.0
2023-06-22,97.242201578,98.881761475,99.164609527,97.155908952,8581952.0
2023-06-23,97.338082274,97.712016987,97.980482935,96.844296691,8919044.0
2023-06-26,97.817485753,95.986164465,98.790674814,95.966988326,8560047.0
2023-06-27,96.9833237,97.87501417,98.55576711,95.899871839,9732034.0
2023-06-28,96.360099178,96.7627981,97.683252779,96.091249707,8160885.0
2023-06-29,97.165497022,96.494332152,97.338082274,95.899871839,7383942.0
2023-06-30,97.223025439,96.7627981,97.692840848,96.269012517,11704648.0
2023-07-03,98.038011353,98.900937614,99.409872347,97.8654261,5638381.0
2023-07-05,97.223025439,96.829914587,98.843409197,96.801150378,9014765.0
2023-07-06,95.017769438,95.314999595,95.458820638,94.53836596,9143570.0
2023-07-07,94.998593299,96.1012213,97.740781196,94.921888743,8036622.0
2023-07-10,96.120397439,95.660170099,96.599800917,95.305411525,8041648.0
2023-07-11,98.114715909,97.088792465,98.114715909,96.014928673,7684553.0
2023-07-12,98.594119388,99.620042832,100.123416484,98.527002901,10202026.0
2023-07-13,100.674730485,101.22125045,101.293160972,98.296889231,9265863.0
2023-07-14,101.633537442,100.808963458,102.875192451,100.540497511,9518336.0
2023-07-17,100.367912258,100.473381024,100.698700658,98.364005718,10729126.0
2023-07-18,99.418693371,98.900937614,99.457045649,97.807897683,10355352.0
2023-07-19,99.620042832,98.814644988,100.473381024,98.344829579,11204828.0
2023-07-20,94.490425612,93.828848812,96.31215883,93.052215176,22810237.0
2023-07-21,93.848024951,93.243976568,93.953493716,92.363791781,15381226.0
2023-07-24,93.263152707,94.202783525,94.217165629,92.793337298,9054912.0
2023-07-25,95.415674325,96.187513926,96.734033891,95.027357508,9202222.0
2023-07-26,95.391704151,95.314999595,96.005340604,94.509601751,8993547.0
2023-07-27,97.318906135,95.257471177,97.568195944,94.830802082,8049784.0
2023-07-28,95.986164465,96.705269683,96.829914587,95.669758169,6766298.0
2023-07-31,95.094473995,95.065709786,95.669758169,94.365780707,8654145.0
2023-08-01,95.056121716,94.346604568,95.104062064,94.044580377,6439692.0
2023-08-02,93.483678307,91.757825784,93.483678307,91.288010375,9827891.0
2023-08-03,90.933251801,91.067484775,91.858500515,90.679167958,8603707.0
2023-08-04,91.355126862,92.198876985,93.560382864,91.211305819,7562649.0
2023-08-07,92.74539695,92.381050306,92.946746411,91.30239248,6601403.0
2023-08-08,90.97160408,90.597669366,90.990780219,89.811447662,7659012.0
2023-08-09,91.882470689,90.108677818,91.901646828,89.84979994,6426862.0
2023-08-10,91.518124045,90.894899523,92.016703663,90.396319905,7459584.0
2023-08-11,89.648450479,88.200651974,89.648450479,88.181475835,10658398.0
2023-08-14,87.913009887,89.236163487,89.447101018,87.539075174,7489675.0
2023-08-15,88.708819661,87.903421817,88.890992983,87.721248495,6069500.0
2023-08-16,87.673308148,87.999302513,88.895787018,87.558251313,7439502.0
2023-08-17,89.092342444,87.865069539,89.092342444,87.587015521,7712486.0
2023-08-18,86.359742616,87.347313782,87.567839382,85.870751068,9066167.0
2023-08-21,86.772029608,88.747171939,89.07796034,86.772029608,8618303.0
2023-08-22,89.504629435,88.440353713,89.638862409,88.023272687,7060063.0
2023-08-23,89.926504497,90.338791488,91.177747575,89.39916067,10362581.0
2023-08-24,92.553635559,88.718407731,92.793337298,88.660879313,12254419.0
2023-08-25,88.449941783,89.264927696,89.562157853,87.639749904,10355952.0
2023-08-28,89.955268705,90.127853958,90.271675001,89.407214649,5174779.0
2023-08-29,89.907328357,91.163365471,91.681121228,89.658038549,8910319.0
2023-08-30,91.518124045,90.875723384,91.968763315,90.73190234,6073414.0
2023-08-31,89.495041366,89.715566966,90.51137674,89.427924879,8661169.0
2023-09-01,90.415496045,89.351220322,90.683961993,89.255339627,7094628.0
2023-09-05,89.552569783,90.703138132,91.134601262,89.044402096,6396488.0
2023-09-06,89.984032914,88.459529852,90.089501679,87.818087998,7933713.0
2023-09-07,86.359742616,86.340566477,86.570680147,84.787299207,14684446.0
2023-09-08,87.011731347,85.947455625,87.318549573,85.637281574,5822265.0
2023-09-11,86.388506825,85.909103347,86.671258997,85.487228286,7268572.0
2023-09-12,86.73367733,86.752853469,87.797953052,86.695325051,8242642.0
2023-09-13,86.867910304,87.462370617,88.099977243,86.752853469,5757807.0
2023-09-14,89.414020926,88.151546606,89.558579055,87.953983831,6506310.0
2023-09-15,87.226374586,86.012086308,87.833518724,85.636235175,19940492.0
2023-09-18,85.327844501,85.607323549,86.412030463,85.221835207,6647388.0
2023-09-19,85.241109624,84.971267785,85.616960758,84.60505386,7175404.0
2023-09-20,85.308570084,84.123193432,86.074728164,84.123193432,6939697.0
2023-09-21,82.918542364,82.263212182,83.014914449,82.253574974,10660422.0
2023-09-22,83.120923743,82.533054022,83.626009843,82.349947059,7970526.0
2023-09-25,82.292123808,83.111286535,83.111286535,81.935547092,8758022.0
2023-09-26,81.868086632,81.232030867,82.137928471,80.967007632,8877634.0
2023-09-27,82.08010522,82.340309851,82.451137749,81.048923905,7858373.0
2023-09-28,82.157202888,83.27511908,83.968998096,81.892179653,6647723.0
2023-09-29,84.566505026,83.747342299,84.836346865,83.549779524,7338288.0
2023-10-02,84.017184138,84.47013294,85.212197999,83.862988802,6305021.0
2023-10-03,83.843714385,82.311398225,84.152105058,81.974095926,8201668.0
2023-10-04,82.369221476,83.525686502,83.612421379,82.282486599,7658502.0
2023-10-05,83.679881839,83.87262601,84.747106314,83.390765583,6651679.0
2023-10-06,84.894170116,86.050635142,86.754151367,84.209928309,9777118.0
2023-10-09,85.578411924,85.761518886,86.098821185,84.845984074,4781316.0
2023-10-10,86.031360725,87.322746671,87.370932714,85.906077014,7182943.0
2023-10-11,87.949165227,88.66231866,88.671955868,87.342021088,8051727.0
2023-10-12,89.153816296,89.067081419,90.050076691,88.508123323,8897784.0
2023-10-13,89.385109301,87.178188543,89.568216263,86.927621121,7986463.0
2023-10-16,87.19746296,87.910616393,88.565946574,87.149276917,8791813.0
2023-10-17,86.551769987,87.698597805,88.373202403,85.308570084,7997066.0
2023-10-18,85.655509592,86.349388608,86.744514158,85.366393335,9982673.0
2023-10-19,89.712774391,89.539304638,91.322188219,89.009258167,22751595.0
2023-10-20,88.66231866,87.99735127,90.898151043,87.785332681,12197289.0
2023-10-23,86.715602532,87.804607099,88.912886082,85.929302687,8227866.0
2023-10-24,87.891341976,88.315379152,88.66231866,87.563676885,7374762.0
2023-10-25,87.505853634,84.460495732,87.554039676,83.535323711,13027070.0
2023-10-26,83.959360887,84.277388769,84.942356159,83.400402791,9377296.0
2023-10-27,84.364123646,82.870356321,84.595416651,82.773984235,12480729.0
2023-10-30,84.14246785,82.937816781,85.096551496,82.87999353,9785511.0
2023-10-31,83.024551658,83.178746995,83.294393497,81.868086632,9004922.0
2023-11-01,83.332942331,84.614691069,84.682151528,83.20765862,9508804.0
2023-11-02,87.120365292,87.19746296,87.746783847,86.219286292,11032583.0
2023-11-03,88.32501636,88.45993728,89.095993044,87.544402468,9226706.0
2023-11-06,88.66231866,89.240551173,89.250188381,87.978076852,8402708.0
2023-11-07,88.903248873,89.05744421,89.674225557,88.421388446,6241257.0
2023-11-08,89.944067397,88.66231866,90.050076691,88.5948582,6537666.0
2023-11-09,89.269462798,88.296104735,89.982616231,88.276830318,8166021.0
2023-11-10,90.628309204,93.904960111,94.203713576,90.213909236,19292869.0
2023-11-13,93.490560143,92.921964839,93.654392688,92.24736024,9526286.0
2023-11-14,94.44464379,95.321629768,96.073332034,94.396457747,13873244.0
2023-11-15,96.323899457,95.215620474,97.046593726,94.849406549,10422887.0
2023-11-16,94.675936795,94.965053051,95.504447614,94.357908913,8459045.0
2023-11-17,95.350541393,95.96732274,96.10224366,94.754480044,7247710.0
2023-11-20,96.275713414,96.333536665,96.939427967,95.928773906,6452894.0
2023-11-21,96.3720855,94.83976934,96.516643628,94.67111819,10112622.0
2023-11-22,95.138522805,95.071062345,96.0347832,94.396457747,7416466.0
2023-11-24,94.9072298,94.280811244,95.143341409,93.933871736,4297621.0
2023-11-27,93.885685694,93.683304314,94.010969405,92.921964839,6856096.0
2023-11-28,94.319360078,94.425369372,94.685574003,93.707397335,6358143.0
2023-11-29,95.408364645,95.292718142,96.111880869,95.022876303,7091122.0
2023-11-30,95.33608558,93.7796764,95.389090227,93.384550849,9681363.0
2023-12-01,94.155527533,94.97469026,95.196346056,93.500197352,7500388.0
2023-12-04,93.529108977,93.490560143,93.673667106,91.79450781,10619352.0
2023-12-05,92.960513673,93.182169469,93.495378747,92.401555577,8009587.0
2023-12-06,94.251899619,94.300085661,94.993964677,93.909778715,11262266.0
2023-12-07,94.406094955,95.687843692,96.025145992,94.338634495,11373668.0
2023-12-08,95.524011147,96.709387799,96.728662216,95.355359997,10572458.0
2023-12-11,95.957685532,97.287620312,97.538187734,95.764941361,9482773.0
2023-12-12,96.516643628,97.914038868,97.96222491,96.323899457,7378574.0
2023-12-13,97.721294697,98.415173712,98.954857391,97.244252873,8988814.0
2023-12-14,100.074118977,100.170949281,100.519538374,99.541552306,10074499.0
2023-12-15,100.219364433,99.289793516,101.434584745,99.14454806,16379236.0
2023-12-18,99.580284427,99.667431701,100.035386855,98.844374119,5660567.0
2023-12-19,99.967605643,100.577636557,100.679308376,99.822360187,8498473.0
2023-12-20,99.444722002,96.869035921,99.817518672,96.767364102,10814080.0
2023-12-21,98.089097749,99.299476546,99.459246548,97.953535324,9068244.0
2023-12-22,99.667431701,99.880458369,100.306511706,99.449563517,5566576.0
2023-12-26,100.325877767,101.139252319,101.63066611,100.287145645,6407484.0
2023-12-27,101.720234141,101.332912926,102.030091114,100.776138679,5889724.0
2023-12-28,101.67181899,101.381328078,102.175336569,101.381328078,5335145.0
2023-12-29,101.400694139,100.703515952,101.642769898,100.383975949,4409641.0
2024-01-02,99.008985635,98.311807448,99.367257759,97.401602592,9020864.0
2024-01-03,97.159526832,96.994915316,98.040682597,96.50204907,6650601.0
2024-01-04,96.375201372,95.987880156,97.256357136,95.978197126,7996713.0
2024-01-05,95.862000762,96.452665615,97.450017744,95.668340154,7347316.0
2024-01-08,97.440334713,98.999302605,99.531869276,97.314455319,12455556.0
2024-01-09,97.847021989,98.660396541,98.733019269,97.033647437,7763961.0
2024-01-10,99.270427455,97.60494623,99.519571827,96.810937739,6975726.0
2024-01-11,98.476418964,98.011633506,98.921838362,96.820620769,7862691.0
2024-01-12,97.692093503,98.030999567,99.130023515,97.672727443,6519711.0
2024-01-16,97.34350441,98.447369873,99.105815939,97.023964407,11185515.0
2024-01-17,97.672727443,99.686797762,100.049911401,96.8303038,17649519.0
2024-01-18,107.675297825,109.447292385,109.795881478,106.0098166,58783719.0
2024-01-19,109.631269962,110.580206939,111.500094825,107.501003278,37812587.0
2024-01-22,111.141822701,109.447292385,111.451679673,108.953457835,17755537.0
2024-01-23,109.921760873,110.512425726,110.986797385,109.57317178,11667877.0
2024-01-24,111.674389372,112.826669987,115.078458702,110.977211185,21859177.0
2024-01-25,114.279124544,112.865402109,115.073133035,112.787937866,15485264.0
2024-01-26,113.194625142,113.543214235,114.298490605,112.615579925,10196442.0
2024-01-29,113.456066962,113.272089385,114.133975919,112.085918163,10042237.0
2024-01-30,112.671741501,112.38125059,114.269441514,111.897970544,11030838.0
2024-01-31,109.902394813,109.379511172,111.10309058,109.297205414,12853858.0
2024-02-01,110.192885724,109.795881478,110.41801618,109.035763593,8807585.0
2024-02-02,111.219286944,112.081076648,112.284420286,110.309178919,10043957.0
2024-02-05,113.41733484,115.024717884,115.750945162,112.88476817,13267629.0
2024-02-06,116.312560924,115.596016676,117.154984567,114.527784764,11511859.0
2024-02-07,116.20604759,121.018513689,121.033038234,116.19636456,18172529.0
2024-02-08,122.974485826,129.491165271,130.47883437,122.112696122,33367010.0
2024-02-09,130.236758611,128.890817388,130.885521646,126.450693732,16984174.0
2024-02-12,129.045745874,126.324814337,129.278138603,126.131153729,14203766.0
2024-02-13,123.875007651,123.507052496,125.801930696,122.466126731,14493976.0
2024-02-14,125.521122815,125.172533722,126.64435434,123.904056742,13069689.0
2024-02-15,126.65403737,124.940140993,126.973577372,124.281694927,12553979.0
2024-02-16,123.10036522,122.674311884,124.562502808,121.82220521,13104415.0
2024-02-20,122.867972491,121.357419752,123.032584008,120.209980652,12038783.0
2024-02-21,120.485947018,121.367102782,121.405834904,119.0141264,11578140.0
2024-02-22,125.579220998,124.978873114,127.312483436,124.911091902,17014124.0
2024-02-23,126.363546459,125.424292512,126.852539493,123.681347043,10123345.0
2024-02-26,125.898761,126.499108884,127.070407676,124.485038565,9526723.0
2024-02-27,126.624988279,124.514087656,127.786951924,124.514087656,8851789.0
2024-02-28,124.426940383,123.34244098,124.504404626,122.635579762,6519095.0
2024-02-29,123.971837955,124.591551899,125.094972648,123.119731281,9369902.0
2024-03-01,126.005274334,129.655776788,132.318610142,125.976225243,24393047.0
2024-03-04,135.504327137,133.877578033,137.489348365,133.315962271,26544607.0
2024-03-05,132.77371257,130.691861038,133.073886512,129.491165271,13694693.0
2024-03-06,134.400461674,137.082661089,139.435637472,134.217936551,22292689.0
2024-03-07,140.307110206,144.470813269,146.79474056,139.580882927,34675734.0
2024-03-08,149.021837548,141.730515672,153.379201219,140.331317782,43856881.0
2024-03-11,139.067682317,134.613488342,139.822958687,134.526341069,29227113.0
2024-03-12,139.939155051,139.822958687,142.050055674,136.114358051,21218495.0
2024-03-13,138.515749585,137.634593821,138.690044132,136.889000482,12923058.0
2024-03-14,138.089696249,135.194470165,138.564164737,134.613488342,14961903.0
2024-03-15,131.146963466,132.638150145,133.335328332,130.362638005,22751213.0
2024-03-18,136.279529909,132.838029439,137.601688281,132.808864181,14732899.0
2024-03-19,131.535314572,131.117279204,132.481338331,129.3284767,17341128.0
2024-03-20,132.731090159,132.944968719,133.489386872,131.253383742,12750230.0
2024-03-21,138.583585308,135.569841959,138.632194072,135.171250096,17809393.0
2024-03-22,135.521233195,136.629513007,137.407253227,135.239302366,9944135.0
2024-03-25,136.260086403,136.328138673,137.73779282,135.385128657,9922244.0
2024-03-26,136.697565277,134.976815042,137.037826623,134.782379987,10786446.0
2024-03-27,134.996258547,132.886638203,135.404572162,131.389488281,13842815.0
2024-03-28,131.904741176,132.264446027,132.993577483,131.67141911,10019364.0
2024-04-01,133.469943367,137.553079518,138.982177171,133.236621301,14222662.0
2024-04-02,136.473964964,136.31841692,137.115600644,135.472624431,9869172.0
2024-04-03,134.72404947,138.048888908,138.953011912,134.539336168,9707518.0
2024-04-04,139.993239456,135.773998766,142.666721459,135.550398453,15759510.0
2024-04-05,136.10453836,137.426696732,138.048888908,135.054589064,8263641.0
2024-04-08,141.198736795,138.816907374,141.937590004,138.787742116,16307401.0
2024-04-09,142.190355575,141.354284839,144.047113131,138.972455418,18487980.0
2024-04-10,142.550060426,142.151468564,144.299975919,141.218180301,18861324.0
2024-04-11,143.104200332,143.104200332,143.454183431,140.119622241,11818761.0
2024-04-12,140.96541473,138.55442005,142.433399393,138.194715199,12024043.0
2024-04-15,140.984858235,136.240642898,141.432058861,135.987974544,13458780.0
2024-04-16,134.053248531,135.910103305,136.62941579,133.246343054,14218222.0
2024-04-17,137.203096419,135.161528344,138.603028814,133.538092854,18823237.0
2024-04-18,129.192372161,128.589623491,131.370044775,126.674438202,39306149.0
2024-04-19,125.770315197,124.146782489,127.889657294,123.116276699,28284021.0
2024-04-22,123.223215979,126.139741801,127.025004606,122.280205963,18556792.0
2024-04-23,127.704943992,129.717346809,129.989555886,127.0244213,12573756.0
2024-04-24,132.303333038,129.270146183,132.497768093,127.879935541,15558000.0
2024-04-25,126.38278562,132.779698922,134.004639768,125.274505807,18034257.0
2024-04-26,133.003299235,134.451840394,134.879500297,132.162367623,9453393.0
2024-04-29,134.160187812,134.646275449,134.788213039,132.128341489,10025907.0
2024-04-30,134.101857295,133.518552131,135.812885777,133.440778109,10980630.0
2024-05-01,133.596326153,131.185331473,135.550398453,129.503468249,12573480.0
2024-05-02,131.826967154,132.439437577,132.935246966,129.513190002,9261896.0
2024-05-03,135.035145558,137.621131787,138.155828188,134.89904102,13264336.0
2024-05-06,136.561460738,138.855794385,138.855794385,135.919825057,8601573.0
2024-05-07,137.922506122,137.183652914,138.335680613,136.600347749,8682941.0
2024-05-08,137.183652914,139.604369346,140.246005027,136.882278579,10202348.0
2024-05-09,138.962733665,138.816907374,139.361325527,137.203193637,8012668.0
2024-05-10,143.123643838,145.106881397,146.30751786,142.841713008,23671378.0
2024-05-13,143.901384057,142.336181866,144.309697672,142.229242586,8278732.0
2024-05-14,142.413955888,147.722032884,147.7803634,142.180633822,12316540.0
2024-05-15,149.09280002,151.251029128,151.659342744,148.480329598,14027093.0
2024-05-16,149.812209723,147.994241961,150.74063711,147.974798455,13394140.0
2024-05-17,149.714992196,147.45954556,149.714992196,146.64291833,7711247.0
2024-05-20,147.449823807,149.277513322,149.948314261,146.623474824,9261190.0
2024-05-21,148.06229423,149.394174355,149.705270443,147.722032884,7919449.0
2024-05-22,151.542681711,151.805169035,152.855118331,150.240064061,13455201.0
2024-05-23,154.750860115,152.719013792,156.306243336,151.528099082,20872972.0
2024-05-24,152.825953072,155.54804384,156.18967952,152.349587188,11908211.0
2024-05-28,155.236947752,154.974460428,155.917470444,153.214823182,13964361.0
2024-05-29,152.388474199,150.045531789,152.514856985,148.946973729,15779980.0
2024-05-30,149.316400333,148.703929911,149.763600959,147.663702367,9710978.0
2024-05-31,147.265110505,146.837353384,148.256729285,143.697227249,13782609.0
2024-06-03,150.803828502,150.638558706,152.777344309,148.218036709,12924395.0
2024-06-04,149.131687031,148.227564026,149.510835388,146.788744621,10066743.0
2024-06-05,154.177276703,158.38679564,159.174257612,153.555084528,23192572.0
2024-06-06,159.942276078,157.560446657,160.117267627,155.898026938,14819056.0
2024-06-07,159.018709568,159.815893292,161.497659299,157.453507377,14023335.0
2024-06-10,159.436744936,163.480994075,165.114248536,157.896430431,12438405.0
2024-06-11,163.500437581,161.099164654,163.719177017,159.232588128,11508574.0
2024-06-12,168.5363055,168.166878896,171.16117874,166.762085625,20309502.0
2024-06-13,168.664162715,168.625153946,169.756408232,166.284627838,15591789.0
2024-06-14,167.737704464,168.235066262,169.337063971,166.138344956,9192483.0
2024-06-17,173.432984662,172.847853134,174.242416608,169.181028897,18593708.0
2024-06-18,175.558962544,175.237140204,180.27902353,174.554486755,27155146.0
2024-06-20,178.055523726,171.0339454,178.63538907,169.200533282,28403222.0
2024-06-21,168.430110104,169.649134119,173.081905745,167.942500498,20271302.0
2024-06-24,166.206610301,163.651535965,167.172077321,162.979609928,19741664.0
2024-06-25,165.738505079,168.322835991,168.361844759,164.82179902,13480972.0
2024-06-26,167.854730769,167.805969808,169.385824932,165.982309882,11901499.0
2024-06-27,169.483346853,167.376873355,171.131467321,166.908768133,10864584.0
2024-06-28,168.527632025,169.502851237,172.438163543,168.527632025,11216068.0
2024-07-01,169.922195498,168.059526803,170.955927863,166.226114685,10716975.0
2024-07-02,166.889263749,171.346015548,172.330986952,166.791741828,10655486.0
2024-07-03,173.579267543,177.967753997,177.967753997,173.47199343,11808737.0
2024-07-05,179.576865697,179.430582815,180.493571756,177.782462347,11372882.0
2024-07-08,185.29165028,182.005161535,188.022264073,180.542332717,22582402.0
2024-07-09,183.428981585,179.947448998,183.770308309,177.97750619,19972038.0
2024-07-10,183.614273235,186.315630452,186.676461561,182.07342688,19293520.0
2024-07-11,188.305077645,179.927944614,188.675660945,178.474867988,21584170.0
2024-07-12,178.53338114,182.707319368,185.66223358,178.221310993,19220331.0
2024-07-15,184.00436092,180.630102446,185.350163432,179.518352544,15683114.0
2024-07-16,183.604521043,181.4297822,184.891810403,180.435058604,16663311.0
2024-07-17,170.87303423,166.957529094,172.204208454,166.284627838,45052592.0
2024-07-18,171.150971706,167.610925966,174.261920992,160.433312566,52903620.0
2024-07-19,164.977834094,161.662088773,166.29438003,161.125718206,22585296.0
2024-07-22,162.481272911,165.153373552,166.645458946,162.06192865,21037199.0
2024-07-23,165.221638897,165.611726581,167.289103626,163.804255294,11690667.0
2024-07-24,160.998939709,155.840030077,161.350018625,155.635234043,19536581.0
2024-07-25,154.240670569,156.308135299,159.35081924,148.340594337,25731750.0
2024-07-26,160.228516531,157.926999191,160.511330103,155.245146358,13089172.0
2024-07-29,158.648661408,156.044826112,159.185031974,154.699023599,12663082.0
2024-07-30,156.464170373,150.710377022,157.156478491,148.76969079,22017963.0
2024-07-31,159.711650349,161.691345349,162.520281679,158.053777688,19860383.0
2024-08-01,159.428836777,154.260174954,163.510129179,152.95338121,21095641.0
2024-08-02,147.501905815,146.14635111,150.047227958,143.24995005,31095265.0
2024-08-05,130.542843718,144.283682415,146.2828818,130.260030146,31193148.0
2024-08-06,146.711978253,151.539313352,153.801821924,144.059381996,24528068.0
2024-08-07,157.546663698,151.197986628,158.619404831,150.690872638,22379012.0
2024-08-08,155.323163895,160.472321334,160.667365177,151.685596234,18889635.0
2024-08-09,162.198459339,162.978634709,163.641783773,159.194784166,20519406.0
2024-08-12,161.886389192,163.475996507,165.32891301,161.437788354,14727277.0
2024-08-13,163.836827616,168.069278996,168.176553109,162.217963724,15243472.0
2024-08-14,167.620678158,165.758009463,168.235066262,163.046900054,11510307.0
2024-08-15,168.157048725,169.649134119,171.092458553,166.586945793,15393526.0
2024-08-16,169.093259168,170.214761262,170.6633621,167.981509267,10709972.0
2024-08-19,170.429309489,171.102210745,171.102210745,166.860007173,11510990.0
2024-08-20,171.053449784,167.776713232,171.053449784,165.640983158,13555525.0
2024-08-21,166.138344956,167.191581705,168.790941212,165.69949631,9434811.0
2024-08-22,167.737704464,162.315485645,168.985985055,161.944902344,13546124.0
2024-08-23,164.812046828,167.035546631,168.995737247,163.753933982,12189133.0
2024-08-26,166.15784934,164.880312172,166.811246212,163.661288157,9611328.0
2024-08-27,162.295981261,166.323636606,166.352893182,160.950178748,9186041.0
2024-08-28,167.074555399,165.00709067,168.191181397,162.081433034,10581371.0
2024-08-29,164.470720103,164.958329709,171.072954169,163.358970202,13213194.0
2024-08-30,165.840903096,167.4451387,167.962004882,164.568242025,9481403.0
2024-09-03,163.836827616,156.512931333,164.49900146,155.840030077,18464355.0
2024-09-04,155.352420471,156.883514634,159.818924462,155.011093747,11317391.0
2024-09-05,157.536911506,159.643385004,160.511330103,157.059054092,10260578.0
2024-09-06,160.803895866,152.933876825,161.306426326,152.143949264,14964411.0
2024-09-09,156.776240521,158.746183329,159.058253477,156.278878723,10339023.0
2024-09-10,158.853457442,158.404856605,158.853457442,153.785340719,11910831.0
2024-09-11,159.740906925,166.011566458,166.15784934,157.419885201,15059547.0
2024-09-12,166.985317987,167.797731902,168.502476503,165.419218874,13415497.0
2024-09-13,168.590569579,168.845060685,171.062069742,167.817308141,8787842.0
2024-09-16,166.309937744,165.497523829,166.946165509,163.236468234,12194259.0
2024-09-17,165.761803055,163.804179163,166.633141449,162.830261276,8582819.0
2024-09-18,164.890660423,163.735662326,167.964129933,163.461594982,9115969.0
2024-09-19,170.685227143,172.486241124,174.013187759,168.972306237,15855048.0
2024-09-20,171.164844997,170.391583559,172.290478734,169.970792304,18429784.0
2024-09-23,171.135480638,171.057175682,171.683615328,170.01963502,5794249.0
2024-09-24,175.696744307,178.114409813,178.907247489,173.298655039,14576105.0
2024-09-25,177.673944437,178.486358353,179.925211913,177.370512734,8280927.0
2024-09-26,184.501157761,182.871435871,185.318465736,179.905635674,15103400.0
2024-09-27,181.902412044,174.199162029,182.000293239,173.64123922,17908399.0
2024-09-30,170.577557829,169.990270661,173.073528291,168.287137875,13561649.0
2024-10-01,171.595522253,168.424171548,172.261114376,167.161504137,11850168.0
2024-10-02,169.29531418,172.075140106,173.22416745,167.171194376,11164365.0
2024-10-03,172.075140106,175.677168068,176.959411717,171.411309845,12555033.0
2024-10-04,175.892506696,177.321572137,177.390088973,173.788061012,10001896.0
2024-10-07,177.752249393,180.600592156,181.08021001,177.096445389,12054159.0
2024-10-08,181.041057532,182.107962553,182.587580406,178.17313853,10394172.0
2024-10-09,183.820883458,183.174867574,184.016645848,178.398265277,11925013.0
2024-10-10,181.921988283,181.843683327,183.116138857,180.492922842,6443849.0
2024-10-11,184.183043878,186.767107416,187.432601658,184.026433967,12163858.0
2024-10-14,186.571345027,188.13744414,190.13422051,186.466514267,11714387.0
2024-10-15,188.8715531,183.165079454,189.517568984,180.34610105,21812670.0
2024-10-16,185.758931111,183.507663636,185.984057859,182.70503784,18689223.0
2024-10-17,199.041409219,201.478650964,208.095419719,197.690648733,62274668.0
2024-10-18,201.586320278,196.525862517,201.586320278,196.506286278,21030823.0
2024-10-21,196.555226876,197.671072494,199.129502294,195.429593138,14819950.0
2024-10-22,194.85209409,194.274595042,195.92878723,192.933622676,11165073.0
2024-10-23,192.512733539,196.604167473,198.82607059,192.072268163,16535701.0
2024-10-24,194.744424776,193.736248471,196.251795173,193.227266259,9935780.0
2024-10-25,196.007092186,199.129502294,200.852211319,195.7623892,13434862.0
2024-10-28,195.038068359,190.555109647,195.507898094,190.398597617,20135345.0
2024-10-29,190.271254182,192.767224645,194.578026745,189.497992745,13779107.0
2024-10-30,190.261466063,190.359347258,191.308794845,188.528968919,10007766.0
2024-10-31,188.773671905,186.50282819,188.773671905,183.683849786,13062658.0
2024-11-01,190.085279913,188.86176498,193.971163338,188.470240202,12691190.0
2024-11-04,189.59587394,187.501216375,190.241889824,186.561556907,10917292.0
2024-11-05,189.478416506,191.612226548,194.137561369,189.390323431,10339213.0
2024-11-06,187.971046109,189.126044206,190.144008629,184.506051821,19834867.0
2024-11-07,192.150573119,196.927175415,197.729801211,192.091844402,14865161.0
2024-11-08,199.569967669,196.936963535,202.232336163,195.781965438,13112091.0
2024-11-11,193.76561283,189.938458121,194.000527697,187.432699539,16610009.0
2024-11-12,189.723119493,187.706766884,189.889517524,185.700202395,11818985.0
2024-11-13,188.365507324,182.70503784,188.401723366,182.548427929,13882151.0
2024-11-14,184.408170626,184.506051821,188.577909516,183.561498293,11453908.0
2024-11-15,184.192831998,182.068810075,184.799695404,180.89423574,9834757.0
2024-11-18,180.443982245,183.507663636,184.016645848,179.602203971,10694009.0
2024-11-19,185.122703346,185.651261797,185.993845978,184.036222086,9390115.0
2024-11-20,184.848636002,184.369018148,184.848636002,180.16012678,10624495.0
2024-11-21,185.396770691,187.187996553,188.225537215,182.783342796,18137330.0
2024-11-22,188.86176498,186.052574695,188.910705578,185.41634693,8838925.0
2024-11-25,184.104738923,181.158514965,184.261348834,179.817542599,14380026.0
2024-11-26,181.471734788,179.944788152,181.961140761,178.466782114,10186572.0
2024-11-27,178.143774172,177.350936495,178.584239547,174.277466985,9895248.0
2024-11-29,177.664156318,180.747413948,182.988893304,177.341148376,8045290.0
2024-12-02,185.328253855,190.281042302,191.152184934,184.936729077,16646881.0
2024-12-03,189.400111551,194.675907939,194.783577254,188.519180799,11217660.0
2024-12-04,195.615567408,196.437769442,198.307300259,194.069044533,12761061.0
2024-12-05,196.985904132,199.971280567,201.273100455,196.496498159,12483722.0
2024-12-06,197.720013092,198.718401276,198.884799307,195.693872363,9672870.0
2024-12-09,196.672684309,194.949975284,198.821176531,194.764001015,9699663.0
2024-12-10,194.881458448,187.873164915,195.674296124,186.33643016,15307905.0
2024-12-11,190.545321527,190.476804691,191.847141416,189.165196683,9027611.0
2024-12-12,191.103352278,187.990791899,191.879037673,187.823872257,7944938.0
2024-12-13,194.913047633,197.348110643,198.870025024,193.695516128,19476980.0
2024-12-16,199.518065987,198.555823346,201.776390553,197.230285014,15139257.0
2024-12-17,197.357929446,197.024090162,198.73256179,193.891892177,11169364.0
2024-12-18,199.321689938,192.016500907,201.521101689,190.445492514,14721065.0
2024-12-19,194.805040806,191.113171081,194.971960448,190.435673711,10553405.0
2024-12-20,189.110135379,193.636603313,194.490839127,188.501369627,16170143.0
2024-12-23,197.357929446,203.60268781,204.280086992,197.264650822,17847038.0
2024-12-24,202.188780256,202.591351157,203.445586971,200.843604319,7634490.0
2024-12-26,201.776390553,199.380602752,204.388192007,199.21368311,8053235.0
2024-12-27,200.794510307,197.976514,200.794510307,195.443262966,10664418.0
2024-12-30,196.21894836,196.758982495,198.307407643,194.883591226,11235213.0
2024-12-31,197.151734594,193.911529782,198.123796037,193.78388535,6427867.0
2025-01-02,193.430408462,197.927419988,200.077639539,193.126025585,10951425.0
2025-01-03,200.401758208,204.830038118,205.016595364,200.00900611,10261948.0
2025-01-06,214.805941417,216.023472922,218.173790661,211.7846959,24339947.0
2025-01-07,217.231185625,207.589121609,217.466836884,207.490933584,17010000.0
2025-01-08,206.165395252,203.367036551,206.489415733,202.188780256,13262732.0
2025-01-10,203.838339069,204.594386859,206.174330362,199.547522394,17265198.0
2025-01-13,196.886626927,197.711406334,199.900999283,196.425143212,16612392.0
2025-01-14,201.467098275,197.799775556,202.522619539,194.903228831,14182944.0
2025-01-15,198.820931012,203.052834872,205.252246623,195.73782704,18286492.0
2025-01-16,214.923767046,210.898058038,217.928320599,209.307412039,38539551.0
2025-01-17,211.271172531,207.667672029,211.771931457,207.23564472,21606103.0
2025-01-21,210.574037557,214.7372098,216.160936156,208.207706164,19061304.0
2025-01-22,217.928320599,219.155670907,221.345263855,215.33615675,17294474.0
2025-01-23,216.111842144,220.549940856,220.628491276,215.434344774,8986795.0
2025-01-24,222.12094925,217.859588982,222.297687694,216.956259156,13183798.0
2025-01-27,193.469683671,188.825390108,203.249210922,184.264556365,68667472.0
2025-01-28,192.104870129,198.73256179,199.164589098,188.972672145,31738835.0
2025-01-29,200.784691504,198.663830173,202.709176786,196.130579138,15199493.0
2025-01-30,202.827002416,204.378373204,205.821737166,201.6940108,13538952.0
2025-01-31,206.126120042,205.527173092,211.10425289,204.427467217,15781905.0
2025-02-03,196.012753508,196.17967315,201.275631627,194.392651103,17719766.0
2025-02-04,200.372301801,200.352664196,202.021860614,198.418360111,12692908.0
2025-02-05,202.267330676,204.790762908,206.666154178,200.136650542,10997769.0
2025-02-06,206.248855073,206.685791783,207.35347035,203.249210922,8491436.0
2025-02-07,209.1503112,202.385156305,209.317230842,201.992404207,11616199.0
2025-02-10,204.231091168,204.181997155,206.175214055,202.787727206,9296479.0
2025-02-11,201.413094861,204.95768255,206.03775082,197.357929446,9224508.0
2025-02-12,201.187262405,202.640445169,203.317058846,199.33150874,7373675.0
2025-02-13,198.221984062,198.17289005,198.634373765,195.62000141,15580928.0
2025-02-14,196.356411595,200.205382159,202.512800737,193.882564315,23220332.0
2025-02-18,201.044889769,199.066401074,202.120048639,196.886626927,14988136.0
2025-02-19,198.349628494,197.308835433,198.928937839,196.395686804,13163071.0
2025-02-20,196.650975668,196.474237224,196.709888483,194.029355412,10639333.0
2025-02-21,197.681949927,194.647939967,199.017307061,192.458347018,13757337.0
2025-02-24,193.312582832,188.177349145,195.187974102,187.990791899,15114277.0
2025-02-25,187.195468899,185.938662185,190.023284008,184.071125957,20580951.0
2025-02-26,187.627496208,191.093533476,192.527078635,187.627496208,14112250.0
2025-02-27,191.162265093,177.808693748,191.240815513,177.798874945,24219211.0
2025-02-28,176.06094691,177.25884081,178.859305611,172.339620777,27929427.0
2025-03-03,177.867606562,169.83582615,178.279996266,167.970253683,37402998.0
2025-03-04,171.887955864,176.73844428,180.273213165,171.023901248,29395234.0
2025-03-05,179.684085018,180.940891732,181.392556646,177.445398057,17333996.0
2025-03-06,175.339264929,172.663641259,178.260358661,172.604728444,17864290.0
2025-03-07,172.604728444,173.890991566,175.236167503,167.92115967,21012687.0
2025-03-10,169.344886027,167.557863979,171.721036222,164.867512105,18265099.0
2025-03-11,167.557863979,167.872065658,170.193819688,165.054069352,16561137.0
2025-03-12,172.418171197,173.959723183,174.902328219,171.59339179,14737610.0
2025-03-13,170.739155976,168.480831411,170.739155976,167.410581943,14381570.0
2025-03-14,169.521624471,170.935532026,171.210458495,168.815554387,11449411.0
2025-03-17,170.798068791,173.046574555,173.949904381,170.670424359,9678112.0
2025-03-18,171.881206618,170.649118602,172.073905184,167.990174096,9986033.0
2025-03-19,170.520981449,171.270090962,173.211861676,169.279036728,10678482.0
2025-03-20,172.344471713,174.926928195,176.10973269,172.048770589,12209690.0
2025-03-21,172.403611937,174.197532089,174.660797183,171.301435282,9993226.0
2025-03-24,177.410817635,178.564052019,180.303760298,177.100331455,11440018.0
2025-03-25,179.85528026,178.307777711,179.894707076,177.223540257,8718753.0
2025-03-26,176.661708121,171.013816655,176.977122654,169.009160169,14644601.0
2025-03-27,168.934052084,165.829190283,169.150899574,165.149077698,17559075.0
2025-03-28,165.6320562,162.882035748,166.213601744,161.709087956,16331998.0
2025-03-31,158.062107428,163.621288558,163.749425711,157.441135068,19408272.0
2025-04-01,164.005700019,166.223458448,166.450162643,162.694758369,9180009.0
2025-04-02,164.459108409,167.948381671,169.288893432,163.96134485,10072689.0
2025-04-03,157.766406304,155.124809597,159.481472823,154.957245627,28370483.0
2025-04-04,148.727808617,144.696416628,149.141790191,142.764502618,36085144.0
2025-04-07,132.582527252,144.075444268,151.546825998,132.326252945,46388328.0
2025-04-08,149.802189367,139.344226285,150.423161727,136.988473998,30479663.0
2025-04-09,138.190991902,156.475178063,158.318381736,135.923949952,45612516.0
2025-04-10,153.271749221,148.964369516,153.764584428,144.804840373,24503452.0
2025-04-11,153.764584428,154.829108474,155.745781958,151.053990792,19632205.0
2025-04-14,156.031626377,153.606877161,156.317470797,151.822813714,17509449.0
2025-04-15,154.242634578,155.075526077,155.982342857,153.813867948,14306631.0
2025-04-16,148.441964197,149.496631539,151.339835212,146.362199626,23806098.0
2025-04-17,153.813867948,149.565628468,155.243090047,149.27672847,27239900.0
2025-04-21,147.840705245,145.741227266,148.126549665,143.750173031,15170478.0
2025-04-22,145.879221124,149.230500528,150.412910755,145.327344259,12668584.0
2025-04-23,157.086293719,155.548647875,158.081820836,153.764584428,17667929.0
2025-04-24,155.519077763,161.827368406,162.192066459,155.134666302,18761145.0
2025-04-25,161.580950803,162.734185186,163.53257822,158.850643759,14654790.0
2025-04-28,162.635618145,161.058545484,162.951032677,158.200101286,11415622.0
2025-04-29,162.024502488,162.12306953,163.621288558,161.157112525,9830097.0
2025-04-30,161.196539342,164.301401142,164.528105337,159.432189302,10073011.0
2025-05-01,170.323847366,170.244993733,172.275474784,168.500357102,22670639.0
2025-05-02,177.218611905,176.710991642,178.061360108,174.601656958,21691162.0
2025-05-05,176.435003927,173.872260853,177.499527973,173.724410291,14618920.0
2025-05-06,170.126713283,169.811298751,172.236047967,168.143938681,14565567.0
2025-05-07,171.605218903,172.038913885,173.458279279,168.914338675,9703998.0
2025-05-08,172.827450215,172.709169765,174.907214786,171.171523921,10342957.0
2025-05-09,177.223540257,173.990541302,177.874082729,173.941257782,11582754.0
2025-05-12,184.596354946,184.300653822,186.459272027,181.964614943,22064866.0
2025-05-13,185.030049928,191.210203417,191.496047837,185.030049928,19996036.0
2025-05-14,192.48171825,191.969169635,193.408248438,190.461093903,12358953.0
2025-05-15,190.33295675,191.436907612,191.703038624,188.884021243,10241765.0
2025-05-16,191.74246544,191.436907612,192.284584168,189.810551431,9146662.0
2025-05-19,186.291708057,190.727224915,190.727224915,186.105120647,10144438.0
2025-05-20,189.051585213,190.677941394,190.95392911,188.075771504,7054072.0
2025-05-21,190.33295675,189.012158396,192.471861546,187.799783788,7375650.0
2025-05-22,188.598176823,193.378678326,194.00950739,188.593248471,11824973.0
2025-05-23,189.268432704,189.229005887,190.037255626,187.306948582,9403136.0
2025-05-27,191.313698811,194.847327241,195.468299602,190.924358998,12228212.0
2025-05-28,193.280111285,193.329394805,195.22681035,192.678852333,17787617.0
2025-05-29,196.601820576,194.324921922,196.936948517,193.270254581,14624606.0
2025-05-30,192.964696753,190.549804241,193.10269061,187.829353901,11998300.0
2025-06-02,190.268888173,192.048023268,192.363437801,189.440925026,7447367.0
2025-06-03,191.560116414,194.778330312,195.328827238,190.865218773,9548320.0
2025-06-04,198.494307769,199.499691591,201.106334364,197.508637356,13531121.0
2025-06-05,201.944154215,200.426221779,202.811544178,199.381411141,12242180.0
2025-06-06,200.662782678,202.239855339,203.333949497,200.317798033,8531979.0
2025-06-09,203.442373243,204.033775491,206.271247328,202.919967924,11472258.0
2025-06-10,208.572787742,209.415535945,210.174502163,206.951359913,14513988.0
2025-06-11,211.919138795,211.032035423,214.314317898,209.898514448,13326440.0
2025-06-12,210.636631867,213.119714461,213.564888631,209.637463173,9796134.0
2025-06-13,207.856766492,208.836149667,210.972985684,207.154380579,10152533.0
2025-06-16,210.715773942,213.367033445,215.266443238,210.448669439,10932869.0
2025-06-17,211.596229523,211.606122282,213.624245187,211.210411909,8389651.0
2025-06-18,212.39259665,211.210411909,212.857655266,210.606953589,6931992.0
2025-06-20,212.892180996,207.263200932,213.186787369,205.917785662,16992048.0
2025-06-23,204.414086242,208.064514438,208.331618941,203.990181504,7535531.0
2025-06-24,212.09086749,217.729740314,218.001791195,211.586336763,14814705.0
2025-06-25,218.432126227,220.351321539,221.103171249,218.432126227,9168374.0
2025-06-26,222.567299631,221.607701975,222.804725855,220.307397687,7982208.0
2025-06-27,221.894591996,226.118800234,226.425475773,221.627487494,13132971.0
2025-06-30,225.000918428,224.061106291,225.703304342,222.389229963,9279803.0
2025-07-01,224.986079289,222.270516851,226.148478512,218.808051082,9990210.0
2025-07-02,222.072661664,231.094858182,231.312498887,221.597809216,12012459.0
2025-07-03,231.361962684,232.281989303,235.032176399,230.768397124,7779584.0
2025-07-07,229.145984592,226.712365794,230.056118451,225.000918428,13817520.0
2025-07-08,227.315824114,225.416414321,227.859925878,225.094899642,8854432.0
2025-07-09,227.97863899,229.353732538,230.768397124,227.770891044,9475340.0
2025-07-10,230.283651916,227.296038595,230.550756418,225.327379487,13124703.0
2025-07-11,228.522740754,227.929175193,229.77912119,226.939998187,8817763.0
2025-07-14,226.870649944,226.217727827,227.385073429,223.883036623,10673518.0
2025-07-15,231.945635485,234.408932561,235.160782271,231.342177165,14270133.0
2025-07-16,233.859884417,235.012390881,235.754347831,231.638959946,15092753.0
2025-07-17,243.154131817,242.96616939,245.617428893,238.801317708,27395684.0
2025-07-18,242.679279369,237.821934533,243.332201485,236.130272686,16252018.0
2025-07-21,237.544937272,236.288556835,239.741129845,236.150058205,11971805.0
2025-07-22,235.279495383,232.084134116,235.447672292,229.274590463,11919542.0
2025-07-23,235.962095777,237.752685218,237.920862127,233.845045278,9885441.0
2025-07-24,237.629025726,239.009065654,239.355312231,235.47735057,9081946.0
2025-07-25,238.732068392,242.96616939,243.599305988,238.356143537,11593366.0
2025-07-28,240.394051962,240.146732978,241.333864099,238.46496389,11892202.0
2025-07-29,238.905191681,238.741961152,241.353649617,237.248154491,9411525.0
2025-07-30,239.52348914,240.305017127,241.947215178,238.633140799,6823770.0
2025-07-31,243.342094245,239.028851173,244.75675883,237.228368973,13490682.0
2025-08-01,233.093195569,232.687592436,234.646358785,229.353831466,13549793.0
2025-08-04,235.358637457,236.436948226,236.436948226,233.854938038,6450728.0
2025-08-05,235.76918697,229.976976376,236.07091613,227.701641728,11868867.0
2025-08-06,228.552419032,228.888772849,229.709871874,226.366119217,9457183.0
2025-08-07,241.848287584,240.018127107,245.182147482,238.217644907,17691005.0
2025-08-08,240.552336111,239.236599119,240.552336111,236.407269947,10552538.0
2025-08-11,239.444347065,239.493810862,242.718850406,238.949709098,8272863.0
2025-08-12,241.106330634,241.670217916,242.145070365,239.107993247,7301986.0
2025-08-13,243.787268415,238.850781504,243.787268415,237.366867603,7971850.0
2025-08-14,235.417994013,238.415500094,238.791424948,234.280326689,11040536.0
2025-08-15,237.752685218,236.318235113,238.217644907,234.7156081,8155486.0
2025-08-18,237.4163314,238.821103226,240.253080141,237.4163314,6919779.0
2025-08-19,237.446009678,230.204509841,237.589454689,230.085796729,14594688.0
2025-08-20,225.693411582,226.148478512,226.573867164,221.301026435,17165201.0
2025-08-21,225.703304342,224.892098076,227.859925878,223.833572826,7449144.0
2025-08-22,225.554912952,230.491399862,231.935050233,223.744537992,10299467.0
2025-08-25,231.787351336,233.063517291,234.730447239,229.759434599,7654954.0
2025-08-26,233.835152519,236.159950964,236.268771317,233.202015921,9793068.0
2025-08-27,234.329790486,236.723838246,236.832658599,232.910773086,9516362.0
2025-08-28,233.760956824,235.714776794,238.079146276,233.469120424,8466216.0
2025-08-29,233.310836274,228.394134882,233.419656627,228.107244861,15526018.0
2025-09-02,223.724752474,225.940730566,226.880542703,223.210427916,13974904.0
2025-09-03,229.03221786,228.908558368,229.952244478,226.148478512,7198492.0
2025-09-04,228.86898733,232.687592436,232.786520029,227.8302476,6241940.0
2025-09-05,237.663650384,240.799655094,241.927429659,235.348744698,14056566.0
2025-09-08,239.394883268,244.539118125,245.221718519,239.028851173,12986596.0
2025-09-09,244.281906382,248.229117359,251.99815974,244.281906382,13443419.0
2025-09-10,256.093861034,257.64702425,261.742626617,254.985871988,18822431.0
2025-09-11,257.553043037,256.133432071,258.834155371,255.460823364,10004967.0
2025-09-12,258.052627383,256.548927964,258.151554977,255.609115826,8496585.0
2025-09-15,257.21174284,258.576943628,259.981715455,255.975147922,8147738.0
2025-09-16,263.89813525,260.067483919,264.412494469,258.628508677,10381854.0
2025-09-17,262.330148436,260.791933523,262.796574893,257.755199566,10422030.0
2025-09-18,256.038353244,266.597454323,268.483008087,256.018505309,16917295.0
2025-09-19,264.344713773,262.856118696,264.543193117,260.811979936,17640249.0
2025-09-22,264.513421215,270.557117228,274.258756986,263.431708793,15630292.0
2025-09-23,280.247871179,280.560476145,283.825461348,277.87108104,17830324.0
2025-09-24,278.173762038,278.575682709,279.071881068,274.613737292,10230965.0
2025-09-25,271.04339162,274.556476001,275.032826426,268.135669236,11863397.0
2025-09-26,271.807537093,271.281566832,273.405295809,268.562399825,10451886.0
2025-09-29,274.387768559,271.152555259,277.742069466,271.152555259,8046187.0
2025-09-30,273.226664399,277.16647937,277.364958713,271.747993289,8348796.0
2025-10-01,276.317980176,286.276681241,288.271398644,275.062598328,14620139.0
2025-10-02,294.265474821,285.919418422,294.463954164,284.848622364,10197961.0
2025-10-03,290.633302833,289.968397032,293.812346479,288.281322611,10572491.0
2025-10-06,297.728939367,300.100767523,304.963511441,297.654509613,15785026.0
2025-10-07,304.288681673,291.794406993,304.765032097,291.050109455,13080969.0
2025-10-08,292.75703181,302.204648565,304.070354395,291.744787157,12821210.0
2025-10-09,300.006489834,297.599927793,300.527498111,295.158631867,10259887.0
2025-10-10,297.674357547,278.526062873,297.917494743,278.198571956,23398001.0
2025-10-13,295.967435192,300.587041915,302.313812204,290.097408605,20318268.0
2025-10-14,293.382241742,293.689884724,299.455709656,289.127440053,16567867.0
2025-10-15,303.956228772,302.393203941,304.278757705,297.78848317,20788021.0
2025-10-16,308.565911527,297.560231925,309.001077488,294.434182263,26341457.0
2025-10-17,296.126218667,292.836423547,300.993924569,292.672678088,17633323.0
2025-10-20,297.7190154,295.436502948,301.34126342,294.801369049,13391614.0
2025-10-21,296.726618682,292.270757418,297.093805467,291.422258224,11190502.0
2025-10-22,290.772238374,286.683563895,292.955511153,282.237626599,15409109.0
2025-10-23,287.596568876,288.519497824,291.853950796,287.427861434,10379853.0
2025-10-24,293.322697939,292.717335941,295.684502888,292.151372093,8747007.0
2025-10-27,296.37927983,295.982321143,298.195365824,291.456992109,13615029.0
2025-10-28,296.04682693,299.237382378,299.832820409,293.828820265,11804198.0
2025-10-29,303.474916364,302.770314694,305.618493275,300.080919588,16177305.0
2025-10-30,300.775597291,300.914532831,304.973435408,298.537544213,14507088.0
2025-10-31,303.66347174,298.145745988,305.33566021,294.419296312,12667857.0
2025-11-03,300.289322899,302.542063449,307.762070186,299.822896442,12466592.0
2025-11-04,294.622737639,291.814254927,299.693884868,291.2783607,16224285.0
2025-11-05,290.395127621,291.407372273,295.951060646,289.283643297,10502502.0
2025-11-06,291.863874763,287.040826714,292.399768991,285.196060455,11516858.0
2025-11-07,283.04146794,284.321659707,285.696129161,275.022902459,15715706.0
2025-11-10,292.12189791,293.024978923,294.870836819,289.531742476,10869194.0
2025-11-11,289.839385459,288.95615238,292.677640072,286.713335797,9666250.0
2025-11-12,291.466916076,288.410334185,292.628020236,287.378241598,9715927.0
2025-11-13,286.971358944,280.054353819,287.298651381,277.87108104,13827622.0
2025-11-14,273.812178463,282.65443322,284.678922525,271.152555259,11486828.0
2025-11-17,279.300132313,279.865798443,284.351431608,277.672601696,10227124.0
2025-11-18,275.43970908,275.796971899,278.059636416,270.646432932,11850366.0
2025-11-19,274.814499148,280.223061261,282.38539447,274.219061117,11179176.0
2025-11-20,289.988244966,275.390089245,290.623378866,274.308376822,15747324.0
2025-11-21,270.735748637,272.968641253,276.569751223,264.791292296,20872828.0
2025-11-24,271.11285939,282.475801811,282.892608433,271.11285939,13570309.0
2025-11-25,280.58032408,282.51549768,283.230023317,271.003695751,13726811.0
2025-11-26,286.904372165,287.755352351,290.583682997,285.54230767,12220253.0
2025-11-28,290.25619208,289.293567264,290.444747457,286.802651502,5515376.0
2025-12-01,284.738466328,285.492687834,288.946129173,281.03682657,7713000.0
2025-12-02,289.779841656,289.86915736,292.260833451,286.981282911,10746376.0
2025-12-03,289.958473065,293.203610333,294.367195484,283.894929118,9599221.0
2025-12-04,291.744787157,290.702770603,291.794406993,287.993527563,6752997.0
2025-12-05,293.799048363,292.479160728,298.512932774,291.020337553,10275297.0
2025-12-08,298.909891461,299.574797262,300.319094801,294.463954164,16643118.0
2025-12-09,297.709091432,301.103088208,302.36343204,296.230420323,11349073.0
2025-12-10,303.048185775,307.78191812,311.592721517,300.200007195,12429150.0
2025-12-11,303.777668692,303.310042908,304.295041899,298.126361348,15028375.0
2025-12-12,302.742922277,290.564752931,302.742922277,289.506127752,19306089.0
2025-12-15,293.654067949,286.286474484,294.3057592,286.097434273,12082441.0
2025-12-16,285.808899215,285.42086931,287.002837386,281.88880222,11418442.0
2025-12-17,287.067509037,275.560929912,287.639604411,273.687740417,16823004.0
2025-12-18,283.56031566,283.241932147,285.709404368,280.326832607,11260340.0
2025-12-19,284.933344556,287.49036214,290.694096232,284.933344556,12735804.0
2025-12-22,293.181467422,291.798489041,293.519749904,289.738945695,6091071.0
2025-12-23,291.912908116,295.449949948,296.405100485,290.724044182,6802255.0
2025-12-24,296.235959244,297.290604628,297.64878608,294.73368654,2753914.0
2025-12-26,298.385047952,301.310196471,301.847468648,297.012019055,5125913.0
2025-12-29,300.255551087,299.399895397,302.961810942,297.141362357,6205140.0
2025-12-30,300.832621203,298.06666444,303.011558365,297.937321138,6190570.0
2025-12-31,302.464336704,302.354892371,305.837212037,301.897216072,8175079.0
2026-01-02,310.404025542,317.995482414,319.965480396,310.125439969,18526908.0
2026-01-05,328.73097647,320.622146391,329.576682675,319.875935034,17446299.0
2026-01-06,328.551885744,325.775979496,331.397438386,322.950325824,15599625.0
2026-01-07,323.029921702,317.070180331,324.651687718,316.934867338,11744818.0
2026-01-08,322.751336129,316.403564852,322.860780462,314.543011202,10850820.0
2026-01-09,318.214371079,321.995175287,323.12941655,316.642451981,12325146.0
2026-01-12,320.472904119,330.094055882,331.865064169,319.438157704,12714751.0
2026-01-13,331.188499206,329.536884735,334.720566295,329.109056891,11473628.0
2026-01-14,328.193704293,325.457595984,328.193704293,323.179163974,11210830.0
2026-01-15,341.073312315,339.91419734,349.555248073,336.212989009,42188476.0
2026-01-16,344.759596418,340.670358182,348.082724328,339.735106614,18246104.0
2026-01-20,339.068491136,325.507343408,340.421621063,325.248656804,22809919.0
2026-01-21,331.745670352,324.472596993,331.954609532,324.034819663,16789752.0
2026-01-22,331.735720867,325.716282588,333.357486883,325.248656804,12800956.0
2026-01-23,330.392540425,333.178396158,335.446878683,329.696175986,12904448.0
2026-01-26,331.108903328,331.029307449,333.407234307,328.561835229,8646389.0
2026-01-27,334.800162174,336.630867369,339.526167435,332.86996213,11298113.0
2026-01-28,341.297175722,340.570863334,343.754698458,336.949250882,12140053.0
2026-01-29,338.083492144,337.834755025,342.00358914,326.542089823,13844752.0
2026-01-30,333.725617819,328.890168226,338.182986992,327.437543451,12028080.0
2026-02-02,329.084183179,339.635611767,342.461265439,327.437543451,12459096.0
2026-02-03,343.326870613,334.053950817,345.294381224,328.352896049,12540016.0
2026-02-04,333.904708545,324.094516572,337.088543668,317.458210237,18175958.0
2026-02-05,321.189267022,329.059309467,332.879911615,318.035280353,14812040.0
2026-02-06,335.79511065,347.087775852,347.953381026,334.949404445,17025523.0
2026-02-09,346.998230489,353.614637855,357.783471969,346.043079952,14594922.0
2026-02-10,362.489578261,360.081802949,362.918699538,354.589687361,14622132.0
2026-02-11,368.205557255,372.200275386,377.66254252,366.529069073,18651340.0
2026-02-12,377.085472404,366.240534015,378.08042088,320.472904119,16835434.0
2026-02-13,367.285229915,364.509323667,369.235229433,358.947561686,10468150.0
2026-02-17,360.037030267,362.360234959,364.350131911,354.44044509,10063802.0
2026-02-18,362.021952477,360.430034915,367.523918054,358.887864777,7310453.0
2026-02-19,357.902865786,358.569481265,360.967307092,355.634383261,6346478.0
2026-02-20,357.962562695,368.668208297,370.319822767,357.285997731,9009239.0
2026-02-23,365.156040176,368.170734059,371.543509897,364.608818514,9550221.0
2026-02-24,377.483451794,383.801374617,387.214047889,374.150374399,13269457.0
2026-02-25,388.233870077,385.771372599,388.233870077,382.886022019,10948404.0
2026-02-26,384.229202461,374.906535241,384.522314282,367.832451577,14535745.0
2026-02-27,368.270228906,372.68780014,374.777191939,366.757907223,9186555.0
2026-03-02,363.514375191,367.245431976,371.215276395,362.807961773,12571595.0
2026-03-03,347.784239785,351.346155329,354.181758486,342.40156853,18580214.0
2026-03-04,355.624433776,355.634383261,359.265945198,352.758982165,12131052.0
2026-03-05,353.107214132,352.072467717,357.654128667,342.063286048,16249803.0
2026-03-06,341.764801506,337.178089031,346.958333055,334.989202384,13803038.0
2026-03-09,333.904708545,346.938533581,347.634997514,330.243298153,19182765.0
2026-03-10,346.709695431,345.336666534,351.714286266,342.570709771,12985620.0
2026-03-11,352.14211411,352.76893165,355.544837898,348.590247546,10683279.0
2026-03-12,344.182526302,335.009101353,345.137676839,334.680768356,17549421.0
2026-03-13,342.182679865,336.601018915,342.776564611,334.5215766,17299921.0
2026-03-16,339.526167435,338.511319989,342.889093283,338.103391114,11123540.0
2026-03-17,339.817282126,345.184918585,345.963126101,337.622337849,11434604.0
2026-03-18,344.980389686,338.789649124,347.150391414,338.555189167,12632625.0
2026-03-19,328.463434003,338.011441607,339.118890765,324.442695169,15411566.0
2026-03-20,335.906290505,328.483388042,336.824176294,325.151063549,17424155.0
2026-03-23,330.339113658,337.672222946,342.620824589,330.339113658,15857233.0
2026-03-24,334.798841348,342.461192278,344.087446446,333.252403334,9725008.0
2026-03-25,345.204872624,346.950851026,349.639657765,342.710617764,12166926.0
2026-03-26,339.03907461,325.360580957,340.126569729,324.622281519,14560166.0
2026-03-27,324.083522469,325.989133182,328.802652664,321.56941334,14484511.0
2026-03-30,326.448076076,315.772665276,328.842560742,313.078870027,15739952.0
2026-03-31,321.56931357,337.173371974,337.632314869,320.405693793,18487992.0
2026-04-01,343.109698541,340.705236856,347.878713833,338.969235474,15011626.0
2026-04-02,326.088903376,338.260867093,341.283903984,326.048995299,8994644.0
2026-04-06,338.969235474,340.974616381,343.409009124,337.841832277,5884800.0
2026-04-07,338.659947871,344.526435302,344.73595271,334.878757273,6823530.0
2026-04-08,369.439052843,365.059141309,373.439837639,358.409457852,16356897.0
2026-04-09,362.465116255,364.650083512,367.323924722,359.891045239,9245955.0
2026-04-10,374.726873146,369.748340446,377.131334832,368.900293794,13168160.0
2026-04-13,369.409121785,368.720707444,370.606364118,365.208796601,9596254.0
2026-04-14,378.168944853,379.016991506,381.281774919,372.362319539,12859543.0
2026-04-15,380.533498461,374.237999194,381.102188569,371.354640576,14955467.0
2026-04-16,368.012339063,362.515001352,369.349259668,359.721435909,26405777.0
2026-04-17,372.3423655,369.648570252,374.716896127,364.300887832,18419414.0
2026-04-20,368.371511763,365.39835997,369.219558416,363.412933102,11638318.0
2026-04-21,367.234131547,367.234131547,369.897995738,364.270956773,9808159.0
2026-04-22,370.92562874,386.549641183,387.018561097,369.788248524,16317170.0
2026-04-23,383.366971982,381.780625891,387.866607749,374.946367574,12224889.0
2026-04-24,395.229648096,401.535124382,408.548969048,392.944910644,21603584.0
2026-04-27,412.79917933,404.049333281,413.547455788,399.479858377,16561246.0
2026-04-28,391.218886281,391.438380708,396.955672459,383.815937856,14715814.0
2026-04-29,392.007070817,392.924956605,394.937720507,387.287940621,10312967.0
2026-04-30,396.890821832,395.14983194,397.873558247,384.82361682,12788141.0
2026-05-01,392.535852847,396.75613207,403.061608356,391.2288633,9926401.0
2026-05-04,403.585401877,400.687077729,406.763082568,394.291808268,9978542.0
2026-05-05,403.665218032,393.503623733,405.195692814,391.697882984,14578982.0
2026-05-06,401.475262265,418.535965508,418.735505896,399.729283863,17736380.0
2026-05-07,417.129205766,413.198260107,419.03481648,407.172140365,13403164.0
2026-05-08,415.99182555,410.733936305,416.041710648,399.95875531,18531181.0
2026-05-11,405.805288702,403.610344425,406.793013627,397.274937081,14679985.0
2026-05-12,396.835948226,396.367028312,401.310641444,385.232674617,18121777.0
2026-05-13,397.349764727,398.881237211,403.749922927,390.570380017,13127828.0
2026-05-14,402.27841233,416.760056047,421.000289309,401.175951682,18577103.0
2026-05-15,405.565840236,403.420781056,408.928095787,397.913466325,11868600.0
2026-05-18,405.944966974,395.040084726,405.944966974,390.151345201,12117190.0
2026-05-19,388.614884207,391.707760233,397.958362913,384.175110556,14083037.0
2026-05-20,396.087671768,400.697054749,402.951861142,395.040084726,10254314.0
2026-05-21,398.586915137,406.214346499,410.514441878,398.586915137,8937904.0
2026-05-22,408.489106931,403.590390386,409.726257342,401.934205159,7111898.0
2026-05-26,412.170627105,411.37246555,415.532882656,409.127636176,10132013.0
2026-05-27,426.033695617,421.758542787,429.560571989,414.427628442,14695620.0
2026-05-28,421.249714795,423.883647927,426.614258378,413.756973196,8905841.0
2026-05-29,426.088569224,417.488378466,429.450824775,416.291136134,11232272.0
2026-06-01,423.903601966,434.628897864,448.357276614,421.52907134,18040410.0
2026-06-02,439.567522487,445.663481365,447.34959765,435.008024603,10147918.0
2026-06-03,448.95589778,435.686461925,449.129098838,433.526437216,10245239.0
2026-06-04,429.643780331,443.897548924,446.980447931,426.318040671,10974148.0
2026-06-05,428.782364472,414.21591609,432.902873501,411.841385463,19644166.0
2026-06-08,422.796152808,425.819189699,432.813080326,421.559002398,11245405.0
2026-06-09,429.88981363,426.936615876,437.153383093,404.578115311,21199495.0
2026-06-10,413.003708228,407.81066961,425.340292766,406.763082568,13139680.0
2026-06-11,413.255,421.07,422.25,408.86,13826458.0
2026-06-12,420.05,423.93,426.94,417.21,10362465.0
2026-06-15,438.68,441.4,442.58,431.9286,11184889.0
2026-06-16,436.02,425.83,440.33,425.2,10943492.0
2026-06-17,434.75,432.15,442.5,431.64,10934060.0
2026-06-18,438.88,462.12,465.22,438.39,25817106.0
2026-06-22,476.09,467.67,476.79,465.17,13686194.0
2026-06-23,439.18,436.39,447.3333,434.19,20364468.0
2026-06-24,433.975,440.83,443.86,432.575,9991168.0
2026-06-25,452.9,434.99,452.9,432.44,14812545.0
2026-06-26,425.0,432.35,436.13,419.19,17974057.0
2026-06-29,437.0,455.1,456.1,431.09,14881386.0
2026-06-30,455.605,477.57,479.0,453.0,15074276.0
2026-07-01,467.67,444.23,468.51,443.47,18534838.0
2026-07-02,450.54,434.16,461.47,429.5,18424815.0
2026-07-06,447.775,451.79,460.03,445.6,12788454.0
2026-07-07,438.02,432.57,439.8,428.11,14898418.0
2026-07-08,429.0,436.98,440.49,428.75,11411248.0
2026-07-09,446.725,436.96,447.69,436.39,11455561.0
2026-07-10,438.665,434.11,439.655,428.1,9595123.0
2026-07-13,433.82,421.58,437.99,420.29,14329820.0
2026-07-14,430.87,420.39,431.055,418.86,14279000.0
2026-07-15,425.75,419.48,428.89,410.75,17012274.0
2026-07-16,405.29,409.74,415.95,403.5,24891293.0
2026-07-17,392.12,398.37,404.7,386.02,20986464.0
2026-07-20,407.705,402.3,409.89,400.08,11653638.0
2026-07-21,418.74,424.61,425.4,413.56,18210122.0
2026-07-22,414.905,421.21,424.81,414.21,10259511.0
2026-07-23,415.84,415.58,420.84,411.8,11048797.0
2026-07-24,411.345,403.41,412.92,400.8,11525123.0
2026-07-27,406.075,399.09,407.43,388.8,17932307.0
2026-07-28,385.0,392.31,395.36,381.3,18276277.0
2026-07-29,388.08,374.67,391.25,372.72,21700216.0
2026-07-30,392.49,403.31,406.77,387.6,17474236.0
2026-07-31,419.5,404.25,420.35,398.8,11956081.0
2026-08-03,400.585,406.11,407.44,398.2001,12676907.0
2026-08-04,418.0,417.17,420.25,412.11,13929095.0
2026-08-05,419.32,414.0,426.3,413.0701,12790436.0
2026-08-06,409.54,418.2,423.91,407.99,10628860.0
2026-08-07,424.79,420.04,424.79,413.1,9159559.0
2026-08-10,420.34,418.47,425.88,416.0,11776122.0
2026-08-11,424.2,422.06,424.9,418.87,9703611.0
2026-08-12,432.65,429.15,433.28,427.02,9534228.0
2026-08-13,429.15,430.49,436.04,428.3922,8194037.0
2026-08-14,429.2,426.35,429.2699,424.1,6324715.0
2026-08-17,429.97,430.97,435.71,426.8,9479386.0
2026-08-18,417.0,413.41,419.63,410.765,14030094.0
2026-08-19,418.13,412.09,419.6,407.88,8424682.0
2026-08-20,408.6,416.0,417.96,407.7183,10447899.0
2026-08-21,423.015,418.95,425.68,416.7,8947202.0
2026-08-24,413.87,410.12,414.34,405.15,10645649.0
2026-08-25,414.585,417.41,419.7695,414.03,7049839.0
2026-08-26,418.45,417.69,420.75,414.41,7449310.0
2026-08-27,423.015,427.3,429.64,420.53,12749846.0
2026-08-28,427.49,417.52,429.12,417.32,8896896.0
2026-08-31,417.23,415.32,423.8,414.6001,6747964.0
2026-09-01,417.8,414.0,418.62,412.065,7928439.0
2026-09-02,413.2,415.5,416.5,411.27,6301000.0
2026-09-03,413.29,417.01,417.3,407.815,7827764.0
2026-09-04,421.88,428.91,429.82,419.42,12283895.0
2026-09-08,438.02,439.0,444.29,433.72,13088876.0
2026-09-09,434.46,435.36,439.4,431.87,7499342.0
2026-09-10,426.44,428.03,432.5299,424.05,8368064.0
2026-09-11,431.55,433.24,435.37,428.9,10638194.0
