time_key,open,close,high,low,volume
2018-01-02,41.869174112,42.319380285,42.625903637,41.265706263,2890355.0
2018-01-03,42.338537995,42.501378525,42.53011509,41.658439307,2170765.0
2018-01-04,42.654640201,42.702534475,42.848133067,42.175697464,1354318.0
2018-01-05,42.951584699,43.689156514,43.832839336,42.779165313,2210518.0
2018-01-08,43.689156514,44.24473009,44.364465774,43.392212017,2507599.0
2018-01-09,44.359676347,43.497579419,44.522516878,43.459264,1777542.0
2018-01-10,42.932426989,42.424747687,42.932426989,41.869174112,4062466.0
2018-01-11,42.482220816,42.654640201,42.664219056,42.194855173,1564054.0
2018-01-12,42.587588218,42.721692185,42.970742408,42.367274559,2131040.0
2018-01-16,43.162319503,43.401790872,44.329981897,42.980321263,4956914.0
2018-01-17,43.909470174,44.790724811,45.020617325,43.775366207,3695127.0
2018-01-18,44.982301906,45.202615565,45.307982967,44.215993526,2756137.0
2018-01-19,45.307982967,45.422929224,45.710294867,45.106827017,1823187.0
2018-01-22,45.480402353,45.75818914,45.77734685,44.934407632,2117102.0
2018-01-23,45.940187381,46.380814699,46.486182101,45.863556543,2003504.0
2018-01-24,46.074291347,44.819461375,46.208395314,44.666199699,4939479.0
2018-01-25,44.781145956,42.91326928,44.781145956,42.252328302,7469655.0
2018-01-26,43.535894838,45.691137157,45.710294867,43.535894838,5054880.0
2018-01-29,45.652821738,44.886513358,45.739031431,44.436307185,2646163.0
2018-01-30,44.158520397,44.378834056,45.001459615,43.8615759,2701466.0
2018-01-31,44.800303665,43.909470174,45.097248163,43.823260481,2599208.0
2018-02-01,43.698735369,43.928627883,44.589568861,43.593367967,1940267.0
2018-02-02,43.574210257,42.549272799,43.669998805,42.463063106,2127492.0
2018-02-05,41.850016402,41.16033886,43.162319503,41.102865732,2798819.0
2018-02-06,40.23118995,41.332758246,41.897910676,39.991718581,5311247.0
2018-02-07,41.083708022,40.21203224,41.486019922,40.21203224,2639594.0
2018-02-08,40.346136207,37.999316793,40.461082464,37.941843664,3627502.0
2018-02-09,38.593205787,39.531933553,39.838456905,37.587426039,4432693.0
2018-02-12,39.915087743,40.259926514,40.643080704,39.694774084,2195072.0
2018-02-13,38.353734419,38.775204028,39.254146765,38.324997854,4196081.0
2018-02-14,38.554890368,40.911288637,41.122023441,38.47825953,3087995.0
2018-02-15,41.323179391,41.629702743,41.658439307,40.384451626,2339728.0
2018-02-16,41.54349305,41.486019922,41.917068386,41.17949657,2213821.0
2018-02-20,41.418967939,43.009057827,43.306002324,41.256127408,3265247.0
2018-02-21,43.104846375,42.194855173,43.334738889,42.194855173,3502356.0
2018-02-22,42.540399938,42.22365057,42.78036158,41.73412882,2207762.0
2018-02-23,42.521203006,42.636384594,42.895543168,42.098870516,1283564.0
2018-02-26,42.876346237,43.69221582,43.745007382,42.617187663,1501218.0
2018-02-27,43.500246507,42.962732428,43.912980531,42.962732428,1817846.0
2018-02-28,43.193095605,43.577034232,44.373706884,42.991527825,2217791.0
2018-03-01,43.538640369,43.097110948,44.191336036,42.693975389,1946094.0
2018-03-02,42.617187663,43.816995874,43.884185134,42.041279722,1378694.0
2018-03-05,43.807397409,44.268123762,44.48408924,43.520403285,1894524.0
2018-03-06,44.58487313,45.487128904,45.515924301,44.488888473,2116454.0
2018-03-07,44.978410223,45.995847586,46.269403858,44.978410223,2731874.0
2018-03-08,46.312596954,46.523763199,46.54296013,45.813476738,1886621.0
2018-03-09,47.080474209,47.416420508,47.953934587,47.080474209,2436026.0
2018-03-12,47.685177547,47.915540724,48.28028242,47.291640454,2057261.0
2018-03-13,48.261085489,47.032481881,48.645024116,46.869307964,1993402.0
2018-03-14,47.061277278,47.36842818,47.800359136,46.734929444,1472610.0
2018-03-15,47.454814371,47.1668604,47.833953766,47.138065003,1640370.0
2018-03-16,47.282041988,47.253246591,47.742768342,47.042080346,2300318.0
2018-03-19,47.118868072,46.74452791,47.214852729,45.947855258,1823239.0
2018-03-20,46.648543253,47.022883415,47.195655797,46.480570103,1666095.0
2018-03-21,47.176458866,47.512405165,48.270683955,47.080474209,1907266.0
2018-03-22,46.67733865,45.803878272,47.147663469,45.371947316,3019434.0
2018-03-23,45.832673669,43.816995874,46.178218434,43.807397409,2952683.0
2018-03-26,45.400742713,45.784681341,45.784681341,44.652062389,1902516.0
2018-03-27,46.082233777,43.922578997,46.149423037,43.577034232,2077861.0
2018-03-28,43.711412752,43.029921688,44.066555982,42.684376923,1837089.0
2018-03-29,43.289080261,43.874586668,44.440896144,42.981929359,1798575.0
2018-04-02,43.538640369,42.031681256,43.845791271,41.436576383,2506921.0
2018-04-03,42.492407609,42.511604541,42.924338565,41.66693956,2300710.0
2018-04-04,41.39818252,42.789960046,42.837952374,41.273402467,2197538.0
2018-04-05,43.116307879,42.108468982,43.457053411,41.926098133,3036715.0
2018-04-06,41.46537178,40.966251564,42.204453638,40.745486854,2139367.0
2018-04-09,41.215811672,40.697494525,42.271642898,40.534320608,3454985.0
2018-04-10,41.782121148,41.695734957,42.281241364,40.794439029,2419437.0
2018-04-11,41.551757972,41.46537178,42.367627555,41.273402467,1882261.0
2018-04-12,41.753325751,41.95489353,42.127665913,41.686136491,2390732.0
2018-04-13,42.358029089,41.724530354,42.358029089,41.426977918,1771075.0
2018-04-16,41.935696599,42.511604541,42.64598306,41.647742628,2134637.0
2018-04-17,43.058717085,42.924338565,43.250686399,42.770763114,2279990.0
2018-04-18,42.482809143,41.618947231,42.482809143,41.235008604,3693610.0
2018-04-19,40.543919074,39.785640285,40.803077648,39.209732343,6008880.0
2018-04-20,39.632064834,39.257724672,39.987208064,38.988967632,5931174.0
2018-04-23,39.459292451,38.825793716,40.025601927,38.710612127,2839577.0
2018-04-24,39.468890917,39.833632613,40.044798858,38.720210593,5928253.0
2018-04-25,35.552716915,33.306675944,35.946254009,32.971689491,20189001.0
2018-04-26,33.335471341,32.682775674,34.026560871,32.385223238,7442612.0
2018-04-27,32.778760331,31.86690609,32.778760331,31.713330639,6685672.0
2018-04-30,31.828512228,31.24300582,31.828512228,30.935854918,5860275.0
2018-05-01,31.195013492,32.164458527,32.222049321,30.772681002,4885957.0
2018-05-02,32.394821703,32.951532713,33.239486684,32.202852389,7632601.0
2018-05-03,32.605987948,33.479448326,33.527440655,32.260443184,5253012.0
2018-05-04,33.143502027,34.266522513,34.304916376,32.98032811,5251144.0
2018-05-07,34.496885689,34.688855003,34.775241194,34.141742459,4588966.0
2018-05-08,34.621665743,34.640862675,34.722449633,34.29531791,3435916.0
2018-05-09,34.85202892,35.197573685,35.360747601,34.756044263,3210504.0
2018-05-10,35.389542999,35.20717215,35.591110778,34.900021248,2740510.0
2018-05-11,35.063195165,34.871225851,35.379944533,34.640862675,1542891.0
2018-05-14,35.178376753,35.168778288,35.715890832,35.101589028,1703329.0
2018-05-15,34.813635057,34.42969643,34.914418947,34.026560871,2354674.0
2018-05-16,34.573673415,36.051837131,36.234207979,34.573673415,4451524.0
2018-05-17,36.138223322,36.205412582,36.608548141,35.850269352,3260795.0
2018-05-18,35.677496969,35.888663214,36.051837131,35.235967547,3953341.0
2018-05-21,36.32059417,36.646942004,36.752525127,36.167018719,2716424.0
2018-05-22,37.021282166,36.781320524,37.338031534,36.723729729,2334084.0
2018-05-23,36.330192636,36.925297509,36.954092906,36.253404911,1655850.0
2018-05-24,37.059676029,36.973289837,37.251645342,36.483768087,1732082.0
2018-05-25,37.002085234,37.174857617,37.338031534,36.771722058,1564600.0
2018-05-29,36.752525127,37.002085234,37.352429232,36.474169622,3093608.0
2018-05-30,37.444647884,37.107915439,37.819864037,36.925117826,2499691.0
2018-05-31,37.079052658,36.472934257,37.656308278,36.444071476,3651353.0
2018-06-01,36.896255045,37.819864037,37.858347745,36.665352797,5614303.0
2018-06-04,37.685171059,37.829484964,38.156596482,37.550478081,3010039.0
2018-06-05,38.156596482,37.964177942,38.223942971,37.598582716,3077672.0
2018-06-06,37.90645238,38.118112774,38.127733701,37.579340862,1748640.0
2018-06-07,38.127733701,37.338817687,38.522191708,37.088673585,2309622.0
2018-06-08,36.84815041,37.223366563,37.32919676,36.261273863,3090772.0
2018-06-11,37.377301395,37.540857154,37.762138475,37.184882855,1601028.0
2018-06-12,37.569719935,37.608203643,37.742896621,37.107915439,2981862.0
2018-06-13,37.723654767,37.454268811,38.223942971,37.435026957,2805319.0
2018-06-14,37.483131592,37.569719935,37.819864037,37.223366563,2523994.0
2018-06-15,37.396543249,37.848726818,37.867968672,37.396543249,3188851.0
2018-06-18,37.396543249,37.569719935,37.637066424,37.223366563,1418929.0
2018-06-19,36.828908556,37.511994373,37.588961789,36.501797038,2164652.0
2018-06-20,37.637066424,37.71403384,38.001699557,37.502373446,1530535.0
2018-06-21,37.896831453,37.61782457,38.050766285,37.449458347,2277842.0
2018-06-22,37.752517548,37.32919676,37.887210526,36.982843388,4298937.0
2018-06-25,36.867392264,36.242032009,37.030948023,35.655155462,2795775.0
2018-06-26,36.453692403,36.607627235,37.059810804,36.261273863,2367177.0
2018-06-27,36.761562067,35.866815856,37.030948023,35.857194929,2321916.0
2018-06-28,35.655155462,36.242032009,36.46331333,35.40501136,2244413.0
2018-06-29,37.165641001,36.626869089,37.270509105,36.598006308,2830889.0
2018-07-02,36.049613469,36.857771337,36.949170143,35.991887907,2074060.0
2018-07-03,37.146399147,36.386345914,37.377301395,36.318999425,1614260.0
2018-07-05,36.809666702,37.71403384,37.723654767,36.607627235,3323962.0
2018-07-06,37.569719935,38.021903504,38.070008139,37.261850271,1777425.0
2018-07-09,38.243184825,38.656884686,38.67612654,37.935315161,1895483.0
2018-07-10,38.714610248,38.589538197,39.214898452,38.425982438,1910083.0
2018-07-11,37.935315161,37.396543249,38.166217409,37.300333979,2905874.0
2018-07-12,37.935315161,38.243184825,38.320152241,37.685171059,2227634.0
2018-07-13,38.09887092,38.079629066,38.435603365,37.839105891,1660515.0
2018-07-16,38.09887092,38.320152241,38.483708,37.973798869,1605580.0
2018-07-17,38.031524431,38.791577664,38.849303226,37.877589599,1734633.0
2018-07-18,39.291865868,39.811395926,39.887401249,39.06096362,3820450.0
2018-07-19,39.599735532,38.512570781,39.599735532,38.243184825,2928685.0
2018-07-20,38.502949854,38.695368394,38.813224749,38.243184825,2348353.0
2018-07-23,38.406740584,39.186035671,39.339970503,37.742896621,3070993.0
2018-07-24,39.695944802,38.849303226,40.042298174,38.551054489,2748306.0
2018-07-25,42.918955347,41.331502392,44.06384566,40.359788765,9597791.0
2018-07-26,41.56240464,42.351320654,42.765020515,41.379607027,4885370.0
2018-07-27,42.553360121,42.572601975,42.851608858,42.245490457,3946835.0
2018-07-30,42.591843829,41.581646494,42.803504223,41.552783713,2385419.0
2018-07-31,41.725960399,41.610509275,42.226248603,41.610509275,2745409.0
2018-08-01,41.533541859,41.648992983,42.110797479,41.341123319,2132554.0
2018-08-02,41.187188487,41.918378939,42.053071917,40.658037502,1352360.0
2018-08-03,41.94724172,42.091555625,42.158902114,41.75482318,2880696.0
2018-08-06,42.303216019,42.312836946,42.375372971,41.879895231,1609074.0
2018-08-07,42.3320788,42.341699727,42.726536807,42.119456313,1375297.0
2018-08-08,42.437908997,42.264732311,42.822746077,41.966483574,1271266.0
2018-08-09,41.85103245,41.090979217,41.976104501,41.004390874,2558321.0
2018-08-10,40.542586378,40.128886517,40.840835115,39.821016853,3244445.0
2018-08-13,40.379030619,40.042298174,40.480050352,40.013435393,2207472.0
2018-08-14,40.321305057,40.292442276,40.802351407,40.152938834,2371378.0
2018-08-15,39.878742415,38.839682299,40.032677247,38.67612654,2693455.0
2018-08-16,39.166793817,38.695368394,39.416937919,38.608780051,2303928.0
2018-08-17,38.339394095,37.771759402,38.397119657,37.492752519,3744164.0
2018-08-20,37.800622183,37.665929205,38.012282577,37.353249077,2128536.0
2018-08-21,37.887210526,38.368256876,38.733852102,37.742896621,2065771.0
2018-08-22,38.214322044,38.416361511,38.483708,37.964177942,1255723.0
2018-08-23,38.425982438,38.743473029,39.089826401,38.397119657,1876260.0
2018-08-24,39.128310109,39.186035671,39.301486795,38.907028788,1526470.0
2018-08-27,39.493905335,40.100023736,40.196233006,39.4458007,1915980.0
2018-08-28,40.196233006,40.11926559,40.330925984,39.772912218,1434683.0
2018-08-29,40.31168413,39.946088904,40.31168413,39.715186656,1563003.0
2018-08-30,39.840258707,39.561251824,39.936467977,39.522768116,1127408.0
2018-08-31,39.63821924,39.628598313,39.715186656,39.287055404,1460714.0
2018-09-04,39.532178393,39.725018287,40.033562118,39.344159495,1598373.0
2018-09-05,39.590030361,39.44540044,39.821438234,39.194708577,2305899.0
2018-09-06,39.406832461,38.172657136,39.469505427,37.941249262,2584768.0
2018-09-07,38.172657136,38.278719078,38.837954772,38.028027215,2205582.0
2018-09-10,38.809028788,38.037669209,38.809028788,37.883397294,1431583.0
2018-09-11,37.806261336,37.179531678,37.873755299,37.131321705,2553652.0
2018-09-12,36.311752153,35.357194674,36.562444016,35.135428796,5786939.0
2018-09-13,35.781442443,36.070702284,36.678051532,35.713948479,2704793.0
2018-09-14,36.331036142,36.196048216,36.735999921,35.848936406,1875189.0
2018-09-17,36.147838242,35.887504385,36.437098084,35.791084437,1446083.0
2018-09-18,36.022492311,36.138196248,36.321394147,35.87786239,2304290.0
2018-09-19,36.147838242,35.800726432,36.311752153,35.453614622,1747339.0
2018-09-20,36.109270263,36.417814095,36.726357926,35.887504385,2238638.0
2018-09-21,36.446740079,36.842061863,37.015617768,36.311752153,4410737.0
2018-09-24,36.697431942,37.073469736,37.208457663,36.494950053,1466676.0
2018-09-25,36.928839815,36.128554253,37.218099657,35.974282337,2130197.0
2018-09-26,36.022492311,35.713948479,36.340678137,35.675380501,1690302.0
2018-09-27,35.887504385,35.810368427,36.123733255,35.685022495,1306160.0
2018-09-28,35.636812522,35.656096511,35.878826589,35.32826869,3793863.0
2018-10-01,36.109270263,35.578960553,36.311752153,35.386120659,2321899.0
2018-10-02,35.386120659,35.607886537,36.003208321,35.386120659,1767167.0
2018-10-03,35.415046643,35.289700711,35.656096511,34.527983128,2739461.0
2018-10-04,35.000440869,34.653329059,35.010082864,34.335143233,2525131.0
2018-10-05,34.701539033,33.689129586,34.952230896,33.55414166,3306081.0
2018-10-08,33.062399929,33.284165807,33.679487591,32.454954261,2022209.0
2018-10-09,33.20702985,32.782782082,33.332375781,32.618868171,2855384.0
2018-10-10,32.040348487,31.288272898,32.802066071,31.249704919,4942475.0
2018-10-11,31.317198883,31.481112793,32.483880245,31.317198883,3868083.0
2018-10-12,32.339250324,32.059632477,32.628510166,31.39433484,2475093.0
2018-10-15,31.886076572,32.059632477,32.561016203,31.866792582,2609436.0
2018-10-16,32.49352224,33.351659771,33.390227749,32.252472371,2316517.0
2018-10-17,34.026599402,32.917770008,34.441205175,32.859918039,2627275.0
2018-10-18,31.423260825,31.616100719,32.059632477,30.854383136,3404813.0
2018-10-19,31.664310693,31.59681673,32.040348487,31.346124867,3068683.0
2018-10-22,31.818582609,31.134000983,31.934286545,30.931519093,2510119.0
2018-10-23,30.198727494,31.04722303,31.423260825,29.706985763,4169853.0
2018-10-24,29.851615684,29.147750068,31.153284972,29.138108074,7696556.0
2018-10-25,30.324073425,31.616100719,32.059632477,30.160159515,7263073.0
2018-10-26,30.786889172,31.191852951,31.683594682,30.738679199,5828502.0
2018-10-29,31.731804656,31.268988909,32.628510166,30.815815157,4901622.0
2018-10-30,31.432902819,32.773140087,32.802066071,31.288272898,3441335.0
2018-10-31,33.486647697,33.216671844,33.679487591,33.062399929,2502165.0
2018-11-01,33.55414166,34.894378927,34.932946906,33.033473944,3791191.0
2018-11-02,34.923304912,34.81724297,35.14507079,34.180871317,2154546.0
2018-11-05,34.952230896,34.508699138,35.039008848,33.766265544,1525671.0
2018-11-06,34.421921186,34.894378927,35.000440869,34.296575254,1573410.0
2018-11-07,35.405404648,35.251132732,35.463256616,34.441205175,1499535.0
2018-11-08,35.029366854,35.434330632,35.607886537,35.019724859,1388504.0
2018-11-09,35.096860817,34.315859244,35.318626695,33.881969481,1386113.0
2018-11-12,33.756623549,32.82135006,33.756623549,32.454954261,2475269.0
2018-11-13,33.129893892,32.802066071,33.843401502,32.724930113,2435018.0
2018-11-14,33.322733786,33.640919612,33.978389428,33.149177881,3088358.0
2018-11-15,33.409511739,35.193280764,35.32826869,33.37094376,2248348.0
2018-11-16,34.335143233,35.106502811,35.299342706,34.094093365,1644770.0
2018-11-19,34.836526959,34.026599402,35.135428796,33.824117512,1761299.0
2018-11-20,32.65743615,34.016957407,34.209797302,31.905360561,2970744.0
2018-11-21,34.402637196,34.527983128,34.884736933,33.959105439,1306438.0
2018-11-23,34.045883391,34.576193101,35.029366854,34.045883391,314969.0
2018-11-26,35.183638769,35.308984701,35.429509635,34.643687064,1202398.0
2018-11-27,35.07700675,35.05767525,35.313817625,34.76770275,1806181.0
2018-11-28,35.260656,35.18333,35.34764775,34.758037,5100862.0
2018-11-29,35.17366425,34.187757749,35.304151875,34.16842625,2763685.0
2018-11-30,34.052437249,34.49706175,34.51639325,33.622311374,3284508.0
2018-12-03,35.415308,34.758037,35.88892975,34.20708925,4077766.0
2018-12-04,34.59371925,33.33717175,34.67104525,33.2695115,2914363.0
2018-12-06,32.31260225,32.67990075,32.6895665,31.73265725,3373183.0
2018-12-07,32.786224,31.52001075,32.786224,31.21070675,2758950.0
2018-12-10,31.423353249,31.771320249,32.012963999,31.274694015,1865196.0
2018-12-11,32.21594475,31.858312,33.0375335,31.8003175,1697227.0
2018-12-12,32.47692,32.244942,32.902309657,31.98396675,2052061.0
2018-12-13,32.206279,31.896975,32.4189255,31.7616545,1818868.0
2018-12-14,31.38469025,31.423353249,32.02262975,31.123715,1651787.0
2018-12-17,31.23003825,30.737085,31.742323,30.6790905,2786940.0
2018-12-18,30.9883945,30.891737,32.148284499,30.80822492,2798973.0
2018-12-19,30.70808775,29.577195,31.3363615,29.538532,3957688.0
2018-12-20,29.654521,29.66418675,30.2924605,28.89092675,4532669.0
2018-12-21,29.1712335,28.571957,29.538532,28.52362825,6730543.0
2018-12-24,28.3593105,27.9726805,28.881261,27.92435175,1564519.0
2018-12-26,28.378642,29.47087175,29.49020325,27.76969975,2139287.0
2018-12-27,28.842598,29.886499,29.93482775,28.67828025,2333745.0
2018-12-28,30.7564165,30.14747425,30.886904125,29.95415925,2746334.0
2018-12-31,30.55343575,30.3311235,30.698422,29.87683325,2307415.0
2019-01-02,29.5192005,30.6790905,31.09471775,29.5192005,2411018.0
2019-01-03,29.89616475,28.61062,30.16680575,28.5912885,4214232.0
2019-01-04,29.2098965,30.0604825,30.195803,29.0165815,3446085.0
2019-01-07,30.16680575,30.10881125,30.6790905,29.62552375,2407615.0
2019-01-08,30.20546875,29.7511785,30.53410425,29.38388,1889028.0
2019-01-09,29.97349075,30.8337425,31.31703,29.97349075,2651142.0
2019-01-10,30.57276725,31.09471775,31.240670574,30.41811525,1589585.0
2019-01-11,30.84340825,31.24936975,31.568339499,30.8337425,1403916.0
2019-01-14,30.07014825,30.43744675,30.78541375,29.809173,2764707.0
2019-01-15,30.47610975,30.72741925,30.9110685,30.39878375,2224400.0
2019-01-16,30.737085,30.65009325,31.225205375,30.63076175,1639681.0
2019-01-17,30.39878375,31.03672325,31.23003825,30.30212625,2838477.0
2019-01-18,31.2590355,31.8003175,32.254607749,31.23003825,2448032.0
2019-01-22,31.38469025,30.737085,31.486180625,30.57276725,2152500.0
2019-01-23,31.13338075,30.86273975,31.36535875,30.45677825,4397774.0
2019-01-24,33.5401525,34.835363,36.21756525,32.911878749,10477183.0
2019-01-25,34.6227165,35.52163125,35.7052805,34.315635622,3998124.0
2019-01-28,34.80636575,35.54096275,36.033819342,34.105598874,3643978.0
2019-01-29,35.531297,35.1253355,35.71494625,35.07700675,2010741.0
2019-01-30,35.5892915,35.6666175,35.95659,34.939076497,2711624.0
2019-01-31,35.337982,34.78703425,35.840601,34.70970825,3874489.0
2019-02-01,35.028678,35.531297,35.88892975,34.80636575,2990081.0
2019-02-04,35.531297,35.69561475,35.69561475,35.221993,1650370.0
2019-02-05,35.77294075,36.10157625,36.2465625,35.608623,1694860.0
2019-02-06,36.304557,37.2131375,37.619099,36.304557,2701819.0
2019-02-07,36.7491815,36.381883,37.06815125,36.06291325,2275671.0
2019-02-08,35.995253,36.2852255,36.60419525,35.801938,1767322.0
2019-02-11,36.2078995,36.60419525,36.72018425,36.02425025,1421324.0
2019-02-12,36.9424965,37.60943325,37.657762,36.7878445,1707557.0
2019-02-13,37.696425,37.84141125,38.1410495,37.6770935,2877209.0
2019-02-14,37.80274825,38.20870975,38.55667675,37.696425,1820793.0
2019-02-15,38.237707,38.44068775,38.7596575,38.1797125,1742098.0
2019-02-19,38.663,39.0302985,39.44592575,38.57600825,2570096.0
2019-02-20,39.31060525,39.90988175,39.90988175,39.088293,2340121.0
2019-02-21,39.958316062,39.813013095,39.961900202,39.541780889,1812335.0
2019-02-22,39.309296141,39.948629198,39.968002927,39.231801225,1578018.0
2019-02-25,40.3845381,40.752638951,41.15948726,40.268295726,2211578.0
2019-02-26,40.500780474,40.171427081,40.839820732,40.069715004,1689150.0
2019-02-27,40.016437249,39.929255469,40.122992759,39.469129405,1204365.0
2019-02-28,39.473972837,39.551467753,39.730674746,39.289922412,1473632.0
2019-03-01,40.084245301,39.71614445,40.336103778,39.444912244,1521029.0
2019-03-04,39.851760553,39.367417328,40.152053352,38.83463978,1849316.0
2019-03-05,39.318983005,39.13493258,39.396477921,39.067124528,1182539.0
2019-03-06,39.086498257,38.689336813,39.22211436,38.660276219,1392013.0
2019-03-07,38.514973252,37.652842311,38.524660116,37.39129697,2503454.0
2019-03-08,37.081317306,37.536599937,37.614094853,36.8100851,2199613.0
2019-03-11,37.701276634,38.292175368,38.456852065,37.652842311,1230773.0
2019-03-12,38.340609691,38.350296555,38.544033845,37.914387653,1261907.0
2019-03-13,38.55372071,38.369670284,38.55372071,37.623781718,2189375.0
2019-03-14,38.389044013,38.040316891,38.582781303,37.97250884,1690521.0
2019-03-15,38.272801639,39.193053767,39.318983005,38.040316891,3890333.0
2019-03-18,39.173680038,39.125245715,39.648336398,38.820109483,2611427.0
2019-03-19,39.299609276,39.270548683,39.503033431,39.018690206,1535325.0
2019-03-20,39.289922412,38.340609691,39.289922412,37.97250884,3597026.0
2019-03-21,38.292175368,39.241488089,39.599902076,38.204993588,4585446.0
2019-03-22,39.067124528,38.369670284,39.444912244,38.350296555,3130478.0
2019-03-25,38.175932994,38.272801639,38.544033845,37.86595333,1204845.0
2019-03-26,38.202571871,38.55372071,38.939257917,38.202571871,1219295.0
2019-03-27,38.544033845,38.069377485,38.805579187,37.643155447,1510553.0
2019-03-28,38.137185536,37.991882569,38.466538929,37.788458414,1060388.0
2019-03-29,38.408417742,38.592468168,38.689336813,38.263114775,1160695.0
2019-04-01,38.873387238,40.471719881,40.587962255,38.873387238,2904761.0
2019-04-02,40.423285558,40.704204629,40.868881325,39.881596095,2232906.0
2019-04-03,41.362911415,42.23472922,42.355815026,40.96574997,2964593.0
2019-04-04,42.108799981,42.263789813,42.380032187,41.643830485,1693482.0
2019-04-05,42.51564829,42.767506767,43.004834947,42.273476678,1575961.0
2019-04-08,42.738446174,42.922496599,42.980617786,42.263789813,1270413.0
2019-04-09,42.670638122,42.331597865,42.81594109,42.162077736,2599756.0
2019-04-10,42.302537271,42.544708884,42.690011851,41.779446588,2885997.0
2019-04-11,42.6222038,42.244416084,42.825627954,42.021618201,1536511.0
2019-04-12,42.864375412,42.757819903,42.961244057,42.447840239,1273562.0
2019-04-15,42.6222038,42.564082613,42.864375412,42.04099193,1364057.0
2019-04-16,43.087173296,43.716819488,43.794314404,42.6222038,1836412.0
2019-04-17,44.036486017,43.445587282,44.143041526,43.174355076,2130176.0
2019-04-18,43.59089025,43.406839824,43.774940675,43.193728805,1430551.0
2019-04-22,43.309971179,43.445587282,43.474647876,43.135607618,1701133.0
2019-04-23,43.242163128,43.193728805,43.48433474,42.970930922,3200623.0
2019-04-24,45.247344079,46.487262735,47.901544952,44.520829242,10155237.0
2019-04-25,46.942545367,46.642252567,47.349393676,46.041666968,3959431.0
2019-04-26,46.380707226,47.233151302,47.979039868,45.896364001,2745817.0
2019-04-29,47.242838166,47.562504695,47.727181391,46.990979689,2018330.0
2019-04-30,47.310646218,47.46563605,47.794989443,46.903797909,1665379.0
2019-05-01,47.785302578,47.213777573,48.269645803,47.213777573,1748090.0
2019-05-02,47.155656386,47.426888592,47.891858088,46.835989857,1744653.0
2019-05-03,47.707807662,47.882171223,47.911231817,47.40267143,1907592.0
2019-05-06,46.429141548,47.058787741,47.368767405,45.896364001,1913660.0
2019-05-07,46.526010193,46.613191974,46.622878838,45.513732853,2142321.0
2019-05-08,46.254777987,46.681000025,47.233151302,46.186969936,2212449.0
2019-05-09,45.857616543,46.467889006,46.671313161,45.179536028,2156377.0
2019-05-10,46.1966568,46.739121212,47.097535199,45.731687304,1570815.0
2019-05-13,44.956738144,44.327091952,45.412020776,44.007425423,2008217.0
2019-05-14,44.917990686,44.782374583,45.402333911,44.443334326,1351606.0
2019-05-15,44.230223307,45.324838995,45.818869085,44.06554661,1103298.0
2019-05-16,45.286091537,45.499202556,45.944798323,44.695192803,1850130.0
2019-05-17,45.043919925,44.462708055,45.450768234,44.385213139,1363917.0
2019-05-20,42.728759309,42.457527103,43.59089025,42.438153374,2847301.0
2019-05-21,43.038738973,42.544708884,43.542455927,42.341284729,3962903.0
2019-05-22,42.12817371,42.137860575,42.535022019,41.798820317,2182677.0
2019-05-23,41.45978006,40.985123699,41.65351735,40.379694668,2309760.0
2019-05-24,41.207921583,40.57827539,41.54696184,40.539527932,2065628.0
2019-05-28,40.655937223,40.384121024,40.927753422,40.122012546,1804468.0
2019-05-29,39.918150396,41.083076964,41.131615571,39.723995968,2195807.0
2019-05-30,41.141323293,41.306354557,42.044141383,41.141323293,1508410.0
2019-05-31,40.791845322,40.908337979,41.67524797,40.753014437,2178820.0
2019-06-03,41.209277343,41.063661522,41.641270945,40.665644944,1700319.0
2019-06-04,41.636417084,43.024621244,43.082867573,41.286939114,2226924.0
2019-06-05,43.267314279,43.238191115,43.48088415,42.335373025,1901594.0
2019-06-06,43.432345543,43.577961364,43.840069842,43.179944787,1995014.0
2019-06-07,43.781823514,43.888608449,44.189547812,43.587669086,1742957.0
2019-06-10,44.325455912,45.538921087,45.849568172,44.325455912,2702908.0
2019-06-11,46.267000192,45.97576855,46.530758982,45.548628808,1614665.0
2019-06-12,45.296228052,44.121593763,45.383597545,44.082762877,1546404.0
2019-06-13,44.393409962,43.772115792,44.704057047,43.461468707,1617674.0
2019-06-14,43.102283016,42.743097324,43.121698458,42.189757204,1733253.0
2019-06-17,42.71397416,42.801343652,43.442053265,42.422742518,1694015.0
2019-06-18,42.811051374,44.480779454,44.531744992,42.811051374,1725419.0
2019-06-19,44.810841982,44.141009205,44.839965146,44.111886041,1357583.0
2019-06-20,45.024411853,44.849672868,45.14090451,44.257501862,1047975.0
2019-06-21,44.577856668,44.704057047,44.859380589,44.432240847,2304241.0
2019-06-24,44.58756439,44.878796032,45.043827296,44.58756439,987866.0
2019-06-25,45.082658181,44.121593763,45.500090201,44.10217832,1422920.0
2019-06-26,44.878796032,44.597272111,45.432136152,44.340017494,1296388.0
2019-06-27,44.907919196,45.286520331,45.606875137,44.907919196,1241226.0
2019-06-28,45.655413744,46.509693227,46.713555376,45.519505644,5009066.0
2019-07-01,47.956143716,47.402803596,48.315329407,46.965956133,2530832.0
2019-07-02,47.150402839,46.160215257,47.257187775,46.009745575,1474812.0
2019-07-03,46.267000192,45.917522222,46.315538799,45.577751973,1039880.0
2019-07-05,45.587459694,45.538921087,45.781614122,44.927334639,1370287.0
2019-07-08,45.267104888,45.286520331,45.616582858,44.956457803,1501828.0
2019-07-09,44.849672868,44.995288689,45.218566281,44.369140658,2416296.0
2019-07-10,45.480674759,44.577856668,46.101968928,44.403117683,2452612.0
2019-07-11,44.548733504,43.946854777,44.65551844,43.281099244,2171116.0
2019-07-12,43.946854777,44.907919196,44.990434828,43.908023892,1401805.0
2019-07-15,45.121489067,45.121489067,45.373889823,44.752595654,1513537.0
2019-07-16,43.859485285,43.840069842,44.522716811,42.508170466,2547394.0
2019-07-17,44.131301484,43.772115792,44.417485111,43.490591872,1770933.0
2019-07-18,43.830362121,44.946750082,44.961311664,43.539130479,2360138.0
2019-07-19,44.93704236,44.616687554,45.218566281,44.441948569,1436363.0
2019-07-22,45.043827296,45.470967037,45.868983615,45.034119574,1815563.0
2019-07-23,45.771906401,46.684432212,46.820340312,45.635998301,2831230.0
2019-07-24,51.742155062,56.246537791,56.896955125,51.572269937,16165099.0
2019-07-25,55.469920079,54.266162626,56.013552478,54.120546805,5353676.0
2019-07-26,54.596225153,54.703010089,55.596120457,54.392363004,2406266.0
2019-07-29,54.673886924,55.906767542,56.324199562,54.557394268,3573937.0
2019-07-30,55.159272994,55.68348995,56.062091085,53.974930984,2914219.0
2019-07-31,55.673782229,54.101131362,55.673782229,53.441006307,3704034.0
2019-08-01,54.751548696,53.198313272,55.440796915,52.470234167,2621673.0
2019-08-02,52.712927202,51.907186325,53.159482386,51.615954683,2282457.0
2019-08-05,50.334535459,50.218042802,50.946121907,49.616164075,2792501.0
2019-08-06,51.111153171,49.761779896,51.412092534,49.247270662,4784792.0
2019-08-07,49.44142509,48.975454463,49.596748632,48.431822064,6208195.0
2019-08-08,49.79090306,50.868460136,51.091737728,49.470548254,3713661.0
2019-08-09,50.41219723,50.645182543,50.975245071,49.514233,1866138.0
2019-08-12,50.247165966,50.722844315,51.557708355,49.810318503,2036248.0
2019-08-13,50.20833508,52.013971261,52.762533658,49.596748632,2082246.0
2019-08-14,50.722844315,49.79090306,51.324723041,49.761779896,2135914.0
2019-08-15,50.023888374,50.509274444,50.790798364,49.810318503,1599708.0
2019-08-16,50.771382922,51.402384813,51.858647718,50.771382922,1236282.0
2019-08-19,52.324618346,51.567416076,52.683804037,51.45092342,1346081.0
2019-08-20,51.848939997,51.509169748,52.062509868,51.140276335,1135452.0
2019-08-21,52.188710246,51.86835544,52.314910624,51.601393101,2005856.0
2019-08-22,52.373156953,52.081925311,52.441111002,51.130568613,881264.0
2019-08-23,51.538292912,50.470443558,52.227541132,50.227750523,1389860.0
2019-08-26,51.344138484,50.916998743,51.344138484,50.55295919,791081.0
2019-08-27,51.31501532,50.451028115,51.421800255,50.266581409,830076.0
2019-08-28,50.256873687,50.27628913,50.645182543,49.820026224,1363010.0
2019-08-29,51.033491399,51.111153171,51.586831519,50.984952792,1210269.0
2019-08-30,51.606246962,51.421800255,51.819816833,50.751967479,1475725.0
2019-09-03,51.266212364,50.77027594,51.499594211,50.458808416,1042563.0
2019-09-04,51.713527571,52.160842777,52.413673111,50.848069888,1407895.0
2019-09-05,52.778332247,54.377970323,54.582179439,52.754021638,2407770.0
2019-09-06,54.455764272,54.53355822,54.980873427,53.998724821,1631309.0
2019-09-09,54.971149183,55.817158378,56.366578143,53.677824782,2836425.0
2019-09-10,55.807434135,55.282324979,56.315331379,54.193209694,3042869.0
2019-09-11,55.729640186,56.157506905,56.478406944,55.010046158,1340554.0
2019-09-12,56.400612996,55.807434135,56.595097868,55.292049223,2251877.0
2019-09-13,56.011643251,56.245025098,56.527028163,55.233703761,1733984.0
2019-09-16,55.505982582,56.342267534,56.463820579,55.087840107,1093669.0
2019-09-17,56.196403879,56.400612996,56.595097868,55.719915942,1941229.0
2019-09-18,56.186679636,56.886825177,56.974343369,55.953297789,2097924.0
2019-09-19,56.964619125,57.120207023,57.752282859,56.575649381,2043475.0
2019-09-20,57.382761601,56.604822112,57.674975122,56.021367494,2833864.0
2019-09-23,56.915997907,57.091034293,57.684213153,56.614546355,1541078.0
2019-09-24,57.285519165,56.54647665,57.674002698,56.497855432,3045625.0
2019-09-25,56.099161443,57.78145559,58.069876655,55.812296256,1613701.0
2019-09-26,58.082907142,57.586970717,58.102355629,57.295243409,1770990.0
2019-09-27,57.46055555,55.817158378,57.684213153,55.06839162,2119394.0
2019-09-30,56.303370559,56.313094803,56.49299331,55.890090205,1552763.0
2019-10-01,57.120207023,56.507579675,57.344350839,55.914400815,1774294.0
2019-10-02,55.992194763,55.758812917,56.420061483,55.399015903,1878209.0
2019-10-03,55.904676571,56.818755471,56.867376689,55.321221954,1786648.0
2019-10-04,57.256346434,58.301702623,58.34546172,56.984067613,1993926.0
2019-10-07,58.044010167,57.732834371,58.442704156,57.441107063,2012424.0
2019-10-08,57.402210088,56.43950997,57.421658576,55.865779596,2063673.0
2019-10-09,57.518901012,58.199598065,58.753879952,56.935446395,2864775.0
2019-10-10,58.462152643,58.228770796,59.035883017,57.898146513,2276204.0
2019-10-11,59.308161838,59.492922467,60.047204353,59.035883017,2446637.0
2019-10-14,59.308161838,58.943502702,59.784649775,58.860846631,1322189.0
2019-10-15,59.123401209,59.988858891,60.377828636,59.123401209,1787612.0
2019-10-16,59.949961917,58.598292054,60.115274058,58.549670836,2084728.0
2019-10-17,59.026158773,58.646913272,59.784649775,58.30637026,2747585.0
2019-10-18,58.676086003,57.304967652,58.676086003,56.984067613,2926145.0
2019-10-21,58.394082938,58.403807181,59.434577005,58.084949233,2694983.0
2019-10-22,58.394082938,57.518901012,58.80250117,57.256346434,3656203.0
2019-10-23,61.797568205,59.026158773,63.635450249,58.384358694,8615029.0
2019-10-24,59.706855826,61.369701485,61.535013627,59.531819441,2655846.0
2019-10-25,61.291907536,61.86563791,62.342125847,61.291907536,2219290.0
2019-10-28,62.575507694,62.293504629,63.246480504,62.07957127,2128766.0
2019-10-29,62.244883411,61.86563791,62.828338028,61.505840896,1290347.0
2019-10-30,61.86563791,61.039077202,61.962880346,60.73762565,1449754.0
2019-10-31,60.484795316,59.531819441,60.513968047,58.880295119,2185975.0
2019-11-01,59.813822506,60.669555945,60.766798381,59.813822506,1499745.0
2019-11-04,61.447495434,61.136319638,61.855913666,60.834868086,1741998.0
2019-11-05,61.51556514,60.864040817,61.719774256,60.805695355,1394737.0
2019-11-06,60.727901406,61.277321171,61.350252998,60.261137713,1489889.0
2019-11-07,61.933707615,60.84459233,62.517162232,60.572313508,1870969.0
2019-11-08,60.854316573,61.75867123,61.817016692,60.708452919,2121261.0
2019-11-11,61.30163178,62.303228873,62.556059207,61.262734806,1071492.0
2019-11-12,62.585231938,63.382619915,63.742416929,62.585231938,3379323.0
2019-11-13,62.876959246,63.849383608,63.985523019,62.32267736,2534476.0
2019-11-14,63.577104787,63.761865416,64.034144237,63.20758353,2057360.0
2019-11-15,64.491183687,64.92877465,65.346917126,64.22862911,2873553.0
2019-11-18,64.714841291,63.314550209,64.899601919,63.227032017,2262270.0
2019-11-19,63.489586594,62.390747065,63.761865416,62.074709148,2523565.0
2019-11-20,62.196262193,62.089295513,62.896407734,61.554462114,2010617.0
2019-11-21,61.807292448,60.076377084,61.807292448,59.726304314,2243734.0
2019-11-22,60.513968047,60.251413469,61.039077202,59.784649775,1723711.0
2019-11-25,60.689004432,61.836465179,62.060122782,60.591761996,1829592.0
2019-11-26,61.826727137,62.002011605,62.342842516,61.446944123,10827465.0
2019-11-27,62.459698828,62.294152385,62.878433946,62.167558047,1186659.0
2019-11-29,62.031225683,60.950304796,62.38179462,60.882138614,712030.0
2019-12-02,60.930828744,60.901614666,61.466420175,60.327071131,1525904.0
2019-12-03,59.567505103,60.025192325,60.570521782,59.421434713,1608332.0
2019-12-04,60.580259808,61.057423082,61.510241292,60.580259808,1482221.0
2019-12-05,60.960042822,61.018470978,61.593014513,60.59973586,1196338.0
2019-12-06,60.69711612,62.264938307,62.313628437,60.69711612,1596477.0
2019-12-09,62.323366464,61.855941215,62.376925607,61.836465163,1627246.0
2019-12-10,62.235724229,62.391532646,62.586293166,61.914369371,1251141.0
2019-12-11,62.313628437,63.842498521,63.900926677,62.225986203,1337056.0
2019-12-12,63.871712599,64.670230732,65.254512293,63.539061631,1751135.0
2019-12-13,64.60206455,64.94289546,65.605081229,64.460278891,1132667.0
2019-12-16,65.945912139,66.5301937,67.309235781,65.644033333,2022003.0
2019-12-17,66.861286584,66.72495422,67.192379469,66.160148711,1537947.0
2019-12-18,66.929452766,66.608097908,66.997618948,66.306219102,1227527.0
2019-12-19,66.695740142,66.763906324,66.978142896,66.267266998,2557446.0
2019-12-20,67.017095,67.533210379,67.620852613,66.754168298,3613824.0
2019-12-23,67.903255367,67.260545651,67.971421549,67.182641442,1235291.0
2019-12-24,67.387139989,67.182641442,67.426092093,66.802858428,373486.0
2019-12-26,67.16316539,67.805875107,67.912993393,66.987880922,1663197.0
2019-12-27,68.010373653,67.328711833,68.068801809,67.197248482,624780.0
2019-12-30,67.348187885,66.958666844,67.484520249,66.247790946,755050.0
2019-12-31,66.637311986,66.403599362,66.880762636,66.101720555,1124764.0
2020-01-02,67.036571052,67.854565237,67.961683523,66.744430272,1100833.0
2020-01-03,66.345171206,66.442551466,67.104737234,65.702461489,1363418.0
2020-01-06,65.546653073,65.001323616,65.580736164,64.494946264,1717617.0
2020-01-07,65.322678475,66.43281344,67.06578513,65.098703876,2097484.0
2020-01-08,66.598359882,66.510717648,67.06578513,66.218576868,1188128.0
2020-01-09,67.104737234,66.471765544,67.679280769,65.702461489,1782997.0
2020-01-10,66.734692246,66.150410685,67.075523156,66.048161412,1200913.0
2020-01-13,67.990897601,67.455306171,67.990897601,66.948928818,1482486.0
2020-01-14,67.455306171,68.429108772,68.886795994,67.455306171,2240768.0
2020-01-15,68.429108772,67.338449859,68.429108772,66.841810532,1580333.0
2020-01-16,67.611114587,68.65308337,68.964700202,67.606829855,1609853.0
2020-01-17,68.7017735,68.448584824,68.867319942,68.205134174,1300466.0
2020-01-21,68.614131266,69.675576101,70.094311219,68.40963272,2956262.0
2020-01-22,70.62990265,71.662133407,71.856893927,70.561736468,4299255.0
2020-01-23,76.979095609,74.213496222,79.433078163,72.986504944,16146835.0
2020-01-24,73.882403337,70.211167532,74.203758196,69.529505711,5662275.0
2020-01-27,68.662821396,67.669542743,68.662821396,67.22646256,3699442.0
2020-01-28,68.127229965,69.286055061,69.753480309,67.211855521,2625120.0
2020-01-29,69.695052153,68.190527135,70.065097141,67.883779315,2232917.0
2020-01-30,67.893517341,67.046309078,68.808891786,66.539931726,2411880.0
2020-01-31,66.569145804,64.261233639,66.96840487,63.861974573,2952793.0
2020-02-03,64.641016654,66.023816347,66.101720555,64.572850472,2033015.0
2020-02-04,67.202117495,68.623869292,68.806944181,67.111359092,2006730.0
2020-02-05,69.870336621,69.412649399,69.948240829,68.36094259,1377207.0
2020-02-06,69.412649399,69.500291633,69.83625353,68.877057968,1119956.0
2020-02-07,68.838105864,67.630590639,69.139984671,67.396878015,1604909.0
2020-02-10,67.192379469,68.7017735,68.779677708,67.026833026,1182558.0
2020-02-11,69.519767685,70.503308312,71.126541977,69.334745191,1565745.0
2020-02-12,70.863615274,71.184970133,71.632919329,70.561736468,1503098.0
2020-02-13,70.814925144,70.67859278,71.671871433,70.225774571,2073785.0
2020-02-14,70.892829352,68.321990486,70.97073356,67.835089185,2040249.0
2020-02-18,66.140672659,65.624557281,66.520455674,64.976978551,4029097.0
2020-02-19,66.539931726,66.199100815,66.900238688,66.072506477,2210201.0
2020-02-20,66.179596052,66.208853168,66.872014461,64.609464168,1793334.0
2020-02-21,65.887024894,64.36565487,65.887024894,64.014569479,2329956.0
2020-02-24,61.620362166,62.298152016,62.912551449,61.122991196,4037275.0
2020-02-25,63.097846516,60.103868327,63.175865492,59.674763962,2879526.0
2020-02-26,60.445201346,59.908820888,61.400933797,59.606107263,1973074.0
2020-02-27,58.055870218,56.963604559,58.709279139,56.154157688,4047688.0
2020-02-28,54.388978365,57.304937578,57.509737389,53.950121627,3649402.0
2020-03-02,57.938841754,58.992097925,59.177392992,56.154157688,2780288.0
2020-03-03,59.011602669,57.022118791,59.91857326,56.46623359,2071551.0
2020-03-04,58.11438445,60.923067571,60.952324687,58.094879706,2588617.0
2020-03-05,59.138383504,59.11887876,60.01609698,58.309431889,1637732.0
2020-03-06,57.207413858,57.460975529,58.231412913,55.832329413,1917185.0
2020-03-09,52.077666213,53.7160647,55.110653889,51.69742123,2484204.0
2020-03-10,55.471491651,57.548746876,57.695032456,53.7160647,2713884.0
2020-03-11,55.871338901,53.521017261,56.651528657,53.31621745,2535144.0
2020-03-12,49.542049506,48.596069426,51.746085566,48.371764872,3130232.0
2020-03-13,51.911875889,53.179684243,53.521017261,47.474546652,2910590.0
2020-03-16,46.908909079,46.957670939,52.584789554,45.616719796,2791912.0
2020-03-17,48.323003012,50.439267725,50.853743533,46.216490671,2535439.0
2020-03-18,46.392033366,45.036453665,49.834620664,41.808418549,2665228.0
2020-03-19,44.636606415,45.836148165,48.839878725,44.441558976,2558466.0
2020-03-20,47.191727866,43.193255366,48.683840774,42.978703183,2663741.0
2020-03-23,43.505331268,44.831653854,46.206738299,42.247275287,2652540.0
2020-03-24,47.133213634,51.512028639,51.668066591,46.645595036,3422632.0
2020-03-25,51.931380633,52.896865456,55.578767743,49.785858804,3288069.0
2020-03-26,53.608788609,56.085891084,56.1151482,53.36497931,2442560.0
2020-03-27,54.252445157,53.491760145,55.208177608,53.208941359,2156721.0
2020-03-30,53.618540981,53.872102651,54.701054267,52.409246859,1872103.0
2020-03-31,54.584025804,52.828598853,54.681549523,52.087418584,2192726.0
2020-04-01,51.092676646,50.848867347,52.599418112,50.156448938,1839552.0
2020-04-02,49.941896755,52.106923328,52.21419942,49.883382524,1387342.0
2020-04-03,51.404752548,51.551038127,52.682313273,50.605058048,1426542.0
2020-04-06,53.696559956,57.734041944,57.987603614,53.696559956,2591870.0
2020-04-07,60.045354096,57.724289572,60.610991669,57.470727901,2910605.0
2020-04-08,58.46546984,61.225391102,61.420438541,57.656022968,1911981.0
2020-04-09,62.034837973,59.635754474,63.283141583,58.943336065,2686599.0
2020-04-13,59.304173827,59.450459407,59.908820888,58.338689004,908208.0
2020-04-14,61.157124498,61.742266815,63.010075168,61.010838919,1557507.0
2020-04-15,59.411449919,59.586992614,60.289163394,57.763299059,1727458.0
2020-04-16,60.884058083,62.278647272,62.990570425,60.425696602,3100168.0
2020-04-17,63.756131623,62.249390156,64.794759235,61.683752583,2944499.0
2020-04-20,61.547219376,60.923067571,62.229885412,60.913315199,1362925.0
2020-04-21,59.947830376,59.421202291,60.923067571,58.738536254,3005237.0
2020-04-22,64.642134614,61.225391102,64.642134614,56.06638634,6689916.0
2020-04-23,58.933583693,59.684516334,61.001086547,58.933583693,2608671.0
2020-04-24,59.704021077,60.46470609,60.630496413,58.787298114,1564837.0
2020-04-27,61.088857894,62.171371181,63.49359777,60.912144915,1626676.0
2020-04-28,62.980818053,61.625238352,63.234379723,60.269658651,1755337.0
2020-04-29,61.527714632,65.652967967,65.86752015,61.527714632,2598459.0
2020-04-30,65.048320906,60.991334175,65.214111229,60.981581803,2207599.0
2020-05-01,59.226154852,56.41747173,59.548665792,55.305701328,3333279.0
2020-05-04,55.920100761,57.129394883,57.7145372,55.637281974,2171347.0
2020-05-05,58.974738703,57.96809887,60.123373071,57.626765852,1709790.0
2020-05-06,58.923831321,59.001850297,60.152630187,58.34356519,1596684.0
2020-05-07,59.840554285,60.884058083,61.088857894,59.840554285,2482217.0
2020-05-08,61.537467004,63.478189022,64.077959897,61.537467004,2052703.0
2020-05-11,62.590723175,61.547219376,62.951560937,61.503918844,2790417.0
2020-05-12,61.839790534,59.782040053,62.337161504,59.772287681,1735957.0
2020-05-13,59.684516334,58.250917657,60.683841887,57.187909114,1718300.0
2020-05-14,57.470727901,59.869811401,60.025849352,55.910348389,2040983.0
2020-05-15,56.01762448,55.481244023,57.890079895,55.022882541,3275490.0
2020-05-18,57.061128279,59.148135876,59.460211779,56.076138712,2534835.0
2020-05-19,59.479716523,59.606497358,61.410686169,59.226154852,1562895.0
2020-05-20,61.176629242,61.956818998,62.259142528,60.952324687,2042432.0
2020-05-21,61.303410077,60.211144419,61.849542906,59.430954663,1530896.0
2020-05-22,60.41594423,61.196133986,61.244895846,59.586992614,850399.0
2020-05-26,63.296240767,63.345080459,64.336526205,61.645459179,1924775.0
2020-05-27,64.439089558,66.021495578,66.119174961,63.413456027,2647579.0
2020-05-28,66.080103208,63.061810245,66.588036004,62.719932402,2279936.0
2020-05-29,63.266936952,65.464723089,65.689385672,63.266936952,2465128.0
2020-06-01,65.288900198,65.601474227,66.37314136,64.956790293,1963973.0
2020-06-02,65.816368871,67.838332118,67.877403872,65.562402473,1344941.0
2020-06-03,69.616096905,70.641730436,71.774811289,68.98118091,2479193.0
2020-06-04,70.768713635,71.491541076,71.975054026,70.172869393,1996384.0
2020-06-05,74.148420318,74.978695081,76.219223257,73.454896692,2529873.0
2020-06-08,76.189919442,73.161858541,76.375510271,72.19483264,2851252.0
2020-06-09,71.95063418,73.127670756,73.95306155,70.817553327,2979758.0
2020-06-10,73.601415768,74.509834038,75.681986645,73.220466171,2280848.0
2020-06-11,72.282744086,69.166771739,72.74183719,69.117932047,2753224.0
2020-06-12,71.794347166,70.084957948,72.468334915,68.688142758,2548652.0
2020-06-15,68.79559008,72.839516574,72.937195958,68.43417636,2745039.0
2020-06-16,75.857809536,75.242429418,77.029962143,74.050740934,2605225.0
2020-06-17,75.672218707,76.600172854,76.942050698,75.29126911,2155705.0
2020-06-18,77.029962143,77.762557522,78.075131551,76.19968738,2025212.0
2020-06-19,78.56352847,80.829690177,80.86876193,78.172810935,4815175.0
2020-06-22,81.015281006,81.9041634,82.539079395,79.891088977,2598564.0
2020-06-23,83.027476315,81.796716077,83.437729727,81.562285556,1988140.0
2020-06-24,81.71857257,79.471946741,82.890725177,79.022621575,3000695.0
2020-06-25,79.589162001,82.861421362,82.861421362,78.758984917,2551761.0
2020-06-26,82.65727145,79.950575722,82.998172499,79.745449015,2395952.0
2020-06-29,79.882200153,80.907833684,81.405998542,78.710047546,1607211.0
2020-06-30,81.672174863,82.548847333,82.890725177,80.253381812,2338153.0
2020-07-01,82.734438163,80.985977191,82.822349608,80.888297807,1422420.0
2020-07-02,82.050682476,82.617222902,83.730767879,81.728340509,1609794.0
2020-07-06,84.902920485,86.084841031,87.501192097,84.199628921,1793878.0
2020-07-07,85.742963187,84.336380059,86.81743641,84.297308305,1995054.0
2020-07-08,85.430389158,85.713659372,86.397415059,84.609882334,1724326.0
2020-07-09,86.231360106,86.407182997,87.198386007,85.108047192,1440872.0
2020-07-10,86.446254751,85.352245651,86.788132595,83.887054893,2076710.0
2020-07-13,86.397415059,84.834544917,88.595201197,84.795473163,2280526.0
2020-07-14,81.585240211,84.600114395,84.62941821,80.985977191,2584656.0
2020-07-15,85.147118945,84.521970888,85.147118945,82.724670224,1590784.0
2020-07-16,83.183763329,84.101949537,84.521970888,82.900493115,1096930.0
2020-07-17,84.26800449,84.414523566,84.619650272,83.623320556,1031724.0
2020-07-20,84.932224301,87.657479111,87.769810403,84.414523566,1575289.0
2020-07-21,87.657479111,87.637943235,88.282627168,86.358343305,3364699.0
2020-07-22,87.169082192,87.413280652,88.136010413,84.482899135,3475706.0
2020-07-23,87.688834194,84.101949537,88.541477536,82.420398944,2764168.0
2020-07-24,82.221621397,81.591589371,82.998172499,80.819922238,2253295.0
2020-07-27,83.017708376,86.27043186,86.836972287,82.402328258,3006491.0
2020-07-28,85.313173898,84.981063993,86.006697523,84.238700675,2203320.0
2020-07-29,85.713659372,86.709989088,87.735622618,85.596444111,2318034.0
2020-07-30,85.674587618,86.553702073,86.690453211,84.228932736,1451320.0
2020-07-31,86.416950936,86.895579917,86.963955486,84.180093045,2330764.0
2020-08-03,87.383976836,88.165411908,89.191045439,87.383976836,1747131.0
2020-08-04,88.155643969,87.452352405,88.292395107,86.426718874,1126536.0
2020-08-05,87.677014988,88.546361505,88.761256149,87.276529514,3476553.0
2020-08-06,88.888239349,88.751488211,90.099463709,87.452352405,1675103.0
2020-08-07,88.204483661,85.537836481,88.858935533,83.652624371,2315277.0
2020-08-10,85.713659372,85.078743376,86.377879182,84.082413661,1418624.0
2020-08-11,84.834544917,84.26800449,85.957857832,84.053109845,1525325.0
2020-08-12,85.244798329,87.569567666,87.843069941,84.357088088,1310048.0
2020-08-13,87.91144551,87.891909633,88.761256149,86.835604775,996984.0
2020-08-14,88.175179846,87.97005314,91.269760407,87.569567666,1314682.0
2020-08-17,88.888239349,89.845497311,90.33389423,88.184947784,929396.0
2020-08-18,90.33389423,89.112901931,90.499949183,87.950517263,1133122.0
2020-08-19,89.493851529,88.145876031,90.138535462,87.994472986,840751.0
2020-08-20,86.934651671,86.670917334,87.159314253,85.977393708,1181356.0
2020-08-21,86.524398258,85.957857832,86.524398258,85.488996789,1258350.0
2020-08-24,86.905347855,87.022563116,87.774694372,86.221592168,829897.0
2020-08-25,87.432816528,88.2142516,88.243555415,87.090938685,1158242.0
2020-08-26,88.126340154,87.78446231,88.263091292,86.973723424,830197.0
2020-08-27,87.891909633,82.81258167,88.194715723,82.81258167,2163411.0
2020-08-28,83.457265604,83.740535817,83.90659077,82.402328258,2035296.0
2020-08-31,84.082413661,82.998172499,84.258236552,82.326529056,1611484.0
2020-09-01,84.004270154,83.369354158,85.083627346,82.968868684,1373617.0
2020-09-02,84.630896445,86.420525986,86.576996329,83.731191976,1642634.0
2020-09-03,84.777587391,80.122594705,85.501262725,79.741198245,2570644.0
2020-09-04,77.511495866,76.866055704,79.819433416,73.795325234,4216317.0
2020-09-08,74.470103586,73.863781009,76.435762262,73.541060928,4308014.0
2020-09-09,75.7903221,75.174220126,76.450431357,74.665691514,2957390.0
2020-09-10,76.240174334,73.775766441,76.504218037,73.296576018,3245772.0
2020-09-11,74.32341264,73.267237828,74.910176424,72.440878833,1653308.0
2020-09-14,74.802603063,75.125323144,75.350249262,73.765987045,1921025.0
2020-09-15,75.751204514,75.496940208,76.122821577,74.587456342,1447517.0
2020-09-16,75.809880892,74.646132721,76.690026568,74.421206604,1868704.0
2020-09-17,73.345473,75.927233649,75.995689424,72.563708051,1739971.0
2020-09-18,76.49443864,74.685250306,76.944290875,73.765987045,30212610.0
2020-09-21,73.31613481,75.223117108,75.30135228,72.85650318,1982121.0
2020-09-22,75.848998478,74.871058838,75.848998478,73.541060928,1784977.0
2020-09-23,75.16444073,73.746428252,76.347747694,73.472605153,2092585.0
2020-09-24,73.061870504,74.616794532,75.888116064,73.061870504,2206492.0
2020-09-25,74.655912117,76.000579122,76.377085884,73.746428252,1740575.0
2020-09-28,76.924732082,77.452819488,77.775539569,75.858777874,1831782.0
2020-09-29,77.765760172,78.09825965,78.890390758,77.731532285,1173368.0
2020-09-30,77.579951641,77.707083794,78.621457357,77.071423028,1804218.0
2020-10-01,79.056640497,79.506492732,79.848771606,78.597008866,1200849.0
2020-10-02,77.01274665,76.885614496,78.127597839,76.583920117,1033685.0
2020-10-05,77.74620138,79.438036957,79.516272128,77.726642587,1310660.0
2020-10-06,79.477154542,79.3206842,81.305901669,78.792596794,1169086.0
2020-10-07,80.533329354,80.474652975,81.481930804,80.034580137,1243028.0
2020-10-08,80.777814264,80.660461507,81.537868952,80.35241052,1137286.0
2020-10-09,83.47692767,84.200603004,84.919388639,82.74347294,1766909.0
2020-10-12,85.335012986,84.718911013,85.599056689,83.897441715,2069839.0
2020-10-13,85.08074868,85.696850653,86.684569689,84.229941193,1142905.0
2020-10-14,85.628394878,85.012292905,86.889937014,84.865601959,967124.0
2020-10-15,82.98795785,85.364351175,85.67729186,82.420752859,1096134.0
2020-10-16,86.244496851,84.679793427,86.381408401,84.459757008,1032372.0
2020-10-19,85.78486522,84.758028598,86.841040032,84.151706022,1469092.0
2020-10-20,85.745747635,86.000011941,86.919275203,85.589277292,2817966.0
2020-10-21,86.05868832,90.038902654,91.114636258,86.05868832,3533759.0
2020-10-22,90.70390161,88.933830861,90.70390161,87.427803816,2175660.0
2020-10-23,89.202764262,89.97044688,90.420299114,89.002286636,1166433.0
2020-10-26,88.581772591,87.613612347,89.598829816,86.361849608,1258007.0
2020-10-27,87.848317861,85.530600914,87.848317861,84.94383713,1474947.0
2020-10-28,83.848544733,83.652956805,84.951465059,83.1248694,1185945.0
2020-10-29,83.643177409,86.586775725,87.369127437,83.203104571,1615812.0
2020-10-30,84.894940148,85.911997374,86.207530733,84.190823607,1581504.0
2020-11-02,86.54765814,87.721185708,88.513316816,86.30317323,1842287.0
2020-11-03,88.669787158,87.848317861,89.686844384,87.325120153,1082357.0
2020-11-04,90.405141049,93.735514494,94.302719485,88.933830861,2561606.0
2020-11-05,95.231762143,97.128965044,98.131353175,94.899262665,1918193.0
2020-11-06,96.649774621,98.048228306,98.517639333,95.83808472,1506642.0
2020-11-09,102.624985821,99.290211649,103.289984776,99.045726739,2214225.0
2020-11-10,99.74984328,95.984775666,99.821135079,95.329556107,1975833.0
2020-11-11,97.441905729,98.947932775,99.427123198,97.285435387,1683541.0
2020-11-12,99.876975433,98.263375027,99.876975433,97.608155468,1274529.0
2020-11-13,99.945431208,100.033445775,100.923370848,98.77190364,1062824.0
2020-11-16,100.649547748,104.815570615,104.874246993,100.405062838,1763979.0
2020-11-17,104.36571838,103.573587272,104.36571838,102.566309443,1258682.0
2020-11-18,103.642043047,102.507633064,104.091895281,102.444066988,1186094.0
2020-11-19,102.497853668,104.12123347,104.272814115,102.204471776,1048091.0
2020-11-20,104.375497777,103.984321921,105.544135647,103.778954596,1376253.0
2020-11-23,104.003880714,105.930421804,106.253141886,104.003880714,1192196.0
2020-11-24,107.163764374,106.684131158,107.178447024,104.902636353,1665270.0
2020-11-25,107.18334124,106.047883013,107.702128188,105.910844951,1373229.0
2020-11-27,107.310590869,107.08545691,108.485202828,106.762438621,849186.0
2020-11-30,107.614032292,108.005569611,108.294328384,105.749335807,1560799.0
2020-12-01,108.906105446,112.68444058,113.487092086,108.847374848,2175237.0
2020-12-02,112.077557735,111.548982354,112.51803722,110.462466292,1386257.0
2020-12-03,112.576767817,111.333636828,114.740011508,111.1770219,1700221.0
2020-12-04,112.400576024,113.575187982,113.819898807,111.588136086,1167709.0
2020-12-07,114.084186498,114.68128091,114.837895838,112.341845426,1341628.0
2020-12-08,114.436570086,116.159334292,116.438304632,114.074398065,1113758.0
2020-12-09,115.562239879,111.607712951,115.718854807,110.756119281,1555322.0
2020-12-10,111.597924518,113.232592828,113.682860745,109.900708122,1619675.0
2020-12-11,112.009038704,112.929151405,113.673072312,110.560350622,1171308.0
2020-12-14,114.153978025,114.700857776,115.709066374,113.379419323,1279504.0
2020-12-15,115.493720849,117.891886931,118.205116787,115.014087632,1536177.0
2020-12-16,116.922832065,117.236061921,118.283424251,116.081026828,1671901.0
2020-12-17,118.440039179,116.824947735,119.780075655,116.443198849,1611591.0
2020-12-18,116.815159302,118.038713426,118.528135075,116.31594922,2703561.0
2020-12-21,115.337105921,117.196908189,117.617810807,115.175890429,1319431.0
2020-12-22,117.196908189,116.061449962,117.583551292,115.650335776,1662091.0
2020-12-23,116.550871611,114.77916524,116.766217137,114.720434642,928381.0
2020-12-24,115.200067859,116.364891385,116.384468251,114.358262622,421407.0
2020-12-28,117.539503343,115.239221591,117.676541405,114.945568601,735344.0
2020-12-29,116.404045117,114.720434642,116.545977395,113.937360003,957391.0
2020-12-30,115.748220106,117.745060436,118.165963055,115.513297714,793068.0
2020-12-31,117.578657075,117.353523117,118.156174622,115.865681302,699841.0
2021-01-04,119.305336655,116.668332807,120.833311045,115.601393611,1391678.0
2021-01-05,116.041873096,118.919672395,118.949037694,115.875469735,1083167.0
2021-01-06,118.136597756,119.82020823,122.20858588,117.662837599,1662507.0
2021-01-07,121.738741096,127.161532973,127.973972911,121.631068333,2117935.0
2021-01-08,130.049120705,129.354141962,130.65600355,127.680319921,1340849.0
2021-01-11,129.197527035,132.829035674,133.563168148,127.758627385,2108872.0
2021-01-12,133.494649117,134.189627859,136.573111292,133.171630828,1478903.0
2021-01-13,133.670840911,133.142265529,134.434338684,132.486440519,1452787.0
2021-01-14,135.285932354,135.462124148,136.597582375,133.788302107,1563213.0
2021-01-15,135.080375262,134.395184952,135.648104375,131.918711406,1734043.0
2021-01-19,136.284352519,137.654733138,138.574747955,136.090835199,1875119.0
2021-01-20,140.24866788,135.677469674,140.366129076,134.972702499,1955937.0
2021-01-21,137.801559633,137.272984251,138.418230911,135.814507736,1301649.0
2021-01-22,136.401813715,135.031433097,137.439387612,134.424550251,1357306.0
2021-01-25,137.507906643,137.145734622,138.790191365,134.752462756,1364172.0
2021-01-26,137.723252169,135.178259591,138.065847323,135.148894292,1249839.0
2021-01-27,132.535382684,127.357301632,132.643055447,126.66232289,2360411.0
2021-01-28,121.092704519,117.402465282,121.376569076,117.079446993,4093709.0
2021-01-29,117.182225539,111.07913757,117.182225539,110.648446518,4974757.0
2021-02-01,114.035244333,115.063029797,115.425201818,111.588136086,3083048.0
2021-02-02,118.929460828,119.037133591,119.213325385,116.100603694,4275955.0
2021-02-03,120.852887911,118.01913656,121.386357508,117.470984312,2495586.0
2021-02-04,119.595074271,122.86441089,122.96229522,118.392467394,1881965.0
2021-02-05,124.538232931,123.451716869,125.438768766,122.169432148,1936247.0
2021-02-08,125.262576973,126.358881467,126.897245282,123.823677323,1593983.0
2021-02-09,125.521481025,125.556229962,126.916822148,124.029234416,2134107.0
2021-02-10,126.828726251,125.986921014,128.693422736,124.590307395,1816177.0
2021-02-11,126.358881467,132.182999096,132.535382684,126.358881467,1834579.0
2021-02-12,132.525594251,139.39707421,140.73808953,132.182999096,2391536.0
2021-02-16,142.700670344,140.601051468,144.770923922,139.759246231,2341536.0
2021-02-17,138.085424189,136.35287155,138.711883901,131.683789014,2170420.0
2021-02-18,133.208527447,133.708096158,135.010892992,131.729412244,1675102.0
2021-02-19,136.813258537,139.673534294,140.329830443,136.538985519,2081456.0
2021-02-22,137.11691795,129.682160075,137.13650888,129.13361404,1928048.0
2021-02-23,124.294654369,127.125543731,129.192386829,122.022106508,3288858.0
2021-02-24,126.057838055,131.445343761,131.690230384,123.628562755,2386832.0
2021-02-25,130.054387742,123.070221254,130.558854186,122.746970912,1736603.0
2021-02-26,124.353427159,125.979474336,127.203907451,121.493151402,1924991.0
2021-03-01,128.780977303,131.259229928,131.6020712,127.83091516,2158064.0
2021-03-02,131.014343305,124.206495185,131.249434463,124.147722396,1698554.0
2021-03-03,124.059563211,119.005103313,126.038247125,118.975716918,1972808.0
2021-03-04,118.525125532,111.638913693,118.965921453,109.033320024,3351379.0
2021-03-05,115.067326415,111.570345438,115.419963152,104.272724073,3451724.0
2021-03-08,110.512435227,102.068744466,111.33525428,101.921812492,3907829.0
2021-03-09,106.770567628,111.021799403,112.48308686,106.398339961,3146648.0
2021-03-10,114.812644327,106.682408443,114.851826187,105.937953109,2867673.0
2021-03-11,108.729660612,111.531163579,112.481323676,108.729660612,2136026.0
2021-03-12,108.759047006,110.522230692,111.237299631,107.799091444,1705119.0
2021-03-15,111.198117771,115.341599433,115.948918258,110.923844754,2496757.0
2021-03-16,117.251715092,114.949780836,117.535783575,113.720449988,2368529.0
2021-03-17,113.264960869,115.067326415,116.438691504,111.05608353,2543174.0
2021-03-18,113.010278782,110.071639306,113.676370396,109.856139077,2485505.0
2021-03-19,110.620185341,112.559687395,113.686165861,109.043115489,3196341.0
2021-03-22,115.067326415,114.616735028,116.28186611,112.765392159,2148653.0
2021-03-23,114.068188993,110.806299175,115.782395354,109.601456989,2820980.0
2021-03-24,114.4012348,109.709207104,115.527713266,109.591661524,2098254.0
2021-03-25,107.759909584,109.454525016,109.846343612,105.644089162,1481523.0
2021-03-26,110.150003025,116.585623477,116.712964521,109.826752683,2239350.0
2021-03-29,115.723622564,111.560549973,115.801986284,110.052048376,2448465.0
2021-03-30,111.286276956,113.588211212,114.273893756,110.884662894,1050652.0
2021-03-31,115.419963152,119.191217146,120.356877472,115.214258389,2316680.0
2021-04-01,121.561719657,126.175383634,126.283133748,121.561719657,2179761.0
2021-04-05,127.889785904,129.966228558,131.033934234,125.381950976,2013237.0
2021-04-06,129.515637172,129.67236461,132.062458051,127.566339653,1991844.0
2021-04-07,128.888727417,129.084636715,130.661706567,127.791635346,1319661.0
2021-04-08,130.955570515,131.180866208,131.56288934,129.554819031,1497753.0
2021-04-09,130.025001348,130.338456225,131.322900449,128.683022654,1155807.0
2021-04-12,129.486250777,127.762248951,129.71154647,126.606384091,1612237.0
2021-04-13,129.055250321,126.361497468,129.290341479,124.621039261,1560696.0
2021-04-14,126.371292932,125.47011016,128.722204513,124.921564124,925998.0
2021-04-15,127.693680697,128.506704285,128.937704741,125.41133737,1612666.0
2021-04-16,128.859341022,126.831679784,129.71154647,126.70433874,1501358.0
2021-04-19,125.959883406,123.736312869,126.518224906,122.227811271,1524992.0
2021-04-20,122.987155712,121.72824256,124.373018089,120.180559103,1276149.0
2021-04-21,121.738038025,127.28227117,127.409612214,121.052355481,1515442.0
2021-04-22,127.125543731,123.736312869,127.507566863,122.835130096,1409273.0
2021-04-23,126.635770485,128.839750092,129.15320497,125.533780682,1257535.0
2021-04-26,128.771181838,130.700888427,130.940877318,128.320590452,1212775.0
2021-04-27,131.513912015,128.418545101,132.77752699,128.389158706,1776482.0
2021-04-28,135.872404132,129.69195554,136.431235405,128.45772696,2672709.0
2021-04-29,131.043729699,128.134476618,131.171070743,125.910906081,1216072.0
2021-04-30,125.39174644,122.521675219,125.950087941,121.884969999,1689089.0
2021-05-03,123.736312869,122.433516035,124.805487865,121.228673849,1061528.0
2021-05-04,119.839774878,120.474423051,120.631150489,117.202737767,1362260.0
2021-05-05,122.502084289,121.973129183,123.452244386,119.837717831,1160911.0
2021-05-06,121.307037569,123.364085202,123.5599945,119.142239821,1357012.0
2021-05-07,124.843200405,125.548473879,126.057838055,124.030176817,1269823.0
2021-05-10,123.961608562,119.347944585,123.961608562,119.220603541,2448850.0
2021-05-11,113.950643414,119.024694242,119.680990392,113.294347264,1888307.0
2021-05-12,116.017486512,112.256027983,117.614147294,111.829925259,1920965.0
2021-05-13,114.014313936,114.842030722,116.330843435,113.529438422,1493229.0
2021-05-14,116.046872907,119.847513296,120.895628042,115.557099661,1139548.0
2021-05-17,118.250852514,117.408442531,118.417375417,115.09671281,1127327.0
2021-05-18,119.063876102,116.340736854,119.89649062,116.242782205,1100836.0
2021-05-19,113.627393072,119.906286085,120.464627586,112.657642044,1564053.0
2021-05-20,120.699718744,124.030176817,124.647291107,120.621355024,1178711.0
2021-05-21,123.912631238,122.32576592,124.335795322,121.160105595,1882791.0
2021-05-24,123.765699264,125.078291563,125.685610388,123.716721939,1266676.0
2021-05-25,126.068408949,125.999786953,127.813368264,125.264551287,1065431.0
2021-05-26,126.578172344,126.519353491,127.931005971,124.656756469,926766.0
2021-05-27,125.705692687,128.01923425,128.543702359,124.843016171,1601675.0
2021-05-28,128.421163082,129.744587281,130.332775814,128.048643677,1211849.0
2021-06-01,130.84253921,128.205493953,132.685529947,127.676124273,1090916.0
2021-06-02,127.676124273,128.430966224,129.450493015,126.798743044,803847.0
2021-06-03,126.47033778,125.793920967,127.08793574,124.431284198,1140981.0
2021-06-04,125.0586853,129.087776752,129.381871019,124.637150185,1038973.0
2021-06-07,128.764273059,128.225100237,129.097579895,127.578092851,711264.0
2021-06-08,129.234823886,124.284237065,129.891634415,122.735340594,1930496.0
2021-06-09,124.303843349,122.254986625,125.911558673,122.215774056,1245851.0
2021-06-10,122.225577198,125.352779567,125.681184831,121.74522323,1857996.0
2021-06-11,126.137030944,125.460614131,126.146834086,123.970536514,1497601.0
2021-06-14,125.480220416,128.891713908,128.950532761,125.16897065,1035241.0
2021-06-15,128.832895055,127.744746268,129.940650126,127.293801726,1098298.0
2021-06-16,128.676044779,125.754708398,129.60734329,124.656756469,1051940.0
2021-06-17,125.401795278,127.038920028,127.460455144,124.328351205,1379873.0
2021-06-18,125.117504153,122.402033758,126.774235189,121.098215843,2771003.0
2021-06-21,122.843175158,123.7352611,123.882308234,121.715813803,1589721.0
2021-06-22,123.568607683,123.480379403,124.215615069,122.117742634,1313783.0
2021-06-23,123.176481994,124.695969038,125.32337014,123.176481994,913381.0
2021-06-24,126.156637229,128.038840535,128.411359939,125.793920967,1339835.0
2021-06-25,128.862304481,126.99970746,130.087697259,125.823330393,2613202.0
2021-06-28,128.72506049,130.13671297,130.836951419,127.921202828,1388926.0
2021-06-29,129.666162143,131.666003156,132.528679672,129.352461592,1314394.0
2021-06-30,132.048325703,131.322893179,132.293404258,129.852421846,838740.0
2021-07-01,130.822932925,126.833054042,131.234664899,126.695810051,1262816.0
2021-07-02,128.313328517,125.999786953,128.421163082,125.441007847,928233.0
2021-07-06,126.14016795,123.980339656,126.450731495,122.117742634,1599840.0
2021-07-07,125.421401562,121.009987563,125.421401562,120.431602172,2780743.0
2021-07-08,118.010226044,120.402192746,121.245262976,116.804439551,1458303.0
2021-07-09,121.255066119,123.225497705,123.480379403,119.951248203,1251607.0
2021-07-12,123.598017109,124.578331331,124.764591033,122.676521741,1074643.0
2021-07-13,123.774473669,124.294040207,125.529236127,123.078450572,1038218.0
2021-07-14,125.617464407,123.784276811,128.303525375,123.441166834,1114500.0
2021-07-15,123.333332269,120.706090154,123.333332269,119.764988501,1528627.0
2021-07-16,121.196247265,117.529872075,122.343214905,117.28479352,1145752.0
2021-07-19,115.882944182,117.696525493,117.784753773,114.098772298,1422464.0
2021-07-20,119.004460728,121.343294399,122.18636463,117.446545366,1324596.0
2021-07-21,121.902073505,125.931164958,125.989983811,121.725616945,1210047.0
2021-07-22,125.215535576,124.225418211,126.627188055,123.553902969,1013173.0
2021-07-23,125.705692687,126.264471793,126.921282322,124.333252776,850207.0
2021-07-26,125.480220416,124.921441309,127.35262058,124.48520148,1153101.0
2021-07-27,124.009749083,121.029593848,124.411677914,118.39254859,2501175.0
2021-07-28,116.833848977,119.676760221,121.578569812,115.382983929,2342816.0
2021-07-29,121.872664079,123.176481994,124.79400046,121.441325821,2027664.0
2021-07-30,121.500144674,124.499906194,126.333093789,121.500144674,1148405.0
2021-08-02,125.107701011,124.519512478,127.715336842,124.284237065,1004439.0
2021-08-03,125.029275873,124.245024496,125.725298971,122.382427474,915362.0
2021-08-04,124.1764025,125.382188993,126.480140922,123.91171766,1052826.0
2021-08-05,125.774314682,124.08817422,126.048802664,123.549001398,912325.0
2021-08-06,123.627426536,124.372465345,125.215535576,123.176481994,673716.0
2021-08-09,124.79400046,123.460773118,125.117504153,123.122564712,650905.0
2021-08-10,123.637229678,120.06888591,124.225418211,117.823966342,1341587.0
2021-08-11,120.51002731,118.990540266,120.627665017,116.490739,1354296.0
2021-08-12,117.735738062,116.31428244,117.755344346,115.765306475,1292563.0
2021-08-13,115.804519044,116.412313862,116.814242693,115.43199964,977841.0
2021-08-16,115.990778747,116.13782588,117.235777808,114.99085824,946664.0
2021-08-17,114.81440168,113.804678031,115.118299089,112.363616125,1087264.0
2021-08-18,113.775268605,111.76562445,115.294755649,111.58916789,1499416.0
2021-08-19,111.312621248,111.961687294,112.814560667,109.795192864,1433071.0
2021-08-20,112.128340712,111.32448305,113.157670645,109.952043139,1478357.0
2021-08-23,111.902868441,114.353653996,114.892826818,111.902868441,878332.0
2021-08-24,115.530031062,114.500701129,116.461329573,114.206606863,976583.0
2021-08-25,114.775189111,115.735897049,116.412313862,114.608535694,959206.0
2021-08-26,115.530031062,114.853614249,116.461329573,114.422275991,613268.0
2021-08-27,115.245739938,120.186523617,120.362980177,115.245739938,1406554.0
2021-08-30,121.024692277,120.784515292,121.666798092,119.71597279,970794.0
2021-08-31,120.912059745,119.14606082,120.912059745,117.556661787,1812908.0
2021-09-01,120.048682493,117.40949521,120.21547128,117.340817474,1251489.0
2021-09-02,118.164950306,118.586827827,119.322660712,118.084303021,821067.0
2021-09-03,118.302305778,119.577749446,120.117360229,118.086461465,761932.0
2021-09-07,119.85246039,117.890239362,120.313582331,117.801939415,1289423.0
2021-09-08,117.73326168,116.585362378,118.110989227,116.261595909,1270975.0
2021-09-09,116.536306852,116.918939953,118.370983514,115.888773913,764400.0
2021-09-10,117.909861572,118.684938878,121.834303628,117.909861572,1318842.0
2021-09-13,119.636616077,120.009438072,120.706026537,117.850994941,990268.0
2021-09-14,120.499993329,120.009438072,120.901267529,118.655505563,1197012.0
2021-09-15,120.107549123,119.921138126,120.19584907,118.375594733,966034.0
2021-09-16,119.234360766,120.813948693,121.490914948,118.037405939,854402.0
2021-09-17,119.970193651,119.057760873,120.59810438,117.159312029,2418015.0
2021-09-20,116.104618226,114.27975267,116.104618226,112.50394264,1810047.0
2021-09-21,115.457085287,113.789197413,115.466896392,113.386942102,1823436.0
2021-09-22,114.760496822,116.075184911,116.286123671,113.965797306,2282590.0
2021-09-23,116.879695532,117.478172946,118.616261142,116.389140275,2490851.0
2021-09-24,116.624606799,117.075917635,117.831372731,116.192918173,1137300.0
2021-09-27,116.114429331,115.319729815,116.889506637,114.898244738,2108100.0
2021-09-28,113.092608948,109.364388995,113.367319892,108.226300799,2405018.0
2021-09-29,110.168899617,107.107834813,110.522099402,107.029345972,1555993.0
2021-09-30,107.92215654,107.107834813,109.423255626,107.039157077,1494395.0
2021-10-01,107.627823385,107.402167967,107.912345434,105.940313301,1354286.0
2021-10-04,106.381813033,105.243724836,106.636901766,103.24716494,2350027.0
2021-10-05,106.165968719,107.411979072,108.162528615,105.238819284,2581855.0
2021-10-06,105.84220225,106.941046026,107.338395784,104.98373055,1642716.0
2021-10-07,110.227766247,109.325144575,110.914543607,109.089678051,1492082.0
2021-10-08,109.747022096,107.490467913,109.90890533,107.127457023,967316.0
2021-10-11,106.862557184,105.979557722,108.329317403,105.88144667,897631.0
2021-10-12,107.706312226,105.322213677,107.706312226,104.83165842,978116.0
2021-10-13,106.597657346,106.421057453,107.205945864,106.058046563,1181217.0
2021-10-14,109.276089049,110.590777138,110.649643768,108.314600745,1734637.0
2021-10-15,111.846598596,111.768109754,112.660920322,111.0911435,1428514.0
2021-10-18,110.74775482,113.59297531,113.671464152,110.433799455,1118025.0
2021-10-19,114.122774988,114.515219194,114.927285609,113.514486469,1107214.0
2021-10-20,114.289563775,114.740874612,114.848796768,112.876764635,884776.0
2021-10-21,114.063908357,115.319729815,115.594440759,113.808819624,749840.0
2021-10-22,115.319729815,113.926552885,118.523055643,113.720519677,1307349.0
2021-10-25,113.93636399,115.064641081,116.438195801,113.480147601,1159588.0
2021-10-26,116.349895855,112.974875687,116.609890141,112.955253476,1292481.0
2021-10-27,117.159312029,120.745270957,122.472025462,115.604251864,3406682.0
2021-10-28,127.54436682,134.421951523,135.736050945,125.964778892,5711737.0
2021-10-29,132.655952597,135.628717455,136.119272712,132.420486074,2347294.0
2021-11-01,135.569850824,136.972838859,137.178872067,134.029507317,2050502.0
2021-11-02,136.717750125,136.717750125,137.159249857,134.784962413,1571451.0
2021-11-03,137.561505167,137.669427324,139.013548728,135.98191724,1260243.0
2021-11-04,137.777349481,141.858769219,141.996124691,136.590205759,1734362.0
2021-11-05,142.516113263,141.495758329,143.987779034,139.523726195,1676553.0
2021-11-08,142.035369111,141.171991859,142.457246632,139.690514983,1087330.0
2021-11-09,142.015746901,142.673090945,142.962518547,140.485214499,1075554.0
2021-11-10,140.465592289,139.327504093,142.682902051,138.836948836,1281655.0
2021-11-11,141.122936333,140.504836709,141.603680485,139.1509042,717289.0
2021-11-12,141.289725121,143.428546041,143.595334829,140.102581399,1009770.0
2021-11-15,145.302467123,145.371144859,147.117521574,143.958345719,1361924.0
2021-11-16,145.479067015,148.383154137,148.657865081,144.78247855,1246993.0
2021-11-17,149.491809018,148.746165027,150.826119317,148.049576562,1847996.0
2021-11-18,149.550675649,148.000521036,149.825386592,146.960543892,997795.0
2021-11-19,147.402043623,148.412587452,150.551408373,146.626966317,822673.0
2021-11-22,149.207286969,146.558288581,151.581574413,146.469988635,1078373.0
2021-11-23,145.036548525,146.381570332,147.765862848,142.955200912,879411.0
2021-11-24,144.967824783,148.080028525,148.158569945,143.887880267,983114.0
2021-11-26,145.645244525,143.681709041,148.639636138,142.768665041,910991.0
2021-11-29,146.793912783,151.634027751,152.046370203,143.83879188,1813035.0
2021-11-30,151.054784784,150.082834719,152.046370203,148.011304783,2158885.0
2021-12-01,152.920143493,149.572315493,155.335292139,149.35632659,1603910.0
2021-12-02,146.793912783,148.188022977,149.572315493,144.526029299,1683703.0
2021-12-03,150.259552913,147.814951235,152.17400001,146.352117299,1565339.0
2021-12-06,148.551277042,149.827575106,151.118599687,142.267963493,1926409.0
2021-12-07,151.467127235,156.209065429,156.96502659,151.467127235,1700188.0
2021-12-08,156.209065429,157.485363494,157.720987752,154.245529945,933149.0
2021-12-09,156.199247752,153.715375364,158.594761042,153.636833945,1059506.0
2021-12-10,156.591954849,156.847214461,157.023932655,151.958011106,1116067.0
2021-12-13,157.603175623,152.527436397,157.622810978,152.311447493,1520085.0
2021-12-14,151.084237816,153.096861687,153.460115752,149.248332138,1076304.0
2021-12-15,155.119303236,159.007103494,159.301633816,151.48676259,1483135.0
2021-12-16,159.650357718,155.413833558,160.057594978,153.303032913,2106867.0
2021-12-17,154.451701171,153.411027364,157.819164526,151.604574719,3284146.0
2021-12-20,152.262359106,152.871055106,155.237115365,152.075823235,2367239.0
2021-12-21,154.716778461,157.436275107,157.622810978,153.175403106,1338866.0
2021-12-22,156.35633059,157.966429687,158.054788784,155.929261623,1013915.0
2021-12-23,158.182418591,159.772882333,161.113682538,158.182418591,2040041.0
2021-12-27,161.009909688,165.486770591,165.830389301,160.519025817,1019384.0
2021-12-28,165.427864527,161.60878801,165.830389301,161.451705171,1107109.0
2021-12-29,161.775688526,163.729406333,164.38719072,161.775688526,569675.0
2021-12-30,163.729406333,160.73501472,163.729406333,160.361942978,932313.0
2021-12-31,161.540064268,160.548478849,162.82618001,160.322672268,1062756.0
2022-01-03,161.854229946,163.081439623,164.092660397,159.841606075,1724844.0
2022-01-04,163.120710333,163.346516913,164.239925559,157.50009001,1357402.0
2022-01-05,161.216080913,157.328280655,163.709770978,157.318462978,1904493.0
2022-01-06,156.876667494,160.499390462,161.702055946,155.816358332,1540962.0
2022-01-07,159.605981816,155.384380526,160.95414528,154.00008801,1473498.0
2022-01-10,152.959414203,153.754646074,153.901911235,147.736409816,1635358.0
2022-01-11,152.817057881,157.6129933,157.927158978,151.067645941,1329770.0
2022-01-12,159.281998462,159.929965171,161.500793559,158.280595365,817663.0
2022-01-13,162.590555752,155.364745171,164.632632655,154.559695623,1172266.0
2022-01-14,154.333889042,161.5695173,161.706964784,153.852822848,1367212.0
2022-01-18,158.005700397,152.723789945,158.643849429,152.409624268,1878249.0
2022-01-19,153.401209687,145.615791493,155.580734074,145.448890977,1695974.0
2022-01-20,147.618597687,142.827571106,150.053381687,142.641035235,1377677.0
2022-01-21,142.35632259,140.775676525,145.949592525,139.88226788,1785604.0
2022-01-24,136.200638847,144.75183588,144.928554074,135.071605944,2218240.0
2022-01-25,140.078621428,135.768661041,141.188018977,135.523219105,2198435.0
2022-01-26,140.942577041,140.75604117,145.242719751,137.359124783,2512382.0
2022-01-27,108.504970845,109.21184362,110.3506942,100.641011232,17006024.0
2022-01-28,105.932739361,110.075799233,110.154340652,103.576594957,6017196.0
2022-01-31,109.928534071,115.288985943,115.784778652,109.576079452,3923917.0
2022-02-01,116.182394588,114.749013684,116.997654521,112.039334717,2107197.0
2022-02-02,115.279168265,115.082814717,118.38155433,112.569489297,2580017.0
2022-02-03,111.892069555,109.82053962,114.542842459,109.678183297,2293518.0
2022-02-04,109.427832523,111.931340265,113.138914588,108.160763075,1720864.0
2022-02-07,112.068787749,112.147329168,114.179588394,111.518997813,1878473.0
2022-02-08,111.185196781,114.267947491,114.778466717,110.802307362,1669839.0
2022-02-09,115.720963749,119.157150846,119.667670072,114.896278846,1709803.0
2022-02-10,115.936952652,115.190809168,119.972018072,114.709742975,2215519.0
2022-02-11,115.200626846,111.028113942,116.505396175,109.791086587,1703153.0
2022-02-14,110.939754846,110.262335104,114.758831362,109.064578458,1496306.0
2022-02-15,112.078605426,115.94677033,116.344386265,111.980428652,2002841.0
2022-02-16,114.69010762,116.938355749,117.802311362,113.688704523,1151434.0
2022-02-17,115.140060214,113.99033016,116.284876892,113.813448613,1614377.0
2022-02-18,114.167211706,112.840600105,114.383400264,110.875249585,1517421.0
2022-02-22,111.661389793,111.83827134,115.189193977,110.570620255,1496689.0
2022-02-23,112.51631727,109.587944995,113.99033016,109.312795922,1528174.0
2022-02-24,105.254347098,115.356248771,115.483996555,105.254347098,2008059.0
2022-02-25,115.061446193,117.96033821,118.058605736,112.884820492,1738414.0
2022-02-28,117.346166172,115.877066659,117.478827333,113.287717349,1887023.0
2022-03-01,115.700185112,112.575277785,116.240656505,111.327280205,1715623.0
2022-03-02,113.223843457,115.267807998,116.093255216,112.830773353,1323665.0
2022-03-03,114.462014284,112.192034434,115.248154492,110.305297935,1333489.0
2022-03-04,110.826115822,109.813960305,111.789137577,108.13358561,1320330.0
2022-03-07,110.904729843,104.576301169,111.916885361,104.487860395,2315152.0
2022-03-08,105.549149676,105.686724213,109.794306799,103.534665393,1877274.0
2022-03-09,109.194874891,109.813960305,111.071784637,107.524326949,2146628.0
2022-03-10,107.701208496,108.054971589,108.791978034,105.706377718,1356775.0
2022-03-11,110.069455872,105.028331788,110.295471182,104.930064262,2030840.0
2022-03-14,105.814471996,103.741027198,110.000668604,102.512683123,2014330.0
2022-03-15,104.6942222,108.595442982,109.086780612,104.42889988,1523198.0
2022-03-16,110.265990924,114.727336605,114.953351914,110.030148862,2341314.0
2022-03-17,113.410551756,118.510636356,118.569596871,112.693198816,2140862.0
2022-03-18,116.918702434,120.819923217,121.66502394,116.564939341,4074579.0
2022-03-21,119.670193162,118.844745944,121.301434094,117.11032411,1256354.0
2022-03-22,119.267296306,118.90370646,120.525120639,118.078259241,1070905.0
2022-03-23,117.724496148,114.491494542,118.707171408,114.167211706,1289620.0
2022-03-24,115.985160937,120.564427649,120.574254402,115.135146837,1533080.0
2022-03-25,120.751135948,121.89103925,122.038440539,118.599077129,1260416.0
2022-03-28,118.834919191,120.829749969,121.144206052,117.970164963,2021769.0
2022-03-29,123.076636951,123.197997346,125.084733845,120.41702636,1427254.0
2022-03-30,122.313589612,118.933186717,122.696832963,118.41236883,1536631.0
2022-03-31,119.188682285,116.181695989,120.515293886,116.142388979,1659292.0
2022-04-01,117.498480838,114.353920006,117.753976405,112.771812837,1402870.0
2022-04-04,114.904218151,116.879395424,118.117566252,114.904218151,1077448.0
2022-04-05,115.945853927,109.971188346,116.122735474,109.465110587,1951418.0
2022-04-06,108.0942786,109.273488912,111.012824122,107.180390608,1665580.0
2022-04-07,108.85093855,109.489677469,111.661389793,107.60294097,1284895.0
2022-04-08,108.791978034,106.777493751,109.047473602,106.630092462,1238005.0
2022-04-11,105.480362408,105.382094882,106.944548545,104.861276994,1428423.0
2022-04-12,107.396579165,106.305809626,109.411063448,105.301024173,1457161.0
2022-04-13,107.278658134,107.711035248,109.352102932,105.706377718,2537193.0
2022-04-14,108.261333394,104.183231065,108.53156909,104.16357756,1193120.0
2022-04-18,104.006349518,106.266502616,106.915068288,103.564145651,1426217.0
2022-04-19,106.738186741,110.659061028,111.012824122,105.45088215,1620832.0
2022-04-20,112.614584796,110.944036854,115.385729029,110.905712518,1727934.0
2022-04-21,112.840600105,109.273488912,114.550455058,108.998339839,1275746.0
2022-04-22,108.929552571,107.308138392,110.511659739,107.101776587,1613607.0
2022-04-25,106.718533236,110.619754018,110.747501802,106.12892808,1989944.0
2022-04-26,109.106434117,105.824298749,109.194874891,105.775164986,2395632.0
2022-04-27,108.556135972,104.478033643,113.479339024,103.75085395,3966172.0
2022-04-28,106.806974009,109.745173036,111.671216546,104.104617044,2679330.0
2022-04-29,107.750342259,103.632932919,110.118589635,103.416744362,1907090.0
2022-05-02,103.790160961,106.689052978,107.219697618,102.321061447,1731180.0
2022-05-03,106.197715348,107.445712928,108.949206076,104.998851531,1192796.0
2022-05-04,107.60294097,112.192034434,112.211687939,105.27891398,1992660.0
2022-05-05,109.863094068,106.630092462,111.749830567,105.008678283,2141942.0
2022-05-06,105.303480861,104.084963539,106.713619859,102.719044927,1325741.0
2022-05-09,102.483202865,98.483714557,103.397090857,98.090644453,2098966.0
2022-05-10,101.677409152,100.684907139,102.630604154,98.129951463,1718533.0
2022-05-11,99.368122291,98.680249609,102.807485701,98.562328578,1661380.0
2022-05-12,97.471559039,100.095301983,100.468718582,96.931087646,1823266.0
2022-05-13,102.070479256,105.490189161,106.541651689,101.402260079,1570149.0
2022-05-16,104.134097302,101.726542915,104.65491519,101.579141626,1212304.0
2022-05-17,104.379766117,106.630092462,106.974028803,103.121941784,1492905.0
2022-05-18,104.586127921,101.019016728,106.463037668,100.72421415,1555554.0
2022-05-19,100.625946624,100.409758066,103.706633564,100.242703272,1482625.0
2022-05-20,102.797658948,100.596466366,103.249689568,95.938585633,2132142.0
2022-05-23,100.694733892,101.107457501,102.551990133,99.849633168,1290275.0
2022-05-24,99.858124217,97.575877658,100.349987699,96.38556803,1736369.0
2022-05-25,96.533127075,98.598953701,99.858124217,96.365893491,1560520.0
2022-05-26,98.539930084,103.232307707,103.742862001,97.546365849,1539049.0
2022-05-27,104.54066457,107.619729971,107.649241779,104.54066457,1688657.0
2022-05-31,107.226239185,107.482008195,108.278827037,105.37683249,1948387.0
2022-06-01,107.63940451,104.904643547,108.583782396,103.625798493,1453870.0
2022-06-02,104.698060884,108.780527789,108.819876868,104.009452009,1091409.0
2022-06-03,106.655677545,105.681787849,106.901609286,105.140738019,1099007.0
2022-06-06,107.304937342,105.071877131,107.934522599,104.845619929,808053.0
2022-06-07,103.556937605,106.754050241,106.960632904,102.819142381,1046772.0
2022-06-08,106.163814062,103.399541291,106.409745804,103.035562314,1610575.0
2022-06-09,102.061672618,99.543331588,103.606123953,99.454796161,1436444.0
2022-06-10,97.939856635,95.392003796,98.657977319,95.249363386,2153077.0
2022-06-13,92.076843924,89.755248286,93.050733619,88.987941253,2939417.0
2022-06-14,90.561904397,89.430618388,91.176733751,88.220634221,1742294.0
2022-06-15,90.876697026,90.935720644,92.853988226,88.987941253,1755954.0
2022-06-16,88.505915041,85.535059606,88.594450467,84.266051821,2837137.0
2022-06-17,85.908875853,87.610723502,88.24030876,85.200592438,4165321.0
2022-06-21,89.450292927,89.892970061,91.722702216,89.292896613,1698963.0
2022-06-22,88.092749715,89.853620983,90.896371566,87.836980704,1541026.0
2022-06-23,90.237274499,90.443857162,91.171815116,89.342082961,1268221.0
2022-06-24,92.126030272,95.53956284,95.667447346,91.545631362,2756786.0
2022-06-27,96.503615266,96.365893491,97.379132265,94.831279426,1542347.0
2022-06-28,96.415079839,93.680318876,97.634901276,93.355688978,2352418.0
2022-06-29,91.732539486,88.781358591,91.948959418,87.079510941,2642663.0
2022-06-30,88.033726097,88.092749715,90.20776269,86.82374193,2457968.0
2022-07-01,87.236907256,84.403773597,87.650072581,82.844566357,1965418.0
2022-07-05,81.619826286,85.397337831,85.613757763,81.619826286,1686248.0
2022-07-06,85.771154078,86.55813565,87.940272036,85.279290595,1434751.0
2022-07-07,88.53542685,90.030691836,90.365159004,88.378030535,1766887.0
2022-07-08,88.830544939,90.581578937,90.925883374,88.387867805,1056786.0
2022-07-11,89.214198455,88.476403232,89.696224668,87.610723502,1334747.0
2022-07-12,89.479804736,88.210796951,89.77984146,87.66974712,1023410.0
2022-07-13,86.626996537,88.564938658,90.158576342,86.026923089,1282586.0
2022-07-14,88.53542685,90.414345353,90.906208835,86.587647459,1196737.0
2022-07-15,91.289862352,92.224402968,92.244077508,89.538828354,1100876.0
2022-07-18,93.30650263,91.771888564,94.865709869,91.04393061,1489008.0
2022-07-19,93.237641742,97.615226736,97.820235436,93.139269046,1815436.0
2022-07-20,97.51685404,100.133567767,101.117294732,97.22173595,2154945.0
2022-07-21,101.028759305,101.097620193,101.151725176,98.835048173,1072638.0
2022-07-22,100.507384014,98.825210903,100.841851182,97.162712333,1610415.0
2022-07-25,98.136602028,98.471069196,98.667814589,96.808570625,1639381.0
2022-07-26,97.713599433,96.552801614,98.952997036,95.962565435,2045406.0
2022-07-27,89.706061938,96.346218952,97.23157322,87.836980704,5071288.0
2022-07-28,95.323142908,97.339783186,97.477504961,91.958796688,2688619.0
2022-07-29,97.290596838,99.248213498,99.533494318,96.139636289,1680760.0
2022-08-01,98.274323803,98.667814589,99.863042851,97.388969535,1431791.0
2022-08-02,98.215300185,97.329945917,99.553168858,97.162712333,1265037.0
2022-08-03,97.743111242,99.76958879,100.645105789,97.379132265,1481242.0
2022-08-04,99.986008722,100.05486961,101.046761508,99.336748925,1327148.0
2022-08-05,98.657977319,99.110491723,100.468034935,97.084014175,1668546.0
2022-08-08,98.539930084,98.116927489,99.848286947,96.247846255,1775552.0
2022-08-09,95.992077244,91.31937416,96.562638884,89.612607876,3039209.0
2022-08-10,94.162345089,97.50701677,97.684087624,93.217967203,2157022.0
2022-08-11,98.392371039,98.274323803,101.186155619,97.949693905,1150694.0
2022-08-12,98.657977319,102.642071528,103.537263066,98.500581005,1987810.0
2022-08-15,102.29776709,101.225504698,102.897840539,100.251615003,815529.0
2022-08-16,100.802502103,99.926985104,101.255016507,99.289726776,834284.0
2022-08-17,98.657977319,98.825210903,99.459714796,97.008955808,1329538.0
2022-08-18,98.766187286,99.287562577,99.936822374,98.3726965,1608789.0
2022-08-19,97.693924894,95.27395656,98.731756842,95.047699358,1741273.0
2022-08-22,93.060570889,90.916046105,93.375363517,90.21759996,1899268.0
2022-08-23,91.152140576,91.466933205,93.026140445,90.994744262,885177.0
2022-08-24,91.712864946,91.06360515,92.037494845,90.365159004,1209882.0
2022-08-25,91.250513273,94.762418538,94.831279426,91.191489655,1347143.0
2022-08-26,94.811604886,88.692823164,94.880465774,88.427216883,2249961.0
2022-08-29,87.984539749,86.203993942,89.194523916,86.095783976,1251401.0
2022-08-30,86.982115028,84.431059904,87.267754404,83.672638111,2527814.0
2022-08-31,85.347075837,83.367299467,85.347075837,82.559629505,2072328.0
2022-09-01,81.683012108,81.535267603,81.820906979,79.20090442,2502232.0
2022-09-02,83.16045716,81.791358078,83.987826389,81.013237018,1353720.0
2022-09-06,81.46139535,81.673162474,82.855118516,80.629101304,1349667.0
2022-09-07,81.505718702,83.741585547,84.273465766,81.308726028,1715329.0
2022-09-08,82.618727307,84.844744519,85.140233529,81.820906979,1400027.0
2022-09-09,86.1842947,87.504145613,88.654681323,86.046399828,1805432.0
2022-09-12,87.504145613,86.066099095,87.553393781,85.416023272,1902968.0
2022-09-13,82.677825109,81.909553682,83.64308921,81.692861741,2477369.0
2022-09-14,82.628576941,82.382336099,82.85580799,81.023086651,1372875.0
2022-09-15,81.880004781,81.111733354,82.953614852,80.176018155,1810425.0
2022-09-16,80.294213759,80.865492512,81.220079325,79.210754054,3571050.0
2022-09-19,80.018424016,81.249628226,81.801207712,79.693386104,1534843.0
2022-09-20,80.185867788,79.624438669,80.540454601,78.550828598,1674789.0
2022-09-21,79.821431342,79.752483906,83.318051299,79.703235738,1782604.0
2022-09-22,79.378197827,78.590227132,79.890378778,77.634812665,1955847.0
2022-09-23,77.910602408,77.999249111,78.540978964,76.14751798,1909820.0
2022-09-26,78.009098745,76.049021643,79.230453321,75.989923841,1427239.0
2022-09-27,77.881053507,77.19157915,78.501580429,76.039172009,1570744.0
2022-09-28,76.728646367,77.762857903,78.087895815,76.364209921,1619092.0
2022-09-29,76.492255158,76.009623108,76.896090139,75.034509374,1601141.0
2022-09-30,74.522328422,74.019997105,76.019472742,73.882102233,1744761.0
2022-10-03,75.02465974,77.506767427,78.53112933,74.335185382,2160216.0
2022-10-04,79.624438669,80.441958264,80.99353775,79.230453321,1493833.0
2022-10-05,78.79706944,80.717748007,81.594365405,78.04849728,1193819.0
2022-10-06,80.530604967,80.776845809,81.951414626,79.782032808,1216218.0
2022-10-07,78.442482627,76.167217247,78.954663578,75.497442157,2321826.0
2022-10-10,76.44300699,74.965561938,76.44300699,73.626011758,1701368.0
2022-10-11,73.724508094,72.906988499,74.778418898,71.764430992,1761643.0
2022-10-12,72.769093627,70.917362496,73.039958554,70.853339877,1928349.0
2022-10-13,67.972322025,73.98059857,74.709471462,66.790365984,3403789.0
2022-10-14,74.926163403,70.296835574,75.231502047,70.129391801,2410327.0
2022-10-17,72.444055716,70.434730445,72.838041063,70.050594732,2106986.0
2022-10-18,72.966086301,71.685633923,73.399470183,70.040745098,1717139.0
2022-10-19,71.459092348,72.07961927,73.153229341,71.094655902,1524307.0
2022-10-20,72.444055716,72.838041063,74.46323062,72.069769636,1455905.0
2022-10-21,73.064582638,76.108119445,76.275563217,72.621349122,2158530.0
2022-10-24,76.768044901,76.295262485,77.088157996,75.477742889,2094902.0
2022-10-25,76.974887209,78.452332261,79.043310282,76.935488674,2186606.0
2022-10-26,78.452332261,81.013237018,83.918878953,77.48706816,4210719.0
2022-10-27,81.92925295,78.659174568,83.022562288,78.590227132,2147529.0
2022-10-28,78.71827237,82.096696722,82.382336099,78.71827237,1665117.0
2022-10-31,81.210229691,80.126769986,81.594365405,79.407746728,1498994.0
2022-11-01,82.027749287,80.983688116,82.323238297,80.441958264,1220779.0
2022-11-02,81.013237018,78.245489953,82.49068207,77.989399478,1959772.0
2022-11-03,76.915789407,78.885716143,79.703235738,76.117969079,1359057.0
2022-11-04,81.505718702,83.446096536,83.554442507,80.087371452,2344919.0
2022-11-07,84.480308073,84.253766498,84.618202944,82.027749287,1737532.0
2022-11-08,85.297827668,85.150083163,85.898655323,83.465795804,2087322.0
2022-11-09,83.64308921,83.101359358,84.500499822,82.845268882,1639692.0
2022-11-10,88.64670312,91.926631135,92.010353021,87.376100375,2472676.0
2022-11-11,91.8872326,94.861821972,95.433100725,91.256856045,1716405.0
2022-11-14,93.404076187,92.724451463,94.960318308,92.625955126,1254583.0
2022-11-15,95.915732775,95.137611715,96.270319588,93.335128751,1581840.0
2022-11-16,92.182721611,90.104448904,93.226782781,89.661215389,2188762.0
2022-11-17,87.474596712,91.118961173,91.51294652,87.22835587,1346687.0
2022-11-18,92.665353661,91.503096887,92.8229478,89.9862533,1507477.0
2022-11-21,90.252193409,89.730162824,90.419637182,89.23768114,1014692.0
2022-11-22,90.803772895,91.532645788,91.621292491,89.286929309,1401948.0
2022-11-23,91.729638461,92.616105493,94.123099446,91.237156777,882964.0
2022-11-25,91.787767288,91.304569974,92.399159807,91.294708804,530290.0
2022-11-28,90.002895578,88.967472762,90.96435962,88.459622524,1306582.0
2022-11-29,88.888583405,87.951772286,89.603518206,87.637792644,1099942.0
2022-11-30,88.42510843,92.152630566,92.182214075,86.64023672,2426363.0
2022-12-01,93.059858175,91.008734884,93.296526247,89.154834986,1552887.0
2022-12-02,88.858999896,91.383459331,91.516585122,88.75052703,1177165.0
2022-12-05,90.870678509,92.093463548,92.497771504,90.387481195,1616994.0
2022-12-06,92.063880039,89.135112647,92.127977641,88.257468546,1333583.0
2022-12-07,88.237746207,90.091646105,90.200118971,87.803854741,1444592.0
2022-12-08,90.890400848,93.474027301,93.80930707,90.417064704,1619966.0
2022-12-09,91.886378985,91.12706892,93.52333315,91.067901902,2039262.0
2022-12-12,90.594565758,93.276803908,93.533194319,90.150813123,1210182.0
2022-12-13,97.39877283,95.170148485,97.773497278,93.986808124,1553782.0
2022-12-14,94.460144268,92.842912443,95.914666795,91.846934306,1462856.0
2022-12-15,91.018596054,87.291073918,91.225582005,87.074128186,2566793.0
2022-12-16,86.788154265,87.784132402,88.267329716,85.979538352,3091246.0
2022-12-19,88.178579189,87.172739882,88.257468546,85.348423493,1323571.0
2022-12-20,85.713286771,86.571208532,88.474414279,85.387868172,1314335.0
2022-12-21,87.429130294,88.503997788,88.770249369,87.093850525,1543651.0
2022-12-22,86.393707478,84.914532028,86.393707478,82.587295986,2146759.0
2022-12-23,84.26369483,85.358284663,85.406604394,83.198787117,858553.0
2022-12-27,84.441195884,83.583274122,84.835642671,82.843686397,1156008.0
2022-12-28,82.843686397,83.0704933,84.214388981,82.148473935,990292.0
2022-12-29,84.86522618,86.275373442,86.906488301,84.066471436,1137307.0
2022-12-30,84.648280447,86.137317067,86.245789933,84.165083133,677417.0
2023-01-03,87.616492517,84.737030974,87.922188777,84.362306526,1033343.0
2023-01-04,86.028844201,86.206345255,86.659959059,84.55952992,2025543.0
2023-01-05,85.634397414,85.910510165,87.192462222,84.756753313,998686.0
2023-01-06,87.054405846,89.973312069,90.520606985,86.512041514,1444467.0
2023-01-09,91.644780328,91.915962494,94.499588947,91.087624241,1654473.0
2023-01-10,92.142769396,93.464166132,94.1248645,91.521515707,1160508.0
2023-01-11,93.769862392,95.0025086,95.02223094,92.448465656,869971.0
2023-01-12,95.722373986,94.805285207,95.722373986,92.665411388,1165674.0
2023-01-13,94.174170348,96.087237264,96.876130838,93.947363446,1464565.0
2023-01-17,95.998486737,95.29834369,96.494010513,94.134725669,1668153.0
2023-01-18,95.959042058,94.578478304,97.073354231,94.479866608,1326794.0
2023-01-19,93.52333315,92.547077352,93.927641106,91.314431144,1542663.0
2023-01-20,94.075558651,96.175987791,96.19571013,93.138747533,1421092.0
2023-01-23,96.777519141,102.063106084,103.014708957,96.540851069,2617827.0
2023-01-24,100.583930634,101.58976994,101.806715673,100.436013088,1193368.0
2023-01-25,99.144199862,102.003939066,102.151856611,98.858225941,1501223.0
2023-01-26,98.325722779,102.230745968,103.512698025,96.890922592,3941845.0
2023-01-27,100.150039168,102.003939066,102.7731103,97.950998332,2593132.0
2023-01-30,100.662819991,98.779336584,101.165739644,98.632405156,2067229.0
2023-01-31,98.6116967,100.288095543,100.307817883,97.635440902,1973284.0
2023-02-01,100.771292857,106.490771266,107.2599425,100.514902446,2784062.0
2023-02-02,108.374254673,109.991486499,110.504267322,107.891057359,2352937.0
2023-02-03,106.895079222,106.490771266,109.192731755,105.583543656,1608796.0
2023-02-06,105.938545764,105.46520962,106.993690919,104.893261779,1411468.0
2023-02-07,105.435626111,108.670089763,109.35051047,105.327153245,1824035.0
2023-02-08,106.95424624,106.135769158,108.778562629,105.790628219,1129785.0
2023-02-09,107.841751511,106.165352667,108.74897912,105.258125057,1906384.0
2023-02-10,104.843955931,104.094507036,105.371528508,102.842138488,1414762.0
2023-02-13,104.410064465,105.267986227,106.106185649,103.897283643,1303781.0
2023-02-14,104.193118733,106.510493605,106.845773374,103.611309722,1779343.0
2023-02-15,104.952428797,106.95424624,107.023274428,104.301591599,1202377.0
2023-02-16,105.616701216,104.930654136,106.401460106,104.77271524,1613863.0
2023-02-17,104.634518706,103.89418013,105.244162845,102.299984397,1151467.0
2023-02-21,102.107496367,99.856867097,102.995902658,99.728541744,1976098.0
2023-02-22,99.995063631,99.471891037,101.406642515,98.603227108,1329086.0
2023-02-23,101.534967868,101.663293221,102.068011643,99.313952141,1446353.0
2023-02-24,99.748284106,99.343565684,100.636690396,98.701938918,1465531.0
2023-02-27,100.942697008,99.669314657,101.149991809,99.264596236,1404188.0
2023-02-28,99.669314657,99.837124735,101.110507085,99.294209779,1378472.0
2023-03-01,100.202358432,100.074033079,101.327673067,99.531118123,1090151.0
2023-03-02,98.593355927,100.735402207,101.071022361,98.070183334,1484069.0
2023-03-03,101.15986299,101.702777946,102.058140462,99.669314657,1393427.0
2023-03-06,102.23582172,100.340554966,103.252553364,99.703863791,1432063.0
2023-03-07,100.508365043,99.284338598,101.080893542,98.81052191,1577456.0
2023-03-08,99.78776883,101.919943928,102.314791168,99.442277494,1474791.0
2023-03-09,101.850845661,100.824242836,103.41049226,100.222100794,1652123.0
2023-03-10,101.623808497,99.98519245,102.314791168,98.751294824,2371899.0
2023-03-13,98.7118101,101.406642515,102.344404711,98.376189945,1749119.0
2023-03-14,102.897190848,103.815210682,104.057054616,102.092689595,2529558.0
2023-03-15,101.900201566,101.307930705,102.225950539,99.017816711,2050389.0
2023-03-16,100.755144569,104.604905162,105.157691299,100.202358432,1462911.0
2023-03-17,105.16756248,103.746112415,105.493311453,103.186219028,2428126.0
2023-03-20,104.219929103,105.128077756,105.246531928,103.528946432,1326067.0
2023-03-21,105.700606255,104.989881222,106.885147976,103.686885329,1462930.0
2023-03-22,104.97013886,103.025516201,106.875276795,102.966289115,1422069.0
2023-03-23,104.535806895,106.223778848,107.507032379,104.150830836,1262799.0
2023-03-24,105.207047204,104.97013886,105.621636807,103.094614468,1679422.0
2023-03-27,105.3649861,103.99289194,106.184294124,103.706627691,1133004.0
2023-03-28,103.232811002,102.867577305,103.647400605,100.883469922,1392430.0
2023-03-29,104.792457602,106.006612866,107.052958053,104.348254456,1689680.0
2023-03-30,107.279995216,106.213907667,107.447805293,105.453826729,1760711.0
2023-03-31,105.828931608,106.125067038,107.31947994,105.226789566,1598239.0
2023-04-03,105.128077756,105.424213186,105.85360956,103.647400605,1236650.0
2023-04-04,105.532796177,101.762005032,105.927643418,101.406642515,1502527.0
2023-04-05,100.784758112,99.925965364,101.021666456,98.948718444,1818470.0
2023-04-06,98.642711832,99.096786159,99.856867097,97.971471524,1216870.0
2023-04-10,98.109668058,101.406642515,101.45599842,97.730022436,1788774.0
2023-04-11,102.265435263,100.96243937,102.423374159,100.750208978,948221.0
2023-04-12,102.097625186,100.172744889,102.374018254,100.08390426,941607.0
2023-04-13,100.241843156,100.626819215,101.179605352,99.195497969,975896.0
2023-04-14,100.449137957,99.452148675,101.436256058,98.376189945,1369619.0
2023-04-17,95.464191547,96.846156889,97.102807595,94.546171713,2173178.0
2023-04-18,97.527268378,98.366318764,98.474901755,96.894328252,1119419.0
2023-04-19,96.984353423,97.290360034,97.719756408,96.401953743,1146682.0
2023-04-20,96.599377363,98.12941042,99.392921589,96.56976382,1315202.0
2023-04-21,97.971471524,96.727702716,98.188637506,96.628990906,988078.0
2023-04-24,96.698089173,96.342726657,97.428556568,95.582645719,836714.0
2023-04-25,95.859038788,93.134592829,96.27362839,93.095108105,1750030.0
2023-04-26,93.588667155,92.127732366,93.845317862,91.466363238,2282001.0
2023-04-27,88.84062909,89.205862787,90.084397897,87.399436662,3472105.0
2023-04-28,89.348994912,90.202852069,90.242336793,88.529686888,1638734.0
2023-05-01,90.50885868,91.111000722,91.515719143,90.321306241,1757665.0
2023-05-02,91.308424342,91.120871903,91.653915677,89.832682781,1620368.0
2023-05-03,91.051773636,90.972804188,92.631162597,90.686539938,1471302.0
2023-05-04,90.814865292,88.820886727,90.948126235,88.574107202,1311479.0
2023-05-05,89.778391285,91.436749695,91.574946229,89.107150977,2098756.0
2023-05-08,91.476234419,90.242336793,91.762498668,89.72903538,1113114.0
2023-05-09,89.166378063,89.126893339,89.255218692,87.814026264,1693318.0
2023-05-10,90.321306241,89.788262466,90.345984194,88.959083262,1442487.0
2023-05-11,90.035041992,90.005428449,90.173238526,89.166378063,1326012.0
2023-05-12,90.262079155,89.758648923,90.395340099,88.307585315,1210655.0
2023-05-15,90.035041992,93.006267476,93.174077553,89.403286407,1247300.0
2023-05-16,92.502837244,92.226444176,93.904544948,92.088247642,1033115.0
2023-05-17,93.183948734,93.697250146,94.309263369,92.166822243,1431176.0
2023-05-18,94.289521007,97.300231215,98.055376562,94.171066835,2447858.0
2023-05-19,97.418685387,95.849167607,97.882630895,95.306351363,1884980.0
2023-05-22,95.454320366,96.550021458,97.006366156,95.434578004,1269248.0
2023-05-23,95.789084853,94.425328151,96.372140254,94.356152087,1725269.0
2023-05-24,93.476627837,93.288864233,94.316622907,91.930048679,1959946.0
2023-05-25,94.395681266,96.125082881,97.231899914,93.614979966,3968620.0
2023-05-26,97.241782209,102.489280822,103.358922777,97.10343008,3136360.0
2023-05-30,104.989501442,101.510933623,105.048795212,99.880354958,2139744.0
2023-05-31,99.228123492,99.010713003,101.042512843,98.200364818,2176557.0
2023-06-01,99.336828736,101.886460831,102.78574967,98.442481044,1694592.0
2023-06-02,102.736338196,102.00504837,102.874690325,100.302823067,1149877.0
2023-06-05,101.63446231,100.32505823,102.034695255,99.58388611,1084122.0
2023-06-06,99.238005787,101.856813946,101.945754601,98.911890054,1335006.0
2023-06-07,102.90433721,102.993277864,104.554680465,101.96551919,1566134.0
2023-06-08,103.309511302,103.437981136,103.729508837,101.777755587,1129720.0
2023-06-09,104.673268004,103.783861459,105.236558816,103.477510316,1599065.0
2023-06-12,105.157500456,108.171600413,108.339599427,104.54479817,2199116.0
2023-06-13,109.742885308,110.078883336,110.839820047,109.159829907,2137554.0
2023-06-14,109.120300727,109.061006957,110.849702341,108.141953528,1855260.0
2023-06-15,107.440310587,108.794184994,109.545239409,107.331605343,1553407.0
2023-06-16,109.940531207,109.752767603,110.449469396,108.754655814,3381463.0
2023-06-20,109.752767603,107.410663702,110.671821033,106.501492568,1793926.0
2023-06-21,106.214906015,105.626909466,107.697250256,105.503380779,1450616.0
2023-06-22,105.009266032,106.531139453,106.560786338,104.406446041,1690267.0
2023-06-23,104.712797184,103.922213589,105.750438152,103.803626049,2161488.0
2023-06-26,104.189035552,104.742444069,106.328552406,104.060565718,1548787.0
2023-06-27,105.374910945,108.991830893,109.159829907,104.258211617,2173984.0
2023-06-28,107.232782393,106.382905029,108.122188938,106.22478831,1626487.0
2023-06-29,106.817726006,108.112306643,108.497716146,106.056789296,1618224.0
2023-06-30,108.942419418,110.019589567,111.240052992,108.596539095,2273458.0
2023-07-03,110.444528249,110.217235465,110.762441677,108.230894182,639405.0
2023-07-05,109.090653842,106.817726006,109.219123676,106.560786338,1900826.0
2023-07-06,105.246441111,105.789967332,106.175376835,104.831384723,1792111.0
2023-07-07,105.977730936,105.088324391,106.936313545,104.959854557,1990289.0
2023-07-10,105.28597029,108.132071233,108.151835823,105.28597029,1142533.0
2023-07-11,108.507598441,108.132071233,108.54712762,106.08643618,1161741.0
2023-07-12,109.930648912,109.930648912,110.138177106,108.64595057,1344798.0
2023-07-13,110.681703328,112.677926905,113.004042638,110.488998576,1977491.0
2023-07-14,112.994160343,111.758873476,113.616744925,111.353699383,1752236.0
2023-07-17,112.203576748,114.881678677,115.869908171,112.075106914,1789424.0
2023-07-18,115.425204899,115.771085222,116.255317674,114.36779934,1310684.0
2023-07-19,115.771085222,113.952742953,116.018142595,113.883566888,1410365.0
2023-07-20,111.561227577,110.948525291,112.292517403,110.48544095,2179676.0
2023-07-21,112.608750841,113.695803284,114.298623276,112.005930849,1772540.0
2023-07-24,113.962625248,113.784743939,115.622850798,112.776749855,1565342.0
2023-07-25,114.219564916,115.850143581,116.650609471,114.219564916,1256696.0
2023-07-26,113.982389837,113.290629192,114.990383921,111.86757872,2725276.0
2023-07-27,117.124959628,109.317946626,117.796955684,108.853478764,4265783.0
2023-07-28,111.600756757,110.988054471,111.600756757,108.561160479,3064134.0
2023-07-31,110.938642996,111.610639052,112.262870518,110.271588087,1491803.0
2023-08-01,110.681703328,109.920766617,111.561227577,109.851590553,1544653.0
2023-08-02,107.904778449,106.531139453,108.250658772,105.621968318,1913260.0
2023-08-03,105.661497498,106.293964374,106.98572502,104.604091939,1652669.0
2023-08-04,105.997495526,106.14572995,107.667603371,104.900560788,1193720.0
2023-08-07,107.657721076,107.637956486,107.76642632,106.363140439,1096020.0
2023-08-08,105.621968318,105.019148327,105.824555364,103.269982123,1685166.0
2023-08-09,104.940089967,105.226676521,106.422434208,104.105036045,1556177.0
2023-08-10,105.957966346,105.167382751,107.707033728,105.029030622,1761854.0
2023-08-11,103.072336224,100.532586424,103.151394583,100.226235281,1773394.0
2023-08-14,100.532586424,103.507157201,103.526921791,100.097765447,1463411.0
2023-08-15,102.627632951,100.670938553,102.90433721,100.483174949,1377541.0
2023-08-16,100.977289696,100.058236267,101.866696241,99.998942497,1404798.0
2023-08-17,100.413998885,99.435651686,100.829055272,99.144123985,1071986.0
2023-08-18,98.407893012,99.870472663,100.34482282,98.220129408,1385484.0
2023-08-21,99.919884138,101.530698213,101.866696241,99.64317988,1251149.0
2023-08-22,103.003160159,101.540580508,103.062453929,100.878466747,843321.0
2023-08-23,101.412110674,104.080330308,104.673268004,101.412110674,1107254.0
2023-08-24,105.32549947,100.908113632,105.32549947,100.631409374,1586010.0
2023-08-25,101.451639854,102.558456887,103.121747698,100.413998885,1285540.0
2023-08-28,103.230452943,103.339158187,104.376799156,102.568339182,917748.0
2023-08-29,102.548574592,106.10620077,106.392787324,102.548574592,1435872.0
2023-08-30,105.691144383,106.10620077,106.995607315,104.910443083,909192.0
2023-08-31,105.512654966,106.709638958,107.25372259,105.512654966,1621136.0
2023-09-01,107.847268371,107.293292309,107.995654816,106.429188576,624601.0
2023-09-05,106.709638958,105.473085248,106.818455684,104.785561385,1368250.0
2023-09-06,104.879539467,104.444272561,106.3238342,103.751802483,1463651.0
2023-09-07,102.218475883,98.617631479,102.881268672,97.756990097,3224263.0
2023-09-08,98.390105597,98.627523909,99.458488002,97.915268972,1666717.0
2023-09-11,99.913539768,97.836129535,99.913539768,96.560006106,1404153.0
2023-09-12,97.509679355,96.777639559,98.706663347,96.73806984,1234986.0
2023-09-13,95.996137614,96.609468254,97.780435156,95.956567896,1620915.0
2023-09-14,97.865806824,96.906241145,97.954838691,96.469688223,1133240.0
2023-09-15,96.065384622,94.462811014,96.302802934,93.869265233,3275571.0
2023-09-18,94.106683545,95.719149583,95.897213317,93.898942522,1239465.0
2023-09-19,95.630117716,96.73806984,97.06452002,95.076141654,2014263.0
2023-09-20,97.35140048,94.957432498,97.846021964,94.87829306,1161016.0
2023-09-21,94.353994287,94.58152017,95.610332857,94.180876768,1487824.0
2023-09-22,95.570763138,94.373779147,96.006030044,94.156145694,1019824.0
2023-09-25,93.97808196,95.402591833,95.778504161,93.918727381,966544.0
2023-09-26,96.273125645,94.799153623,96.569898536,94.492488303,1410573.0
2023-09-27,95.80818145,95.442161552,96.292910505,94.472703444,1849857.0
2023-09-28,95.353129685,98.60773905,99.587089588,95.209689455,1583879.0
2023-09-29,100.022356494,99.379348565,100.437838541,99.181499971,1331275.0
2023-10-02,99.428810713,99.587089588,100.531816623,98.58795419,1357751.0
2023-10-03,99.023221096,97.499786926,99.765153322,96.827101707,1152460.0
2023-10-04,98.083440277,99.191392401,99.636551736,97.282153473,1002696.0
2023-10-05,98.706663347,98.469245034,99.859131404,97.203014035,1069853.0
2023-10-06,97.697635519,99.587089588,100.309236955,96.916133574,1242234.0
2023-10-09,98.320858589,97.98451598,98.469245034,96.91118736,953434.0
2023-10-10,98.162579714,98.518707183,99.542573655,97.935053832,1241764.0
2023-10-11,98.676986058,98.489029894,99.349671276,97.470109637,991504.0
2023-10-12,98.498922323,98.320858589,100.373537748,97.450324777,1135532.0
2023-10-13,98.429675316,94.57162774,98.469245034,94.255069991,1532782.0
2023-10-16,94.630982318,95.956567896,96.233555927,94.388617791,1900714.0
2023-10-17,94.126468405,95.481731271,96.372049942,92.880022265,1540281.0
2023-10-18,93.602169632,93.067978429,94.383671576,92.078735461,1410879.0
2023-10-19,93.869265233,91.742392852,94.185822983,91.277448657,1927257.0
2023-10-20,91.336803235,90.753149884,92.217229476,90.545408861,1264047.0
2023-10-23,90.021110088,89.94197065,91.81163986,89.674875049,1325079.0
2023-10-24,90.307990548,90.624548298,91.138954641,89.467134025,1342904.0
2023-10-25,89.882616072,86.964349316,90.144765459,85.589301591,2722903.0
2023-10-26,84.481349467,84.204361436,88.824126096,83.868018827,2954349.0
2023-10-27,83.917480975,82.938130437,84.337909236,81.869748031,2015579.0
2023-10-30,82.918345577,82.562218109,83.294257905,81.068461227,1656281.0
2023-10-31,82.492971101,82.374261945,83.161402574,81.760931305,1540190.0
2023-11-01,82.374261945,81.869748031,82.601787828,80.20287363,2091199.0
2023-11-02,82.878775859,84.975970951,85.797042614,82.83920614,2277642.0
2023-11-03,86.202632231,86.756608293,87.389723793,85.9256442,1606806.0
2023-11-06,87.181982769,86.667576426,87.434239726,85.708010747,1250204.0
2023-11-07,86.637899137,86.093815505,87.01875768,85.816827474,1284287.0
2023-11-08,86.034460926,85.450807575,86.440050543,85.129303611,1434389.0
2023-11-09,85.994891208,84.016405272,86.074030645,83.74930967,2676726.0
2023-11-10,85.084787677,87.17209034,87.510906056,84.283500873,1798310.0
2023-11-13,86.489512692,85.688225888,86.964349316,84.827584506,1703253.0
2023-11-14,88.576815354,89.674875049,89.886573044,88.191010597,2095376.0
2023-11-15,90.129926814,90.387129986,91.49508211,89.457241596,1371904.0
2023-11-16,90.2585284,89.763906916,90.797665817,89.407779447,1995620.0
2023-11-17,90.031002517,91.099384923,91.109277352,89.605628041,1330909.0
2023-11-20,91.326910805,92.078735461,92.355723492,90.980675766,1665693.0
2023-11-21,91.762177711,90.772934743,92.212283262,90.288205689,1427121.0
2023-11-22,91.781962571,91.445619961,92.919591984,90.980675766,1306388.0
2023-11-24,91.495141126,91.604087494,91.921022384,91.267344173,472339.0
2023-11-27,90.85136713,91.049451436,91.568432319,90.257114211,818525.0
2023-11-28,90.55424067,90.366060579,91.098972513,89.662861291,1063666.0
2023-11-29,91.713033863,91.871501308,93.26304356,91.584279064,1724740.0
2023-11-30,92.049777184,91.346577896,92.653934318,90.410629548,2072944.0
2023-12-01,90.881079776,92.960964993,93.014447756,90.247209995,934553.0
2023-12-04,92.228053059,92.267669921,92.549940057,90.395773225,1381401.0
2023-12-05,91.326769465,90.366060579,91.336673681,89.375639047,1352649.0
2023-12-06,91.78236337,90.346252149,92.349379697,90.247209995,1601152.0
2023-12-07,91.029643006,91.722938078,92.138915121,90.23730578,1331933.0
2023-12-08,91.376290542,91.406003188,92.673742749,90.960313498,1688281.0
2023-12-11,92.465754227,95.80347479,96.407631924,92.465754227,2222152.0
2023-12-12,95.417210392,95.417210392,96.239260264,95.169605009,912974.0
2023-12-13,95.258742947,97.219777581,98.081444313,94.624873167,1403175.0
2023-12-14,98.537038218,104.380525257,104.647939071,98.537038218,3680689.0
2023-12-15,103.182115203,104.152728305,105.232287775,103.102881481,4609903.0
2023-12-18,104.063590367,104.271578888,104.45975898,102.647287576,2556813.0
2023-12-19,104.984682392,104.865831808,105.915678632,104.464711087,1379517.0
2023-12-20,104.063590367,102.61757493,105.737402756,102.439299054,1870695.0
2023-12-21,104.974778176,105.569031095,105.994615228,104.667747501,1812146.0
2023-12-22,105.975103924,106.599069489,106.78724958,105.529414234,832239.0
2023-12-26,107.044759178,109.293016056,109.788226822,107.044759178,1389047.0
2023-12-27,109.936790052,109.689184669,110.179443327,108.738379998,1261774.0
2023-12-28,110.006119559,109.382153994,110.115065927,108.867134797,874558.0
2023-12-29,108.886943228,107.480544652,109.582615312,107.312172992,1365788.0
2024-01-02,105.975103924,103.766463907,105.975103924,102.647287576,2383862.0
2024-01-03,101.726195551,100.775390881,102.102555733,100.111808454,1376820.0
2024-01-04,99.230333291,100.60701922,101.547919675,98.992632123,1442006.0
2024-01-05,100.725869804,101.785620843,102.181789456,100.597115005,1404466.0
2024-01-08,102.191693671,104.875736023,105.024299253,102.082747303,1421639.0
2024-01-09,103.360391079,104.231962027,104.786598085,103.162306773,1055069.0
2024-01-10,104.449854764,103.875410276,104.489471626,102.300739082,1148126.0
2024-01-11,103.825889199,104.093303013,104.667747501,101.973800934,1803548.0
2024-01-12,103.99426086,103.806080768,105.098580868,102.61757493,1191076.0
2024-01-16,102.993935112,103.092977265,104.301291534,102.221406317,1670982.0
2024-01-17,101.498398599,101.874758781,102.013417796,99.784969349,1366144.0
2024-01-18,103.796176553,105.004490822,105.41056365,103.340582648,2416581.0
2024-01-19,106.212805091,107.678628959,108.030228602,104.62813064,1934579.0
2024-01-22,108.94636852,109.035506457,110.887594722,107.946042772,1827946.0
2024-01-23,109.540621439,110.174491219,110.441905033,108.342211385,1173330.0
2024-01-24,110.97673266,109.609950946,112.511886035,109.401962424,1921093.0
2024-01-25,111.600698225,108.896847443,111.630410871,108.708667352,2007847.0
2024-01-26,107.698437389,104.449854764,107.777671112,103.81350893,2095712.0
2024-01-29,103.211827849,105.054011899,105.316473605,103.092977265,1721063.0
2024-01-30,103.885314491,103.588188031,105.415515758,103.320774218,2111127.0
2024-01-31,94.57535209,95.664815775,97.843743146,91.40610223,6316152.0
2024-02-01,96.199643403,94.228704554,96.199643403,92.475658442,2896371.0
2024-02-02,94.040524463,95.446923038,95.763857929,92.970869208,1808983.0
2024-02-05,95.387497746,95.328072455,96.239260264,93.733493788,1957764.0
2024-02-06,95.744049498,96.813704753,96.853321614,95.303311916,1543380.0
2024-02-07,97.695179916,96.576003585,97.695179916,95.387497746,1380280.0
2024-02-08,96.467057216,97.526808256,98.616271941,96.467057216,1888028.0
2024-02-09,98.368666558,101.330026938,101.438973307,97.863551576,1653911.0
2024-02-12,101.270601647,101.924279858,103.766463907,100.928906218,1362076.0
2024-02-13,98.408283419,97.96259373,99.106530599,96.536386724,1886370.0
2024-02-14,99.240237506,100.597115005,100.834816172,99.06196163,1454066.0
2024-02-15,102.719124256,101.697783413,103.07113979,100.845013388,2115859.0
2024-02-16,102.302655174,101.380473636,103.219878747,100.775601874,1608844.0
2024-02-20,99.764176961,99.327876018,100.949130658,98.009057259,1446230.0
2024-02-21,97.44384922,98.742836118,98.772583909,96.98275845,1110839.0
2024-02-22,100.656610708,101.618455968,102.471225993,99.501404802,1858491.0
2024-02-23,101.628371899,99.298128227,101.856438301,99.189052991,1451194.0
2024-02-26,100.051738946,101.291230261,101.697783413,99.347707879,1272777.0
2024-02-27,102.044840981,99.427035324,102.044840981,99.198968922,1675465.0
2024-02-28,98.157796217,99.506362768,99.843504405,97.929729815,1226244.0
2024-02-29,101.053247929,102.719124256,102.967022519,100.557451403,2391925.0
2024-03-01,103.185172991,104.989872345,105.892222023,101.896102023,2008891.0
2024-03-04,105.743483065,104.940292693,106.026087085,104.543655472,1252254.0
2024-03-05,103.829708474,102.887695075,104.533739541,101.568876316,1264980.0
2024-03-06,105.098947581,105.852558301,106.868941179,104.870881179,1497444.0
2024-03-07,106.328522965,109.065319789,109.620611898,106.140120286,1576770.0
2024-03-08,109.630527829,105.227854678,109.987501327,105.188190956,1632683.0
2024-03-11,104.920460832,105.45592108,105.703819343,103.680969517,1565587.0
2024-03-12,106.140120286,107.290368226,107.508518697,104.369035935,1505425.0
2024-03-13,105.793062717,104.563487333,107.409359392,103.92886778,1808390.0
2024-03-14,104.940292693,102.97693845,105.336929913,101.876270162,1646690.0
2024-03-15,101.747363065,102.193579939,103.462819045,101.671506197,3409721.0
2024-03-18,103.373575671,101.995261328,104.355252792,101.826690509,1767191.0
2024-03-19,100.964004554,102.61004902,102.917442867,100.648380486,2253305.0
2024-03-20,103.274416365,106.209531799,106.893731005,103.274416365,2435238.0
2024-03-21,108.440616166,110.513045645,112.050014876,107.93490371,2562707.0
2024-03-22,109.987501327,109.818930509,111.326151948,109.739603064,1812701.0
2024-03-25,107.875408127,107.984483362,109.323133983,107.706837308,1561847.0
2024-03-26,108.262129417,107.230872643,109.293386191,107.082133685,1732737.0
2024-03-27,108.073726737,110.60228902,110.741112047,107.607678003,1256523.0
2024-03-28,110.701448325,111.881444057,112.32766093,110.632036811,2046945.0
2024-04-01,111.901275918,112.000435223,113.864630161,110.939430657,1346621.0
2024-04-02,110.334558896,109.214058747,110.746070012,108.361288722,1187278.0
2024-04-03,108.043978945,107.93490371,109.486746836,107.56801428,1595774.0
2024-04-04,109.729687134,105.059283859,110.116408424,104.722142221,2475884.0
2024-04-05,104.979956415,106.368186688,106.824319491,104.811385596,1143894.0
2024-04-08,107.052385893,106.913562866,108.242297556,106.759865943,1154682.0
2024-04-09,108.024147084,110.255231451,110.324642965,107.791122717,1439424.0
2024-04-10,107.439107184,105.505500732,108.167928077,104.88079711,1516986.0
2024-04-11,106.774739839,108.539775471,108.609186985,104.930376762,1905329.0
2024-04-12,106.705328325,104.979956415,107.805996613,104.355252792,1841357.0
2024-04-15,106.536757506,103.542146489,107.07717572,103.066181824,1605171.0
2024-04-16,104.077606737,104.047858946,105.297266191,103.016602172,1269363.0
2024-04-17,103.7404651,101.211902817,104.042900981,100.6863585,2237572.0
2024-04-18,100.567367333,99.35762381,101.697783413,99.179137061,2113848.0
2024-04-19,99.288212296,95.1631852,99.813756614,94.994614381,2920024.0
2024-04-22,96.283685349,96.938136763,97.870234232,95.391251602,2302910.0
2024-04-23,97.225698748,99.010566242,99.506362768,97.225698748,1927842.0
2024-04-24,101.231734678,99.853420336,101.806858648,98.633760882,2437323.0
2024-04-25,106.516925645,107.994399293,108.916580831,103.125677408,7876568.0
2024-04-26,109.511536662,113.170515024,113.705975272,109.342965844,5205516.0
2024-04-29,113.180430955,117.295542121,117.642599689,113.041607928,2185257.0
2024-04-30,116.383276513,115.342103808,117.831002369,115.272692295,2337678.0
2024-05-01,114.082780632,112.783793734,116.244453485,110.850187283,3360141.0
2024-05-02,114.895886935,116.403108374,116.611342915,113.046565893,2468922.0
2024-05-03,119.050661823,119.427467182,120.835529316,118.098732493,2694180.0
2024-05-06,120.181077902,120.924772691,121.251998398,119.154779093,2078577.0
2024-05-07,122.005609118,120.072002666,122.610480879,119.76460882,2750511.0
2024-05-08,117.999573188,119.417551252,119.744776959,117.47402887,1795008.0
2024-05-09,119.546458349,121.579224105,122.065104701,119.248980433,1927046.0
2024-05-10,122.679892393,121.886617951,123.056697753,121.212334676,1386250.0
2024-05-13,121.965945396,123.800392542,124.881228968,121.871744056,2206341.0
2024-05-14,123.76072882,126.041392839,126.30813137,123.76072882,1738851.0
2024-05-15,128.242729415,130.840703211,131.534818347,127.439539043,3351708.0
2024-05-16,130.622552739,130.384570407,131.643893583,130.06726063,2407878.0
2024-05-17,131.475322764,130.801039489,132.333050754,129.799530506,1968118.0
2024-05-20,133.86506202,138.337146684,139.041177751,133.557668173,3406257.0
2024-05-21,136.709534164,139.210499871,139.577705153,136.352253349,1913828.0
2024-05-22,139.667025357,141.780936847,141.929803854,138.629918546,2062318.0
2024-05-23,144.12311108,139.190650937,144.539938698,137.880621281,2292529.0
2024-05-24,140.123550843,142.922250563,143.914697272,140.123550843,2134235.0
2024-05-28,143.130664371,144.133035548,145.418254036,141.959577255,2087705.0
2024-05-29,141.354184762,140.798414605,143.031419701,140.649547599,2079801.0
2024-05-30,141.006828414,140.20294658,141.582447505,139.071557332,2274538.0
2024-05-31,140.262493382,139.875439166,141.582447505,134.928092322,3212785.0
2024-06-03,142.753534622,139.954834903,144.539938698,137.900470215,1730511.0
2024-06-04,139.289895608,138.56540951,140.709094402,137.523340466,2583465.0
2024-06-05,140.927432678,144.291827021,144.440694027,139.994532771,2182867.0
2024-06-06,143.17036224,142.14814213,143.616963259,141.731314512,1319090.0
2024-06-07,141.741238979,139.835741298,143.33907818,138.376844635,1253149.0
2024-06-10,138.247826563,141.999275123,143.081042036,138.247826563,1467737.0
2024-06-11,140.937357145,143.358927115,143.468096253,140.143399777,1238693.0
2024-06-12,146.366040643,147.735617101,151.080162511,145.988910893,2573486.0
2024-06-13,144.341449356,146.524832116,146.946621968,143.765830265,1282597.0
2024-06-14,143.785679199,143.964319607,145.403367335,143.597114325,1060211.0
2024-06-17,143.47802072,143.64673666,143.894848337,140.431507057,2452041.0
2024-06-18,146.197324702,150.60378809,150.802277432,145.869817288,2893408.0
2024-06-20,149.383078638,146.832490596,149.700661585,145.075859921,3293628.0
2024-06-21,146.485134248,147.328713951,148.410480863,145.165180125,6175742.0
2024-06-24,145.621705611,144.43076956,147.770352736,144.172733416,1785668.0
2024-06-25,144.708654639,146.455360847,146.896999632,143.190211174,2016795.0
2024-06-26,146.157626834,145.76064815,146.882112932,143.676510061,1343430.0
2024-06-27,145.889666223,146.455360847,147.130224609,144.728503573,1365439.0
2024-06-28,147.730654868,147.169922477,150.375525347,145.264424796,2826304.0
2024-07-01,146.882112932,146.653850188,147.646296897,144.351373824,1159666.0
2024-07-02,145.889666223,148.470027666,149.601416914,144.331524889,1203684.0
2024-07-03,148.86700635,150.554165755,151.516839063,147.715768167,990174.0
2024-07-05,151.516839063,150.0579424,151.516839063,148.767761679,929893.0
2024-07-08,151.010691241,153.005509126,153.729995224,150.67325936,1518957.0
2024-07-09,153.471959079,152.320720897,154.930855741,151.943591147,1223329.0
2024-07-10,153.194074001,157.928044803,158.404419223,152.658152778,1783264.0
2024-07-11,160.002258424,153.630750553,160.002258424,153.303243139,2082692.0
2024-07-12,154.801837669,155.149194017,157.660084191,153.392563343,1907461.0
2024-07-15,155.99277372,158.285325618,159.932787155,155.893529049,2113515.0
2024-07-16,159.992333957,161.768813567,161.972265142,157.764291096,1472093.0
2024-07-17,157.451670382,151.199256116,158.473890493,151.010691241,3141796.0
2024-07-18,150.683183827,148.390631929,152.370343232,146.028608762,2945675.0
2024-07-19,147.894408575,145.314047131,149.144891428,144.897219514,2001005.0
2024-07-22,149.859453059,153.293318672,154.007880302,147.973804311,2252076.0
2024-07-23,150.693108294,151.119860379,152.975735725,150.420185449,1309077.0
2024-07-24,148.4898766,142.455800609,149.561719046,142.098519794,3150209.0
2024-07-25,127.471840197,123.395861563,128.988794992,119.440961428,6539001.0
2024-07-26,124.214630098,125.50481082,125.633828892,122.100718608,2617182.0
2024-07-29,127.400384034,126.963707482,129.286032781,126.179674582,1744283.0
2024-07-30,127.61872231,120.42348367,127.727891448,119.19284975,2812505.0
2024-07-31,125.792620365,130.169310352,130.58613797,124.978814064,4440788.0
2024-08-01,127.797362717,120.820462353,130.620873605,118.746248731,3950743.0
2024-08-02,118.845493402,116.384225564,119.09360508,114.840970931,3522573.0
2024-08-05,110.320376172,115.51087246,118.71647533,108.325558287,2726134.0
2024-08-06,116.205585156,117.426294608,121.276987839,115.451325657,1623831.0
2024-08-07,121.06857403,113.387036503,122.249585614,112.642701471,2599887.0
2024-08-08,117.416370141,121.951851601,122.150340943,114.448954481,2255272.0
2024-08-09,120.810537886,120.800613419,122.309132417,119.103529547,1188985.0
2024-08-12,121.723588858,121.396081444,122.894675975,119.579903967,989525.0
2024-08-13,122.7061111,126.120127779,126.437710726,121.99154947,1730421.0
2024-08-14,126.566728798,124.303950302,127.3805351,122.577093028,1323678.0
2024-08-15,128.184416934,130.735004976,131.449566607,126.884311745,2169436.0
2024-08-16,130.407497562,132.114505902,132.481711184,128.561546683,1338232.0
2024-08-19,131.360246403,132.968010071,133.136726012,129.305881715,1347868.0
2024-08-20,131.682791583,130.735004976,133.528047749,129.137165775,1671932.0
2024-08-21,132.243523974,134.387208865,135.558295982,131.21634163,1409437.0
2024-08-22,134.823885417,130.20900822,135.14583513,129.553993392,1815117.0
2024-08-23,132.799294131,134.913205621,136.481271421,132.005336764,1847085.0
2024-08-26,134.436831201,131.995412297,134.764338615,131.519037876,1648818.0
2024-08-27,131.092285791,133.96045678,135.022374759,129.643313596,1066232.0
2024-08-28,133.126801545,131.310624067,134.74448968,129.603615728,1352705.0
2024-08-29,133.146650479,132.948161137,137.046966045,131.816771889,1496235.0
2024-08-30,135.806407659,135.697238521,136.769080967,133.474157893,1497084.0
2024-09-03,132.481711184,123.599313138,133.300479719,122.854978107,3193900.0
2024-09-04,122.7061111,125.802544832,127.430157435,121.703739924,1632212.0
2024-09-05,123.199870622,125.266115832,127.173419102,123.130333524,1317141.0
2024-09-06,124.083985159,120.646865724,125.032669858,119.017710847,2298602.0
2024-09-09,123.060796425,123.378680304,124.009481125,121.143559284,1618800.0
2024-09-10,123.875373864,124.540943234,124.789290014,121.103823799,904658.0
2024-09-11,124.948231953,130.640340151,130.988025643,123.537622243,2644649.0
2024-09-12,130.093977235,127.342294912,130.570803052,126.443279569,1478708.0
2024-09-13,128.31581429,130.362191757,131.365512748,127.983029605,1122722.0
2024-09-16,127.49130298,127.133683617,128.658532846,123.76610128,1974147.0
2024-09-17,128.762838494,128.852243335,130.765109573,127.81912073,1142865.0
2024-09-18,129.696622387,127.014477163,131.305909521,126.785998125,1361423.0
2024-09-19,133.094006337,132.935064398,135.070846706,130.521133696,2522550.0
2024-09-20,131.335711135,128.097269123,131.79266921,127.2429562,4334442.0
2024-09-23,129.130391728,128.832375592,129.666820773,128.057533639,1115990.0
2024-09-24,130.690009507,130.153580462,130.978091772,128.554227199,965480.0
2024-09-25,128.991317532,129.766159485,131.504586945,128.738003816,1736544.0
2024-09-26,135.855622531,136.501324159,137.494711279,132.12048696,2101416.0
2024-09-27,136.809274166,133.749641836,137.514579021,132.835725686,1701936.0
2024-09-30,132.050949861,133.044336981,133.411890216,130.501265954,1261931.0
2024-10-01,131.921809536,128.137004608,132.964866012,126.974741678,2249547.0
2024-10-02,128.822441721,130.570803052,133.11387408,128.054553477,1307909.0
2024-10-03,128.792640108,128.156872351,131.6237934,127.521104594,1409681.0
2024-10-04,131.12709984,129.63701916,131.405248233,128.39528526,1247100.0
2024-10-07,128.474756229,128.653565911,130.208216753,127.391964268,927255.0
2024-10-08,128.911846562,128.544293328,129.458209478,127.441633624,1071868.0
2024-10-09,128.286012676,129.607217546,130.424649979,128.251244127,1434370.0
2024-10-10,127.630377177,128.087335252,128.524425585,126.428676778,986472.0
2024-10-11,127.451567496,131.037694999,131.355578877,127.451567496,1186795.0
2024-10-14,130.809215961,132.756254716,133.272816019,130.734711927,1423717.0
2024-10-15,132.646982133,126.517783603,134.464880563,125.742941649,2843588.0
2024-10-16,130.014506265,126.16016424,130.014506265,125.931685202,1466383.0
2024-10-17,129.329069152,126.368775535,129.88536594,126.279370694,1915921.0
2024-10-18,126.984675549,125.206512604,127.287658621,124.401869037,1729392.0
2024-10-21,124.858827112,125.097240021,125.554198096,123.706498053,2303145.0
2024-10-22,124.719752916,124.531009363,125.425057771,124.133654515,2217496.0
2024-10-23,123.785969023,123.607159341,125.713140036,121.724690749,2821684.0
2024-10-24,117.418357584,109.987821926,117.51272936,108.805691253,7147997.0
2024-10-25,110.454713872,111.01101066,112.769305862,110.256036448,3573702.0
2024-10-28,111.110349372,110.593788069,111.393464701,109.491128366,2672071.0
2024-10-29,110.593788069,112.491157468,113.047454256,110.26597032,2284538.0
2024-10-30,110.742796137,108.756021897,112.024265522,108.69641867,2861371.0
2024-10-31,108.338799307,105.507646015,109.093773518,104.832142773,3392648.0
2024-11-01,105.974537961,105.785794408,107.12686702,105.408307303,2352075.0
2024-11-04,104.236110501,103.580475002,105.428175045,103.376830642,1830656.0
2024-11-05,103.530805646,104.752671804,104.861944387,103.034112086,3265716.0
2024-11-06,107.583825096,108.27919608,109.11364126,106.431496036,2250134.0
2024-11-07,110.405044516,110.901738076,111.696447772,109.878549343,1761142.0
2024-11-08,109.491128366,110.156697736,110.544118713,108.800724318,1721185.0
2024-11-11,109.799078373,108.090452527,109.898417085,106.29242184,2027276.0
2024-11-12,109.183178359,107.613626709,109.501062237,106.451363779,2213407.0
2024-11-13,106.371892809,105.676521825,107.921576716,105.29903472,1780915.0
2024-11-14,107.275875088,105.815596022,107.434817028,105.477844401,1502708.0
2024-11-15,103.31226048,101.901650769,104.563928251,101.57383302,3091875.0
2024-11-18,101.722841088,103.461268548,103.669879843,101.583766891,2865371.0
2024-11-19,102.954641116,102.120195936,103.361929836,101.623502376,2031814.0
2024-11-20,101.613568504,102.895037889,103.103649184,101.206279785,2315667.0
2024-11-21,103.848689524,104.822208902,105.26426617,102.716228208,2568542.0
2024-11-22,104.424854054,107.494420255,107.53415574,104.375184698,1651590.0
2024-11-25,110.109928814,110.060204315,111.661333157,108.732560213,2118405.0
2024-11-26,111.492269864,108.459075473,111.512060214,107.474530409,1768350.0
2024-11-27,108.926485756,107.494420208,109.175108247,105.545219879,1370706.0
2024-11-29,109.344171541,109.39389604,111.701112756,109.204942946,1437423.0
2024-12-02,109.433675638,112.576263924,113.222682401,109.433675638,2785730.0
2024-12-03,110.945300383,114.833756143,115.46028482,110.612146245,2669777.0
2024-12-04,117.359760651,116.245931891,117.459209648,114.028915415,2628831.0
2024-12-05,115.569678716,113.093398706,116.434884985,112.40720063,1924453.0
2024-12-06,114.35640096,117.857005633,119.120007887,113.869100878,3466793.0
2024-12-09,118.453699612,118.901220095,121.939386935,117.051468762,2829053.0
2024-12-10,120.482459138,116.385160486,120.482459138,115.49499252,2358874.0
2024-12-11,118.125517923,119.537693672,120.691302031,117.260311655,2361063.0
2024-12-12,118.692377203,120.283561145,120.895172473,117.140972859,2256761.0
2024-12-13,122.242706374,122.541053364,123.73444132,121.138822514,3953933.0
2024-12-16,127.215156194,128.766560538,129.482593312,124.341080198,3368933.0
2024-12-17,128.309095155,127.304660291,129.562152509,126.031713137,2285754.0
2024-12-18,129.224025922,123.088022844,132.605291799,122.262596174,3467965.0
2024-12-19,127.185321495,124.500198593,129.383144316,124.042733209,3295178.0
2024-12-20,123.923394414,125.256010965,128.328984954,122.779730955,7149833.0
2024-12-23,125.39026711,127.762125675,128.15992166,125.077002772,2080754.0
2024-12-24,128.209646158,129.243915721,129.449277899,127.692511377,716893.0
2024-12-26,128.925678932,130.119066889,131.153336452,128.179811459,1397969.0
2024-12-27,128.905789133,127.831739972,129.323474918,126.911836755,1640243.0
2024-12-30,125.275900765,126.001878438,127.553282782,123.983063811,1893806.0
2024-12-31,126.111272334,125.226176266,127.404109288,124.559867991,1283439.0
2025-01-02,126.061547836,125.862649843,127.737263425,125.037223173,1756866.0
2025-01-03,126.300225428,129.880389298,130.666036369,125.514578356,2130796.0
2025-01-06,134.78819727,139.22859496,139.884958336,134.564437028,3888483.0
2025-01-07,140.491597214,138.055096802,143.36567321,136.623031254,3228463.0
2025-01-08,137.140166035,136.394298562,137.83133656,133.868294054,2178440.0
2025-01-10,135.539037193,133.430718469,135.539037193,131.670471233,1928769.0
2025-01-13,130.735650667,132.485953004,132.90940683,128.905888582,1304539.0
2025-01-14,133.500332767,133.440663369,134.93985699,131.541187538,1300071.0
2025-01-15,135.489312695,134.186530842,136.901488444,133.947853251,1871202.0
2025-01-16,136.662810852,136.811984347,138.989917368,134.823004419,1981428.0
2025-01-17,139.22859496,137.637411017,139.22859496,136.951212942,2253855.0
2025-01-21,134.25614514,131.571022237,134.753390122,129.462703513,4083280.0
2025-01-22,132.068267219,134.057247147,135.489312695,131.660526333,2262475.0
2025-01-23,131.352234445,131.103611954,131.881502003,129.124576925,2214253.0
2025-01-24,131.272675248,129.204136122,131.593099914,128.557717646,2254014.0
2025-01-27,123.875658895,119.60730797,124.699096585,117.498889797,5280377.0
2025-01-28,119.845985561,121.273078659,122.486356416,117.896785232,2888662.0
2025-01-29,122.222816575,121.377500106,122.824483003,120.273616246,2747405.0
2025-01-30,101.437976328,114.445905057,116.812791171,100.214753672,8838867.0
2025-01-31,113.163013003,115.151992931,118.234911819,110.547504398,3707295.0
2025-02-03,111.959680147,110.4778901,112.496704727,109.065714351,3401599.0
2025-02-04,110.875686086,111.054694279,111.8652036,109.423730738,3055497.0
2025-02-05,110.159653312,111.989514846,112.755272118,109.920677373,2845327.0
2025-02-06,112.258027136,113.441470193,113.491194691,111.074584079,2233417.0
2025-02-07,113.451415093,112.606098623,113.978494774,110.885630986,1938343.0
2025-02-10,114.177392766,113.431525293,114.426015257,112.208302638,1549820.0
2025-02-11,112.40720063,112.098908742,114.08291622,111.641443358,1697347.0
2025-02-12,109.175108247,110.925410584,111.31326167,108.797202061,1592583.0
2025-02-13,111.154143276,112.218247537,112.586208824,110.557449297,1755411.0
2025-02-14,111.760295265,112.745888463,113.134152449,111.571141015,1838594.0
2025-02-18,114.149612107,114.567742554,115.443825396,113.059486298,2607601.0
2025-02-19,114.089879186,115.384092475,116.080976554,113.92063591,1583623.0
2025-02-20,115.647912876,118.022296488,118.231361711,115.543380265,2424251.0
2025-02-21,118.803802205,115.394047962,120.098015494,114.119745646,2493971.0
2025-02-24,115.603113186,113.074419528,115.971466199,112.277980581,2249077.0
2025-02-25,113.582149357,110.854345963,113.990324318,110.466081976,2292542.0
2025-02-26,112.497001292,114.29894441,116.22035337,111.849894647,3419460.0
2025-02-27,115.035650436,108.325652306,115.901777791,108.246008411,3028397.0
2025-02-28,108.903070542,109.370978424,110.859323706,106.941839635,2831605.0
2025-03-03,110.466081976,105.309139793,111.192832515,104.457447894,3731222.0
2025-03-04,105.657581832,106.752685385,109.171868687,102.760535162,3543707.0
2025-03-05,107.519257872,109.719420463,110.197283831,106.175267148,2388775.0
2025-03-06,106.493842727,104.920875806,109.180430406,104.662033148,3451700.0
2025-03-07,105.667537319,108.056854161,108.354124998,103.886301614,2402810.0
2025-03-10,105.478383069,104.502745359,105.577937938,101.979029445,3060522.0
2025-03-11,91.480968572,86.682423915,93.949929309,82.610629798,12239385.0
2025-03-12,88.628721593,86.35389285,88.638677079,85.836207534,7114344.0
2025-03-13,85.836207534,84.950169205,87.274775382,83.556401048,4470493.0
2025-03-14,85.557453902,86.35389285,86.523136126,83.636044942,5429146.0
2025-03-17,86.76206781,89.768624836,90.455553428,86.76206781,3563205.0
2025-03-18,88.325079244,88.474411547,89.259899458,87.448996402,3674772.0
2025-03-19,88.295212783,88.11601402,90.057333954,87.070687902,2919663.0
2025-03-20,87.239931178,87.787482955,88.972185889,87.185176001,2471233.0
2025-03-21,86.20256945,87.120465336,87.996548178,84.980035666,5930707.0
2025-03-24,89.360449875,90.594930244,90.803995467,89.176273369,3206799.0
2025-03-25,89.843290987,89.549604125,90.883639362,89.071740757,1942291.0
2025-03-26,89.231028546,87.618239678,89.932890369,86.931311086,2200922.0
2025-03-27,86.791934271,85.298611245,87.54855127,84.865547567,2161473.0
2025-03-28,85.388210626,82.411520061,85.905895942,82.102899969,2363955.0
2025-03-31,80.99784093,82.232321298,82.630540772,79.245675246,2825429.0
2025-04-01,81.515526245,82.242276785,82.401564574,80.111802601,3045941.0
2025-04-02,81.386104917,83.247780956,84.510833571,80.738998272,1732909.0
2025-04-03,78.339725943,74.755750681,79.375096575,74.058866602,5073857.0
2025-04-04,70.783511432,68.414105564,72.107591182,66.82122767,6747395.0
2025-04-07,67.159714222,72.545632603,75.811032286,65.477236946,7338862.0
2025-04-08,75.243569536,67.657488564,75.811131841,66.09447713,5071699.0
2025-04-09,69.091078669,79.086387456,80.042114193,67.82673184,8851125.0
2025-04-10,74.845350063,71.968214366,76.077938888,69.967161511,6480598.0
2025-04-11,72.107591182,73.322160576,73.969267221,70.186182222,3690319.0
2025-04-14,75.233614049,73.5312258,75.681610957,71.958258879,3946868.0
2025-04-15,73.75024651,73.730335537,75.027336362,73.361982523,2228201.0
2025-04-16,70.415158419,70.843244353,72.321634149,68.155262906,4925959.0
2025-04-17,70.982621169,70.932843735,71.470440024,70.176226735,3056579.0
2025-04-21,69.101034156,69.49925363,70.206093195,67.936242196,3268367.0
2025-04-22,70.425113906,70.972665682,71.729282682,70.09658284,3250111.0
2025-04-23,74.735839707,72.854252695,75.572100602,72.704920392,3431242.0
2025-04-24,74.427219615,76.955913273,77.244622391,74.09868855,3576795.0
2025-04-25,75.751299365,76.77671451,77.354132746,73.172828274,2588648.0
2025-04-28,76.119652378,76.488005391,78.289948509,75.004637852,4841578.0
2025-04-29,74.705973247,74.556640944,76.308806628,72.436122247,4966583.0
2025-04-30,73.352027037,73.879667839,74.138510497,70.952754708,4360240.0
2025-05-01,74.825439089,73.451581905,75.363035378,73.302249602,3041504.0
2025-05-02,75.353079891,75.542234141,76.756803536,75.10419272,2526928.0
2025-05-05,75.124103694,75.10419272,76.03503074,74.934949444,2485127.0
2025-05-06,74.019044655,73.740291023,74.69601776,73.411759958,2203635.0
2025-05-07,73.740291023,74.755750681,75.144014668,72.784564287,3310635.0
2025-05-08,75.870765207,76.497960878,77.677686069,75.26348051,2713675.0
2025-05-09,76.916091325,77.075379115,78.025928998,76.368539549,2353885.0
2025-05-12,82.700229179,82.690273693,83.397113258,81.286550048,4715326.0
2025-05-13,82.640496258,84.522083271,85.24883381,82.580763337,2817706.0
2025-05-14,84.681371061,83.8948876,85.462876777,83.173114804,2310964.0
2025-05-15,82.879427943,82.620585285,83.407068745,81.97347864,2959014.0
2025-05-16,82.501119443,82.361742627,82.501119443,81.386104917,2183382.0
2025-05-19,80.201401983,81.107351285,81.625036601,80.08193614,1840746.0
2025-05-20,80.629487917,81.057573851,81.097395798,80.24122393,1615047.0
2025-05-21,80.071980654,78.628435062,81.545392706,78.409414351,2329306.0
2025-05-22,78.653361612,78.259521493,79.266555723,77.990314322,1987977.0
2025-05-23,76.469792341,76.753955466,77.232545991,75.766862508,1813539.0
2025-05-27,78.827847741,81.499978173,82.148069509,78.149844497,3697390.0
2025-05-28,81.759214708,80.014353418,82.22883166,79.675351796,2711154.0
2025-05-29,81.769185343,80.742209842,82.168010781,80.014353418,1803188.0
2025-05-30,79.944558966,78.369198488,80.054235962,76.793838009,3849259.0
2025-06-02,77.770960332,79.256585087,79.725204976,77.551606341,2452993.0
2025-06-03,79.246614451,81.210829731,81.400271814,78.179756405,2151255.0
2025-06-04,82.063319104,81.819038523,82.920793795,81.116108689,2471952.0
2025-06-05,82.467129859,81.499978173,83.434281545,80.831945565,2346194.0
2025-06-06,83.05539738,84.979730116,85.518144457,82.656571942,3122739.0
2025-06-09,85.857146079,86.545119959,87.741596272,85.857146079,3667865.0
2025-06-10,87.083534299,88.439540787,88.62898287,86.515208051,3161811.0
2025-06-11,88.878248769,86.535149323,89.31695675,85.503288209,2522224.0
2025-06-12,85.647762724,85.65773336,86.315795332,85.194098789,2064913.0
2025-06-13,83.553929177,82.836043389,84.744123989,82.756278302,2736895.0
2025-06-16,84.301726872,87.422535921,88.289981248,83.872989527,4007745.0
2025-06-17,86.565061231,86.176206429,87.9160824,85.757439719,2998675.0
2025-06-18,86.385589784,86.006705618,86.899077535,85.169172199,3291202.0
2025-06-20,87.213152567,86.036617526,87.572095461,83.992736864,6559905.0
2025-06-23,85.877087351,87.103475571,88.090568529,85.328702374,3744065.0
2025-06-24,89.616075828,90.124578261,90.633080694,88.828395589,5908422.0
2025-06-25,90.393785432,89.935136178,90.700482193,88.474438013,3646112.0
2025-06-26,90.782640233,90.782640233,91.470614113,89.765635367,2923248.0
2025-06-27,90.782640233,90.084695717,91.430731569,89.007867036,5979686.0
2025-06-30,90.518418381,89.655958372,90.518418381,89.396721838,1932610.0
2025-07-01,89.257132934,91.65008556,92.38791262,88.938072584,3786567.0
2025-07-02,92.108734813,93.903449282,94.540572919,91.979116546,4544425.0
2025-07-03,94.925439466,92.786738057,94.925439466,91.889380823,2188783.0
2025-07-07,92.367971348,90.32399098,93.085857135,89.970033404,3151770.0
2025-07-08,90.942170408,91.949204638,93.524565117,90.533374335,2936183.0
2025-07-09,91.799645099,92.507560251,93.235416674,90.842464049,2058752.0
2025-07-10,95.070013687,98.33041164,98.928649796,93.929472642,7293078.0
2025-07-11,97.348304,96.765021797,97.712232212,95.688193116,3750826.0
2025-07-14,96.725139253,94.94039542,96.765021797,93.315181762,3605142.0
2025-07-15,96.321328498,92.756826149,97.806953253,92.70697297,3654214.0
2025-07-16,92.218411809,91.709909376,92.457707071,88.339834428,3866284.0
2025-07-17,90.134548897,92.527501523,93.045974592,90.044813174,2823224.0
2025-07-18,93.175592859,93.644212748,93.833654831,92.023984408,2524410.0
2025-07-21,95.493765715,94.541569983,96.964434516,94.511658075,2802053.0
2025-07-22,94.053008822,93.424858757,95.25945577,91.990483071,2641089.0
2025-07-23,94.431892987,92.756826149,94.431892987,91.515481975,2736141.0
2025-07-24,92.009028454,91.06181804,92.358000712,89.805517911,3521649.0
2025-07-25,91.131612491,89.885282999,91.500526021,89.386751202,3100380.0
2025-07-28,91.30609862,90.872375957,92.168558629,90.523403699,3688413.0
2025-07-29,91.340995846,90.284108436,92.098764177,88.918131312,6754466.0
2025-07-30,105.419533793,107.333895894,110.170541819,102.179077113,19844252.0
2025-07-31,108.181399949,107.114541903,113.096923467,106.775540281,9399893.0
2025-08-01,104.068512623,103.854143951,105.489328245,102.114267979,4812509.0
2025-08-04,104.736545231,105.409563157,105.539181424,102.697550182,3635865.0
2025-08-05,105.848271139,106.616010106,107.842398327,104.242998752,7233609.0
2025-08-06,105.987860042,104.572029738,106.785510917,103.026581168,3358056.0
2025-08-07,106.720701783,106.147390217,107.842398327,104.940943268,2966300.0
2025-08-08,105.938006862,107.154424447,108.071722953,104.69167737,3185652.0
2025-08-11,107.254130806,104.372617019,108.699873017,104.27291066,3042766.0
2025-08-12,105.688740964,111.302208998,111.581386804,104.582000374,4248314.0
2025-08-13,112.050006693,113.675220351,113.979324748,110.325086676,5224068.0
2025-08-14,112.169654325,111.491651081,113.407807896,110.260277542,2430956.0
2025-08-15,111.32215027,109.098698455,111.32215027,109.048845275,3238494.0
2025-08-18,109.67699534,110.085791413,110.772668523,109.198404814,1980350.0
2025-08-19,110.045908869,110.295174768,112.344140453,109.178463543,3170991.0
2025-08-20,109.716877883,109.198404814,110.863501016,105.987860042,3571417.0
2025-08-21,108.011899138,108.979050824,109.667024704,107.503396705,2138381.0
2025-08-22,109.328023082,114.961432388,116.825941308,109.298111174,4134266.0
2025-08-25,114.647357356,116.726234949,117.324473105,114.163781513,3570468.0
2025-08-26,116.357321419,118.256727566,119.468159833,116.357321419,3563866.0
2025-08-27,118.361419243,116.646469862,118.361419243,116.616557954,3291300.0
2025-08-28,116.786058765,117.543827096,118.381360515,116.656440498,2760693.0
2025-08-29,119.079305031,117.892799354,119.837073362,117.085177843,4107764.0
2025-09-02,115.848818986,120.255840072,120.684577417,114.163881219,3627229.0
2025-09-03,120.415370247,119.27871775,121.761406099,118.037373575,3212759.0
2025-09-04,117.503944552,119.039422487,119.667572551,115.659376904,3137147.0
2025-09-05,119.827895325,119.967624672,123.201360977,119.13922926,3531827.0
2025-09-08,119.972615006,118.670137882,121.025575438,117.362670425,3738194.0
2025-09-09,118.769944559,114.847542188,119.76801132,114.428354148,4724469.0
2025-09-10,114.657909503,117.592225781,117.891645809,112.891331336,4412422.0
2025-09-11,117.592225781,115.336594901,118.550369871,114.208779461,4024080.0
2025-09-12,114.777677515,112.023013254,114.957329531,109.348194335,5904241.0
2025-09-15,112.032993922,113.849475427,114.069050114,110.695584462,3241587.0
2025-09-16,114.079030782,113.70974608,115.386498239,113.170790029,2871319.0
2025-09-17,113.530094063,114.098992117,116.114787554,112.591911308,2569331.0
2025-09-18,117.55230311,118.590292542,119.298919942,114.867503523,4876830.0
2025-09-19,119.268977939,119.618301305,120.366851376,117.312767087,9576511.0
2025-09-22,126.210532262,134.918664751,135.21808478,125.776273414,7137440.0
2025-09-23,135.737079496,134.419631371,137.97274904,132.922531229,4341182.0
2025-09-24,134.254950355,132.952473232,134.40975051,130.776687693,3688684.0
2025-09-25,131.106049724,132.613130534,132.892589227,128.336414463,2655264.0
2025-09-26,131.744812452,135.04841343,135.67719549,131.140982061,3276343.0
2025-09-29,136.8449336,134.070308005,137.01460495,133.294211291,2854181.0
2025-09-30,133.73595564,137.373908984,137.862961696,132.742879213,3013979.0
2025-10-01,135.657234155,140.847181312,141.266369351,135.527485476,3177077.0
2025-10-02,144.619873668,144.245598633,145.069003711,141.446021368,3307373.0
2025-10-03,146.186838483,145.358443072,149.171058099,144.540028328,2798266.0
2025-10-06,147.614073951,147.584131949,150.41864155,147.015233895,3706244.0
2025-10-07,148.781812062,139.869075886,149.99945351,139.529733187,3689417.0
2025-10-08,140.278283258,144.32045364,144.598415233,139.928959892,2601421.0
2025-10-09,144.32045364,144.909313029,145.188771722,141.525866709,2039693.0
2025-10-10,145.518133753,131.824657792,147.713880628,131.495295761,5757148.0
2025-10-13,138.43185975,138.861028457,139.639520531,136.335919552,3345101.0
2025-10-14,135.357814126,136.705204254,138.631473102,134.739012735,3043160.0
2025-10-15,139.918979224,140.757355303,141.136620673,137.423812322,2373729.0
2025-10-16,141.725480062,139.030699807,142.783430828,137.902884367,1783498.0
2025-10-17,136.795030262,137.892903699,139.444897513,136.515571569,1924291.0
2025-10-20,140.567722619,138.920912463,141.186524011,138.451821085,2346055.0
2025-10-21,138.631473102,143.052908854,144.045985281,138.531666426,2180177.0
2025-10-22,141.256388684,138.571589097,142.503972135,135.567408146,3918033.0
2025-10-23,138.302111071,144.759603015,145.834620723,137.733213018,2813802.0
2025-10-24,147.274731253,144.001072277,148.711947389,143.791478257,2079994.0
2025-10-27,147.813687304,147.214847247,149.78985949,146.416393838,3940935.0
2025-10-28,146.765717205,144.100878953,147.334615258,143.831400927,5016831.0
2025-10-29,169.681330037,173.603732408,176.897352719,161.846505963,12203768.0
2025-10-30,172.416032962,176.538048685,178.863544238,171.368062863,5268410.0
2025-10-31,179.65201698,181.408614479,185.550591537,177.655883458,4540022.0
2025-11-03,182.436623243,182.716081936,184.216475698,179.841649664,3309866.0
2025-11-04,175.919247293,175.310426569,181.966334185,174.761489851,3216474.0
2025-11-05,176.707720035,187.227343695,188.574733823,176.158783316,4135349.0
2025-11-06,187.387034377,184.66231212,191.192762744,182.496507248,4504181.0
2025-11-07,180.19097303,181.927609195,182.147084075,174.51197316,3627381.0
2025-11-10,188.010826103,183.724129364,188.385101138,180.320721709,2954830.0
2025-11-11,183.005521296,176.887372052,183.005521296,175.310426569,2928753.0
2025-11-12,179.851630332,178.923428244,180.919561766,176.847449381,2365827.0
2025-11-13,175.889305291,169.262141997,176.657816697,167.275989143,4473191.0
2025-11-14,163.603103463,169.641407367,173.473983729,162.884495395,3208315.0
2025-11-17,168.144307225,167.116298461,173.044815022,164.172001516,3517697.0
2025-11-18,165.190029613,163.40349011,166.99653045,162.684882043,2803857.0
2025-11-19,164.261827525,167.904771203,170.070576074,162.44534602,2726226.0
2025-11-20,171.946941585,155.598608039,173.493945064,154.4110084,5142703.0
2025-11-21,155.029709986,158.60278899,160.309483151,151.227075626,3871582.0
2025-11-24,159.81136256,165.774324025,167.412390491,159.311952052,5139875.0
2025-11-25,165.135078575,167.472319752,167.886830474,160.170938125,2833722.0
2025-11-26,169.420020733,179.16851385,180.676733584,168.61097571,3744931.0
2025-11-28,179.488136575,181.6755546,181.950230379,179.248419531,1877111.0
2025-12-01,178.953767331,179.418219104,182.654399195,177.830093688,2765810.0
2025-12-02,186.120308121,189.716063779,191.254248143,185.67493383,3721699.0
2025-12-03,191.294200984,194.850003801,195.968683339,188.777172024,3339579.0
2025-12-04,192.772456088,198.395818408,200.613201063,192.772456088,4260661.0
2025-12-05,199.7642032,200.533295382,202.880524769,198.805335024,2656318.0
2025-12-08,202.820595508,202.750678037,204.75830828,201.237464198,2099953.0
2025-12-09,199.963967403,199.734238569,201.64198671,197.766561168,1871446.0
2025-12-10,199.544462576,203.769475474,204.458661975,198.592586148,2057565.0
2025-12-11,200.902859158,203.729522633,203.789451894,195.749042597,2507068.0
2025-12-12,201.07265873,193.142019863,202.051403444,191.623911801,4163304.0
2025-12-15,199.674309308,194.470451815,200.253625497,193.321807646,3223282.0
2025-12-16,194.17080551,192.063293166,195.149650106,188.917006966,3711556.0
2025-12-17,193.771277104,184.991640373,194.340605083,181.945236274,3577489.0
2025-12-18,192.27304558,190.225462497,194.850003801,189.046853698,2754670.0
2025-12-19,191.713705811,194.949885902,196.258341433,191.284212774,7880486.0
2025-12-22,200.807971161,196.987480775,201.761845232,196.67784626,2756506.0
2025-12-23,195.908754078,198.265971676,199.085004909,195.37987835,1344860.0
2025-12-24,198.265971676,198.295936306,199.394639424,197.057398246,713097.0
2025-12-26,199.015087438,198.665500082,199.234828061,196.498058477,1247769.0
2025-12-29,196.478082057,197.127315717,198.855276075,195.364396624,1717971.0
2025-12-30,197.776549378,196.438129216,197.966325371,194.77009812,1989405.0
2025-12-31,197.536832334,193.331795856,198.066207472,193.171984494,1193949.0
2026-01-02,199.055040278,207.31529008,208.56381635,199.025075648,3224130.0
2026-01-05,211.600232239,219.241213012,221.738265552,211.550291188,4271645.0
2026-01-06,220.689503485,228.570201301,229.389234534,219.364467525,3377856.0
2026-01-07,225.344009419,222.217699639,226.496648872,219.051437018,2518427.0
2026-01-08,221.138972942,216.05497397,221.138972942,212.384306737,3141832.0
2026-01-09,215.485645991,217.003853936,219.16130733,215.40574031,2569850.0
2026-01-12,217.683052227,224.095483149,225.943302029,216.324655645,2448087.0
2026-01-13,224.095483149,228.999694338,230.048456405,224.095483149,2313946.0
2026-01-14,227.23178114,229.918609673,230.857501428,224.345188403,2423479.0
2026-01-15,235.881571138,227.431545343,238.638317142,227.211804719,3459779.0
2026-01-16,229.369258114,227.876020695,231.816369603,225.378968155,2298165.0
2026-01-20,220.160128346,223.715931163,228.799930135,220.060246245,2627835.0
2026-01-21,228.919788657,231.6166054,234.563127397,225.443891521,3005912.0
2026-01-22,237.517639962,228.869847606,237.719401808,226.03319592,2807325.0
2026-01-23,228.210625735,228.909800446,229.928597883,223.895718946,1830519.0
2026-01-26,228.909800446,231.476770458,234.802844441,226.747352947,2084440.0
2026-01-27,236.470875538,238.658293563,239.742014365,235.142443586,2805183.0
2026-01-28,243.272846656,250.184688087,250.853898168,240.725853066,3909319.0
2026-01-29,251.093615212,251.573049299,253.310997867,239.417397535,2695101.0
2026-01-30,248.087163954,240.765805906,254.899123283,238.51845862,3704527.0
2026-02-02,240.765805906,249.235808122,254.379736354,240.38625392,6576487.0
2026-02-03,257.850639385,282.646371107,285.662810576,246.509026748,11794991.0
2026-02-04,283.375510449,268.752770775,295.151610228,262.889791293,7187398.0
2026-02-05,265.401726266,270.810342068,281.038269271,261.970776076,3896577.0
2026-02-06,281.337915576,299.756175111,301.024577919,280.668705496,5021074.0
2026-02-09,297.428922144,309.64450317,316.166804404,296.150431244,5345141.0
2026-02-10,309.63451496,304.530539568,311.492322049,299.127017753,2930488.0
2026-02-11,312.061650028,321.071015593,324.906488294,310.543442084,3651417.0
2026-02-12,324.31218979,310.663300606,327.603205155,307.252326836,5023388.0
2026-02-13,308.340070743,314.420438014,317.927665801,302.259703473,2600566.0
2026-02-17,306.01684085,305.297389011,315.749425437,300.171294665,2383250.0
2026-02-18,306.686330754,314.5803162,321.535017301,304.413062794,2753669.0
2026-02-19,310.98305701,315.659493957,317.987720044,308.744762402,1826675.0
2026-02-20,318.837072909,324.60268,326.751043128,316.029212263,2603525.0
2026-02-23,319.046913028,318.257514484,323.25360788,310.213743162,2567995.0
2026-02-24,322.774073245,328.839451935,332.166816763,316.349068559,2271334.0
2026-02-25,332.616574085,342.558998792,343.42833643,330.438233798,3102702.0
2026-02-26,343.538252683,332.446703512,344.652403793,328.249901124,4915347.0
2026-02-27,323.753327136,319.786349639,324.7525658,309.76398584,4426343.0
2026-03-02,310.263605172,325.581933891,325.681857757,309.833632774,2488697.0
2026-03-03,308.270124037,303.988386362,310.77321689,295.155116572,3698536.0
2026-03-04,311.232866676,304.967640252,314.759179921,300.211264212,3358859.0
2026-03-05,299.571751467,305.347350945,310.117416555,291.657781248,3937757.0
2026-03-06,292.916821964,272.842117205,294.835360199,268.925101642,5896893.0
2026-03-09,265.197941425,296.214309556,296.214309556,262.819753405,6533713.0
2026-03-10,294.71545156,300.541012971,309.55414572,294.71545156,2829514.0
2026-03-11,300.79581883,301.760084141,312.381991139,299.301957027,2588323.0
2026-03-12,295.275025212,286.391793489,296.02445421,283.424054656,2956419.0
2026-03-13,289.77921256,286.201938142,295.319990951,284.348350421,2166122.0
2026-03-16,295.734674997,298.042916311,304.76779252,294.435664734,2448426.0
2026-03-17,296.773883208,299.172056001,299.44185044,288.23039263,2481822.0
2026-03-18,302.959170538,299.841545906,307.565660779,296.274263876,2653432.0
2026-03-19,285.67234165,302.169771993,304.018363522,283.244191697,2808149.0
2026-03-20,301.860008007,290.608580651,302.768315953,284.643125827,4996163.0
2026-03-23,300.78083025,303.688614762,314.250567441,299.781591586,4243465.0
2026-03-24,299.7715992,319.896265892,327.170723366,297.773121872,3207679.0
2026-03-25,324.742573413,323.113814391,325.561949117,313.24133639,3077080.0
2026-03-26,314.740194386,297.113624353,314.740194386,296.444134448,3017610.0
2026-03-27,293.176624017,295.384941465,302.1647758,292.956791511,2164187.0
2026-03-30,300.770837864,276.139604796,300.770837864,272.862101978,3130127.0
2026-03-31,278.088120191,296.234294329,297.163586286,277.718401885,3353951.0
2026-04-01,301.740099368,311.9623109,316.568801141,300.071370799,2961781.0
2026-04-02,289.781211037,309.374282761,313.251228853,289.781211037,2744904.0
2026-04-06,311.877375614,315.189851785,315.609532024,305.697084477,1762867.0
2026-04-07,314.180620734,320.236007038,320.615717731,309.354297987,1894766.0
2026-04-08,343.763081382,358.017220924,358.41691639,339.74114576,5814070.0
2026-04-09,359.72591904,363.932713815,369.35857976,356.95802794,4484293.0
2026-04-10,370.677574797,367.709835965,372.716021672,365.221831615,3113436.0
2026-04-13,365.661396704,369.848206706,370.137985918,361.744481065,2434742.0
2026-04-14,366.290917062,365.231724078,369.71830568,362.2240157,2639879.0
2026-04-15,362.723635032,364.682142813,367.909683698,351.688742693,2366593.0
2026-04-16,365.461548971,365.64141193,369.018838615,357.917297058,1818554.0
2026-04-17,375.453935611,380.090403012,381.179573156,370.81746821,2423171.0
2026-04-20,382.418629099,374.924339119,384.671912286,372.716021672,1819396.0
2026-04-21,378.866335648,379.640745613,387.150024173,375.643790957,1833897.0
2026-04-22,388.598920236,384.886748599,390.502469891,376.063471196,2223184.0
2026-04-23,389.443276907,400.684711877,404.521788347,389.073558601,2476248.0
2026-04-24,408.518743003,417.761700645,421.788632461,400.8346976,3234607.0
2026-04-27,421.119142556,401.693942928,421.119142556,389.003611895,4027190.0
2026-04-28,388.703840296,379.840593346,396.035354297,374.394742627,4596243.0
2026-04-29,314.295533181,306.096779943,334.74495244,301.630482886,13070529.0
2026-04-30,326.751043128,343.208503924,353.27083727,326.476252495,7836330.0
2026-05-01,343.14355341,345.157019318,353.730487056,336.393696235,2876762.0
2026-05-04,344.157780654,337.18309478,349.548673247,336.503612488,3099974.0
2026-05-05,345.326889891,356.828126914,365.85125205,344.77740855,3565702.0
2026-05-06,368.22944007,382.188804206,382.708408312,364.51227224,3836180.0
2026-05-07,378.25180387,353.840403309,378.711453656,345.296912731,5001462.0
2026-05-08,366.720589688,359.496094147,367.589927325,353.970304335,3485988.0
2026-05-11,355.369238464,366.360863768,367.19023186,353.982794818,4427876.0
2026-05-12,356.338499969,358.17709911,359.556048467,339.990955426,5646006.0
2026-05-13,366.031115009,363.103345724,366.620665821,349.753517173,3628659.0
2026-05-14,361.724396368,356.278545649,364.72211236,353.320799203,2352513.0
2026-05-15,339.311473134,337.622759792,346.326128555,335.064708812,4251855.0
2026-05-18,337.622759792,320.805573077,341.779592634,315.429669064,4670074.0
2026-05-19,313.880849135,321.275215249,324.962405919,309.174435028,3489041.0
2026-05-20,327.605392185,344.077841561,344.207742588,324.232961694,3387458.0
2026-05-21,345.237396569,353.304298125,359.331982931,343.198179819,3586997.0
2026-05-22,354.86369917,358.302378395,360.201648898,352.27469359,2712336.0
2026-05-26,371.487314148,388.990591253,390.200126678,367.478853771,4010463.0
2026-05-27,401.975603795,375.685701574,406.493868359,364.904842432,3280944.0
2026-05-28,381.413501564,382.503083063,386.151581698,364.68992498,2762812.0
2026-05-29,385.012119358,374.166285172,386.821424416,367.958669477,4130952.0
2026-06-01,366.369279951,369.328143471,376.555367541,360.001725687,2523394.0
2026-06-02,370.627644341,392.469255121,392.749147616,365.639560232,3413120.0
2026-06-03,396.847573438,409.512708842,420.438512312,393.448978816,3254623.0
2026-06-04,396.277792287,406.70378773,413.711096268,387.940994396,4214048.0
2026-06-05,389.390437675,357.792574208,392.769139937,353.994033203,5471125.0
2026-06-08,377.694929843,374.546139273,380.019037168,368.268550454,2940905.0
2026-06-09,386.449567244,369.068243297,395.498091765,340.209427779,4262084.0
2026-06-10,360.126677694,347.456544209,374.67608936,345.472306342,3745762.0
2026-06-11,358.412336161,381.253562995,381.393509243,356.463084856,5027374.0
2026-06-12,381.793355664,403.045192972,407.843350032,379.85410052,3326868.0
2026-06-15,426.286266228,432.24397791,437.601919959,422.867579323,4557953.0
2026-06-16,432.084039341,409.192831704,436.082503557,409.062881617,3977807.0
2026-06-17,429.065198858,408.403135022,440.580675838,408.083257884,3527602.0
2026-06-18,421.663041978,437.751862367,439.331255733,421.663041978,17958153.0
2026-06-22,455.959868791,456.824536678,459.010696988,439.441213498,4338542.0
2026-06-23,410.012516869,419.958696606,428.505313906,408.613054393,7671714.0
2026-06-24,422.902565885,427.035978268,432.833751382,413.611234625,3256557.0
2026-06-25,453.825688516,471.778792845,472.188635427,426.926020502,7039167.0
2026-06-26,453.565788341,436.69226935,456.059830396,422.907563965,11486352.0
2026-06-29,440.450825713,463.032152373,468.924889011,414.770689286,5089147.0
2026-06-30,467.320505245,483.654231567,487.722668907,459.82338484,5022378.0
2026-07-01,460.823000894,427.175924516,463.481979597,424.946780715,5465808.0
2026-07-02,427.240899559,368.94828937,429.575003045,361.871007708,5938035.0
2026-07-06,386.431574155,379.374284814,399.646498389,377.025187087,3447046.0
2026-07-07,353.919061998,342.978264287,360.911376296,328.153958207,6405402.0
2026-07-08,342.858310361,351.435016104,354.13397945,334.931355053,3194193.0
2026-07-09,379.094392318,362.610723588,384.85218079,360.521526035,3708104.0
2026-07-10,353.324290446,359.461933018,362.410800377,344.837550148,1571877.0
2026-07-13,344.86753863,340.979032179,348.456160263,334.221627654,3104954.0
2026-07-14,363.430408752,353.094378754,364.85985971,347.026709306,2111242.0
2026-07-15,356.16320004,341.988644394,357.862547332,325.015163797,3182562.0
2026-07-16,332.1074397,322.176254204,335.261228351,317.618004997,3623881.0
2026-07-17,305.767556677,322.231233087,330.548038656,296.707036764,3518674.0
2026-07-20,335.086295541,333.631854183,351.095146646,331.147808288,2940456.0
2026-07-21,360.861295532,373.896388838,379.039413435,355.873311384,3997936.0
2026-07-22,362.510761983,369.31814731,376.225494243,360.661472283,2143025.0
2026-07-23,362.83063912,373.606500182,378.349678358,362.530754304,2092387.0
2026-07-24,364.85985971,349.785649615,371.217417813,345.332360095,2945193.0
2026-07-27,349.795645776,334.641466397,355.113603183,319.477290858,4149279.0
2026-07-28,319.217390684,320.526887715,323.835616853,300.884432254,5795508.0
2026-07-29,367.753748186,319.287363808,372.08708378,319.067448276,9221739.0
2026-07-30,347.766425186,365.349671576,368.858323926,344.367730603,7313845.0
2026-07-31,382.842952521,367.548826895,391.849493168,362.095321551,3771504.0
2026-08-03,359.781810155,365.659552553,370.257786401,349.175983784,2698676.0
2026-08-04,388.460794744,403.405054752,409.562689644,382.722998594,4144088.0
2026-08-05,402.315473253,389.240495267,409.242812507,385.931766128,3183616.0
2026-08-06,381.863328788,384.742223024,396.437730855,369.85793998,2629616.0
2026-08-07,397.44734307,379.164365442,397.44734307,372.656864931,3737946.0
2026-08-10,386.509544207,364.959821315,386.851412898,364.12014383,2377231.0
2026-08-11,373.646484824,379.414269456,387.66100194,371.057479244,1810680.0
2026-08-12,396.347765411,402.585369587,408.388140781,393.010947061,2957077.0
2026-08-13,399.246651967,410.362382488,422.157851925,397.847189492,1880297.0
2026-08-14,410.352386327,418.629207254,418.839126626,398.267028234,1842643.0
2026-08-17,424.83682295,442.969858169,443.999462705,420.058758173,3107360.0
2026-08-18,418.984070953,404.134774471,424.596915097,392.029424057,4293754.0
2026-08-19,405.029430839,379.504234901,405.029430839,373.866400356,2765150.0
2026-08-20,377.195121816,383.00289109,385.78182372,372.756826536,1995949.0
2026-08-21,381.653409417,375.595736129,385.41696386,364.86985587,1910901.0
2026-08-24,359.981733366,364.759898104,367.678776982,348.876098968,2663294.0
2026-08-25,374.136296691,366.289310667,378.599582372,360.511529875,1680018.0
2026-08-26,366.029410493,362.960589207,366.374278031,356.892919759,2225067.0
2026-08-27,370.05786319,371.917149051,372.536911004,360.301610503,2447395.0
2026-08-28,368.398500541,354.833710688,370.43891683,353.114371075,2400963.0
2026-08-31,357.222793057,349.69568417,361.687078354,347.676459741,1904598.0
2026-09-01,341.16895923,335.331201474,342.173573364,327.974027317,2586783.0
2026-09-02,333.881758196,341.488836367,346.866770738,329.993251746,1817055.0
2026-09-03,332.734198966,338.459999723,341.478840206,325.874833604,1692777.0
2026-09-04,345.89,357.03,359.0,342.29,2247433.0
2026-09-08,365.03,372.06,377.76,364.42,2791345.0
2026-09-09,368.482,383.69,384.45,368.482,2286055.0
2026-09-10,372.205,370.19,374.9999,365.82,2312767.0
2026-09-11,380.37,379.72,385.68,374.38,2394327.0
