time_key,open,close,high,low,volume
2018-01-02,191.872370191,191.9939073,193.113784947,190.98688554,3484974.0
2018-01-03,192.393243515,194.00795082,194.294431148,191.438309087,2417588.0
2018-01-04,194.754535918,194.850029361,196.282431002,194.606955143,2749067.0
2018-01-05,195.492439794,198.565592407,198.843391513,195.084422357,2432773.0
2018-01-08,198.044719082,195.119147245,198.548229962,194.988928914,2850845.0
2018-01-09,195.119147245,196.091444117,196.742535772,193.851688823,2672161.0
2018-01-10,195.179915799,194.632998809,195.336177797,193.617295827,2311609.0
2018-01-11,194.615636365,195.666064235,196.126169005,194.198937705,2543589.0
2018-01-12,197.454395982,198.487461408,199.581295389,196.647042329,3943796.0
2018-01-16,202.593679447,202.18566201,204.008718645,200.753260368,6852619.0
2018-01-17,203.722238316,206.986377815,207.446482584,203.010378106,5124815.0
2018-01-18,207.706919246,211.092595854,211.735006287,207.090552479,6234153.0
2018-01-19,211.978080505,211.257539073,212.12566128,209.278220441,4293632.0
2018-01-22,211.465888403,211.439844736,211.643853455,209.529975881,4012161.0
2018-01-23,210.945015078,212.872246378,214.408822684,210.441504198,3300020.0
2018-01-24,213.566744144,212.559722383,214.698775501,211.570063067,2733255.0
2018-01-25,212.472910163,212.846202712,213.723006141,211.735006287,2420503.0
2018-01-26,212.689940715,215.702324773,215.932377158,212.221154723,2615342.0
2018-01-29,216.40550376,214.782115233,217.716368293,214.773434011,2564688.0
2018-01-30,202.168299566,205.441120286,210.727984527,201.491164244,11565538.0
2018-01-31,210.814796747,205.553976173,214.426185129,204.668491522,5187404.0
2018-02-01,204.234430418,204.19970553,206.456823268,202.993015662,4268312.0
2018-02-02,202.272474231,201.300177359,205.137277514,200.701173036,3959904.0
2018-02-05,200.353924153,191.004247984,202.367967673,180.986117715,6289977.0
2018-02-06,184.215532325,195.483758572,196.637492985,182.487969133,7064825.0
2018-02-07,193.009610282,196.039356784,199.051740843,192.297750072,5589154.0
2018-02-08,195.613976903,187.913732927,196.742535772,187.740108485,4902390.0
2018-02-09,189.250641126,191.820282858,193.834326378,184.050589106,6225326.0
2018-02-12,193.105103725,195.926500897,197.931863196,192.853348285,4912013.0
2018-02-13,193.721470492,196.751216994,197.167915653,193.057357003,3536761.0
2018-02-14,195.284090464,198.608998517,199.095146953,194.389924591,2878356.0
2018-02-15,199.034378398,196.212981226,199.66810761,192.49741818,4662696.0
2018-02-16,196.186937559,199.121190619,200.145574823,195.935182119,3621676.0
2018-02-20,197.853732197,196.768579438,198.582954851,195.857051121,3172340.0
2018-02-21,196.325837113,195.440352461,199.103828175,195.422990017,3371907.0
2018-02-22,196.456055444,197.141871987,199.529208056,195.396946351,2768064.0
2018-02-23,197.845050975,199.807007163,199.945906716,196.113147172,2393949.0
2018-02-26,201.091828029,203.19268377,203.583338763,199.407670947,3307022.0
2018-02-27,203.48784532,201.855775571,204.781347409,201.786325795,2899477.0
2018-02-28,203.505207764,196.334518335,203.791688093,196.27374978,4368572.0
2018-03-01,195.935182119,194.850029361,199.051740843,193.363804142,3514589.0
2018-03-02,193.773557824,195.492439794,196.039356784,193.235322056,2613605.0
2018-03-05,193.912457377,198.261749634,199.173277952,193.408946497,2627307.0
2018-03-06,198.730535626,196.351880779,198.9328081,194.363880925,2652763.0
2018-03-07,194.76321714,197.298133984,197.771260587,194.242343816,3242203.0
2018-03-08,198.52623931,195.739050411,198.578499102,195.033543221,3500879.0
2018-03-09,196.941025624,196.348747983,197.298134202,193.796728147,4834585.0
2018-03-12,197.028125277,194.03189721,197.716212537,194.03189721,3117345.0
2018-03-13,194.693854574,197.663952745,198.639468859,194.371585857,3343844.0
2018-03-14,197.829442086,196.305198156,199.797894246,195.991639405,3048175.0
2018-03-15,196.697146595,199.876283933,200.991159493,196.549077185,3330210.0
2018-03-16,200.033063309,198.465269553,201.435367724,198.369459935,5690267.0
2018-03-19,197.986221461,196.017769301,198.561079172,194.824504054,3407257.0
2018-03-20,196.113578919,197.5245933,198.238810455,194.99870336,3429080.0
2018-03-21,197.237164444,194.075447037,198.09945101,194.075447037,3419764.0
2018-03-22,193.056381096,187.447163436,193.065962057,187.351353818,5894829.0
2018-03-23,187.917501563,185.130312664,189.642074694,185.082407854,5741205.0
2018-03-26,187.429743505,190.809210046,191.105348866,187.002955205,3561256.0
2018-03-27,191.897955709,189.842403896,193.317680055,188.492359273,3722110.0
2018-03-28,190.65243067,190.312742023,191.540847132,189.041087088,3179518.0
2018-03-29,191.07921897,186.393257634,194.537075198,186.393257634,5529392.0
2018-04-02,190.277902162,189.180446533,194.223516447,186.941985448,6220689.0
2018-04-03,191.91537564,195.608400931,196.061319128,191.349227895,4651997.0
2018-04-04,192.220224426,199.275296327,199.876283933,191.985055363,4674010.0
2018-04-05,199.858864003,199.519175356,201.705376648,197.537658248,3348090.0
2018-04-06,197.411363751,195.068383082,198.752698408,193.204450506,3231724.0
2018-04-09,196.479397462,193.997057349,196.958445555,193.674788633,3031520.0
2018-04-10,196.322618087,197.533303265,198.726568512,194.659014713,2773227.0
2018-04-11,195.338392007,193.274130228,196.313908122,193.091220957,3482120.0
2018-04-12,195.138062805,195.312262111,196.627466873,194.58933499,2664457.0
2018-04-13,196.061319128,195.347101972,196.958445555,194.301906135,2496580.0
2018-04-16,197.812022155,200.607921019,201.939674715,197.150064791,4510623.0
2018-04-17,208.438179833,207.77622247,210.493731646,205.622248048,6180286.0
2018-04-18,208.168170909,205.903579928,208.812708341,205.816480275,2940074.0
2018-04-19,205.729380622,205.346142148,207.532343441,204.509985478,2734927.0
2018-04-20,205.598731142,204.736444576,206.5132775,203.377689988,2842009.0
2018-04-23,204.936773778,204.109327074,205.738090587,203.011871445,3051703.0
2018-04-24,205.511631489,204.00480749,206.704896736,202.558953249,2771226.0
2018-04-25,203.334140161,204.597085131,204.771284438,200.712440603,3118766.0
2018-04-26,205.320012252,206.452307742,207.157814933,204.100617109,2252787.0
2018-04-27,206.974905661,209.195946815,209.509505566,206.556827326,2301751.0
2018-04-30,209.910163971,205.903579928,209.910163971,205.903579928,3446885.0
2018-05-01,206.426177847,206.295528367,206.852966147,204.126747005,2633467.0
2018-05-02,205.015163466,203.342850127,205.738090587,202.820252208,3542681.0
2018-05-03,202.045065296,203.943837733,204.509985478,199.726037032,2731552.0
2018-05-04,203.029291376,205.468081662,206.121329061,202.210554636,1999865.0
2018-05-07,205.450661732,203.621569017,206.417380782,202.619923006,3237793.0
2018-05-08,203.569309225,202.097325087,203.569309225,200.895349875,2698268.0
2018-05-09,202.985741549,199.64111487,203.308010266,198.78753827,3504188.0
2018-05-10,200.459851609,203.56059926,204.065777247,199.77176435,2168955.0
2018-05-11,203.44736971,207.541053406,207.993971602,202.897161202,3044883.0
2018-05-14,208.081071255,211.565057379,212.235724708,208.011391533,3893625.0
2018-05-15,210.659220987,208.603669174,210.972779738,207.877258067,2396560.0
2018-05-16,208.734318654,210.537281473,210.615671161,207.7936424,1906100.0
2018-05-17,210.336952271,211.617317171,212.13991509,209.509505566,2418730.0
2018-05-18,211.974425749,213.080591343,213.185110927,211.120849149,2283818.0
2018-05-21,213.394150095,215.920040034,217.026205629,213.25479065,3040706.0
2018-05-22,216.007139688,213.55092947,216.050689514,212.383794119,2644110.0
2018-05-23,212.549283459,212.749612662,213.82964836,210.463246768,3047844.0
2018-05-24,213.019621586,211.416987969,213.777388568,210.955359808,2610418.0
2018-05-25,211.608607206,213.350600268,213.899328082,211.164398975,1554906.0
2018-05-29,212.401214049,210.929229912,212.401214049,209.248206607,2837814.0
2018-05-30,212.296694465,213.341890303,214.047397493,211.329888316,2071942.0
2018-05-31,212.706062835,210.354372201,213.172045979,209.628570792,2966087.0
2018-06-01,212.296694465,211.957005818,212.296694465,210.162752964,2371387.0
2018-06-04,212.523153564,213.071881378,213.603189262,211.425697934,2188866.0
2018-06-05,213.472539782,212.897682072,213.493966297,210.702770814,1531865.0
2018-06-06,214.543865515,216.573287433,216.63425719,213.507379644,2650301.0
2018-06-07,217.540093582,216.860716288,217.74913275,216.22488882,2117186.0
2018-06-08,217.278794623,218.341410391,219.055627546,216.068109445,3034554.0
2018-06-11,218.480769836,221.041499637,222.095405439,218.097531362,2775180.0
2018-06-12,220.536321649,220.86730033,221.180859082,217.89720216,2567198.0
2018-06-13,221.355058388,220.248892793,223.610939403,219.909204146,3138291.0
2018-06-14,221.642487243,222.39154426,222.96640197,220.936980053,2456594.0
2018-06-15,222.251692027,223.746364593,223.746364593,220.757019461,4772229.0
2018-06-18,222.015691096,222.776138541,222.898509395,220.385536513,1961879.0
2018-06-19,221.115391246,221.159095122,221.403836829,219.533310927,2370154.0
2018-06-20,221.416947992,220.975538842,221.779690164,220.162646745,2580440.0
2018-06-21,221.097909695,220.17138752,221.709763962,219.323532322,2150281.0
2018-06-22,220.477314653,222.339099779,222.985917147,219.559533253,2743131.0
2018-06-25,222.330359004,219.139976042,223.003398698,217.304413241,3060769.0
2018-06-26,219.008864413,218.318343169,220.678352484,218.117305338,2157980.0
2018-06-27,218.772863481,216.919819131,220.057757442,216.88485603,2480999.0
2018-06-28,216.010778506,214.061585627,216.771225952,211.727798638,3556904.0
2018-06-29,214.061585627,214.446179738,216.334099782,213.79936237,2787779.0
2018-07-02,214.14899338,216.316705639,216.53522502,213.379805158,1793431.0
2018-07-03,217.033449209,215.879666877,217.426784095,215.669888271,1247991.0
2018-07-05,217.741452003,218.956419762,219.328951602,216.404113391,2183067.0
2018-07-06,219.402199299,219.183679918,220.031535116,218.013464929,1572267.0
2018-07-09,220.381166126,221.727245513,222.024431871,219.4371624,2039553.0
2018-07-10,222.17302505,223.361770482,224.550515915,221.797171715,2012223.0
2018-07-11,223.012139473,222.531396835,223.763846144,221.784060552,1486018.0
2018-07-12,223.921180098,223.80755002,224.480589713,222.819842418,1592817.0
2018-07-13,224.104736378,226.123855458,226.394819491,223.781327694,2356197.0
2018-07-16,225.765483673,224.620442117,225.905336077,224.144069866,3625425.0
2018-07-17,219.874201162,218.772863481,220.72205636,215.258547388,6932309.0
2018-07-18,219.489607051,223.25688118,224.297033433,218.90397511,3359842.0
2018-07-19,223.169473427,221.080428145,224.200884906,220.136424419,2307632.0
2018-07-20,219.542051703,220.879390314,221.62235621,219.542051703,2014299.0
2018-07-23,221.062946594,220.914353415,223.09080645,220.643389383,1479621.0
2018-07-24,222.767397766,221.80591249,222.854805519,220.276276823,2476529.0
2018-07-25,222.72369389,222.767397766,223.125769551,220.936205353,3048005.0
2018-07-26,223.982365525,224.637923668,225.398371113,223.584660251,2021347.0
2018-07-27,225.328444911,223.720142267,225.328444911,223.230658854,1656790.0
2018-07-30,223.685179166,221.875838692,224.54177514,221.237762099,1681607.0
2018-07-31,222.138061949,221.333910627,223.064584124,221.010501943,2356023.0
2018-08-01,223.851253896,221.465022255,223.851253896,220.975538842,3006726.0
2018-08-02,221.578652334,223.833772345,224.026069401,220.468573878,1854444.0
2018-08-03,224.157181029,224.830220723,225.127407081,222.277914353,1422323.0
2018-08-06,224.200884906,224.428145062,225.10992553,223.296214668,1398440.0
2018-08-07,225.197333283,225.206074058,226.250509292,224.751553746,1462806.0
2018-08-08,225.608149719,226.220003986,226.823117478,225.44207499,1494253.0
2018-08-09,227.181489262,228.649939503,229.899870362,226.657042748,2315032.0
2018-08-10,227.688454226,227.574824148,228.571272526,226.482227243,1625059.0
2018-08-13,228.134233764,228.055566786,229.489053926,227.520194303,1635347.0
2018-08-14,228.038085236,230.301946023,231.014319205,228.003122135,1941909.0
2018-08-15,228.990829737,227.793343529,229.611424779,226.552153445,2017726.0
2018-08-16,228.632457952,229.969796564,230.537946955,228.527568649,2115921.0
2018-08-17,230.36313145,229.29675687,230.870096414,228.763569581,1969679.0
2018-08-20,229.882388812,229.357942297,230.310686798,228.632457952,1786166.0
2018-08-21,228.877199659,228.737347255,229.4628316,227.898232832,1559266.0
2018-08-22,228.964607411,227.906973607,228.964607411,227.478675621,2148534.0
2018-08-23,228.151715314,228.501346324,229.497794701,226.875562129,1603548.0
2018-08-24,228.789791907,231.001208042,231.438246804,228.789791907,2238686.0
2018-08-27,231.63054386,233.448625109,233.772033793,231.123578896,2614138.0
2018-08-28,234.724778294,234.698555969,235.249224809,233.66714449,2604184.0
2018-08-29,234.593666666,235.126853956,235.406558763,233.597218289,2880646.0
2018-08-30,235.528929617,234.593666666,236.149524659,234.348924959,2976348.0
2018-08-31,234.497518138,234.654852093,235.306564294,233.553514412,2961516.0
2018-09-04,234.252776432,234.698555969,235.48522574,233.002845572,2097301.0
2018-09-05,234.742259845,233.938108523,234.947668063,233.317513481,2230593.0
2018-09-06,234.69235161,236.490256396,236.814756284,234.114390998,2556068.0
2018-09-07,236.481486129,235.288729782,237.814566751,234.613419204,2958324.0
2018-09-10,233.973189695,227.790151284,233.99073023,226.930665093,4146151.0
2018-09-11,226.202732912,228.939056294,229.270572396,225.819296827,2283313.0
2018-09-12,229.009218432,230.368609855,231.964798495,228.772421216,2236267.0
2018-09-13,231.675379676,232.84182522,233.012845431,231.026379899,2734504.0
2018-09-14,232.762892814,232.683960409,233.859176221,230.903596157,2084640.0
2018-09-17,233.727622212,231.421041925,233.867946488,231.017609632,1940361.0
2018-09-18,230.596636804,230.912366425,231.613900102,229.785211678,3557116.0
2018-09-19,231.94725796,232.701500944,232.947068427,230.798352951,2274307.0
2018-09-20,233.359270988,233.631149272,234.990540696,233.341730453,2094990.0
2018-09-21,233.376811522,233.876716755,234.902838023,233.157642543,5671802.0
2018-09-24,234.174905842,234.481865196,236.385013189,233.876716755,2699802.0
2018-09-25,234.429243592,231.105312304,234.455554394,230.684339476,3789664.0
2018-09-26,231.973568762,230.579096269,232.84182522,230.175663976,2237976.0
2018-09-27,230.658028675,232.105122771,232.771663082,230.596636804,2761357.0
2018-09-28,231.868325555,233.324189919,233.455743927,231.401747337,2875098.0
2018-10-01,234.385392256,236.007891697,236.814756284,234.183676109,3314889.0
2018-10-02,235.920189025,237.349742586,238.060134234,234.604648937,2777570.0
2018-10-03,238.5512692,237.586539802,238.61266107,236.595499603,3002336.0
2018-10-04,237.674242475,235.323810852,238.217999044,234.439592507,2186551.0
2018-10-05,235.613229671,236.09559437,237.674242475,234.999310963,2045692.0
2018-10-08,235.779864748,235.928959292,236.494641529,232.984868279,1864975.0
2018-10-09,236.086824102,236.893688689,238.511802997,235.45536486,2510398.0
2018-10-10,237.323431785,230.728190813,238.042593699,230.237055846,4267341.0
2018-10-11,229.78100195,225.501111532,231.887269332,224.32589572,4558462.0
2018-10-12,227.763840482,227.684908077,229.246015647,225.273084583,4006323.0
2018-10-15,228.140961974,228.246205181,230.166893709,227.421800059,3583446.0
2018-10-16,236.525337465,239.051174433,239.261660847,232.412082125,6453592.0
2018-10-17,236.963850827,234.429243592,237.674242475,232.964608961,3985133.0
2018-10-18,234.473094928,233.999500497,234.937919093,231.280717649,3132093.0
2018-10-19,233.832865419,232.675190142,235.025621765,231.43858246,3336617.0
2018-10-22,233.946878893,229.947637027,234.017041031,228.079570103,2618459.0
2018-10-23,227.781381017,232.289298383,232.868136021,227.32532712,4081802.0
2018-10-24,231.543825667,224.799490152,232.701500944,224.457449729,5265555.0
2018-10-25,226.413219326,231.745541814,232.569946935,222.212261313,4675643.0
2018-10-26,229.342488587,226.43075986,230.131812639,225.413408859,4830769.0
2018-10-29,227.781381017,224.974895496,229.816083019,222.168409977,3697710.0
2018-10-30,225.12399004,226.518462532,227.755070215,222.747247615,4169239.0
2018-10-31,228.78996175,229.210934578,231.595219433,228.219894379,4230215.0
2018-11-01,230.587866537,228.842583354,232.131433573,227.816462086,2771291.0
2018-11-02,232.070041702,228.912745492,233.618169277,227.641056741,2593987.0
2018-11-05,229.912555958,228.912745492,230.658028675,228.08834037,3287028.0
2018-11-06,228.640867207,231.131623106,231.543825667,228.640867207,2582391.0
2018-11-07,234.078432902,240.857849486,242.717146143,234.078432902,5797082.0
2018-11-08,242.0593761,242.629443471,243.81342955,240.919241357,3809137.0
2018-11-09,242.813619083,242.541740798,243.81342955,240.471957727,2904456.0
2018-11-12,242.0593761,238.884539355,243.629253937,238.5512692,3140648.0
2018-11-13,239.0599447,236.113134904,239.956090608,235.165946041,2516970.0
2018-11-14,236.174526775,232.377001055,237.253269646,230.964988028,3511858.0
2018-11-15,231.5350554,232.359460521,233.218946712,228.772421216,3657641.0
2018-11-16,232.403311857,237.770715414,238.375863855,232.341919987,3857794.0
2018-11-19,238.095215303,233.332960186,238.788066415,231.69292021,3670800.0
2018-11-20,232.955838694,229.342488587,233.973189695,228.377759189,3617826.0
2018-11-21,230.298447717,228.509313198,232.087582236,228.421610526,3234298.0
2018-11-23,228.0269485,229.447731794,230.605407071,226.518462532,1159250.0
2018-11-26,232.078811969,233.429433126,235.306270317,231.094875686,3879762.0
2018-11-27,232.911987358,237.805796483,237.937350492,232.438392926,3497396.0
2018-11-28,239.270431114,246.400658388,247.672347139,239.270431114,5044449.0
2018-11-29,245.944604491,247.803901148,250.347278651,245.839361284,4177754.0
2018-11-30,248.982872382,247.548750746,249.554761379,245.530422503,6143329.0
2018-12-03,248.991670675,251.921501994,252.097467839,248.740303465,4178268.0
2018-12-04,251.763132733,245.076430623,253.338027046,243.633510694,4635456.0
2018-12-06,240.210975009,243.580720941,243.659905571,233.374701931,6694612.0
2018-12-07,240.862048636,236.832430785,243.202394374,235.160755257,3507115.0
2018-12-10,236.313331542,234.500883339,236.674061525,228.957959221,4061644.0
2018-12-11,237.184362475,235.107965504,238.900029464,233.744230205,3102759.0
2018-12-12,239.269557738,238.116981454,241.565912016,237.98500707,3167856.0
2018-12-13,238.310543883,239.445523583,240.474923777,237.219555644,2350792.0
2018-12-14,237.870629271,233.172341209,238.055393408,232.019764924,3360509.0
2018-12-17,229.670620894,227.057528095,231.175128868,225.882076251,5807157.0
2018-12-18,228.491649732,222.570399048,228.746800207,218.373613645,5065719.0
2018-12-19,222.042501513,220.230053309,225.728985966,217.839469322,5468527.0
2018-12-20,218.637562412,213.305797309,219.087155146,211.203005461,7311673.0
2018-12-21,211.801289334,209.698497486,217.757733187,208.915449476,12209672.0
2018-12-24,207.850856114,204.947419671,209.311372627,204.613084566,3090955.0
2018-12-26,204.736260657,214.106441903,214.124038488,203.953212647,4159282.0
2018-12-27,210.367167697,216.411594473,216.411594473,206.966627742,4295787.0
2018-12-28,217.062668099,216.649148364,219.772542112,215.390992572,3312862.0
2018-12-31,218.250437553,219.183056532,220.203658433,217.265028821,3123223.0
2019-01-02,215.558160125,214.229617995,216.745929578,212.45236296,4063606.0
2019-01-03,214.220819703,208.387551941,214.220819703,207.749675753,4623172.0
2019-01-04,210.983048155,210.824678894,214.203223118,210.10321893,5367608.0
2019-01-07,211.51094569,211.229400338,212.901075865,209.601716271,4132953.0
2019-01-08,213.209016094,214.05365215,215.373395987,210.903863524,3618666.0
2019-01-09,215.347001111,214.361592379,216.992281761,212.971462203,3425451.0
2019-01-10,212.989058788,215.443782325,215.681336216,212.399573207,3374481.0
2019-01-11,214.194424826,217.907304155,217.986488786,214.036055565,3967094.0
2019-01-14,216.957088592,218.250437553,219.886919912,216.534770564,4955469.0
2019-01-15,219.95730625,226.001733025,226.045724487,217.317818575,5325776.0
2019-01-16,227.638215384,230.040149168,230.682424502,227.145511018,6069471.0
2019-01-17,229.626629432,228.553237778,230.286501351,226.899158835,3583901.0
2019-01-18,231.043154485,233.594659237,234.263329448,229.125126774,4844751.0
2019-01-22,232.327705153,233.76182679,235.354317687,232.046159801,4052696.0
2019-01-23,235.574274993,234.931999659,237.08758126,231.984571755,2971227.0
2019-01-24,234.73843723,234.148951649,235.935004976,232.503670998,2927350.0
2019-01-25,236.49809568,235.838223761,237.914620732,233.770625082,2809188.0
2019-01-28,234.826420152,234.712042353,234.852815029,232.811611227,2837679.0
2019-01-29,234.03457385,235.213545011,236.190155451,233.541869484,2173024.0
2019-01-30,237.28114369,237.879427563,239.696362895,235.081570627,3659233.0
2019-01-31,237.976208778,237.729856595,239.080394455,236.665263232,4055122.0
2019-02-01,236.207752035,236.427709342,237.015875178,234.060968726,3946753.0
2019-02-04,236.066979359,235.978996437,236.401314465,232.51246929,3398925.0
2019-02-05,237.659470257,234.307320909,239.39273383,233.893801173,3597224.0
2019-02-06,233.277920716,237.113976137,237.492302704,233.13714804,2569965.0
2019-02-07,236.357323004,236.674061525,238.0641917,235.140695151,2458498.0
2019-02-08,235.354317687,230.427274027,236.410024774,229.037143852,4547448.0
2019-02-11,229.784998693,226.239286916,229.793796985,225.535423536,4856174.0
2019-02-12,228.069331704,231.835000787,232.2749154,226.045724487,4327961.0
2019-02-13,231.852597371,232.098949555,234.289724325,231.527060558,3066743.0
2019-02-14,231.606245189,233.445088269,234.97599112,231.139935699,3015655.0
2019-02-15,235.609468162,238.548097774,238.548097774,234.580067969,3673690.0
2019-02-19,238.583290943,237.914620732,239.74466552,236.920413707,2486689.0
2019-02-20,236.858825662,237.122774429,238.072989992,235.95260156,2802803.0
2019-02-21,237.08758126,234.386505539,237.501100996,233.242727547,2554273.0
2019-02-22,234.474488462,235.011184289,236.137365697,233.990582388,3191090.0
2019-02-25,235.424704025,232.802812935,235.943803268,232.609250505,3679125.0
2019-02-26,232.855602688,231.37748959,233.528672045,231.21912033,3212929.0
2019-02-27,230.172123552,220.027692588,230.172123552,219.0219598,8952928.0
2019-02-28,219.693357482,213.112234879,221.672973238,210.411159158,11034345.0
2019-03-01,214.291206041,216.569963733,218.1976478,214.291206041,6921274.0
2019-03-04,218.303227307,207.657293684,218.593570951,206.328751554,8646329.0
2019-03-05,208.106006589,212.417169791,213.97657911,206.70734207,6924867.0
2019-03-06,212.689916851,210.34077282,212.689916851,208.545921201,4878747.0
2019-03-07,211.422962767,208.255577557,212.197212485,207.243773948,5033537.0
2019-03-08,207.681505822,209.571526756,211.443883942,207.226664336,4921739.0
2019-03-11,211.267246471,214.747004638,215.515377635,208.798737823,4539618.0
2019-03-12,216.336741872,217.158106109,218.571205872,215.268085176,4235832.0
2019-03-13,218.995135801,222.784009542,223.234435091,218.217930932,4882034.0
2019-03-14,223.446400056,223.684860641,225.262939801,222.863496403,3865160.0
2019-03-15,224.629871107,222.033300292,224.983146048,220.743846758,6466186.0
2019-03-18,223.146116356,225.21277476,225.486562839,221.167776687,3927379.0
2019-03-19,226.051802744,227.093963819,228.965261181,225.336420989,4164789.0
2019-03-20,227.358920025,221.238431676,227.588548736,220.770342379,4193496.0
2019-03-21,220.081456244,222.580876451,223.411072561,219.613366948,2699799.0
2019-03-22,221.30025479,218.226762805,221.852246885,218.13844407,3778238.0
2019-03-25,218.518214631,218.023629714,218.518214631,212.653850614,4110942.0
2019-03-26,218.376904655,214.958969603,218.933312687,213.484046725,4416183.0
2019-03-27,214.561535294,213.475214851,216.981468639,210.339899752,4819232.0
2019-03-28,214.252419721,213.934472274,214.482048433,210.980210582,3601531.0
2019-03-29,215.75383822,218.376904655,218.818498331,213.616524828,4294167.0
2019-04-01,220.540713667,216.85782241,220.97347547,214.667341139,4809459.0
2019-04-02,216.831326789,215.859820702,217.617363532,214.437889065,4057091.0
2019-04-03,217.537876671,217.122778615,218.624197114,216.018794425,2851456.0
2019-04-04,216.804831168,218.491719011,220.010801256,216.062953793,2255521.0
2019-04-05,219.86949128,219.71934943,220.187438727,216.531043089,3343112.0
2019-04-08,220.514218047,219.69285381,220.514218047,217.537876671,2195490.0
2019-04-09,218.650692734,219.728181304,220.743846758,217.219929224,2904072.0
2019-04-10,219.71934943,217.290584212,220.682023644,216.840158663,2753784.0
2019-04-11,217.308247959,207.919966407,218.076620955,205.50091625,8223350.0
2019-04-12,208.873808748,197.145080713,209.121101206,194.981271701,13979434.0
2019-04-15,199.397208461,203.30972843,203.989782691,198.196073662,10021785.0
2019-04-16,210.207421649,195.149077297,210.207421649,190.609494308,27361432.0
2019-04-17,197.648497504,191.510345407,198.043105612,183.76479233,22101404.0
2019-04-18,191.775301613,195.846795306,196.950779496,189.187562671,13927214.0
2019-04-22,197.833966848,200.580679512,200.978113821,195.625998468,11191845.0
2019-04-23,201.587513094,203.645339624,204.846474422,199.688660287,10261445.0
2019-04-24,203.212577821,203.442206533,204.572686343,201.145919418,6104122.0
2019-04-25,201.834805552,203.830808968,205.005448146,201.481530611,5954533.0
2019-04-26,205.023111893,209.315402424,209.412553032,204.184083908,6186619.0
2019-04-29,209.668677364,209.712836732,210.251581017,206.807150344,5345317.0
2019-04-30,210.269244764,205.84447613,210.269244764,203.300896556,7632279.0
2019-05-01,205.84447613,204.855306296,207.213416526,203.442294851,4823160.0
2019-05-02,203.927959576,205.296899972,206.082936715,201.437371244,5499206.0
2019-05-03,205.641343039,204.855306296,206.580877744,200.642502627,4323138.0
2019-05-06,201.516858105,212.406558156,212.46838127,200.92512258,7180213.0
2019-05-07,211.249582724,210.242749143,214.742588702,208.785490012,5104669.0
2019-05-08,210.198589776,211.21425523,212.680346235,208.017117016,3768388.0
2019-05-09,208.962127483,210.172094155,212.44188565,208.140763245,4299681.0
2019-05-10,211.938468859,212.486045017,214.278915342,208.758994392,4374392.0
2019-05-13,208.82964938,211.567530171,212.053283215,208.606556255,4684437.0
2019-05-14,212.530204385,208.811985633,212.839319958,208.67950753,5329698.0
2019-05-15,207.54902772,208.50287006,209.78349172,205.447041822,5099948.0
2019-05-16,208.335064463,209.12993308,212.357982851,208.184922613,4456363.0
2019-05-17,208.582356921,213.183763025,214.119941618,208.118683562,4486406.0
2019-05-20,211.96496448,217.255256718,217.913231295,211.761831389,5390767.0
2019-05-21,218.156107817,220.743846758,221.838999075,217.970638473,5345383.0
2019-05-22,220.001969383,220.213934347,221.706520972,219.657526315,4038028.0
2019-05-23,219.012799548,217.705682268,219.159850243,215.842156955,3934570.0
2019-05-24,218.368072782,218.703683975,220.231598094,216.831326789,2974038.0
2019-05-28,219.472056972,213.784330425,220.178606853,213.643020448,6172696.0
2019-05-29,211.832486377,214.084614124,214.641022156,210.11027104,3958382.0
2019-05-30,213.660684195,215.056120212,216.692578056,213.148435531,2646971.0
2019-05-31,213.687179816,213.554701713,215.162102694,211.505707056,3285843.0
2019-06-03,213.280913634,208.926799989,215.321076417,208.449878819,4999517.0
2019-06-04,210.313404131,212.636186867,212.892311199,207.402418619,4992042.0
2019-06-05,214.764668385,214.411393445,217.078619248,213.051284922,3194422.0
2019-06-06,214.729340891,213.57236546,215.444722646,213.492878598,2630136.0
2019-06-07,214.5262078,217.944142853,218.209099058,213.89914478,2837457.0
2019-06-10,218.217930932,219.154109525,220.505386173,217.255256718,2330953.0
2019-06-11,219.489720719,217.149274236,221.406237272,217.025628006,3043114.0
2019-06-12,217.440726062,215.939307564,217.705682268,213.996295389,3251825.0
2019-06-13,216.221927516,216.345573745,216.681184939,214.720509018,3108249.0
2019-06-14,217.090736844,217.667350847,218.314932728,215.378636802,2165579.0
2019-06-17,218.226222882,218.199609927,219.202031195,217.534286077,2270430.0
2019-06-18,219.556870582,217.960093341,221.189131761,217.472189185,3482480.0
2019-06-19,218.226222882,221.943165458,222.989941649,217.791544633,4204589.0
2019-06-20,223.193974297,219.787516183,224.276234426,219.468160735,3800826.0
2019-06-21,220.69235662,223.797201254,224.868550073,219.024611502,6323527.0
2019-06-24,222.954457711,221.455261301,224.103250225,219.879951844,3163758.0
2019-06-25,221.153647823,219.698806337,222.697199155,219.485902705,3183010.0
2019-06-26,220.000419816,215.98186376,220.071387693,215.680250281,3852920.0
2019-06-27,216.682671549,218.52783636,220.133484586,215.706863235,3366173.0
2019-06-28,218.669772115,216.460896932,218.891546732,211.706049149,6727648.0
2019-07-01,218.181867958,215.245572032,218.377029621,213.542342976,4109079.0
2019-07-02,215.201217109,216.425412993,216.443154963,212.491131292,3864785.0
2019-07-03,216.735897457,217.525415093,219.574612551,216.487509886,2559448.0
2019-07-05,216.79799435,219.104450364,220.67461465,216.505251856,2965094.0
2019-07-08,218.589933253,219.858484061,219.982677846,217.232672598,1902630.0
2019-07-09,217.010897982,218.226222882,218.297190759,216.177025423,2775012.0
2019-07-10,218.953643624,219.539128613,220.985099114,217.764931679,2753028.0
2019-07-11,226.919787858,231.674635641,232.144797829,220.931873206,10268790.0
2019-07-12,232.091571921,235.879482375,236.429483424,232.091571921,5336201.0
2019-07-15,235.134319663,235.932708283,237.431904692,234.415769904,2611403.0
2019-07-16,235.373836249,234.779480276,236.979484474,233.475445529,3121564.0
2019-07-17,234.193995288,236.544806225,238.354487098,233.750446054,3995150.0
2019-07-18,235.648836773,231.1778605,236.42061244,228.21495162,5827020.0
2019-07-19,231.621409733,227.673821555,233.05850925,227.452046938,4413227.0
2019-07-22,228.995598271,226.493980594,229.714148029,225.793172805,4104305.0
2019-07-23,225.739946897,226.218980069,227.185917398,223.562120161,2889283.0
2019-07-24,224.249621472,222.777038017,224.285105411,217.454447215,4864203.0
2019-07-25,222.777038017,220.621388742,224.214137534,220.257678371,3362958.0
2019-07-26,220.905260252,224.382686242,225.216558801,218.6786431,3362651.0
2019-07-29,224.293976396,225.163332893,226.476238625,223.850427162,2005512.0
2019-07-30,224.134298672,226.148012192,226.263334993,222.191553029,1908834.0
2019-07-31,227.381079061,220.896389267,228.126241773,220.42622708,3532351.0
2019-08-01,221.056066991,221.109292899,223.176232327,219.361708919,3613635.0
2019-08-02,221.499616225,221.818971673,223.167361343,218.314932728,2677632.0
2019-08-05,220.115742616,217.392350323,221.721390841,215.201217109,5812447.0
2019-08-06,218.164125989,220.248807386,220.248807386,216.070573607,3532969.0
2019-08-07,218.465739468,218.625417192,219.148805287,214.021376148,3205805.0
2019-08-08,218.39477159,219.663322398,219.707677321,215.893153913,2830705.0
2019-08-09,219.752032245,220.55929185,222.147198106,218.350416667,2535030.0
2019-08-12,218.92703067,215.742347174,219.964935877,215.600411419,1656263.0
2019-08-13,214.393957504,221.082679945,222.182682044,214.243150765,2774735.0
2019-08-14,218.873804762,215.742347174,220.364130187,215.573798465,3464315.0
2019-08-15,216.762510411,216.673800564,217.569770016,214.189924857,2513465.0
2019-08-16,217.676221832,217.951222357,219.206466688,216.611703672,2810022.0
2019-08-19,219.547999597,217.081865859,220.435098064,216.53186481,2672254.0
2019-08-20,216.638316626,213.045567834,216.984285028,212.832664202,3201507.0
2019-08-21,213.072180788,213.214116543,214.580248182,212.282663153,2761928.0
2019-08-22,213.214116543,206.640716902,213.214116543,206.401200316,4498791.0
2019-08-23,206.605232964,204.618132398,208.556849591,203.48264636,4827798.0
2019-08-26,206.268135546,204.990713754,208.077816419,204.440712704,2918839.0
2019-08-27,205.558456773,197.760861248,206.16168373,197.468118754,4988764.0
2019-08-28,197.30844103,201.681836472,203.828614762,195.853599544,4853814.0
2019-08-29,202.631031832,204.582648459,206.072973884,202.26732146,4052586.0
2019-08-30,207.288298783,207.581041278,208.512494668,206.064102899,3384152.0
2019-09-03,205.576198742,204.582648459,205.957651083,202.675386755,3382683.0
2019-09-04,205.76248942,201.131835422,206.649499177,200.927802775,4541228.0
2019-09-05,204.03264741,203.668937038,205.372166095,201.885869119,4257137.0
2019-09-06,204.183454149,203.145548943,205.771360405,202.781838571,4183289.0
2019-09-09,203.145548943,204.635874367,205.806400794,202.755225617,3895602.0
2019-09-10,205.318940187,206.214909638,207.838299833,204.768939137,4257813.0
2019-09-11,206.241522592,207.767331956,207.802815894,202.772967586,3168130.0
2019-09-12,208.468139745,204.121357256,209.710077598,203.766517869,4713659.0
2019-09-13,207.659746116,208.21234083,210.841622134,206.367387508,4523190.0
2019-09-16,207.50822821,208.943191905,210.387068417,206.911069405,2973588.0
2019-09-17,207.731048659,207.24084367,208.551027914,206.037613243,2408431.0
2019-09-18,205.707838978,205.538495436,207.788714592,204.308526555,2977490.0
2019-09-19,206.777377136,207.534966664,208.515376642,206.091090151,2725873.0
2019-09-20,209.246227716,207.570617936,209.45122253,206.706074592,6254516.0
2019-09-23,204.789818726,203.898536928,205.690013342,203.497460119,3483932.0
2019-09-24,204.442218825,200.53840455,204.852208452,198.68453841,5047466.0
2019-09-25,199.896681655,198.016077061,201.875327247,197.980425789,4681080.0
2019-09-26,198.791492225,192.053401833,199.317348486,190.226274147,10461069.0
2019-09-27,194.459862687,191.857319837,195.083759946,191.643412205,4835579.0
2019-09-30,190.413443324,193.693360341,194.771811316,189.949976789,5330064.0
2019-10-01,195.360057303,193.595319343,195.360057303,189.023043719,5529744.0
2019-10-02,192.650560637,193.185329716,195.511575209,191.875145473,4925451.0
2019-10-03,192.187094102,191.946448017,192.837729815,189.887587063,3882264.0
2019-10-04,193.265545078,195.9037392,195.957216108,191.748583458,3711176.0
2019-10-07,195.235277851,197.187184989,198.336938508,195.181800944,3876619.0
2019-10-08,195.627441843,196.180036557,197.84673352,194.652468684,4878124.0
2019-10-09,197.606087434,197.935861699,199.174743399,196.233513465,4503429.0
2019-10-10,194.468775505,199.406476666,199.762989385,193.8716167,5302516.0
2019-10-11,201.01969672,197.926948881,203.969839472,197.499133618,5919158.0
2019-10-14,197.53478489,196.60785182,199.058876765,195.99580861,4293196.0
2019-10-15,207.392361576,212.650924184,213.765026432,205.966310699,13469615.0
2019-10-16,210.600976049,211.224873308,211.661601389,208.631243275,5404216.0
2019-10-17,212.740052364,217.178635718,218.016440608,211.474432211,6627654.0
2019-10-18,217.873835521,218.667076321,219.620747845,215.476287484,4923389.0
2019-10-21,218.381866145,217.401456168,218.898809588,215.823887385,3179082.0
2019-10-22,217.151897264,222.356982965,224.157372197,216.715169183,5797684.0
2019-10-23,221.385485805,220.859629544,224.380192646,219.90595802,3910707.0
2019-10-24,221.064624357,217.927312428,221.474613985,217.39254335,2569585.0
2019-10-25,217.39254335,218.283825148,219.326624851,215.823887385,2815054.0
2019-10-28,218.595773777,220.191168195,221.385485805,218.292737966,2957146.0
2019-10-29,220.182255377,224.861484817,225.672551253,219.531619665,3528905.0
2019-10-30,224.754531001,227.09860213,227.521960984,224.58518746,3299612.0
2019-10-31,226.724263775,225.226910354,227.918581384,222.740234138,3960351.0
2019-11-01,226.376663874,224.790182273,228.462263281,224.745618183,2919581.0
2019-11-04,226.055802426,223.934551747,226.234058786,222.740234138,3186427.0
2019-11-05,226.153843424,223.087834039,226.627827084,222.900664861,5393367.0
2019-11-06,222.561977778,223.283916034,224.594100278,222.009383063,3668573.0
2019-11-07,224.558449006,228.578129915,228.836601636,223.943464565,3646276.0
2019-11-08,228.854427272,229.032683632,230.253739695,227.27685849,2200283.0
2019-11-11,227.321422579,226.465792053,228.578129915,225.788417887,1765676.0
2019-11-12,226.020151154,227.499678939,227.954232656,225.859720431,1892495.0
2019-11-13,227.160991856,226.002325518,228.95246827,225.663638435,3423750.0
2019-11-14,226.207320332,228.016622382,228.239442831,225.913197339,2102004.0
2019-11-15,228.266181285,240.111316381,245.610525074,227.597719937,10138245.0
2019-11-18,239.754803662,243.257541128,248.177416653,239.754803662,6985244.0
2019-11-19,245.316402081,244.416207465,245.423355897,242.027572246,4002075.0
2019-11-20,242.651469505,245.601612256,246.020514701,241.751274889,4141671.0
2019-11-21,245.298576445,246.483981236,247.490238386,244.13099729,3309861.0
2019-11-22,246.4661556,246.742452958,247.57134503,245.10249445,2802721.0
2019-11-25,247.580257848,251.93862584,252.232748834,246.893970863,4083804.0
2019-11-26,250.191713516,250.806697957,251.564287485,249.701508527,2998607.0
2019-11-27,250.459098055,250.156062244,251.27907731,248.391324284,2324495.0
2019-11-29,247.865468023,249.443036806,250.378882694,247.179181039,1520936.0
2019-12-02,251.14538504,249.255867628,251.341467036,248.281785751,2517775.0
2019-12-03,246.858319592,246.795929866,248.150678199,244.077520382,3257109.0
2019-12-04,251.002779952,248.952831817,251.198861948,248.346849322,2694184.0
2019-12-05,248.881529273,251.341467036,252.07231811,247.277222037,3357517.0
2019-12-06,253.059307168,250.688330064,253.238248836,249.725534419,2829012.0
2019-12-09,251.207260902,248.317352961,251.296731736,248.20998796,2699241.0
2019-12-10,248.371035461,250.088875476,250.160452143,245.159032517,2515260.0
2019-12-11,248.9973313,250.96568965,251.108842985,248.755760048,2751415.0
2019-12-12,251.439885071,253.748232591,254.08822176,250.554123813,2996213.0
2019-12-13,254.965035934,255.421337188,257.506007623,254.204533844,3599255.0
2019-12-16,257.649160957,261.281676822,264.332005969,256.834976367,4664253.0
2019-12-17,260.574857232,259.88593181,261.950471307,258.722810966,4409966.0
2019-12-18,260.360127231,262.060073078,263.813701427,260.351180147,3621797.0
2019-12-19,263.938960595,263.598971425,265.907318945,262.704263084,3088889.0
2019-12-20,267.428323124,261.782713493,268.4125023,261.711136825,6608293.0
2019-12-23,262.534268499,264.019484345,264.694989143,261.979549328,2098950.0
2019-12-24,264.171584763,263.527394758,264.681568518,262.650580583,714032.0
2019-12-26,264.207373097,264.520521016,265.066293104,263.527394758,1050688.0
2019-12-27,264.842616019,264.806827685,265.31681144,263.951665453,1547211.0
2019-12-30,264.878404353,262.910046002,265.31681144,262.552162666,1512088.0
2019-12-31,262.740051418,263.026358087,263.124776004,260.494333482,2224237.0
2020-01-02,263.026358087,261.702189742,264.565256433,259.277530138,2544306.0
2020-01-03,257.022865119,259.053853053,261.142997029,254.419263846,2712006.0
2020-01-06,257.676002208,260.852216818,260.950634736,256.978129702,3079134.0
2020-01-07,260.091714728,259.277530138,260.798534318,257.300224704,2497613.0
2020-01-08,260.807481401,264.744198101,266.068366446,259.501207223,3379840.0
2020-01-09,263.303717672,263.241088089,265.907318945,262.790870851,2838587.0
2020-01-10,264.896298519,264.055272679,264.896298519,261.442724323,2477989.0
2020-01-13,263.37529434,255.752379274,263.446871007,255.00529781,6996743.0
2020-01-14,255.528702189,257.890732209,257.890732209,254.320845929,6067709.0
2020-01-15,258.588604715,265.200499355,268.090407297,258.570710549,6081615.0
2020-01-16,266.623085618,269.074586472,269.298263557,264.771039352,3710344.0
2020-01-17,268.421449383,267.043598538,269.038798138,264.726303935,4632160.0
2020-01-21,265.629959359,268.88669772,270.685061486,264.842616019,4963132.0
2020-01-22,270.192971898,268.940380221,270.318231066,266.041614667,3117568.0
2020-01-23,268.421449383,267.929359795,268.931433137,265.415229357,3169618.0
2020-01-24,266.927286453,261.979549328,268.349872716,260.861163901,3678518.0
2020-01-27,257.676002208,254.177692594,257.747578875,250.580965063,4399767.0
2020-01-28,254.016645093,255.770273441,258.007044294,253.470873005,4341182.0
2020-01-29,254.097168844,253.112989668,256.05658011,251.315520611,3963946.0
2020-01-30,252.164598827,251.395149654,252.164598827,246.867925448,4211762.0
2020-01-31,248.881019215,243.763287505,249.426791303,242.627007912,5532985.0
2020-02-03,246.161105859,245.1679796,247.700004205,242.304912909,5646967.0
2020-02-04,248.084728792,251.269890486,253.649814673,247.726845456,4290256.0
2020-02-05,255.528702189,264.592097683,265.728377277,255.385548855,5760999.0
2020-02-06,265.728377277,261.666401408,265.969948529,259.46541889,3044084.0
2020-02-07,262.033231828,258.767546384,262.498480165,258.490186798,3426082.0
2020-02-10,256.092368444,256.808135117,258.830175967,255.394495938,3147356.0
2020-02-11,256.647087615,260.172238479,260.870110985,255.797114691,2992180.0
2020-02-12,263.938960595,271.526087326,272.886044005,263.053199337,6702084.0
2020-02-13,268.537761467,270.38086065,273.691281511,268.537761467,3565494.0
2020-02-14,270.389807733,267.320958123,271.964494413,266.002694854,2485610.0
2020-02-18,268.117248547,270.327178149,271.409775242,267.517793959,3242145.0
2020-02-19,271.427669409,273.16340359,274.420468809,270.851119354,3021266.0
2020-02-20,271.275568991,270.318231066,272.134488998,266.5246677,2885466.0
2020-02-21,268.83301522,269.691935227,270.658220235,267.168857706,2990311.0
2020-02-24,256.682875949,248.541030046,258.561763465,248.406823795,8790596.0
2020-02-25,250.652541731,235.657229935,252.289857995,234.422532425,8171242.0
2020-02-26,236.847192029,235.308293683,241.419151652,231.470173841,6807579.0
2020-02-27,231.210529481,227.184341946,234.551549368,225.529131515,7604285.0
2020-02-28,220.277193554,228.114838621,230.029514471,219.471956047,9963972.0
2020-03-02,230.244244472,244.35379501,244.470107094,223.963391919,8866267.0
2020-03-03,246.357941694,233.876760337,250.834704349,231.935243237,9188087.0
2020-03-04,259.46541889,258.946488052,264.690515601,252.495640913,14532975.0
2020-03-05,251.949868825,253.166672169,258.946488052,250.464652979,5908381.0
2020-03-06,246.420571278,253.980856759,254.965035934,243.271197917,5361864.0
2020-03-09,236.619041402,244.649048763,251.806715491,231.94419032,8070720.0
2020-03-10,250.267817144,250.51833548,254.007698009,243.808022922,7366040.0
2020-03-11,245.830063773,248.532082962,255.206607186,244.488001261,7747394.0
2020-03-12,232.62416866,224.043915669,243.56645167,223.67708525,10496625.0
2020-03-13,234.521403709,244.45075545,245.511084414,217.6999137,9308415.0
2020-03-16,219.182577082,202.217313654,220.76408469,201.237857238,10303455.0
2020-03-17,207.411128411,219.452152242,223.531723003,205.137801084,9642169.0
2020-03-18,202.855308201,195.046614388,207.977236248,179.887504534,12917494.0
2020-03-19,194.974727678,197.508734186,203.187784232,187.752359839,8065170.0
2020-03-20,200.54594766,185.63844129,209.046551051,182.825873783,9364072.0
2020-03-23,181.54988469,175.098052518,184.883630841,168.6821637,10654480.0
2020-03-24,181.639743077,197.508734186,197.931068604,178.818189732,8894374.0
2020-03-25,196.87073964,210.708931207,222.408493168,194.094115488,10013992.0
2020-03-26,210.295582628,229.489334048,231.798694589,208.741032536,7518081.0
2020-03-27,218.301964891,217.861658796,226.083701188,214.078620712,4879622.0
2020-03-30,218.032389731,225.796154351,228.32117502,218.032389731,5328965.0
2020-03-31,218.78720018,224.088845001,228.716282346,218.355879924,5455654.0
2020-04-01,214.482983452,213.251923553,221.595274768,211.562585881,4548766.0
2020-04-02,211.43678414,216.055505221,217.457296056,203.106911684,4636962.0
2020-04-03,214.150507421,206.216011867,215.064367215,204.22115568,4650291.0
2020-04-06,215.66012832,223.154317779,224.007972453,211.275039044,6365865.0
2020-04-07,233.461074745,222.884742618,239.661303434,221.536866816,4984097.0
2020-04-08,222.570238264,240.667717366,241.86283391,221.285263333,6390216.0
2020-04-09,238.12472502,237.342957054,242.977077907,235.069539868,4925544.0
2020-04-13,235.482888448,236.785835056,238.088781665,231.99638304,2965303.0
2020-04-14,241.719060492,243.066936294,245.376296834,239.921982614,4778901.0
2020-04-15,248.305680244,253.113103938,254.290248805,243.22868139,7841764.0
2020-04-16,254.694611545,268.164383727,269.5751604,251.612468878,7738895.0
2020-04-17,270.464758429,261.092528686,273.169495872,257.983428502,5857541.0
2020-04-20,256.36597754,253.526452517,259.698465673,252.744684552,4072635.0
2020-04-21,247.065634506,246.382710766,251.60348304,245.538041931,3977514.0
2020-04-22,251.226077815,248.925703113,255.036073415,248.647142114,3663658.0
2020-04-23,250.758814204,256.392935056,259.205502563,250.291550592,4420546.0
2020-04-24,258.154159437,261.748494909,262.296631069,255.197818512,3265412.0
2020-04-27,263.473775936,264.165685514,266.753607054,261.155429556,3706179.0
2020-04-28,267.777992664,259.115644176,268.002638631,256.653524378,3862897.0
2020-04-29,262.386489456,258.47764963,263.060427357,257.084844634,4258433.0
2020-04-30,257.579065762,262.808823873,265.08224106,256.563665991,7631715.0
2020-05-01,259.142601692,255.656096284,259.690737852,251.244049492,3526428.0
2020-05-04,255.638124607,258.378805404,258.738238951,253.499495001,2894193.0
2020-05-05,260.553378365,263.321016678,265.980824928,258.154159437,2501346.0
2020-05-06,265.172099446,259.484063562,267.490445826,259.187530885,2579182.0
2020-05-07,261.54182062,256.09640238,262.647078777,255.661487787,3162502.0
2020-05-08,260.131043947,257.893570116,260.58932172,256.689467732,3200304.0
2020-05-11,256.599609346,259.412176852,260.682055575,256.325541266,3490863.0
2020-05-12,262.179815166,258.522578823,263.419860904,258.522578823,4214309.0
2020-05-13,255.638124607,249.806315304,257.354419795,247.613770666,5474075.0
2020-05-14,247.946246697,261.137457879,262.789953612,247.685657375,5705048.0
2020-05-15,262.754908841,261.451962233,269.5751604,261.236302104,12182809.0
2020-05-18,268.20931292,263.608563516,269.323556916,262.404461133,4017333.0
2020-05-19,261.254273782,259.735667045,264.749765028,259.582907787,3059370.0
2020-05-20,263.195214937,258.783168145,263.195214937,257.623994955,3200617.0
2020-05-21,257.030929602,257.812697567,260.706137622,256.033591367,3604897.0
2020-05-22,258.163145276,260.535406687,260.804981848,255.911114386,2922841.0
2020-05-26,266.430116862,264.983396834,266.906366312,262.83578139,4568023.0
2020-05-27,267.25681402,272.962821582,272.989779098,261.308188814,5618902.0
2020-05-28,274.921734414,273.142538355,278.255480564,272.531501325,4388845.0
2020-05-29,273.816476256,273.933292159,277.096307375,270.338956687,6253038.0
2020-06-01,273.187467549,274.903762737,274.94869193,270.081063117,2894409.0
2020-06-02,274.589258383,275.245224607,276.85368973,271.129710491,2757002.0
2020-06-03,276.629043763,274.382584093,278.668829144,272.037280198,4360327.0
2020-06-04,272.4326571,267.849879373,273.591830289,264.448200282,4374349.0
2020-06-05,273.169495872,280.223379235,282.409184494,270.024452334,5554303.0
2020-06-08,277.338925019,278.093735468,283.808728869,276.700930473,4635498.0
2020-06-09,278.471140693,277.851117824,280.946739249,276.161780152,3061770.0
2020-06-10,277.608500179,274.742017641,278.839560079,272.145110262,3296079.0
2020-06-11,272.594402196,254.955200867,272.594402196,252.322350134,6638905.0
2020-06-12,261.173401234,256.23118996,264.273515578,250.435324011,5416812.0
2020-06-15,249.824286981,257.246589731,257.893570116,245.95139051,4496631.0
2020-06-16,265.477617961,263.285073324,267.387108681,258.288947017,4248308.0
2020-06-17,265.172099446,262.925639776,265.172099446,261.694579877,2538430.0
2020-06-18,260.975712783,261.919225844,262.188801005,257.534136568,2926573.0
2020-06-19,265.709532692,262.830704416,267.595661562,262.532894594,5168477.0
2020-06-22,261.522146108,264.121213643,264.419023465,258.336483471,2174051.0
2020-06-23,265.33050201,268.570311888,270.086434616,262.677287235,4023457.0
2020-06-24,265.312452929,260.971649165,268.119084885,257.713790207,3399868.0
2020-06-25,260.159440561,267.324925361,267.830299603,258.15599267,3112537.0
2020-06-26,266.350275035,258.896004954,267.649808802,257.939403709,5043234.0
2020-06-29,260.312857742,261.495072488,263.769256581,258.656854643,2356713.0
2020-06-30,260.421152222,266.178808774,267.532489782,259.599919078,2932930.0
2020-07-01,266.972968299,268.687630908,271.097183101,266.440520436,2304052.0
2020-07-02,271.187428502,269.165931531,273.515759835,268.189747034,1971954.0
2020-07-06,273.443563515,273.272097254,273.885765977,270.127045046,2395034.0
2020-07-07,271.331821143,267.712980583,273.948937757,267.081262779,2075730.0
2020-07-08,268.344698386,269.256176931,271.516824214,266.837600198,1987357.0
2020-07-09,266.314176875,262.758508095,269.427643192,259.455526437,3061657.0
2020-07-10,265.538066431,262.821679876,265.538066431,259.095086307,2391717.0
2020-07-13,263.59779032,270.474489838,274.815293602,263.309005038,4263348.0
2020-07-14,268.759827229,278.425109622,279.526103508,267.767127823,4234881.0
2020-07-15,271.746949985,274.4091893,280.383434813,269.526913133,5116869.0
2020-07-16,275.257496065,277.188747635,280.527827454,273.587956155,3844474.0
2020-07-17,278.939508405,276.629226152,280.636121934,276.376539031,3016846.0
2020-07-20,276.863864193,273.858692357,278.497305943,272.884132277,2375525.0
2020-07-21,275.275545145,275.347741465,277.053379535,273.542833455,2341560.0
2020-07-22,275.122127964,276.791667873,276.97125622,272.365130979,1935771.0
2020-07-23,278.136324341,273.416489894,278.407060542,271.882318086,2367675.0
2020-07-24,273.741373336,271.449140163,274.598704641,270.041311916,2415759.0
2020-07-27,269.319348712,269.472765893,272.65842853,268.362747466,2060506.0
2020-07-28,268.832023549,270.673029719,271.999637106,268.213842556,2257492.0
2020-07-29,272.053784347,276.764594253,279.535128048,270.7362015,2672724.0
2020-07-30,272.252324228,275.456035946,276.566054372,269.734477554,2205343.0
2020-07-31,273.840643277,273.245023633,274.111379478,268.97641619,3913650.0
2020-08-03,273.976011377,273.994060458,275.167250664,270.014238296,2628889.0
2020-08-04,272.459888649,274.797244522,278.731943984,270.79937328,3595182.0
2020-08-05,276.899962354,281.989802942,282.432005404,275.266520605,3014732.0
2020-08-06,281.56564956,283.42470481,285.392054541,280.121723152,3305601.0
2020-08-07,282.774937926,286.104993205,287.882827595,282.774937926,2600751.0
2020-08-10,286.077919585,287.973072995,289.209434982,284.798239805,2563849.0
2020-08-11,291.420447294,284.769361277,292.909496402,283.966177213,3018248.0
2020-08-12,286.98037359,290.833852191,291.754355276,286.655490148,2916495.0
2020-08-13,289.398950323,290.157011687,290.472870589,286.835980949,2159587.0
2020-08-14,289.272606762,292.124361418,292.331925839,287.634652743,1787375.0
2020-08-17,290.093839907,289.245533142,292.214606819,288.198686496,2772468.0
2020-08-18,290.572140529,285.906453324,291.194833793,284.913753918,2520285.0
2020-08-19,285.870355163,284.633993177,288.325030057,284.435453295,2066691.0
2020-08-20,284.119594394,282.765913386,284.525698696,281.5746741,2245791.0
2020-08-21,280.915882676,283.49690113,284.526510905,279.84196241,2488477.0
2020-08-24,285.906453324,278.713894904,285.987674184,276.593127992,2922446.0
2020-08-25,281.746140361,281.764189441,281.890533001,277.775342739,1879520.0
2020-08-26,280.645146474,278.695845824,280.988078996,273.994060458,3178972.0
2020-08-27,280.130747692,281.267839738,284.069959423,275.690673987,2321100.0
2020-08-28,281.872483921,283.704465551,285.013023859,278.831213924,2883586.0
2020-08-31,284.173741634,282.061999262,288.388201837,282.052974722,4341556.0
2020-09-01,279.90513419,282.314686384,284.020324453,279.76074155,2487188.0
2020-09-02,282.071023802,289.001870561,289.940422726,282.071023802,2846460.0
2020-09-03,290.59018961,285.383030001,292.232655899,283.126894988,3872533.0
2020-09-04,285.608643502,281.56564956,286.824429537,276.719471553,2901147.0
2020-09-08,280.690269175,277.278993036,281.078324397,274.192600339,2594530.0
2020-09-09,279.471956268,281.58369864,284.557284586,278.331886123,2195680.0
2020-09-10,282.224440983,274.887489923,283.767637332,274.093330398,2421619.0
2020-09-11,276.446106809,273.192946801,277.705686867,269.396083172,3086088.0
2020-09-14,274.579391039,279.617711273,281.928451668,274.579391039,1795515.0
2020-09-15,280.958846875,278.403439849,282.236550387,277.334156059,1468486.0
2020-09-16,280.070797625,277.76005723,282.952336206,277.470081964,3438228.0
2020-09-17,275.929588368,276.364551265,278.539365755,273.763835605,2394205.0
2020-09-18,276.391736447,279.119316286,281.266945594,275.268082294,3795806.0
2020-09-21,272.27771237,271.117811309,272.332082733,264.294330848,4124741.0
2020-09-22,270.438181781,266.650379879,272.413638276,265.436108455,3163604.0
2020-09-23,267.32094768,264.729293746,268.317737654,264.443849344,3710122.0
2020-09-24,264.774602381,265.200503552,267.25751559,262.463861986,2869110.0
2020-09-25,263.92280004,274.11724296,274.814995942,263.895614858,2455819.0
2020-09-28,277.642254778,274.778749033,280.922599967,274.416279952,2575710.0
2020-09-29,275.177465023,275.612427921,276.835761072,272.468008638,1797818.0
2020-09-30,275.49462547,282.517463926,285.009438862,275.467440288,3497316.0
2020-10-01,283.550500808,283.695488441,285.598451119,280.143291441,2731236.0
2020-10-02,282.816500918,282.707760193,287.610154522,279.427415005,2338048.0
2020-10-05,285.507833849,288.298845777,288.543512407,283.740797076,1638618.0
2020-10-06,289.02378394,284.946006772,290.247117091,284.076080976,2434408.0
2020-10-07,286.187463377,292.847832751,294.270523896,286.187463377,2596552.0
2020-10-08,293.083437654,292.159141496,294.823289246,290.872376256,2056700.0
2020-10-09,294.19803008,297.079659279,297.378696271,293.527462279,2028946.0
2020-10-12,298.23956034,299.009807138,302.264688874,298.139881343,2424163.0
2020-10-13,297.677733264,300.323757559,302.389831324,296.961856827,2713530.0
2020-10-14,291.851042777,291.651684782,299.553510761,290.15649982,4455722.0
2020-10-15,288.93316667,294.116474537,296.291289026,286.649611456,3172686.0
2020-10-16,294.922968243,298.946375049,301.166498174,294.261462169,3293344.0
2020-10-19,297.713980172,293.79931409,299.743807029,291.84198105,2482339.0
2020-10-20,295.97412858,293.0653142,297.786473988,292.947511749,1988669.0
2020-10-21,293.0653142,292.503487124,295.856326128,291.950721774,2139034.0
2020-10-22,292.077585953,295.167634873,297.279017274,292.014153864,2100739.0
2020-10-23,298.275807248,299.580695942,304.156868097,297.342449363,2349525.0
2020-10-26,295.702276769,292.748153754,296.998103736,288.647722268,2408460.0
2020-10-27,292.748153754,290.437413359,293.14233888,289.458746838,2427684.0
2020-10-28,283.931093344,279.101192832,287.990747058,278.593736117,3301655.0
2020-10-29,277.823489319,275.18652675,280.43779757,273.174823347,3279189.0
2020-10-30,274.778749033,276.509538898,278.349069487,271.489342118,3557355.0
2020-11-02,283.305834178,282.816500918,283.305834178,278.521242301,4519209.0
2020-11-03,287.682648338,291.19859843,295.811017493,285.45799435,4043876.0
2020-11-04,312.838002601,321.29259393,326.620889429,309.132662415,10344924.0
2020-11-05,324.473260121,321.147606297,327.110222689,316.870471134,4786472.0
2020-11-06,317.486668573,314.858767731,318.972791808,312.239928617,2994932.0
2020-11-09,331.940123202,317.1604464,333.426246436,316.236150241,4635344.0
2020-11-10,316.69829832,320.504223677,322.506865353,315.502150351,3733236.0
2020-11-11,322.742470256,318.700939996,323.331482514,316.621273641,2048494.0
2020-11-12,318.429088185,321.156668024,326.693383246,316.933903224,2908228.0
2020-11-13,323.376791149,322.298445631,324.355457669,319.688668244,2442331.0
2020-11-16,325.2706921,323.340544241,325.841580904,318.075680831,2790381.0
2020-11-17,319.326199162,319.063409078,320.205186685,314.89501464,2557624.0
2020-11-18,320.268618774,312.185558255,320.830445851,310.898793015,2722477.0
2020-11-19,310.173854852,305.380201248,310.880669561,302.960720128,3935570.0
2020-11-20,303.56785584,303.296004028,305.978184615,300.586547643,3702637.0
2020-11-23,304.066250827,303.622226202,304.708727274,300.477806919,2538118.0
2020-11-24,304.63713963,304.483090271,308.09871936,303.046806535,3759980.0
2020-11-25,307.029435569,301.927683245,307.029435569,298.257683794,3145335.0
2020-11-27,302.235781965,306.232003589,307.101929385,300.699819231,1558621.0
2020-11-30,303.667534837,304.782127263,306.232003589,299.299782404,5265707.0
2020-12-01,312.421163158,309.177064877,320.875754486,308.03528727,3817785.0
2020-12-02,309.702645046,314.949385002,318.818742448,309.457978416,2864281.0
2020-12-03,315.257483721,315.96429843,319.67054479,313.979780208,4169186.0
2020-12-04,314.66380935,318.201503622,319.638407723,314.436451106,3255426.0
2020-12-07,317.137467042,316.355354683,318.201503622,313.954997289,2999382.0
2020-12-08,313.527018131,316.355354683,318.210597952,312.917698038,2471262.0
2020-12-09,317.292070647,313.217810919,317.764975794,310.671398589,2600442.0
2020-12-10,313.899885651,308.888909958,314.172715543,308.534322041,2896940.0
2020-12-11,307.506571836,306.542572883,308.188646568,304.050726531,3071737.0
2020-12-14,309.234494489,305.687705886,312.144680009,305.442158983,2478953.0
2020-12-15,308.425099141,308.907098618,310.125738804,306.515289894,2616862.0
2020-12-16,306.324308969,308.606985736,310.716870238,303.987066223,2365672.0
2020-12-17,309.034419234,310.725964568,311.571737235,306.756289632,2525662.0
2020-12-18,311.498982597,307.73393008,311.580831564,303.75061365,8743007.0
2020-12-21,301.995408008,305.642234238,306.433440926,299.567221965,2893022.0
2020-12-22,304.805555901,304.669140954,306.460723915,303.268614173,2069883.0
2020-12-23,306.015101757,307.01547803,310.707684965,305.596762589,2348234.0
2020-12-24,305.969630109,309.92566355,310.489511994,305.969630109,1360598.0
2020-12-28,312.126491349,314.618337701,316.291694375,311.990076403,2308222.0
2020-12-29,316.47358097,315.891543866,319.474709787,313.754376375,2275855.0
2020-12-30,315.645996963,313.745282045,317.401202604,313.272376898,1866024.0
2020-12-31,313.790753694,318.919955673,319.292823192,312.890415048,1969227.0
2021-01-04,319.620219063,317.846824762,320.188614673,309.55279603,4203821.0
2021-01-05,317.110184052,313.57248978,319.538370096,313.281471228,3160458.0
2021-01-06,306.578950202,326.731984928,326.932060182,304.760084252,6561435.0
2021-01-07,326.068098856,331.970318864,333.261713688,325.504250412,3366710.0
2021-01-08,333.761901825,330.478848785,334.207523982,326.268174111,2948002.0
2021-01-11,329.778585394,328.077945731,331.297338462,326.65923029,2695180.0
2021-01-12,325.522439071,325.004062275,327.468625638,323.057875709,2372762.0
2021-01-13,323.794516419,322.885083444,324.494779809,319.420143809,1974477.0
2021-01-14,324.531157128,318.783540726,326.313645759,318.683503099,2919879.0
2021-01-15,317.501240232,319.483804117,321.075311823,314.427356776,3776994.0
2021-01-19,323.949120024,320.293199465,324.631194756,319.720256691,3361269.0
2021-01-20,320.011275243,319.065464949,320.193161838,314.509205744,3036808.0
2021-01-21,319.038181959,322.848706125,328.205266347,318.974521651,3750194.0
2021-01-22,321.311764397,316.073430461,322.503121594,316.064336131,2585351.0
2021-01-25,315.709657271,316.309883034,318.65622011,313.394786576,2506366.0
2021-01-26,318.765352067,312.035548052,319.674785042,311.544454245,2467549.0
2021-01-27,306.515289894,302.832086345,307.38834555,299.212543104,4770898.0
2021-01-28,306.151516704,307.524760496,315.191280475,304.214424467,2770191.0
2021-01-29,306.051479076,303.3686518,308.315967184,300.685824524,3899501.0
2021-02-01,304.687329614,303.75061365,307.524760496,302.605455647,3020168.0
2021-02-02,306.569855872,308.043137292,313.425616354,306.569855872,2663668.0
2021-02-03,307.38834555,307.288307922,309.352720776,304.296273435,2537417.0
2021-02-04,302.222766252,299.494467327,304.923782187,298.64869466,5962249.0
2021-02-05,302.031785327,295.120094717,303.277708503,294.185652335,7227908.0
2021-02-08,297.393677154,294.965491111,297.398224319,294.478944469,4758181.0
2021-02-09,294.565340602,299.776391549,301.063148265,292.573682387,4096905.0
2021-02-10,302.531973463,303.204953865,305.351215686,299.903712165,4122733.0
2021-02-11,304.660046625,302.904840983,306.156063868,301.477031212,2776664.0
2021-02-12,301.640729148,298.512279714,302.29552089,298.184883843,2760970.0
2021-02-16,297.711978696,295.220132344,299.967372474,293.273945778,4339162.0
2021-02-17,294.165190093,297.257262208,298.839675585,293.055681864,2637714.0
2021-02-18,296.384206552,298.666883319,299.7309199,295.74760347,2385100.0
2021-02-19,298.976090531,295.183755025,299.067033828,294.756321527,2313753.0
2021-02-22,292.382701462,297.966619929,299.248920423,291.336853541,2688464.0
2021-02-23,300.10378742,299.667259592,303.696047671,297.057186954,3225724.0
2021-02-24,298.739637957,302.122728624,303.38684046,296.511527169,3360533.0
2021-02-25,301.022314725,299.085222488,303.38684046,297.707431531,2780100.0
2021-02-26,300.613069886,302.131822954,307.306496582,299.976466803,5430019.0
2021-03-01,304.078009521,304.341745083,308.211382392,303.459595098,4199115.0
2021-03-02,304.660046625,304.332650754,307.088232668,303.650576022,2568915.0
2021-03-03,303.132199227,302.722954388,307.533854826,302.64110542,3039667.0
2021-03-04,303.905217255,303.577821384,309.971135199,302.541067793,4991609.0
2021-03-05,304.687329614,315.664185622,316.746410862,304.678235284,4563095.0
2021-03-08,315.582336654,318.456144855,321.93927315,314.30003616,3419860.0
2021-03-09,320.957085537,320.10221854,328.532662218,319.520181436,4277593.0
2021-03-10,321.857424182,317.93776806,322.375800978,316.937391787,3012275.0
2021-03-11,318.992710311,321.120783472,323.73085611,318.183314963,2520563.0
2021-03-12,322.325500027,324.926592065,325.656723163,321.248556657,2088664.0
2021-03-15,325.747989551,322.973491377,326.678906701,320.847075819,2343695.0
2021-03-16,322.654059021,323.630609365,324.324233909,321.175543547,2904194.0
2021-03-17,324.150827773,321.421962793,326.797553005,321.102530437,2633061.0
2021-03-18,322.051700865,330.429955219,332.501702211,321.567989012,3311649.0
2021-03-19,330.311308916,333.651658691,338.105367125,327.655457045,8572926.0
2021-03-22,333.122313645,334.819868448,336.38965031,328.659387306,3505213.0
2021-03-23,336.636069556,336.3166372,339.091135374,335.148427443,3100090.0
2021-03-24,334.080610711,338.233231333,341.153755727,333.58777222,3407781.0
2021-03-25,338.233231333,338.680436631,339.611353782,331.652924809,3021494.0
2021-03-26,339.214344997,343.599694907,344.129039953,337.945742213,2959773.0
2021-03-29,343.490175242,345.954367699,347.268603676,342.239825736,2740463.0
2021-03-30,344.576245251,340.934716397,346.702752075,339.328427981,3066057.0
2021-03-31,340.241091854,339.574847227,344.074280121,339.328427981,3356472.0
2021-04-01,339.69349353,335.011527862,340.140698828,333.811374869,2977791.0
2021-04-05,337.338820738,337.849912507,340.085938995,335.531746269,2709486.0
2021-04-06,336.572183084,332.547335405,337.493973596,331.041440014,2698564.0
2021-04-07,332.383055907,333.706418523,333.925457853,329.06095941,2159172.0
2021-04-08,331.397378925,333.021920618,334.865501642,331.397378925,2426651.0
2021-04-09,336.179737619,343.435415409,343.71834121,334.947641391,2483494.0
2021-04-12,341.774367161,343.417162132,346.657118881,341.363668418,3057307.0
2021-04-13,343.389782216,341.792620438,346.182533667,341.63746758,2652332.0
2021-04-14,342.559258091,342.823930614,344.996070632,341.865633548,2805633.0
2021-04-15,346.81227174,355.948037108,358.092979743,346.81227174,4488251.0
2021-04-16,359.516552852,356.860700981,359.516552852,351.790853167,4532625.0
2021-04-19,355.93891047,355.79288425,359.032840999,354.542534744,2965522.0
2021-04-20,355.811137527,361.89860556,363.130701789,355.407283763,3348284.0
2021-04-21,364.025112384,363.979479191,366.41355374,360.903801939,2473336.0
2021-04-22,363.641793558,361.907732199,363.933845997,358.850308224,2718851.0
2021-04-23,361.068081436,365.348475,366.881750307,360.045897898,2263403.0
2021-04-26,364.892143064,361.287120765,365.0655492,360.693889248,1642260.0
2021-04-27,360.191924118,360.045897898,361.716072786,358.038037377,1758509.0
2021-04-28,360.666509332,360.128037647,362.318430942,358.95070125,1886514.0
2021-04-29,362.099391612,366.480178203,367.036903165,361.688692869,1996547.0
2021-04-30,365.978213073,363.970352552,366.763104003,363.559653809,2328135.0
2021-05-03,365.978213073,370.45026605,371.24428362,365.549261052,2568596.0
2021-05-04,370.066947224,375.415157519,376.446467696,368.259872755,3237206.0
2021-05-05,374.648519866,376.473847612,376.70201358,371.271663536,2767602.0
2021-05-06,376.930179549,378.728127378,380.44393546,376.528607444,3058890.0
2021-05-07,378.755507295,381.174066558,382.424416064,377.902166573,1851063.0
2021-05-10,382.652582032,384.131097506,388.77655662,381.689721646,2489255.0
2021-05-11,384.231490533,375.743716514,385.408826929,374.748912892,3024021.0
2021-05-12,373.54419658,369.966554198,374.967952222,369.336907392,2888410.0
2021-05-13,370.797078322,372.877951952,377.094459046,369.003693811,2638499.0
2021-05-14,375.095725164,374.009655155,376.555987361,372.82319212,2072948.0
2021-05-17,373.562449857,372.941838423,376.482974251,372.887078591,1584082.0
2021-05-18,373.909262129,374.539000201,376.893672994,370.787951683,2694776.0
2021-05-19,373.726729354,373.735855993,374.849305918,368.94437066,2783146.0
2021-05-20,373.763235909,372.950965062,377.687690563,372.658912623,2105974.0
2021-05-21,374.885812473,375.679830042,382.068477153,373.699349438,4295746.0
2021-05-24,376.355201309,375.059218609,377.751577034,374.11917482,1883815.0
2021-05-25,375.880616095,376.975812742,377.715070479,373.182964219,2285601.0
2021-05-26,376.108782063,377.121838962,379.029306456,375.113978441,1903928.0
2021-05-27,378.682494185,376.656380387,378.851337001,374.539000201,2041955.0
2021-05-28,376.656380387,375.944502566,379.184459315,374.210441207,2368025.0
2021-06-01,377.596424176,371.198650426,377.596424176,370.682995338,2199581.0
2021-06-02,373.407296999,370.404632857,373.407296999,369.218169822,2232967.0
2021-06-03,368.259872755,372.330353629,373.968585281,367.657514599,2281157.0
2021-06-04,375.068345248,370.212973443,375.104851803,369.309436209,2991121.0
2021-06-07,371.417689756,365.293715168,371.645855724,363.869959526,3353805.0
2021-06-08,365.722667188,366.653584339,367.57537485,363.920156039,3051309.0
2021-06-09,368.104719897,366.06947946,370.340746385,365.544697733,1925796.0
2021-06-10,366.808737197,366.42541837,367.666641238,363.669173474,4033653.0
2021-06-11,368.122973174,363.139828427,368.132099813,360.301443782,3094507.0
2021-06-14,362.601356742,364.298911546,364.581837347,360.620876138,2675015.0
2021-06-15,365.029042645,365.321095084,366.434545009,361.843845728,2845842.0
2021-06-16,366.06947946,362.555723549,367.939984068,362.026378502,3330906.0
2021-06-17,361.414893708,362.646989936,363.304107925,360.146290924,3532149.0
2021-06-18,354.751013585,356.665467258,359.679128781,354.723533389,5521433.0
2021-06-21,356.665467258,364.634724173,365.668895559,356.528066277,3839370.0
2021-06-22,366.96138079,365.202648229,366.998021052,364.405722538,3964629.0
2021-06-23,364.405722538,362.335547753,365.486610258,362.065325823,2942116.0
2021-06-24,364.863725809,365.367529407,368.381374132,363.508036127,3309150.0
2021-06-25,366.494217454,370.936849182,375.544362089,365.504930388,16928876.0
2021-06-28,370.936849182,367.739986351,370.973489444,364.507399264,3193451.0
2021-06-29,368.207149687,364.66220437,369.333837734,364.094280314,2458834.0
2021-06-30,364.149240706,366.805659678,367.685025958,363.471395865,2875702.0
2021-07-01,368.26211008,370.88188879,371.170430851,368.060588641,2678291.0
2021-07-02,371.065090098,374.976438033,375.443601369,369.956722182,1982443.0
2021-07-06,374.344393519,375.80084392,376.625249808,371.633014154,2615260.0
2021-07-07,375.883284509,377.083253079,377.559576481,372.997863902,2270451.0
2021-07-08,374.289433126,375.516881892,376.322967649,371.05135,2032596.0
2021-07-09,377.880178771,377.495456023,378.539703481,376.144346374,2078874.0
2021-07-12,376.497008892,381.095361733,381.425124088,375.846644248,2802629.0
2021-07-13,381.406803957,383.385378088,384.438785611,380.793079574,2948990.0
2021-07-14,385.428072677,379.904553229,387.040244191,378.631304135,3538730.0
2021-07-15,377.312254715,384.768547967,386.307438957,372.997863902,3546506.0
2021-07-16,385.968516537,384.447945677,386.820402621,382.56225461,2625375.0
2021-07-19,382.194569584,374.70163607,384.292224565,372.640621351,3611295.0
2021-07-20,376.478688762,378.283221649,382.643412789,376.12144621,3186929.0
2021-07-21,382.029688406,379.812952574,382.185409518,376.322967649,1863958.0
2021-07-22,381.077041602,380.848039967,381.814426869,378.979386621,1421946.0
2021-07-23,382.799133901,382.615932593,384.118183322,381.049561406,1611877.0
2021-07-26,381.819006901,378.805345378,382.588452397,376.387088107,2232878.0
2021-07-27,377.394695304,380.234315584,380.38087663,375.068038687,2630593.0
2021-07-28,379.675551593,374.80239679,379.675551593,372.631461285,2446949.0
2021-07-29,376.735170593,377.467975827,377.925979098,374.115391883,1597578.0
2021-07-30,376.258847191,377.596216743,379.016026883,375.791958657,1864207.0
2021-08-02,378.832825574,380.664838658,381.46176435,378.136660603,1806710.0
2021-08-03,380.893840294,386.463160069,386.683001639,380.215995453,2496628.0
2021-08-04,386.600561051,386.133397714,388.075331583,384.457105742,1995410.0
2021-08-05,386.609721116,376.652730004,386.783762359,373.629908416,3598649.0
2021-08-06,377.403855369,380.252635715,381.764046509,377.403855369,1944057.0
2021-08-09,380.096914602,376.359607911,381.269402976,375.883284509,1509781.0
2021-08-10,376.029845556,377.193173864,378.906106098,374.252792864,1441848.0
2021-08-11,378.338182042,373.492507435,379.16258793,373.28182593,1542591.0
2021-08-12,372.814662594,371.86201579,374.399353911,370.34144493,1940158.0
2021-08-13,372.887943117,375.260400061,375.608482547,371.825375528,1537838.0
2021-08-16,375.416121173,382.167089387,382.359450761,373.116944752,2377942.0
2021-08-17,382.066328668,386.353239284,387.012763995,381.635805593,2257975.0
2021-08-18,385.959356471,382.267850107,386.179198041,382.057168602,3037085.0
2021-08-19,380.490797415,391.950039256,392.373600681,377.76109792,3204670.0
2021-08-20,392.371402265,393.617171162,395.124001924,391.052352845,2401874.0
2021-08-23,394.395776723,389.632542705,394.395776723,389.211179695,2375913.0
2021-08-24,389.779103751,387.846329948,390.163826499,386.298278892,1619511.0
2021-08-25,386.417359742,384.484585939,388.034111289,384.218944041,1939263.0
2021-08-26,384.512066135,381.837327032,385.995996733,381.635805593,1385426.0
2021-08-27,382.899894621,383.586899527,385.043349929,381.164062224,1621625.0
2021-08-30,383.586899527,383.165536518,385.244871368,382.789973836,1284534.0
2021-08-31,381.974728014,381.306043238,385.399401672,379.423649794,4249141.0
2021-09-01,381.553365004,382.295330303,384.603666789,376.698530332,2034426.0
2021-09-02,383.953302144,388.12113191,388.753176424,383.110576126,3137553.0
2021-09-03,386.490640266,387.34252635,388.386773808,385.28151163,1604878.0
2021-09-07,384.997549602,385.858595752,386.792922424,382.506011808,1920360.0
2021-09-08,385.812795424,380.499957481,387.351686415,379.409909696,2262485.0
2021-09-09,380.454157154,379.730511986,384.924269079,379.16258793,3508654.0
2021-09-10,381.991797494,371.282863908,382.396255072,370.069491176,4215812.0
2021-09-13,375.0240965,381.035806856,383.140824703,373.617687197,3068508.0
2021-09-14,383.857817681,379.215747758,383.857817681,378.135662181,2879816.0
2021-09-15,379.197363322,383.793472157,387.378437049,376.421313586,3180913.0
2021-09-16,385.769798956,383.168401356,389.198496147,381.441735189,2262750.0
2021-09-17,381.449456651,386.220217622,387.075093866,381.449456651,4534224.0
2021-09-20,383.241939097,379.36282324,385.427296926,375.704320608,2799803.0
2021-09-21,381.486225522,379.031903404,384.951691584,378.912404575,2382332.0
2021-09-22,372.229662328,375.685936172,378.719368004,372.229662328,3629528.0
2021-09-23,376.697080116,375.070057589,381.339150039,374.59206227,2681575.0
2021-09-24,374.068105862,374.19679691,374.941366541,372.496236641,1950406.0
2021-09-27,374.886213235,372.533005512,378.857251269,372.248046764,2608595.0
2021-09-28,370.078683394,366.420180761,371.365593868,364.949425934,3115355.0
2021-09-29,364.931041499,368.065587724,369.389267068,363.827975378,2056513.0
2021-09-30,369.058347232,359.176713237,370.896790766,358.919331142,3779978.0
2021-10-01,359.967243957,360.730198023,361.88841745,352.172243373,3146595.0
2021-10-04,359.985628392,355.748016046,363.23048123,353.67976707,3074800.0
2021-10-05,357.889802763,361.64941979,364.021011949,357.797880587,3269575.0
2021-10-06,359.185905455,362.403181639,362.885773067,354.672526579,2809162.0
2021-10-07,364.710428274,372.009049104,375.198748636,364.664467186,2813903.0
2021-10-08,373.580918326,375.465322948,376.072009315,370.115452264,2012300.0
2021-10-11,375.042480936,372.275623417,377.997778916,371.558630439,2164172.0
2021-10-12,372.385930029,370.666985325,375.391785207,369.812109081,2415888.0
2021-10-13,370.758907501,370.951944072,372.569774382,365.95137766,3022259.0
2021-10-14,391.275937341,386.404061976,398.482635994,384.050854252,6038968.0
2021-10-15,387.957546762,393.491261799,395.715778475,387.45197479,3312213.0
2021-10-18,393.426916276,390.319946703,393.426916276,389.602953725,2232846.0
2021-10-19,392.351426808,390.099333479,393.261456357,389.198496147,1616762.0
2021-10-20,392.507694509,399.944198604,400.348656181,392.360619026,2764103.0
2021-10-21,400.321079528,406.553403108,406.755631897,399.935006386,2465157.0
2021-10-22,405.229723764,412.877648865,412.997147695,404.880419492,2736159.0
2021-10-25,413.64979515,413.180992048,416.071944506,410.377365659,3553683.0
2021-10-26,414.100213815,417.914984148,420.736994973,411.434470691,3103922.0
2021-10-27,417.914984148,416.848686899,423.246470397,416.848686899,3520637.0
2021-10-28,416.407460451,418.650361562,420.911647109,415.966234002,1672551.0
2021-10-29,417.703563142,423.27404705,424.119731076,416.462613757,2497757.0
2021-11-01,424.514996435,417.427796612,428.136730197,414.731259558,2203362.0
2021-11-02,419.404123411,415.525007554,419.569583329,413.999099421,2600121.0
2021-11-03,414.035868292,420.387690702,420.562342837,410.928898719,2438191.0
2021-11-04,420.635880579,419.863734294,421.472372387,415.635314166,2517324.0
2021-11-05,420.847301585,418.990473616,424.239229905,417.855234734,2904970.0
2021-11-08,419.946464253,425.250373849,426.693552023,417.611640965,2279871.0
2021-11-09,425.250373849,426.840627506,426.950934118,423.108587132,2657937.0
2021-11-10,427.796618144,422.750090643,428.357343422,419.739639356,2818195.0
2021-11-11,422.84201282,420.442844008,423.623351321,418.650361562,2246838.0
2021-11-12,423.457891403,421.913598835,423.760315365,420.15788526,2609476.0
2021-11-15,421.003569286,414.385172563,421.192009748,414.109406033,2849840.0
2021-11-16,416.398268233,413.300490878,421.325296904,413.070685436,3383816.0
2021-11-17,414.008291639,412.684612294,417.289913347,412.482383505,2281511.0
2021-11-18,412.482383505,413.162607613,416.232808315,410.993244243,2073808.0
2021-11-19,411.930850445,404.45757748,413.139627069,403.997966596,3536082.0
2021-11-22,407.049782862,402.196291933,407.904659106,402.058408668,2598754.0
2021-11-23,400.789882629,411.011628678,411.370125167,400.780690412,2857609.0
2021-11-24,410.561210012,413.796870632,414.550632481,409.641988245,2248937.0
2021-11-26,408.980148573,404.37484752,411.976811534,402.812170517,2480600.0
2021-11-29,407.73000697,415.488238684,416.476402083,404.963149451,4079718.0
2021-11-30,410.947283155,408.336693336,414.890744535,405.606604688,7435449.0
2021-12-01,416.306346056,408.446999948,419.09158801,408.263155595,4325958.0
2021-12-02,407.353126046,409.991292517,411.705641112,403.739297591,4738801.0
2021-12-03,412.942396563,414.37183738,419.093603176,410.544624869,3038334.0
2021-12-06,416.981719646,424.322589907,425.862697109,416.40072112,4721697.0
2021-12-07,426.752639296,428.583245761,429.523910041,424.433256292,3105216.0
2021-12-08,429.837464801,432.392013874,433.600121919,426.517473226,3228297.0
2021-12-09,432.087681313,436.505114548,437.574889611,431.008684051,2977510.0
2021-12-10,435.287784304,441.033214168,441.263769139,434.37478662,2572300.0
2021-12-13,439.917328111,440.950214379,442.902369425,437.142276264,2724800.0
2021-12-14,442.434988389,442.167544623,445.464480701,440.064883292,3018220.0
2021-12-15,443.218875289,455.927065263,456.867729542,442.794654143,4188582.0
2021-12-16,455.585843906,454.525291042,458.306392558,451.989186367,4080828.0
2021-12-17,453.197294412,449.231748919,454.77429041,448.549306207,5716464.0
2021-12-20,444.509983124,446.105423519,447.285864968,438.294221119,3145690.0
2021-12-21,449.139526931,449.314748709,450.965522298,444.689816,2535993.0
2021-12-22,449.259415516,455.696510292,456.913840536,448.106640663,1687590.0
2021-12-23,456.49884159,456.849285145,459.403834218,454.479180048,1706591.0
2021-12-27,459.892610755,460.648831059,461.386606964,458.011282196,1349434.0
2021-12-28,462.954380764,463.821267453,466.016150772,461.478828952,1495560.0
2021-12-29,465.518152035,466.255927941,467.768368548,462.954380764,1573962.0
2021-12-30,468.423144664,465.195375077,469.62203051,464.476043569,1309798.0
2021-12-31,464.927931311,463.083491547,467.445591589,462.991269559,1695418.0
2022-01-03,461.109941,463.21260233,463.784378657,454.70051282,3034118.0
2022-01-04,464.061044622,452.717740073,464.568265557,452.699295676,3908144.0
2022-01-05,456.286731017,451.601854016,458.343281354,451.601854016,3921068.0
2022-01-06,442.66554336,433.120567581,446.478922572,427.098471751,6555181.0
2022-01-07,431.313016612,422.930037885,431.571238179,420.117267245,5494221.0
2022-01-10,420.532266192,428.83224513,429.625354228,419.093603176,5831782.0
2022-01-11,430.86112887,432.521124658,433.853732387,424.83903304,3332814.0
2022-01-12,432.493458061,436.874002501,438.349554312,430.068019771,3502254.0
2022-01-13,438.875219644,431.073239443,439.483884767,429.736020614,3005301.0
2022-01-14,433.341900352,432.235236494,436.366689343,428.90602272,3665568.0
2022-01-18,428.989022509,425.134143403,429.487021246,422.699482914,3939679.0
2022-01-19,431.598996997,426.545139822,438.506331692,425.613697741,4030865.0
2022-01-20,428.260468803,426.987805366,434.946562947,426.065585484,3228619.0
2022-01-21,427.448915307,425.300142981,434.171898246,425.207920993,4273182.0
2022-01-24,422.441261347,426.314584852,428.039136031,413.272366836,4782531.0
2022-01-25,418.752381819,421.306930892,423.75081358,412.481286622,3428905.0
2022-01-26,422.791704902,422.773260505,427.799358862,418.180605492,4435865.0
2022-01-27,422.450483546,425.696697531,432.226014295,421.46776604,3508851.0
2022-01-28,425.512253554,429.809798204,430.012686578,419.6838239,3364353.0
2022-01-31,428.83224513,435.813449636,436.376003764,428.2789132,3500457.0
2022-02-01,438.05444395,431.977014927,438.05444395,426.757250395,3148584.0
2022-02-02,432.57645785,442.462654985,444.491538726,432.57645785,3026806.0
2022-02-03,459.864944159,450.753411725,461.277323908,445.957868338,4370853.0
2022-02-04,444.279428153,445.588980385,451.541909724,442.840765137,3066628.0
2022-02-07,447.19364298,446.077756923,449.360859703,443.863322542,2937150.0
2022-02-08,443.9105402,455.032511977,457.11672891,443.9105402,3534674.0
2022-02-09,458.343281354,459.357723224,461.96760549,457.688505237,2818193.0
2022-02-10,453.953514715,448.862860967,455.779510082,447.341198161,2626102.0
2022-02-11,446.981532407,440.94099218,452.284296729,439.382809468,2493767.0
2022-02-14,438.155888137,437.50111202,440.581326426,432.825457219,2549550.0
2022-02-15,438.921330639,441.033214168,443.744540621,438.238887926,3001062.0
2022-02-16,438.515553891,442.711654354,444.260983755,434.729841275,2651838.0
2022-02-17,440.977880975,433.756899299,442.010767243,432.41968047,2403087.0
2022-02-18,433.67389951,431.423682998,437.980666359,430.515296414,2992317.0
2022-02-22,427.753247868,426.535917623,430.851906671,422.210706377,3030004.0
2022-02-23,430.851906671,423.870702164,431.340683209,423.151370656,2840271.0
2022-02-24,414.556281356,420.430822004,421.076375922,411.065679103,3933013.0
2022-02-25,421.131709115,438.746108861,438.773775457,420.744376764,3314383.0
2022-02-28,429.616132029,438.856775247,440.184771877,429.395075923,3918405.0
2022-03-01,434.264120234,439.207218802,439.861994918,431.345294308,2917576.0
2022-03-02,440.996325373,447.627086325,449.277859913,440.719659408,3675930.0
2022-03-03,448.198862652,448.742972382,453.160405617,444.712871498,3139373.0
2022-03-04,443.301875078,459.864944159,460.79638624,440.350771456,4172420.0
2022-03-07,461.109941,449.001193949,461.109941,445.450647403,4123289.0
2022-03-08,441.558879501,436.634225331,446.80631063,434.84511876,3849520.0
2022-03-09,445.044870655,447.802308102,449.780469749,436.757341685,3115667.0
2022-03-10,442.047656039,453.21573881,455.309177942,440.664326216,2834819.0
2022-03-11,451.217849205,446.630102383,456.739794472,446.297120759,2615085.0
2022-03-14,453.594968022,451.301094611,458.395453104,448.854604622,2704148.0
2022-03-15,453.22498844,460.541334681,462.418981062,450.732251003,3043036.0
2022-03-16,462.317236677,460.865066816,467.561604763,453.234237929,3497127.0
2022-03-17,458.774682176,468.967619671,469.060114566,458.016224032,2357157.0
2022-03-18,470.558531875,468.13516561,472.352840355,463.917398371,5065583.0
2022-03-21,467.108472269,469.559587002,474.498814428,466.507255448,2617731.0
2022-03-22,471.048754822,467.395206445,473.435123128,466.951230947,2752606.0
2022-03-23,464.57411213,465.462063127,469.004617629,463.709099866,2753285.0
2022-03-24,467.09922278,474.924290947,477.070172525,466.04478097,2789323.0
2022-03-25,475.599503685,474.526562896,477.763884242,471.021006353,2551278.0
2022-03-28,475.719747049,474.683804219,478.328103105,470.623278302,2643027.0
2022-03-29,478.291105147,472.399180297,480.594228048,469.226605378,3478451.0
2022-03-30,476.450456725,481.731915263,482.083395867,474.01784097,3041170.0
2022-03-31,478.291105147,471.696219091,482.721610646,471.418734404,3979655.0
2022-04-01,472.35293285,474.119585356,476.146241013,468.579141109,2344164.0
2022-04-04,473.768104752,471.742466539,474.01784097,466.664589265,2658095.0
2022-04-05,471.72396756,478.901571458,485.348373186,469.874069648,3268601.0
2022-04-06,479.327047978,491.841607353,493.476362137,479.123559208,3955553.0
2022-04-07,490.22294668,496.651341924,497.881524035,488.73377886,2866953.0
2022-04-08,498.547487284,504.985132017,507.769228375,497.715033223,3986655.0
2022-04-11,502.802252481,497.104566912,506.511297795,496.364607747,3573972.0
2022-04-12,495.226920531,493.654507306,500.143024233,490.944406865,3575727.0
2022-04-13,493.293777213,496.697589372,497.881524035,488.949661947,3011998.0
2022-04-14,498.085012806,494.681200647,511.765007865,493.98748893,4211268.0
2022-04-18,497.530043432,493.99673842,500.397385196,490.574427283,2087301.0
2022-04-19,495.67089603,497.345053641,501.76630965,495.069679209,2207570.0
2022-04-20,501.451827005,505.031379465,507.205009512,498.547487284,2986435.0
2022-04-21,504.559655498,497.104566912,506.872027888,495.800388884,2539864.0
2022-04-22,492.128341529,481.842909138,493.321525682,481.144572676,3453260.0
2022-04-25,481.343436702,484.922989162,486.763637584,473.324129253,3030378.0
2022-04-26,484.895240693,475.220274613,486.763637584,474.970538395,2895496.0
2022-04-27,476.265466933,475.248023082,481.80591118,471.557476747,3353693.0
2022-04-28,477.976622502,485.061731505,486.782136563,474.65605575,2584196.0
2022-04-29,479.90976582,470.382791573,480.883274596,468.912492713,2873166.0
2022-05-02,472.473176214,463.538169299,474.970538395,456.314317953,3184294.0
2022-05-03,463.51967032,462.122997396,467.580196237,460.14360663,2763469.0
2022-05-04,462.012003522,469.522589044,471.5112293,456.083080714,4002582.0
2022-05-05,469.143359972,457.590747512,472.34368336,452.512777743,3359731.0
2022-05-06,448.609493149,462.122997396,463.92664786,448.60024366,3260260.0
2022-05-09,453.594968022,449.913671177,457.507502106,448.073022755,3862856.0
2022-05-10,456.749043962,451.384340017,459.09841431,445.01144171,4275796.0
2022-05-11,448.036024796,449.663934959,462.955451457,448.036024796,3936256.0
2022-05-12,449.617687511,442.865560132,450.348397186,436.039436837,3997597.0
2022-05-13,444.881948856,448.970223242,450.450141572,440.099962754,2453460.0
2022-05-16,448.979472731,452.503528254,458.367704635,447.814037047,2338841.0
2022-05-17,456.924784264,455.565109298,457.590747512,451.801584491,2289028.0
2022-05-18,451.615577256,436.002438879,452.494278764,433.209093032,3240456.0
2022-05-19,429.472299249,442.634322893,445.43691823,428.556599783,3813778.0
2022-05-20,445.251928439,449.275456397,450.884867581,436.862641408,3068172.0
2022-05-23,449.793427813,455.148882268,458.534195447,449.793427813,2279825.0
2022-05-24,453.955698115,460.217602547,460.698576004,451.985556838,2658056.0
2022-05-25,461.105553545,460.707825494,464.611110088,454.390424124,3161599.0
2022-05-26,464.083889183,464.537114171,469.184982675,461.928758115,2705786.0
2022-05-27,454.149937396,469.050865077,469.050865077,452.660769576,3349142.0
2022-05-31,465.82279322,459.496142361,466.276018209,458.46019953,4003074.0
2022-06-01,460.920563753,455.583608277,463.750815064,451.171601757,1766078.0
2022-06-02,456.924784264,455.31537308,458.913424519,446.722597279,2093659.0
2022-06-03,451.680323683,449.164462523,454.769653196,448.507748764,1756929.0
2022-06-06,452.697767535,453.391479252,456.58255315,449.793427813,1781544.0
2022-06-07,452.762513962,459.792126027,460.263849995,450.561135446,2341954.0
2022-06-08,456.924784264,456.490058254,460.532085192,451.883812453,3268069.0
2022-06-09,455.888841433,452.697767535,459.200158695,451.014360435,3148961.0
2022-06-10,448.415253868,448.258012546,453.368355528,444.835701409,2600182.0
2022-06-13,439.470997464,434.448524633,445.210305736,432.19164918,3764760.0
2022-06-14,432.41363693,427.095180433,433.967551176,423.085526708,3814182.0
2022-06-15,429.361305375,429.481548739,433.814934598,422.239198414,2550650.0
2022-06-16,420.867412419,423.36439817,424.960983854,418.342579243,3135644.0
2022-06-17,418.407556568,419.623560781,428.349087196,417.433732125,5277373.0
2022-06-21,424.960983854,445.855834877,450.306781596,424.301928136,5726819.0
2022-06-22,441.585896418,454.544231392,460.336495736,440.490564379,5062327.0
2022-06-23,459.43609567,463.947378476,467.44223028,456.660635672,4687671.0
2022-06-24,463.603926905,460.076586439,463.900966102,451.64809922,15861102.0
2022-06-27,457.468210989,469.377626299,475.160608167,457.236149116,3907063.0
2022-06-28,475.336975191,471.958154324,481.398431307,468.839242754,4978896.0
2022-06-29,472.338735795,478.706513583,481.481973581,469.70251292,3823386.0
2022-06-30,476.701499003,476.775758802,479.272744553,473.146311112,3568973.0
2022-07-01,475.559754589,480.275251843,480.395924017,466.267997204,2426595.0
2022-07-05,471.215556331,468.987762352,474.334467901,456.929827444,3029679.0
2022-07-06,469.359061349,478.316649637,480.284534318,468.115209711,2506694.0
2022-07-07,478.279519737,477.47194442,480.182427094,475.476212314,2385476.0
2022-07-08,475.550472114,481.416996257,490.458126819,474.343750375,3092242.0
2022-07-11,477.917503216,479.857540472,484.053219131,475.086348368,1743844.0
2022-07-12,476.423024755,477.50907432,481.890402477,473.981733854,2706479.0
2022-07-13,471.614702752,465.274772388,475.132760743,465.228360014,3467663.0
2022-07-14,459.482508045,466.379386903,469.591123221,456.957674869,3765477.0
2022-07-15,488.313875115,491.739108357,493.818382737,478.465169235,5742524.0
2022-07-18,492.899417721,482.1038994,493.97618481,481.528385956,3211973.0
2022-07-19,483.700485085,495.173624073,495.535640595,483.236361339,2953499.0
2022-07-20,495.173624073,482.196724149,495.730572568,478.725078533,4327501.0
2022-07-21,482.12246435,484.972184147,484.981466622,474.464422549,2667760.0
2022-07-22,488.258180266,483.997524282,489.743376251,481.203499334,1850361.0
2022-07-25,488.34172254,491.479199059,494.653805478,486.605992556,2337174.0
2022-07-26,495.498510695,493.44708374,499.062981061,492.927265145,2637778.0
2022-07-27,495.257166348,496.250391163,499.267102684,490.151805147,2254226.0
2022-07-28,498.923743937,502.636733901,505.277598013,493.586320864,2344515.0
2022-07-29,501.262927614,503.425744268,504.82739798,498.181145944,2945668.0
2022-08-01,503.360766944,496.965141731,504.641748482,492.899417721,2335110.0
2022-08-02,498.979438787,497.03940153,501.74561631,493.567755914,2114181.0
2022-08-03,498.710247014,501.857006009,504.613901057,497.252898453,1802871.0
2022-08-04,500.594589421,495.452098321,501.652791561,494.528492067,2368022.0
2022-08-05,491.97117023,496.668102534,497.07653143,489.706246351,2373351.0
2022-08-08,501.170102865,498.09760367,502.460366878,495.145776649,1656562.0
2022-08-09,501.25364514,498.710247014,506.581785738,497.893389222,2147371.0
2022-08-10,501.494989487,499.13724086,503.091575172,495.50779317,2291822.0
2022-08-11,499.619929555,494.625958054,499.985287768,491.669489795,3006208.0
2022-08-12,497.178638654,504.688160856,505.333292862,496.101871564,1981072.0
2022-08-15,502.803818449,505.560713498,507.94630955,499.916968752,1447471.0
2022-08-16,506.089814568,506.934519784,508.159806473,503.472156643,1773163.0
2022-08-17,506.117661992,505.894882595,508.484693094,502.7109937,1471658.0
2022-08-18,505.904165069,506.099097043,508.800297241,502.943055573,1486507.0
2022-08-19,506.35900634,508.976664265,513.441441872,505.723156809,2257960.0
2022-08-22,502.543909152,505.495736173,510.090561254,502.506779252,1673062.0
2022-08-23,504.307579385,497.355005677,504.307579385,494.950844676,2039750.0
2022-08-24,498.171863469,497.967649021,501.123690491,496.630972634,1761303.0
2022-08-25,496.621690159,502.7109937,503.128705071,493.131479593,1966031.0
2022-08-26,503.351484469,491.274984611,504.214754636,490.318889696,1906675.0
2022-08-29,488.258180266,491.757673307,494.663087953,485.352765619,1594143.0
2022-08-30,492.351751701,485.324918194,492.982959995,484.350258328,2013614.0
2022-08-31,483.449858262,482.066769501,489.279252506,481.90432619,2891267.0
2022-09-01,482.066769501,486.401685284,486.643029631,478.131000139,2085325.0
2022-09-02,491.618436183,479.300591977,491.776238256,476.94284335,1944395.0
2022-09-06,482.623717995,480.53516114,489.604139127,479.829693047,2712122.0
2022-09-07,479.903952847,484.248151104,485.937561538,477.750418667,2504420.0
2022-09-08,483.570530436,489.659833977,490.569516518,481.584080805,1557462.0
2022-09-09,491.49421922,488.244470579,491.49421922,486.605628858,2495566.0
2022-09-12,488.859036225,494.678786656,498.189260116,486.531136052,2792131.0
2022-09-13,487.927876156,478.579029063,489.101137842,476.726020525,3172459.0
2022-09-14,478.616275466,474.677468374,479.901276361,471.26011092,2648242.0
2022-09-15,480.757943624,486.91291168,491.63389323,478.746824107,3058112.0
2022-09-16,482.825118977,485.15301915,486.829107274,481.484248478,3981880.0
2022-09-19,482.890300182,487.508854124,487.927876156,477.657180594,2130831.0
2022-09-20,488.151354572,486.810484073,488.551753402,479.370515121,2421736.0
2022-09-21,488.886971027,476.828448133,491.661828032,476.772578529,2427676.0
2022-09-22,475.850730061,481.838089304,485.106461146,471.269515637,2285665.0
2022-09-23,478.206565035,478.253123039,479.230841111,471.52083574,2536898.0
2022-09-26,472.461307409,473.364532676,477.284716567,464.648874431,2867422.0
2022-09-27,475.236164415,473.373844277,481.218867858,468.913587547,2583422.0
2022-09-28,471.613951747,478.560405861,480.730008822,466.324962555,3027461.0
2022-09-29,479.333268719,473.802177909,479.333268719,467.87999987,2391995.0
2022-09-30,475.915911265,470.273081247,480.990733641,470.086849233,3115982.0
2022-10-03,472.172647788,480.02232717,482.163995328,470.608298872,2562378.0
2022-10-04,482.666821766,487.155013298,488.477260596,481.251458461,3189949.0
2022-10-05,485.134395949,490.786537567,492.909582525,484.324286688,2281842.0
2022-10-06,491.959799254,483.393126619,492.187933471,481.167654055,2187472.0
2022-10-07,478.774572677,470.096160834,478.774572677,466.567064173,3273730.0
2022-10-10,470.794530886,464.518512021,471.455654535,460.942857356,2459074.0
2022-10-11,462.75861949,465.403114086,471.939857771,461.091842967,2844484.0
2022-10-12,467.563405446,465.542788097,473.262105069,463.913257976,2254405.0
2022-10-13,459.480936048,474.807830783,478.122760629,454.164012054,3999686.0
2022-10-14,484.20323588,477.806166205,493.431032163,476.688774123,5629394.0
2022-10-17,482.098814124,485.953816809,488.216535777,479.808160354,3282253.0
2022-10-18,495.377156708,486.261099632,495.377156708,482.643542764,2345539.0
2022-10-19,485.8234544,484.501207102,487.755611543,479.174971507,2500475.0
2022-10-20,487.04327409,485.02265674,492.974763729,483.998380664,2390876.0
2022-10-21,482.396785346,496.988063627,499.59763972,482.350227342,2896214.0
2022-10-24,501.029298326,504.31629337,508.860354507,500.777885108,2627131.0
2022-10-25,500.768573507,503.031292475,506.47658473,497.146360839,2411856.0
2022-10-26,504.111438155,505.778214678,509.940500187,503.017325074,2863742.0
2022-10-27,508.897600909,504.502525384,508.897600909,502.602958843,2212194.0
2022-10-28,507.454302802,513.292676435,514.931518157,506.262417914,2761938.0
2022-10-31,516.793838295,516.933512305,519.680434508,512.259088758,2770635.0
2022-11-01,516.793838295,509.633217364,517.436338742,506.755932751,3339099.0
2022-11-02,506.932853164,506.020316296,516.402751066,505.685098671,2697704.0
2022-11-03,504.44665578,506.187925109,510.154667003,501.08516793,2245262.0
2022-11-04,509.391115746,501.122414333,510.052239395,490.851718772,3513052.0
2022-11-07,501.122414333,507.500860806,509.297999739,498.608282147,2540371.0
2022-11-08,509.391115746,514.97807616,516.607606281,504.688757398,2797204.0
2022-11-09,515.65782301,503.441002905,516.430685868,502.304987621,2672602.0
2022-11-10,511.141696676,506.709374747,513.721010067,497.192918842,3426381.0
2022-11-11,508.674122493,486.140048823,508.674122493,474.565729165,7034283.0
2022-11-14,486.065556018,478.383485448,492.565053299,478.066891025,5238379.0
2022-11-15,477.508194983,468.382826307,481.069882247,466.299262537,5103837.0
2022-11-16,471.064567306,476.306998494,478.737326274,470.673480077,3430771.0
2022-11-17,476.902940939,479.836095156,490.702733161,476.902940939,4247498.0
2022-11-18,486.177295226,493.51483657,496.303660976,483.699571398,3566312.0
2022-11-21,492.592988101,481.586676086,495.330598704,479.901276361,3349944.0
2022-11-22,484.147366275,487.080520493,488.537972233,484.119431473,2567508.0
2022-11-23,488.859036225,493.244800149,493.924547,486.996716087,2238349.0
2022-11-25,497.239476846,500.610276295,503.617923318,495.861359943,1419205.0
2022-11-28,498.943499772,495.628569926,502.435350031,495.088497086,2702268.0
2022-11-29,495.069873885,491.652516432,496.280381974,487.601970131,3751059.0
2022-11-30,493.25411175,510.052239395,510.350210617,491.168313196,9688890.0
2022-12-01,514.335575712,499.949152646,514.931518157,498.91556497,2997802.0
2022-12-02,497.679459059,500.789780548,503.078155216,497.315187173,2346191.0
2022-12-05,496.42785822,499.743666414,504.731389161,495.858099629,2424963.0
2022-12-06,499.164567518,503.741316855,504.927535561,498.996442032,3097655.0
2022-12-07,505.16104318,507.094486268,509.891907546,504.034976037,2849099.0
2022-12-08,508.915845698,511.773978957,514.921661665,507.907092783,2272332.0
2022-12-09,511.783319262,503.629233198,512.306376329,503.32100314,2852394.0
2022-12-12,506.104413962,509.849876175,510.054428849,503.703955636,2714056.0
2022-12-13,514.239819417,502.71388333,514.641452522,499.799708242,3369673.0
2022-12-14,506.1791364,502.844647597,507.626883639,496.502580658,2654614.0
2022-12-15,498.762934413,492.869202103,498.837656851,490.804994749,2964503.0
2022-12-16,490.506104996,489.151760804,491.122565111,481.698197598,7109084.0
2022-12-19,489.992388234,489.058357757,492.431235212,486.562628322,1808107.0
2022-12-20,492.224721074,485.89199444,492.224721074,485.415638896,2086249.0
2022-12-21,489.086378671,492.738437836,493.055914795,483.921190133,2182136.0
2022-12-22,491.74836553,492.318124121,494.111462637,487.218317717,1852690.0
2022-12-23,489.525372995,496.259732734,496.259732734,488.39986627,1292327.0
2022-12-27,498.706892584,496.894873459,500.490890795,494.891378086,1596719.0
2022-12-28,499.771687328,493.58840557,502.648501197,492.919639749,1694377.0
2022-12-29,497.408590221,494.924069152,498.473384965,493.971358066,1379681.0
2022-12-30,495.03615281,495.204278295,495.503168048,490.216555548,1849605.0
2023-01-03,490.487424387,484.425566591,490.954439625,478.373142503,3525627.0
2023-01-04,484.425566591,471.218375646,484.425566591,467.575656786,5070439.0
2023-01-05,467.958609281,457.63757251,468.967362196,456.273888014,5497123.0
2023-01-06,459.160042188,457.67493373,460.355601198,455.377312159,4841278.0
2023-01-09,459.925947179,457.730975558,467.005898195,456.311249233,3702782.0
2023-01-10,456.600798681,453.938811822,458.113928054,450.837830638,3164038.0
2023-01-11,453.275650183,460.850637351,462.905504401,453.004781345,4274212.0
2023-01-12,457.67493373,462.970886534,465.829019794,453.210268049,3726800.0
2023-01-13,454.041555174,457.273300624,475.888528031,453.938811822,5390067.0
2023-01-17,458.795770302,453.079503783,460.420983332,451.865264163,4495565.0
2023-01-18,455.853574299,444.822674366,457.207918491,443.430968955,4398196.0
2023-01-19,446.345144043,452.407001839,454.303083708,445.89512816,4549554.0
2023-01-20,453.499817497,454.611313765,454.863501994,447.400598483,3525905.0
2023-01-23,454.573952546,453.761346031,457.768336777,449.632931323,3418670.0
2023-01-24,467.258086424,459.169382493,467.258086424,448.33462896,3036295.0
2023-01-25,457.002431786,460.010009922,462.681337086,453.686623593,3037315.0
2023-01-26,460.010009922,459.991329312,463.699430306,458.216764809,3004962.0
2023-01-27,460.822616437,453.985513345,460.822616437,452.509745192,3177132.0
2023-01-30,455.629406985,453.742665421,462.578593734,452.817975249,3606855.0
2023-01-31,465.147177546,466.258673813,472.152406123,460.598449123,5567038.0
2023-02-01,466.968536976,464.213147069,471.106291989,462.970886534,3451202.0
2023-02-02,461.653903562,439.769569485,462.345086115,433.287397975,11169877.0
2023-02-03,443.879303584,440.881065753,447.195111778,438.76081657,5440070.0
2023-02-06,440.862385144,443.888643889,447.367907416,439.937694971,4174173.0
2023-02-07,439.965715886,445.420453871,446.541290444,438.08840803,3394630.0
2023-02-08,444.103470899,451.342207095,453.037472411,443.767219927,3466399.0
2023-02-09,453.593220545,453.686623593,457.390054434,450.576302104,3664633.0
2023-02-10,456.862327215,461.644563257,462.961546229,456.507395633,3418087.0
2023-02-13,461.411055638,462.671996781,466.889144385,459.318827369,2589104.0
2023-02-14,461.681924476,460.318239979,465.103745128,456.824965995,2072571.0
2023-02-15,457.348023063,458.842471826,459.384209502,456.171144662,2243051.0
2023-02-16,458.749068778,455.199752965,461.411055638,455.125030527,2611457.0
2023-02-17,455.22777388,466.155930461,466.510862042,455.199752965,3891503.0
2023-02-21,463.932937925,458.898513654,468.318211015,458.141948968,2877341.0
2023-02-22,460.29955937,456.6381599,461.308312285,456.432673195,2982761.0
2023-02-23,454.555271936,459.253445236,460.785255218,453.814118753,2511809.0
2023-02-24,457.282640929,452.378980925,460.019350227,451.146060695,2940610.0
2023-02-27,456.526076243,451.435610143,458.552922378,450.165328694,3006212.0
2023-02-28,450.828490333,444.542465223,451.472971362,442.655723659,3902052.0
2023-03-01,442.366174211,443.869963279,446.844850349,440.862385144,2996913.0
2023-03-02,443.860622975,446.186358862,448.736262065,442.02992324,2189176.0
2023-03-03,446.410526177,446.989625073,447.49400153,442.935932802,2863285.0
2023-03-06,449.614250713,449.063172732,452.397661534,447.400598483,3812682.0
2023-03-07,451.118039781,442.61836244,451.902625382,441.385442211,2589219.0
2023-03-08,440.628877524,439.554742476,444.028748461,435.968065444,3036582.0
2023-03-09,442.683744574,434.240109062,442.683744574,433.156633708,2780394.0
2023-03-10,433.780804401,431.493652765,439.48930992,428.92529396,3787451.0
2023-03-13,429.918892622,434.633799479,440.904719334,429.918892622,2971643.0
2023-03-14,435.54303599,435.477420984,440.407263853,430.293835513,3258220.0
2023-03-15,432.112308535,436.274174628,439.507119707,430.471933386,3770207.0
2023-03-16,435.599277423,442.45135876,443.735538162,434.090132286,2941004.0
2023-03-17,441.860823706,440.089218546,442.441985188,437.089675416,5289996.0
2023-03-20,440.55789716,447.081903466,449.762745138,440.55789716,3119552.0
2023-03-21,448.422324302,450.025205162,451.29063742,445.919580504,3163424.0
2023-03-22,451.759316034,445.732109058,455.311899928,445.075958998,2632211.0
2023-03-23,447.503714219,440.473535009,450.559498782,437.43649759,3284884.0
2023-03-24,439.601792787,446.172666955,447.006914888,438.29886624,2533418.0
2023-03-27,455.133802055,451.712448173,455.827446404,448.609795748,2271779.0
2023-03-28,451.806183896,442.976278808,453.484053334,441.204673647,2369491.0
2023-03-29,445.347792595,437.361509012,446.06955766,435.824243158,3733210.0
2023-03-30,437.342761867,440.614138593,440.942119887,432.1919839,3324845.0
2023-03-31,441.982680146,442.98565238,446.177353741,440.651632882,3996695.0
2023-04-03,454.805727025,463.232568505,465.051041527,453.202939901,4729089.0
2023-04-04,462.14523412,462.351452711,465.018234024,461.029779019,2624755.0
2023-04-05,466.232111634,477.330421214,479.683187856,465.02292081,4964776.0
2023-04-06,478.989543508,480.68616009,482.026580926,475.382499158,3472551.0
2023-04-10,478.811445634,482.907696721,483.104541738,476.261833974,2714548.0
2023-04-11,483.807559659,488.334995071,489.506691606,482.94519101,3065335.0
2023-04-12,492.093797555,488.541213661,493.706051987,487.463252849,3422561.0
2023-04-13,491.090825321,493.26549409,497.221141592,487.894437174,4224353.0
2023-04-14,489.300473016,479.730055718,494.21222489,476.646150438,4871970.0
2023-04-17,476.852369028,473.693475169,477.667869816,471.256346377,3660940.0
2023-04-18,472.118715026,472.877974381,475.230741023,466.935129555,3232033.0
2023-04-19,469.287896198,455.743084253,470.525207739,453.329389391,5809078.0
2023-04-20,455.058813477,456.92415436,458.97696669,452.987254003,3283234.0
2023-04-21,459.342536009,453.51217405,459.989312496,451.937413907,3165280.0
2023-04-24,453.127857587,458.311443058,459.51126031,452.413685115,2322433.0
2023-04-25,461.817159091,461.104767597,467.275015286,459.848708912,2937292.0
2023-04-26,455.433756368,452.696673262,457.149120095,448.394203586,2929969.0
2023-04-27,451.993655341,459.745599617,460.223651803,451.993655341,2473223.0
2023-04-28,458.077103751,461.264118326,463.016976342,457.542810131,2398914.0
2023-05-01,463.607511396,464.647977919,468.102139304,461.000814681,2105592.0
2023-05-02,464.226167167,462.482682722,465.594708719,458.620770943,2152342.0
2023-05-03,463.429413523,458.780121672,464.413638612,457.45844798,1749709.0
2023-05-04,456.539837897,456.755430059,459.014460979,451.759316034,2555690.0
2023-05-05,463.110712065,463.316930655,469.475367643,461.207876892,2329402.0
2023-05-08,461.217250465,461.760917657,463.382545661,457.730281576,1738461.0
2023-05-09,461.967136247,459.661237466,468.116199663,459.586248888,2038644.0
2023-05-10,458.742627383,459.370656725,462.552984515,457.092878661,2018899.0
2023-05-11,457.430327264,458.142718757,459.417524587,455.23691135,2384419.0
2023-05-12,458.142718757,460.45799111,462.023377681,457.19130117,1536748.0
2023-05-15,460.617341839,456.361740024,460.982911158,453.399691183,2169713.0
2023-05-16,457.074131517,449.669009416,458.564529509,449.003485784,2179518.0
2023-05-17,449.93146944,454.440157706,454.993198471,447.625570659,2682082.0
2023-05-18,451.853051757,449.209704374,452.321730371,444.204216776,3040115.0
2023-05-19,449.537779404,448.82538791,454.430784134,447.87865711,2318047.0
2023-05-22,450.34390662,450.512630921,451.997779713,447.972392833,2242831.0
2023-05-23,446.350764829,449.406549392,453.109110442,442.942533948,2874407.0
2023-05-24,450.503257349,450.709475939,453.006001147,448.891002916,1904673.0
2023-05-25,447.709932809,447.775547815,451.590591733,444.58853324,2684136.0
2023-05-26,448.112996417,451.356252426,457.795896582,448.056754984,3135257.0
2023-05-30,446.819443443,449.790865855,455.433756368,446.210161244,3180817.0
2023-05-31,448.169237851,456.71793577,456.867912927,447.222507051,4944096.0
2023-06-01,457.233482246,462.707648457,467.535038181,455.658722103,3376556.0
2023-06-02,461.179756176,468.284923964,469.634718372,459.642490322,3064711.0
2023-06-05,469.334764059,466.981997417,471.396949961,466.255545565,2688805.0
2023-06-06,468.584878277,457.027263655,468.584878277,453.36688368,3816607.0
2023-06-07,459.258173858,451.928040335,459.717385164,451.431241004,4381722.0
2023-06-08,454.04646767,459.520633882,461.011031874,452.209247504,2726055.0
2023-06-09,459.295668147,462.698274885,467.009555719,456.703875412,3174372.0
2023-06-12,461.460963344,461.73279694,463.476281384,458.105318203,2207832.0
2023-06-13,460.120542508,460.532979688,463.673126402,458.048983034,3016633.0
2023-06-14,426.160090137,431.053094868,431.774859933,417.761369375,14672357.0
2023-06-15,434.827327055,438.498026801,444.248789736,433.810825587,6798125.0
2023-06-16,438.733328066,431.533109334,440.968690091,431.006034499,7699120.0
2023-06-20,429.895412525,441.792244521,442.82757009,429.895412525,4598303.0
2023-06-21,441.378114293,448.719513785,451.180765024,439.721593382,4886662.0
2023-06-22,450.065437025,450.88428543,454.77146234,449.896020114,3179488.0
2023-06-23,450.206617784,448.954815051,453.919671758,448.531272772,4862584.0
2023-06-26,450.027788822,450.89369748,453.011408872,445.189994799,2968328.0
2023-06-27,450.018376772,454.187915201,454.77146234,449.679542949,3693167.0
2023-06-28,453.623192163,446.55474214,453.773784973,446.11237576,3670111.0
2023-06-29,447.14770133,448.427740215,451.505480771,445.265291204,2979403.0
2023-06-30,449.896020114,452.38080148,453.754960872,447.185349532,3970398.0
2023-07-03,449.99014062,449.783075506,451.976083303,448.295971506,1915740.0
2023-07-05,448.041846139,443.514649786,449.227764519,442.921690597,5053717.0
2023-07-06,441.754596319,441.764008369,444.625271761,439.213342648,3914139.0
2023-07-07,437.660354295,434.441432979,441.058104572,433.726117131,4131582.0
2023-07-10,432.95432898,435.825004422,435.872064675,432.163810847,4339421.0
2023-07-11,435.184984979,435.674411612,439.062749838,434.027302751,3087467.0
2023-07-12,435.777944169,425.142326957,437.490937383,424.718784678,7287591.0
2023-07-13,425.424688476,421.424566958,428.154183158,420.888080072,7276840.0
2023-07-14,435.35440189,451.9384351,456.484455555,433.057861536,11379333.0
2023-07-17,452.823167859,455.618546897,456.107973529,450.178381632,4582703.0
2023-07-18,460.559873477,470.6025315,474.762657878,458.837468212,8817931.0
2023-07-19,477.699217675,474.084990233,484.395891698,472.936720056,4956477.0
2023-07-20,476.870957219,474.593240967,478.772191446,471.096664158,2963123.0
2023-07-21,475.355617068,476.748600561,480.39577018,474.856778384,2887339.0
2023-07-24,475.619154485,478.772191446,479.807517016,474.899132612,2278967.0
2023-07-25,480.01458213,480.889902838,482.367594787,477.449798333,2730622.0
2023-07-26,481.464037927,478.132172004,485.530043799,476.842721067,3697182.0
2023-07-27,478.668658889,475.525033979,480.485184661,473.548503347,3028276.0
2023-07-28,475.506209878,473.341438233,477.642745371,468.042453728,2930900.0
2023-07-31,473.426146689,476.598007751,478.019227396,469.71779874,2441688.0
2023-08-01,477.661569472,475.063843498,480.052230332,472.946132106,2161660.0
2023-08-02,479.72280856,475.120315802,480.456948509,473.416734638,3221607.0
2023-08-03,473.322614132,475.176788106,476.249761878,471.581384765,2443050.0
2023-08-04,480.01458213,473.172021321,480.856960661,472.24964036,2411227.0
2023-08-07,476.005048561,480.711073876,483.402920356,474.97499374,2430910.0
2023-08-08,473.426146689,476.117993169,478.287470839,470.621355601,2422671.0
2023-08-09,474.367351752,472.588474182,475.9974248,471.430791955,1917137.0
2023-08-10,474.809718131,473.877925119,481.930028553,473.219081575,2179754.0
2023-08-11,475.901516004,478.141584054,480.645189522,474.60510015,2029635.0
2023-08-14,479.214557826,480.889902838,483.30879985,478.367473269,2127417.0
2023-08-15,481.501686129,476.899193371,483.449980609,476.503887245,1817631.0
2023-08-16,478.132172004,473.953221524,480.485184661,473.266141828,1454137.0
2023-08-17,466.348284615,464.917652919,471.760213727,462.903474084,3009465.0
2023-08-18,465.689441071,469.134251601,471.487264259,464.48469859,2364508.0
2023-08-21,468.258930893,468.418935753,470.837832765,467.044776361,1533600.0
2023-08-22,466.291812311,463.392900717,467.581263247,462.442283603,2079660.0
2023-08-23,464.014096059,460.663406034,464.955301122,459.242186389,2011353.0
2023-08-24,462.53640411,459.40219125,466.291812311,458.564518744,2311263.0
2023-08-25,461.115184464,460.362220414,462.272866692,456.155033782,1923586.0
2023-08-28,461.65167135,462.39522335,464.068780073,460.371632465,1344594.0
2023-08-29,462.574052312,463.854091198,463.957623755,459.279834592,2113674.0
2023-08-30,464.945889071,462.630524616,467.505966842,461.463430338,2283649.0
2023-08-31,463.411724818,448.559508924,464.78588421,448.286559456,4927736.0
2023-09-01,450.837225177,448.239499203,452.39021353,445.528828621,3165860.0
2023-09-05,449.896020114,452.540806341,456.107973529,449.466830605,3443268.0
2023-09-06,453.745548821,448.898342747,454.752638239,448.366561886,2596242.0
2023-09-07,451.684309733,456.305626593,458.465692212,450.460743151,2928070.0
2023-09-08,453.716685445,454.264709514,456.343421499,452.356073965,1858464.0
2023-09-11,455.408001106,452.951341487,457.165457602,451.647422152,2059286.0
2023-09-12,451.061603319,453.442673411,456.976483785,446.091591938,2195320.0
2023-09-13,454.88832311,453.385981266,457.354431419,453.026931014,2197825.0
2023-09-14,456.02216601,456.938689022,458.516620392,452.382057864,2334531.0
2023-09-15,458.960708862,459.867783182,462.815774724,457.448918327,5334308.0
2023-09-18,461.483509316,459.263066969,461.795316114,456.936515823,1997493.0
2023-09-19,457.089868075,454.160773915,458.951260171,450.267913289,3230987.0
2023-09-20,456.135550301,464.998422308,467.814132179,452.724572907,3725282.0
2023-09-21,466.944852621,473.511692755,477.286444746,465.896047938,4703959.0
2023-09-22,471.489672916,478.198243412,481.343523619,470.573149904,4558659.0
2023-09-25,480.239160633,482.147796183,482.766685433,478.699024026,2758591.0
2023-09-26,480.88167161,477.584078507,481.335208771,476.573068587,2420166.0
2023-09-27,478.321076393,475.958903683,478.443909374,473.426654538,2593742.0
2023-09-28,478.075410431,481.977719748,485.804439538,477.16833611,2922128.0
2023-09-29,481.741502477,476.393543461,481.769848549,476.025044519,3006233.0
2023-10-02,477.659668034,486.201284553,486.456399206,475.396706578,3550376.0
2023-10-03,485.001300817,481.382452225,485.643811794,480.333647542,3143403.0
2023-10-04,481.396625261,482.469051672,483.602894572,478.680126645,2801845.0
2023-10-05,483.413920756,487.769767233,489.640608019,483.045421813,2790666.0
2023-10-06,487.977638431,495.876743974,496.953894729,487.533549962,3647187.0
2023-10-09,492.418523126,497.483021416,497.823174287,491.568140951,2341552.0
2023-10-10,497.473572726,495.338168596,499.023158023,494.242120458,2455689.0
2023-10-11,492.201203237,495.234232996,496.613741859,491.549243569,2819534.0
2023-10-12,495.555488485,496.566498405,499.43890042,493.457879119,2377335.0
2023-10-13,503.851439043,509.662383909,514.443421474,502.670352688,5245988.0
2023-10-16,513.233989047,508.367913264,516.635517749,506.563213314,3827781.0
2023-10-17,510.172613214,507.063993928,512.530061579,505.098666233,2586106.0
2023-10-18,513.101707375,506.506521169,513.989884314,505.878183228,2551563.0
2023-10-19,507.224621672,502.320751126,508.66082268,500.071962707,2351431.0
2023-10-20,501.725483604,497.97435334,504.966384562,497.728687378,2811061.0
2023-10-23,497.97435334,492.815368141,498.683005153,491.605935714,2357728.0
2023-10-24,494.03424926,496.0562691,501.413676806,493.287802683,1978223.0
2023-10-25,498.20112192,500.979037027,503.010505558,491.407513206,2380055.0
2023-10-26,496.717677458,499.231029222,501.224702989,493.712993771,2675811.0
2023-10-27,496.991689493,495.735013611,498.64521039,492.522458725,2585616.0
2023-10-30,496.0562691,500.771165829,502.500276252,494.109838786,2555488.0
2023-10-31,505.50495994,506.034086627,507.092340001,502.311302436,2464432.0
2023-11-01,500.761717138,502.292405054,506.289201279,497.757033451,2747517.0
2023-11-02,502.670352688,506.572662004,507.243519054,497.894039468,2351091.0
2023-11-03,505.098666233,501.630996695,506.430931642,499.646771619,2739692.0
2023-11-06,502.320751126,504.04986155,506.468726405,500.827857974,2684944.0
2023-11-07,505.84511281,508.178939447,509.89860118,502.216815527,2604887.0
2023-11-08,510.22930536,507.139583455,511.547397732,504.692372527,1769355.0
2023-11-09,507.961619558,509.284436276,511.089136226,505.013628016,1819805.0
2023-11-10,512.761554505,511.372596951,512.761554505,506.468726405,2480816.0
2023-11-13,511.315904806,512.657618905,514.150512058,508.254528974,1507912.0
2023-11-14,509.312782348,510.663945138,512.756830159,506.931712256,2453957.0
2023-11-15,510.276548814,508.726963516,510.663945138,502.386986449,2473801.0
2023-11-16,508.726963516,510.059228924,514.821369108,507.838786577,2360281.0
2023-11-17,510.484420012,506.723841058,510.720637283,499.21213184,2676925.0
2023-11-20,504.191591913,505.599446848,506.771084512,502.481378871,2518566.0
2023-11-21,508.122247302,509.841909035,511.80723673,504.739615981,2115756.0
2023-11-22,513.035566539,513.782013115,514.386729329,510.470246976,2234478.0
2023-11-24,514.887509944,516.937875856,517.400861707,512.884387486,1134977.0
2023-11-27,516.937875856,513.621385371,520.518079302,511.679395943,2675815.0
2023-11-28,515.548918302,510.730085974,515.728443428,510.295446195,2859309.0
2023-11-29,500.78061452,505.486062558,511.986761856,499.505041256,4549977.0
2023-11-30,506.251406516,522.484257379,523.40078039,504.569539546,7121207.0
2023-12-01,521.849035871,518.758254545,525.906871475,516.862069683,3462153.0
2023-12-04,519.80115622,519.820118068,523.223769895,514.847468077,2709303.0
2023-12-05,520.597553862,521.697341082,523.8495109,517.042207245,2645818.0
2023-12-06,519.137491518,521.005233607,523.23325082,518.701369,2239744.0
2023-12-07,522.730761831,519.810637144,522.88245662,516.255290528,2511800.0
2023-12-08,521.659417384,521.23277579,523.091036955,516.274252376,2039910.0
2023-12-11,521.223294866,515.458892886,521.45083705,511.078705854,3655411.0
2023-12-12,517.468848839,517.393001445,519.071125048,514.482357682,2706170.0
2023-12-13,515.762282464,520.512225543,520.90094344,510.633102412,2876618.0
2023-12-14,516.046710193,506.508900337,516.6345275,501.920132971,5386810.0
2023-12-15,502.48898843,503.550851952,505.807311938,495.814417715,9030116.0
2023-12-18,501.645186166,499.218069543,503.882684303,497.966587534,3260319.0
2023-12-19,497.359808378,496.838357541,500.232528444,494.695668647,3645785.0
2023-12-20,496.658219979,489.149327925,497.587350561,489.092442379,3847805.0
2023-12-21,491.946200597,492.894293028,493.785405104,489.68983542,2491554.0
2023-12-22,492.894293028,493.301972773,495.861822337,491.130841106,1759571.0
2023-12-26,492.894293028,493.036506892,494.411240917,491.083436485,1390912.0
2023-12-27,492.771041012,495.653242002,496.004036201,492.401284964,1851840.0
2023-12-28,496.297944855,497.653717031,500.469551551,495.795455867,2001208.0
2023-12-29,498.677656857,499.142222148,500.820345751,496.724586449,2080197.0
2024-01-02,499.493016348,511.344171735,511.647561313,499.331840634,3415659.0
2024-01-03,514.85211373,513.894540374,518.407460346,511.476904675,2891500.0
2024-01-04,516.710374895,517.108573716,520.502744619,514.814190033,2994377.0
2024-01-05,518.606559757,509.48591057,518.606559757,506.020632735,2815541.0
2024-01-08,511.401057281,508.67055108,512.206935847,500.592803568,2648939.0
2024-01-09,510.073727878,510.424522077,511.600156691,504.698043794,2677038.0
2024-01-10,510.168537121,509.732414602,513.107623657,508.31975688,2179994.0
2024-01-11,508.300795032,511.666523162,512.121607528,506.783941951,2814058.0
2024-01-12,491.927238748,494.43968369,501.047793125,486.494669119,6327267.0
2024-01-16,496.525487039,492.202185553,497.274480059,489.737145233,3736718.0
2024-01-17,494.221622431,497.691640729,503.109988972,493.00806412,3791496.0
2024-01-18,479.004738914,489.538045822,490.012092038,471.638060725,7367041.0
2024-01-19,488.267601965,477.421424554,490.685237664,475.771743724,6143395.0
2024-01-22,477.781699678,486.361936178,486.911829788,470.727891991,5922855.0
2024-01-23,485.897370887,488.760610029,491.187726652,485.499172066,2673106.0
2024-01-24,491.017070014,486.589478362,494.648264025,486.324012481,2918924.0
2024-01-25,462.280388431,467.788805455,469.789280484,454.136274449,14671004.0
2024-01-26,467.675034363,477.080111279,477.54467657,464.470481946,6212173.0
2024-01-29,476.99478296,478.350555136,480.218297225,475.136521795,4554106.0
2024-01-30,478.350555136,477.468829175,479.782174707,473.306703403,4931215.0
2024-01-31,478.322112363,485.176820639,488.267601965,478.322112363,5358104.0
2024-02-01,482.417871665,480.815595457,483.738090375,476.890492793,4242580.0
2024-02-02,481.867978055,483.745201069,486.286088784,479.156433703,3804521.0
2024-02-05,483.489216112,476.852569095,487.504387558,474.093620121,3646516.0
2024-02-06,477.781699678,484.162361738,484.418346695,476.369041955,2745515.0
2024-02-07,487.328990458,492.429727737,493.956156551,486.077508449,4109062.0
2024-02-08,493.605362351,493.093392438,495.05594377,490.432476221,3342976.0
2024-02-09,492.050490764,491.320459592,493.377820168,489.4906412,2715493.0
2024-02-12,491.320459592,490.770565982,492.050490764,486.191279541,3194016.0
2024-02-13,494.904248982,490.021572962,499.578344666,487.518608944,3436087.0
2024-02-14,488.514105997,490.106901281,491.614368246,487.594456338,1918535.0
2024-02-15,490.486138253,493.842385459,494.67016496,489.026075909,2292306.0
2024-02-16,495.188676711,494.477607388,496.601334433,491.955681521,2135586.0
2024-02-20,496.999533254,494.013042096,498.099320474,492.448689585,2600288.0
2024-02-21,496.487563341,494.875806209,496.50652519,490.671016277,2096023.0
2024-02-22,496.99005233,499.170664921,499.398207104,491.671253792,3186819.0
2024-02-23,499.407688029,499.87225332,502.958294183,496.952128632,2502146.0
2024-02-26,500.896193145,498.051915852,505.153128161,497.094342497,2308927.0
2024-02-27,497.520984091,486.769615924,498.307900809,485.470729293,3780619.0
2024-02-28,469.722914014,472.415496518,472.671576284,459.246492652,9558553.0
2024-02-29,472.624076853,467.978423941,475.705377254,466.082239079,6833167.0
2024-03-01,464.01539758,464.119687747,464.584253038,452.477112694,7315039.0
2024-03-04,458.156186356,456.857299725,461.758937594,455.179176123,5239810.0
2024-03-05,457.35030779,448.589933727,457.833834929,446.186519415,5296200.0
2024-03-06,449.812972963,448.06848289,454.894748393,443.887395269,5577493.0
2024-03-07,449.395812294,453.927694114,456.212596872,449.016575321,5102043.0
2024-03-08,455.288810895,453.613590216,460.923644086,451.90029634,4673567.0
2024-03-11,454.022877087,465.587610748,466.691733468,453.071047156,4410088.0
2024-03-12,464.616744219,465.777976734,468.566838432,463.869557723,4153799.0
2024-03-13,469.747107547,464.493006328,472.107645776,461.951620412,3669036.0
2024-03-14,465.178323878,465.444836259,466.092080612,461.818364221,3378538.0
2024-03-15,463.969499865,467.177166733,467.557898705,463.969499865,5713536.0
2024-03-18,468.395509045,463.588767893,468.395509045,462.94628269,2970640.0
2024-03-19,466.082562312,469.55674156,469.670961152,464.293122042,2511743.0
2024-03-20,468.747686119,470.422906798,470.775083872,465.863641428,3548160.0
2024-03-21,468.566838432,468.005258773,472.298011762,467.615008501,3693408.0
2024-03-22,471.346181831,466.463294285,471.945834687,466.177745305,2847269.0
2024-03-25,466.967764148,462.475126874,467.805374487,460.752314699,2786141.0
2024-03-26,464.616744219,468.59539333,469.575778159,461.856437419,3113314.0
2024-03-27,469.918436934,469.347338976,471.850651694,467.643563399,2653185.0
2024-03-28,471.155815845,470.870266865,471.983907884,465.730385238,3820008.0
2024-04-01,470.651345981,466.11111721,471.898243191,465.159287279,2928707.0
2024-04-02,437.461036287,436.071364588,441.344502406,427.942736977,11867018.0
2024-04-03,439.745428122,437.594292477,440.554483563,433.606125067,4460400.0
2024-04-04,438.622268803,433.444313978,439.478915741,430.150982417,5182046.0
2024-04-05,428.975472452,433.786972753,435.700150915,428.332987249,5747375.0
2024-04-08,434.005893638,434.034448536,435.17654927,431.740538402,4532254.0
2024-04-09,432.397301054,437.575255879,437.613329076,430.66497058,3521731.0
2024-04-10,433.549015271,428.371060446,436.642462546,428.114066365,4493483.0
2024-04-11,428.694682623,420.442317121,429.056377996,420.213877937,5844125.0
2024-04-12,419.124032666,418.043705695,420.937268685,415.359545289,6045671.0
2024-04-15,420.708829502,424.163972151,426.752949563,420.699311202,5376771.0
2024-04-16,453.803956202,446.303536346,456.640409397,443.172015873,11816517.0
2024-04-17,455.545804976,455.917018649,464.493006328,451.728966953,8759779.0
2024-04-18,462.713084357,469.42348537,477.818625362,462.560791568,8880448.0
2024-04-19,473.059475707,476.990533322,482.863323996,471.688840606,6618600.0
2024-04-22,473.801903053,467.567417005,475.36290414,467.005837345,4697677.0
2024-04-23,467.348496121,462.760675853,470.499053192,461.608961637,3646662.0
2024-04-24,460.476284019,463.826725376,465.311580068,457.554166131,3724418.0
2024-04-25,465.406763061,470.070729723,473.183213598,464.04564626,4329652.0
2024-04-26,468.300326052,471.48895632,473.278396591,467.729228093,2727016.0
2024-04-29,471.831615096,465.473391156,473.392616182,464.274085443,2192838.0
2024-04-30,465.406763061,460.400137624,466.12063551,459.343606401,3367521.0
2024-05-01,456.174012731,460.790387896,465.625683945,454.086078594,2729234.0
2024-05-02,460.952198984,469.223601085,469.908918635,460.628576808,3561404.0
2024-05-03,467.21523993,468.72864952,469.047512547,462.379943881,2487811.0
2024-05-06,468.757204418,470.565681287,471.032077953,468.300326052,2029503.0
2024-05-07,472.107645776,476.828722233,477.485484886,471.193889042,3752131.0
2024-05-08,479.884096312,478.970339578,482.577775017,475.986352744,3079031.0
2024-05-09,477.951881552,482.606329914,483.50105005,477.951881552,2343066.0
2024-05-10,484.481434879,488.107906916,488.836056813,482.577775017,2784585.0
2024-05-13,487.384516168,487.089448889,489.878310587,482.872842295,2454689.0
2024-05-14,489.792645893,489.126364942,491.306055484,482.863323996,2949795.0
2024-05-15,490.030603376,492.619580789,497.416803641,490.030603376,2981351.0
2024-05-16,494.95156412,496.160388132,502.718496356,494.485167453,3655775.0
2024-05-17,497.749944117,499.3585367,500.519769216,494.961082419,2657396.0
2024-05-20,499.3585367,492.314995211,499.3585367,491.658232558,2476393.0
2024-05-21,493.352489835,498.330560375,499.444201394,491.068098001,2521986.0
2024-05-22,497.635724525,496.236534526,500.929056086,495.570253575,2299273.0
2024-05-23,493.352489835,491.934263238,495.165725854,490.411335349,3055555.0
2024-05-24,491.248945688,483.691416036,492.229330517,483.072726581,2528228.0
2024-05-28,482.244634541,479.417699646,482.244634541,477.723442368,2912992.0
2024-05-29,468.623948228,461.371004154,470.10880292,450.472551444,7521587.0
2024-05-30,459.086612319,458.448886266,462.617901363,454.974707018,5170507.0
2024-05-31,459.172277013,471.507992919,474.401555909,459.172277013,6694985.0
2024-06-03,470.327723805,473.478280876,474.658549991,469.318784078,2795265.0
2024-06-04,474.544330399,481.140511821,483.786599029,470.765565573,3178436.0
2024-06-05,484.195885899,478.884674884,484.576617872,474.772769582,2464359.0
2024-06-06,479.389144748,477.742478967,480.383807026,473.325988087,2419608.0
2024-06-07,477.856698559,467.053428842,478.637199102,466.796434761,3416349.0
2024-06-10,467.348496121,471.155815845,471.527029518,462.770194152,3332892.0
2024-06-11,467.21523993,472.31704836,473.801903053,466.66793772,4599726.0
2024-06-12,475.9149655,469.318784078,475.9149655,463.936185818,4048214.0
2024-06-13,466.66317857,473.345024686,477.818625362,461.047381977,4951694.0
2024-06-14,472.897664618,473.173695298,473.868531148,468.04333197,3188374.0
2024-06-17,469.64654337,467.639220917,471.357546795,467.127831625,2407163.0
2024-06-18,469.053905312,459.820222026,469.957200416,457.898927678,3692708.0
2024-06-20,458.854795513,463.137083414,464.475298383,457.009970591,5258232.0
2024-06-21,463.060613987,461.292258492,466.75026383,459.380522822,6775974.0
2024-06-24,467.285549818,468.356121793,469.225961523,463.117966057,5139763.0
2024-06-25,468.986994564,463.117966057,468.986994564,459.390081501,3209889.0
2024-06-26,463.117966057,462.678266853,465.928217492,460.221686517,3153096.0
2024-06-27,463.643693366,464.972349657,467.395474619,460.776089861,2992070.0
2024-06-28,474.464117258,486.785253652,486.919075149,467.806497788,22734197.0
2024-07-01,484.381246047,472.820024582,486.450699909,471.13865306,4523141.0
2024-07-02,472.447236127,476.25159011,476.471439712,471.61563111,3312171.0
2024-07-03,475.181018135,468.270093688,476.098651256,465.048819084,2239210.0
2024-07-05,467.419371315,466.473062158,468.059802764,463.117966057,3498996.0
2024-07-08,467.600986203,467.744366378,472.084006349,464.714265341,3450841.0
2024-07-09,466.778939865,470.392120281,473.536925459,464.637795915,3057284.0
2024-07-10,469.273754914,478.822874586,479.367719252,468.490038876,3189837.0
2024-07-11,475.735421479,482.10150126,486.278643699,475.735421479,3536225.0
2024-07-12,484.548522918,488.955073637,491.860911855,481.212544174,3570624.0
2024-07-15,501.10415382,492.625606123,507.403322853,491.124893622,5127979.0
2024-07-16,510.337837106,524.647178596,525.650839823,503.866611863,11061994.0
2024-07-17,529.55078059,547.979912448,548.295348834,526.969937435,10330780.0
2024-07-18,539.587392857,539.434454003,555.837146052,536.643415512,6834821.0
2024-07-19,542.091766585,540.38076316,544.749079166,536.758024065,4290440.0
2024-07-22,538.201384496,533.880861882,539.348425898,532.494853521,3377308.0
2024-07-23,534.129387519,530.219888074,534.172401572,528.413489039,2785570.0
2024-07-24,535.2859876,535.047020641,536.366118253,528.614030111,3156232.0
2024-07-25,537.19772327,534.980109892,544.739520488,533.928655274,3102947.0
2024-07-26,535.2859876,544.577022956,553.571739283,535.2859876,3202023.0
2024-07-29,540.743992937,541.738095486,546.135087527,536.968314989,2965169.0
2024-07-30,541.881475661,550.895309345,553.858404047,541.011635931,4139053.0
2024-07-31,540.485908622,550.732811813,555.266684128,537.503600977,4713230.0
2024-08-01,551.726914362,547.492419852,561.572353062,542.072649228,3680778.0
2024-08-02,556.630516355,563.799525118,565.434059115,549.862972083,5094041.0
2024-08-05,556.42978411,544.806431236,560.922362934,541.749948247,4587352.0
2024-08-06,543.133662525,543.267484022,552.032792069,537.704333222,3216525.0
2024-08-07,541.604273989,541.097664036,546.421847877,532.44228079,4320853.0
2024-08-08,539.463130038,541.25060289,547.186542145,539.463130038,2860848.0
2024-08-09,539.62562757,534.100711484,540.954283861,533.020580831,2976835.0
2024-08-12,537.503600977,540.342528447,543.888798115,536.289648826,2532389.0
2024-08-13,544.835107271,548.89754557,550.321788644,543.888798115,2369555.0
2024-08-14,549.853413405,554.087907914,555.469136936,547.968155274,2344386.0
2024-08-15,554.087907914,554.030555844,557.595942868,548.19976205,2751927.0
2024-08-16,555.282742708,552.185730922,555.980526227,548.763724073,2728939.0
2024-08-19,552.568078056,553.237185541,557.557708155,551.602651543,1847941.0
2024-08-20,554.259964124,555.024658392,558.045200751,550.101939042,1677473.0
2024-08-21,555.84670473,552.558519378,557.64373626,551.946763964,2844546.0
2024-08-22,553.686443423,553.179833471,557.223154413,545.437304007,2282117.0
2024-08-23,555.359212135,558.714308235,559.378636381,552.921749155,2376416.0
2024-08-26,562.098080371,561.218681963,565.959786425,559.890025672,1800112.0
2024-08-27,563.455412697,561.428972887,566.198753383,558.016524716,1581952.0
2024-08-28,563.015713493,562.56645561,566.676687301,558.102552821,1657042.0
2024-08-29,564.612012777,565.46273515,566.456837699,558.580486738,1953372.0
2024-08-30,563.96202265,564.153196217,567.073372452,560.702513332,2944705.0
2024-09-03,566.370809594,572.258955457,574.151478184,565.701702109,3175479.0
2024-09-04,573.520701,577.51622855,581.110291609,571.494261189,2935040.0
2024-09-05,577.525787228,569.209737064,579.25590801,563.646586264,2144906.0
2024-09-06,569.572966841,570.538393354,574.103780379,566.122283957,2926369.0
2024-09-09,571.914843037,567.881080773,573.023649725,549.88208944,3411393.0
2024-09-10,568.94209407,572.5935092,578.108101913,565.06127066,2863494.0
2024-09-11,563.139976311,563.723055691,565.300237619,553.418800429,3563783.0
2024-09-12,562.556896932,562.45175147,564.449515245,557.47168005,3395835.0
2024-09-13,564.994359911,568.091371697,571.303087622,561.314268747,2242003.0
2024-09-16,570.758107185,565.136859272,574.393692439,563.813084166,2548647.0
2024-09-17,562.134383851,554.412362401,562.810660263,552.906328403,3415975.0
2024-09-18,553.357179345,556.992764599,560.705090439,548.992558526,2988303.0
2024-09-19,559.937684581,553.558623383,561.00246021,551.170072649,2945679.0
2024-09-20,548.402615272,551.572960725,555.256508845,546.440934046,5398749.0
2024-09-23,553.002254136,550.047741581,555.827266952,548.695188756,2386142.0
2024-09-24,547.563265114,551.755219616,553.788845141,542.939644818,3188511.0
2024-09-25,554.326029242,552.829587818,557.434022968,549.731186664,2658894.0
2024-09-26,551.572960725,551.390701833,553.107772441,547.649598273,2751960.0
2024-09-27,554.14377035,558.143873387,562.805863977,553.098179868,2986238.0
2024-09-30,559.72664797,560.858571611,562.527679353,555.160583113,3009766.0
2024-10-01,561.165533955,559.534796505,564.71478605,557.103079192,2648628.0
2024-10-02,579.640829995,568.177704986,579.890236899,560.446090962,3667113.0
2024-10-03,566.546967537,568.599778208,569.060221723,560.556405554,2645877.0
2024-10-04,568.005038667,567.112929357,571.842067959,564.46528322,2463201.0
2024-10-07,564.801119209,559.784203409,568.302408438,559.563574225,2591083.0
2024-10-08,564.100861363,557.88487391,565.204007284,555.947174117,2231446.0
2024-10-09,558.441243157,567.132114504,568.647645148,556.95813541,2207858.0
2024-10-10,570.930773503,573.348101957,574.54717361,568.609370781,2143284.0
2024-10-11,572.187400596,573.68384202,577.014863074,571.909215972,1909733.0
2024-10-14,574.700654782,580.734383344,583.832784497,573.041139613,2447087.0
2024-10-15,529.529227442,533.625256211,546.488896913,520.876726389,11939357.0
2024-10-16,534.315921484,548.062078922,552.70478844,532.502925143,5103928.0
2024-10-17,537.740470127,542.968422537,546.268267728,535.956251506,5588677.0
2024-10-18,543.755013542,546.402563754,547.687968566,540.096118335,3687045.0
2024-10-21,546.431341473,548.186782374,555.67378578,545.52963959,3018013.0
2024-10-22,544.714270865,546.642378084,549.692816371,542.450423583,2594048.0
2024-10-23,548.819892207,541.635054858,550.747999427,537.18410088,2912085.0
2024-10-24,541.970794921,537.961099311,548.407411559,537.48147065,2590197.0
2024-10-25,543.093125989,541.558314272,548.215560094,540.647019816,2513728.0
2024-10-28,543.179459148,542.210609252,545.17471438,539.879613957,1826559.0
2024-10-29,539.88920653,539.227318977,544.55119712,537.812414426,2600448.0
2024-10-30,538.383172533,540.023502556,547.075003137,538.095395336,2323558.0
2024-10-31,538.028247324,541.500758833,545.289825259,538.028247324,2490014.0
2024-11-01,542.095498373,544.436086241,547.088432739,540.925204439,2548368.0
2024-11-04,543.649495237,535.044957049,545.424121284,532.785906054,2656777.0
2024-11-05,535.534178284,543.92767986,545.568009883,531.812259871,2608133.0
2024-11-06,579.290701073,572.37925206,580.830309076,566.77728522,6591301.0
2024-11-07,574.297766706,580.78234621,582.88484641,571.861253106,5254274.0
2024-11-08,584.187709707,590.720252076,594.547688795,580.542531879,3875838.0
2024-11-11,591.761046272,599.775641205,605.032371335,588.909653879,3003242.0
2024-11-12,594.336652184,589.626698728,599.037013067,588.768163424,2809603.0
2024-11-13,588.024738999,581.185234286,588.029535285,578.489721208,3409793.0
2024-11-14,578.892609284,568.983481137,581.309937738,564.992970673,3079199.0
2024-11-15,567.80359463,568.1009644,574.527988464,565.913857703,3423919.0
2024-11-18,565.424636469,565.626080506,569.933145887,561.472496298,2577124.0
2024-11-19,558.978427258,553.491475371,562.925771142,553.270846186,3198346.0
2024-11-20,558.968834685,576.034022461,578.090286459,557.85609619,3928765.0
2024-11-21,575.5543938,573.146657919,579.391423092,572.417622353,2722929.0
2024-11-22,574.173063254,566.796374441,576.763058026,564.690804617,3198124.0
2024-11-25,573.232991078,581.146863993,584.993485858,570.767699758,5146485.0
2024-11-26,583.458674141,582.067751023,583.679303325,574.480025598,2693612.0
2024-11-27,586.135002072,583.592970166,592.293434086,581.981417864,2269792.0
2024-11-29,583.995858242,585.338818494,590.691474356,581.904677278,2010812.0
2024-12-02,588.983996322,583.727266191,588.983996322,576.293021938,3365099.0
2024-12-03,585.962335754,580.571309599,590.662696637,580.178014096,2329878.0
2024-12-04,586.125409499,585.904780315,597.454238484,582.240417341,4147575.0
2024-12-05,580.964605101,555.381212297,584.178021208,550.503388809,5943684.0
2024-12-06,558.388484004,527.227009867,558.388484004,521.970375662,13003644.0
2024-12-09,531.540965664,539.841478569,542.114008785,524.454908312,7684650.0
2024-12-10,541.170330984,544.242098521,546.707119749,536.384632713,5360590.0
2024-12-11,535.060498688,513.755527917,537.414878509,512.9274025,10362991.0
2024-12-12,511.829654853,496.644145744,514.208108088,495.132335389,9403795.0
2024-12-13,496.52859336,501.189206175,507.977908725,491.790945623,8202905.0
2024-12-16,498.801123576,480.023861202,502.363988744,477.693554794,8879986.0
2024-12-17,468.950091084,467.524945016,477.231345259,458.184460656,14132661.0
2024-12-18,470.327090324,481.198643771,487.761056236,467.987154552,10147601.0
2024-12-19,481.603077114,471.116698281,484.982984341,468.218259319,7418073.0
2024-12-20,471.155215742,481.593447749,484.010418444,470.615971284,10956886.0
2024-12-23,482.200097764,487.573283612,489.92284875,480.553476294,4285978.0
2024-12-24,485.70518674,487.342178845,487.342178845,482.036398553,1824393.0
2024-12-26,486.908857405,492.205008331,493.235350421,486.022955796,3387986.0
2024-12-27,490.539128131,491.088001954,494.159769491,488.979170949,3471799.0
2024-12-30,488.074010609,488.979170949,490.837638456,482.103804111,5409047.0
2024-12-31,490.471722574,487.111074077,492.060567852,484.684474016,4214367.0
2025-01-02,489.171758256,485.811109759,493.129427402,484.636423483,4237395.0
2025-01-03,487.582912978,493.986440916,497.154502106,486.648864542,3020428.0
2025-01-06,493.986440916,494.631608392,501.015877599,490.926710085,4444836.0
2025-01-07,499.619619628,495.190111581,500.245528374,492.272413889,3914545.0
2025-01-08,495.426031031,505.079469764,505.223910244,490.628007173,4141728.0
2025-01-10,507.120895212,501.391422847,515.604366059,499.253703746,5467532.0
2025-01-13,515.214376763,521.083474926,527.111457616,513.37998267,6472465.0
2025-01-14,519.643884811,523.587109909,524.3670885,516.663596244,3978259.0
2025-01-15,517.188396654,523.278970219,526.042598066,514.525877143,4103865.0
2025-01-16,510.693389746,491.665763873,519.831657434,491.09763132,9059887.0
2025-01-17,486.879969309,490.866526552,502.479541128,484.164488289,7495719.0
2025-01-21,494.997524274,505.532049934,505.5416793,493.81311234,5682082.0
2025-01-22,502.325471283,500.457374411,505.002434842,496.875250512,3756139.0
2025-01-23,508.305307146,510.134886557,511.781508027,500.072199798,4580802.0
2025-01-24,508.536411914,512.773332655,514.814758103,505.069840399,3671163.0
2025-01-27,519.966468549,523.375263872,531.449486693,519.966468549,4262959.0
2025-01-28,522.884166241,522.373809879,526.244814738,517.902125212,3162659.0
2025-01-29,521.65160748,518.156147869,523.332124316,514.217737453,2737638.0
2025-01-30,519.475370918,525.349283763,526.832206022,515.17104462,2924741.0
2025-01-31,523.105641643,522.383439244,528.806225913,521.34346779,4120661.0
2025-02-03,521.911600344,527.862548111,533.38017444,521.016069369,4083572.0
2025-02-04,524.992997246,525.233731379,528.466790785,521.439761443,2869935.0
2025-02-05,511.059305628,519.802769338,520.659782852,502.566205416,4621558.0
2025-02-06,517.953931197,510.394879421,519.119084401,505.801672163,3926829.0
2025-02-07,509.586012734,507.496440459,512.659513557,505.917224547,3349299.0
2025-02-10,508.11271984,513.601458072,514.362177933,503.981722118,3143143.0
2025-02-11,515.17104462,514.131073165,527.246268731,508.685667076,2632107.0
2025-02-12,519.8412868,507.852726976,522.24862813,506.032776931,3859241.0
2025-02-13,511.223004838,511.492627067,514.525877143,507.563846017,2835051.0
2025-02-14,509.393425428,504.106903867,513.437758862,503.529141948,3705326.0
2025-02-18,492.00279166,482.171209668,496.875250512,478.579456404,8759280.0
2025-02-19,482.748971587,492.099085313,492.883878586,479.686833415,4380314.0
2025-02-20,486.465906601,483.798572407,489.589961591,481.694556085,4144301.0
2025-02-21,423.25875264,449.132857255,452.29128908,422.247669282,19864874.0
2025-02-24,449.378406071,444.414468248,450.654296976,440.061995124,6919337.0
2025-02-25,443.692265849,452.946085922,453.312001804,433.388844957,9100970.0
2025-02-26,447.428459593,446.407746869,455.517126462,441.217518962,5108381.0
2025-02-27,448.892123122,451.193541433,457.779931019,447.78474611,4216771.0
2025-02-28,449.691360444,457.356335238,458.704446383,447.264760383,6146326.0
2025-03-03,456.788202684,449.73950727,459.585437016,447.96529671,5700194.0
2025-03-04,452.339435907,457.019307452,461.448815499,449.171374716,5864135.0
2025-03-05,453.610512129,458.338530501,461.318819067,453.552735937,3637102.0
2025-03-06,458.357789232,469.643405387,470.028579999,454.506043104,4963988.0
2025-03-07,465.897582277,475.189919811,481.391231077,465.44981679,5434096.0
2025-03-10,476.060266503,464.397621638,481.446745102,461.970321588,5108930.0
2025-03-11,466.602499772,470.02586319,470.726975754,461.419102054,4101015.0
2025-03-12,467.221412932,465.258297752,471.529628759,463.0437491,3681016.0
2025-03-13,463.652991742,465.654788995,468.1111006,459.349611175,2877044.0
2025-03-14,465.151922053,472.549868422,473.323509872,462.482859049,3915911.0
2025-03-17,471.447429355,482.578195723,484.114550938,469.933993268,5152316.0
2025-03-18,485.692102561,487.200703389,489.299109118,481.417733547,3617629.0
2025-03-19,488.399847637,486.620472301,489.666685512,483.583929608,3317606.0
2025-03-20,488.602928518,494.453591986,497.441782089,486.920258363,4965390.0
2025-03-21,494.821071675,499.820729549,501.899890947,488.448200228,10244942.0
2025-03-24,498.10904784,499.482261414,501.169766828,494.27952266,3841080.0
2025-03-25,501.203613641,496.513412348,501.899890947,494.676013903,3015143.0
2025-03-26,498.225094057,501.126249496,505.719745608,495.952522297,3255026.0
2025-03-27,499.274345274,498.727961,503.911358718,496.049227478,2822160.0
2025-03-28,499.840070585,499.03741758,503.814653536,498.080036285,2379100.0
2025-03-31,502.073960273,506.493387058,510.719403481,501.503399703,5238670.0
2025-04-01,508.417820166,505.884144416,510.767756072,503.785641982,2962708.0
2025-04-02,505.719745608,505.961508561,507.702201825,499.772376958,2378909.0
2025-04-03,512.527790371,522.633481817,530.42791943,511.850854102,6457925.0
2025-04-04,522.82689218,507.750554415,533.562134356,507.547473534,9918989.0
2025-04-07,496.484400794,507.412086281,511.763819439,486.997622508,7356702.0
2025-04-08,562.988553974,534.857016734,565.734981123,529.422185544,11762283.0
2025-04-09,541.684402533,559.43947382,569.984496904,536.191548235,12691858.0
2025-04-10,561.117308716,574.815597647,582.049145208,560.89005154,8645986.0
2025-04-11,569.516153711,579.718550339,586.38153733,567.204899878,6121458.0
2025-04-14,575.395828735,567.717437339,576.005071377,560.203444752,4839273.0
2025-04-15,572.726765731,564.361767548,573.326337855,562.833825684,3871279.0
2025-04-16,566.034767185,565.763992677,575.21208889,563.752524906,4192093.0
2025-04-17,466.070621275,439.147898801,473.652307489,432.368865592,29120168.0
2025-04-21,434.941223414,411.316147623,438.55790049,410.81328068,13029860.0
2025-04-22,410.648881872,413.105193477,417.282760604,403.376652238,10156865.0
2025-04-23,412.998817777,413.859493891,424.390688135,409.788205758,8345659.0
2025-04-24,413.482343684,410.271731665,415.735574408,409.691500577,7629125.0
2025-04-25,409.604465914,404.846570994,409.604465914,398.444687992,9263777.0
2025-04-28,405.919998506,406.16176146,410.146014929,401.858380892,6614294.0
2025-04-29,407.312553117,395.746613433,407.854102132,395.620896698,9909076.0
2025-04-30,395.548367812,397.88379794,399.645476228,387.787777013,9192825.0
2025-05-01,397.767751723,387.478320432,398.415676437,386.685337946,9316805.0
2025-05-02,386.782043127,386.743361054,388.754828826,380.157738208,11392906.0
2025-05-05,385.969719604,391.47224442,396.201127786,384.49013033,8157196.0
2025-05-06,389.528470276,381.511610746,391.385306462,380.45752427,7858592.0
2025-05-07,382.323934269,378.175281991,382.488236372,372.991884274,8521310.0
2025-05-08,377.15020707,372.846826502,378.039894737,372.672757175,7218320.0
2025-05-09,372.962872719,368.0986021,373.816295944,366.067793293,8381054.0
2025-05-12,368.446740753,366.270874173,374.452132511,364.418969951,11004799.0
2025-05-13,324.673140437,301.120593531,330.731720046,298.915715398,59478308.0
2025-05-14,310.858805288,297.861628922,312.29971249,296.99128229,40029552.0
2025-05-15,265.842543393,265.310664896,267.534884066,240.679855219,121849184.0
2025-05-16,270.087900852,282.292094732,284.78708841,260.267489691,71094348.0
2025-05-19,294.733216307,305.481997208,305.868817933,287.451316155,62524663.0
2025-05-20,310.346267827,310.984522024,313.943700572,302.281055707,41486981.0
2025-05-21,291.082595713,292.997358302,299.747379957,290.183237526,45506882.0
2025-05-22,284.206857322,286.895261362,295.598630974,282.862655302,27159648.0
2025-05-23,286.344041829,285.831504368,289.825428356,282.030990743,16873644.0
2025-05-27,289.632017993,285.280284835,290.067191309,279.603690692,20144557.0
2025-05-28,284.313233022,288.287815973,293.771773394,283.616955716,16114190.0
2025-05-29,287.020978098,288.345839082,293.383211976,285.280284835,16262496.0
2025-05-30,288.152428719,291.962612862,295.569716125,286.09115778,16309280.0
2025-06-02,293.132745556,294.680028457,303.219095966,291.053584158,19074368.0
2025-06-03,293.11340452,291.295347111,295.646983565,290.125214418,12805723.0
2025-06-04,293.538907318,290.483023588,297.503819751,290.308954262,11255616.0
2025-06-05,290.483023588,286.092608357,292.455809287,284.419608721,13627792.0
2025-06-06,287.436810377,293.229450737,294.360901359,287.359446232,12588977.0
2025-06-09,294.984649778,293.200439183,297.271727316,291.218950018,12170320.0
2025-06-10,293.790340789,293.780670271,295.066849182,290.686104469,11384053.0
2025-06-11,292.707242758,300.327611045,301.314003894,292.272069442,14711373.0
2025-06-12,301.144769827,308.00600244,308.296117984,298.345154828,15957166.0
2025-06-13,305.491667726,303.199754929,306.962746944,301.633130992,13762432.0
2025-06-16,304.835935238,299.635219921,305.098892754,296.840078917,14240076.0
2025-06-17,299.430697408,300.813659159,301.865489223,297.546168543,11593898.0
2025-06-18,299.528089081,299.187218227,303.657495999,298.242519002,12205634.0
2025-06-20,301.427226697,294.132590419,301.514879202,293.724227136,16177856.0
2025-06-23,294.025459579,292.837281173,294.580592113,287.811870867,12274663.0
2025-06-24,293.587197052,297.6484298,297.843213145,291.52229881,8781398.0
2025-06-25,296.440773059,294.142329586,296.440773059,291.980234454,8722083.0
2025-06-26,294.677983785,294.726679622,298.709999031,293.431370376,6532694.0
2025-06-27,295.048072141,301.047399173,302.352447586,294.317634597,15304422.0
2025-06-30,300.93539875,303.83280101,304.232106867,298.349747234,10074103.0
2025-07-01,303.83280101,317.633201017,318.032506875,302.966112515,17865491.0
2025-07-02,312.369181113,299.537828248,314.010230796,298.437399739,18177190.0
2025-07-03,301.758358383,300.502005807,304.105497693,300.190352454,6161145.0
2025-07-07,299.966351608,295.788248853,300.555571227,293.343717871,9031224.0
2025-07-08,296.289815967,299.67417659,300.258429234,295.875901358,9613844.0
2025-07-09,295.281812155,295.009115472,295.681118013,290.957621892,12816658.0
2025-07-10,295.155202981,291.697798604,296.976427259,288.863700931,11355625.0
2025-07-11,292.194496134,296.168076376,296.187554711,290.227184348,9808227.0
2025-07-14,293.77224123,292.739889501,296.109641373,291.201101074,10681441.0
2025-07-15,291.892581949,284.101248141,292.837281173,283.438984767,16019016.0
2025-07-16,284.919338191,284.860903187,288.269611728,283.166288084,9713979.0
2025-07-17,284.705076511,280.556191258,285.357600718,276.42678434,14792734.0
2025-07-18,280.380886248,275.277562603,280.556191258,273.485555828,14979714.0
2025-07-21,277.215656888,274.780865073,279.027141999,273.865383351,10319211.0
2025-07-22,275.258084269,277.692876084,279.621231201,274.644516732,14600338.0
2025-07-23,280.001058725,284.880381522,285.006990696,277.517571073,13111099.0
2025-07-24,275.71582513,271.313721529,281.666456326,270.963111507,22585190.0
2025-07-25,273.670600006,273.729035009,278.676531977,272.638248276,16486616.0
2025-07-28,276.105391821,274.761386739,277.56626691,272.394769094,15779352.0
2025-07-29,258.769674098,254.260439656,265.791613692,253.754002959,41706034.0
2025-07-30,257.893149044,259.100805785,259.675416653,251.388651406,22371770.0
2025-07-31,254.581832176,243.05065814,254.581832176,241.287868866,29606864.0
2025-08-01,244.073270702,231.568179941,244.930317421,228.480863919,39989180.0
2025-08-04,232.025920802,234.694452631,235.931326873,230.772100409,17427931.0
2025-08-05,234.869757642,244.453098226,245.495091731,233.788710076,23795862.0
2025-08-06,244.102488204,239.369252916,246.556660962,238.911512055,12946447.0
2025-08-07,239.99255962,238.28820535,242.25759775,233.253055877,11369901.0
2025-08-08,238.405075357,244.345967386,244.531011564,237.996030332,10185749.0
2025-08-11,247.248239229,245.78736414,251.660081998,245.563363293,11779538.0
2025-08-12,247.394326738,254.747398019,256.02322893,247.049657609,12207661.0
2025-08-13,257.493843187,264.720305294,265.087958858,256.032968098,19480262.0
2025-08-14,264.99787156,264.408651941,266.707095415,260.035765842,25011098.0
2025-08-15,293.840415401,296.080423871,302.206360077,287.022998319,68198475.0
2025-08-18,305.006370665,300.443570803,308.147154714,299.401479906,39600508.0
2025-08-19,300.842876661,296.304424718,302.401143423,291.405623586,22348565.0
2025-08-20,298.403215262,292.019191123,299.187218227,287.987175878,16678985.0
2025-08-21,294.405287102,295.437638832,298.570144589,290.032401002,13358957.0
2025-08-22,298.115909828,299.401479906,302.576448433,296.635556405,14930045.0
2025-08-25,300.443570803,296.908253088,300.813659159,294.833810461,8917077.0
2025-08-26,296.372598889,292.593801992,300.901311664,286.52639818,16303186.0
2025-08-27,292.700932832,295.953814696,297.989300654,292.661976163,9982781.0
2025-08-28,296.314163885,294.405287102,296.528425565,291.590667764,11234953.0
2025-08-29,294.415026269,301.787575885,301.91418506,293.06128202,12065367.0
2025-09-02,300.263396209,300.745484988,304.728804398,299.284609899,10957136.0
2025-09-03,300.073482447,299.8494816,301.514879202,295.778509686,9654569.0
2025-09-04,298.115909828,302.284273415,303.778261673,296.168076376,7725742.0
2025-09-05,302.342708419,307.163596213,309.647083864,300.161134953,14126705.0
2025-09-08,311.370916469,311.896831501,313.260314917,305.61516601,18438640.0
2025-09-09,323.827311395,338.845107309,342.536154309,318.626596078,46408865.0
2025-09-10,336.546663836,337.734842242,339.478153181,332.495170256,17804298.0
2025-09-11,339.896937374,344.38669348,351.564459751,336.819360519,18943509.0
2025-09-12,346.616962783,343.315385082,352.859768997,343.266689245,14016240.0
2025-09-15,344.251343415,340.953437988,344.697271192,335.700310771,11035852.0
2025-09-16,340.57121418,333.005142889,342.076391937,331.574253759,12695815.0
2025-09-17,330.956815299,334.798654607,336.160939464,330.956815299,8467682.0
2025-09-18,336.680371819,328.144040091,338.052457286,327.457997357,11255561.0
2025-09-19,329.790542652,329.976754251,334.160634865,327.183580264,13656837.0
2025-09-22,327.791218114,334.494835682,335.651307719,325.968304564,8903744.0
2025-09-23,334.200817368,340.757425779,345.667531629,333.182631945,12504059.0
2025-09-24,343.217379009,344.795277296,347.431641516,340.904434936,9016256.0
2025-09-25,341.943299647,338.669895746,343.207578399,336.748976092,8104859.0
2025-09-26,340.99264043,337.219405395,342.991964968,334.494835682,6774710.0
2025-09-29,337.121399291,338.297472548,338.65999713,334.641844839,6878937.0
2025-09-30,336.89598525,338.415079874,342.354925287,335.504298561,7429653.0
2025-10-01,337.042994407,341.355263018,341.747287437,334.818255828,8825487.0
2025-10-02,340.365401359,346.667193898,348.000076923,337.778040193,8564187.0
2025-10-03,350.126809398,353.017989489,360.662465664,349.499570327,13494786.0
2025-10-06,353.826539854,351.61650219,355.29173112,349.989600851,7181663.0
2025-10-07,352.243741261,356.409000715,357.447865426,350.920658846,7236242.0
2025-10-08,359.613800342,362.544182876,367.160270412,358.506331358,9438333.0
2025-10-09,365.0923416,360.358646739,368.718567478,358.780748451,8759801.0
2025-10-10,362.034551131,347.431641516,362.034551131,345.48132003,13141909.0
2025-10-13,347.666856167,351.508695475,351.998725999,346.275169479,5659400.0
2025-10-14,347.872668987,352.753373006,355.105519521,346.353672369,5974813.0
2025-10-15,352.22414004,353.949047485,356.957834902,348.75472393,6579630.0
2025-10-16,354.625289608,349.55837399,354.782099376,347.333635411,5872116.0
2025-10-17,344.001427848,349.489769716,351.244078992,343.834817469,8608378.0
2025-10-20,351.391088149,357.212650775,358.280917317,350.381723276,5996541.0
2025-10-21,357.859491066,358.084905107,363.65165186,354.292068852,6885288.0
2025-10-22,356.70301903,354.282268241,356.742221472,350.861855184,7833031.0
2025-10-23,348.490107447,353.263004751,355.056516469,346.590259106,5756666.0
2025-10-24,354.164660915,355.2721299,358.13390816,352.846478806,5462101.0
2025-10-27,356.252190948,358.682742347,358.917956998,354.194062747,7766441.0
2025-10-28,373.089639752,360.505655896,373.403259288,351.482233827,18858685.0
2025-10-29,357.016638565,348.176487912,358.849352725,346.824003666,11874949.0
2025-10-30,340.585915095,337.876046298,347.470843957,336.748976092,11441932.0
2025-10-31,337.52322432,334.749651554,339.375539701,330.398180501,8390831.0
2025-11-03,332.368103208,327.134577211,333.906799053,320.087938276,11181376.0
2025-11-04,321.097401156,324.233596509,329.790542652,320.675974905,9646591.0
2025-11-05,319.793919962,321.205207871,323.621548385,317.755392982,9697089.0
2025-11-06,322.361679908,315.148430594,325.737990218,315.040623879,7922131.0
2025-11-07,313.281414298,317.745592372,318.078813128,307.895978839,9402873.0
2025-11-10,313.609734749,315.168031815,317.784794814,310.845962594,9283842.0
2025-11-11,316.853736818,320.920990167,321.322717191,313.501928034,7157796.0
2025-11-12,321.901051215,332.299498934,336.327549842,320.56287586,10403259.0
2025-11-13,331.60365559,325.88989968,332.270097103,324.684424591,7788683.0
2025-11-14,320.430959643,315.442448909,321.667894692,314.099765273,8676498.0
2025-11-17,314.207571988,314.129167104,321.342416418,313.060900562,6485370.0
2025-11-18,310.689152826,307.327543431,311.16938274,302.61344979,9182145.0
2025-11-19,307.670564798,302.927069326,308.71923012,298.457990947,8181075.0
2025-11-20,304.612774328,305.328218893,308.469314552,303.81892488,7337568.0
2025-11-21,305.690841481,313.590133528,317.378069479,305.230212789,8406306.0
2025-11-24,318.054311602,312.688477364,319.348972246,311.286990065,10773806.0
2025-11-25,314.717203733,319.774318741,321.460023744,314.505510547,6149110.0
2025-11-26,320.078137666,323.135928136,328.506662679,319.392094932,5504205.0
2025-11-28,325.05684779,323.194731798,325.439071598,322.332278076,2464462.0
2025-12-01,320.636772463,316.765531324,323.478949502,316.589120335,6154560.0
2025-12-02,316.922341091,318.069012517,322.146066477,316.363706294,7978098.0
2025-12-03,319.499901648,332.936538616,334.597742092,318.52964121,9769961.0
2025-12-04,332.632719691,326.840558897,334.45563324,322.165667698,8061622.0
2025-12-05,328.32045108,324.312001393,329.016294424,321.959854878,5905996.0
2025-12-08,324.3120016,319.299817334,324.706661778,318.520363482,4782815.0
2025-12-09,318.845958129,319.280084325,322.003239556,318.175035826,4628440.0
2025-12-10,318.441431446,323.986406953,324.341601113,315.333482541,5910546.0
2025-12-11,325.959707845,332.234804681,334.721163805,324.371200626,7513165.0
2025-12-12,332.994525525,337.27658846,340.374670861,332.866260967,7978995.0
2025-12-15,336.437935581,336.54646713,340.354937852,332.501200302,6447186.0
2025-12-16,335.875544827,329.738579053,336.437935581,326.610995804,6334030.0
2025-12-17,329.15645529,327.202887406,331.040957641,326.068239394,4685579.0
2025-12-18,324.538931202,323.75947735,325.77224426,320.237135258,6354947.0
2025-12-19,323.680545314,323.049089029,330.133239231,321.717110927,10552981.0
2025-12-22,318.589429013,320.819259021,325.39731709,317.356115955,7872420.0
2025-12-23,319.674744504,320.46406486,323.423917533,319.437948396,4463292.0
2025-12-24,320.858725039,323.2069531,324.598130229,319.803009061,2842681.0
2025-12-26,322.832025931,327.400217496,327.459416522,321.907041138,4359289.0
2025-12-29,326.472766076,324.548797707,329.787911575,323.897608412,4346789.0
2025-12-30,325.328251559,327.725812143,331.662547422,325.111188461,4432488.0
2025-12-31,327.883676214,325.703178729,328.880193165,325.476249126,4285205.0
2026-01-02,326.477699329,331.909210034,335.715510124,323.128021065,6863568.0
2026-01-05,330.97189211,337.45418554,342.30840707,329.393251397,7956616.0
2026-01-06,343.699682864,344.31140614,347.902813764,340.512801923,9441893.0
2026-01-07,344.321272645,337.138457398,345.436187649,333.527316765,7461438.0
2026-01-08,336.45766859,342.219707195,343.255690163,336.250471996,5059271.0
2026-01-09,342.614367373,339.388020415,344.395271428,337.908044746,4129132.0
2026-01-12,336.862195273,335.964343367,338.075775321,329.482049937,7146356.0
2026-01-13,336.941127309,329.472183432,337.280436397,328.406600951,5605928.0
2026-01-14,330.892960075,330.488433392,335.569683189,329.639914008,5740921.0
2026-01-15,330.725229499,334.435035176,334.918493894,323.680545314,6943513.0
2026-01-16,330.389768347,326.601030634,331.711879945,326.018906871,8039139.0
2026-01-20,323.02935602,333.912110439,335.35262009,322.144429235,7596497.0
2026-01-21,334.898760885,343.107692596,343.433188578,334.168639555,8933337.0
2026-01-22,342.545301842,349.737983593,350.211575807,342.140775159,7491394.0
2026-01-23,349.545586756,351.504087891,353.09259511,348.277740933,9082197.0
2026-01-26,349.224925361,346.945762831,350.053711736,342.634100382,10399474.0
2026-01-27,290.04563161,278.926081084,295.501808577,276.656785058,65836932.0
2026-01-28,279.932464539,290.094964132,291.002583878,279.932464539,23396870.0
2026-01-29,290.400825771,288.388058861,291.653871837,285.359041992,13456393.0
2026-01-30,288.200595276,283.09961247,289.039248155,280.899381976,12022204.0
2026-02-02,282.201760564,281.777500873,286.523289518,278.511687896,8664194.0
2026-02-03,280.899381976,280.386323744,284.244126988,274.880814255,10809132.0
2026-02-04,278.245292276,272.23659106,280.702051887,270.391554726,12944132.0
2026-02-05,270.623417581,264.964977273,273.191076701,262.735147265,13035324.0
2026-02-06,263.494868108,272.956845885,274.101360403,262.848612066,9572782.0
2026-02-09,270.49021977,272.019527962,276.43972196,269.673075871,10371567.0
2026-02-10,273.815231773,269.572634856,275.758834487,269.010244101,7284704.0
2026-02-11,268.803047508,275.186675893,275.956263241,266.19829033,6333068.0
2026-02-12,274.446688059,280.573787329,282.487889194,272.128059511,12336891.0
2026-02-13,281.81696689,289.276044262,289.542439883,280.713398367,10281936.0
2026-02-17,290.075231124,285.230777434,290.302160726,284.495624186,6091749.0
2026-02-18,286.12862934,284.352658537,286.256893897,282.468156185,6632041.0
2026-02-19,287.006748236,286.059563808,287.006748236,283.060146452,4931832.0
2026-02-20,285.043313849,286.12862934,286.917949696,281.738034855,6974112.0
2026-02-23,284.697986193,278.570886923,287.875000629,277.909831124,7247495.0
2026-02-24,278.427822608,270.292889681,278.63008595,268.171591222,9684486.0
2026-02-25,273.583368919,280.406056753,280.938847994,273.173908984,11380563.0
2026-02-26,283.148944993,282.83321685,291.318410685,281.422306712,10210027.0
2026-02-27,280.899381976,289.354976298,290.203495681,280.060729097,9723340.0
2026-03-02,284.313192519,290.992816038,291.367743208,283.662003225,8141440.0
2026-03-03,285.132112389,285.349175487,289.818702008,280.567571431,7051120.0
2026-03-04,285.151845398,288.062464214,290.410692275,283.83969897,7796033.0
2026-03-05,286.177961862,284.915049291,287.500073459,282.912148886,5407721.0
2026-03-06,283.504139153,282.65561977,287.43594118,279.27140874,6816942.0
2026-03-09,280.398511566,283.550509018,283.580338647,277.077479549,10348846.0
2026-03-10,285.747958346,280.736580693,285.946822539,277.31611658,6075603.0
2026-03-11,280.776353531,283.630054695,284.594546029,279.006462217,6878812.0
2026-03-12,283.157752238,275.476622799,285.92693612,274.720938867,10512299.0
2026-03-13,276.480886971,280.488000452,281.273514013,276.232306731,4737558.0
2026-03-16,282.367267072,283.868691726,285.767745334,279.443963441,4853972.0
2026-03-17,286.165573151,285.936879329,287.348815097,283.2223831,5752046.0
2026-03-18,283.580338647,282.715279409,286.762165729,281.462434996,4544057.0
2026-03-19,282.387153492,278.847370863,285.912021305,278.479472107,5542062.0
2026-03-20,277.405605467,274.024914193,281.492264625,273.438264825,38893036.0
2026-03-23,277.554753611,268.009272367,279.150638757,267.563617711,10424151.0
2026-03-24,267.343077321,270.733711805,271.827464864,266.070346489,5911688.0
2026-03-25,273.438264825,269.013536539,274.512131465,265.597149142,8121164.0
2026-03-26,268.4567168,266.527734132,273.080309278,265.662674894,6218751.0
2026-03-27,265.980857602,257.549015836,266.15386945,254.511365294,10735259.0
2026-03-30,258.702428153,260.303284903,260.840218223,255.212361573,7774686.0
2026-03-31,261.506413269,269.053309378,270.33598342,261.118628093,9170779.0
2026-04-01,272.652751264,272.424057442,273.734572471,269.222343941,5473399.0
2026-04-02,270.743655015,275.685430201,277.455321515,269.987971083,6407008.0
2026-04-06,276.296937593,279.762146149,281.691128817,275.675486991,7097033.0
2026-04-07,307.091057817,305.982389943,310.65569847,299.042029622,22099830.0
2026-04-08,310.228140456,304.242328258,311.19263179,303.100549496,9645031.0
2026-04-09,304.083236904,305.167046754,306.136509693,302.412777686,5742017.0
2026-04-10,306.201140555,302.601698669,308.607297854,302.472436944,5212893.0
2026-04-13,301.527832029,311.222461419,311.540644127,301.199706111,7972223.0
2026-04-14,310.735244147,312.405703364,317.804866194,310.735244147,5864506.0
2026-04-15,314.205424308,312.26649843,315.955429202,309.377996032,5041157.0
2026-04-16,313.211103345,314.603152693,316.800602021,311.331936157,5205638.0
2026-04-17,318.232424208,322.786414218,323.422779635,315.333978601,9414685.0
2026-04-20,322.348912994,321.642945111,323.55204136,318.302026675,9050575.0
2026-04-21,351.005243148,344.044996407,355.648722045,343.269426056,26097320.0
2026-04-22,348.887339497,351.512346839,356.523724493,347.117448183,11807254.0
2026-04-23,352.665759156,352.546440641,354.823435646,348.509497531,7255802.0
2026-04-24,354.465480099,352.904396187,356.245314623,349.389471583,8554577.0
2026-04-27,351.900132015,352.675702366,354.465480099,346.968300038,7256096.0
2026-04-28,354.813492436,364.687099599,367.530857553,353.699852958,10604095.0
2026-04-29,363.921472458,368.634553822,368.733985918,362.937094704,9046553.0
2026-04-30,366.417218075,368.376030372,369.877455026,360.942089124,6879865.0
2026-05-01,369.847625397,366.685684735,370.782287102,364.93567984,4945442.0
2026-05-04,366.456990913,368.644497032,368.724042709,362.579139157,4916862.0
2026-05-05,368.371058767,361.803568806,369.688534043,359.756063079,6489023.0
2026-05-06,361.037941665,365.19420329,366.456990913,356.215484994,6695494.0
2026-05-07,364.557837874,367.640232859,367.709835327,362.648741625,5235407.0
2026-05-08,369.877455026,377.82207952,377.82207952,369.877455026,6455080.0
2026-05-11,378.289410373,382.256751015,382.624649772,373.93498058,6949607.0
2026-05-12,380.675780684,394.138886523,395.15806551,379.840551075,9236323.0
2026-05-13,394.248261829,398.881797517,401.854817196,390.768138459,8454062.0
2026-05-14,398.722706163,396.823553123,399.616600708,393.751101348,5342488.0
2026-05-15,392.06075571,391.613311277,395.371844517,388.03375581,9811193.0
2026-05-18,387.78517557,388.908758258,389.91302243,381.322188742,8400656.0
2026-05-19,387.78517557,387.029491638,392.746837175,385.309316372,5016806.0
2026-05-20,387.337731136,381.123225117,391.145980424,378.537990614,7783866.0
2026-05-21,378.955605418,380.307881928,383.912295419,378.37889926,4732450.0
2026-05-22,379.751062188,386.263864496,388.32210889,378.846230112,5602085.0
2026-05-26,383.807891718,374.719798116,384.324938618,374.272453114,6498144.0
2026-05-27,376.275910423,381.829193001,382.346239902,374.948491937,4546689.0
2026-05-28,382.773797916,380.357597976,387.049378057,378.791542459,4334784.0
2026-05-29,381.60049918,378.150205438,382.93288927,373.317805558,10262268.0
2026-06-01,373.969085789,377.702761005,381.167969561,373.78513641,6623720.0
2026-06-02,375.833437594,375.773778336,377.921511617,372.596226835,3874403.0
2026-06-03,377.84196594,374.859003051,385.259600323,374.670082068,6808435.0
2026-06-04,387.78517557,394.2184322,399.095576524,387.606197796,12666064.0
2026-06-05,397.270997557,397.201395089,401.74544189,394.944286503,10897297.0
2026-06-08,394.874684036,404.261073926,406.388920787,392.746439446,6963211.0
2026-06-09,407.66165162,410.654557719,410.654557719,405.126133164,8590373.0
2026-06-10,411.1517182,405.146019583,413.617634188,402.252545581,6512882.0
2026-06-11,406.388920787,403.246866544,407.65170841,400.820723394,4938139.0
2026-06-12,406.687217076,406.199999804,407.562219524,402.511069032,7269619.0
2026-06-15,406.7,411.04,414.155,399.65,6777892.0
2026-06-16,410.675,407.65,411.75,406.54,4815079.0
2026-06-17,409.12,399.53,411.16,398.59,5838763.0
2026-06-18,402.77,400.96,406.2,399.15,11896852.0
2026-06-22,402.14,406.68,409.46,402.14,5818614.0
2026-06-23,409.52,409.25,409.9,402.835,6675885.0
2026-06-24,410.535,405.8,413.43,400.0,6858810.0
2026-06-25,406.65,415.53,417.58,406.65,6018521.0
2026-06-26,416.16,427.89,427.93,416.16,10588247.0
2026-06-29,426.53,419.82,426.695,415.81,5167409.0
2026-06-30,422.72,415.63,422.74,413.25,5779798.0
2026-07-01,417.11,426.54,428.02,413.73,4985860.0
2026-07-02,428.13,425.36,430.2,420.54,3931596.0
2026-07-06,423.49,417.99,424.435,415.05,6379039.0
2026-07-07,423.95,428.19,428.6,422.13,5800450.0
2026-07-08,427.145,425.6,430.77,423.83,3859208.0
2026-07-09,427.11,431.68,434.2999,423.516,5565979.0
2026-07-10,431.67,424.62,432.855,423.65,3798624.0
2026-07-13,426.465,429.09,431.55,425.525,3863760.0
2026-07-14,431.0,425.19,432.15,421.785,5135861.0
2026-07-15,419.49,418.52,424.11,414.37,6764791.0
2026-07-16,449.39,423.38,461.62,420.37,13281896.0
2026-07-17,426.72,426.09,437.47,425.1,10718109.0
2026-07-20,427.25,421.55,431.015,417.38,4818810.0
2026-07-21,422.48,436.35,437.0,420.5,6833628.0
2026-07-22,434.95,431.31,436.32,429.7,4234137.0
2026-07-23,428.265,423.56,430.485,420.4001,4868745.0
2026-07-24,425.24,420.74,429.0,418.92,3752476.0
2026-07-27,422.51,417.64,422.88,412.54,4616624.0
2026-07-28,419.93,428.79,430.46,415.11,5919971.0
2026-07-29,428.26,420.57,431.68,420.35,5260734.0
2026-07-30,415.19,421.47,427.34,411.29,3650543.0
2026-07-31,419.68,412.08,420.49,411.74,3920870.0
2026-08-03,415.11,413.04,417.02,410.995,3209606.0
2026-08-04,413.235,405.23,413.68,404.35,5266258.0
2026-08-05,400.87,410.43,414.04,395.48,5399007.0
2026-08-06,412.95,401.65,414.65,400.08,4712393.0
2026-08-07,399.265,404.76,408.32,398.34,4095868.0
2026-08-10,406.28,406.42,410.75,405.67,3182188.0
2026-08-11,406.68,399.87,408.5847,399.0,3398912.0
2026-08-12,398.66,403.27,404.88,398.18,3317170.0
2026-08-13,403.27,396.74,405.0,396.27,4170216.0
2026-08-14,395.68,399.41,400.86,394.24,3476442.0
2026-08-17,396.25,393.3,396.58,389.105,5295055.0
2026-08-18,395.11,391.61,396.47,391.19,3605082.0
2026-08-19,392.25,386.29,394.48,384.01,5268509.0
2026-08-20,385.93,382.53,390.3895,381.51,4497174.0
2026-08-21,383.68,387.79,391.335,383.68,4885901.0
2026-08-24,388.72,396.44,397.26,388.535,4687755.0
2026-08-25,395.48,394.27,396.71,393.3,2657141.0
2026-08-26,394.01,398.69,403.93,393.69,3560032.0
2026-08-27,394.55,392.73,397.56,391.45,3670816.0
2026-08-28,394.1,390.63,394.42,390.34,2457152.0
2026-08-31,391.2,387.09,392.17,385.39,5748583.0
2026-09-01,389.76,393.98,397.28,389.46,3717252.0
2026-09-02,396.95,397.34,398.82,394.19,3266755.0
2026-09-03,397.7,398.62,402.84,392.9805,5489555.0
2026-09-04,394.73,394.82,399.905,392.88,5566518.0
2026-09-08,390.08,398.52,401.565,388.12,7050221.0
2026-09-09,402.85,390.74,404.21,375.7601,7737638.0
2026-09-10,393.68,385.96,396.945,385.28,4346064.0
2026-09-11,388.1,376.77,389.41,373.58,7484665.0
