time_key,open,close,high,low,volume
2018-01-02,214.962302946,215.783203067,215.783203067,214.600757573,2784283.0
2018-01-03,215.914197767,217.066951128,217.189212848,215.861799887,2917652.0
2018-01-04,217.686992709,218.018845949,218.42929601,217.599662909,2918028.0
2018-01-05,218.72621733,219.416122751,219.547117451,218.280835349,2190162.0
2018-01-08,219.337525931,219.870237711,219.966300491,219.08426951,2476193.0
2018-01-09,220.228289892,220.333085652,220.894616266,219.992499431,2129810.0
2018-01-10,219.643180231,219.957567511,220.219556912,219.04060461,1953626.0
2018-01-11,220.481546312,221.581901793,221.581901793,220.359284592,2280293.0
2018-01-12,221.843891194,223.049042435,223.180037135,221.730362453,2054913.0
2018-01-16,224.254193676,222.236875294,224.785158861,221.643032653,3719563.0
2018-01-17,223.127639255,224.385188376,224.743240557,222.46567937,1867698.0
2018-01-18,224.297858576,224.079534076,224.673376717,223.581754216,3154233.0
2018-01-19,224.568580957,225.031428897,225.040161877,224.027136196,2541164.0
2018-01-22,224.830570357,226.839155759,226.865354699,224.830570357,1607788.0
2018-01-23,226.917752579,227.35440158,227.607658,226.629564239,2161081.0
2018-01-24,227.956977201,227.24087284,228.480956001,226.200774921,2935509.0
2018-01-25,228.079238921,227.3456686,228.122903821,226.647030199,3585564.0
2018-01-26,228.218966601,229.991761543,230.000494523,227.90457932,2857269.0
2018-01-29,229.528913602,228.402359181,229.895698763,228.349961301,5145000.0
2018-01-30,226.769291919,225.965857758,227.36313456,225.712601338,6678947.0
2018-01-31,226.909019599,226.175449278,227.3893335,225.267219357,5597301.0
2018-02-01,225.564140678,225.948391798,227.16227602,225.267219357,3125707.0
2018-02-02,224.760706517,221.101587893,224.874235257,221.022991073,5532170.0
2018-02-05,219.424855731,212.028021662,221.354844313,211.268252401,8559206.0
2018-02-06,208.543562638,215.949129687,216.411977627,207.556735897,11701703.0
2018-02-07,215.451349826,214.770177385,218.56902369,214.761444405,6240150.0
2018-02-08,215.049632746,206.788233656,215.206826386,206.709636836,6985672.0
2018-02-09,209.242201039,209.97577136,211.512775842,202.971921392,9713095.0
2018-02-12,211.774765242,212.857654763,214.237465605,210.16789692,4236207.0
2018-02-13,211.888293982,213.573759124,213.958010245,211.311917301,3077691.0
2018-02-14,212.211414243,216.368312727,216.682700008,212.071686562,3650816.0
2018-02-15,217.975181049,219.17159931,219.17159931,215.687140286,2923845.0
2018-02-16,218.56029071,219.14540037,220.944394253,218.47296091,3007455.0
2018-02-20,218.320133759,217.817987409,219.643180231,217.101883048,3454368.0
2018-02-21,218.202238529,216.673967028,220.455347372,216.673967028,2797969.0
2018-02-22,217.599662909,216.935956428,219.11046845,216.411977627,3177722.0
2018-02-23,218.167306609,220.499012272,220.499012272,217.713191649,2923105.0
2018-02-26,221.433441133,223.040309455,223.127639255,220.935661272,1891991.0
2018-02-27,223.241167995,220.193357972,223.861209576,220.193357972,2947118.0
2018-02-28,221.267514513,217.748123569,221.660498613,217.748123569,2716623.0
2018-03-01,217.914050189,214.874973146,219.223997191,213.477696344,5182334.0
2018-03-02,213.294303764,216.018993527,216.455642527,212.500475881,3276498.0
2018-03-05,214.848774206,218.49915985,219.01440567,214.787643345,3024611.0
2018-03-06,219.389923811,219.04933759,219.416122751,217.652060789,1931994.0
2018-03-07,217.049485168,218.95327481,219.258929111,216.892291528,2730204.0
2018-03-08,219.547117451,219.975033471,220.088562212,218.63888753,3021617.0
2018-03-09,221.293713453,223.782612756,223.791345736,220.988059153,2450814.0
2018-03-12,224.123198976,223.564288256,224.655910757,223.200122989,2029174.0
2018-03-13,224.612245857,222.088414634,225.057627837,221.564435833,3080622.0
2018-03-14,222.979178595,220.918195312,223.136372235,220.472813332,2352702.0
2018-03-15,221.424708153,220.708603792,222.001084834,220.263221812,2161474.0
2018-03-16,221.145252793,220.935661272,221.887556094,220.918195312,1554574.0
2018-03-19,220.289420752,217.983914029,220.298153732,216.464375507,2715818.0
2018-03-20,218.315767269,218.36816515,218.900003632,217.739390589,1991443.0
2018-03-21,218.272102369,217.861652309,220.175892012,217.721924629,2777343.0
2018-03-22,215.800669027,212.447204703,216.647768088,212.237613183,3589391.0
2018-03-23,212.857654763,207.923521058,213.538827204,207.775060397,3815476.0
2018-03-26,211.269246314,213.646705235,213.892346748,209.076018526,5528998.0
2018-03-27,214.471358884,209.94453673,214.971414819,208.593508413,3363565.0
2018-03-28,210.076130397,209.356751683,211.62016276,208.382958545,4384132.0
2018-03-29,210.418273932,212.374633119,213.716888525,209.742759774,2911487.0
2018-04-02,211.593844026,207.461802875,212.041262495,205.21593762,4696395.0
2018-04-03,208.628600058,210.09367622,210.5498676,206.979292761,3287873.0
2018-04-04,206.926655295,212.514999697,213.015055633,206.777515805,4598042.0
2018-04-05,213.971302948,214.050259148,214.839821152,213.006282722,3436604.0
2018-04-06,212.251812363,209.339205861,213.629159413,207.900448432,4931574.0
2018-04-09,210.681461267,210.190178242,213.401063723,209.953309641,2955982.0
2018-04-10,212.962418166,213.655478147,214.392402683,211.92721465,2905551.0
2018-04-11,212.30444983,212.523772608,214.050259148,212.260585274,2068330.0
2018-04-12,213.804617636,214.304673572,215.155645953,213.594067769,1723600.0
2018-04-13,215.673247711,213.708115614,215.673247711,212.743095387,2887665.0
2018-04-16,215.173191776,215.445152021,216.12066618,214.418721417,2149239.0
2018-04-17,217.059367673,217.761200565,218.282311487,216.581244015,2301788.0
2018-04-18,218.147208655,217.884021321,218.63849168,217.519068217,1365069.0
2018-04-19,217.234825896,216.690905405,217.471694497,215.778522645,1997232.0
2018-04-20,216.647040849,214.936323175,216.804953249,214.032713326,2103856.0
2018-04-23,215.418833288,214.839821152,215.883797579,213.839709281,1472625.0
2018-04-24,215.787295556,211.909668828,215.918889223,210.558640511,3653453.0
2018-04-25,211.874577183,212.453589319,212.857143232,210.198951154,2354766.0
2018-04-26,213.37474499,214.638044195,215.348649999,212.979963988,2106791.0
2018-04-27,215.138100131,214.866139885,215.43637911,213.962530037,2178868.0
2018-04-30,215.383741643,213.111557655,215.857478845,213.050147277,2146101.0
2018-05-01,212.699230831,213.567749035,213.637932324,211.216608847,2323139.0
2018-05-02,213.365972079,212.111445784,214.076577882,211.742983516,1636419.0
2018-05-03,211.321883781,211.611389849,212.216632989,208.72510208,2666472.0
2018-05-04,210.769190378,214.418721417,214.984574186,210.457401116,1785210.0
2018-05-07,215.103008486,215.085462664,215.980299601,214.462585972,3127179.0
2018-05-08,214.787183685,215.076689753,215.401287465,213.68179688,1924488.0
2018-05-09,215.690793533,217.164642607,217.480467408,215.252147976,1506163.0
2018-05-10,217.884021321,219.199957993,219.498412431,217.787519298,1537619.0
2018-05-11,219.357870394,219.735105574,220.126728327,218.86658737,1703455.0
2018-05-14,220.305344798,219.980747086,220.866811112,219.507009884,1478203.0
2018-05-15,218.884133192,218.471806368,218.901679014,217.620833986,2600622.0
2018-05-16,218.515670924,219.40173495,219.796515952,218.506898013,2588718.0
2018-05-17,219.138547615,219.217503816,220.191296953,218.515670924,1714614.0
2018-05-18,218.910451925,218.673583324,219.191185082,218.348985612,1703135.0
2018-05-21,219.998292908,220.279026065,220.796627823,219.700013929,1263289.0
2018-05-22,220.787854912,219.647376462,221.023846221,219.410507861,1055352.0
2018-05-23,218.550762568,220.331663532,220.331663532,218.401623079,1484145.0
2018-05-24,219.971974175,219.910563797,220.200069865,218.234937767,2025388.0
2018-05-25,219.357870394,219.357870394,219.884245063,218.875360281,1654804.0
2018-05-29,217.813838032,216.822499072,218.515670924,215.787295556,4465821.0
2018-05-30,218.03316081,219.682468107,220.094794931,217.945431699,1359687.0
2018-05-31,219.314005838,218.2612565,219.585966084,217.813838032,2378804.0
2018-06-01,219.524555706,220.559759222,220.770309089,219.471918239,1953882.0
2018-06-04,221.226500469,221.533552359,221.777702477,221.042269335,2031482.0
2018-06-05,221.656373115,221.84060425,222.068699939,220.963313135,1491157.0
2018-06-06,222.279249807,223.612732302,223.67414268,221.709010582,2763168.0
2018-06-07,224.033832037,223.507457368,224.323338105,222.726668276,2616287.0
2018-06-08,223.147768011,224.20929026,224.253154816,222.998628521,1517453.0
2018-06-11,224.402294305,224.498796328,225.174310487,224.323338105,2648046.0
2018-06-12,224.928668974,224.876031507,225.139218842,224.235608994,1182220.0
2018-06-13,225.05148973,223.98119457,225.262039598,223.911011281,2507760.0
2018-06-14,224.858485685,224.630389995,225.130445931,224.112788237,1914094.0
2018-06-15,223.946102926,224.43738595,224.647935818,222.945991054,2000057.0
2018-06-18,222.98985561,223.90223837,224.025059126,222.577528786,2019689.0
2018-06-19,221.805512605,223.051265988,223.232426603,221.445823248,1863323.0
2018-06-20,223.682915591,223.454819901,224.033832037,223.112676366,1578179.0
2018-06-21,223.410955345,222.059927028,223.419728257,221.586189826,4037572.0
2018-06-22,223.182859656,222.45470803,223.288134589,222.235385251,3092670.0
2018-06-25,221.401958692,219.375416216,221.524691719,217.87524841,6690013.0
2018-06-26,219.901790885,219.85792633,220.665121885,219.243822549,2971320.0
2018-06-27,220.436938466,218.03316081,221.717783493,217.945431699,3433775.0
2018-06-28,217.969083409,219.361688147,219.996292838,217.378901046,2638408.0
2018-06-29,220.331223091,219.916967252,221.547548749,219.555595136,3711575.0
2018-07-02,218.198246214,220.172571919,220.251897505,217.986711317,1943137.0
2018-07-03,220.948199874,219.282362561,221.018711507,218.973874169,1157884.0
2018-07-05,220.410548678,221.159734771,221.177362679,219.388130009,1948090.0
2018-07-06,221.150920817,223.001851166,223.336781419,220.80717661,2622491.0
2018-07-09,223.918502386,224.976176871,225.037874549,223.88324657,3979469.0
2018-07-10,225.416874573,225.76061878,225.901642045,225.152455951,1314531.0
2018-07-11,224.403269858,224.218176823,225.117200135,223.900874478,2335052.0
2018-07-12,225.337548986,226.139618804,226.21894439,224.764641974,2874031.0
2018-07-13,226.069107171,226.333525793,226.658760697,225.628409469,1814928.0
2018-07-16,226.421665333,226.192502528,226.527432782,225.778246688,993457.0
2018-07-17,225.505014113,227.162037472,227.452897956,225.460944343,1825871.0
2018-07-18,227.188479335,227.576293312,227.682060761,226.765409541,2606817.0
2018-07-19,226.95931653,226.712525816,227.311874691,226.298269977,2050473.0
2018-07-20,226.518618828,226.500990919,227.09152584,226.324711839,2710786.0
2018-07-23,226.280642068,226.932874667,227.056270024,225.989781585,1447020.0
2018-07-24,228.140386371,227.999363106,228.783805016,227.241363059,2916394.0
2018-07-25,227.87596775,230.088270214,230.264549295,227.779014255,2623349.0
2018-07-26,229.286200396,229.409595753,230.048607421,229.25094458,2166453.0
2018-07-27,229.806223684,227.92003752,229.815037638,227.029828162,2666731.0
2018-07-30,227.928851474,226.606758368,228.087502647,226.201316482,1601425.0
2018-07-31,227.41764214,227.752572393,228.360735222,227.04745607,1992498.0
2018-08-01,227.96410729,227.470525864,228.451695228,226.827988614,1651723.0
2018-08-02,226.280642068,228.625153843,228.810246878,226.060293217,1767326.0
2018-08-03,228.810246878,229.744526006,229.744526006,228.625153843,2017560.0
2018-08-06,229.656386466,230.608293502,230.775758629,229.33908412,1842998.0
2018-08-07,231.101874928,231.251712147,231.613084263,230.99610748,2619229.0
2018-08-08,231.12831679,231.12831679,231.516130768,230.740502813,1560785.0
2018-08-09,231.216456331,230.837456307,231.577828446,230.714060951,1084398.0
2018-08-10,229.480107385,229.268572488,230.012470209,228.660409659,2395462.0
2018-08-13,229.524177155,228.404804992,230.105898122,228.193270095,3685433.0
2018-08-14,229.109921315,229.876735317,230.105898122,228.766177108,1531808.0
2018-08-15,228.660409659,228.184456141,228.766177108,226.862363035,2587788.0
2018-08-16,229.480107385,230.035386489,230.827760958,229.471293431,1693138.0
2018-08-17,229.788595776,230.802200491,231.260526101,229.471293431,2278823.0
2018-08-20,231.278154009,231.313409825,231.577828446,230.837456307,1245462.0
2018-08-21,231.815805206,231.815805206,232.664765259,231.683595895,1937866.0
2018-08-22,231.489688906,231.745293573,232.203619183,231.269340055,1708066.0
2018-08-23,231.524944722,231.41036332,232.362270356,231.110688882,2308144.0
2018-08-24,231.948014516,232.864665736,232.943991323,231.903944746,2329248.0
2018-08-27,233.904712313,234.61864259,234.759665855,233.798944865,2370987.0
2018-08-28,235.121037971,234.750851901,235.182735649,234.354223969,3027196.0
2018-08-29,234.971200752,236.037689191,236.258038042,234.750851901,2116106.0
2018-08-30,235.605805443,235.0769682,235.958363604,234.556944912,2625499.0
2018-08-31,234.742037947,235.085782154,235.523218693,234.301340245,3172354.0
2018-09-04,234.759665855,234.759665855,235.03289843,233.798944865,3623299.0
2018-09-05,234.371851877,234.098619302,234.565758866,233.146712266,4595466.0
2018-09-06,234.177944888,233.411130887,234.442363509,232.423968034,1687900.0
2018-09-07,232.362270356,232.847037828,233.798944865,232.203619183,2634408.0
2018-09-10,233.816572773,233.28773553,234.07217744,233.137898312,2832699.0
2018-09-11,232.714828518,234.169130934,234.495159094,232.406340126,3420386.0
2018-09-12,234.107433256,234.195572796,234.680340269,233.419944841,3019831.0
2018-09-13,235.138665879,235.526479856,235.700996146,234.865433303,2087871.0
2018-09-14,235.746828707,235.649875213,235.883092437,234.865433303,1860996.0
2018-09-17,235.526479856,234.318968153,235.565084975,234.089805348,2515315.0
2018-09-18,234.539317004,235.596991489,236.143456639,234.53050305,1823641.0
2018-09-19,235.641061259,235.86141011,236.240410134,235.53529381,2077480.0
2018-09-20,236.998410181,237.756410229,238.06489862,236.910270641,3349666.0
2018-09-21,238.461526552,237.588945102,238.567294,237.421479975,1352509.0
2018-09-24,237.033665997,236.795689238,237.155298563,236.23159618,2070891.0
2018-09-25,237.183503216,236.504828755,237.247404383,236.346177582,2360730.0
2018-09-26,236.67898258,235.811313109,237.759142533,235.466016075,2568392.0
2018-09-27,236.286229338,236.466492097,237.49352943,236.041511132,3077514.0
2018-09-28,235.952973431,236.439930787,236.971156994,235.89099704,1774303.0
2018-10-01,237.688312373,237.316454028,238.321356935,236.740958971,1969245.0
2018-10-02,237.254477637,237.289892718,237.874241545,236.882619293,3034122.0
2018-10-03,238.184123499,237.49352943,238.582543154,237.033133384,2505783.0
2018-10-04,236.900326833,235.545700006,236.980010764,234.067120398,5004396.0
2018-10-05,235.678506558,234.217634489,236.192025224,232.871861433,2564702.0
2018-10-08,233.535894191,234.155658099,234.492101363,232.305220146,3219556.0
2018-10-09,233.828068605,233.854629915,235.023327569,233.340402947,2078186.0
2018-10-10,233.403087639,226.302364011,233.403087639,226.098727299,5803925.0
2018-10-11,225.602916172,221.539035692,226.913362686,219.971918382,9037039.0
2018-10-12,225.231057828,224.531609989,225.452402081,221.609688777,7116658.0
2018-10-15,224.168605415,223.300935944,225.38157192,223.150421852,3306202.0
2018-10-16,225.009713575,228.055410493,228.515806539,224.62014769,3308475.0
2018-10-17,228.205924585,228.135094424,228.728297021,225.833114195,2845791.0
2018-10-18,227.324089082,224.930029644,227.85177378,223.725916909,3046804.0
2018-10-19,225.474536506,224.752954242,227.205448562,224.133190334,2684216.0
2018-10-22,225.37271815,223.82330838,225.647185023,223.265520863,2101976.0
2018-10-23,220.458875739,222.477535324,223.628525438,218.546461395,5206532.0
2018-10-24,222.397851393,215.837207741,222.716587117,215.367957925,4065746.0
2018-10-25,217.545985372,219.706305279,221.15513622,216.627052573,4443798.0
2018-10-26,216.333018867,215.819500201,218.670414176,213.406847846,5278769.0
2018-10-29,218.714683027,214.703925167,219.883292144,211.419176456,5126245.0
2018-10-30,214.535703535,217.988673878,218.13918797,214.084161259,3619131.0
2018-10-31,220.210970175,220.272946566,222.300459921,219.81255052,4073392.0
2018-11-01,221.016663255,222.557219255,222.707733346,219.981214841,2870694.0
2018-11-02,223.504572656,221.176031117,223.911846081,219.352154475,3184459.0
2018-11-05,221.627573393,222.433266473,222.930848353,220.804172773,1912193.0
2018-11-06,222.388997622,223.841015921,223.978249357,222.333395946,2255176.0
2018-11-07,225.833114195,228.568929159,228.710589481,225.461255851,3090762.0
2018-11-08,227.975726562,228.179363274,228.814001516,227.232009873,2467027.0
2018-11-09,227.099203321,226.072165988,227.223156103,224.717539161,3078726.0
2018-11-12,225.496670931,221.707257324,225.735722724,221.299983899,2710563.0
2018-11-13,222.19421468,221.335398979,224.009237553,220.706781302,3097001.0
2018-11-14,223.079591691,219.821404291,223.416034955,218.387093533,3619875.0
2018-11-15,218.705829257,222.096823209,222.574926795,218.705829257,2773833.0
2018-11-16,221.140616037,222.663464496,223.531133967,220.689073761,2342780.0
2018-11-19,222.17650714,218.97144236,222.411132048,218.112626659,2973794.0
2018-11-20,215.890330362,214.94297696,217.200688338,214.11072257,5000937.0
2018-11-21,216.244481166,215.660132339,217.306933579,215.607009718,2425494.0
2018-11-23,214.084161259,214.270090432,215.452865581,214.022184869,830910.0
2018-11-26,216.235627396,217.625669303,217.661084384,215.899184132,2498530.0
2018-11-27,216.678315902,218.307409602,218.333970912,216.138235925,2849731.0
2018-11-28,219.325593164,223.407181185,223.407181185,218.466777464,3723260.0
2018-11-29,222.707733346,222.946785139,224.221728035,221.662988473,3279417.0
2018-11-30,222.796271048,224.425364748,224.832638173,222.539511714,2992752.0
2018-12-03,228.117386884,227.196594792,228.197070815,225.824260425,3942694.0
2018-12-04,226.523708264,220.148993785,226.895566608,219.626621348,3837367.0
2018-12-06,216.403849028,219.591206268,219.653182658,213.4910472,7712736.0
2018-12-07,219.245909233,214.491434684,220.671366221,213.703449145,3928373.0
2018-12-10,214.261236662,214.748194018,215.695547419,210.383285353,5983702.0
2018-12-11,217.758475855,214.810170408,217.908989947,213.544081283,4543174.0
2018-12-12,217.625669303,215.996575603,218.829782038,215.899184132,4117033.0
2018-12-13,216.793414913,215.925745442,217.590254223,214.881000569,2610765.0
2018-12-14,213.951354708,211.941548893,214.819024178,211.401468916,5088580.0
2018-12-17,211.023774636,207.614422334,212.056372201,206.234658347,6127188.0
2018-12-18,209.19002379,207.534307005,209.795339603,206.055734114,4691397.0
2018-12-19,207.596618927,204.222873437,210.970364418,202.762994122,8215557.0
2018-12-20,203.270391201,200.866931354,204.650155188,198.988671991,12141874.0
2018-12-21,201.837216996,196.870066644,204.25848025,196.344866158,11811553.0
2018-12-24,195.606024798,191.448929431,196.549605331,191.448929431,8493506.0
2018-12-26,193.0601377,201.133982448,201.267507995,191.235288556,11597965.0
2018-12-27,198.472907311,203.003340107,203.065652029,195.481400954,9578360.0
2018-12-28,204.133856406,202.745190716,205.691654455,201.638798033,7436353.0
2018-12-31,204.124954703,204.57003986,204.71246711,202.469237919,6683957.0
2019-01-02,201.33872162,204.730270516,205.495816986,201.19629437,4891329.0
2019-01-03,203.047848623,199.843235493,203.332703123,199.371445226,3330026.0
2019-01-04,202.549353247,206.439397519,207.071418442,202.202186825,5100088.0
2019-01-07,206.777662239,207.988293866,209.394762962,205.914197034,3706014.0
2019-01-08,210.124702619,210.008980478,210.489672448,207.792456397,3546649.0
2019-01-09,210.712215026,210.979266121,211.807124513,209.599502134,4564975.0
2019-01-10,209.768634494,211.860534732,212.011863685,209.056231191,2813503.0
2019-01-11,210.83683887,211.762615997,211.862493106,210.293834979,2551033.0
2019-01-14,210.169211135,210.596492886,211.31753084,209.804241306,2653373.0
2019-01-15,210.943659308,213.062264655,213.271454679,210.943659308,5103721.0
2019-01-16,213.391627672,213.534054922,214.32185565,213.213593609,4066725.0
2019-01-17,212.750705046,215.127459784,215.91080966,212.70619653,3058990.0
2019-01-18,216.809881677,218.020513304,218.421089946,216.097745426,4943293.0
2019-01-22,216.658552724,215.118558081,216.827685084,213.61417025,5786312.0
2019-01-23,216.026531801,215.439019394,216.614044208,213.266113657,3076411.0
2019-01-24,215.332198956,215.652660269,216.151155645,214.450930345,2197083.0
2019-01-25,217.29947535,217.486411116,218.189645664,216.907800412,3677453.0
2019-01-28,215.501331316,215.803989223,215.857399441,214.201682657,2407817.0
2019-01-29,215.91080966,215.536938128,216.418206739,214.771391658,2436863.0
2019-01-30,216.898898709,218.946290431,219.676230088,216.204565864,6028369.0
2019-01-31,218.8572734,220.771139575,221.234028138,218.697042743,5308074.0
2019-02-01,221.038190669,220.958075341,221.910557577,220.27709505,3718458.0
2019-02-04,221.029288966,222.533676796,222.560381906,220.396466889,2541718.0
2019-02-05,222.934253438,223.521765845,223.726505017,222.471364874,3613583.0
2019-02-06,223.210206235,223.245813048,223.628586283,222.498069984,2052224.0
2019-02-07,221.688014998,221.055994075,222.16532432,219.533802838,3907773.0
2019-02-08,219.880969261,221.340848576,221.394258794,219.159931306,2512937.0
2019-02-11,221.901655873,221.456570716,222.109065557,220.958075341,2986595.0
2019-02-12,222.880843219,224.322919128,224.643380441,222.845236406,5980510.0
2019-02-13,225.052858785,224.999448566,225.798020355,224.67008555,3569322.0
2019-02-14,224.011359518,224.50095319,225.533550755,223.28141986,3247823.0
2019-02-15,226.126404184,226.975626663,226.99343007,225.934127396,2806559.0
2019-02-19,226.236785303,227.367301601,227.963715712,226.236785303,2509320.0
2019-02-20,227.358399898,227.892502087,228.221865103,226.895511335,2156348.0
2019-02-21,227.287186273,227.064643695,227.56313907,226.138866568,2020305.0
2019-02-22,227.607647586,228.426604275,228.604638338,227.395252949,2119396.0
2019-02-25,229.74405634,228.764868994,230.206944903,228.66695026,2941301.0
2019-02-26,228.373194056,228.595736635,229.346150209,228.248570212,4629597.0
2019-02-27,227.937010602,228.480014494,228.791574104,227.082447101,2136525.0
2019-02-28,228.257471915,227.945912305,228.66695026,227.750074836,2207061.0
2019-03-01,229.494808652,229.512612058,229.850876777,228.177356587,2867054.0
2019-03-04,230.438389185,228.631343447,230.643128357,226.539443209,3384212.0
2019-03-05,228.764868994,228.364292353,228.925099651,227.847993571,2475939.0
2019-03-06,228.435505978,226.904413038,228.435505978,226.637361944,2514851.0
2019-03-07,226.530541506,225.079563894,226.637361944,224.278410612,6441203.0
2019-03-08,223.325928376,224.625577034,224.723495769,222.845236406,4522303.0
2019-03-11,225.248696254,227.90140379,227.990420821,225.230892848,1884219.0
2019-03-12,228.346488947,228.711458776,229.18449528,228.2129634,2272244.0
2019-03-13,229.521513761,230.269256825,231.079311811,229.390747742,1974278.0
2019-03-14,230.269256825,230.189141497,230.660931763,229.699547824,1557517.0
2019-03-15,230.571914732,231.310756092,231.951678718,230.438389185,3151255.0
2019-03-18,231.44428164,232.138614484,232.32555025,231.239542467,1830005.0
2019-03-19,233.055489908,232.20982811,233.749822753,231.337461202,4061805.0
2019-03-20,231.924973609,231.381969718,233.019883095,230.411684075,3415587.0
2019-03-21,230.670390049,234.027320982,234.412249062,230.670390049,2968299.0
2019-03-22,232.80987403,229.578268519,233.293182566,229.497702177,4317418.0
2019-03-25,229.247051334,229.372376755,230.312317416,228.22654433,2893593.0
2019-03-26,230.965799971,231.028462682,231.959451527,229.819967546,3177622.0
2019-03-27,231.091125393,229.954244784,231.61033071,228.477195173,2714361.0
2019-03-28,230.464498285,230.849426366,231.153788104,229.408184019,1716681.0
2019-03-29,232.156391475,232.335427792,232.496560477,231.11798084,2831325.0
2019-04-01,234.054176429,235.012020722,235.232324909,233.812477402,3304080.0
2019-04-02,235.137346143,235.092587064,235.296688465,234.367489983,1512626.0
2019-04-03,236.211564042,235.53122604,236.551733043,234.895647116,1937471.0
2019-04-04,235.763973251,236.095190436,236.292130384,235.137346143,1738462.0
2019-04-05,236.703913912,237.232071045,237.276830124,236.438940164,1504961.0
2019-04-08,236.838191149,237.437962809,237.50062552,236.247371305,1720280.0
2019-04-09,236.524877596,236.175756779,236.811335702,235.693253906,2016861.0
2019-04-10,236.551733043,236.990372018,237.079890176,236.19366041,2990910.0
2019-04-11,237.437962809,236.945612939,237.437962809,236.40850399,1567704.0
2019-04-12,238.413710734,238.547987971,238.80759063,237.787083626,1903391.0
2019-04-15,238.628554313,238.386855286,238.691217024,237.641706137,1584741.0
2019-04-16,239.19251871,238.556939787,239.228325973,237.99297539,2448023.0
2019-04-17,239.541639527,237.975071758,239.559543159,237.581191862,1872369.0
2019-04-18,238.512180708,238.422662549,238.655409761,237.296255565,2789064.0
2019-04-22,237.724420915,238.655409761,238.753879735,237.643854573,1126745.0
2019-04-23,238.97767513,240.714327399,240.973930058,238.753879735,2618323.0
2019-04-24,240.705375583,240.239881161,240.991744172,240.114555739,1393371.0
2019-04-25,240.159314818,240.150363003,240.696423768,238.995578762,1237409.0
2019-04-26,240.159314818,241.251436349,241.287243612,239.425265921,2172615.0
2019-04-29,241.305147243,241.555798086,242.066051588,241.217061376,1892536.0
2019-04-30,241.305147243,241.707978955,241.97653343,240.00713395,2024551.0
2019-05-01,242.307750615,239.944471239,242.473359208,239.908663976,2669356.0
2019-05-02,239.801242186,239.470025,240.624809241,238.055638101,3009045.0
2019-05-03,240.732231031,241.743786219,241.985485246,240.535291083,1969316.0
2019-05-06,237.804987258,240.785941926,241.126110927,237.50062552,3966927.0
2019-05-07,238.547987971,236.882950228,239.08509692,234.967261643,4752538.0
2019-05-08,236.453263069,236.417455806,237.957168127,235.853491409,2662696.0
2019-05-09,234.483863589,235.692358724,236.184708594,232.926247636,3094808.0
2019-05-10,234.868791669,236.79343207,237.563288231,232.096593346,3132036.0
2019-05-13,232.183246923,230.983703603,233.051573057,230.124329284,5548217.0
2019-05-14,231.843077922,232.988910347,234.376441799,231.708800684,4702647.0
2019-05-15,231.520812552,234.367489983,234.940406195,231.314920788,2444406.0
2019-05-16,234.958309827,236.51592578,237.760228179,234.940406195,3221513.0
2019-05-17,234.439104509,235.083635249,237.241022861,234.412249062,2719513.0
2019-05-20,233.552874743,233.481260217,234.636581566,232.765114951,2762623.0
2019-05-21,234.985165275,235.459611513,235.889298672,234.761369879,2760813.0
2019-05-22,234.644996273,234.815080774,235.692358724,234.421200878,3421502.0
2019-05-23,232.818825846,232.066873317,232.836729478,230.670390049,3813201.0
2019-05-24,233.279844361,232.469705029,233.633441086,231.905740632,1833053.0
2019-05-28,232.711404056,230.383931943,233.606585638,230.321269232,2566079.0
2019-05-29,229.282858597,228.799460543,229.636455322,227.46590854,4593562.0
2019-05-30,229.417135834,229.435039466,230.222799258,228.396628831,2977192.0
2019-05-31,227.044904642,226.36456664,227.814760803,226.275048482,3698782.0
2019-06-03,226.328759377,225.693180453,227.34004601,224.484685318,3825614.0
2019-06-04,227.805808987,230.661438233,230.742004576,227.402977275,3536293.0
2019-06-05,232.066873317,232.612934082,232.63978953,230.437642838,2646522.0
2019-06-06,232.899392188,234.125790956,234.765845787,232.308661862,2277840.0
2019-06-07,235.092587064,236.462214885,237.482721888,234.940406195,1877426.0
2019-06-10,237.903457232,237.572240046,239.103000552,237.491673704,2846143.0
2019-06-11,239.237277789,237.527480967,239.595350422,236.945612939,1894531.0
2019-06-12,237.330541019,237.079890176,237.849746337,236.645727109,1712276.0
2019-06-13,237.957168127,238.136204443,238.440566181,237.321589204,1813685.0
2019-06-14,237.858698153,237.77813181,238.37790347,237.142552887,1203356.0
2019-06-17,238.064589917,237.99297539,238.619602497,237.77813181,1782613.0
2019-06-18,239.595350422,240.365206582,241.394665402,239.282036868,2340697.0
2019-06-19,240.571098346,241.000785506,241.448376297,239.693820396,1684486.0
2019-06-20,243.435679409,243.247691276,243.659474804,241.457328112,3288090.0
2019-06-21,243.06865496,242.96123317,244.196583753,242.74638959,2225992.0
2019-06-24,243.122365855,242.647919616,243.418402404,242.504690563,3518370.0
2019-06-25,242.68372688,240.248832977,242.710582327,240.150363003,2287082.0
2019-06-26,241.072400032,240.016085765,241.537894455,239.926567607,2988721.0
2019-06-27,240.696269519,240.858239419,241.326152463,240.408502997,2054580.0
2019-06-28,241.785067179,242.189991929,242.54992504,241.317154135,2883271.0
2019-07-01,245.168438421,244.250608988,245.339496632,243.224799623,4505600.0
2019-07-02,244.277603972,244.961476882,244.979473538,243.512746111,3041654.0
2019-07-03,245.573363171,246.842127386,246.887119025,245.438388254,2335798.0
2019-07-05,245.780324709,246.527185914,246.779139092,244.628538755,3362535.0
2019-07-08,245.465383237,245.29441501,245.708338087,244.781510327,3131845.0
2019-07-09,244.214615677,245.600358154,245.852311331,244.160625711,2532925.0
2019-07-10,246.572177553,246.743145781,247.624981902,246.068271198,2853620.0
2019-07-11,247.337035413,247.238053808,247.55299528,246.419205981,2249449.0
2019-07-12,247.804948458,248.452828057,248.524814679,247.508003641,2932354.0
2019-07-15,248.830757823,248.515816351,248.848754479,248.092894946,1466344.0
2019-07-16,248.461826385,247.705966852,248.592302137,247.445015347,1564200.0
2019-07-17,247.705966852,246.032277887,247.813946785,246.032277887,1758128.0
2019-07-18,245.573363171,246.932110664,247.265048791,245.177436749,3464704.0
2019-07-19,247.921926719,245.609356482,247.939923374,245.384398287,2319545.0
2019-07-22,245.942294609,246.203246114,246.653162503,245.465383237,1304991.0
2019-07-23,247.193062169,247.894931735,247.903930063,246.455199292,1752997.0
2019-07-24,247.256050464,249.037719362,249.064714345,247.157068858,1669885.0
2019-07-25,248.72277789,247.822945113,248.72277789,247.166067186,1874216.0
2019-07-26,248.533813007,249.595615684,249.748587256,248.443829729,1796961.0
2019-07-29,249.460640767,249.145699295,249.496634078,248.587802974,2925862.0
2019-07-30,247.858938424,248.542811335,248.857752807,247.490006986,1751061.0
2019-07-31,248.704781235,245.726334743,248.902744445,243.917670861,4910040.0
2019-08-01,245.906301298,243.665717683,248.605799629,242.900859823,6920969.0
2019-08-02,242.855868184,241.884048785,243.026836412,240.390326375,5310356.0
2019-08-05,238.06875781,234.748374863,238.167739416,232.786739409,7354009.0
2019-08-06,236.233098945,237.771812994,237.978774533,234.905845599,4366766.0
2019-08-07,235.000328041,237.933782894,238.66255746,233.047780898,4261217.0
2019-08-08,239.355518682,242.576920023,242.585918351,238.815619015,3618814.0
2019-08-09,241.803063835,240.885234402,242.315968518,239.355518682,2616286.0
2019-08-12,239.571478548,238.059759483,240.066386575,237.16442587,1864281.0
2019-08-13,237.753816338,241.749073868,243.044833067,237.474868178,3405324.0
2019-08-14,238.059759483,234.469426702,238.590660821,234.469426702,4354779.0
2019-08-15,235.414251118,235.20728958,235.999142423,233.362632387,2783321.0
2019-08-16,236.719008645,238.653649115,239.067572193,236.674017006,2433959.0
2019-08-19,241.479124035,241.587103968,242.180993601,240.832594185,1431401.0
2019-08-20,241.13718758,239.715451792,241.596102296,239.616470187,1865144.0
2019-08-21,241.677087246,241.659090591,241.991038902,241.083197613,2012417.0
2019-08-22,242.30697019,241.569107313,242.874224773,239.985401625,1886585.0
2019-08-23,240.426319686,235.369259479,241.911043768,234.253466836,4216363.0
2019-08-26,237.3848849,237.978774533,237.978774533,235.999142423,2272271.0
2019-08-27,239.283532059,237.042948445,239.589475204,236.395068845,2491178.0
2019-08-28,236.413065501,238.689642427,238.860610654,235.756187574,3124885.0
2019-08-29,241.074199286,241.794065507,242.261978551,240.165368181,3129402.0
2019-08-30,243.089824706,241.695083902,243.148313837,240.850050941,4209570.0
2019-09-03,240.102379886,240.354333064,240.97521768,239.067572193,3370402.0
2019-09-04,242.279975207,242.927854806,243.008839756,241.588183768,1486534.0
2019-09-05,245.267420026,246.14025782,246.950107319,245.168438421,1756746.0
2019-09-06,246.491192603,246.320224375,246.905115681,245.825316348,1890921.0
2019-09-09,247.274047119,246.38321267,247.296542939,245.618354809,2158794.0
2019-09-10,245.753329726,246.437202636,246.446200964,244.637537082,1870384.0
2019-09-11,246.689155814,248.209873207,248.209873207,246.104264509,2080323.0
2019-09-12,248.992727723,248.938737757,249.97354545,248.299856485,2433713.0
2019-09-13,249.442644112,248.875749462,249.739588928,248.492600666,2292208.0
2019-09-16,247.79595013,248.056901635,248.443829729,247.490006986,1432383.0
2019-09-17,247.867936752,248.731776218,248.785766184,247.759956819,1791361.0
2019-09-18,248.353846452,248.88474779,248.96573274,246.509189259,2030540.0
2019-09-19,249.253679229,248.830757823,250.13551535,248.56080799,2272858.0
2019-09-20,249.415649128,247.499005313,249.622610667,247.004097286,2063030.0
2019-09-23,247.085082236,247.669973541,248.263593224,246.851125714,1298102.0
2019-09-24,248.632794612,245.618354809,248.961233576,244.80850531,5128098.0
2019-09-25,245.726334743,247.121075547,247.526000297,244.394582233,2650739.0
2019-09-26,247.131373307,246.634108892,247.321237902,245.33218024,2355716.0
2019-09-27,247.330279073,245.250809699,247.357402587,243.861181688,2838430.0
2019-09-30,245.757115286,246.462326639,247.063564523,245.732613712,2736186.0
2019-10-01,247.221785019,243.496822489,247.800419975,243.288875551,3729072.0
2019-10-02,242.059276269,239.202266173,242.059276269,238.008921988,4471676.0
2019-10-03,239.003360407,241.100912123,241.15515915,236.507997159,2995139.0
2019-10-04,241.806123476,244.446145464,244.617927716,241.72023235,1908861.0
2019-10-07,243.713810597,243.397369605,245.160397988,243.117093299,1828719.0
2019-10-08,241.652423566,239.618160048,242.320837352,239.55487185,2159834.0
2019-10-09,241.435435457,241.851329332,242.698487073,240.84775933,1967625.0
2019-10-10,241.778999962,243.496822489,244.292445553,241.625300052,1575089.0
2019-10-11,246.010268079,246.037391593,248.044531597,245.86560934,2811812.0
2019-10-14,245.729991773,245.811362313,246.326709071,245.449715466,1216514.0
2019-10-15,246.706438261,248.189190336,248.858237004,246.616026549,1793824.0
2019-10-16,247.791378804,247.800419975,248.388096102,247.3845261,1153444.0
2019-10-17,248.849195833,248.469466643,249.28317205,247.895352273,3103315.0
2019-10-18,248.053572768,247.447814299,248.602462271,246.652191234,1154897.0
2019-10-21,248.67741358,249.174677996,249.28317205,248.243437363,3018431.0
2019-10-22,249.617695384,248.29768439,249.834683493,248.198231507,1602697.0
2019-10-23,248.098778624,249.030019257,249.066183942,247.88992757,1298691.0
2019-10-24,249.879889349,249.43687196,249.992903989,248.67741358,2222151.0
2019-10-25,248.930566374,250.476606647,250.928665207,248.885360518,5502238.0
2019-10-28,251.543464848,251.932235209,252.311964399,251.543464848,1802458.0
2019-10-29,251.63387656,251.769494127,252.637446562,251.511278278,1599619.0
2019-10-30,251.968399894,252.655528904,252.872517013,250.784006468,1819408.0
2019-10-31,252.565117192,251.841823497,252.565117192,250.57605953,2313622.0
2019-11-01,253.197999175,254.237733862,254.246775033,253.071422779,2367883.0
2019-11-04,255.675280082,255.250345036,255.774732965,254.924862873,3803528.0
2019-11-05,255.485415487,254.924862873,255.702222772,254.698833593,3003725.0
2019-11-06,254.997192242,255.060480441,255.268427378,254.165404493,1458275.0
2019-11-07,256.281038551,255.96459756,256.977208733,255.485415487,2695973.0
2019-11-08,255.630074226,256.588438372,256.588438372,254.961027558,2329606.0
2019-11-11,255.349797919,256.091173956,256.200572128,255.178015666,1125769.0
2019-11-12,256.389532606,256.597479543,257.420226121,255.89226819,1737575.0
2019-11-13,255.711444766,256.705973597,257.05523404,255.494456658,1729194.0
2019-11-14,256.443779633,257.049538102,257.130908643,255.856103505,2251206.0
2019-11-15,258.252013871,258.966266395,258.966266395,257.673378915,1892548.0
2019-11-18,258.740237115,259.129007476,259.345995585,258.315302069,2288428.0
2019-11-19,259.698601261,259.002431079,259.698601261,258.464481394,3299986.0
2019-11-20,258.496125493,258.089272789,258.956953988,256.669808912,2826599.0
2019-11-21,258.143519816,257.691461257,258.252013871,256.91844112,2311352.0
2019-11-22,258.351466754,258.261055042,258.450919637,257.311732067,1266929.0
2019-11-25,259.119966305,260.22298919,260.241071532,259.092842791,2048149.0
2019-11-26,260.304359731,260.747377119,261.000529912,259.99695991,1802937.0
2019-11-27,261.344094418,261.976976401,261.995058743,261.07276887,1640995.0
2019-11-29,261.51587667,260.973406399,261.723823608,260.819706489,1988460.0
2019-12-02,261.316970904,258.848731169,261.316970904,258.432837294,4422919.0
2019-12-03,256.335285578,257.03145576,257.158032157,255.051439269,3250267.0
2019-12-04,258.044066933,258.676948917,259.210378017,257.736667113,3189831.0
2019-12-05,259.327913242,259.15613099,259.327913242,257.935572879,1597255.0
2019-12-06,260.910118201,261.461629643,261.877523518,260.879016572,1609493.0
2019-12-09,261.172312165,260.666006578,261.759988292,260.629841894,1480344.0
2019-12-10,260.666006578,260.421894956,261.233792129,259.798054144,1823558.0
2019-12-11,260.792582975,261.099982796,261.36217676,260.458059641,1836430.0
2019-12-12,261.154229823,263.396440278,264.093876223,260.937241714,3277393.0
2019-12-13,263.179452169,263.495893161,264.689327758,262.465199645,3520501.0
2019-12-16,265.141386317,265.358374426,265.909885869,265.105221633,3142450.0
2019-12-17,265.801391814,265.412621453,265.982215238,265.358374426,3659229.0
2019-12-18,265.828515328,265.430703796,266.009338752,265.421662624,3295366.0
2019-12-19,265.611527219,266.533726681,266.60605605,265.584403706,2333488.0
2019-12-20,267.51921434,267.889902359,268.305796234,267.419761457,4985649.0
2019-12-23,268.451808079,268.152004036,268.488147962,267.997559529,2325251.0
2019-12-24,268.333703456,268.152004036,268.370043339,267.870369935,1305896.0
2019-12-26,268.515402876,269.523834657,269.542004599,268.479062991,2391589.0
2019-12-27,270.286972221,269.523834657,270.286972221,269.050507667,2225614.0
2019-12-30,269.596514425,268.042984384,269.678279163,267.56175347,2349611.0
2019-12-31,267.579650862,268.73344218,268.906056629,267.252591907,2512719.0
2020-01-02,270.087102859,271.113704582,271.140959495,269.224030613,3149761.0
2020-01-03,268.206513862,269.133180904,270.150697656,268.042984384,3248060.0
2020-01-06,267.479716182,270.141612685,270.205207482,267.416121385,2782110.0
2020-01-07,269.660109222,269.396645062,270.068932916,268.970650772,2384732.0
2020-01-08,269.56017454,270.786645626,271.922267001,269.342135237,3724359.0
2020-01-09,272.303835783,272.658149652,272.721744449,271.722397638,2173883.0
2020-01-10,273.221417854,271.876842146,273.330437506,271.449848509,3667003.0
2020-01-13,272.467365261,273.675666404,273.748346172,272.076711508,2738733.0
2020-01-14,273.357692419,273.312267563,274.284359461,272.839849072,2620725.0
2020-01-15,273.285012651,273.920960621,274.63867333,273.175992999,2822336.0
2020-01-16,275.220111474,276.210373313,276.219458284,275.011157141,2582603.0
2020-01-17,276.882661167,277.146125326,277.27331492,276.36481782,2218062.0
2020-01-21,276.255798168,276.573772153,277.291484862,276.1831184,2757878.0
2020-01-22,277.373249601,276.646451921,277.927432832,276.473837472,2765293.0
2020-01-23,276.037758864,276.919001051,277.064360587,274.969366274,2673069.0
2020-01-24,277.473184282,274.393379112,277.564033992,273.283740755,3448207.0
2020-01-27,269.678279163,270.032593033,271.395338683,269.323965295,4301999.0
2020-01-28,271.36808377,272.957953695,273.657496462,270.932096011,3562527.0
2020-01-29,274.166254837,272.685404564,274.307071888,272.478267226,2752249.0
2020-01-30,270.768475684,273.539391838,273.721091259,270.09618783,4432657.0
2020-01-31,272.948868724,268.633507499,273.09422826,267.752265312,6184691.0
2020-02-03,269.932658352,270.586776263,272.249325957,269.855254399,3266697.0
2020-02-04,273.91187565,274.756777953,275.479033147,273.602986636,2292773.0
2020-02-05,277.45501434,277.863838035,278.072792368,276.065013777,3049942.0
2020-02-06,278.72691028,278.808675019,278.981289468,277.827498151,1925534.0
2020-02-07,277.845668093,277.391419543,278.536125889,276.855406254,2249279.0
2020-02-10,276.537432269,279.381028192,279.417368076,276.501092385,2246940.0
2020-02-11,280.662009103,279.889786568,281.352466899,279.458250445,2438848.0
2020-02-12,281.234362276,281.688610826,281.879395217,280.880048407,2115750.0
2020-02-13,280.36220506,281.416061696,282.288218912,280.144165756,2043427.0
2020-02-14,281.734035681,281.888480188,281.933905043,280.7256039,1637209.0
2020-02-18,280.943643204,281.116257653,281.470571522,279.847268903,3002985.0
2020-02-19,282.015669782,282.469918332,283.078611389,281.743120652,2257545.0
2020-02-20,281.952074985,281.36155187,282.712487057,278.608805657,4617280.0
2020-02-21,280.08965593,278.445276179,280.344035118,277.654883702,2678575.0
2020-02-24,269.787298815,269.133180904,271.984044803,268.161089007,7096975.0
2020-02-25,270.486841583,261.047556713,270.941090133,260.157229556,8465834.0
2020-02-26,262.201348031,259.893765397,265.535532387,259.357752108,10284673.0
2020-02-27,254.897031347,248.374022169,258.448800759,248.346767256,14897035.0
2020-02-28,241.042450572,246.875001954,247.947028532,238.253364475,23324084.0
2020-03-02,248.9282054,257.895071777,258.049516284,245.739380579,12428627.0
2020-03-03,258.322065413,250.781539484,261.937611322,248.346767256,9805876.0
2020-03-04,255.496639433,261.174746308,261.324648329,253.19814177,5253926.0
2020-03-05,254.65173713,252.425919235,257.477163111,250.390885731,6219956.0
2020-03-06,244.676438972,248.192322749,249.346114065,242.20532686,6669112.0
2020-03-09,230.658328719,229.041203881,237.108658129,228.169046665,16425909.0
2020-03-10,237.756255918,240.795753508,240.795753508,228.19050975,10879060.0
2020-03-11,234.269504929,228.856826038,235.237032691,226.018136097,11518414.0
2020-03-12,214.444313442,206.722346592,222.417289853,206.110796026,24669258.0
2020-03-13,219.665312305,226.036391337,226.164178023,208.201021095,19533610.0
2020-03-16,203.409020391,199.502398864,214.289143896,199.11392734,17271537.0
2020-03-17,204.230506226,212.564023642,213.540679024,197.704257647,15115490.0
2020-03-18,197.229621387,200.944562885,205.134140644,190.137460344,20177498.0
2020-03-19,199.374612178,201.117987673,206.284220814,193.605956092,12441164.0
2020-03-20,203.363382289,192.355472098,204.972581763,191.725666291,11533245.0
2020-03-23,191.342306235,186.449901706,192.391891304,183.054426921,14128152.0
2020-03-24,197.512577619,204.230506226,204.732525347,196.088668838,13160771.0
2020-03-25,205.371458775,206.850133278,214.964587804,201.099732432,11876357.0
2020-03-26,209.270778205,219.281952249,220.377266696,208.885592625,12411133.0
2020-03-27,212.399726475,212.545768401,218.734295025,210.538604677,11170599.0
2020-03-30,214.426058201,219.418866555,220.066927602,212.646172225,8727846.0
2020-03-31,218.560870238,216.160306075,220.833647715,214.900694462,10386295.0
2020-04-01,208.036723928,206.421135119,210.89366911,204.577355801,13710141.0
2020-04-02,205.676777677,211.249646306,211.925090215,205.115885404,6547009.0
2020-04-03,210.327756646,208.128000132,212.408854095,205.682893182,5490162.0
2020-04-06,216.288092761,222.284939357,223.900528166,215.347947861,7624036.0
2020-04-07,229.943012864,222.403598422,230.746243459,222.216482204,12936585.0
2020-04-08,224.758524483,229.952140485,230.974433968,222.759575617,6958583.0
2020-04-09,232.863851389,233.365870511,235.848491981,231.056582552,8812596.0
2020-04-13,232.42572561,231.102220654,232.707495252,227.621493894,7666366.0
2020-04-14,235.711668951,238.157871215,238.805932263,234.771524051,6631120.0
2020-04-15,232.827340908,232.973382834,234.488567819,231.029199691,4888851.0
2020-04-16,234.136241672,234.150845864,234.853581358,231.293900682,6165690.0
2020-04-17,239.42661045,240.6132011,240.969178296,236.86174912,6738790.0
2020-04-20,236.998663426,236.277581415,240.14769246,236.022008044,6498713.0
2020-04-21,232.069748415,229.057633687,233.201573344,228.19050975,6526061.0
2020-04-22,233.511912437,234.096080142,235.70254133,232.275119874,5634160.0
2020-04-23,235.264415552,234.05044204,238.139524698,233.849634391,7665377.0
2020-04-24,235.492606062,237.445916825,237.957063567,233.612316261,4770195.0
2020-04-27,239.152781838,240.877902092,241.799791751,238.751166541,3892216.0
2020-04-28,244.145590191,239.764332404,244.428546423,239.417482829,5849521.0
2020-04-29,244.601971211,245.943731408,247.358512569,243.625315829,6773125.0
2020-04-30,244.693247415,243.798740616,245.149628434,242.091875603,7386574.0
2020-05-01,239.271440903,237.153832972,239.919501951,236.16804997,4790654.0
2020-05-04,235.419585098,237.902297844,238.139615975,234.150845864,4128909.0
2020-05-05,240.467159174,240.092926738,242.621277586,239.691311441,4437160.0
2020-05-06,241.617239343,238.477337929,241.977780349,238.358678864,3021415.0
2020-05-07,241.379921213,241.29777263,243.068530985,240.877902092,3410208.0
2020-05-08,244.191228293,245.332180842,245.660775176,243.141551948,3206956.0
2020-05-11,243.506656764,245.368691323,246.628302937,243.18719005,3469300.0
2020-05-12,246.427495289,240.430648692,246.810855345,240.357627729,5159857.0
2020-05-13,239.937757191,236.16804997,240.877902092,233.995676318,5617469.0
2020-05-14,233.968293456,239.015867532,239.143654218,231.814175044,7737588.0
2020-05-15,236.898259602,240.092926738,240.156820081,236.003752803,3386161.0
2020-05-18,245.825072343,247.431533532,248.910208035,245.587754213,6769161.0
2020-05-19,247.002535373,245.094862712,248.499465117,244.930565545,4921117.0
2020-05-20,248.198253644,249.092760443,249.905118657,247.988318375,4896239.0
2020-05-21,249.001484239,247.303746846,249.72256625,246.400112428,3581314.0
2020-05-22,247.139449679,247.86053169,248.015701237,245.98936951,2296370.0
2020-05-26,253.318848683,251.046071206,253.505964901,250.598817807,4911764.0
2020-05-27,253.547039193,254.706246982,254.706246982,249.056249961,5152385.0
2020-05-28,255.600753781,254.204227861,257.435405479,253.574422054,4634896.0
2020-05-29,253.775229703,255.34518041,255.892837633,251.338155059,7051402.0
2020-06-01,254.724502223,256.458750097,256.933386358,254.268121204,3907111.0
2020-06-02,257.207214969,258.567230407,258.567230407,255.993241457,4343902.0
2020-06-03,260.319733522,261.980960433,262.811573889,260.073287772,5568075.0
2020-06-04,261.049943154,261.314644145,262.647276722,259.406971483,3818618.0
2020-06-05,266.188793433,267.99606227,269.611651079,266.170538192,6015518.0
2020-06-08,268.744527142,271.245495129,271.382409435,268.242508021,5559680.0
2020-06-09,268.799292865,269.319567227,270.530802453,268.014408787,4686385.0
2020-06-10,269.748565385,267.640085075,270.53664413,267.065044991,5602593.0
2020-06-11,261.378537488,252.214406616,268.808420485,251.739770356,7748197.0
2020-06-12,258.63112375,255.253904206,259.361333381,250.553179705,6232184.0
2020-06-15,250.014650102,257.581447405,258.63112375,248.974101378,4431380.0
2020-06-16,264.746629411,262.619893861,264.882630955,258.15648749,5294952.0
2020-06-17,263.54178352,261.415047969,263.806484511,260.940411709,2662798.0
2020-06-18,260.109798253,261.652366099,262.072236637,259.721874387,2756256.0
2020-06-19,264.737501791,260.109798253,264.94743706,258.923207603,3479532.0
2020-06-22,259.543885789,261.834918507,262.136768913,258.548975167,2518008.0
2020-06-23,264.25373791,263.021509158,265.093478986,262.656495618,2503556.0
2020-06-24,261.122964117,256.29445293,261.688876581,254.633226019,4532344.0
2020-06-25,255.81068905,259.005356186,259.315695279,253.948745766,3897429.0
2020-06-26,258.056083666,252.935488627,258.238636073,252.396959024,4479022.0
2020-06-29,254.048700961,256.626897536,256.64524769,252.0577093,3464598.0
2020-06-30,256.250719388,260.049201175,261.443812846,256.122268313,5215693.0
2020-07-01,260.911658392,261.82916607,262.875124823,260.526305168,3712553.0
2020-07-02,264.939517099,263.150377127,266.123102003,262.57234729,3661062.0
2020-07-06,266.691956764,267.233286294,267.526888751,265.985475852,3573810.0
2020-07-07,265.774449086,264.462413106,267.618639519,264.142753431,3420257.0
2020-07-08,265.159718942,266.425879537,266.581855842,263.590780812,2434228.0
2020-07-09,267.013084451,265.067968174,267.269986601,261.865866377,3164606.0
2020-07-10,264.902816792,267.72874044,267.921417052,263.636656196,2712405.0
2020-07-13,269.839008099,265.30652017,271.995151143,264.801890947,3657909.0
2020-07-14,264.049534651,268.857274884,269.12335211,262.985225745,4053101.0
2020-07-15,271.756599146,271.242794847,272.271504455,269.150877341,6601428.0
2020-07-16,269.563755796,270.453738244,270.765690854,268.967375805,3082869.0
2020-07-17,271.325370538,271.169394232,271.903400375,269.513292874,2245953.0
2020-07-20,270.967542543,273.42646312,274.041193265,270.297761938,2539891.0
2020-07-21,275.123852325,273.995317881,275.573431087,273.105335433,3310876.0
2020-07-22,273.619139733,275.555080933,275.766107699,273.518213888,4121139.0
2020-07-23,275.188077862,272.261228369,275.82115816,271.013417927,3487108.0
2020-07-24,270.536313935,270.499613627,271.407946229,269.105001957,2850971.0
2020-07-27,271.105168695,272.472255135,272.609881287,270.426213013,2253331.0
2020-07-28,271.74742407,270.784041008,272.802557899,270.472088397,3135561.0
2020-07-29,271.582272688,274.059543418,274.573347718,271.49052192,2370847.0
2020-07-30,271.343720691,273.059460049,273.472338504,269.444479798,2951740.0
2020-07-31,274.747674177,275.344054167,275.344054167,270.884966852,4460643.0
2020-08-03,276.766191068,277.078143679,277.841693568,276.289087076,3769021.0
2020-08-04,276.371662767,278.24337843,278.24337843,276.371662767,2129215.0
2020-08-05,279.482013795,279.977467941,280.206844861,279.206761492,2620744.0
2020-08-06,279.454488565,281.858358681,281.940934372,279.151711031,4088158.0
2020-08-07,280.968376233,282.00515991,282.225361752,280.134912259,3319618.0
2020-08-10,282.482263902,282.904317434,283.051118663,280.683948853,2118154.0
2020-08-11,283.986976494,280.619723316,284.533444067,279.904067327,3571230.0
2020-08-12,282.821741743,284.464080487,285.170561399,282.775866359,2953661.0
2020-08-13,283.785124805,283.977801417,285.143036168,283.106169123,4074194.0
2020-08-14,283.647498653,283.977801417,284.445730333,282.904317434,2098031.0
2020-08-17,284.831083558,284.895309095,285.225611859,284.509955871,2183360.0
2020-08-18,285.28066232,285.491689086,285.84951708,283.766774651,2415819.0
2020-08-19,285.84951708,284.280578951,286.519297685,283.794299882,2498298.0
2020-08-20,282.693290668,285.179736475,285.592614931,282.610714977,2409269.0
2020-08-21,284.867967366,286.198169998,286.354146303,284.583356485,2316223.0
2020-08-24,288.423126117,289.106669337,289.170894875,287.519381054,2349556.0
2020-08-25,289.647998867,290.115927783,290.170978244,288.556164731,2890833.0
2020-08-26,290.620557006,293.079477583,293.262979119,290.161803167,2605983.0
2020-08-27,293.804308649,293.666682497,294.98156275,292.198211458,2295927.0
2020-08-28,294.648415712,295.575098467,295.694374465,293.556581576,3538745.0
2020-08-31,295.419122162,294.538314791,296.199003688,294.336463102,5067980.0
2020-09-01,295.263145857,297.290837825,297.364238439,294.464914177,3010783.0
2020-09-02,299.052452567,301.621474065,302.474756206,297.98814366,5273074.0
2020-09-03,300.034185782,291.18023669,300.492939621,288.840592111,6891967.0
2020-09-04,291.556414838,288.849767187,293.235453888,281.583106378,5133935.0
2020-09-08,283.831000189,280.913325773,284.96870971,280.619723316,4278260.0
2020-09-09,284.560418793,286.455072148,288.702965959,283.775949728,3339835.0
2020-09-10,288.143286275,281.445480226,288.748841343,280.592198085,3588984.0
2020-09-11,283.096994046,281.656506992,284.051202032,279.078310417,3690254.0
2020-09-14,284.500780794,285.317362627,286.950526294,284.069552185,3056093.0
2020-09-15,287.611131822,286.785374912,288.335962888,285.82199185,2570928.0
2020-09-16,287.923084433,285.629315238,289.180069952,285.381588165,2316222.0
2020-09-17,281.197753153,283.133694354,284.675107253,280.72064916,2848323.0
2020-09-18,283.91357588,279.83984179,283.950276187,277.591947978,3421015.0
2020-09-21,275.683532008,276.802891375,276.857941836,272.34380406,4536837.0
2020-09-22,278.105752278,279.601289793,280.060043632,275.867033544,2741533.0
2020-09-23,280.096743939,273.123685587,280.344471012,272.655756671,2755784.0
2020-09-24,271.866700068,273.876041883,276.591864609,270.701465317,3130664.0
2020-09-25,273.02734728,278.261728583,278.959034419,272.242878216,2683969.0
2020-09-28,282.06021037,282.922667588,283.528222655,281.151877769,2437913.0
2020-09-29,282.727787737,281.308804576,283.345137553,280.709883112,2307331.0
2020-09-30,281.990653627,283.474136023,286.330438555,281.815584276,4304504.0
2020-10-01,285.786894291,285.270900415,286.662241047,283.575491963,3005650.0
2020-10-02,280.774382346,282.61721762,284.331054425,280.309066439,3125089.0
2020-10-05,284.432410365,287.556016154,287.749513858,284.432410365,2364454.0
2020-10-06,287.712657153,283.538635257,289.619991661,283.041622584,3389808.0
2020-10-07,286.198952259,288.403720381,289.150068666,286.192318052,1707831.0
2020-10-08,290.209698949,290.956047235,291.029760646,289.371208899,1731711.0
2020-10-09,292.522457218,293.545230795,294.024275824,291.951178283,2794077.0
2020-10-12,295.904059946,298.281317449,299.66528674,295.46177948,2194283.0
2020-10-13,298.207604038,296.373982941,298.290531626,295.505086109,2229739.0
2020-10-14,296.899190994,294.52193349,297.894322042,293.867726968,1907791.0
2020-10-15,290.900762177,294.171794788,294.577218548,290.454058906,2487096.0
2020-10-16,295.452565304,293.923012026,296.889976817,293.840084439,1669931.0
2020-10-19,295.130069131,289.481779016,295.673705536,288.707788201,2229583.0
2020-10-20,290.68883612,290.624336886,293.628158382,290.04310664,3066561.0
2020-10-21,290.624336886,290.099128833,292.570739502,289.868774423,2607729.0
2020-10-22,290.301840713,291.693181345,292.23681775,288.394506204,2362400.0
2020-10-23,292.863381744,292.688312393,292.863381744,290.467695887,1429454.0
2020-10-26,289.610777485,287.298019216,290.320269065,284.128342545,3335822.0
2020-10-27,287.648157918,286.34895905,287.915369033,286.153894936,2196107.0
2020-10-28,281.152163577,276.489790334,281.714228336,276.070545309,5650454.0
2020-10-29,276.720144743,279.401470067,282.184151331,275.218233995,5365171.0
2020-10-30,277.862702613,276.259435925,279.060545541,273.080545077,5892432.0
2020-11-02,279.530468536,279.475183478,281.318018752,277.005784211,4080396.0
2020-11-03,282.479004975,284.404767836,286.321316521,282.036724509,3378343.0
2020-11-04,288.578789732,290.808620413,294.531147667,287.482302744,5750173.0
2020-11-05,295.719776418,296.50298141,298.124676451,295.332781011,3950281.0
2020-11-06,296.180485237,296.466124704,297.54418334,294.323828698,3640619.0
2020-11-09,308.085201107,300.161009429,308.859191922,299.718728963,8097281.0
2020-11-10,299.248805968,299.774014021,300.658574953,296.751764172,4120821.0
2020-11-11,301.690562706,301.88406041,302.685693754,300.53879066,2773482.0
2020-11-12,301.063998713,299.09216497,301.708991059,297.369113989,2539783.0
2020-11-13,300.796787598,303.155616749,303.819037448,300.280793721,1998446.0
2020-11-16,305.588159311,306.832073121,306.942643237,304.440994352,3018755.0
2020-11-17,304.740455085,305.302519843,306.371364302,303.376756982,3052136.0
2020-11-18,305.569730958,301.598420942,306.039653953,301.570778413,2647827.0
2020-11-19,301.082427066,302.860763105,303.22933016,299.838513256,2962161.0
2020-11-20,302.602766167,300.833644304,302.831277741,300.750716716,3517557.0
2020-11-23,302.482981874,302.611980343,303.699253155,300.43743472,2222635.0
2020-11-24,305.007666199,307.513922172,307.983845167,304.159961973,2659731.0
2020-11-25,307.449422937,307.007142472,307.449422937,306.048868129,2256860.0
2020-11-27,308.016094784,307.882489227,308.315555516,306.997928295,984710.0
2020-11-30,307.200640175,306.500362771,307.412566232,304.104676915,4175707.0
2020-12-01,309.522612621,309.872751323,311.254877778,308.969762038,3237145.0
2020-12-02,308.877620275,310.526957845,310.619099609,308.352412222,2270336.0
2020-12-03,310.434816081,310.434816081,311.715586597,309.485755915,2851086.0
2020-12-04,310.982598866,313.106927228,313.134569758,310.932381605,2907285.0
2020-12-07,312.425078177,312.526434117,312.941072054,311.356233718,1943081.0
2020-12-08,311.337805365,313.429423401,313.926988925,311.30094866,1948194.0
2020-12-09,314.009916513,310.646742138,314.141587093,309.835894617,2545788.0
2020-12-10,309.356757446,310.499315316,311.439069164,308.529324408,2738559.0
2020-12-11,308.960547862,310.103105732,310.333460141,307.541564701,2387889.0
2020-12-14,312.13943871,308.684122571,313.088498876,308.573552454,2654634.0
2020-12-15,311.107450956,312.95028623,312.95028623,309.817466264,2762601.0
2020-12-16,313.125355581,313.429423401,314.240270922,312.323722237,2943154.0
2020-12-17,314.912905797,315.13404603,315.355186263,314.166557511,2626995.0
2020-12-18,315.484184732,313.871703867,315.585540672,312.084153651,6025650.0
2020-12-21,310.36110267,312.904215348,313.632135282,307.854846698,3918085.0
2020-12-22,313.147446828,312.287024559,313.221461647,311.297076356,2381325.0
2020-12-23,313.212209795,312.536824573,314.331683931,312.425802344,3682167.0
2020-12-24,313.054928305,313.785824641,313.804328346,312.499817163,1447667.0
2020-12-28,316.17280255,316.515121087,316.83893592,315.571432147,2798845.0
2020-12-29,317.921402646,315.848987718,318.050928579,315.367891395,2555542.0
2020-12-30,316.672402578,316.274572926,317.255269276,316.010895134,2009135.0
2020-12-31,316.246817369,317.97691376,318.606039721,315.70095808,3507320.0
2021-01-04,319.207410124,313.665550561,319.272173091,310.279372597,5402614.0
2021-01-05,313.082683862,315.728713637,316.774172954,313.07343201,3299716.0
2021-01-06,314.36869134,317.643847075,320.576684274,313.915350574,4804950.0
2021-01-07,319.873543494,322.390047336,323.074684411,319.688506447,3638857.0
2021-01-08,323.703810371,324.203410399,324.387522261,320.706210207,3758462.0
2021-01-11,321.372343576,322.084736208,323.648299257,321.226164309,2987858.0
2021-01-12,322.242017698,322.112491765,323.028425149,320.086336098,2298388.0
2021-01-13,322.066232503,322.917402921,323.870343714,321.335336167,3039926.0
2021-01-14,323.676054814,321.825684342,324.10931906,321.548128771,3497443.0
2021-01-15,320.363891669,319.531224957,321.094788006,317.828884123,3622148.0
2021-01-19,321.77942508,322.056980651,322.507545861,320.44715834,3433790.0
2021-01-20,324.110891875,326.433106817,327.247269825,323.787077042,2920573.0
2021-01-21,327.015973516,326.738417945,327.36291798,325.944609013,2582562.0
2021-01-22,325.091588225,325.572684548,326.627395717,324.730765983,1812174.0
2021-01-25,326.322084589,326.895699435,327.220809527,321.93670657,3548997.0
2021-01-26,327.728366148,326.40535126,328.112318021,326.220314213,2430244.0
2021-01-27,323.389247391,318.48576564,323.407751096,316.404098859,5010372.0
2021-01-28,320.086336098,321.159550972,324.805428432,319.725513856,3432188.0
2021-01-29,319.475713843,314.729513582,320.317632407,313.239965352,5803647.0
2021-02-01,317.921402646,319.901299051,320.900499106,315.85823957,3334009.0
2021-02-02,322.935906625,324.499469674,325.979766052,322.889647364,2955229.0
2021-02-03,325.387647501,324.823284507,326.40535126,323.703810371,3392809.0
2021-02-04,325.7762253,328.459262484,328.477766189,325.591188253,1988342.0
2021-02-05,330.198610728,329.773025519,330.412513554,328.733117314,2091756.0
2021-02-08,331.142299669,332.20626269,332.20626269,330.346640366,3371070.0
2021-02-09,331.419855239,331.937958972,332.446810851,331.003521883,1891240.0
2021-02-10,333.557033135,331.808433039,333.631047953,329.643499586,2400011.0
2021-02-11,332.798381241,332.345040475,333.159203483,330.140879169,2237200.0
2021-02-12,331.632647844,334.038129457,334.16765539,331.549381172,2144471.0
2021-02-16,335.055833217,333.723566477,335.259373969,333.048181255,4408452.0
2021-02-17,332.169255281,333.797581296,333.964114638,331.144335076,3220093.0
2021-02-18,331.438358944,332.372796033,333.001921993,329.819284781,3017068.0
2021-02-19,333.50152202,331.762173777,333.723566477,331.345840421,2487098.0
2021-02-22,329.217914378,329.153151411,331.392099682,328.958862512,3290986.0
2021-02-23,327.22876612,329.569484767,330.809232984,323.379995539,5251055.0
2021-02-24,328.579536565,333.214714597,333.603292396,327.700610591,3301220.0
2021-02-25,332.169255281,325.221114158,333.316484973,323.888847418,7049193.0
2021-02-26,327.025225368,323.435506653,327.948375197,321.696158409,7579472.0
2021-03-01,328.024425423,331.327336716,332.502321966,327.978166162,3725252.0
2021-03-02,331.567884877,328.764573612,331.799181186,328.588788417,5462610.0
2021-03-03,328.163203209,324.425454855,329.032877331,324.332936332,6317636.0
2021-03-04,324.268173365,320.428654636,326.608892012,316.334709966,6604466.0
2021-03-05,323.602039995,326.303580884,327.26577353,316.959210001,8721265.0
2021-03-08,327.173255006,324.703010426,329.73601811,324.425454855,5663478.0
2021-03-09,328.209462471,329.245669935,331.641899696,327.728366148,6075087.0
2021-03-10,331.493870058,331.281077454,332.918655322,330.180107023,7231407.0
2021-03-11,333.677307215,334.778277646,336.545381447,333.21517719,3340718.0
2021-03-12,333.529277578,335.250122116,335.333388788,332.757673091,4847336.0
2021-03-15,335.53692954,337.193011112,337.461314831,333.483018316,3162271.0
2021-03-16,337.803633368,336.813685165,338.414255624,336.073536977,3698397.0
2021-03-17,335.684959177,337.914655596,338.664055637,334.565485042,5011554.0
2021-03-18,335.592440654,332.946410879,337.470566683,332.40055159,5073991.0
2021-03-19,332.742870127,332.354292328,334.149151686,330.420655185,5382753.0
2021-03-22,332.87239606,334.981818398,336.304833286,332.844640503,3417647.0
2021-03-23,334.482218371,332.52082567,335.786729553,331.688158958,4954604.0
2021-03-24,333.723566477,330.679707051,335.166855445,330.679707051,4098983.0
2021-03-25,329.439958834,332.539329375,333.288729416,327.645099477,5487296.0
2021-03-26,333.655786002,337.96377734,338.298018047,333.080149228,3322643.0
2021-03-29,336.626814511,337.75951913,338.585836434,335.27100422,3143331.0
2021-03-30,336.617530047,336.896063969,337.462416279,335.419834179,3696168.0
2021-03-31,337.388140566,338.233026798,339.64426534,337.388140566,7470344.0
2021-04-01,339.997074975,341.816829937,341.93752797,339.839239086,5131981.0
2021-04-05,344.351488634,346.746880369,347.303948214,344.277212921,3764095.0
2021-04-06,346.347648413,346.551906623,347.54534428,346.004123242,3583491.0
2021-04-07,346.440493054,346.988276435,347.312954144,346.050545562,2768895.0
2021-04-08,348.139549982,348.678048899,348.687333364,347.29466375,3949423.0
2021-04-09,348.557350866,351.184854204,351.324121165,348.473790689,2627530.0
2021-04-12,350.674208679,351.342690093,351.556232767,350.098479061,2747529.0
2021-04-13,351.296267773,352.298989895,352.921048989,350.878466889,2985533.0
2021-04-14,352.308274359,351.166285276,353.283143088,350.674208679,3691057.0
2021-04-15,353.116022734,354.935777696,355.167889298,353.069600414,3573828.0
2021-04-16,356.113047743,356.179895884,356.662688017,354.842933055,3252459.0
2021-04-19,355.242165011,354.425132171,355.678534823,353.153160591,3945743.0
2021-04-20,353.26457416,351.825482226,353.886633254,350.456023773,4106739.0
2021-04-21,351.212707596,355.130751442,355.288587332,351.082725099,3640080.0
2021-04-22,354.963631088,351.871904546,355.701745984,350.915604745,3965016.0
2021-04-23,352.410403464,355.622828039,356.945864172,352.308274359,3783209.0
2021-04-26,356.272740525,356.393438558,356.94122194,355.892077497,3125214.0
2021-04-27,356.709110337,356.282024989,356.876230691,355.335009652,3370642.0
2021-04-28,356.616265696,356.114904636,357.608960597,355.817801785,3960389.0
2021-04-29,358.751692437,358.491727443,359.067364216,355.418569829,4209880.0
2021-04-30,356.439860879,356.1241891,357.229040326,355.344294116,5219206.0
2021-05-03,357.971797454,356.931937475,358.324607089,356.486283199,4180812.0
2021-05-04,355.14932037,354.759372878,355.55783679,351.370543486,5485646.0
2021-05-05,356.263456061,354.824364127,356.439860879,354.146598248,4410661.0
2021-05-06,354.907924304,357.711832459,357.795392636,353.06031595,4737289.0
2021-05-07,358.398882802,360.265060084,360.86855025,357.758254779,3516620.0
2021-05-10,360.617869719,356.73696373,360.849981321,356.606981232,5942697.0
2021-05-11,352.577523817,353.608099331,354.425132171,349.977873872,7081501.0
2021-05-12,350.989880458,346.059830026,352.131869541,345.502762181,7707441.0
2021-05-13,347.433930711,350.172847618,351.927611331,347.396792855,7188191.0
2021-05-14,352.633230602,355.548552326,356.32844731,352.633230602,5167919.0
2021-05-17,354.573683597,354.69438163,355.362863044,352.80963542,3781587.0
2021-05-18,354.89863984,351.63050848,355.10289805,351.454103662,3128310.0
2021-05-19,347.29466375,350.702062071,350.804191176,345.957700921,5086270.0
2021-05-20,351.481957055,354.443701099,355.585690182,351.370543486,4776714.0
2021-05-21,355.808517321,354.174451641,356.94122194,353.747366293,3567453.0
2021-05-24,356.235602669,357.748970315,358.751692437,356.003491066,2962453.0
2021-05-25,358.751692437,356.996928724,359.085933144,356.467714271,4031807.0
2021-05-26,357.535427641,357.64684121,358.148202271,356.588412304,2642705.0
2021-05-27,358.641764382,357.8046771,359.104502073,357.748970315,3015864.0
2021-05-28,359.336613675,358.501011907,359.559440813,358.324607089,3371117.0
2021-06-01,360.701429896,358.222477984,360.812843465,357.8046771,4389042.0
2021-06-02,358.798114758,358.82596815,359.531587421,357.888237277,3209191.0
2021-06-03,356.681256945,357.461151929,358.482442978,355.316440724,3390955.0
2021-06-04,359.132355465,360.701429896,360.979963819,359.085933144,2628143.0
2021-06-07,360.719998824,360.395042581,360.877834714,359.540871885,2500620.0
2021-06-08,361.165653101,360.450749366,361.239928813,358.788830293,2386617.0
2021-06-09,361.239928813,359.884397056,361.286351134,359.68942331,2968089.0
2021-06-10,361.035670603,361.546316128,362.428061683,359.8472592,2611815.0
2021-06-11,362.09409951,362.177659686,362.279788791,360.91497257,2241500.0
2021-06-14,362.289073255,363.087537167,363.087537167,361.165653101,2252205.0
2021-06-15,363.16181288,362.326211112,363.2082352,361.546223284,2405039.0
2021-06-16,362.482747176,360.339335796,362.632598427,358.398882802,4194316.0
2021-06-17,359.884397056,360.209353299,361.082092924,357.916090669,4065333.0
2021-06-18,357.256893719,355.427854293,357.8046771,355.14932037,5211110.0
2021-06-21,356.98764426,360.404327045,360.590016327,356.198464812,4389779.0
2021-06-22,360.46003383,362.316926648,363.106106095,359.745130095,2705442.0
2021-06-23,362.419055753,361.926979156,363.152528416,361.815565587,2404155.0
2021-06-24,363.848863223,363.997414648,364.432391791,363.644605013,2987820.0
2021-06-25,364.786594096,365.343661941,365.733609433,364.452353388,2863066.0
2021-06-28,365.835738538,366.104987996,366.22568603,364.721602847,2418472.0
2021-06-29,366.443064357,366.266061224,366.992705663,365.800263507,2927626.0
2021-06-30,365.856159233,366.601435581,367.170640391,365.856159233,3795925.0
2021-07-01,367.32808002,368.669577446,368.772052944,367.240696368,3414515.0
2021-07-02,369.703648379,371.473679706,371.753158336,369.400879863,4363111.0
2021-07-06,371.492311614,370.77498313,371.69726261,368.259675455,4331346.0
2021-07-07,371.399152071,372.051268875,372.321431552,369.545277155,4747830.0
2021-07-08,367.234920477,369.088795392,369.731596242,366.135637863,5817105.0
2021-07-09,370.430292819,372.98286431,373.243711032,370.234657777,3332168.0
2021-07-12,372.91765263,374.333677691,374.529312733,372.517066593,2929163.0
2021-07-13,373.644297069,373.0667079,374.967162587,372.805861178,4313092.0
2021-07-14,374.557260596,373.579085389,375.032374267,372.470486821,3332211.0
2021-07-15,372.395959186,372.377327278,372.992180265,370.59332202,4483895.0
2021-07-16,373.420714165,369.480065475,373.457977982,369.04221562,4516552.0
2021-07-19,364.980459524,363.955704545,365.427625333,361.393817099,12336206.0
2021-07-20,364.57521551,369.098111347,370.309185412,363.331535604,4043076.0
2021-07-21,370.290553503,372.200324145,372.284167734,370.094918462,2996601.0
2021-07-22,372.368011323,372.992180265,373.159867443,371.427099934,2575749.0
2021-07-23,374.659736093,376.718562005,377.063252316,374.110094787,3151949.0
2021-07-26,376.290028105,377.678105303,377.687421257,376.196868561,2374331.0
2021-07-27,376.783773685,376.00123352,376.783773685,373.383450348,3626075.0
2021-07-28,376.522926963,375.796282524,377.07256827,374.538628687,3763730.0
2021-07-29,376.699930096,377.417258581,378.348854016,376.690614142,2274198.0
2021-07-30,375.051006176,375.57269962,376.85830132,374.938935245,5204480.0
2021-08-02,377.091200179,374.808791363,377.631525531,374.445469143,5814735.0
2021-08-03,375.507487939,377.836476527,377.911004162,373.4952418,4129628.0
2021-08-04,376.653350324,376.029181383,377.165727814,375.749702752,3880216.0
2021-08-05,377.016672544,378.376801879,378.404749742,376.718562005,3052826.0
2021-08-06,378.637648601,379.028918684,379.327029223,378.386117833,2486923.0
2021-08-09,378.926443186,378.665596464,379.20517654,377.938952025,1984384.0
2021-08-10,379.075498455,379.140710136,379.783510986,378.44201356,2400730.0
2021-08-11,380.09093748,380.053673662,380.15614916,379.075498455,3554430.0
2021-08-12,379.923250301,381.16227223,381.329959408,379.131394181,2320453.0
2021-08-13,381.618753993,381.916864532,381.916864532,381.190220093,2253785.0
2021-08-16,380.752370238,382.829828058,382.895039739,379.29908136,3385158.0
2021-08-17,380.472891608,380.30520443,381.069112686,377.584945759,5186251.0
2021-08-18,379.36429304,376.21550047,380.789634056,375.936021839,4878277.0
2021-08-19,373.653613024,376.746509868,377.808528664,373.505489349,5505717.0
2021-08-20,376.998040635,379.72761526,380.016409845,376.606770553,3263571.0
2021-08-23,381.255431773,383.09067478,383.891846854,381.236799865,3259398.0
2021-08-24,383.724159676,383.696211813,384.152693576,383.211782187,3006487.0
2021-08-25,383.873214946,384.404224344,384.944549696,383.509892726,3261412.0
2021-08-26,384.199273348,382.159079345,384.432172207,382.140447437,4707561.0
2021-08-27,382.969567374,385.550086729,385.987936583,382.904355693,3882200.0
2021-08-30,386.295363077,387.320118055,388.065394403,386.043832309,2811785.0
2021-08-31,387.226958512,386.658685296,387.562332868,386.220835442,6062916.0
2021-09-01,387.590280731,387.068587288,388.093342266,386.761160794,3256370.0
2021-09-02,388.288977308,388.223765627,388.885198386,387.073245265,2836923.0
2021-09-03,387.152430877,388.074710357,388.530540004,386.761160794,3743999.0
2021-09-07,387.795231727,386.640053388,387.813863636,386.071780172,3542491.0
2021-09-08,386.17425567,386.267415214,386.854320338,384.444376107,4012604.0
2021-09-09,385.997252537,384.534647704,387.60891264,384.348328617,3887829.0
2021-09-10,386.32331094,381.562858267,386.705265068,381.40914502,4035509.0
2021-09-13,384.301748846,382.457189884,384.478751978,380.379732064,4738340.0
2021-09-14,383.835951128,380.472891608,383.985006398,379.615823808,3657667.0
2021-09-15,380.826897873,383.649632041,384.057484523,379.811458849,3891386.0
2021-09-16,383.137254552,382.988199282,383.994322352,380.30520443,3351499.0
2021-09-17,382.280186752,379.233869679,382.680772789,378.945075094,5396095.0
2021-09-20,373.672244932,373.038760037,375.097585948,368.511206222,10942737.0
2021-09-21,375.116217857,372.675437817,376.271396196,372.116480556,6418124.0
2021-09-22,374.659736093,376.271396196,378.088007294,373.811984248,6004773.0
2021-09-23,377.957583933,380.817581919,382.252238889,377.734001029,4098043.0
2021-09-24,379.317713268,381.451066815,382.075235756,379.112762273,3417688.0
2021-09-27,380.482952839,380.37041611,381.553542312,379.708983351,3546600.0
2021-09-28,377.808528664,372.76859736,378.106639203,372.014005058,8234309.0
2021-09-29,373.954109561,373.35593253,375.533670783,372.795141563,4724166.0
2021-09-30,374.655098269,368.626595378,375.281314848,368.570516281,9511155.0
2021-10-01,370.33345615,373.038150982,374.655098269,367.103113252,8482196.0
2021-10-04,372.103499371,368.449011572,372.869913692,366.346045447,8820427.0
2021-10-05,369.710791247,372.028727242,374.190202558,368.991109506,5523244.0
2021-10-06,368.860258281,373.683060593,373.879337432,367.374162219,6589951.0
2021-10-07,376.730024845,376.898262135,379.515286646,376.524401491,4409195.0
2021-10-08,377.636636908,376.187926911,377.961989134,375.673868525,3960919.0
2021-10-11,375.645828977,373.449397691,378.290893036,373.449397691,3695672.0
2021-10-12,374.374702786,372.701676402,374.720523882,371.869836468,6201264.0
2021-10-13,373.52416982,373.898030464,374.683137817,370.823026664,6492363.0
2021-10-14,377.31885536,380.17888929,380.356473096,376.870222587,3788390.0
2021-10-15,382.19773677,383.141734897,383.450169928,381.594886481,3501619.0
2021-10-18,381.52478761,384.31004941,384.571751862,380.89857103,3402670.0
2021-10-19,385.768105924,387.300934566,387.300934566,385.207314957,2838262.0
2021-10-20,387.637409146,388.805723659,389.02069353,387.553290501,3208156.0
2021-10-21,388.235586177,389.759068303,389.974038173,387.828919261,2579450.0
2021-10-22,389.35716811,389.366514626,390.684373398,387.600023081,3648855.0
2021-10-25,390.347898818,391.385362106,391.749876234,388.749644563,2511465.0
2021-10-26,392.806032554,391.75922275,393.983132793,391.488173783,3085261.0
2021-10-27,392.235895072,390.058156818,392.824725587,390.011424238,2873514.0
2021-10-28,391.413401654,393.871535391,393.899574939,391.385362106,3643561.0
2021-10-29,391.75922275,394.572524099,394.904325421,391.497520299,4637741.0
2021-11-01,395.535215259,395.404364033,395.890382871,393.750030682,3937315.0
2021-11-02,395.497829194,396.937192675,397.18954861,395.366977969,2989214.0
2021-11-03,396.423134289,399.329900799,399.71310796,396.002541064,3562910.0
2021-11-04,399.890691766,401.199204021,401.311362215,399.600949766,4287284.0
2021-11-05,403.348902727,402.563795373,404.479831176,401.245936602,4942933.0
2021-11-08,403.657337758,403.049814211,404.087277499,402.367518535,3511610.0
2021-11-09,403.358249243,401.638490278,403.535833049,400.348671055,4696024.0
2021-11-10,400.115008152,398.404595704,401.647836795,397.049350868,6350658.0
2021-11-11,399.750494024,398.53544693,399.862652218,398.526100414,3634631.0
2021-11-12,399.71310796,401.498292537,402.059083503,398.843881962,3655495.0
2021-11-15,402.78811176,401.685222859,402.839517599,400.638413055,3122286.0
2021-11-16,401.451559956,403.218051501,404.320940402,401.406790144,3266998.0
2021-11-17,403.059160727,402.246013826,403.199358469,401.750648472,3764856.0
2021-11-18,403.246091049,403.638644726,403.928386725,400.778610796,4736823.0
2021-11-19,403.647991242,402.881576921,404.694801046,402.255173411,4886525.0
2021-11-22,404.63872195,401.816074085,406.956657945,401.638490278,4875928.0
2021-11-23,401.498292537,402.339478987,403.105893308,399.133623961,6801311.0
2021-11-24,400.55429441,403.330209694,403.535833049,399.75984054,4569588.0
2021-11-26,397.404518481,394.553831067,398.647605123,393.394863069,7702478.0
2021-11-29,398.825188929,399.320554283,400.946848086,396.80634145,6300761.0
2021-11-30,397.040004352,391.675104105,398.7504168,391.273203912,8657643.0
2021-12-01,396.731569321,387.17008334,399.302982833,386.917727405,8370491.0
2021-12-02,387.33832063,393.077081522,394.479058938,386.973806502,10417672.0
2021-12-03,394.535138035,389.600177529,395.535215259,385.796145472,10228931.0
2021-12-06,392.002232169,394.254742552,395.974501516,389.749721787,7289493.0
2021-12-07,399.077544864,402.358172019,402.928309502,399.0401588,4731920.0
2021-12-08,402.78811176,403.489100468,403.900347177,401.189857505,4476542.0
2021-12-09,402.330132471,400.741224732,403.133932856,400.60102699,5035427.0
2021-12-10,403.246091049,404.563949821,404.666761498,400.918808538,6238301.0
2021-12-13,404.105970531,400.974887635,404.386366015,400.731878216,5923878.0
2021-12-14,397.974655963,398.24570493,400.255205894,395.544561775,6522926.0
2021-12-15,398.264397963,404.47048466,404.68545453,395.983848032,6871253.0
2021-12-16,406.162204076,400.815996861,406.386520462,399.42336596,7159519.0
2021-12-17,398.021388544,396.656797192,400.76926428,395.049196421,8883451.0
2021-12-20,391.983539137,392.366746297,392.759299974,389.095465659,9903413.0
2021-12-21,395.54016705,399.32999813,399.48009045,393.54206304,6916663.0
2021-12-22,399.10485965,403.36372923,403.45753693,398.98290964,4992213.0
2021-12-23,404.22676007,405.84963328,407.215754815,404.18923699,5032684.0
2021-12-27,407.10665646,411.63756837,411.64694914,407.07851415,4986317.0
2021-12-28,412.07846456,411.32800296,412.93211463,410.554089435,4865844.0
2021-12-29,411.3467645,411.82518377,412.70697615,410.44621058,4596686.0
2021-12-30,412.18165303,410.66196829,413.09158772,410.23983364,3751831.0
2021-12-31,410.15540671,409.53627589,411.23419526,409.36742203,5185608.0
2022-01-03,410.81206061,412.05032225,412.06908379,408.66386428,6017303.0
2022-01-04,413.29796466,411.88146839,413.93585702,410.14602594,6262237.0
2022-01-05,411.60942606,403.99224082,412.20041457,403.865600425,7539607.0
2022-01-06,403.5607254,403.44815616,406.02786791,401.4031483,7971547.0
2022-01-07,403.57010617,402.05042143,404.64889472,400.7464944,6157536.0
2022-01-10,399.03919426,401.52509831,401.67519063,393.77658229,10481534.0
2022-01-11,401.19677136,405.04288706,405.20236015,398.47634806,7282442.0
2022-01-12,406.71266412,406.25300639,408.10101808,404.44251778,8270332.0
2022-01-13,407.20984493,400.6526867,407.80083344,399.70522893,7521275.0
2022-01-14,397.693053765,400.77463671,401.102869852,396.62833637,9960814.0
2022-01-18,396.45010174,393.74843998,398.66396346,391.48767441,10697981.0
2022-01-19,395.08989009,389.61152041,396.370365195,389.36762039,8184106.0
2022-01-20,391.33758209,385.32450852,395.63397475,384.88361233,8907603.0
2022-01-21,384.33952767,377.75422713,386.41877534,377.72608482,16225928.0
2022-01-24,372.66046902,379.33019649,379.80861576,362.88570668,22997836.0
2022-01-25,373.51411909,374.72423842,379.22700802,368.413325402,16836326.0
2022-01-26,380.54031582,373.87996912,382.918716245,369.92128418,14377346.0
2022-01-27,377.97936561,371.98505358,380.83111969,370.37156114,12455226.0
2022-01-28,373.18579214,381.10316202,381.16882741,368.9456841,12096807.0
2022-01-31,380.54969659,388.07307413,388.33573569,379.31143495,9200435.0
2022-02-01,388.68282418,390.60588203,391.21563208,385.4558393,8154891.0
2022-02-02,393.03550146,394.33004772,395.09927086,390.74659358,6726476.0
2022-02-03,388.91734343,385.16503543,390.64340511,384.41457383,7658271.0
2022-02-04,384.93051618,386.97552404,390.46517048,382.79170062,8210024.0
2022-02-07,387.64155871,385.69973932,388.94548574,384.5177623,5620912.0
2022-02-08,385.28698544,388.82353573,389.73347042,384.00181995,5565685.0
2022-02-09,392.63212835,394.52704389,394.80846699,392.439822565,6284459.0
2022-02-10,389.23628961,387.59465486,394.7428016,385.68097778,9260462.0
2022-02-11,387.56651255,379.86490038,389.4895704,378.57973489,10458586.0
2022-02-14,379.38648111,378.62663874,380.84988123,375.45593848,10167584.0
2022-02-15,382.90426986,384.7053777,384.88361233,382.22885442,6822294.0
2022-02-16,382.9230314,385.16503543,386.38453553,381.15944664,7743764.0
2022-02-17,382.25699673,376.97562322,382.71665446,376.38463471,7540991.0
2022-02-18,377.24766555,374.56476533,378.33583487,372.416569,10570832.0
2022-02-22,372.46347285,370.46536884,375.57788849,367.261835885,10414736.0
2022-02-23,373.11074598,363.79564137,373.65483064,363.39226826,12154856.0
2022-02-24,354.36796752,369.38658029,369.76181109,354.1240675,21277220.0
2022-02-25,370.49351115,377.45404249,377.59475404,369.035270453,11665227.0
2022-02-28,372.58542286,376.50658472,377.90431945,371.478492,11855942.0
2022-03-01,375.24018077,370.85936118,377.03190784,368.46726483,9124412.0
2022-03-02,373.09198444,377.6698002,379.0769157,372.21019206,8185168.0
2022-03-03,379.93994654,375.77488466,380.42774658,374.18015376,8745268.0
2022-03-04,372.35090361,372.73551518,373.754642032,369.01134949,6322478.0
2022-03-07,372.16328821,361.73187197,372.416569,361.68496812,8411483.0
2022-03-08,361.87258352,359.0020679,368.42036098,358.00770628,9356075.0
2022-03-09,366.67553776,368.5704533,370.39970345,364.64929144,5812598.0
2022-03-10,364.38662988,366.92881855,367.73556477,362.59490281,6394788.0
2022-03-11,369.24586874,362.24781432,369.780478822,361.79753736,5872799.0
2022-03-14,363.10146439,359.60243718,366.101434636,358.57993325,6454976.0
2022-03-15,361.96639122,367.49166475,368.07327249,360.81255651,5739361.0
2022-03-16,371.0094535,375.70921927,375.74674235,366.36597235,7407331.0
2022-03-17,373.95501528,380.30579657,380.44650812,373.6360691,5177527.0
2022-03-18,378.96434646,384.50838153,384.87423156,378.27016948,5874983.0
2022-03-21,384.46147768,384.52714307,386.25320475,381.26263511,4159492.0
2022-03-22,385.7372624,388.99238959,389.78975504,385.7372624,4231715.0
2022-03-23,386.63781632,383.98305841,388.00740874,383.94553533,3742563.0
2022-03-24,385.803126076,389.690429769,389.76572863,384.786591454,2977317.0
2022-03-25,390.415181305,391.667024867,391.891133102,387.982086863,3643255.0
2022-03-28,391.083458695,394.368371501,394.424845647,389.379821968,3395334.0
2022-03-29,398.105077472,399.356921034,399.761652411,395.55432856,5510554.0
2022-03-30,398.3874482,396.872058625,399.093375021,394.933112957,4794334.0
2022-03-31,396.232018308,390.772850894,396.89088334,390.659902603,5876639.0
2022-04-01,392.194116893,391.855272019,392.324007428,388.608008644,4663067.0
2022-04-04,391.977632668,395.177834255,395.281370189,391.290530562,5117208.0
2022-04-05,393.963640124,390.292820656,396.090832944,389.200987173,4112033.0
2022-04-06,386.622001188,386.33963046,388.410349134,383.685345614,5540716.0
2022-04-07,385.530167705,388.287988485,389.953975782,383.77946919,4954053.0
2022-04-08,387.647948167,387.346752724,389.878676921,385.887837294,4752812.0
2022-04-11,384.494808368,380.635741748,385.021147406,380.188654761,3342784.0
2022-04-12,383.393562528,379.242712822,385.633703639,377.783797392,6615813.0
2022-04-13,378.913280305,383.525335534,384.21243764,378.828569087,4358710.0
2022-04-14,383.760644474,378.866218517,384.758354381,378.69679608,3735679.0
2022-04-18,377.953219829,378.93210502,380.466319311,376.908448134,4305868.0
2022-04-19,378.922692663,384.984250964,385.690177784,378.715620795,3841510.0
2022-04-20,386.678475334,384.692467878,387.214979717,383.713582686,5067144.0
2022-04-21,388.146803121,378.988579166,389.37040961,378.188528769,4670153.0
2022-04-22,378.06616812,368.644398153,378.268533809,368.117306127,6326437.0
2022-04-25,366.536030048,370.658642681,370.901858002,362.375767985,8141182.0
2022-04-26,368.399676855,360.060328012,368.578511649,359.966204436,8492984.0
2022-04-27,360.963914343,360.992151416,365.905402088,359.081442821,6415702.0
2022-04-28,365.415959493,370.037427079,371.694002018,361.312171575,7036192.0
2022-04-29,366.536030048,356.44598269,368.446738643,355.787117658,8221944.0
2022-05-02,356.530693909,358.686123801,359.806194357,350.450310893,10737019.0
2022-05-03,359.194391112,360.239162807,362.428100693,357.66958918,5607696.0
2022-05-04,360.822728979,371.166909992,371.717532912,357.933135193,7367547.0
2022-05-05,367.289018657,358.130794702,367.373729875,354.234078652,10477253.0
2022-05-06,355.796530015,355.881241234,358.874370954,351.033877064,7959647.0
2022-05-09,350.478547965,344.398164949,351.608030879,343.080434884,10793230.0
2022-05-10,350.045579515,345.282926565,351.28801072,341.583870024,7870750.0
2022-05-11,344.464051453,339.720223217,349.537312204,339.099007615,8026944.0
2022-05-12,336.807098537,339.456677204,342.374508063,333.216284109,7679237.0
2022-05-13,343.296919109,347.46659353,348.803148311,342.272478107,5377437.0
2022-05-16,346.101801677,346.224162326,349.527899847,343.974608857,4719840.0
2022-05-17,351.702154455,353.151657527,353.490502401,348.33253043,4513309.0
2022-05-18,349.179642615,339.164894118,349.349065052,337.903638199,6883570.0
2022-05-19,336.181176756,336.896515934,340.943829707,334.938745551,6359477.0
2022-05-20,340.172016383,336.981227153,340.680283693,329.206619767,8755856.0
2022-05-23,339.870820939,343.37221797,344.087557148,337.762452834,5254915.0
2022-05-24,339.644924356,340.896767918,341.866240752,334.797560187,5567301.0
2022-05-25,339.35314127,343.739299917,345.584122008,339.099007615,5704600.0
2022-05-26,344.911138439,350.572671542,352.144535262,344.746422181,4248253.0
2022-05-27,352.906936229,359.363813549,359.420287695,352.775163222,3911790.0
2022-05-31,357.886073405,357.368393736,360.352111098,354.770583036,5016514.0
2022-06-01,359.184978755,354.375264016,360.154451589,352.11629819,4245818.0
2022-06-02,354.290552798,361.105099707,361.189810926,352.210421766,3273721.0
2022-06-03,356.831889352,355.260025631,358.234330636,354.356439301,2749538.0
2022-06-06,358.921432742,356.229498465,360.455647032,355.231788559,2659482.0
2022-06-07,353.114008096,359.712070781,360.126214516,352.690452004,2649857.0
2022-06-08,358.14020706,355.7777053,359.768544927,355.090603194,3436443.0
2022-06-09,354.130542718,347.410119385,356.201261392,347.334820524,3021979.0
2022-06-10,341.602694739,337.216536093,342.318033918,337.178886663,7629693.0
2022-06-13,328.594816522,324.218070234,330.218730581,322.900340168,10399708.0
2022-06-14,326.015830537,323.408607479,326.91000451,320.556663123,7584190.0
2022-06-15,326.43938663,328.039487423,332.105625911,321.874393189,7887624.0
2022-06-16,320.471951905,317.26233796,320.810796779,314.909248557,8821869.0
2022-06-17,317.488234542,318.090625429,320.839033852,314.598640756,7083981.0
2022-06-21,323.022700817,325.884057531,327.079426947,322.947401956,5628348.0
2022-06-22,321.977929122,325.196955425,328.971310827,321.558890962,4876060.0
2022-06-23,327.201787596,328.613641237,329.065434403,323.91687479,6708774.0
2022-06-24,331.343224944,338.84487396,338.863698675,331.286750799,5458559.0
2022-06-27,339.786109721,337.574205682,339.927295085,336.55767106,4608590.0
2022-06-28,338.92017282,330.279628534,341.513277342,330.279628534,8801780.0
2022-06-29,331.188902493,330.442279108,332.067838884,328.712759114,3775861.0
2022-06-30,326.88872983,327.833822723,330.631297687,323.647061207,7159599.0
2022-07-01,327.15335584,331.198353422,331.566939651,324.724467105,7481480.0
2022-07-05,326.510692673,331.784311016,331.822114732,323.958941862,6180564.0
2022-07-06,331.944976808,332.98457899,335.205547289,329.771263154,5450928.0
2022-07-07,334.57233505,337.870709247,338.626783561,334.562884122,3737478.0
2022-07-08,336.364042157,337.672239739,339.335603231,335.008022874,4791341.0
2022-07-11,335.356762152,333.854064452,336.046679964,333.154695711,3491695.0
2022-07-12,333.239754071,330.773061621,335.413467725,329.251462063,4080271.0
2022-07-13,325.811323932,329.232560205,331.727605443,325.461639562,5603536.0
2022-07-14,324.554350385,328.363074743,328.845072119,322.319205693,4624840.0
2022-07-15,332.417523254,334.57233505,334.66684434,330.593493971,4520475.0
2022-07-18,337.369810014,331.803212874,337.984120394,330.706905118,3544880.0
2022-07-19,335.46072237,340.809948144,341.263592733,334.799157345,3620152.0
2022-07-20,340.895006505,342.993112727,344.240540837,339.713640388,4270636.0
2022-07-21,342.463860707,346.461603644,346.489956431,340.242892408,4603979.0
2022-07-22,346.556112934,343.304993382,347.642969761,341.187985301,4533862.0
2022-07-25,343.862598189,343.645226823,344.429653924,341.603826174,3902230.0
2022-07-26,342.237038413,339.52462181,342.322096773,338.768642005,2987190.0
2022-07-27,342.586722783,348.417945933,349.996251064,342.332020248,4500264.0
2022-07-28,349.136216532,352.822078814,353.379683621,345.88509698,4345335.0
2022-07-29,354.154659793,357.991736939,358.813967756,353.398585479,5246413.0
2022-08-01,355.468338915,356.914331041,359.144750268,354.825675747,4421369.0
2022-08-02,355.458887986,354.608304382,358.78277969,353.417487337,4132588.0
2022-08-03,356.47958831,360.146548735,361.119994415,356.2149623,3854779.0
2022-08-04,359.966981085,359.863020867,360.581291466,358.369774096,3410631.0
2022-08-05,355.969238148,359.116397482,359.796864365,355.86527793,2852090.0
2022-08-08,360.817564689,358.795065898,362.827588254,357.783816503,3455348.0
2022-08-09,358.209108304,357.377426559,358.577694533,356.39452995,2360524.0
2022-08-10,363.851312876,364.862562271,365.023228063,362.065087308,3650992.0
2022-08-11,367.5182733,364.862562271,369.20053865,364.238800962,3575370.0
2022-08-12,366.648787839,371.109626294,371.156880938,365.836007951,3664357.0
2022-08-15,369.049323787,372.697382354,373.08487044,369.020971,3203933.0
2022-08-16,371.648329243,373.34949645,375.097918302,370.892254928,3864849.0
2022-08-17,370.060573183,370.797745639,373.169928801,368.863234996,3222325.0
2022-08-18,370.873353071,371.94130804,372.385501699,369.691986954,3258081.0
2022-08-19,369.247793295,366.809453631,369.484066518,365.987222814,2899030.0
2022-08-22,362.376967962,359.078593766,362.480928181,358.275264807,4153718.0
2022-08-23,358.719458467,358.228010162,360.902623049,357.739680664,2869184.0
2022-08-24,358.095697157,359.314866989,360.62854611,357.415230274,2241245.0
2022-08-25,360.798662831,364.550681616,364.550681616,359.796864365,2631290.0
2022-08-26,364.380564896,352.056553571,364.853111342,352.056553571,5153160.0
2022-08-29,349.466999044,349.731625054,352.566903733,348.53135708,4953159.0
2022-08-30,350.91299117,345.932351624,351.05002964,344.032714909,5044536.0
2022-08-31,347.425598395,343.210484092,348.540808009,343.172680377,4062539.0
2022-09-01,341.273043662,344.268988133,344.675378077,338.825253069,6126838.0
2022-09-02,347.746929979,340.658733281,348.862139593,339.08042815,4544223.0
2022-09-06,341.518767814,339.515170881,342.388253276,337.398162801,5680313.0
2022-09-07,339.156035581,345.601569112,346.258408672,338.995747827,4136951.0
2022-09-08,343.423129993,347.860341126,348.247829212,342.378802347,3692037.0
2022-09-09,349.911192704,353.228468758,354.041248646,349.665468552,2621561.0
2022-09-12,355.184811047,357.112800548,357.727110929,354.89183225,2961354.0
2022-09-13,349.0606091,341.537669672,350.185269643,340.498161999,5549174.0
2022-09-14,342.671781143,342.813545077,344.174478843,339.78924782,3555510.0
2022-09-15,341.329749235,338.985918861,343.985460265,337.776199958,3807460.0
2022-09-16,335.092136142,336.320756902,336.906714496,333.324812432,4452268.0
2022-09-19,333.42877265,338.9008605,338.9008605,333.381518005,3412645.0
2022-09-20,335.867112314,335.082685213,336.812205207,332.515056841,3623962.0
2022-09-21,336.812205207,329.18530556,339.571876454,329.18530556,5102402.0
2022-09-22,328.467034962,326.406732455,329.402676926,325.74516743,5555622.0
2022-09-23,323.297376837,320.981899249,323.297376837,316.899097951,10491491.0
2022-09-26,319.658769199,317.872543631,322.900437822,316.672275657,5405686.0
2022-09-27,321.133114112,316.974705383,323.070554543,314.7915408,5795659.0
2022-09-28,317.809287028,323.201033594,324.738820467,316.271500156,8683949.0
2022-09-29,320.040027245,316.461350387,320.182414918,313.755984592,7230121.0
2022-09-30,315.69245695,311.639154514,319.128746135,311.468289306,7736631.0
2022-10-03,314.952041049,319.878654548,321.47339649,313.347806595,5738997.0
2022-10-04,324.776790513,329.589493874,329.703404013,324.767298002,5109957.0
2022-10-05,325.707056646,329.019943181,330.946923027,323.561749034,4755772.0
2022-10-06,327.662514028,325.555176461,330.320417264,325.109028418,3879612.0
2022-10-07,321.872081976,316.413887829,322.118887277,314.819145887,5168076.0
2022-10-10,317.496034147,314.050252451,317.685884378,311.98088493,3933860.0
2022-10-11,312.493480555,311.98088493,316.632215595,310.262740338,4968108.0
2022-10-12,312.446017997,311.012648751,313.80344715,310.82279852,3235062.0
2022-10-13,304.557740891,319.15722367,320.538384102,303.636967269,6396891.0
2022-10-14,321.435426444,311.971392419,322.925750759,311.378110446,4883998.0
2022-10-17,317.590959262,319.897639572,320.941815843,317.486541635,3889516.0
2022-10-18,327.18788845,323.666166661,327.49164882,320.623816706,4903278.0
2022-10-19,321.83411193,321.425933933,324.33064247,318.8534633,4403233.0
2022-10-20,321.008263424,318.787015719,325.042580837,318.046599817,3459059.0
2022-10-21,318.473762838,326.447472548,326.91308024,317.173288754,4362430.0
2022-10-24,327.91881184,330.424834892,331.506981209,325.469743857,5639417.0
2022-10-25,330.386864845,335.797596435,336.063386758,330.367879822,5203396.0
2022-10-26,332.902380409,333.291573383,338.094784232,332.655575108,4277708.0
2022-10-27,334.183869469,331.506981209,335.835566481,330.904206725,4145263.0
2022-10-28,331.32662349,339.243378131,339.812928824,331.241190886,4388078.0
2022-10-31,337.136040564,336.936697822,338.806722599,336.082371781,6430961.0
2022-11-01,340.33501696,335.579268669,340.558090982,334.411689747,8014279.0
2022-11-02,334.876822813,327.017023242,339.001319086,326.931590637,5022535.0
2022-11-03,324.017389589,323.533271499,326.362039944,321.701216768,4534774.0
2022-11-04,328.830092949,328.270034767,330.358387311,322.74539304,3655444.0
2022-11-07,329.447106201,331.421548605,331.962621764,327.586573935,3316597.0
2022-11-08,332.437247342,333.225125802,335.911506573,329.466091224,3237196.0
2022-11-09,331.364593536,326.418995013,332.446739854,325.933073346,3570793.0
2022-11-10,338.427022137,344.283901769,344.587662139,336.424102197,4603632.0
2022-11-11,345.233152925,347.57780328,348.394159275,343.382113171,4877385.0
2022-11-14,346.068493942,344.787004882,349.125082665,344.473752,5274312.0
2022-11-15,349.941438659,347.63475835,350.978020921,344.188976654,4597800.0
2022-11-16,346.191896593,344.995840136,346.970282541,344.435781954,2755123.0
2022-11-17,340.591314772,343.999126422,344.568677116,340.368240751,3284424.0
2022-11-18,346.913327471,345.517928272,347.036730122,342.897995081,2574370.0
2022-11-21,344.359841862,344.302886792,345.279286531,342.556264665,2397875.0
2022-11-22,346.011538873,348.887769876,349.020665038,344.77751237,2315964.0
2022-11-23,348.574516994,351.071047535,351.564563211,348.396532403,2590859.0
2022-11-25,350.643884514,351.033077488,351.545673113,350.330631633,1423444.0
2022-11-28,348.24227909,345.479958226,349.685140847,344.720557301,3557001.0
2022-11-29,345.460973203,344.872437486,346.647537148,343.13530787,2507770.0
2022-11-30,345.005332648,355.48506541,355.579990526,343.296680567,4748832.0
2022-12-01,356.795032005,355.532527968,357.867685812,353.168892589,4608628.0
2022-12-02,350.900182326,355.019932344,355.855273361,350.900182326,3595984.0
2022-12-05,352.437969199,348.697919645,353.301787751,347.416430584,3706993.0
2022-12-06,348.460606856,343.657396006,348.954217457,341.66491783,3911040.0
2022-12-07,342.727129873,342.992920197,345.157212833,342.024684018,3337977.0
2022-12-08,344.701572278,345.698285992,346.619059613,343.249218009,3604516.0
2022-12-09,344.578169628,343.173277917,346.894532298,343.002697484,4271355.0
2022-12-12,343.894708795,348.071413882,348.071413882,343.230232986,2946216.0
2022-12-13,357.972103439,350.643884514,358.048043531,348.186273271,6161825.0
2022-12-14,350.368601679,348.527054436,353.880830956,345.764733573,4707115.0
2022-12-15,344.075066515,339.955316498,344.805989905,338.370067067,5126752.0
2022-12-16,337.60022438,335.902014062,338.721289995,333.937064169,4533074.0
2022-12-19,336.158311874,333.006798036,336.357654617,331.525966233,5538489.0
2022-12-20,332.350300176,333.51393159,334.93985697,331.165685245,5068210.0
2022-12-21,335.92703608,338.50228593,339.505298057,335.450137959,3832448.0
2022-12-22,335.717200907,333.742842688,335.974725892,328.430197625,6462233.0
2022-12-23,332.808122372,335.61228332,335.686584047,331.301124311,4571981.0
2022-12-27,335.507365734,334.276968583,335.774428681,332.731818672,4303215.0
2022-12-28,334.229278771,330.175644746,335.92703608,329.918119761,4464644.0
2022-12-29,332.789046447,336.031953666,336.809297603,332.369376101,4086575.0
2022-12-30,333.628387139,335.106771312,335.249840749,331.695519057,5325447.0
2023-01-03,336.862710192,333.819146387,338.638011135,331.148516912,4957334.0
2023-01-04,335.831656456,336.222712914,338.181333495,333.065647357,3119087.0
2023-01-05,334.524955605,332.550597387,334.591721342,331.978319642,3216538.0
2023-01-06,335.345220373,340.114201578,341.144301518,332.626805706,3464777.0
2023-01-09,342.155325533,339.866214555,345.016714256,339.762632283,3775322.0
2023-01-10,339.398854397,342.288857007,342.365160706,338.559513705,3495719.0
2023-01-11,343.757703218,346.657243791,346.714471565,343.042356038,5710532.0
2023-01-12,347.639653919,347.954406679,349.232493642,343.938924504,4743460.0
2023-01-13,344.969692102,349.308797341,349.785409323,344.768727234,3015160.0
2023-01-17,349.270645491,348.774671446,350.72995374,348.011634453,4942003.0
2023-01-18,349.728467687,343.109121774,350.672725966,342.966052338,3931803.0
2023-01-19,341.23014318,340.63878951,342.751448184,339.408392359,3514877.0
2023-01-20,341.888262586,346.905230814,347.095990062,340.390802488,3265062.0
2023-01-23,347.668267806,351.130548161,352.90460917,346.848003039,3243283.0
2023-01-24,349.633088063,350.758567627,351.578832395,348.536222386,2702380.0
2023-01-25,346.97199655,350.882561139,351.149624086,344.94994852,3061683.0
2023-01-26,353.34335544,354.630980366,354.869429426,350.625036154,3460934.0
2023-01-27,353.753487824,355.642004381,357.749894074,353.629494313,5549522.0
2023-01-30,353.047678606,351.197313898,355.088802561,350.863485214,3280594.0
2023-01-31,351.578832395,356.185668239,356.281047863,351.311769447,4181686.0
2023-02-01,355.231871998,360.086694864,362.595178978,352.675698072,4941692.0
2023-02-02,363.634816881,365.246732528,366.648813002,361.870293835,5207926.0
2023-02-03,360.754352233,361.345705902,365.494719551,360.334681887,6472509.0
2023-02-06,359.175819454,359.256892135,360.468213361,357.692666299,2880098.0
2023-02-07,358.427089405,363.892341866,365.062459094,357.311147803,4504633.0
2023-02-08,362.146894745,359.905473578,363.329602084,359.323657871,2921503.0
2023-02-09,363.367753933,356.82471172,363.396367821,355.716972766,3327715.0
2023-02-10,355.765997893,357.692666299,358.045570908,355.0029609,3256705.0
2023-02-13,358.292604135,361.822604023,361.908445685,357.864349623,2980600.0
2023-02-14,360.496827248,361.689072549,363.796962242,358.102798683,4718037.0
2023-02-15,359.724252293,362.900393775,362.948083587,358.942139375,2831621.0
2023-02-16,358.303095894,357.85481166,361.898907722,357.759432036,3077501.0
2023-02-17,355.93672742,356.929629307,357.149002442,354.163620208,3285327.0
2023-02-21,353.286127666,349.842923236,354.177927151,349.547246401,3109176.0
2023-02-22,350.21490377,349.404176965,351.569294432,347.983020566,3872004.0
2023-02-23,352.017578665,351.159162048,352.494476786,347.305825235,2867193.0
2023-02-24,346.523712317,347.401204859,348.164241852,345.016714256,4055007.0
2023-02-27,350.510580605,348.602988123,351.731439793,347.748005172,3300148.0
2023-02-28,348.145165927,347.28674931,349.909688973,347.229521536,3022200.0
2023-03-01,346.552326204,346.018200309,347.668267806,344.749651309,3764724.0
2023-03-02,344.139221715,348.602988123,349.432790852,343.872158767,2730814.0
2023-03-03,350.319821356,354.125468358,354.497448892,349.757081574,4913599.0
2023-03-06,355.060188674,354.554676666,357.13946448,354.144544283,2638325.0
2023-03-07,354.459297042,349.070348281,354.707284065,348.502839517,3546141.0
2023-03-08,349.194341792,349.614012138,350.328119384,347.60150207,2906258.0
2023-03-09,350.377049131,343.214039361,351.83635738,342.269781082,4409629.0
2023-03-10,342.727603278,338.292450757,344.549354098,336.823604546,8360402.0
2023-03-13,334.553569493,337.720173013,342.098097759,333.599773252,6478693.0
2023-03-14,342.29839497,343.32849491,344.806879083,339.198557186,4798811.0
2023-03-15,338.082615584,341.211067255,341.344598729,336.275171708,6610393.0
2023-03-16,339.112715525,347.04830025,347.429818746,338.588127592,5049842.0
2023-03-17,345.999124385,343.252191211,346.981534513,341.859744078,5189907.0
2023-03-20,343.814930993,346.352028994,346.781237302,343.194963436,3099753.0
2023-03-21,349.490018627,350.882561139,351.388073146,348.021172416,4117629.0
2023-03-22,350.787181514,345.064404068,354.067286787,344.94994852,4094840.0
2023-03-23,347.639653919,345.884668836,351.269802412,343.481102308,4787193.0
2023-03-24,344.761641391,348.190294861,348.257335571,342.597184172,3740941.0
2023-03-27,350.263768258,348.764929521,350.938963984,348.037058952,4144795.0
2023-03-28,348.171140372,348.151985884,348.803238498,346.391688376,2413653.0
2023-03-29,351.867956684,353.103421202,353.342852311,350.804882563,3636069.0
2023-03-30,355.536041262,355.210414955,355.77547237,353.498003669,3316742.0
2023-03-31,356.0627897,360.171427518,360.430013115,355.938285524,4159844.0
2023-04-03,359.721297034,361.598436923,361.933640475,359.35736175,3525296.0
2023-04-04,362.201803316,359.558483881,362.402925447,358.313442118,2713278.0
2023-04-05,358.868922289,358.686954647,359.548906636,357.125863821,3227735.0
2023-04-06,357.872888879,360.056500586,360.281565828,356.963050667,3076223.0
2023-04-10,357.757961947,360.449167603,360.477899336,357.192904531,2671117.0
2023-04-11,360.966338797,360.497053825,361.78998181,359.807492233,3069001.0
2023-04-12,362.402925447,359.060467176,362.613624822,358.49540976,3624173.0
2023-04-13,360.018191609,363.71500792,364.098097693,359.572658202,2680870.0
2023-04-14,363.236145703,362.967982862,365.209058035,360.793948399,2981653.0
2023-04-17,362.824324197,364.203447381,364.241756358,361.713363855,2721004.0
2023-04-18,365.697497496,364.452455733,365.769326829,363.20741397,3019268.0
2023-04-19,362.71897451,364.433301245,365.209058035,362.661511044,2671311.0
2023-04-20,361.809136298,362.374193714,364.00232525,361.004647775,2953173.0
2023-04-21,362.671088288,362.584893089,363.07333255,360.889720843,2762306.0
2023-04-24,362.479543401,363.063755305,363.42769059,361.28238786,2310373.0
2023-04-25,361.234501638,357.326985952,361.732518344,357.250367997,3795428.0
2023-04-26,357.863311634,355.737163393,358.840190556,355.296610154,3766896.0
2023-04-27,358.083588254,362.795592464,363.102064283,357.872888879,4302377.0
2023-04-28,362.058144651,365.898619627,365.965660337,362.019835674,3386907.0
2023-05-01,365.592147809,365.649611275,367.421401476,365.391025678,3069297.0
2023-05-02,364.950472438,361.550550701,364.99835866,358.830613312,4311590.0
2023-05-03,361.933640475,359.031735443,364.126829426,358.763572601,5513039.0
2023-05-04,358.035702032,356.407570496,358.294287629,355.239146688,4421484.0
2023-05-05,359.855378455,362.948828374,364.021479738,359.558483881,3139394.0
2023-05-08,363.370227124,363.149950504,363.571349255,361.904908742,2957618.0
2023-05-09,361.742095588,361.579282434,362.575315845,361.378160303,2271049.0
2023-05-10,364.203447381,363.159527749,364.730195819,359.759606012,3512947.0
2023-05-11,362.469966157,362.651933799,362.862633175,360.746062178,2676622.0
2023-05-12,363.791625875,362.163494338,363.944861784,359.946362276,2531015.0
2023-05-15,362.728551754,363.418113346,363.78204863,360.975916042,3882561.0
2023-05-16,362.393348202,361.014225019,363.245722948,360.975916042,2277616.0
2023-05-17,362.833901442,365.323984967,365.936928604,361.330274082,3222645.0
2023-05-18,365.142017325,368.896297102,369.269809631,364.893008973,3340620.0
2023-05-19,369.700785626,368.312085198,370.198802331,367.229856589,3649043.0
2023-05-22,368.398280397,368.513207329,369.901907757,367.258588322,2784012.0
2023-05-23,366.990425481,364.394992267,367.871531959,364.011902494,2887264.0
2023-05-24,362.891364908,361.665477633,363.216991215,360.650289734,3611592.0
2023-05-25,364.883431728,364.816391018,366.118896247,362.900942152,3315872.0
2023-05-26,365.50595261,369.557126961,370.227534064,365.405391544,3042792.0
2023-05-30,371.36722614,369.672053893,371.846088356,368.494052841,3968451.0
2023-05-31,368.063076846,367.660832584,368.877142614,366.252977667,4205348.0
2023-06-01,367.957727158,371.185258497,372.14298293,366.779726106,3563555.0
2023-06-02,373.589146824,376.634710521,377.305117624,373.07197563,7368902.0
2023-06-05,376.902873362,375.906839952,378.080874415,375.226855605,3481154.0
2023-06-06,375.475863957,376.682596743,377.142304471,374.86292032,2894663.0
2023-06-07,377.027377539,375.447132224,378.071297171,374.987424496,3942893.0
2023-06-08,375.389668758,377.697784642,378.042565438,374.747993388,3460351.0
2023-06-09,378.349037256,378.329882767,380.14955919,377.420044556,3062868.0
2023-06-12,379.239720979,381.806422459,381.83036557,378.588468364,3797245.0
2023-06-13,383.107969964,384.325237718,384.861563401,382.51513854,3913085.0
2023-06-14,384.631709537,384.622132292,386.380514351,381.614877573,5161278.0
2023-06-15,384.047497633,389.554413122,390.684527953,383.942147945,5284984.0
2023-06-16,391.412398522,388.117826473,391.479439233,387.773045677,5141885.0
2023-06-20,386.432231471,386.326881783,387.22714275,384.296505985,4246881.0
2023-06-21,385.30211664,384.210310786,386.020409964,383.73144857,3423543.0
2023-06-22,383.357936041,385.608588458,385.694783657,383.041886978,3141021.0
2023-06-23,382.448097829,382.716260671,384.315660474,382.065008056,4215307.0
2023-06-26,382.170357744,381.136015356,383.913416212,380.915738737,3250700.0
2023-06-27,381.94050388,385.359580106,385.895905788,381.547836862,4302361.0
2023-06-28,384.382701184,385.531970504,386.427442849,383.769757547,4320672.0
2023-06-29,385.172565908,387.009010244,387.162848513,384.778355344,3914849.0
2023-06-30,389.787713977,391.595313637,392.499113467,389.681950167,5173692.0
2023-07-03,391.249177532,392.345275198,392.345275198,391.018420129,2372019.0
2023-07-05,390.374222377,391.470320044,392.133747579,390.374222377,4234124.0
2023-07-06,388.230101504,388.278175963,388.778150337,386.095595522,6040271.0
2023-07-07,387.508984618,387.374376133,391.017458639,387.20130808,3673249.0
2023-07-10,387.124388946,388.412784448,388.547392933,386.576340112,3362277.0
2023-07-11,389.181975793,390.903041427,391.326096667,388.220486612,3181871.0
2023-07-12,394.393247154,393.979806806,395.297046984,393.0471623,4246359.0
2023-07-13,395.691257548,397.191180671,397.873837989,395.297046984,3273427.0
2023-07-14,397.998831583,396.873889241,398.739178252,396.210461706,3680945.0
2023-07-17,396.758510539,398.258433662,399.257901665,396.739280756,2968267.0
2023-07-18,397.969986907,401.27750969,401.835173415,397.61423591,3597284.0
2023-07-19,401.9697819,402.142849953,403.219717835,401.412118175,3494916.0
2023-07-20,401.229435231,399.517984489,402.056315926,398.844942062,4084997.0
2023-07-21,401.046752286,399.566058948,401.229435231,399.479524921,3176713.0
2023-07-24,400.53716302,401.258279906,401.998626576,399.993921633,3471126.0
2023-07-25,401.017907611,402.440911599,403.488934806,401.005792847,3949308.0
2023-07-26,401.537111769,402.537060517,403.71969221,400.53716302,6138837.0
2023-07-27,405.546521653,399.806431243,405.892657759,398.94109098,4149443.0
2023-07-28,402.796662596,403.700462426,404.421579312,402.056315926,2702729.0
2023-07-31,404.133132557,404.479268663,404.758100525,402.912041298,3454537.0
2023-08-01,403.113954026,403.229332727,403.902375154,402.431296707,3137275.0
2023-08-02,400.421784319,397.643080586,400.652541722,396.979653051,4979068.0
2023-08-03,395.825866034,396.518138244,398.239203878,395.258587417,3028199.0
2023-08-04,398.200744311,394.575930098,400.103050655,394.239408885,5717266.0
2023-08-07,396.412374434,398.133440068,398.287278337,395.787406466,2597977.0
2023-08-08,395.902785168,396.412374434,396.845044565,393.369261176,3780086.0
2023-08-09,396.768125431,393.777894078,396.835429674,393.104851651,3145934.0
2023-08-10,395.941244735,394.008651481,399.066084574,392.88370914,4588326.0
2023-08-11,392.239511388,393.643285593,394.604774774,391.653002988,2918862.0
2023-08-14,392.826019789,395.864325601,395.883555384,392.585647494,2772912.0
2023-08-15,394.297098236,391.326096667,395.857114432,390.75881805,4686119.0
2023-08-16,390.931886102,388.432014232,392.393349657,388.31663553,3353653.0
2023-08-17,389.720409734,385.28794461,389.960782029,384.951423396,7102504.0
2023-08-18,382.836147198,385.643695607,386.537880545,382.52847066,4157667.0
2023-08-21,386.653259247,388.191641936,388.816609904,384.586057508,3292434.0
2023-08-22,389.739639518,387.105159162,389.787713977,386.576340112,2648051.0
2023-08-23,388.018573884,391.278022207,391.970294418,387.932039858,3249964.0
2023-08-24,392.864479356,386.076365738,393.325032674,385.941757253,3458791.0
2023-08-25,387.557059077,388.63392696,390.172309649,384.316840537,4417835.0
2023-08-28,390.710743591,391.191488181,391.749151906,389.499267223,3236711.0
2023-08-29,391.114569047,396.748895647,397.075801969,390.912656319,3482664.0
2023-08-30,397.123876428,398.402657039,399.046085599,396.518138244,3004516.0
2023-08-31,399.000703309,397.893067773,400.094877997,397.729614612,4751131.0
2023-09-01,400.421784319,398.739178252,400.825609775,397.296944481,3587971.0
2023-09-05,398.24881877,396.998882834,398.508420849,396.873889241,4426687.0
2023-09-06,396.22969149,394.258638669,396.258536165,392.124132687,3744068.0
2023-09-07,391.489549827,393.085621868,393.662515376,391.186680735,2245759.0
2023-09-08,393.076006976,393.624055809,395.018215122,392.758715546,4125223.0
2023-09-11,396.01816387,396.210461706,396.49890846,394.489396072,3346563.0
2023-09-12,394.883606636,394.085570616,396.277765949,393.527906891,7595296.0
2023-09-13,394.239408885,394.547085423,395.556649063,393.239460137,2529748.0
2023-09-14,396.777740323,397.960372015,398.546880416,395.575878847,3660901.0
2023-09-15,396.460448893,392.999087841,396.777740323,392.749100654,4004030.0
2023-09-18,392.845249572,393.431757973,394.537470531,392.441424116,3014571.0
2023-09-19,392.499113467,392.643336844,393.061584638,390.085775623,3629773.0
2023-09-20,393.691360052,388.970448173,394.056725941,388.758920553,4009415.0
2023-09-21,386.326352925,382.595774903,386.566725221,382.374632391,4633139.0
2023-09-22,383.437077936,381.672745289,384.909117873,381.283342171,7206528.0
2023-09-25,380.518958272,383.259202438,383.287277922,380.143977491,3227900.0
2023-09-26,380.480498705,377.634490729,381.095851781,376.865299384,5734734.0
2023-09-27,378.672899045,377.721024755,379.201718094,374.45196154,4837698.0
2023-09-28,377.250511257,379.923993275,381.497197495,376.729327037,4065775.0
2023-09-29,382.800158045,379.01674667,382.91597676,377.665528321,5766585.0
2023-10-02,378.244621899,378.987791991,380.039715475,376.381870891,5886153.0
2023-10-03,376.970616028,373.891768506,378.273576578,372.579156396,6886663.0
2023-10-04,374.219921533,376.642463001,377.231208138,372.936264103,4333740.0
2023-10-05,376.304658414,376.323961533,377.172237109,373.467099882,3329091.0
2023-10-06,374.181315295,380.811936761,382.283799604,372.946301725,4897219.0
2023-10-09,379.113262266,383.350296943,383.832874925,378.640335844,2959502.0
2023-10-10,383.910087402,385.328866668,387.683847217,383.540915246,3289640.0
2023-10-11,386.32297731,386.959980245,387.114405199,384.122421714,4181784.0
2023-10-12,387.490816025,384.633954374,387.799665933,382.39479254,3872929.0
2023-10-13,385.879005567,382.607126852,386.988934924,381.197999146,3772219.0
2023-10-16,384.682212172,386.612524098,387.60663474,384.460226301,5150941.0
2023-10-17,383.774965567,386.622175658,388.475275107,383.463702769,4214609.0
2023-10-18,384.991062081,381.448939696,385.879005567,380.483783733,7329261.0
2023-10-19,382.172806669,378.21566722,383.746010888,377.506277588,6708903.0
2023-10-20,377.742740798,373.505706121,378.167409422,373.360932726,7549614.0
2023-10-23,372.048320617,372.849400066,376.352916212,370.475116397,5537131.0
2023-10-24,374.750757313,375.638700799,376.66176612,373.081037497,4451513.0
2023-10-25,374.094451258,370.339994562,374.171663735,369.770552544,5471214.0
2023-10-26,369.297626122,365.794109977,370.037997261,364.973727408,6959401.0
2023-10-27,367.2707986,364.172647959,367.618254747,362.84555851,5638752.0
2023-10-30,366.672401903,368.554456031,369.461702636,365.514214747,5795761.0
2023-10-31,369.027382453,370.783966305,371.083164654,367.299753279,4523160.0
2023-11-01,371.671909791,374.866576029,375.522882084,371.218286489,5549159.0
2023-11-02,378.273576578,381.989427036,382.114511248,378.263925018,4752164.0
2023-11-03,384.054860796,385.52189786,386.882767768,383.977648319,5981435.0
2023-11-06,386.178203915,386.265067952,386.76984452,384.576045016,4007105.0
2023-11-07,386.31332575,387.35569419,388.031303364,385.319215108,3358578.0
2023-11-08,387.983045566,387.674195658,388.477784513,385.637716576,3731858.0
2023-11-09,388.774473456,384.74977309,388.842034373,384.334756026,4145615.0
2023-11-10,386.631827218,390.75304318,390.993367014,385.232351071,3994439.0
2023-11-13,389.527295107,390.357329235,391.361091436,388.784125015,2872941.0
2023-11-14,395.752551068,397.856591067,399.10164226,395.603530987,6973115.0
2023-11-15,399.130596939,398.725231434,400.269480975,398.001364462,4414807.0
2023-11-16,398.358472168,399.285021893,399.526310883,397.402967765,3798889.0
2023-11-17,399.516659324,399.87376703,400.337041892,398.483942443,4700139.0
2023-11-20,399.564917122,402.885053635,403.628223726,399.555169047,3524412.0
2023-11-21,401.890942993,401.833033635,402.315611616,400.829271433,5248187.0
2023-11-22,403.502753451,403.570314368,404.699546845,402.527945928,3694064.0
2023-11-24,403.618572166,403.79230024,403.908118955,403.280767579,1351272.0
2023-11-27,403.232509781,403.087736387,403.944119273,402.692022442,3632552.0
2023-11-28,402.711325561,403.483450332,404.641637487,402.190141341,3382442.0
2023-11-29,405.422834724,403.222858222,406.446479138,402.822318497,4092618.0
2023-11-30,403.956376754,404.786410882,405.075957671,402.055019506,4405690.0
2023-12-01,404.236271983,407.160694551,407.652924092,403.676481524,4973625.0
2023-12-04,404.062543909,405.114563909,405.240034184,402.952614552,5806079.0
2023-12-05,403.763345561,404.989093634,405.819127762,403.435192534,3419283.0
2023-12-06,406.91940556,403.300070699,406.977314918,402.914008313,4201801.0
2023-12-07,405.182124827,406.456130698,406.977314918,404.670592166,3248251.0
2023-12-08,405.722612166,408.183759871,408.618080055,405.510277854,5125278.0
2023-12-11,407.69153033,409.766615651,409.911389045,407.508150697,5247086.0
2023-12-12,409.438462623,411.803094733,411.803094733,408.525328567,5982557.0
2023-12-13,412.005777485,417.410650878,417.536121153,411.648669779,8659116.0
2023-12-14,419.090022253,418.636398951,420.194353706,416.213857484,8349143.0
2023-12-15,418.095911611,417.999396015,419.118976932,417.179013447,5326041.0
2023-12-18,419.495387758,420.364028125,421.194062253,419.312008125,4280475.0
2023-12-19,420.846606106,422.921691426,422.950646105,420.759742069,4061508.0
2023-12-20,422.069915336,416.817179599,423.809520622,416.633043106,5783234.0
2023-12-21,419.763363481,420.877873831,421.226764028,417.558765094,4621606.0
2023-12-22,422.021458365,421.856704661,423.356932506,420.102562283,4037829.0
2023-12-26,422.220713432,423.610847038,424.405541375,422.137755097,3835837.0
2023-12-27,423.412173454,424.386158586,424.502455318,422.951832222,4271009.0
2023-12-28,424.725357388,424.453998346,425.297149655,424.153565122,4703655.0
2023-12-29,424.357084403,423.320105208,424.812579937,421.517505858,4376885.0
2024-01-02,420.51929224,420.616206184,421.837321872,419.017126116,9076041.0
2024-01-03,418.978360539,417.495577203,419.637375355,416.972241908,4805049.0
2024-01-04,417.049773063,416.177547572,419.424164679,415.964336896,3945259.0
2024-01-05,416.332609881,416.710574261,418.95897775,415.411927418,5724608.0
2024-01-08,417.166069795,422.670781786,422.806461307,417.08853864,7222362.0
2024-01-09,420.238241804,421.643493985,422.961523617,419.795635824,7939567.0
2024-01-10,422.321891589,424.424924163,425.195390014,422.040841153,4278841.0
2024-01-11,425.394063598,424.279553248,425.796256464,420.60651479,4796587.0
2024-01-12,425.558817302,424.473381135,426.227523513,423.252265447,5182669.0
2024-01-16,423.310413813,423.029363377,424.463689741,421.323677971,5730839.0
2024-01-17,420.218859016,420.67435455,421.071701718,418.484099427,6044611.0
2024-01-18,422.137755097,424.415232769,424.861036909,420.761577099,4331285.0
2024-01-19,425.452211965,429.609820141,429.91994476,424.783505754,4836802.0
2024-01-22,431.044146504,430.58865097,432.158656855,429.98778452,5870412.0
2024-01-23,431.102294871,431.867915024,432.061742911,430.084698464,3251586.0
2024-01-24,434.484591499,432.226496615,435.327355151,431.993903151,4568204.0
2024-01-25,434.3101464,434.659036597,434.91101285,432.342793347,4167055.0
2024-01-26,434.271380823,434.39736895,435.637867426,433.360389754,6404023.0
2024-01-29,434.39736895,437.556763508,437.672866412,433.894579411,4543252.0
2024-01-30,436.926822875,437.246638888,437.866888127,436.539167101,3409953.0
2024-01-31,435.182371892,430.123464041,435.594256152,430.055624281,7108043.0
2024-02-01,431.606247377,435.783238342,435.783238342,430.9280436,6138360.0
2024-02-02,436.122437144,440.260662531,441.811285627,435.812312525,6253482.0
2024-02-05,439.727635842,438.651891069,440.134674405,436.636081044,7101857.0
2024-02-06,439.582264927,440.018377673,440.270353926,438.254543901,4383601.0
2024-02-07,442.072953275,443.633267765,444.040306328,441.220110572,6763415.0
2024-02-08,443.681724737,443.93370099,444.185677243,442.925795978,4184592.0
2024-02-09,444.389196524,446.453463521,446.802353718,444.030614933,4002594.0
2024-02-12,446.395315155,446.24994424,448.459582151,445.561855241,4564233.0
2024-02-13,440.454490418,439.960229306,441.636840529,437.077039487,8152242.0
2024-02-14,442.484837535,444.146911666,444.515184651,440.376959264,5624009.0
2024-02-15,444.738086721,447.151243914,447.296614829,444.282591187,5695711.0
2024-02-16,446.850810689,444.864074848,447.887789885,444.253517004,5527893.0
2024-02-20,443.323143146,442.421843471,443.924009596,440.406033447,5306784.0
2024-02-21,441.268567544,442.867647611,443.013018527,439.601647716,4223078.0
2024-02-22,448.92476908,452.171386187,452.907932158,448.047697892,4328536.0
2024-02-23,453.644478129,452.374905469,454.400406888,451.706877656,4050621.0
2024-02-26,452.772252637,450.717677035,453.159908411,450.591688908,3450804.0
2024-02-27,451.337926273,451.551136949,451.735273442,449.59347529,3586943.0
2024-02-28,450.155576163,450.853356556,451.454223006,449.787303177,2800602.0
2024-02-29,452.559041961,452.520276384,454.032133903,450.136193374,7332921.0
2024-03-01,453.392501876,456.881403842,457.210911249,453.004846102,4839421.0
2024-03-04,456.086709505,456.338685758,458.015296981,456.077018111,3970242.0
2024-03-05,454.477938043,451.764347625,454.894668,449.738846206,4616503.0
2024-03-06,454.768679873,454.158122029,456.135166477,452.89814385,5325050.0
2024-03-07,457.075231729,458.654929008,459.556228682,456.251463209,7149802.0
2024-03-08,459.149190119,455.873498829,461.600531406,455.321089351,6285625.0
2024-03-11,454.720222902,455.49553445,455.936492892,452.966080524,5323866.0
2024-03-12,457.356282165,460.370305808,460.874258314,455.078804492,4811036.0
2024-03-13,460.641664849,459.672525414,460.796727159,458.306038811,3544526.0
2024-03-14,460.496293934,458.664620402,460.656201941,455.931647195,5152980.0
2024-03-15,455.892881618,455.505225844,457.221959439,454.255132887,6807087.0
2024-03-18,459.323635218,458.354495783,460.611621527,457.918383037,3939105.0
2024-03-19,457.627641207,460.922715286,461.058394806,456.745724321,4550248.0
2024-03-20,460.864566919,464.944643941,465.206311588,460.273391864,6179356.0
2024-03-21,467.726074119,466.495267037,468.322094872,466.359587516,5044680.0
2024-03-22,466.556421937,465.88556539,466.993937076,465.535553279,5881503.0
2024-03-25,464.475794386,464.679968118,465.506385603,464.30078833,6081277.0
2024-03-26,465.768894686,463.377145259,466.070294005,463.211861761,8073502.0
2024-03-27,466.206409826,467.421729657,467.528677802,464.203562744,4951429.0
2024-03-28,467.528677802,467.363394305,468.782693417,467.172248802,4065018.0
2024-04-01,468.082863645,466.75087311,468.588436695,465.545275837,5733960.0
2024-04-02,463.114636175,463.697989694,463.756325046,461.539581674,4817822.0
2024-04-03,462.638230801,464.116059716,465.518052673,462.589618008,6224812.0
2024-04-04,467.849522238,458.39919523,468.12175388,458.195021498,6871190.0
2024-04-05,459.731185765,463.270197113,465.059147905,459.313115743,5588160.0
2024-04-08,463.911885984,463.454925728,464.80636138,462.764624064,4736778.0
2024-04-09,465.107760698,464.028556688,465.321656989,459.62423762,5254191.0
2024-04-10,458.817265252,459.536734592,461.228459797,457.611667979,6933388.0
2024-04-11,460.829834892,462.852127091,464.184117626,457.611667979,5109901.0
2024-04-12,459.653405296,456.542186528,460.897892803,454.928241792,6959723.0
2024-04-15,460.333984401,450.747541572,460.450655105,450.008627115,9530044.0
2024-04-16,451.175334153,449.940569204,452.594827716,448.783584725,6761419.0
2024-04-17,452.20592537,447.227975341,452.332318632,446.002932951,7156229.0
2024-04-18,448.559965876,446.207106683,450.446142254,445.497359901,5637286.0
2024-04-19,446.255719476,442.473644161,447.179362548,441.306937123,9787454.0
2024-04-22,444.85567103,446.314054828,448.91960332,442.716708127,5818088.0
2024-04-23,448.38495982,451.943416286,452.225370487,447.889109329,4257400.0
2024-04-24,452.653163068,451.612849292,453.372632408,449.61000221,7687837.0
2024-04-25,446.041823186,449.746118031,450.601703192,444.573716829,4876228.0
2024-04-26,452.41982166,454.247662686,455.628266014,451.91424861,4907113.0
2024-04-29,455.832439746,455.832439746,456.396348148,453.275406821,3253205.0
2024-04-30,454.451836418,448.628023786,455.346311814,448.559965876,4364836.0
2024-05-01,447.986334916,447.169639989,454.111546865,446.693234615,6115377.0
2024-05-02,450.504477606,451.34061765,452.050364431,446.421002973,3972424.0
2024-05-03,456.726915142,456.940811432,457.932512415,454.471378761,4586859.0
2024-05-06,459.11866457,461.549304232,461.63680726,458.729762224,4782542.0
2024-05-07,462.50211498,462.210438221,463.416035493,461.539581674,3451302.0
2024-05-08,460.450655105,462.229883338,462.657675918,460.363152077,3214878.0
2024-05-09,462.395166835,464.884141849,464.884141849,461.763200523,3486049.0
2024-05-10,466.381415881,465.45777281,467.061994987,464.339678565,3347159.0
2024-05-13,467.023104752,465.486940486,467.091162663,464.475794386,3108442.0
2024-05-14,465.691114217,467.693961299,468.112031321,465.204986285,3257724.0
2024-05-15,469.930149789,473.391380668,473.712225103,469.34193499,4399485.0
2024-05-16,473.537219048,472.487182714,475.015047963,472.351066892,3347381.0
2024-05-17,472.603853417,473.187206936,473.226097171,471.252417765,3274035.0
2024-05-20,473.274709964,473.653889752,475.053840972,472.953865529,2599585.0
2024-05-21,473.031645998,474.927544935,475.024770521,472.856639942,2453576.0
2024-05-22,474.256688388,473.546941606,474.878932141,471.485759173,3250581.0
2024-05-23,476.317870822,470.027375375,476.395651291,468.90928113,3811307.0
2024-05-24,471.71910058,473.226097171,473.877508601,470.892683095,2555241.0
2024-05-28,473.877508601,473.605276958,474.115711287,471.082272989,4034716.0
2024-05-29,469.784311409,470.270439341,471.232972648,469.56069256,5604961.0
2024-05-30,468.743997633,467.11060778,469.356907731,465.905010508,3393589.0
2024-05-31,467.888412472,471.174637296,471.456591497,463.255613275,5333971.0
2024-06-03,472.808027149,471.689932904,472.914975294,467.071717546,4211256.0
2024-06-04,470.57183866,472.263563865,472.914975294,469.171790214,2560269.0
2024-06-05,474.334468857,477.91237044,477.91237044,472.574685741,3026146.0
2024-06-06,478.194324641,477.805422295,478.524891635,476.055458964,21343964.0
2024-06-07,476.940114575,477.183178542,479.837437053,475.958136152,3063587.0
2024-06-10,476.570657347,478.748510484,479.020742126,475.977581269,3465222.0
2024-06-11,477.367907156,479.837437053,479.963830315,475.539093874,4028423.0
2024-06-12,484.115362859,483.833408658,486.273770879,482.929210704,3698787.0
2024-06-13,485.447353394,484.747329171,485.593191774,482.297244391,8808879.0
2024-06-14,483.463951429,485.136231517,485.194566869,482.52086324,5812046.0
2024-06-17,484.650103585,488.986364743,490.191962015,484.095917742,4609539.0
2024-06-18,489.093312888,490.289187602,490.362301243,488.684965424,3431665.0
2024-06-20,491.125327646,488.928029391,491.708681165,487.284916979,4810867.0
2024-06-21,488.169669816,487.858547939,489.254415685,486.954349985,4347838.0
2024-06-24,488.101611905,486.546002521,490.444262412,486.546002521,7022844.0
2024-06-25,487.790490029,488.568294721,488.879416597,486.439054376,6336724.0
2024-06-26,487.557148621,489.112758005,489.793337111,486.993240219,3202700.0
2024-06-27,489.044700095,489.87111758,490.483638775,488.383566106,3619655.0
2024-06-28,490.752671092,487.981655751,493.445629662,486.888860969,5598571.0
2024-07-01,489.308620844,489.103721822,489.493908102,486.488820022,4368526.0
2024-07-02,487.552343515,492.27477811,492.35283488,487.474286745,4210083.0
2024-07-03,491.972308125,494.499396059,494.821380236,491.972308125,2131086.0
2024-07-05,494.81162314,497.455796229,497.709480732,494.187168979,3156922.0
2024-07-08,498.099764583,497.933893946,498.78763987,496.948427223,3143379.0
2024-07-09,498.792518418,498.480291338,499.57308612,498.138792968,3145823.0
2024-07-10,499.543814831,503.280782702,503.646673812,499.260859039,3446923.0
2024-07-11,503.466167532,498.968146151,504.236978137,498.416870212,5546308.0
2024-07-12,500.041426741,502.051388572,505.446858074,499.72919966,5238170.0
2024-07-15,504.032079115,503.57349559,506.510381568,501.846489551,7771524.0
2024-07-16,504.763861335,506.432324798,506.783580263,504.051593308,4164300.0
2024-07-17,501.085436042,499.358430002,502.597785963,499.134016788,4984306.0
2024-07-18,500.782966057,495.601947938,501.700133107,493.58320472,5055850.0
2024-07-19,495.30923505,492.294292302,496.831342068,491.328339772,4039437.0
2024-07-22,495.923932115,497.407010748,497.92413685,494.138383497,4342929.0
2024-07-23,497.280168496,496.577657565,499.221830654,496.138588233,3116045.0
2024-07-24,492.177207147,485.21064041,492.440648746,484.483736738,6157402.0
2024-07-25,485.464324913,482.761609247,490.918541728,481.922498967,5646601.0
2024-07-26,486.254649711,488.176797676,490.669735773,485.581410069,3635984.0
2024-07-29,489.630605021,488.537810238,490.552650618,486.659178923,3096178.0
2024-07-30,489.855018235,485.981451016,490.791699477,482.893330046,3817800.0
2024-07-31,492.225992628,493.640771588,496.297824044,491.079533817,5367587.0
2024-08-01,495.504376975,486.908375161,497.514338807,483.708047585,6939217.0
2024-08-02,480.449177431,478.009903363,481.532215117,473.999736796,8561166.0
2024-08-05,458.749395326,463.65721475,469.491958319,457.500487004,15244276.0
2024-08-06,465.794018833,468.282078382,475.033989001,464.379239874,8255040.0
2024-08-07,473.902165833,465.032965324,476.68293827,464.54511051,5976351.0
2024-08-08,469.794428304,475.882856376,476.409739575,467.989365494,4177234.0
2024-08-09,475.102288675,477.922089497,479.278325878,474.019250989,7661331.0
2024-08-12,479.014884279,478.166016903,480.390634853,476.126783783,3578134.0
2024-08-13,481.161445458,486.108293267,486.274163904,480.94678934,3247887.0
2024-08-14,486.801047102,487.659671574,488.684166682,484.418364193,3700503.0
2024-08-15,492.821175501,496.031260174,496.236159195,492.231554173,4278953.0
2024-08-16,494.528667348,497.075269475,497.719237828,494.343282519,3449286.0
2024-08-19,497.475310422,501.856246647,501.856246647,496.69474272,3804313.0
2024-08-20,501.436691507,501.026893464,502.958700954,499.80725643,3155981.0
2024-08-21,501.973331802,502.783170793,504.110038314,500.392682206,3344050.0
2024-08-22,504.49066264,498.714461648,505.056574224,497.709480732,3677087.0
2024-08-23,501.836732454,504.110135885,504.978517453,499.80930542,5102791.0
2024-08-26,505.06633132,502.870984659,505.700542577,501.392784574,3398640.0
2024-08-27,501.768432781,503.544224302,504.041836211,500.695152191,3031778.0
2024-08-28,503.271025606,500.665880902,503.690580746,497.76802331,3940428.0
2024-08-29,502.480700808,500.743937672,505.505400652,499.690171275,3487145.0
2024-08-30,502.900255948,505.456615171,505.983498369,499.680414179,5637725.0
2024-09-03,502.60754306,495.23117828,502.910013044,492.830932597,5866441.0
2024-09-04,493.396844181,494.00178415,497.153326245,492.752875827,3601373.0
2024-09-05,494.060326727,492.782147116,496.577657565,490.62582884,3425569.0
2024-09-06,493.065102908,484.576429153,494.626238311,483.756833066,7411439.0
2024-09-09,488.440239276,490.030645968,491.142954942,486.635176466,3656797.0
2024-09-10,491.708866526,492.050364896,492.445527295,487.366665973,2975385.0
2024-09-11,492.060121992,497.085026571,498.041222005,484.195902398,4945832.0
2024-09-12,497.699723636,501.358634737,501.651152483,495.719033093,4099538.0
2024-09-13,501.934303417,504.022322019,504.959003261,501.739161492,4416641.0
2024-09-16,503.797908805,504.783375528,505.017545838,502.148959535,4256253.0
2024-09-17,506.822608648,505.017545838,508.086152615,502.978312718,8149957.0
2024-09-18,505.593214518,503.378353665,510.032693321,502.949041429,6921278.0
2024-09-19,512.130469019,512.159740308,513.808689578,509.505810123,5558371.0
2024-09-20,510.79374683,511.154759392,512.169497404,508.461800822,5612678.0
2024-09-23,512.247554175,512.413424811,513.057393165,511.105973911,29289155.0
2024-09-24,513.233020898,513.886746348,514.042859888,510.666904579,4650608.0
2024-09-25,513.818446674,512.842737047,514.491686317,511.906055805,35418049.0
2024-09-26,516.804118133,514.881970167,517.048045539,512.725651892,5273915.0
2024-09-27,515.888711317,514.215050848,516.554260509,513.177577107,5598594.0
2024-09-30,513.177577107,516.456385628,516.735329039,511.092842138,8017349.0
2024-10-01,515.839773876,511.631153984,515.898498805,509.174494466,9198657.0
2024-10-02,510.760067542,511.719241377,512.717565166,508.538405613,3270583.0
2024-10-03,510.476230386,510.750280054,512.624584029,508.773207453,4007952.0
2024-10-04,514.978474921,515.458061839,515.8201989,511.200504507,5358175.0
2024-10-07,513.980151133,510.81879247,514.547923319,509.742168777,3970505.0
2024-10-08,513.177577107,515.653811602,516.172548472,512.375003082,2626667.0
2024-10-09,515.673386578,519.177307325,519.744981636,515.125287243,2941785.0
2024-10-10,518.022383727,518.306220882,519.61774429,516.867460129,3637633.0
2024-10-11,518.247495954,521.38927964,522.093978785,518.139833584,5429168.0
2024-10-14,522.896552811,525.65662446,526.547285879,522.622503143,2638929.0
2024-10-15,525.960036592,521.653541819,526.185148819,520.518193197,4811330.0
2024-10-16,521.604604379,523.845939158,524.345101052,520.904798978,3237216.0
2024-10-17,527.173685119,523.924239063,527.310709953,523.777426741,3225297.0
2024-10-18,525.490237162,525.940461616,526.664735737,524.178713754,5070412.0
2024-10-21,525.314062376,525.128100102,526.185148819,522.368028452,3671431.0
2024-10-22,522.759527977,524.765963041,525.862161711,522.133128737,3366595.0
2024-10-23,522.925915275,519.979881351,523.356564752,516.798947712,5227754.0
2024-10-24,521.839504094,521.154379925,521.849291582,518.776020312,4477762.0
2024-10-25,523.288052335,520.948842675,525.84268461,520.12082118,4327190.0
2024-10-28,524.14935129,522.573565703,524.188501242,522.329661499,3407971.0
2024-10-29,521.790566653,523.405502193,524.433188445,520.449680781,3027611.0
2024-10-30,522.994427692,521.829716605,524.805112994,521.271829783,3067015.0
2024-10-31,517.846208941,511.562641568,517.983233774,511.406041758,7972774.0
2024-11-01,513.999726109,513.784401371,517.836421452,513.392999721,6106942.0
2024-11-04,513.901851228,512.668627725,515.095924779,510.936340203,3681461.0
2024-11-05,513.569076632,518.834745241,518.903257658,513.334176917,3300279.0
2024-11-06,530.139294019,531.754229559,532.576378561,526.733248154,7483337.0
2024-11-07,533.633427278,535.894337034,536.819254661,533.564914861,6051276.0
2024-11-08,536.422861392,538.262909159,539.525495126,536.413073904,6797976.0
2024-11-11,539.711457401,538.703346124,540.005082044,537.186285466,4893129.0
2024-11-12,538.693558636,537.088410585,539.231870483,534.817713341,4818613.0
2024-11-13,537.489697597,537.362460252,539.173145554,535.346237699,3701570.0
2024-11-14,537.430972669,533.946626898,537.89098461,533.300652682,3940282.0
2024-11-15,530.609093449,527.056235262,531.039742926,525.343424841,7360114.0
2024-11-18,527.467309763,529.238845112,530.413343687,526.708779433,4504246.0
2024-11-19,526.07748645,531.166980272,531.822741976,525.490237162,6978373.0
2024-11-20,531.245280177,531.362730034,531.529117332,526.018761521,3949060.0
2024-11-21,533.98577685,534.044501779,535.44411258,528.563508432,4530619.0
2024-11-22,534.220676565,535.835612105,536.402894917,533.7802396,5574588.0
2024-11-25,539.486345174,537.558210014,540.641268772,535.571252051,4305001.0
2024-11-26,538.801221006,540.572756355,541.071820374,538.165034278,4438574.0
2024-11-27,540.308494176,538.850158446,540.641268772,537.440760157,3312219.0
2024-11-29,539.574432567,541.688530001,542.911966016,539.359107828,3988727.0
2024-12-02,542.57919142,543.215378148,543.763477482,542.119179478,5441011.0
2024-12-03,543.009840897,543.342615493,543.626550524,542.021304597,4202906.0
2024-12-04,544.996700985,546.768236335,547.00313605,544.351705518,5490321.0
2024-12-05,546.758448847,545.85799994,547.52187292,545.613312737,3021561.0
2024-12-06,546.601849037,546.944411121,548.060184767,546.220137,5134880.0
2024-12-09,546.836748752,544.096252078,546.988454818,543.577515208,4412276.0
2024-12-10,544.752013782,542.549828955,545.045638426,541.805979858,4110113.0
2024-12-11,545.084788379,546.660573966,547.502297944,544.830313687,3514417.0
2024-12-12,545.818849988,543.841777387,546.337586858,543.812414923,4048602.0
2024-12-13,545.662250178,543.802627435,546.298436905,542.426898105,4666863.0
2024-12-16,545.290325629,545.936299845,546.923172272,544.590520228,22846779.0
2024-12-17,543.665602601,543.646027625,544.561157764,542.510679003,6110880.0
2024-12-18,543.499215303,527.682634501,545.681825154,527.085597726,24584930.0
2024-12-19,532.135941596,527.486884739,533.515977421,527.203047583,16792125.0
2024-12-20,525.206400007,533.457252492,537.861622146,524.46255091,9389413.0
2024-12-23,533.465599313,537.275296402,537.44221612,530.529776041,7063355.0
2024-12-24,538.129532605,542.803284704,542.881835159,537.618954645,3439250.0
2024-12-26,541.212637981,542.793465897,543.932447501,539.955928882,4496268.0
2024-12-27,539.415796313,537.167289526,539.661266486,533.357690625,7077135.0
2024-12-30,530.765427408,531.187636106,534.231466254,527.662684418,6505089.0
2024-12-31,532.621181917,529.047136195,533.225136732,527.662782606,6040750.0
2025-01-02,532.198973219,527.721597259,533.691333685,524.123004519,7142698.0
2025-01-03,530.402131551,534.535849269,535.007152001,529.430069665,6419663.0
2025-01-06,538.345546358,537.648411066,541.43847054,535.930119853,5983435.0
2025-01-07,539.366702278,531.600025997,539.641628872,529.783546715,5383235.0
2025-01-08,531.511656734,532.316798903,533.161216299,528.330363289,4316999.0
2025-01-10,528.948948126,524.216283185,528.988223353,522.360528676,7935202.0
2025-01-13,519.807638874,524.893780863,525.217801492,519.43452421,5621011.0
2025-01-14,527.584133962,525.561459735,528.159908801,522.178782559,8820003.0
2025-01-15,533.004115388,535.174071719,536.234502868,531.943684239,5307318.0
2025-01-16,536.45051662,534.378748358,536.607617531,533.544149769,3632752.0
2025-01-17,538.973950001,539.504165575,541.134087526,537.756417942,6558651.0
2025-01-21,542.312344357,544.41356904,544.41356904,540.525321496,5301678.0
2025-01-22,547.094103332,547.506493223,548.80247755,546.642438213,4780036.0
2025-01-23,546.946821228,550.540504565,550.540504565,546.711169862,6217878.0
2025-01-24,550.599417406,548.881126193,551.48311003,547.909064307,3612141.0
2025-01-27,537.020007422,541.242094402,541.399195313,536.921819353,7617385.0
2025-01-28,542.292706743,545.778383204,546.563887758,539.268514209,4164674.0
2025-01-29,545.110704332,543.382594313,545.434724961,540.98690361,4174471.0
2025-01-30,545.307080471,546.220229515,547.673412941,542.371257199,4296538.0
2025-01-31,548.498192723,543.304043857,550.727061896,542.695277828,6243322.0
2025-02-03,535.115158878,539.739816942,541.95876912,533.141578685,7824037.0
2025-02-04,539.739816942,543.323681471,543.794984204,539.278333016,4181413.0
2025-02-05,542.331981971,545.552550644,545.66055752,540.436952234,3424184.0
2025-02-06,547.192291401,547.51631203,547.545768451,544.148461253,3606299.0
2025-02-07,547.987614763,542.194518674,549.067683525,541.796856993,10161554.0
2025-02-10,545.375812119,546.072947411,546.687113785,544.197555288,3517552.0
2025-02-11,544.060091991,546.563887758,547.02046228,543.952085115,2752923.0
2025-02-12,541.016261843,544.757227283,545.842205449,540.41731462,3579483.0
2025-02-13,545.798020817,550.511048144,550.717243089,544.644311003,3388498.0
2025-02-14,550.736880703,550.530685758,551.679486168,549.921919728,3380570.0
2025-02-18,551.620573327,552.12133248,552.12133248,549.352428926,3844905.0
2025-02-19,550.854706386,553.456690223,553.702160396,550.374566727,3857561.0
2025-02-20,552.199882936,551.12963298,552.292670661,548.105440446,4446782.0
2025-02-21,550.933256842,541.752672362,551.031444911,541.276460226,6148694.0
2025-02-24,543.578970451,539.189963754,544.462663075,538.574619123,4772255.0
2025-02-25,539.229238981,536.509429462,539.80854859,532.344684314,5491494.0
2025-02-26,538.08043857,536.843268897,541.355010682,534.388567165,4180803.0
2025-02-27,538.885580739,528.222356413,539.916555466,527.859060556,5521351.0
2025-02-28,528.664202725,536.430879006,536.980732194,525.875661556,7328051.0
2025-03-03,538.266995902,527.191381685,539.337245857,523.588861422,7289998.0
2025-03-04,523.40132221,520.838613601,528.526641239,516.626345428,10477435.0
2025-03-05,520.642237463,526.680803725,528.045716076,517.382393562,6221745.0
2025-03-06,519.601443928,517.127104582,523.764618066,514.721496884,7228926.0
2025-03-07,515.389175755,519.91564575,521.260822299,510.70560485,7308280.0
2025-03-10,512.443533676,506.169316048,514.210918924,501.574114405,11176891.0
2025-03-11,505.01069683,502.015960717,508.15261686,498.333908118,11208914.0
2025-03-12,507.524311404,504.451024835,508.358909993,499.875460806,8590555.0
2025-03-13,504.205554662,497.862605385,504.745589043,496.262139856,21649997.0
2025-03-14,502.015960717,508.083983399,509.026588865,501.583933212,7412261.0
2025-03-17,508.074164592,511.962412137,514.348382221,507.710868736,6269843.0
2025-03-18,509.910281488,506.562068325,510.106657627,504.756193355,6010598.0
2025-03-19,508.162533855,511.883861681,515.448088597,507.061943786,5373949.0
2025-03-20,508.574923746,510.70560485,515.109339758,507.946520102,6029737.0
2025-03-21,506.444242642,510.83324934,511.510747018,505.329808055,5059011.0
2025-03-24,516.94054725,519.797820067,520.77970076,516.351418834,22376267.0
2025-03-25,520.976076898,521.03498974,521.967776398,519.522893473,6260199.0
2025-03-26,520.946620478,514.95714825,521.781219067,513.621790508,4429626.0
2025-03-27,513.619229639,513.540406837,516.957375297,511.589542492,5534928.0
2025-03-28,512.111743554,503.283589748,512.80144307,502.653007333,5831793.0
2025-03-31,497.874374972,506.347826169,507.746930902,495.24366396,8196668.0
2025-04-01,504.820634384,508.210014863,509.737206649,501.391842504,7697017.0
2025-04-02,502.633301633,511.274251284,513.816286644,502.426194721,6308643.0
2025-04-03,493.627796523,486.888446965,496.248654684,486.23815885,16226023.0
2025-04-04,474.197975869,458.669883906,476.188251615,457.408719077,30966508.0
2025-04-07,442.925029239,456.738725261,473.685627657,436.284208184,31285267.0
2025-04-08,472.621519832,450.019081405,475.390170747,442.98414634,19002684.0
2025-04-09,446.81690508,491.755754979,494.673380989,446.491761022,29286594.0
2025-04-10,481.952169,474.966498187,483.085246776,461.438534821,16651303.0
2025-04-11,473.616657705,483.331568032,485.745516339,470.966240994,11541195.0
2025-04-14,492.691775751,488.189023196,492.898685605,483.469507935,7701488.0
2025-04-15,488.730929958,486.819477014,491.923253433,486.159336048,8200583.0
2025-04-16,481.459526488,476.119281664,484.528689335,471.192856549,6374869.0
2025-04-17,477.6563263,476.779422629,480.976736827,474.414738574,5638939.0
2025-04-21,471.971231717,465.419086314,472.434315678,460.453249798,7762501.0
2025-04-22,471.035210945,477.163683788,479.321457989,470.168160125,6236319.0
2025-04-23,489.381218073,484.829201267,493.805147827,483.479360786,8047601.0
2025-04-24,486.001690444,495.017048405,495.598366569,484.980048404,6184333.0
2025-04-25,495.046606956,498.66260299,499.066569849,492.396190244,6933423.0
2025-04-28,499.352302506,498.968041347,501.253902601,493.588385122,4210016.0
2025-04-29,497.115705504,501.992866368,503.036972907,496.839825697,6525457.0
2025-04-30,495.854540674,502.239187624,503.973289264,490.435473048,7873686.0
2025-05-01,507.549873897,505.796066557,510.811167324,505.224601243,5784483.0
2025-05-02,511.481161139,513.047764326,514.722748865,509.283975538,6285390.0
2025-05-05,509.471179692,510.367789063,513.185704229,508.673098824,4793497.0
2025-05-06,505.342835446,506.022682112,510.205217034,504.406814674,4694270.0
2025-05-07,507.342964043,508.308543365,510.554993218,503.579175255,5467344.0
2025-05-08,511.894980849,511.697923844,516.515967607,508.7469952,5088200.0
2025-05-09,513.028058625,511.018077178,513.954817718,509.747059499,4739506.0
2025-05-12,526.634844793,528.033949526,528.033949526,522.585323348,7793576.0
2025-05-13,528.437916385,531.502152807,533.512134254,527.896009622,7356804.0
2025-05-14,532.418467878,532.162293772,533.453017152,530.319810779,5031301.0
2025-05-15,530.339516479,534.773299083,535.255004931,529.92569677,7362193.0
2025-05-16,535.472851449,538.221796663,538.428706518,533.728896959,7255342.0
2025-05-19,532.674641984,538.773556276,539.394285841,532.625377733,7766058.0
2025-05-20,537.19710024,536.862103332,538.024739659,534.014629615,7158205.0
2025-05-21,532.95052179,527.886156772,536.67539182,526.950136,6339491.0
2025-05-22,527.718658318,528.132478028,531.290316527,526.575727692,5816572.0
2025-05-23,521.639449726,524.565746245,526.940184622,521.324158519,6455875.0
2025-05-27,530.79274759,535.344764396,535.5221157,529.275408655,6118091.0
2025-05-28,535.788142657,532.290380825,536.881809032,531.669651261,4910507.0
2025-05-29,537.128130288,534.339773673,537.256217341,530.812453291,4668939.0
2025-05-30,533.384047201,533.78801406,535.394028647,528.270417931,6171491.0
2025-06-02,532.300233675,536.891661882,536.891661882,529.886285369,5933526.0
2025-06-03,536.517253574,539.936192604,540.793390574,536.083728164,4993615.0
2025-06-04,540.675156371,539.591342845,541.561912891,539.386994732,4543355.0
2025-06-05,541.394414438,537.069013187,542.527492214,535.342301184,6387510.0
2025-06-06,542.202348156,542.557050765,544.192623903,540.625793591,4735972.0
2025-06-09,543.187633179,543.138368928,544.567032212,542.103819654,4516381.0
2025-06-10,543.66056999,546.2321639,546.577013659,542.635873567,5984087.0
2025-06-11,547.237154624,544.724677815,548.040161918,542.80337202,20800557.0
2025-06-12,543.483218686,546.783923513,546.833187765,543.022302353,8422943.0
2025-06-13,542.143231055,540.694862071,545.104012549,539.35487444,7100626.0
2025-06-16,543.818215594,545.916872693,547.51303443,543.749245643,7421327.0
2025-06-17,543.670422841,541.266327385,545.020263322,540.561848593,4753344.0
2025-06-18,542.064408253,541.157946032,544.576885062,540.320453762,4602329.0
2025-06-20,543.601452889,539.660312797,544.586737912,538.576499272,9978477.0
2025-06-23,540.586480719,545.217320327,545.552317235,537.719301302,9820188.0
2025-06-24,548.981109115,551.207853267,552.183285439,548.183028246,6770036.0
2025-06-25,552.271961091,551.483733073,552.764603603,550.124039741,16472305.0
2025-06-26,553.257246114,555.848545725,556.242659734,552.705486502,6081444.0
2025-06-27,556.794419347,558.607343789,559.967037121,554.922377803,6056524.0
2025-06-30,560.875256402,561.399069417,562.505995033,558.775062711,5750571.0
2025-07-01,559.946229546,561.142104542,562.160080778,559.195101449,7412742.0
2025-07-02,560.746773964,563.632687178,563.6821035,560.193311156,6164018.0
2025-07-03,565.500624155,568.505136542,568.949883441,565.451207833,4836962.0
2025-07-07,566.311051839,563.94895164,566.89416444,561.349653095,6417829.0
2025-07-08,564.482647919,563.573387591,565.1547099,562.832142759,6944624.0
2025-07-09,565.777355559,566.913930969,567.556343157,564.097200606,7156477.0
2025-07-10,567.081946464,568.574319393,569.532996043,566.014553906,4961691.0
2025-07-11,565.767472295,566.528483656,567.670692526,564.700079736,4428852.0
2025-07-14,566.162802872,567.645292537,567.970451936,564.907628289,4747041.0
2025-07-15,570.116108644,565.184359693,570.422489841,565.174476429,5398956.0
2025-07-16,566.706382416,567.042413406,567.556343157,561.537435119,6141184.0
2025-07-17,567.31914481,570.44225637,570.906769798,567.101712993,6495346.0
2025-07-18,571.717197482,570.185291495,571.746847275,569.117898937,4262378.0
2025-07-21,571.232917525,571.203267731,573.753149954,570.847470212,5913837.0
2025-07-22,571.529415458,571.203267731,572.082878266,568.920233648,4767703.0
2025-07-23,573.792683012,576.055950566,576.154783211,572.112528059,4257345.0
2025-07-24,576.530347259,576.451281144,577.923887544,575.917584864,3840901.0
2025-07-25,576.994860687,578.744198491,579.198828655,576.77742887,4210090.0
2025-07-28,579.198828655,578.605832789,579.653458819,577.419841058,4193101.0
2025-07-29,579.969723281,577.103576596,580.226688156,576.312915442,5053447.0
2025-07-30,577.834938164,576.401864822,579.307544564,573.772916483,6974729.0
2025-07-31,580.967932988,574.237429911,581.295508846,573.071204709,7046843.0
2025-08-01,569.009183028,564.779145852,569.019066292,562.644360735,8781254.0
2025-08-04,568.45572022,573.367702642,573.436885493,568.36677084,6640089.0
2025-08-05,574.010114829,570.610271866,574.711826604,569.671361745,4647381.0
2025-08-06,571.499765664,574.850192306,575.472837965,570.669571452,4545015.0
2025-08-07,578.042486717,574.504278051,578.684898905,571.561733732,4594260.0
2025-08-08,576.125133417,578.902330722,579.327311093,575.798985691,4342341.0
2025-08-11,579.188945391,577.716338991,580.50341956,576.629179903,5373949.0
2025-08-12,579.90054043,583.883495995,584.061394755,578.600891157,5874245.0
2025-08-13,585.939214996,585.919448468,587.095556935,583.913145788,5392973.0
2025-08-14,584.021861697,585.929331732,586.581627184,583.606764591,6236666.0
2025-08-15,586.927541439,584.664273885,587.016490819,583.764896822,7196315.0
2025-08-18,584.081161284,584.456725332,585.109020784,583.458515625,5311743.0
2025-08-19,584.348009423,581.264430921,585.207853429,580.088322454,6739284.0
2025-08-20,580.948166459,579.732524934,581.135948484,575.057740859,7113572.0
2025-08-21,578.101786303,577.449490851,579.613925761,575.848402013,4807277.0
2025-08-22,579.426143737,586.285129252,587.382171603,579.001163367,6389278.0
2025-08-25,585.138670578,583.80442988,586.304796948,583.656180913,6483035.0
2025-08-26,583.488165418,586.136880285,586.502561069,582.909994449,4776577.0
2025-08-27,585.603184006,587.481004248,588.192599287,585.52411789,6171422.0
2025-08-28,588.123416436,589.556489778,590.100069322,586.344428838,5058689.0
2025-08-29,588.291431931,586.156646814,588.597813128,584.343067791,7512032.0
2025-09-02,579.218595184,581.837660258,581.926609638,576.856494985,11116704.0
2025-09-03,583.913145788,584.812522851,585.316569337,581.906843109,8205922.0
2025-09-04,585.553767684,589.625672629,589.803571389,584.693923678,8045575.0
2025-09-05,591.918589977,588.014700527,592.600535222,584.545674712,6641512.0
2025-09-08,589.348941225,589.536723249,590.436100312,588.083883378,9472235.0
2025-09-09,589.645439158,590.969796591,591.384893697,588.064116849,7844787.0
2025-09-10,593.905126127,592.679601338,594.725437075,591.177345144,21641066.0
2025-09-11,594.409172613,597.512517644,598.164813096,593.875476334,9109717.0
2025-09-12,597.532284173,597.384035206,598.906057929,596.899755249,8130498.0
2025-09-15,599.390337886,600.497263502,600.675162262,599.123489746,7710693.0
2025-09-16,601.060609574,599.706602347,601.31757445,598.986013538,6393185.0
2025-09-17,599.75601867,599.014773837,601.22862507,594.527771786,11613628.0
2025-09-18,601.446056887,601.8315042,604.17383787,599.983333752,11057536.0
2025-09-19,603.491892624,604.638351298,605.517961832,601.74255482,6065655.0
2025-09-22,603.39305998,607.583564098,608.038194262,603.383176715,11583809.0
2025-09-23,607.529206144,604.401152952,608.07772732,603.216149547,10752999.0
2025-09-24,605.478428775,602.384967008,605.587144683,601.090259368,23787299.0
2025-09-25,599.538586852,599.508937059,600.833294492,596.306759384,6965655.0
2025-09-26,600.932127137,603.03726246,603.57095874,599.484228898,6438634.0
2025-09-29,605.386295671,604.73213474,606.268421775,603.096732412,5658835.0
2025-09-30,604.038327692,606.962228823,607.437982228,602.888590298,6515666.0
2025-10-01,604.305938982,609.132853731,609.945599131,604.177089101,10019981.0
2025-10-02,610.956575115,609.806837721,611.02595582,607.596566696,7139472.0
2025-10-03,610.500644769,609.856395367,612.948792496,608.853348606,7210689.0
2025-10-06,611.997285687,611.937816512,612.810031087,610.034802894,6056437.0
2025-10-07,612.829854145,609.757280075,613.265267626,608.389489037,7466277.0
2025-10-08,610.763300295,613.295696021,613.424545901,610.019142678,5035243.0
2025-10-09,613.751626366,611.640470634,614.10844142,609.836572309,5898496.0
2025-10-10,612.522596738,595.197243592,614.118352949,594.919720772,13664157.0
2025-10-13,601.996552664,604.216735218,605.621397145,601.208586088,6968434.0
2025-10-14,598.854597889,603.364343702,606.724352121,595.197243592,7493479.0
2025-10-15,607.646124342,606.020633544,610.753388765,600.460265629,6504851.0
2025-10-16,607.685770459,602.016375723,609.360818904,598.795128713,7594824.0
2025-10-17,600.97566515,605.356561083,606.60541377,599.746635522,6910972.0
2025-10-20,608.08223163,611.709851339,612.542419797,608.08223163,4086209.0
2025-10-21,611.868435807,611.630559105,613.265961433,610.53137051,4216197.0
2025-10-22,612.36401227,608.538161976,612.36401227,604.434788862,6961589.0
2025-10-23,608.815684795,611.977462629,613.002314754,608.557985034,5851842.0
2025-10-24,616.417827737,617.042254081,618.271184594,615.711135701,5694867.0
2025-10-27,622.186337767,624.42634338,624.713777728,621.61146907,7804316.0
2025-10-28,626.121214883,626.101391824,627.786351799,624.069528326,5625627.0
2025-10-29,627.607944272,626.359091585,628.519804964,622.315187647,6104537.0
2025-10-30,623.246871398,619.708455452,625.050769723,619.569694042,6243275.0
2025-10-31,624.267758911,621.492530719,624.366874204,618.975002287,7058629.0
2025-11-03,624.842627608,622.711648818,624.96156596,619.629163218,5568052.0
2025-11-04,616.150216447,615.496055516,619.639074747,614.713044705,8390532.0
2025-11-05,615.099594346,617.349511488,620.461731676,614.346318122,10323060.0
2025-11-06,616.457473854,610.788079118,617.280130783,609.380641963,7099355.0
2025-11-07,608.657100327,611.43232852,611.5611784,602.541686773,7571254.0
2025-11-10,617.18101549,620.927573551,621.661026716,615.168975051,8424969.0
2025-11-11,619.629163218,622.354833764,622.929702461,618.548806528,5639205.0
2025-11-12,624.079439855,622.662091171,624.198378207,620.560846968,6090220.0
2025-11-13,620.13465121,612.522596738,620.481554734,611.055690408,13065765.0
2025-11-14,606.33780248,612.36401227,615.723921574,604.434788862,9681664.0
2025-11-17,610.292502655,606.625236829,613.968193281,603.423812878,8902509.0
2025-11-18,603.334609114,601.629826082,606.099925778,597.665214378,8542623.0
2025-11-19,602.145225603,603.810362519,608.14160169,600.31159269,7449382.0
2025-11-20,613.246138374,594.652109482,615.633627542,594.057417727,13984992.0
2025-11-21,596.921849683,600.569292451,605.604349315,593.086087859,9821397.0
2025-11-24,603.889654753,609.499580314,610.639406179,602.92328065,6242684.0
2025-11-25,609.340995846,615.168975051,616.24933174,605.584526256,7389540.0
2025-11-26,617.547742073,619.421021103,621.264565546,616.754819732,5323215.0
2025-11-28,620.486510499,622.850410227,623.068463871,620.169341562,2953169.0
2025-12-01,618.647921821,619.985978271,622.453949057,618.578541116,9191563.0
2025-12-02,621.462796131,621.036600373,623.207225281,619.093940638,5280591.0
2025-12-03,620.233766503,623.207225281,624.208289736,619.421021103,6338404.0
2025-12-04,624.55519326,623.732536331,624.604750906,620.93748508,5147737.0
2025-12-05,624.723689257,624.902096784,627.379979099,623.910943858,5693102.0
2025-12-08,625.774311359,623.048640812,625.883338181,621.156529877,6876706.0
2025-12-09,622.622445054,622.54315282,624.634485494,622.107045533,12848978.0
2025-12-10,622.077310945,626.5672337,627.900334385,620.927573551,22457434.0
2025-12-11,624.42634338,628.103520735,628.262105203,621.720495892,33921039.0
2025-12-12,627.201571572,621.324034721,627.825997916,618.955179228,8534727.0
2025-12-15,624.981389018,620.422085558,624.981389018,619.044382991,11337200.0
2025-12-16,619.024559933,618.687567938,620.679785319,615.159063521,15819621.0
2025-12-17,619.658897805,611.888258866,620.104916622,611.698948657,21356907.0
2025-12-18,617.537830544,616.507031501,620.4022625,615.079771287,37062387.0
2025-12-19,618.459602765,622.00793024,622.572887408,618.340664414,10487007.0
2025-12-22,625.164740636,625.925118442,626.461855717,624.006779664,9850052.0
2025-12-23,625.139891689,628.847354715,629.056085878,625.12001253,13798467.0
2025-12-24,628.847354715,630.944605918,631.481343193,628.718140186,3275186.0
2025-12-26,631.302430768,631.004243393,632.231781419,630.050043794,3852111.0
2025-12-29,628.479590286,628.777777661,629.960587581,627.1377471,6579447.0
2025-12-30,628.380194495,627.903094695,629.38409199,627.594967741,4180422.0
2025-12-31,628.121765437,623.340827861,628.32055702,623.151975857,5556821.0
2026-01-02,626.824650356,624.503758622,627.84345722,621.432428662,11337024.0
2026-01-05,627.565149004,628.638623553,630.20907706,627.416055316,16175621.0
2026-01-06,628.817535978,632.365965738,632.833125958,628.708200607,8672000.0
2026-01-07,632.733730167,630.338291589,634.363821149,630.099741689,8820106.0
2026-01-08,629.652460627,630.228956218,631.262771847,628.416175771,9017437.0
2026-01-09,631.312370347,634.453277361,635.576449807,629.97052716,7864139.0
2026-01-12,631.352128664,635.477054015,636.292099506,631.322309926,7929830.0
2026-01-13,635.814999706,634.174969145,636.282855697,631.973352361,8859978.0
2026-01-14,631.650316038,631.103639185,632.275515568,627.187444996,8683436.0
2026-01-15,634.910498003,632.773488483,635.715603915,631.859047201,6936972.0
2026-01-16,634.105392091,632.246690788,634.651969549,630.845210126,6733684.0
2026-01-20,622.973063432,619.384875355,625.954837784,618.460494493,14877629.0
2026-01-21,621.243576658,626.481734875,629.572943994,619.881854313,10403839.0
2026-01-22,630.596720647,629.74191684,631.779530567,627.932913433,6085520.0
2026-01-23,629.056085878,630.000345898,631.630933859,628.151584174,5850367.0
2026-01-26,631.193095397,633.240648704,634.532793995,630.68617686,9007380.0
2026-01-27,634.562612732,635.834878865,636.725365762,634.015935878,4339560.0
2026-01-28,637.176722051,635.735483073,637.932130067,634.363821149,5568673.0
2026-01-29,636.560468143,634.413519045,637.166782472,626.014574655,8697180.0
2026-01-30,632.405724055,632.375905317,634.59243147,628.131705016,6562342.0
2026-02-02,630.348231168,635.814999706,637.087265839,630.238895798,9490299.0
2026-02-03,636.461072352,630.318412431,637.127024156,625.303894745,9702804.0
2026-02-04,631.093699605,627.097988783,632.077717942,623.211613332,11321975.0
2026-02-05,622.456205315,619.335177459,624.951039685,617.744844794,11714651.0
2026-02-06,622.933305115,631.401826559,632.872884275,622.416446999,12987908.0
2026-02-09,630.238895798,634.373760728,636.12312666,629.284696198,8908503.0
2026-02-10,635.278262432,632.594576059,636.749320147,632.236751209,13645334.0
2026-02-11,636.620105618,632.505119846,637.276117843,630.010285477,5344960.0
2026-02-12,634.652068945,622.704694794,635.65596644,621.979105516,8951077.0
2026-02-13,623.142036277,623.102277961,627.356417841,619.350086828,9312797.0
2026-02-17,621.760434774,624.195631668,626.123910025,617.754784373,8718635.0
2026-02-18,625.308864534,627.336538683,629.97052716,624.205571248,9509175.0
2026-02-19,625.149831268,625.726326859,627.266961629,623.022761327,5212447.0
2026-02-20,623.688713131,630.189197902,630.745814335,623.241432069,7482010.0
2026-02-23,628.78771724,623.837806819,630.775633072,621.969165937,10868739.0
2026-02-24,623.360707019,628.390134074,629.26481704,621.621280666,6930317.0
2026-02-25,630.934666339,633.677990187,634.145150408,630.904847601,12135150.0
2026-02-26,633.797265137,630.119620848,633.916540087,625.626931067,9497705.0
2026-02-27,624.444121147,627.227203312,627.873275958,623.151975857,10471126.0
2026-03-02,620.413621798,627.465753212,629.513306519,619.832156417,9211385.0
2026-03-03,617.059013831,621.939347199,623.996840085,612.158801306,18493391.0
2026-03-04,623.132096698,626.372399504,628.141644595,621.293274554,13489831.0
2026-03-05,623.499861127,623.022761327,626.690466038,617.645449002,12198775.0
2026-03-06,615.592925905,614.693393991,618.062911327,612.278076256,9739164.0
2026-03-09,609.157048399,620.030948,621.541764033,605.519162427,13929161.0
2026-03-10,619.553848201,618.957473451,624.702947789,616.880101407,15570366.0
2026-03-11,619.434573251,618.271642489,621.651099403,615.558137378,6433253.0
2026-03-12,613.490704913,608.79922355,613.977744292,608.719706916,15487606.0
2026-03-13,611.820855614,605.409827056,614.597974031,604.574902407,25527497.0
2026-03-16,611.005810123,611.472970344,614.345508721,609.832939782,8303179.0
2026-03-17,614.633756516,613.162698801,616.522276557,612.546444893,9941757.0
2026-03-18,610.975991386,604.704116936,612.168740885,604.455627457,14276873.0
2026-03-19,600.489735372,603.083965533,606.006201806,598.899402706,10271879.0
2026-03-20,601.771941083,594.327196293,601.940913929,590.977558116,17685664.0
2026-03-23,603.193300903,600.777983167,607.333135623,599.416260822,24014281.0
2026-03-24,597.000943087,598.74036944,602.249040883,595.698858217,18363326.0
2026-03-25,603.730038178,602.000551404,605.757712327,599.714448197,23288251.0
2026-03-26,597.661925101,591.325443386,600.256155261,591.086893486,7712626.0
2026-03-27,588.964719031,581.267137209,589.114283445,580.339837844,11707698.0
2026-03-30,586.681368983,579.243032144,586.960555888,576.780204799,11839223.0
2026-03-31,585.644389048,595.814769177,597.110994095,584.796857371,12447254.0
2026-04-01,599.314576456,600.550975609,603.592118686,598.526870544,11332486.0
2026-04-02,592.504410154,601.238971912,603.033744875,591.309889037,12780051.0
2026-04-06,601.169175185,603.911189435,604.678953426,600.860075397,6316803.0
2026-04-07,601.827258605,604.280114989,604.549330934,596.762010463,6690016.0
2026-04-08,619.989363903,619.535685181,620.682345686,615.507416974,9805084.0
2026-04-09,618.53858909,623.204998796,624.351659301,617.601318765,5498333.0
2026-04-10,624.506209195,622.786218438,625.169278096,621.908773878,4609364.0
2026-04-13,620.94159067,628.888446515,629.067923811,620.17382668,5158413.0
2026-04-14,630.389076132,636.496289689,636.665796025,630.384090652,5042883.0
2026-04-15,637.333850406,641.581479753,641.920492424,636.376638158,5165559.0
2026-04-16,642.63840161,642.987385242,644.193871512,640.285254835,5882420.0
2026-04-17,647.294840355,650.884386282,652.978288074,646.975769606,7815337.0
2026-04-20,649.727754817,649.64798713,650.704908986,647.284869394,6384084.0
2026-04-21,651.043921657,645.370444899,651.961250061,644.064647858,8514914.0
2026-04-22,650.08670941,652.001133904,652.290291771,649.199293889,4537150.0
2026-04-23,650.335983432,649.368800224,652.998229995,643.785062115,6519543.0
2026-04-24,651.502585859,654.513816054,654.91265449,649.927373454,4793767.0
2026-04-27,653.765993985,655.590679832,655.989518268,652.93840423,5319222.0
2026-04-28,652.509652911,652.360088497,653.48680708,650.116622292,5527127.0
2026-04-29,651.721946999,652.340146575,652.822441955,649.368800224,6301973.0
2026-04-30,655.092131787,658.661735792,659.848280141,651.248326356,5948436.0
2026-05-01,661.164446981,660.596102209,664.479791483,660.456508756,5426451.0
2026-05-04,660.067641281,658.20307159,661.92224001,655.480999262,5962434.0
2026-05-05,661.653024065,663.368029342,664.614399456,661.403750043,5052631.0
2026-05-06,667.505978119,672.700848754,673.378874095,667.206849292,6441490.0
2026-05-07,673.857480219,670.587005041,674.794850254,668.971709373,6260288.0
2026-05-08,673.737828688,676.071033541,676.559610626,673.408786978,4348127.0
2026-05-11,675.113821294,677.546735756,679.082263736,675.113821294,5693446.0
2026-05-12,675.502688769,676.699204078,677.287490772,670.846250024,6073441.0
2026-05-13,676.928536179,680.428343459,681.923987595,674.236376734,4917990.0
2026-05-14,681.75448126,685.732894663,687.098916308,681.674713573,5369982.0
2026-05-15,680.059417905,677.466968069,681.53512012,676.470869074,6448537.0
2026-05-18,678.204819176,676.93850714,679.630666586,672.292039356,7585446.0
2026-05-19,673.598235235,672.631052027,676.180714111,670.596976002,5664173.0
2026-05-20,674.356028265,679.590782742,680.019534062,672.78071615,5506830.0
2026-05-21,677.108013476,680.857094778,682.836330519,675.652253183,7335368.0
2026-05-22,684.107628035,683.559225185,686.58042634,682.492232658,4319794.0
2026-05-26,687.647319158,688.00627375,689.502416435,686.081878295,6633811.0
2026-05-27,688.355257382,687.956418946,688.77403774,685.92234292,7386546.0
2026-05-28,687.756999728,691.894948505,692.27384502,686.849642285,8477086.0
2026-05-29,692.981783245,693.470360329,694.975975427,691.875006583,5080413.0
2026-06-01,692.523119043,695.275104254,697.029993374,691.924861388,10051191.0
2026-06-02,694.038705101,696.232316501,697.119732022,693.759518195,4750749.0
2026-06-03,695.055743114,691.346545655,695.623988176,690.838026649,5970449.0
2026-06-04,689.481975965,694.038705101,695.175394645,688.893689271,6630041.0
2026-06-05,689.701337105,676.031149698,690.169972268,674.286231538,10846494.0
2026-06-08,681.485265315,677.70627113,683.299980201,676.729116961,8867185.0
2026-06-09,681.724568377,675.73202087,684.765711455,662.390974882,16197168.0
2026-06-10,672.356850602,665.112947501,676.903608777,664.943441166,16472693.0
2026-06-11,668.154090579,676.260481798,678.404238394,664.065996606,19974197.0
2026-06-12,679.097220177,679.969679257,682.451152299,673.847509258,6327977.0
2026-06-15,689.292527708,691.815180818,693.729605313,689.252643864,14068861.0
2026-06-16,691.815180818,687.747028767,692.553031925,687.437928979,13324141.0
2026-06-17,688.754095819,679.431247368,689.521859809,677.666387287,15029583.0
2026-06-18,687.298335526,686.111791178,687.697173962,683.708789598,17747861.0
2026-06-22,687.168713034,684.107628035,689.491946926,683.010822335,13367193.0
2026-06-23,674.390926628,674.375970186,679.749121602,673.059803346,17581725.0
2026-06-24,675.712078948,673.727857727,680.089330788,671.723694584,9676956.0
2026-06-25,679.162031423,673.747799649,679.56086986,670.626888884,26289470.0
2026-06-26,669.96,670.26,676.955,668.1,6007627.0
2026-06-29,677.01,681.01,681.565,672.93,5703803.0
2026-06-30,681.32,686.81,687.529,680.99,9892397.0
2026-07-01,684.73,685.46,688.83,682.3,8659306.0
2026-07-02,686.98,684.84,690.5,680.215,7012722.0
2026-07-06,688.11,690.62,691.575,687.0,5610028.0
2026-07-07,689.58,687.08,690.24,684.989,4847433.0
2026-07-08,683.1,685.26,685.84,679.73,4839816.0
2026-07-09,686.95,690.69,691.1862,685.29,6423947.0
2026-07-10,691.25,693.86,694.33,687.63,5326416.0
2026-07-13,691.6,688.5,692.96,687.54,6637594.0
2026-07-14,690.21,691.1,692.4,688.2,4610189.0
2026-07-15,693.27,693.8,694.5,689.58,4132846.0
2026-07-16,691.98,690.14,693.55,687.43,4763996.0
2026-07-17,682.12,683.17,686.8653,680.92,5679326.0
2026-07-20,686.67,682.21,688.2,681.57,5360312.0
2026-07-21,685.95,687.87,688.485,684.03,4075463.0
2026-07-22,686.29,687.03,689.4,686.02,3418281.0
2026-07-23,679.55,678.61,682.5495,675.755,4983109.0
2026-07-24,678.8,679.14,683.55,677.7,6311566.0
2026-07-27,684.69,679.31,685.2391,676.395,5232222.0
2026-07-28,679.45,680.96,682.755,676.4801,5089979.0
2026-07-29,680.12,670.63,682.63,670.155,7970667.0
2026-07-30,676.54,681.79,682.4363,675.21,6094824.0
2026-07-31,684.5,686.65,688.35,678.06,7715429.0
2026-08-03,688.83,696.4,697.31,688.61,7283200.0
2026-08-04,699.16,708.98,710.9083,699.07,6566432.0
2026-08-05,713.14,707.6,714.16,707.32,5225692.0
2026-08-06,707.93,706.4,709.4619,705.43,4668740.0
2026-08-07,708.73,710.71,711.37,707.44,4653131.0
2026-08-10,710.31,710.65,712.4378,709.5,6689257.0
2026-08-11,711.96,708.42,712.0,707.0,5169306.0
2026-08-12,712.12,710.17,712.26,708.93,4919055.0
2026-08-13,712.3,714.95,716.39,711.605,4590039.0
2026-08-14,715.63,713.61,715.89,712.8,4236446.0
2026-08-17,713.5,710.27,714.045,710.1,5745007.0
2026-08-18,706.61,705.4,707.35,704.96,5278550.0
2026-08-19,708.19,706.91,710.1,706.095,7021780.0
2026-08-20,704.05,701.01,706.08,700.4721,8458614.0
2026-08-21,704.07,703.71,705.8,702.44,10712821.0
2026-08-24,702.97,701.83,703.3899,700.53,7737474.0
2026-08-25,704.285,704.02,704.8353,701.45,4324492.0
2026-08-26,702.9,704.2,705.32,702.23,7157818.0
2026-08-27,706.39,708.75,709.955,705.2104,6755739.0
2026-08-28,709.39,707.24,712.6692,706.26,8084538.0
2026-08-31,705.36,704.89,705.94,702.96,5741591.0
2026-09-01,700.45,700.28,702.91,698.1398,6486903.0
2026-09-02,700.85,703.41,704.53,700.18,7750796.0
2026-09-03,705.82,710.72,711.515,705.51,8594521.0
2026-09-04,709.72,708.01,710.45,706.9,6816157.0
2026-09-08,706.98,704.07,707.51,703.37,7827554.0
2026-09-09,702.35,700.87,702.71,699.485,4300871.0
2026-09-10,696.78,696.65,698.64,695.5421,18313415.0
2026-09-11,703.0,702.56,704.4954,701.93,5797972.0
2026-09-14,697.78,699.3,701.85,696.72,6801322.0
2026-09-15,698.77,696.2,698.94,695.09,9657887.0
2026-09-16,698.17,693.24,700.1,689.04,14168408.0
