time_key,open,close,high,low,volume
2018-01-02,55.531958639,56.13204315,56.414841598,54.890488988,5153412.0
2018-01-03,56.559689584,57.021823633,57.173569141,56.428636644,4305475.0
2018-01-04,56.559689584,56.676947477,57.249441896,54.966361743,6846125.0
2018-01-05,56.828692985,57.035618679,57.228749326,56.290686182,3609481.0
2018-01-08,57.249441896,56.173428289,57.249441896,55.60093387,6451974.0
2018-01-09,56.228608474,55.607831393,56.628664815,55.476778454,5043164.0
2018-01-10,54.62838311,55.807859563,55.832690647,54.352482185,6539145.0
2018-01-11,55.814757087,56.732127662,57.187364187,55.80096204,5058163.0
2018-01-12,57.028721156,57.332212173,57.463265112,56.870078124,3958068.0
2018-01-16,57.732268514,57.85642393,58.615151473,57.456367589,7377106.0
2018-01-17,58.311660456,58.739306889,58.960027629,58.07714467,5820326.0
2018-01-18,58.746204413,59.594599756,59.711857649,58.677229181,6092908.0
2018-01-19,59.401469109,59.042797907,60.056733805,58.891052398,5212272.0
2018-01-22,59.277313693,59.484239386,59.587702233,58.697921751,6000957.0
2018-01-23,59.615292326,60.24296693,60.387814915,59.325596355,4078015.0
2018-01-24,60.491277762,59.987758574,60.622330701,59.442854248,6215523.0
2018-01-25,60.822358872,60.691305932,61.96734771,60.453341385,9639770.0
2018-01-26,59.836013066,61.801807155,61.822499724,59.808422973,10836733.0
2018-01-29,61.208620166,60.318839684,61.939757617,60.13260656,6623254.0
2018-01-30,59.318698832,60.063631328,60.187786745,58.704819274,6260873.0
2018-01-31,61.512111184,61.374160721,62.898513331,61.160337505,11281166.0
2018-02-01,60.305044638,60.456790146,61.470726045,59.732550219,4705010.0
2018-02-02,60.00155362,58.801384598,60.098118944,58.635844043,6630793.0
2018-02-05,58.07714467,56.180325812,59.2497236,56.173428289,6888605.0
2018-02-06,55.5802413,58.111632286,58.353045595,55.352623038,6399757.0
2018-02-07,57.904706592,57.739166037,58.849667259,57.318417127,4946542.0
2018-02-08,57.697780898,55.242262668,58.221992655,55.241572915,5017815.0
2018-02-09,55.731986809,55.587138824,56.545894537,53.731705104,6125786.0
2018-02-12,56.04237535,56.79420537,57.290827034,56.04237535,4362968.0
2018-02-13,56.46312426,57.228749326,57.566727959,56.269993612,3895385.0
2018-02-14,56.490714352,57.477060158,57.65639576,56.490714352,4331889.0
2018-02-15,57.849526407,58.311660456,58.366840641,57.221851803,4145844.0
2018-02-16,58.139222378,58.566868811,59.539419571,58.097837239,3966852.0
2018-02-20,58.028862008,59.635984895,60.2491747,58.015066962,4978300.0
2018-02-21,59.518727002,59.091080569,60.380917392,59.056592953,3422743.0
2018-02-22,59.277313693,58.994515245,60.187786745,58.815179644,3004981.0
2018-02-23,59.994656097,61.484521091,61.608676507,59.663574988,5637592.0
2018-02-26,61.484521091,61.539701276,61.74662697,60.849948964,3648749.0
2018-02-27,61.677651739,60.139504083,62.029425418,59.991207336,4514541.0
2018-02-28,60.794768779,60.036041236,61.10515732,60.015348667,4104343.0
2018-03-01,60.298147115,60.194684268,61.263800351,59.532522048,4703991.0
2018-03-02,59.511829479,60.870641534,60.97410438,59.339391401,3315650.0
2018-03-05,60.698203456,62.043220464,62.291531296,60.691305932,4513638.0
2018-03-06,62.857128192,64.698766865,64.933282651,62.553637175,8726034.0
2018-03-07,63.974526938,65.712702764,66.864589125,63.974526938,7947092.0
2018-03-08,65.871345796,67.057719772,67.533648867,65.788575518,5446840.0
2018-03-09,67.526751344,68.664842659,68.9752312,67.285338035,6009168.0
2018-03-12,68.9752312,70.947922812,71.12036089,68.809690645,7625556.0
2018-03-13,71.175541075,70.982410427,73.320670765,70.796177303,9122315.0
2018-03-14,71.354876676,71.182438598,72.148091835,69.92708939,5262218.0
2018-03-15,71.127258413,70.513378855,71.327286583,70.127117561,3568560.0
2018-03-16,71.65147017,73.424133612,73.775907291,71.34108163,9647460.0
2018-03-19,73.106847548,71.154848505,73.382748473,70.640983033,5868114.0
2018-03-20,71.416954384,71.506622185,72.079116604,71.123809651,3307469.0
2018-03-21,71.520417231,70.934127766,72.148091835,70.878947581,3151942.0
2018-03-22,70.065039852,69.547725618,70.865152534,69.244234601,4280935.0
2018-03-23,67.878525023,63.69172849,68.506199627,63.677933443,11334225.0
2018-03-26,64.981565313,65.022950452,65.188491007,63.188209302,5797002.0
2018-03-27,65.478186978,63.58136812,66.009296258,63.167516732,4402147.0
2018-03-28,63.678460162,62.97107583,64.406649916,62.568837681,3716382.0
2018-03-29,63.303962575,63.990541485,64.677120396,62.811567599,4463906.0
2018-04-02,64.156984858,62.409329449,64.781147503,61.653399133,4505760.0
2018-04-03,62.818502739,63.255416591,63.657654741,61.931498268,3093562.0
2018-04-04,61.091652752,64.156984858,64.344233651,61.091652752,3063759.0
2018-04-05,64.552287867,62.783827037,64.764503166,62.464810573,3070787.0
2018-04-06,62.055637283,60.869728256,62.846243301,60.439749544,4884260.0
2018-04-09,61.459215199,61.417604356,63.09937593,61.300400481,3127008.0
2018-04-10,62.776891896,62.915594706,64.011346907,62.506421416,3982921.0
2018-04-11,62.346913184,62.159664391,62.998816392,62.01402644,3496078.0
2018-04-12,62.686735069,62.763021615,63.262351732,62.381588887,3073418.0
2018-04-13,63.255416591,62.367718606,63.740876427,62.055637283,3796309.0
2018-04-16,62.804632458,62.776891896,62.833066534,61.751184615,3341763.0
2018-04-17,63.297027434,63.366378839,63.720071005,62.97107583,2846844.0
2018-04-18,62.5549674,63.595238476,63.844903535,61.799037084,3997305.0
2018-04-19,62.846243301,62.076442705,63.491211369,61.47308548,3149956.0
2018-04-20,61.840647927,62.111118407,63.456535666,61.577112588,4709368.0
2018-04-23,62.471745714,60.335722437,62.513356557,60.086057378,4450240.0
2018-04-24,61.077782471,59.940419427,62.263691498,59.552051559,4571161.0
2018-04-25,59.947354568,59.586727261,60.301046734,58.154620746,3453051.0
2018-04-26,60.543776652,60.966820223,61.299706967,60.016705973,5736812.0
2018-04-27,59.787846336,56.091416444,60.481360387,55.89723251,12083142.0
2018-04-30,55.966583915,54.641972078,56.868152182,53.192527711,10011959.0
2018-05-01,54.248056097,55.335486129,55.779335121,54.248056097,5989320.0
2018-05-02,55.120496773,53.241073695,55.321615848,53.185592571,7175437.0
2018-05-03,53.137046587,53.386711645,53.733468671,52.679327313,5991641.0
2018-05-04,53.150916868,53.594765861,53.927652605,52.741743578,6323412.0
2018-05-07,53.906847184,54.454723284,54.905507417,53.709195679,5983166.0
2018-05-08,54.440853003,53.906847184,54.718189272,53.421387348,3675207.0
2018-05-09,54.135706821,54.4061773,54.576088243,53.497673894,4596354.0
2018-05-10,54.815350591,54.815350591,54.94711826,54.163447383,4343184.0
2018-05-11,54.787610029,54.648907218,55.363226691,54.496334127,4010511.0
2018-05-14,56.133027287,56.257859817,57.540860811,55.918107283,8306882.0
2018-05-15,57.083141537,57.547795951,57.769720448,56.181573271,7813445.0
2018-05-16,57.908423258,60.349592718,60.432814404,57.80439615,9427686.0
2018-05-17,60.169279064,60.002835692,60.841987694,59.434847684,5327340.0
2018-05-18,59.510440716,58.775315822,60.134603362,58.532585904,4543121.0
2018-05-21,60.079122238,60.009770833,60.655432414,59.607532683,5342336.0
2018-05-22,61.13548284,60.939079661,61.459215199,60.509100949,5622970.0
2018-05-23,60.307981874,61.375993513,61.396798935,59.925508875,5852777.0
2018-05-24,61.06391219,60.6547389,61.459215199,60.248617072,6358037.0
2018-05-25,60.405073842,59.884938303,60.973755363,59.69768951,3727459.0
2018-05-29,59.454959592,59.98203027,60.51603609,59.381100345,3923014.0
2018-05-30,60.439749544,60.009770833,60.509100949,59.676884088,4038064.0
2018-05-31,59.850262601,57.915358399,60.273306172,57.859877274,6479582.0
2018-06-01,58.400818234,59.552051559,59.624870534,57.977774663,4961106.0
2018-06-04,59.239970236,58.844667227,59.281581079,58.095672052,5608998.0
2018-06-05,59.29545136,59.57285698,59.711559791,59.031916021,3773118.0
2018-06-06,59.988965411,58.7545104,60.446684685,58.650483293,6357699.0
2018-06-07,58.733704979,57.284260612,58.832114623,55.924973072,11677911.0
2018-06-08,56.687838528,57.298130893,57.457639125,56.278665238,3803439.0
2018-06-11,57.166363223,57.561666233,57.901488117,57.083141537,5183282.0
2018-06-12,57.790525869,56.951373868,57.790525869,56.431238329,5299202.0
2018-06-13,57.173298364,57.464574265,57.880682696,57.020725273,5579329.0
2018-06-14,57.631017638,57.24958491,57.998580085,57.138622661,5441991.0
2018-06-15,56.868152182,55.89723251,56.868152182,55.494994361,7305667.0
2018-06-18,55.515799782,55.668372873,55.834816246,54.690518061,5184988.0
2018-06-19,55.044210227,55.834816246,56.098351585,54.718258623,4129174.0
2018-06-20,56.174638131,55.633697171,56.292535519,55.505397071,3789064.0
2018-06-21,57.39522286,56.098351585,58.102607192,55.987389337,5006874.0
2018-06-22,56.354951784,55.259199583,56.43817347,55.162107616,4733906.0
2018-06-25,54.836156012,54.184252804,55.110094062,53.407517067,6044409.0
2018-06-26,54.309085333,54.447788144,54.655842359,53.899912043,4648390.0
2018-06-27,54.433917862,53.608636142,54.732128904,53.594765861,4476808.0
2018-06-28,53.706360185,53.699379893,54.153098819,53.329424462,4201336.0
2018-06-29,54.167059401,54.034433869,54.837167352,53.894828046,3455091.0
2018-07-02,53.399227374,54.474192212,54.564935997,53.092094562,3290633.0
2018-07-03,54.795285606,53.657498146,55.011674631,53.482990867,2467228.0
2018-07-05,53.901808337,54.069335325,54.250822895,53.430638684,3424430.0
2018-07-06,53.957650666,54.397409009,54.467211921,53.392945111,2960573.0
2018-07-09,54.725482694,55.618959962,55.632920545,54.530034541,3589371.0
2018-07-10,55.758565786,55.898171609,55.926092773,55.235043949,3685527.0
2018-07-11,55.318807443,54.582386725,55.38372415,54.369487845,4235284.0
2018-07-12,54.997714049,55.039595796,55.095438125,54.677318685,2711646.0
2018-07-13,55.011674631,55.507275304,55.884211026,54.990733758,2238260.0
2018-07-16,55.618959962,54.746423567,55.618959962,54.606817744,2878036.0
2018-07-17,54.334586389,55.137319872,55.221083366,54.208941148,2174085.0
2018-07-18,55.144300164,54.990733758,55.325787734,54.809246188,3308624.0
2018-07-19,54.732462985,54.069335325,55.032615505,53.884357609,3450774.0
2018-07-20,54.167059401,53.49695145,54.215921439,53.399227374,4420397.0
2018-07-23,53.217739803,53.31546388,53.416678101,52.219558167,5047382.0
2018-07-24,53.399227374,52.428966902,53.734281349,52.331242826,4325342.0
2018-07-25,52.470848649,52.791942043,53.147936892,52.387085155,3992018.0
2018-07-26,52.722139131,53.811064552,54.125177654,52.617434764,7132895.0
2018-07-27,51.99618885,49.650811021,52.3521837,48.834116955,14856331.0
2018-07-30,49.594968691,48.882978993,50.18829344,48.533964435,8547673.0
2018-07-31,49.5879884,48.966742487,50.059158053,48.945801613,6556796.0
2018-08-01,49.001643943,48.3245557,49.162190639,48.296634536,6219324.0
2018-08-02,48.164009004,47.828955028,48.275693662,47.752171825,6262520.0
2018-08-03,47.982521433,47.438058723,48.059304636,46.99830038,6211109.0
2018-08-06,47.207709115,47.675388622,47.787073281,47.200728823,4740993.0
2018-08-07,47.84291561,47.291472609,48.547925017,47.270531735,5379231.0
2018-08-08,47.256571153,46.802852227,47.291472609,46.781911354,4169504.0
2018-08-09,46.628344948,46.146704858,46.767950772,45.581301274,7817420.0
2018-08-10,45.727887389,45.225306425,46.048980782,45.148523222,6165476.0
2018-08-13,45.350951666,44.827429829,45.637143604,44.701784588,4744617.0
2018-08-14,45.169464096,45.364912248,45.925848446,44.925153905,4311563.0
2018-08-15,44.157321878,44.638961968,44.806488956,42.956711798,13462637.0
2018-08-16,44.95307507,45.413774286,45.713926806,44.925153905,5597883.0
2018-08-17,45.16597395,45.113621767,45.330010793,44.429553233,4502005.0
2018-08-20,45.267188172,44.687824006,45.267188172,44.192223333,4630704.0
2018-08-21,44.987976526,45.295109337,45.539419527,44.925153905,4074096.0
2018-08-22,45.25322759,44.687824006,45.274168463,44.631981677,3681579.0
2018-08-23,44.562178765,44.220144498,44.987976526,44.101479548,4167944.0
2018-08-24,44.478415271,44.541237891,44.848370703,44.303907992,3463401.0
2018-08-27,44.708764879,45.001937108,45.525458945,44.673863424,4187109.0
2018-08-28,45.204365552,45.141542931,45.323030501,44.792528373,2822758.0
2018-08-29,45.218326134,44.248065663,45.270678318,44.227124789,4783302.0
2018-08-30,44.206183916,44.17128246,44.324848866,43.899051105,4273034.0
2018-08-31,44.101479548,44.143361295,44.206183916,43.696622661,4395689.0
2018-09-04,43.103297913,42.049273947,43.103297913,41.127875514,11722988.0
2018-09-05,41.965510453,41.888727251,42.482051999,41.393126578,7536812.0
2018-09-06,41.780532738,40.339102613,41.780532738,40.157615043,7904760.0
2018-09-07,40.13667417,40.269299702,40.729998918,39.515428256,6335739.0
2018-09-10,40.485688728,39.822561067,40.527570474,39.724836991,4801384.0
2018-09-11,38.866261178,38.377640797,39.005867002,37.777335757,9757755.0
2018-09-12,37.588867896,39.487507092,40.255339119,37.421340908,9543153.0
2018-09-13,39.815580776,39.857462523,40.290240575,39.194334863,6792609.0
2018-09-14,40.031969802,39.759738447,40.450787272,39.208295445,4008470.0
2018-09-17,39.675974953,39.913304852,40.56247193,39.578250877,4633835.0
2018-09-18,40.108753005,40.555491639,41.260501046,39.969147182,6531571.0
2018-09-19,40.86262445,40.757920083,41.141836097,40.471728145,4701667.0
2018-09-20,41.379165996,41.916648415,42.349426467,41.28144192,8578637.0
2018-09-21,41.993431618,42.384327923,42.642598696,41.260501046,13129826.0
2018-09-24,42.070214821,41.82590463,42.311034866,41.546692984,7805385.0
2018-09-25,41.82590463,41.658377642,42.181899479,41.16277697,5924150.0
2018-09-26,41.239560173,41.141836097,41.491548684,40.443806981,6617551.0
2018-09-27,41.338956512,41.029195938,41.676947537,40.888395678,3889116.0
2018-09-28,40.91655573,41.212236277,41.697997176,40.571595091,5711470.0
2018-10-01,40.839115587,40.8461556,41.930317606,40.38151474,5865319.0
2018-10-02,40.895435691,40.634955209,41.733197241,40.599755144,5581354.0
2018-10-03,40.775755469,41.085516043,41.705037189,40.660017655,5655223.0
2018-10-04,40.656075248,39.853513762,40.75463543,39.466313046,7195411.0
2018-10-05,39.994314023,39.529673163,40.402634779,39.431112981,5240164.0
2018-10-08,39.353672837,39.177672511,39.747913567,38.952392094,3352539.0
2018-10-09,39.107272381,38.311750909,39.170632498,37.721305016,5347632.0
2018-10-10,38.030150388,38.121670557,38.973512134,37.980870296,7187027.0
2018-10-11,38.410311091,38.107590531,39.36071285,37.840070036,6005999.0
2018-10-12,38.839751886,38.304710896,39.186120527,37.938630218,5848946.0
2018-10-15,38.030150388,38.368071013,39.04743227,37.882310114,3879261.0
2018-10-16,38.931272055,39.466313046,39.59303328,38.565191378,4275820.0
2018-10-17,39.571913241,39.255112655,40.029514088,38.973512134,3980752.0
2018-10-18,39.015752212,39.304392746,40.036554101,38.994632173,6487047.0
2018-10-19,39.501513111,39.804233671,40.67367528,39.469833052,8309433.0
2018-10-22,39.937993919,38.973512134,40.212554427,38.906209609,5901050.0
2018-10-23,37.875270101,39.184712524,39.459273033,37.73446984,5165359.0
2018-10-24,39.05799229,36.847428199,39.223502996,36.784490482,7696259.0
2018-10-25,37.234628915,38.023110375,38.607431456,37.051588576,9615083.0
2018-10-26,33.369661762,31.109817579,33.489341983,29.568054726,39393712.0
2018-10-29,31.433658178,29.251254139,31.630778543,28.941493566,18159172.0
2018-10-30,29.258294152,29.124533905,29.990455507,28.568372875,13561509.0
2018-10-31,29.814455182,30.32133612,31.109817579,29.659574895,10187444.0
2018-11-01,30.476216406,33.144381345,33.369661762,30.448056354,12813318.0
2018-11-02,32.257339703,33.609022205,33.78502253,32.08837939,10260594.0
2018-11-05,33.623102231,34.045503013,34.647424127,33.066941201,7876018.0
2018-11-06,33.841342635,34.425663716,34.629824094,33.700542374,4853863.0
2018-11-07,34.777664368,34.165183234,34.904384602,33.440061892,5262343.0
2018-11-08,34.165183234,33.48230197,34.439743742,33.313341657,5292307.0
2018-11-09,33.081021227,32.193979586,33.271101579,31.581498452,7578250.0
2018-11-12,31.884219012,30.595896628,31.905339051,30.405816276,6701091.0
2018-11-13,30.750776915,31.461818231,31.56389842,30.595896628,8352805.0
2018-11-14,32.158779521,31.7152587,32.700860524,31.419578152,5792521.0
2018-11-15,31.595578478,32.897980889,33.172541397,31.236115413,6787591.0
2018-11-16,32.41221999,32.806460719,33.130301319,32.095419403,5145460.0
2018-11-19,32.475580107,31.757498778,32.933180954,31.701178674,5881745.0
2018-11-20,30.370616211,32.158779521,32.792380693,29.990455507,11214641.0
2018-11-21,32.771260654,33.01766111,33.580862153,32.503740159,8196333.0
2018-11-23,32.975421032,33.327421684,33.855422661,32.743100602,4312931.0
2018-11-26,34.122943156,33.735742439,34.144063195,33.193661436,5553488.0
2018-11-27,33.440061892,34.27078343,34.453823768,33.299261631,4616569.0
2018-11-28,34.580544003,33.897662739,34.763584342,31.363258048,13920168.0
2018-11-29,33.559742114,32.046139312,33.792062544,31.841978934,9855323.0
2018-11-30,31.975739182,31.954619143,32.17989956,30.560696563,12467494.0
2018-12-03,32.567100276,32.64454042,32.764220641,31.616698517,9979686.0
2018-12-04,32.355899885,30.300216081,32.64454042,29.934135403,13390593.0
2018-12-06,30.300216081,30.69445681,30.736696888,29.659574895,8938027.0
2018-12-07,30.55365655,29.589174765,30.815193034,29.404233622,6262172.0
2018-12-10,29.216054074,29.328694282,29.596214778,28.681505885,6540056.0
2018-12-11,29.708854986,29.286454204,30.032695585,28.888693468,5690694.0
2018-12-12,29.737015038,28.842933383,29.76510469,28.793653292,8069167.0
2018-12-13,29.011893696,28.131892067,29.018933709,27.973491774,6516910.0
2018-12-14,27.646131168,27.30117053,28.153012106,27.287090504,7563032.0
2018-12-17,27.265970465,26.928049839,28.244532276,26.716849448,8372679.0
2018-12-18,26.928049839,27.258930452,28.026291872,26.892849774,6910072.0
2018-12-19,27.047730061,25.752367663,27.579251045,25.435567077,10518597.0
2018-12-20,25.710127585,25.829807807,27.005489983,25.449647103,12199586.0
2018-12-21,25.991728106,25.273646777,26.477489005,25.245486725,14360538.0
2018-12-24,25.118766491,24.682285683,25.590447364,24.464045279,4944161.0
2018-12-26,25.153966556,25.998768119,26.048048211,23.81636408,9872076.0
2018-12-27,25.634799672,26.32705345,26.341326724,25.256557918,5841255.0
2018-12-28,26.608950607,26.220003897,26.812344758,25.834625505,7000623.0
2018-12-31,27.147766691,26.384146545,27.183449875,25.563433304,9211758.0
2019-01-02,25.798942321,27.304772702,27.740107552,25.706166041,8450254.0
2019-01-03,26.405556456,25.442110477,26.519742646,25.356470834,10237130.0
2019-01-04,26.12009098,26.519742646,26.705295204,25.881013645,8381051.0
2019-01-07,26.633928836,27.461778714,27.633057999,26.519742646,7897615.0
2019-01-08,28.01843639,27.197723149,28.139759217,26.512606009,10191726.0
2019-01-09,27.376139071,28.396678145,29.677704465,27.369002434,12521940.0
2019-01-10,28.203988949,28.410951419,28.724963442,27.747244189,6410957.0
2019-01-11,28.232535497,28.56795743,28.921791887,27.711561005,6665263.0
2019-01-14,27.040717138,27.162039965,27.244111289,25.806078958,17795413.0
2019-01-15,27.162039965,26.890847763,27.290499429,26.377009908,8321002.0
2019-01-16,26.99076068,26.997897317,27.647331273,26.87657449,6495002.0
2019-01-17,26.583972378,26.027314701,26.683885294,24.992502353,13077346.0
2019-01-18,26.084407796,27.975616569,27.989889843,25.877445326,12376008.0
2019-01-22,27.811473921,26.805208121,27.811473921,26.712431841,8667002.0
2019-01-23,27.069263685,26.848027942,27.369002434,26.541152556,6228746.0
2019-01-24,27.597374814,28.646460436,29.502856861,27.511735172,20804938.0
2019-01-25,32.471697804,30.801724774,34.220173839,29.637382467,49870681.0
2019-01-28,29.995284806,31.401202272,31.508251825,29.68840942,15729192.0
2019-01-29,31.401202272,30.366389924,31.779158561,30.302160192,8763045.0
2019-01-30,30.80886141,31.279879445,31.394065635,30.316433466,8905588.0
2019-01-31,31.265606171,32.107729323,32.164822418,31.044370428,9830910.0
2019-02-01,31.922176764,33.542193336,33.742019168,31.922176764,12149037.0
2019-02-04,33.585013157,34.14880747,34.177354018,32.899896016,8040054.0
2019-02-05,33.856205358,33.834795448,34.434272946,33.638537933,7874468.0
2019-02-06,33.841932084,34.255857024,34.741148331,33.834795448,6950072.0
2019-02-07,33.749155805,32.728616731,33.89902518,32.436014619,9324186.0
2019-02-08,31.722350931,33.335230866,33.34950414,31.436885456,9422325.0
2019-02-11,33.385187324,32.778573189,33.456553693,32.550200809,5523576.0
2019-02-12,33.156814944,33.727745894,34.130965878,33.075243184,6132611.0
2019-02-13,34.741148331,34.03462128,34.79110479,33.927571727,8086853.0
2019-02-14,33.941845001,34.24158375,34.548459136,33.87404695,7006121.0
2019-02-15,34.58414232,34.006074733,34.58414232,33.809817219,5874955.0
2019-02-19,34.555595772,34.255857024,34.962384075,34.01321137,6353918.0
2019-02-20,34.220173839,34.58414232,35.105116812,34.191627292,6257367.0
2019-02-21,34.527049225,33.677789436,34.612688868,33.57787652,5009171.0
2019-02-22,34.298676845,35.319215919,35.363177602,33.856205358,6382401.0
2019-02-25,36.325481719,36.653767015,37.281791061,36.225568802,10263311.0
2019-02-26,36.532444188,36.375438177,36.8250463,36.040016244,5316757.0
2019-02-27,36.275525261,34.641235415,36.660903652,34.612688868,9123420.0
2019-02-28,34.362906577,35.897283506,36.054289517,33.299547682,14636002.0
2019-03-01,36.411121361,36.867866122,37.071260273,36.104245975,10240637.0
2019-03-04,37.303200971,37.545846625,38.109640939,36.810773027,11009513.0
2019-03-05,37.110511776,36.211295529,37.281791061,36.02574297,8396458.0
2019-03-06,35.940103327,34.341496666,35.940103327,34.327223392,10475854.0
2019-03-07,34.155944107,33.535056699,34.155944107,32.407468072,11748855.0
2019-03-08,32.857076195,33.884751906,33.941845001,32.635840452,7041673.0
2019-03-11,34.077441102,35.440538746,35.6831844,34.01321137,8350533.0
2019-03-12,35.461948656,35.076570265,36.082836065,34.79110479,6389889.0
2019-03-13,35.069433628,34.962384075,35.304942645,34.305813482,7953983.0
2019-03-14,34.684055236,33.956118275,34.769694879,33.649242889,10357741.0
2019-03-15,34.006074733,34.327223392,35.062296991,33.998938096,15918030.0
2019-03-18,34.391453124,34.462819493,34.733940328,34.133178236,6488837.0
2019-03-19,34.769694879,34.170217381,34.851766203,34.056031191,6286340.0
2019-03-20,34.141670833,33.663516162,34.377964881,33.228181313,7166947.0
2019-03-21,34.163080744,36.953505764,37.303200971,34.163080744,19329970.0
2019-03-22,36.57526401,34.534185862,36.717996747,34.519912588,11474978.0
2019-03-25,34.434272946,34.177354018,34.862471158,33.606423067,5858547.0
2019-03-26,34.391453124,33.599286431,34.919564253,33.445848738,8445828.0
2019-03-27,33.706335984,32.386058161,33.863341995,32.072046138,11810620.0
2019-03-28,32.414922756,33.01386278,33.396318458,32.299464438,7557452.0
2019-03-29,33.396318458,34.680792245,35.070464068,33.396318458,11019411.0
2019-04-01,35.308596848,35.582810353,35.777646265,34.890060446,8707345.0
2019-04-02,35.525081195,36.354937855,36.683272446,35.243651545,8614045.0
2019-04-03,37.16314608,37.531169468,38.55586204,37.09242786,10905118.0
2019-04-04,37.098200776,37.090984631,37.43014344,36.621935215,5649936.0
2019-04-05,37.357981991,37.552817903,37.776518394,37.011607038,5581886.0
2019-04-08,37.105416921,37.228091384,37.350765847,36.341660148,5793760.0
2019-04-09,37.437359585,36.160101943,37.437359585,36.077116277,6264123.0
2019-04-10,36.138453508,36.578638346,36.737393533,35.792078555,5792488.0
2019-04-11,36.722961243,36.679664374,37.235307529,36.391018579,4462802.0
2019-04-12,37.256955963,37.401278861,37.725933218,36.997174748,5448949.0
2019-04-15,37.884760567,37.422927295,38.057948044,37.145105718,6157642.0
2019-04-16,38.361026128,39.176450499,39.450664004,38.151757927,11126091.0
2019-04-17,39.688796785,39.291908817,40.078468607,38.490916736,8809631.0
2019-04-18,39.306341106,39.970226434,40.006307159,38.895020849,7480332.0
2019-04-22,39.659932205,39.11872134,39.847551972,38.620807344,6047192.0
2019-04-23,39.234179658,39.291908817,39.508393163,38.548645895,5038347.0
2019-04-24,39.331597613,38.923885428,39.331597613,38.101244913,5035036.0
2019-04-25,39.327989541,38.209487086,39.436231714,37.906409002,5192520.0
2019-04-26,36.044643625,36.744609678,36.787906547,35.214786965,13547404.0
2019-04-29,36.520909187,36.419883158,37.192010659,36.30442484,12552188.0
2019-04-30,35.575594209,36.888932575,37.192010659,34.500388623,25154677.0
2019-05-01,37.228091384,36.658015939,38.27443239,36.535341476,9860811.0
2019-05-02,36.759041967,35.907536873,36.997174748,35.77043012,7603963.0
2019-05-03,36.160101943,36.658015939,36.759041967,35.849807714,5046560.0
2019-05-06,35.243651545,35.763213975,35.986914466,34.839547432,6042684.0
2019-05-07,35.149841661,34.067419931,35.705484816,33.663315818,8923413.0
2019-05-08,33.872584019,33.699396542,34.601414651,33.638059311,6500152.0
2019-05-09,33.172617967,33.497344486,33.612802804,32.162357685,8135912.0
2019-05-10,33.208698691,33.093240373,33.288076285,31.909792615,6154989.0
2019-05-13,31.772685862,31.022206796,31.880928035,30.913964623,9652221.0
2019-05-14,31.274771866,32.205654554,32.552029508,31.274771866,6991645.0
2019-05-15,31.823198876,32.826243013,33.154577605,31.743821283,5769365.0
2019-05-16,32.342761307,32.537597218,32.761297709,32.003602498,4441241.0
2019-05-17,32.003602498,32.205654554,33.057159649,31.33971717,5911768.0
2019-05-20,31.447959343,30.271727729,31.866495745,30.062459528,12106141.0
2019-05-21,30.704696421,31.35414946,31.548985371,30.704696421,5755053.0
2019-05-22,31.007774506,30.444915206,31.108800534,30.21399857,4202322.0
2019-05-23,29.795462168,29.939785065,30.019162659,29.030550812,5709855.0
2019-05-24,30.112972542,29.571761677,30.387186047,29.420222634,5009991.0
2019-05-28,29.759381443,28.561501395,29.997514224,28.543461033,6511022.0
2019-05-29,28.193478007,28.619230554,28.828498755,27.962561371,6947484.0
2019-05-30,28.806850321,28.474907657,29.521248663,28.200694151,5168597.0
2019-05-31,27.919264502,26.858491206,28.034722819,26.822482643,9424433.0
2019-06-03,26.945084944,26.757465177,27.399702071,26.573453483,7523545.0
2019-06-04,27.074975552,28.243991021,28.2728556,27.002814103,7157006.0
2019-06-05,28.467691512,27.349189057,28.857363335,27.273419536,6691965.0
2019-06-06,27.551241113,27.414134361,27.75877744,26.973949524,6535192.0
2019-06-07,27.255379173,26.656439149,27.551241113,26.562629266,7704488.0
2019-06-10,27.038894827,27.406918216,27.948129081,27.038894827,6293517.0
2019-06-11,28.150181137,27.717212445,28.207910296,27.479079664,5786518.0
2019-06-12,27.212082304,26.151309008,27.320324477,25.956473097,10529441.0
2019-06-13,26.288415761,26.945084944,26.959517234,26.021418401,9755603.0
2019-06-14,26.338928775,26.216254312,26.530300937,25.905960083,7292944.0
2019-06-17,26.129660574,26.172957443,26.454387093,25.696691882,5438743.0
2019-06-18,26.620358425,27.500728099,28.052763182,26.516662423,9343095.0
2019-06-19,27.774941604,28.027506675,28.424394642,27.650823912,7071661.0
2019-06-20,28.799634176,28.604798264,29.456303359,28.337800904,7203211.0
2019-06-21,28.359449339,28.893444059,29.081063826,27.998642095,12184221.0
2019-06-24,29.081063826,29.607842401,30.10936447,29.044983101,9267674.0
2019-06-25,29.817110602,29.658355415,30.264511584,29.506816373,7597043.0
2019-06-26,31.613930675,31.823198876,32.73243313,31.318068735,17963892.0
2019-06-27,31.976475774,32.516594287,32.918033723,31.691818719,10493267.0
2019-06-28,33.12240289,34.706263936,34.74275843,33.071310598,19597066.0
2019-07-01,36.786450103,36.23903269,37.268177425,35.42885492,14394305.0
2019-07-02,35.268279146,35.275578045,35.874087749,34.596780454,10252328.0
2019-07-03,35.472648313,34.990920991,35.538338403,34.80844852,5300500.0
2019-07-05,34.677068341,35.414257123,35.472648313,34.509193668,6198430.0
2019-07-08,34.888736407,36.399608465,36.42880406,34.881437508,8968114.0
2019-07-09,36.144147006,37.574731176,37.618524569,36.107652512,13344038.0
2019-07-10,38.209735375,39.443249277,39.54543386,38.180539779,12458871.0
2019-07-11,39.560031658,39.603825051,39.757101927,38.51665407,9344995.0
2019-07-12,39.749803028,40.362910529,40.636619236,39.253477907,8704963.0
2019-07-15,40.392106125,39.881183207,40.567279697,39.457847074,7172454.0
2019-07-16,39.85928651,37.582030075,39.85928651,36.86673799,15016093.0
2019-07-17,37.742605849,37.582030075,38.304621059,37.224384033,8327953.0
2019-07-18,37.48714439,38.596577013,38.622123158,37.443350997,6661311.0
2019-07-19,38.888532966,38.290023262,38.888532966,37.86668713,5713491.0
2019-07-22,38.647669304,40.370209428,40.443125428,38.55278362,9931665.0
2019-07-23,40.48699181,40.85923565,40.903029043,39.91337135,5784418.0
2019-07-24,40.603774191,41.866483688,42.052605609,40.603774191,7076596.0
2019-07-25,41.808092498,41.581826634,42.23142863,41.158490502,5122544.0
2019-07-26,41.501538747,41.238778389,41.881081486,41.012512525,3799325.0
2019-07-29,40.713257673,40.720556572,40.881132346,39.93212952,5730903.0
2019-07-30,40.289921541,41.304468478,41.468693702,40.078253475,5001269.0
2019-07-31,40.771648864,39.333765794,40.924925739,38.92502746,11329612.0
2019-08-01,41.319066276,40.516187405,42.698558155,39.143994425,17698800.0
2019-08-02,39.516238265,39.698710736,40.392106125,38.494392429,8104743.0
2019-08-05,38.355713351,38.501691328,38.742554989,37.771874434,7745460.0
2019-08-06,39.136695526,39.107499931,39.778998623,38.326517756,8094582.0
2019-08-07,38.392207845,38.560082518,39.778998623,37.538236682,10848904.0
2019-08-08,38.990717549,40.289921541,40.341013833,38.654968203,6343633.0
2019-08-09,40.012563386,39.603825051,40.100150172,39.071005436,4885037.0
2019-08-12,39.275374604,39.538134962,39.647618444,38.527237474,5485731.0
2019-08-13,39.61112395,40.581877494,41.399354163,39.282673503,6114107.0
2019-08-14,39.574629456,39.727906331,39.990666689,38.881234067,5639981.0
2019-08-15,39.815493117,39.457847074,39.92132715,39.012614246,3811849.0
2019-08-16,39.910378802,40.282622642,40.749752167,39.910378802,4789622.0
2019-08-19,41.340962973,41.786195801,42.092749552,41.034409222,6743872.0
2019-08-20,41.691310116,41.012512525,41.808092498,40.627860557,4713630.0
2019-08-21,41.538033241,41.129294907,41.990564968,41.019811424,3117487.0
2019-08-22,41.326365175,41.559929938,41.815391397,40.957770784,3247657.0
2019-08-23,40.961420233,39.873884308,41.559929938,39.753452477,4909512.0
2019-08-26,40.501589607,39.881183207,40.698659876,39.662216242,2864365.0
2019-08-27,40.246128148,38.436001238,40.362910529,38.392207845,4629278.0
2019-08-28,38.428702339,39.005315347,39.143994425,37.837491534,4388496.0
2019-08-29,39.706009635,40.202334755,40.681288496,39.662216242,4238837.0
2019-08-30,40.574578595,41.800793599,41.902978183,40.574578595,6340870.0
2019-09-03,41.333664074,41.946771576,42.216830832,40.954121335,5979724.0
2019-09-04,42.961318513,43.304366758,44.764146524,42.961318513,8339085.0
2019-09-05,44.16563682,45.216678251,45.406449621,43.968566551,7728859.0
2019-09-06,45.326161734,45.428346317,45.866280247,45.019607983,5893755.0
2019-09-09,45.340759531,45.800590158,46.107143909,45.260471644,4726698.0
2019-09-10,45.523232002,45.450243014,45.888176944,45.045738041,4849072.0
2019-09-11,45.917372539,46.931919476,47.355255609,45.764095664,6624659.0
2019-09-12,47.092495251,47.22387543,47.559624776,46.742148107,4556603.0
2019-09-13,46.946517274,47.150886441,47.669108258,46.939218375,3887029.0
2019-09-16,46.501284445,45.97576373,46.508583344,45.66191108,6076804.0
2019-09-17,45.939269236,46.647262422,46.727550309,45.727601169,3754018.0
2019-09-18,46.669159119,46.391800963,46.705653613,45.333460633,4290708.0
2019-09-19,46.486686648,45.727601169,46.621716276,45.304265037,5456653.0
2019-09-20,46.267719683,44.2897181,46.267719683,44.22402801,11729991.0
2019-09-23,44.581674053,44.515983964,45.056102477,44.260522505,4191856.0
2019-09-24,44.669260839,43.486839229,44.829836613,43.333562353,5233355.0
2019-09-25,43.567127116,44.559777357,45.28966724,43.399252443,8341118.0
2019-09-26,44.793342119,45.107194769,45.618117687,44.435696077,5940084.0
2019-09-27,44.844434411,44.151039022,45.618117687,43.924773158,7622170.0
2019-09-30,44.04155554,43.530632622,44.110895079,42.939421816,5057848.0
2019-10-01,43.837186372,42.764248244,44.60357075,42.60367247,4229638.0
2019-10-02,42.194934136,41.472343152,42.289819821,40.979667481,7416140.0
2019-10-03,41.656435569,42.547442941,42.57689773,40.853792564,5611823.0
2019-10-04,42.819899741,43.129175027,43.254357881,42.68735319,3256010.0
2019-10-07,42.922991503,42.702080584,43.261721578,42.6578984,3324686.0
2019-10-08,42.046711525,40.883247354,42.193985471,40.794882986,5855106.0
2019-10-09,41.43552465,41.62698078,41.950983461,41.182949833,2984558.0
2019-10-10,41.531252715,42.22344026,42.57689773,41.332432888,3152270.0
2019-10-11,43.107083935,42.967173687,43.649346604,42.716807979,3469700.0
2019-10-14,43.894999545,43.651997535,44.351548777,43.298540065,4974002.0
2019-10-15,43.674088626,44.786006917,44.874371285,43.63727014,4786434.0
2019-10-16,44.874371285,43.784544086,44.984826744,43.696179718,3612607.0
2019-10-17,44.248457015,43.902363242,44.248457015,43.232266789,4119856.0
2019-10-18,43.504723589,42.805172346,43.600451654,42.164530682,4399505.0
2019-10-21,43.143902422,43.151266119,43.489996194,42.915627806,2938882.0
2019-10-22,43.232266789,43.342722248,44.112007704,43.232266789,4141133.0
2019-10-23,42.805172346,42.451714876,42.805172346,41.885152007,4625348.0
2019-10-24,43.320631157,43.82872627,44.351548777,42.886173016,4994452.0
2019-10-25,43.836089967,45.087918506,45.154191782,43.651997535,4492577.0
2019-10-28,45.765378657,46.1924731,46.284519316,45.330920517,4105223.0
2019-10-29,46.280837467,46.236655283,46.483339143,45.822668222,3740910.0
2019-10-30,46.339747045,45.772742354,46.457566202,45.161555479,6324963.0
2019-10-31,42.202085538,38.033496502,42.709444282,37.959859529,29493585.0
2019-11-01,38.151315659,39.638782512,40.043785863,37.93040474,12722520.0
2019-11-04,40.198423506,40.470880305,40.548199127,39.638782512,7015335.0
2019-11-05,40.515062489,39.867057128,40.632881646,39.675600998,6004322.0
2019-11-06,39.719783182,39.557781841,39.734510576,38.858230599,7700174.0
2019-11-07,40.176332414,39.204324371,40.257333084,39.086505215,5131315.0
2019-11-08,39.034959334,38.305953302,39.101232609,37.981950621,7625696.0
2019-11-11,37.7684034,38.28386221,38.445863551,37.532838724,5792383.0
2019-11-12,38.39431767,38.688865561,38.902412783,38.114497173,5563776.0
2019-11-13,38.224952632,37.569583573,38.269134816,37.267671984,6959867.0
2019-11-14,37.422309627,37.098306947,37.464871798,36.413483099,6132859.0
2019-11-15,37.547492481,37.068852157,37.871495162,36.928941909,7116369.0
2019-11-18,37.002578882,36.457665282,37.113034341,36.030570839,7582449.0
2019-11-19,36.597575531,34.992289522,36.597575531,34.800833392,11019604.0
2019-11-20,34.977562127,35.713931856,36.023207142,34.962834732,14667557.0
2019-11-21,35.625567489,35.227927835,36.074753023,35.065926494,5637046.0
2019-11-22,35.507748332,35.684477067,35.986388656,35.316292202,3892419.0
2019-11-25,35.846478407,36.641757715,36.766940568,35.776523283,5069607.0
2019-11-26,36.619666623,35.868569499,36.678576201,35.691840764,5091745.0
2019-11-27,36.207299574,37.120398038,37.179307617,36.137418087,5068059.0
2019-11-29,37.105670644,37.06148846,37.344990806,36.811122752,2471232.0
2019-12-02,37.068852157,35.713931856,37.363400049,35.67711337,6826580.0
2019-12-03,34.977562127,35.13219977,35.183745651,34.351647857,5777618.0
2019-12-04,35.48565724,34.933379943,35.846478407,34.878152214,6326211.0
2019-12-05,35.198473046,34.896561457,35.478293543,34.786105997,5005396.0
2019-12-06,35.478293543,36.141026299,36.568120742,35.349502477,5327663.0
2019-12-09,35.875933196,35.389929175,36.141026299,35.047517251,5737472.0
2019-12-10,35.721295553,36.258845455,36.800077206,35.48565724,6867979.0
2019-12-11,36.597575531,37.60640206,37.915677346,36.450301585,6148728.0
2019-12-12,37.731584913,39.565145539,39.712419484,37.71317567,9670330.0
2019-12-13,39.808147549,39.984876284,40.794882986,39.579872933,8980711.0
2019-12-16,41.472343137,41.604889688,42.959809989,41.27352331,12244332.0
2019-12-17,41.818436909,42.149803287,42.407532693,41.479706834,6368703.0
2019-12-18,42.098257406,42.14243959,42.49589706,41.833164304,5111447.0
2019-12-19,43.372177038,43.276448973,43.740361902,42.370714206,7576470.0
2019-12-20,43.902363242,44.999554139,45.117373295,43.563633167,12869499.0
2019-12-23,44.94064456,46.170382008,46.442838808,44.844916496,7090588.0
2019-12-24,46.199836797,45.824288235,46.229291586,45.529740344,2558023.0
2019-12-26,45.743287565,46.244018981,46.534885024,45.672522434,3075761.0
2019-12-27,46.464929899,45.750651262,46.833114764,45.573922527,4207123.0
2019-12-30,45.654923198,45.934743695,46.008380667,44.61664188,4301453.0
2019-12-31,45.588649922,46.737386699,46.76315964,45.431876807,5097021.0
2020-01-02,47.650313295,48.704261035,48.971459053,47.650313295,8828551.0
2020-01-03,47.420226113,47.954622149,48.470462768,47.167872428,5238482.0
2020-01-06,46.729964565,47.034273419,47.907342945,46.574173276,5407299.0
2020-01-07,48.39995218,50.218383139,50.455892489,47.895244812,14728014.0
2020-01-08,49.884385616,50.945755523,51.212953542,49.454048363,8740463.0
2020-01-09,51.502418062,50.930911189,51.710238743,49.944282505,6871758.0
2020-01-10,51.131309703,50.42620382,51.231508959,50.218383139,5935163.0
2020-01-13,50.886378186,51.309441715,51.71766091,50.641446669,5508520.0
2020-01-14,51.361396885,51.368819052,52.326278619,51.13873187,5950994.0
2020-01-15,50.760201344,49.483588589,50.90122252,49.015992056,7730472.0
2020-01-16,50.500425492,50.968022025,51.13873187,50.218383139,6920914.0
2020-01-17,51.777038247,50.66371317,51.806726916,50.366826483,5580979.0
2020-01-21,50.151583635,51.057088031,51.205531374,50.077361963,6675767.0
2020-01-22,51.24264221,50.945755523,51.814149083,50.678557505,4005195.0
2020-01-23,52.222368278,52.645431807,53.439603696,50.945755523,9189107.0
2020-01-24,53.224360847,51.598906235,53.261471683,51.131309703,5881999.0
2020-01-27,49.186701901,49.476166421,50.099628465,48.481596019,6058439.0
2020-01-28,50.08478413,50.775045678,51.090487783,49.298034409,4540482.0
2020-01-29,50.604335833,49.550388093,50.930911189,49.446477753,4136263.0
2020-01-30,48.53355119,49.698831437,49.704843392,47.880400478,11576808.0
2020-01-31,51.334305975,48.615195029,51.581464142,48.370263512,18598181.0
2020-02-03,48.6894167,49.906652118,51.250064377,48.013999487,7652192.0
2020-02-04,51.212953542,50.789890012,51.866104253,50.730512675,6279567.0
2020-02-05,51.539528897,50.552380662,52.311434284,50.03282896,6445908.0
2020-02-06,51.049665864,50.990288526,51.305730631,50.203538805,4936589.0
2020-02-07,50.507847659,49.750786607,50.648868836,49.646876267,5348552.0
2020-02-10,49.283190075,50.485581158,50.485581158,49.179279734,4082347.0
2020-02-11,51.316863882,51.153576204,51.806726916,50.648868836,5122941.0
2020-02-12,51.732505244,52.214946111,52.920051993,51.732505244,5269475.0
2020-02-13,51.331708216,51.643439238,52.764186482,51.245462634,4857626.0
2020-02-14,52.0590806,51.398507721,52.155568773,50.723090508,4240733.0
2020-02-18,50.262916142,50.700824006,50.789890012,49.735942273,3510069.0
2020-02-19,51.198109207,51.628594904,52.162990941,51.064510198,3532767.0
2020-02-20,51.658283572,51.257486545,51.732505244,50.047673294,3141835.0
2020-02-21,50.827000848,49.713675771,51.042243696,49.097635895,5427849.0
2020-02-24,47.204983264,47.175294596,48.199553666,46.863563574,6708840.0
2020-02-25,47.227249766,44.184161222,47.58351379,43.86129695,7800069.0
2020-02-26,44.436514906,44.250960727,45.817038002,44.035717878,6387002.0
2020-02-27,42.380574597,40.948096332,43.338034164,40.777386486,8462373.0
2020-02-28,38.780823515,41.237560852,41.348893359,38.431981658,10432844.0
2020-03-02,42.566128777,44.562691748,44.58495825,41.84617856,9996158.0
2020-03-03,44.236116392,42.254397755,45.242636484,41.816489892,7173750.0
2020-03-04,43.300923328,43.894696702,43.998607043,42.120798746,6806594.0
2020-03-05,42.217286919,42.833326795,44.206427724,42.143065248,5938697.0
2020-03-06,40.859030325,40.621520976,42.365730263,39.612106239,7952653.0
2020-03-09,36.784260544,35.181072433,37.593202545,35.121695095,8926701.0
2020-03-10,37.088569398,37.073725064,37.481944259,34.461122216,9855400.0
2020-03-11,35.492803454,33.50366265,35.596713795,32.798556768,10143264.0
2020-03-12,30.163687419,29.02809584,31.952429709,27.320997389,12745078.0
2020-03-13,31.772293712,31.039503146,32.011807047,28.486277636,11083543.0
2020-03-16,26.229938814,24.693550207,28.033525438,24.58845232,11742347.0
2020-03-17,25.406078257,25.272479247,27.462018566,23.008718258,13596019.0
2020-03-18,23.045829093,21.665305998,23.750934976,20.7375351,11732346.0
2020-03-19,21.672728165,23.261071942,24.144309836,20.336738073,9055238.0
2020-03-20,24.010710827,23.045829093,25.851408287,23.008718258,12266656.0
2020-03-23,23.81773448,25.509988597,25.97758513,22.414944883,13900821.0
2020-03-24,27.899926429,30.037510577,30.690661289,27.172554045,13717553.0
2020-03-25,30.282442094,30.89848197,33.704061164,28.901918998,12480097.0
2020-03-26,32.279005065,32.87277844,34.282990204,31.692653858,11579064.0
2020-03-27,31.440300174,31.358656335,32.420026242,30.108021165,8654185.0
2020-03-30,31.729764694,32.2938494,33.085794638,31.039503146,7613971.0
2020-03-31,31.989540545,30.891059803,32.754023765,30.485809475,9007562.0
2020-04-01,29.466003704,28.701520485,30.638706119,28.137435779,8756483.0
2020-04-02,28.994776785,28.874466508,30.59640735,28.145085453,7179614.0
2020-04-03,29.032373747,28.731598054,29.611366956,28.1977212,4530121.0
2020-04-06,30.558810388,32.566488137,32.844705653,30.558810388,8556933.0
2020-04-07,34.250832017,32.228115483,35.476492965,32.077727637,9603425.0
2020-04-08,32.904860792,34.092924778,34.529049533,32.716875984,6583098.0
2020-04-09,35.123081526,33.874862401,36.213393413,32.769662118,8598939.0
2020-04-13,33.2883498,32.904860792,33.694396985,32.190518521,7528406.0
2020-04-14,33.656800024,33.664319416,34.514010748,33.235714054,7650007.0
2020-04-15,32.449411199,32.070208244,32.777031122,31.431059897,6701841.0
2020-04-16,32.175479737,30.88966365,32.333386976,30.375337215,8040066.0
2020-04-17,32.438658468,31.822068298,32.453697253,31.325788405,7750833.0
2020-04-20,31.265633266,29.739196625,31.265633266,29.694080271,10297949.0
2020-04-21,28.994776785,28.445861146,29.318110655,28.339160969,8162942.0
2020-04-22,29.483537286,30.024933533,30.344507707,29.250436124,6127456.0
2020-04-23,30.122685633,29.618886348,30.5475313,29.33314944,6838684.0
2020-04-24,29.829429333,30.59640735,30.761833981,29.355782811,5568881.0
2020-04-27,31.047570889,32.401061506,32.521371784,30.98741575,6438112.0
2020-04-28,33.325946762,33.61168367,33.867343009,32.566488137,7993751.0
2020-04-29,34.589204672,35.890059543,36.717192698,34.055327817,11626903.0
2020-04-30,35.453934788,34.64935981,35.506570535,33.991412982,12252971.0
2020-05-01,30.453538896,30.438500111,31.160361774,28.889505293,33269368.0
2020-05-04,30.039972318,29.829429333,30.5475313,29.212839163,11766098.0
2020-05-05,30.46857768,30.329468922,31.543850782,30.182840772,8212902.0
2020-05-06,30.66408188,30.551290996,31.385943543,30.295631657,5201312.0
2020-05-07,31.149834624,31.468656859,31.641602882,30.874624865,5868172.0
2020-05-08,32.070208244,33.235714054,33.310907977,32.047650067,6430251.0
2020-05-11,32.581526922,31.874704044,32.581526922,31.468656859,6848699.0
2020-05-12,32.288270622,30.814469727,32.370983937,30.807025528,6827302.0
2020-05-13,30.679120665,29.513614856,30.806950335,29.20531977,8415740.0
2020-05-14,29.032373747,30.333228618,30.378344972,28.310512084,7601465.0
2020-05-15,29.355707617,29.483537286,29.934700825,29.028614051,7307403.0
2020-05-18,30.686640057,31.867184652,31.972456144,30.603926742,8048941.0
2020-05-19,31.807029513,31.385943543,32.295790014,31.21299752,5540756.0
2020-05-20,32.408580899,32.318348191,33.273311016,31.874704044,7593555.0
2020-05-21,32.115324598,32.100285814,32.596565707,31.543850782,5686851.0
2020-05-22,32.243154268,31.897262221,32.25067366,31.513773213,4539646.0
2020-05-26,33.356024331,33.889901186,34.431297433,32.987574107,7427779.0
2020-05-27,34.213235056,34.596724064,34.822305833,32.453697253,11781111.0
2020-05-28,34.183157486,32.799589299,34.254591713,32.694317807,5721787.0
2020-05-29,32.874783223,33.363543723,33.491373393,32.15292156,7104235.0
2020-06-01,32.634162668,32.389782418,32.919899576,32.167960344,6168538.0
2020-06-02,32.450539108,33.085326208,33.122923169,32.243154268,5861052.0
2020-06-03,33.874862401,34.168118702,34.446336217,33.604164278,6490008.0
2020-06-04,33.83726544,34.574165887,35.100523349,33.438737647,9228194.0
2020-06-05,36.23595159,36.438975182,37.506728892,35.649438989,10201034.0
2020-06-08,37.183395022,36.491610928,37.235278829,35.764184915,7115571.0
2020-06-09,35.634400204,35.965253466,36.183315843,35.250911196,5457802.0
2020-06-10,36.002850428,35.228353019,36.093083136,34.84486401,6477483.0
2020-06-11,33.551528531,31.844626475,33.589125493,31.82958769,10804185.0
2020-06-12,33.040209854,32.295790014,33.589125493,31.40850172,7495044.0
2020-06-15,31.175400558,32.280751229,32.468736037,30.656562488,7655261.0
2020-06-16,33.957575717,33.438737647,34.671917987,32.807108692,7498088.0
2020-06-17,33.739513339,32.86726383,33.739513339,32.716875984,5277187.0
2020-06-18,32.545509033,32.198037914,32.724019407,31.934859183,5261769.0
2020-06-19,32.649201453,33.378582508,33.85222903,32.483774822,18885820.0
2020-06-22,34.220754448,33.919978755,34.243312625,32.8973414,7843503.0
2020-06-23,34.107963563,32.716875984,34.205715663,32.558968745,7494224.0
2020-06-24,32.626643276,31.769432552,32.649201453,31.528811997,7574315.0
2020-06-25,31.498734428,32.010053106,32.100285814,31.107726027,5565359.0
2020-06-26,31.859665259,30.731756411,31.934859183,30.611446134,7598040.0
2020-06-29,30.897183042,31.573928351,31.746874375,30.528732819,4935071.0
2020-06-30,32.498813607,33.198117092,33.318427369,32.198037914,9164406.0
2020-07-01,33.0928456,31.919820398,33.183078308,31.615285009,8003397.0
2020-07-02,32.34842576,31.912301006,32.626643276,31.724316198,5161615.0
2020-07-06,32.536410568,32.295790014,32.8973414,31.995014321,5748760.0
2020-07-07,31.882223436,31.370904759,32.213076698,31.205478128,6199584.0
2020-07-08,31.528811997,32.182999129,32.182999129,31.273152658,4929322.0
2020-07-09,32.198037914,31.822068298,32.333386976,31.137803597,4918043.0
2020-07-10,31.671680451,31.814548905,31.949897967,31.175400558,4314018.0
2020-07-13,32.107805206,31.468656859,32.428808064,31.449858378,5995445.0
2020-07-14,31.11524542,31.615285009,31.716796805,30.506174642,5132906.0
2020-07-15,32.325867583,33.137961954,33.220675269,32.092766421,6406187.0
2020-07-16,32.709356592,32.934938361,33.280830408,32.47625543,4329163.0
2020-07-17,33.198117092,32.637922364,33.198117092,32.363464545,3024471.0
2020-07-20,32.408580899,32.76951173,32.987574107,32.160440952,4092910.0
2020-07-21,33.055248638,33.213155877,33.806435931,32.942457753,5450053.0
2020-07-22,33.160520131,33.055248638,33.265791623,32.694317807,4307544.0
2020-07-23,33.042315283,34.709514949,35.634400204,33.025171069,14638012.0
2020-07-24,34.107963563,32.220596091,34.175638094,32.115324598,10630696.0
2020-07-27,32.513852391,32.882302615,32.901101096,31.995014321,5238367.0
2020-07-28,32.634162668,32.220596091,32.957496538,32.160440952,4143553.0
2020-07-29,31.649122274,31.897262221,32.295790014,31.461137466,7131451.0
2020-07-30,31.498734428,32.15292156,32.186758825,31.122764812,4656180.0
2020-07-31,32.265712445,32.408580899,32.438658468,31.60400592,5140780.0
2020-08-03,32.44617786,33.010132284,33.074047119,31.889742829,5379920.0
2020-08-04,32.656720845,33.656800024,33.671838808,32.611604491,4903759.0
2020-08-05,33.852304224,33.438737647,34.107963563,33.133299931,8824043.0
2020-08-06,29.400823971,28.047333353,29.484439613,27.74655766,44784670.0
2020-08-07,28.115007884,27.817991887,28.498496892,27.445781968,13564988.0
2020-08-10,27.97213943,28.092449707,28.408264184,27.611208599,10403194.0
2020-08-11,28.205240592,27.806712799,28.671442916,27.731518876,8134586.0
2020-08-12,28.054852745,27.64880556,28.062372138,27.45330136,8314077.0
2020-08-13,27.370588044,26.874308151,27.509696802,26.791594836,11048396.0
2020-08-14,26.844230582,26.874308151,27.122448098,26.633687597,6499776.0
2020-08-17,27.002137821,26.769036659,27.107409313,26.663765166,4387014.0
2020-08-18,26.814153013,26.099810742,26.814153013,25.99453925,8254882.0
2020-08-19,26.242679196,25.904306542,26.520896712,25.821593226,6813396.0
2020-08-20,25.415546041,25.641127811,25.844151403,25.265158195,6458773.0
2020-08-21,25.348172286,25.34787151,25.514651632,25.212522448,6713362.0
2020-08-24,25.535856318,25.971981073,26.039655604,25.362910295,7481911.0
2020-08-25,26.167485273,25.799035049,26.648726382,25.723841126,6446918.0
2020-08-26,26.024616819,25.787755961,26.024616819,25.596011457,5561422.0
2020-08-27,26.010781137,26.498338535,26.573532458,25.47570118,8903726.0
2020-08-28,26.663765166,28.453380538,28.468419323,26.588571243,15542489.0
2020-08-31,28.333070261,28.889505293,28.972218608,27.942061861,12251862.0
2020-09-01,28.613919564,28.077410922,28.829350154,27.693921914,7894648.0
2020-09-02,28.34186795,29.220358555,29.521134248,28.333070261,9817297.0
2020-09-03,28.994776785,28.355628438,29.182761593,27.596169814,9746532.0
2020-09-04,28.340589654,28.694001093,28.859427724,27.889426114,9932044.0
2020-09-08,27.84430976,27.408185006,28.212759984,27.378107437,7570251.0
2020-09-09,27.581131029,27.483378929,27.708960699,26.791594836,7923902.0
2020-09-10,27.671363737,27.25779716,27.964620038,27.099889921,6856642.0
2020-09-11,27.445781968,28.099969099,28.430822361,27.265316552,8403873.0
2020-09-14,28.573690816,29.280513694,29.325630048,28.573690816,8002920.0
2020-09-15,29.393304578,28.412023881,29.393304578,28.257876338,6599144.0
2020-09-16,28.641365346,29.163963113,29.618886348,28.581210208,7955465.0
2020-09-17,28.415783577,28.7842338,29.10756767,28.122527276,5402809.0
2020-09-18,28.829350154,27.979658822,28.866947116,27.588650422,8893610.0
2020-09-21,27.381867133,27.137486882,27.423223791,26.742718786,6402136.0
2020-09-22,27.363068652,27.423223791,27.536014675,27.062292959,4435317.0
2020-09-23,29.077490101,29.265474909,30.919741219,28.994776785,18036228.0
2020-09-24,28.91206347,28.220279376,29.054931924,28.130046669,7122524.0
2020-09-25,28.107488492,28.927102255,28.957179824,27.784154622,5097276.0
2020-09-28,29.210282569,29.039893139,29.506095463,28.87258666,6913161.0
2020-09-29,28.91206347,29.566250602,30.115166241,28.91206347,8842752.0
2020-09-30,28.408264184,27.483378929,28.585045098,27.423223791,18710346.0
2020-10-01,27.678883129,27.317952298,27.841302004,27.137486882,10316688.0
2020-10-02,26.693842736,27.039734782,27.505937106,26.535935497,7102164.0
2020-10-05,27.242758375,27.498417714,27.77663523,27.220200198,6882193.0
2020-10-06,27.543534068,27.265316552,27.911984291,27.197642021,6273347.0
2020-10-07,27.814232191,28.235318161,28.434582058,27.603689206,6960616.0
2020-10-08,28.554892335,29.100048278,29.190280986,28.4909775,6104861.0
2020-10-09,29.581289386,28.663923523,29.739196625,28.551132639,6252294.0
2020-10-12,28.633845954,28.81431137,28.919582862,28.272915123,6959521.0
2020-10-13,28.919582862,28.460899931,29.318110655,28.378186615,5629777.0
2020-10-14,28.648884739,28.370667223,28.829350154,28.2954733,4608755.0
2020-10-15,27.942061861,28.573690816,28.596248992,27.69768161,4865259.0
2020-10-16,28.641365346,28.528574462,29.257955517,28.257876338,23064122.0
2020-10-19,28.761675624,30.769353373,31.547760866,28.603768385,22689913.0
2020-10-20,30.754314588,31.137803597,31.461137466,30.681526871,9843077.0
2020-10-21,31.416021112,31.626564097,31.972456144,31.348346582,9093479.0
2020-10-22,31.649122274,32.288270622,32.912380184,31.318269012,8079172.0
2020-10-23,31.964936752,31.370904759,32.137882775,31.062609673,8861533.0
2020-10-26,31.08516785,30.449779199,31.182919951,29.957259002,6467315.0
2020-10-27,30.325709226,30.318189834,30.649043096,30.07756928,5299660.0
2020-10-28,29.047412532,29.182761593,29.776793587,29.024628773,7453051.0
2020-10-29,28.611287777,28.656404131,29.115087063,28.107488492,8520681.0
2020-10-30,28.558652031,28.370667223,28.754156231,27.799193407,6708289.0
2020-11-02,28.641365346,27.84430976,28.641365346,27.513456498,7147735.0
2020-11-03,28.2954733,28.182682415,28.63760565,28.054852745,5712705.0
2020-11-04,28.430822361,28.205240592,28.521055069,27.596169814,5531680.0
2020-11-05,28.385706008,29.438420932,29.506095463,28.370667223,6017135.0
2020-11-06,29.551211817,29.934700825,30.12644533,29.400823971,4034414.0
2020-11-09,31.205478128,31.190439343,32.303309406,30.949818789,7884306.0
2020-11-10,31.130284204,31.032532104,31.50625382,30.761833981,5242910.0
2020-11-11,31.333307797,30.528732819,31.528736803,30.348342597,4820362.0
2020-11-12,30.288112264,29.558731209,30.423461326,29.295552478,5384587.0
2020-11-13,29.927181433,31.182919951,31.258113874,29.814390548,6597381.0
2020-11-16,32.062688852,32.76951173,32.777031122,31.724316198,7358568.0
2020-11-17,32.34842576,32.122843991,32.461216645,31.701758021,4846366.0
2020-11-18,32.198037914,31.949897967,32.656720845,31.934859183,5170619.0
2020-11-19,31.686719236,32.040130675,32.085247029,31.431059897,3457695.0
2020-11-20,32.017572498,31.897262221,32.453697253,31.882223436,3420154.0
2020-11-23,32.167960344,33.446257039,33.641761239,32.040130675,7669227.0
2020-11-24,33.90493997,34.468894394,34.55160771,33.574086708,6001114.0
2020-11-25,34.220754448,34.03276964,34.310987156,33.423774056,4245134.0
2020-11-27,34.055327817,34.476413787,34.754631303,34.055327817,2803651.0
2020-11-30,34.566646495,33.747032732,34.995251857,33.641761239,6397539.0
2020-12-01,34.190676879,35.544167496,36.18248871,34.107963563,8903138.0
2020-12-02,35.461454181,35.882540151,36.032927997,35.288508157,5976473.0
2020-12-03,36.183315843,36.454013967,36.852692148,35.822385012,6226094.0
2020-12-04,36.845022368,38.912855256,38.965491002,36.777347837,8541763.0
2020-12-07,39.052114401,38.454172324,39.469290287,38.31130387,6247587.0
2020-12-08,38.206032377,39.416654541,39.44673211,38.174676511,4766698.0
2020-12-09,39.552003603,38.424094755,40.010686534,38.048125139,6175378.0
2020-12-10,37.585682511,38.807583763,39.070762494,37.529287069,4950344.0
2020-12-11,38.108280277,38.416575362,38.882777686,38.018047569,4148310.0
2020-12-14,38.946692521,38.454172324,39.396577763,38.378978401,4759455.0
2020-12-15,39.236189125,40.28890405,40.296423442,39.010607356,6473695.0
2020-12-16,40.380189473,39.86781808,40.559602174,39.747507803,3950673.0
2020-12-17,40.115958027,40.198671342,40.236268304,39.749011681,3966880.0
2020-12-18,40.334697149,39.99564775,41.048362674,39.822701726,9234765.0
2020-12-21,38.811343459,39.258747302,39.44673211,38.687273486,5052038.0
2020-12-22,39.258747302,37.386418615,39.390336668,37.356341045,5446399.0
2020-12-23,37.559364638,37.544325853,38.048125139,37.153317453,3553998.0
2020-12-24,37.830062761,37.536806461,37.878938812,37.108201099,1620542.0
2020-12-28,38.040605746,37.642077953,38.326342655,37.318744084,3657109.0
2020-12-29,38.078202708,36.311145513,38.078202708,36.266029159,6117292.0
2020-12-30,36.30362612,37.24355016,37.815023977,36.30362612,5247822.0
2020-12-31,37.521767676,41.64991406,42.07100003,37.454093145,20486119.0
2021-01-04,41.319060798,39.273786087,41.597278314,39.130917633,9923218.0
2021-01-05,39.597119957,39.897895649,40.61223792,39.589600564,5121572.0
2021-01-06,39.886616561,40.161074381,41.055882067,39.582081172,5983237.0
2021-01-07,40.677280663,41.161153559,41.64991406,40.537043997,5828982.0
2021-01-08,41.64991406,38.965491002,41.695030414,38.551924424,9984284.0
2021-01-11,38.236109947,38.769986801,39.247543408,38.055644531,4685050.0
2021-01-12,38.717351055,37.521767676,38.897816471,37.408976792,6519880.0
2021-01-13,37.213472591,37.198433807,37.408976792,36.559285459,8516339.0
2021-01-14,37.266108337,37.875179115,38.446652932,36.799906014,6096570.0
2021-01-15,37.739830054,38.50680807,39.191072771,37.581922815,7764167.0
2021-01-19,38.709831663,39.093320671,39.221150341,38.123319062,4773959.0
2021-01-20,39.536964818,38.965491002,39.792624157,38.631780371,3887496.0
2021-01-21,39.003087963,40.236268304,40.484257863,38.973010394,5765301.0
2021-01-22,39.160995202,38.130838454,39.371538187,37.717271877,6931152.0
2021-01-25,38.123319062,38.559443816,38.619598955,37.724866463,4315607.0
2021-01-26,38.942932825,39.145956417,39.552003603,38.713591359,4839310.0
2021-01-27,38.348900832,39.99564775,41.687511022,38.1834742,11500637.0
2021-01-28,40.266345873,39.589600564,40.51448582,39.156483567,8920205.0
2021-01-29,44.108755349,42.431930861,45.627672597,41.446890467,20508084.0
2021-02-01,42.853016831,43.30418037,43.582397886,42.431930861,6088086.0
2021-02-02,44.063638995,43.544800925,44.37193408,43.228986447,5326735.0
2021-02-03,43.597436671,43.386893686,44.14635231,43.025962855,4021454.0
2021-02-04,43.792940871,44.559918888,44.668950076,43.657591809,4366292.0
2021-02-05,44.747903696,44.920849719,45.334416297,44.544880103,3975868.0
2021-02-08,44.996043642,46.710465091,46.86837233,44.965966073,6092037.0
2021-02-09,46.890930507,46.387131222,47.078915315,46.151774242,2682020.0
2021-02-10,46.883411115,45.40961022,47.184186808,44.973485465,4797741.0
2021-02-11,47.1917062,48.090273582,48.680545879,46.67286813,9523580.0
2021-02-12,48.462483502,49.304655442,50.635587882,48.000040874,7347534.0
2021-02-16,51.131867776,50.124269205,51.34241076,49.139228811,8387866.0
2021-02-17,49.480233252,50.605510313,51.718305183,49.39488815,7960553.0
2021-02-18,49.988920143,51.66574463,52.485358393,49.936284397,8339999.0
2021-02-19,52.974118894,51.7935743,53.410243648,50.943882968,5977833.0
2021-02-22,50.943882968,51.026596283,52.252257231,50.943882968,4817397.0
2021-02-23,49.402407542,50.492719428,50.703262413,47.296977692,5840849.0
2021-02-24,51.222100483,53.034274032,53.451600306,50.613029705,8157883.0
2021-02-25,52.815459716,50.973960537,53.282413979,50.432865065,4994507.0
2021-02-26,51.28240601,51.530395568,52.876366794,50.710781806,6380248.0
2021-03-01,53.071870994,54.297531942,54.876525151,52.643265632,8716453.0
2021-03-02,54.109547134,52.289854193,54.665982166,52.244737839,5977875.0
2021-03-03,52.434376913,52.387606293,54.244896196,51.628147669,8527839.0
2021-03-04,52.225864164,47.740621839,52.350009331,47.113053356,12240408.0
2021-03-05,50.846130867,51.184503522,52.124427562,48.567754994,12175186.0
2021-03-08,52.60566867,51.778535515,53.519274837,51.725899769,9181086.0
2021-03-09,52.695901378,52.131946954,53.184661879,51.759737034,6503769.0
2021-03-10,52.267296016,50.064114066,52.560552316,49.996439535,6801999.0
2021-03-11,51.447682253,51.650705846,52.177063308,50.85365026,5749238.0
2021-03-12,51.131867776,51.485279215,52.259776624,50.763417552,3885403.0
2021-03-15,51.462721038,51.583031315,51.598070099,50.056594674,4564745.0
2021-03-16,52.442497857,52.462800216,54.019314426,52.131946954,7433601.0
2021-03-17,52.026675462,53.613267241,53.793657463,51.921403969,4376935.0
2021-03-18,53.034274032,52.011636677,54.289937356,51.755977338,5980497.0
2021-03-19,52.553032924,53.071870994,54.538152496,52.154505131,9089700.0
2021-03-22,53.387685472,52.883886186,53.733577518,52.462800216,4328754.0
2021-03-23,52.63574624,49.221942126,53.004196463,48.65046831,9301274.0
2021-03-24,49.861090473,47.868451509,50.30473462,47.785738193,6383935.0
2021-03-25,46.898449899,48.161707809,48.42488654,46.409689399,4655492.0
2021-03-26,49.229461519,50.590471528,50.62806849,48.763259195,4660622.0
2021-03-29,50.440083682,49.139228811,51.079232029,48.913647041,4811938.0
2021-03-30,49.041476711,49.221942126,49.537756604,48.439925325,3514327.0
2021-03-31,49.095390753,50.191943736,50.597990921,48.590313171,6720380.0
2021-04-01,52.944041325,53.665902987,53.831329618,52.094349992,9425629.0
2021-04-05,53.906523542,54.169702273,54.568230066,53.109467956,6210382.0
2021-04-06,53.297452764,54.756214874,54.899083328,53.162103702,5834801.0
2021-04-07,54.891563936,54.305051335,56.139783061,54.026833819,4768525.0
2021-04-08,55.049471174,54.846447582,55.451758663,53.989236857,3733637.0
2021-04-09,54.846447582,54.838928189,55.043982018,54.267379179,3113938.0
2021-04-12,54.650943381,53.711019341,54.696059735,53.523034533,3662216.0
2021-04-13,53.530553926,52.485358393,53.711019341,52.402645078,4754648.0
2021-04-14,52.169543916,51.650705846,52.959080109,51.583031315,3935775.0
2021-04-15,52.342489939,51.680783415,52.342489939,51.34241076,4557811.0
2021-04-16,52.124427562,51.801093692,53.011715856,51.771016123,4048002.0
2021-04-19,51.921403969,51.364968937,52.50791657,50.770936944,4656362.0
2021-04-20,51.387527114,51.116828991,51.733419161,50.703262413,3567259.0
2021-04-21,50.53031639,52.229699054,52.244737839,50.30473462,3891015.0
2021-04-22,52.252257231,49.823493512,52.2823348,49.582872958,6612340.0
2021-04-23,50.319773405,51.184503522,51.45798382,49.635508704,4114886.0
2021-04-26,51.861248831,53.695980557,54.132105311,51.808613084,7291086.0
2021-04-27,54.154663488,54.477997358,54.61334642,53.312491548,4612372.0
2021-04-28,54.462958573,53.086909779,54.756214874,52.778614694,6778016.0
2021-04-29,53.793732657,53.485437572,54.019314426,52.395125685,7640920.0
2021-04-30,54.959238466,53.109467956,56.16986063,52.440242039,14577323.0
2021-05-03,53.57567028,52.725978947,54.004275642,52.109388777,6272071.0
2021-05-04,52.1845827,50.590471528,52.233985108,49.556555084,8666599.0
2021-05-05,51.432643468,51.56799253,51.936442754,50.936363575,4446922.0
2021-05-06,51.56799253,52.342489939,52.395125685,51.026220313,4302296.0
2021-05-07,52.63574624,53.876445972,54.011795034,52.071791816,5565832.0
2021-05-10,53.944120503,51.598070099,53.996756249,51.56799253,5826399.0
2021-05-11,50.343083521,51.24465866,51.545434353,49.800935335,6356883.0
2021-05-12,50.364889759,48.409847756,50.658146059,48.191785378,5689928.0
2021-05-13,48.838453118,49.906206827,50.665665452,48.755739802,4269301.0
2021-05-14,51.026596283,54.041872603,54.305051335,50.394967328,9534433.0
2021-05-17,53.538073318,57.463196109,58.305368049,53.538073318,22445029.0
2021-05-18,58.064747495,55.049471174,58.252732303,54.981796643,9617665.0
2021-05-19,52.748762706,53.583189672,54.09450835,51.004038106,9478883.0
2021-05-20,54.959238466,54.853966974,55.162262059,53.297452764,6915124.0
2021-05-21,54.38776465,54.395284042,55.45551836,54.147144096,6402806.0
2021-05-24,54.756214874,55.575828637,56.16986063,54.493036143,4699339.0
2021-05-25,56.026992176,54.929160897,56.026992176,54.477997358,5377542.0
2021-05-26,55.350246867,56.214976984,56.440558753,54.974277251,4873818.0
2021-05-27,56.199938199,57.042110139,57.658700309,56.087147314,5579017.0
2021-05-28,56.959396824,56.568388423,57.230094947,56.312729084,3262531.0
2021-06-01,57.072187708,56.809008977,57.440637932,56.470636323,2688583.0
2021-06-02,57.237614339,57.598545171,58.553507995,56.891722293,5037494.0
2021-06-03,56.906761077,57.733894232,58.395600757,56.899241685,3885092.0
2021-06-04,58.185057772,58.027150533,58.79412855,57.794049371,3457685.0
2021-06-07,57.851873498,57.245133732,58.004592356,56.974510802,2807527.0
2021-06-08,58.012111748,56.921799862,58.252732303,56.192418807,5474109.0
2021-06-09,56.921799862,56.290170907,57.102265278,55.831487976,2950074.0
2021-06-10,56.402961792,55.312649905,56.658621131,55.214897805,3689633.0
2021-06-11,56.876683508,56.230015768,57.410560363,55.876604329,4293141.0
2021-06-14,56.560869031,56.177380022,56.781713583,55.733735875,3383824.0
2021-06-15,56.177380022,56.335287261,56.936838647,55.959317645,2599248.0
2021-06-16,56.004433999,55.094587528,56.245054553,54.602067331,4412973.0
2021-06-17,54.665982166,53.214739448,55.237455982,52.793653478,6508359.0
2021-06-18,52.598149278,52.237218447,52.688381986,51.417604684,6490382.0
2021-06-21,52.259776624,52.034194854,52.492877785,51.410085291,4158755.0
2021-06-22,51.537914961,51.477759822,51.755902144,50.785975729,4410514.0
2021-06-23,51.575511922,52.064272423,53.034274032,51.575511922,3872801.0
2021-06-24,52.771095301,52.477839001,52.917723452,51.831171261,4228950.0
2021-06-25,52.60566867,53.199700664,53.560631495,52.447761432,3853723.0
2021-06-28,53.756135695,52.628226847,53.797492353,52.116908169,3928666.0
2021-06-29,52.898924971,53.12450674,53.605672655,52.199621485,4004708.0
2021-06-30,53.387685472,53.515515141,54.244896196,52.853808617,4039607.0
2021-07-01,53.801252049,53.282413979,54.079469565,53.086909779,3854100.0
2021-07-02,53.635825418,52.793653478,53.635825418,52.21466027,3578037.0
2021-07-06,52.793653478,51.996597892,52.974118894,51.319852584,4019840.0
2021-07-07,52.267296016,52.131946954,52.763575909,51.327371976,3382830.0
2021-07-08,50.20698252,50.996518714,51.56799253,49.823493512,3736834.0
2021-07-09,51.312333191,52.763575909,52.906444363,51.289775014,4009712.0
2021-07-12,52.906444363,53.304972156,53.470398787,52.425203255,4006586.0
2021-07-13,52.861328009,52.695901378,53.372646687,52.252257231,3338080.0
2021-07-14,53.67342238,52.643265632,54.252415588,52.350009331,4293889.0
2021-07-15,52.417683862,50.312254013,52.575591101,50.124269205,6233346.0
2021-07-16,50.259618266,48.274498694,50.605510313,48.067715405,5321966.0
2021-07-19,47.293217996,47.364652223,47.605272777,46.702945699,5394704.0
2021-07-20,47.221783769,48.605351956,48.755739802,46.890930507,4714296.0
2021-07-21,48.462483502,48.462483502,49.011399141,46.244262768,8828322.0
2021-07-22,48.42488654,47.409768577,48.42488654,46.823255976,5595750.0
2021-07-23,47.71054427,47.93612604,48.018839355,46.981163215,3586242.0
2021-07-26,47.913567863,48.32713444,49.214422734,47.785738193,2916565.0
2021-07-27,47.522559462,46.890930507,47.849653028,45.785579836,5196645.0
2021-07-28,46.988682607,47.763180016,48.251940517,46.988682607,3538974.0
2021-07-29,48.101552671,48.470002894,49.026437926,47.755660624,3455784.0
2021-07-30,47.883490293,48.823414333,49.161786988,47.80829637,3212536.0
2021-08-02,49.334733011,48.642948918,50.20698252,48.548956514,3494317.0
2021-08-03,48.87605008,49.733260804,49.808454727,48.048916924,3901004.0
2021-08-04,49.026437926,48.830933726,49.778377158,48.755739802,6623623.0
2021-08-05,48.778297979,50.43256429,50.590471528,48.590313171,8584951.0
2021-08-06,50.816053298,51.703341592,51.763346343,50.259618266,5921285.0
2021-08-09,51.718380376,50.838611475,51.725899769,50.20698252,5245082.0
2021-08-10,50.62806849,49.252019696,50.740859375,49.101631849,9487959.0
2021-08-11,49.372329973,50.169385559,50.312254013,48.92492613,6697799.0
2021-08-12,49.116670634,46.905969292,49.116670634,45.644064873,15560102.0
2021-08-13,46.86837233,47.4849625,48.191785378,46.823255976,6569394.0
2021-08-16,46.808217192,46.507441499,47.778218801,46.379611829,4658505.0
2021-08-17,45.947246771,45.973564644,46.883411115,45.379532651,4882888.0
2021-08-18,46.12395249,45.875812544,47.116512277,45.845734975,4033386.0
2021-08-19,45.620153205,44.79302005,45.83069619,44.597515849,5946092.0
2021-08-20,44.965966073,45.146431489,45.289299943,44.386972864,4056034.0
2021-08-23,45.665269559,46.830775368,46.999961696,45.304338728,3497694.0
2021-08-24,46.590154814,45.687827736,46.687906914,44.552399496,7860304.0
2021-08-25,45.890851328,49.252019696,52.628226847,45.770541051,23530268.0
2021-08-26,49.770857766,47.048837746,49.847931537,46.740542661,9551668.0
2021-08-27,46.612712991,47.552637031,48.240661428,46.569551679,4501694.0
2021-08-30,47.860932116,46.67286813,47.988761786,46.44728636,3866143.0
2021-08-31,46.830775368,47.522559462,48.282018086,46.477363929,5121993.0
2021-09-01,47.823335155,45.898370721,47.830854547,45.857014063,6912357.0
2021-09-02,45.902355999,46.34953426,46.605193599,45.229144804,5809183.0
2021-09-03,46.64279056,46.176588237,47.033798961,45.725424697,3489072.0
2021-09-07,45.650230774,45.417129612,46.432247576,45.319377512,3561873.0
2021-09-08,45.059958477,43.672630594,45.059958477,43.101156778,6978376.0
2021-09-09,43.386893686,44.168910487,44.710306734,43.033482247,6357762.0
2021-09-10,44.66519038,43.589917279,44.935888504,43.503444267,3283791.0
2021-09-13,43.905731756,43.995964464,44.480965268,43.589917279,3218056.0
2021-09-14,44.000476099,43.266583409,44.138832918,43.10867617,3503254.0
2021-09-15,43.056040424,43.807979656,44.229065626,43.056040424,5132862.0
2021-09-16,43.650072417,43.82301844,44.214026841,43.447048824,3081800.0
2021-09-17,43.514723355,43.552320317,43.838057225,43.180110397,4799610.0
2021-09-20,42.424411469,42.574799315,42.898133185,41.807821299,4530100.0
2021-09-21,42.747745339,41.710069199,43.048521032,41.710069199,3716154.0
2021-09-22,42.251465446,42.544721746,42.898133185,41.913092791,2922947.0
2021-09-23,42.657512631,43.228986447,43.454568217,41.905573399,3147119.0
2021-09-24,42.928210754,43.567359102,43.717746948,42.574799315,2436935.0
2021-09-27,43.462087609,44.409531041,44.996043642,43.319219155,3349859.0
2021-09-28,44.138832918,43.85309601,44.432089218,43.356816117,3643401.0
2021-09-29,43.650072417,42.634954454,43.95084811,42.559760531,4845140.0
2021-09-30,43.056040424,42.439450254,43.23650584,42.416892077,3699951.0
2021-10-01,42.8830944,42.928210754,43.101156778,41.770224337,2838446.0
2021-10-04,42.800381085,42.822939262,43.499684571,42.525923265,3461835.0
2021-10-05,43.018443462,42.830458654,43.326663353,42.274023623,3076432.0
2021-10-06,41.988286714,42.431930861,42.6875902,41.439371075,4753241.0
2021-10-07,42.665032023,43.153792524,43.556080013,42.665032023,2590626.0
2021-10-08,43.462087609,42.552241138,43.522242748,42.499605392,2109895.0
2021-10-11,42.552241138,42.236426661,43.025962855,42.206349092,2019751.0
2021-10-12,42.251465446,40.755106374,42.371775723,40.311462227,6026396.0
2021-10-13,41.063401459,40.762625766,41.852937653,40.649834881,3896311.0
2021-10-14,41.243866875,42.522163569,42.905652577,40.995726928,4549043.0
2021-10-15,41.913092791,41.664952845,42.326659369,41.469448644,4497707.0
2021-10-18,41.476968037,41.657433452,42.033403068,41.025879691,2088244.0
2021-10-19,41.416812898,41.84541826,41.94317036,41.052122371,5136449.0
2021-10-20,41.258905659,42.416892077,42.695109592,41.025804497,4804157.0
2021-10-21,41.928131576,42.710148377,42.770303516,41.687511022,2605563.0
2021-10-22,43.202668574,42.898133185,44.304259549,42.522163569,4690428.0
2021-10-25,43.371854901,42.732706554,43.462087609,42.578559012,2714636.0
2021-10-26,42.875575008,42.349217546,43.01092407,42.334178761,2657159.0
2021-10-27,42.416892077,41.717588591,42.427870389,41.296502621,3220192.0
2021-10-28,42.003325499,43.071079208,43.116195562,41.988286714,5442617.0
2021-10-29,37.536806461,39.318902441,40.228748912,37.221067177,24139747.0
2021-11-01,39.213630948,40.740067589,41.206269913,39.198592164,5581777.0
2021-11-02,40.897974828,41.379215936,41.634875275,40.582160351,3963142.0
2021-11-03,41.469448644,41.935650968,42.07100003,41.00399826,5420619.0
2021-11-04,42.101077599,41.386735329,42.101077599,40.820901057,4453584.0
2021-11-05,41.719393245,42.243946053,42.634428096,41.484036265,3711655.0
2021-11-08,42.537202354,41.94317036,43.424490648,41.785263122,4405845.0
2021-11-09,41.94317036,42.2965818,42.7853423,41.84541826,3586943.0
2021-11-10,42.093558207,41.55216196,42.499605392,41.266425052,4841863.0
2021-11-11,41.657433452,44.229065626,44.319298334,41.657433452,7063931.0
2021-11-12,44.902051238,45.537439889,46.936046861,44.484724965,11355497.0
2021-11-15,45.432168397,44.311778941,45.642711382,44.168910487,4318561.0
2021-11-16,44.296740157,43.973406287,44.620074026,43.657591809,3324814.0
2021-11-17,43.800460264,42.477047215,43.913251148,41.905573399,6938766.0
2021-11-18,42.559760531,41.883015222,42.704959996,41.213789305,5372405.0
2021-11-19,41.883015222,42.123635776,43.281622193,41.386735329,5897208.0
2021-11-22,42.281543015,42.807900477,43.33425794,41.634875275,5072516.0
2021-11-23,44.665265574,45.514881712,46.033719783,44.417050434,11074619.0
2021-11-24,45.191547843,45.018601819,45.417129612,44.447128003,3138815.0
2021-11-26,43.762863302,43.43201004,43.954607806,42.755715895,3115975.0
2021-11-29,43.973406287,44.356895295,44.439608611,43.413211559,4633514.0
2021-11-30,43.680149986,43.492165178,44.379453472,42.627435062,6343132.0
2021-12-01,44.17642988,43.401932471,45.680308344,43.356816117,6613091.0
2021-12-02,43.296660978,42.822939262,43.401932471,42.334178761,4853280.0
2021-12-03,42.822939262,43.251544624,43.702708163,42.304101192,5399388.0
2021-12-06,43.469607001,42.905652577,43.883173579,42.033403068,4083112.0
2021-12-07,43.973406287,44.492244357,45.041159996,43.537281532,4995946.0
2021-12-08,44.484724965,44.364414688,44.687748557,43.687669379,3551090.0
2021-12-09,43.792940871,43.10867617,44.086197172,42.875575008,3219783.0
2021-12-10,42.826698958,43.514723355,43.582397886,42.728946858,3063547.0
2021-12-13,43.537281532,41.905573399,43.777902087,41.84541826,5402098.0
2021-12-14,41.548402264,41.830379476,42.552241138,41.39500666,4147350.0
2021-12-15,41.792782514,42.371775723,42.522163569,40.90549422,4381502.0
2021-12-16,42.732706554,42.642473846,43.740305125,42.386814507,3776629.0
2021-12-17,42.544721746,42.747745339,43.265981857,41.883015222,6757047.0
2021-12-20,42.07694035,42.033403068,42.514644177,41.492006821,4987747.0
2021-12-21,43.627439046,44.379453472,44.402011649,43.056040424,4209300.0
2021-12-22,44.402011649,44.958446681,45.176509058,44.153871703,3863306.0
2021-12-23,45.11635392,46.018680998,46.499922106,45.063718173,4842407.0
2021-12-27,46.289379121,46.687906914,47.026279569,46.206665806,2456626.0
2021-12-28,46.778139622,47.251861338,47.323295565,46.518720587,3029952.0
2021-12-29,48.413607452,49.725741412,50.560393959,48.349692617,11908964.0
2021-12-30,49.146748203,49.154267595,50.090431939,49.018993728,2980403.0
2021-12-31,49.124190026,49.033957318,49.703183235,49.003879749,2458361.0
2022-01-03,49.440004504,49.575353565,49.906206827,48.904322995,3904192.0
2022-01-04,49.778377158,50.846130867,51.052914156,49.567834173,4966809.0
2022-01-05,50.838611475,50.425044897,52.154505131,50.425044897,7829131.0
2022-01-06,50.609270009,48.680545879,51.492798607,48.515119248,9943156.0
2022-01-07,48.620390741,49.500159642,49.800935335,48.515119248,5083809.0
2022-01-10,49.146748203,49.282097265,49.594152046,47.890408134,4074646.0
2022-01-11,49.252019696,49.643028096,49.718222019,48.304576263,4811660.0
2022-01-12,50.041555889,50.034036497,50.718301198,49.334733011,2851524.0
2022-01-13,50.342331582,50.01147832,50.95140236,49.740780196,3472948.0
2022-01-14,49.710702627,50.10923042,50.703262413,49.597911742,2859894.0
2022-01-18,49.515198427,48.214343555,49.545275996,47.992521482,4075543.0
2022-01-19,48.733181625,46.57511603,49.703183235,46.522480283,4985163.0
2022-01-20,46.969884126,45.056198781,47.06387653,44.943407896,5060686.0
2022-01-21,44.620074026,43.469607001,44.950927288,43.251544624,6731470.0
2022-01-24,43.123714955,42.875575008,43.213947663,40.51448582,6439886.0
2022-01-25,41.777743729,41.42433229,42.157623429,40.589679743,6901559.0
2022-01-26,42.507124784,41.040843282,42.514644177,40.717509412,6060314.0
2022-01-27,42.544721746,40.48440825,43.217707359,40.176113165,13511064.0
2022-01-28,36.912696898,37.521767676,39.130917633,36.559285459,26379427.0
2022-01-31,37.228511376,38.905335863,39.176033987,37.123239883,8644979.0
2022-02-01,38.63463774,39.529445426,39.687352664,38.006768481,5966723.0
2022-02-02,39.529445426,40.183632558,40.303942835,39.100840064,5571706.0
2022-02-03,39.521926033,39.318902441,40.296423442,39.281305479,6755351.0
2022-02-04,39.093320671,38.957971609,39.47680968,38.243629339,4458654.0
2022-02-07,39.070762494,38.988049179,39.364018795,38.60456017,4184232.0
2022-02-08,38.822622548,39.379057579,39.585840868,38.792544978,3656650.0
2022-02-09,39.785104765,40.965649359,41.00324632,39.717430234,4170266.0
2022-02-10,40.260330359,40.672393058,42.807900477,40.183632558,8258188.0
2022-02-11,40.567121566,40.401694935,41.755185552,40.213710127,5905195.0
2022-02-14,40.431772504,39.747507803,40.988207536,39.491848464,4689233.0
2022-02-15,39.988128357,42.010844891,42.059720941,39.933988733,4311839.0
2022-02-16,41.398691163,42.401853292,42.943249539,41.311541406,3508546.0
2022-02-17,41.97324793,42.446969646,43.281622193,41.838801195,5017504.0
2022-02-18,42.26650423,41.755185552,42.379295115,41.070920851,4593708.0
2022-02-22,41.191231128,40.168593773,41.514564998,39.529445426,4560925.0
2022-02-23,40.642315489,39.085801279,40.728788501,38.92789404,3820844.0
2022-02-24,37.424015576,38.973010394,39.02564614,36.995410214,5720144.0
2022-02-25,39.25122791,39.815182334,39.852779296,38.484249893,4118150.0
2022-02-28,39.138437025,38.303784478,39.386576972,37.657116738,6282395.0
2022-03-01,38.236109947,37.213472591,38.649676524,36.33370369,5663396.0
2022-03-02,37.7924658,38.980529786,39.258747302,37.604480992,4614314.0
2022-03-03,39.371538187,39.115878848,40.003167142,38.612079563,5936884.0
2022-03-04,38.484249893,37.799985192,38.837661332,37.544325853,4979671.0
2022-03-07,37.341302261,35.047887603,37.784946408,34.938856414,6279387.0
2022-03-08,35.258430588,34.416258648,36.634479383,34.378661687,6951008.0
2022-03-09,35.423857219,35.920137112,36.604401813,35.348663296,4515468.0
2022-03-10,35.153159096,35.032848818,35.287229861,34.438816825,3657189.0
2022-03-11,35.555446585,34.062847209,35.566725673,33.942536932,3844881.0
2022-03-14,34.062847209,33.438737647,34.138041132,32.972535323,4329060.0
2022-03-15,33.619203062,34.544088318,34.611762848,33.536489747,3155684.0
2022-03-16,34.987732464,36.281067944,36.288587336,34.942616111,4616541.0
2022-03-17,35.844943189,36.739750875,36.762309052,35.574245065,3252257.0
2022-03-18,36.326184297,37.070604137,37.115720491,36.15699797,5601822.0
2022-03-21,37.190914414,36.807425406,37.326263476,36.348742474,2558043.0
2022-03-22,36.882619329,37.393938007,37.529437456,36.882619329,2715494.0
2022-03-23,36.882619329,36.604401813,37.348821653,36.438975182,2260080.0
2022-03-24,36.694634521,37.972931216,38.018047569,36.634479383,2697016.0
2022-03-25,37.897737292,38.206032377,38.221071162,37.14579806,3603481.0
2022-03-28,37.980450608,38.123319062,38.130838454,37.386418615,2998098.0
2022-03-29,39.100840064,39.018126748,39.318902441,38.138357847,3775598.0
2022-03-30,38.950452217,38.063163923,39.191072771,37.815023977,3859976.0
2022-03-31,37.6947137,37.333782868,38.108280277,37.333782868,3868687.0
2022-04-01,37.6947137,36.386339436,37.980450608,35.807346227,4778479.0
2022-04-04,36.619440598,37.100681706,37.130759276,36.344982778,3723085.0
2022-04-05,36.694634521,36.183315843,36.957813252,36.078044351,7861926.0
2022-04-06,35.514089927,35.987811643,36.148350669,34.701995556,6192401.0
2022-04-07,35.965253466,35.91261772,36.130680097,35.006530945,4829443.0
2022-04-08,35.709594127,35.49153175,36.20587402,35.431376611,3301556.0
2022-04-11,35.26594998,35.356182688,36.318664905,35.160678488,3184325.0
2022-04-12,35.867501366,35.71711352,36.405137917,35.664477773,3936041.0
2022-04-13,35.78478805,35.987811643,36.416417005,35.78478805,3073323.0
2022-04-14,34.920057934,34.84486401,35.777268658,34.784708872,6278617.0
2022-04-18,34.686956772,35.551686888,35.634400204,34.604243456,4254929.0
2022-04-19,35.551686888,36.807425406,36.882619329,35.416337827,4114125.0
2022-04-20,37.17587563,37.220991984,38.093241493,37.14579806,4673585.0
2022-04-21,37.536806461,37.777427015,38.375218705,37.510488588,5983264.0
2022-04-22,37.363860438,37.190914414,37.828558883,37.085642922,5634571.0
2022-04-25,36.799906014,38.356420224,38.431614147,36.72471209,7219407.0
2022-04-26,37.784946408,37.281147122,38.416575362,37.123239883,8094959.0
2022-04-27,36.875099937,37.634558561,38.1834742,36.875099937,6500510.0
2022-04-28,38.0857221,39.559522995,39.642236311,37.6947137,7677210.0
2022-04-29,39.96557018,39.905415042,41.093479028,39.792624157,10832085.0
2022-05-02,39.920453826,40.544563389,40.597199135,39.010607356,7455129.0
2022-05-03,45.146431489,46.409689399,47.078915315,44.522321926,29071977.0
2022-05-04,46.665348737,47.266900123,47.567675816,45.695347128,8520439.0
2022-05-05,46.417208791,46.011161606,46.853333545,45.364493866,5922253.0
2022-05-06,45.710385913,44.702787342,46.244262768,44.360654991,6132693.0
2022-05-09,43.650072417,42.507124784,45.469765359,42.258984838,6631532.0
2022-05-10,43.338769575,43.131234347,44.484950546,42.319139976,7259991.0
2022-05-11,43.10867617,41.920612184,44.589996457,41.800301906,5591031.0
2022-05-12,41.146114775,41.770224337,42.228832075,40.792703336,5619803.0
2022-05-13,42.446969646,43.95084811,44.116274741,42.446969646,4298393.0
2022-05-16,43.695188771,43.52976214,44.394492257,43.127474651,3837549.0
2022-05-17,44.402011649,46.011161606,46.364573045,44.386972864,6563626.0
2022-05-18,45.11635392,44.439608611,46.086355529,44.229065626,3621708.0
2022-05-19,44.063638995,43.619994848,44.808058834,43.559839709,3193113.0
2022-05-20,44.131313526,42.717667769,44.24410441,41.544642568,4165225.0
2022-05-23,42.958288324,43.116195562,43.657591809,42.860536224,4133536.0
2022-05-24,42.665032023,42.559760531,42.898133185,41.770224337,2948303.0
2022-05-25,42.116116384,44.439608611,44.69526795,42.108596992,4972160.0
2022-05-26,43.988445072,45.627672597,46.018680998,43.973406287,3603154.0
2022-05-27,46.078836136,46.808217192,46.808217192,45.913409505,3373863.0
2022-05-31,46.469844537,45.63519199,46.778139622,44.830617011,4811049.0
2022-06-01,45.785579836,45.326896904,46.214185198,44.687748557,2667730.0
2022-06-02,45.559998066,46.567596637,46.875891722,45.484804143,3115075.0
2022-06-03,45.650230774,45.176509058,46.003642213,45.101315135,2347743.0
2022-06-06,45.763021659,44.905810935,45.943487075,44.785500657,3265760.0
2022-06-07,44.259143195,45.356974474,45.477284751,44.078677779,3186153.0
2022-06-08,47.266900123,43.477126394,47.372171616,43.386893686,9529423.0
2022-06-09,43.138753739,42.544721746,43.695188771,42.469527823,5801197.0
2022-06-10,41.559681352,40.627276704,42.078519422,40.469369466,6191272.0
2022-06-13,39.051964013,37.867659723,39.461770895,37.773140962,6115640.0
2022-06-14,38.063163923,37.025487783,38.168435416,36.65703756,5514976.0
2022-06-15,37.200689624,37.559364638,37.98797,36.514169105,6012890.0
2022-06-16,36.454013967,34.852383403,36.454013967,34.626801633,8007726.0
2022-06-17,34.965174288,34.852383403,35.36370208,34.040289032,8232952.0
2022-06-21,35.356182688,34.965174288,35.96149377,34.807267049,6650766.0
2022-06-22,34.213235056,34.22827384,35.100523349,33.919978755,5206443.0
2022-06-23,34.22827384,34.529049533,34.701995556,33.957575717,5424715.0
2022-06-24,34.814786441,35.39377965,35.890059543,34.656879202,3789242.0
2022-06-27,35.754710481,35.777268658,36.288587336,35.36370208,5579858.0
2022-06-28,35.957734074,35.145639703,36.438975182,35.07044578,2720780.0
2022-06-29,34.942616111,34.138041132,35.160678488,33.889901186,3433585.0
2022-06-30,33.461295824,33.70943577,34.232033536,32.942457753,5512384.0
2022-07-01,32.54392996,32.649201453,33.153000738,31.303230228,7971847.0
2022-07-05,31.825827994,32.927418969,33.055248638,31.558889567,4644973.0
2022-07-06,32.844705653,32.912380184,33.145481346,32.288270622,3575963.0
2022-07-07,33.401140685,33.731993947,33.968854805,33.228194662,3309957.0
2022-07-08,33.401140685,34.017730855,34.412498952,33.295869192,4167328.0
2022-07-11,33.701916378,33.701916378,34.213235056,33.130442561,4811540.0
2022-07-12,33.701916378,34.611762848,35.220833626,33.679358201,4677038.0
2022-07-13,33.724474555,34.822305833,34.957654895,33.716955162,3231584.0
2022-07-14,34.22827384,34.596724064,34.852383403,33.729963711,2588280.0
2022-07-15,35.453934788,35.649438989,35.709594127,34.378661687,3011357.0
2022-07-18,35.792307443,35.26594998,36.198354628,35.108042742,3904943.0
2022-07-19,35.957734074,36.514169105,36.687115129,35.78478805,3181160.0
2022-07-20,36.250990374,37.288666514,37.318744084,36.070524959,4772447.0
2022-07-21,37.386418615,37.920295469,37.935334254,36.687115129,3373611.0
2022-07-22,36.277308247,35.506570535,36.619440598,35.36370208,5490807.0
2022-07-25,35.619361419,35.220833626,36.20587402,34.882460972,6181389.0
2022-07-26,35.461454181,35.303546942,36.093083136,35.243391803,3081011.0
2022-07-27,35.566725673,36.416417005,36.649518167,35.108042742,2847494.0
2022-07-28,36.438975182,36.634479383,36.649518167,35.205794842,3540668.0
2022-07-29,36.634479383,36.920216291,36.965332645,36.153238274,3396865.0
2022-08-01,36.882619329,36.935255075,37.920295469,36.23595159,3842139.0
2022-08-02,36.694634521,36.446494575,36.980371429,36.047966782,3149227.0
2022-08-03,36.702153913,37.138278668,37.408976792,36.160757666,3625275.0
2022-08-04,37.130759276,37.529287069,37.634558561,36.619440598,4257578.0
2022-08-05,34.386181079,35.408818434,36.168277059,33.867343009,8003168.0
2022-08-08,35.16819788,35.777268658,36.604401813,35.025329426,7069607.0
2022-08-09,35.213314234,34.822305833,35.36370208,33.994420739,4786414.0
2022-08-10,35.656958381,35.852462581,36.348742474,35.431376611,3482590.0
2022-08-11,36.318664905,36.890138721,37.7924658,36.198354628,4770342.0
2022-08-12,37.100681706,38.100760885,38.31130387,36.95029386,3130809.0
2022-08-15,37.627039169,37.303705299,37.668395827,36.867655738,3090185.0
2022-08-16,37.010448999,37.025487783,37.472891626,36.905177506,2356131.0
2022-08-17,36.350246353,36.243470982,36.476572144,35.49153175,3179891.0
2022-08-18,36.326184297,36.634479383,37.017968391,36.093083136,2556316.0
2022-08-19,36.296106728,35.844943189,36.318664905,35.649438989,2419890.0
2022-08-22,35.010290641,34.634321025,35.115562134,34.529049533,5404149.0
2022-08-23,34.694476164,34.476413787,35.386185063,34.389940775,2576842.0
2022-08-24,34.162103188,34.74711191,35.134360615,34.123002348,3036499.0
2022-08-25,35.093003957,36.025408605,36.311145513,35.062926388,3326989.0
2022-08-26,35.995331035,34.205715663,36.025408605,34.205715663,3381583.0
2022-08-29,33.829746047,33.656800024,34.341064725,33.581606101,2843587.0
2022-08-30,33.589125493,32.604085099,33.61168367,32.431139076,5501088.0
2022-08-31,31.897262221,31.776951944,32.333386976,31.543850782,5685771.0
2022-09-01,30.671601273,31.573928351,31.709277413,30.363306188,9377938.0
2022-09-02,32.137882775,31.318269012,32.190443327,31.184649411,3773290.0
2022-09-06,31.186679647,30.806950335,31.491215036,30.46857768,4557361.0
2022-09-07,30.754314588,31.167881166,31.306989924,30.17532138,5408588.0
2022-09-08,30.957338181,31.889742829,31.934859183,30.558810388,5420589.0
2022-09-09,32.243154268,32.934938361,33.130442561,32.175479737,4665049.0
2022-09-12,33.153000738,32.536410568,33.453776431,32.401061506,6084278.0
2022-09-13,31.340827189,29.566250602,31.442338986,29.348188224,10980501.0
2022-09-14,29.566250602,28.821830762,29.725661719,28.381946311,7894642.0
2022-09-15,28.701520485,28.400744792,29.145164632,28.066131834,6767713.0
2022-09-16,27.87438733,27.987178215,28.287953907,27.30667321,9611875.0
2022-09-19,27.490898321,27.536014675,27.904464899,27.208921109,5173805.0
2022-09-20,26.994618428,26.723920305,27.12996749,26.272756766,7066865.0
2022-09-21,26.38554765,26.152446488,27.310432906,26.137407704,5719298.0
2022-09-22,25.983260161,25.430584826,26.167485273,25.208762752,6078569.0
2022-09-23,24.964382502,25.44562361,25.513298141,24.836552832,9898821.0
2022-09-26,25.137328525,24.362831116,25.400507256,24.325234155,6176417.0
2022-09-27,24.663606809,24.603451671,24.806475263,24.295156585,5066842.0
2022-09-28,24.603451671,24.92678554,25.205003056,24.464342913,4943295.0
2022-09-29,24.400428078,24.197404485,24.464342913,23.731954101,6013909.0
2022-09-30,24.152288131,24.475622001,25.532096622,24.152288131,8633418.0
2022-10-03,25.032057033,25.603530849,25.799035049,24.783917086,5492085.0
2022-10-04,26.302834335,27.415704398,27.445781968,26.268997069,13476478.0
2022-10-05,27.054773567,27.949581253,28.414806056,26.93446329,9328662.0
2022-10-06,27.761596445,27.866867937,28.084930315,26.472020662,11984587.0
2022-10-07,27.438262575,26.874308151,29.288033086,26.584811547,12862775.0
2022-10-10,26.753997874,26.062213781,27.054773567,25.859190188,4847430.0
2022-10-11,26.032136211,26.182524058,27.310432906,25.580972672,7631145.0
2022-10-12,26.122368919,25.776476872,26.178764362,25.017018248,9957052.0
2022-10-13,24.971901894,26.393067043,26.911905113,24.648568024,7769494.0
2022-10-14,26.588571243,25.355390903,26.633687597,25.302755156,4064783.0
2022-10-17,25.987019857,25.483220572,26.182524058,25.039576425,5065574.0
2022-10-18,26.280276158,25.272677587,26.423144612,24.941824325,4771003.0
2022-10-19,24.971901894,25.084692779,25.569693584,24.862870706,5134007.0
2022-10-20,25.265158195,25.167406095,25.836632011,24.82903344,5392077.0
2022-10-21,25.05461521,26.212601627,26.235159804,24.881669186,8245878.0
2022-10-24,26.137407704,26.257717981,26.498338535,25.607290545,6042059.0
2022-10-25,26.272756766,26.535935497,26.701362128,26.152446488,7580188.0
2022-10-26,25.941903504,26.528416104,27.246518071,25.682484468,10240853.0
2022-10-27,27.739038268,25.821593226,27.859348545,25.626089026,8981337.0
2022-10-28,25.753918696,26.693842736,26.926943897,25.701282949,6390907.0
2022-10-31,26.520896712,25.844151403,26.558493674,25.483220572,5865699.0
2022-11-01,26.362989473,26.840470886,27.009657213,26.25884589,11592185.0
2022-11-02,26.723920305,26.002058642,27.077331744,25.971981073,5490299.0
2022-11-03,25.618569634,25.34787151,25.761438088,24.836552832,4248939.0
2022-11-04,26.113345648,26.648726382,26.731439697,25.926864719,4627611.0
2022-11-07,26.899874085,27.536014675,27.566092245,26.453222181,5129325.0
2022-11-08,27.739038268,27.460820752,27.866867937,26.957021467,3426205.0
2022-11-09,26.866788759,25.829112619,26.987099036,25.76895748,6920900.0
2022-11-10,27.107409313,28.385706008,28.423302969,26.814153013,5936026.0
2022-11-11,28.573690816,29.889584472,30.070049887,28.468419323,5189859.0
2022-11-14,29.618886348,29.776793587,30.325709226,29.288033086,4743688.0
2022-11-15,30.498655249,29.671522094,30.806950335,29.483537286,4676278.0
2022-11-16,29.10756767,27.385626829,29.115087063,27.133727186,9069219.0
2022-11-17,26.716400912,27.468340144,27.490898321,26.475780358,5861125.0
2022-11-18,27.927023076,27.716480091,28.16764363,27.22771959,2963702.0
2022-11-21,27.317952298,27.03221539,27.348029867,26.675420224,4486910.0
2022-11-22,27.062292959,27.242758375,27.588650422,26.964540859,3710898.0
2022-11-23,27.092370528,27.821751584,27.904464899,27.084851136,4303319.0
2022-11-25,27.543534068,28.077410922,28.175163023,27.490898321,1616397.0
2022-11-28,27.641286168,27.152525667,27.716480091,26.994618428,3574358.0
2022-11-29,27.408185006,27.092370528,27.475859537,26.851749974,2633702.0
2022-11-30,26.633687597,27.633766776,27.723999483,25.908066238,8746481.0
2022-12-01,27.528495283,26.949502074,28.160124238,26.840470886,8111204.0
2022-12-02,26.396826739,26.656245774,26.772796355,26.114849527,5786269.0
2022-12-05,26.550974281,26.159965881,26.829191797,26.002058642,4031618.0
2022-12-06,26.099810742,25.483220572,26.182524058,25.231320929,7446879.0
2022-12-07,25.220041841,25.67120538,25.708802342,24.82903344,5137649.0
2022-12-08,25.926864719,26.490819143,26.599850332,25.829112619,11960454.0
2022-12-09,26.475780358,26.851749974,27.348029867,26.280276158,7119261.0
2022-12-12,26.716400912,27.22771959,27.284115033,26.573532458,5367992.0
2022-12-13,28.310512084,27.295394121,28.611287777,26.975819948,7815509.0
2022-12-14,27.193882325,26.941982682,27.64880556,26.750238178,5109810.0
2022-12-15,25.385468472,24.219962662,25.438104218,24.152288131,14339532.0
2022-12-16,24.024458462,24.01693907,24.550815924,23.881590008,12793133.0
2022-12-19,24.069574816,23.731202161,24.167326916,23.332674368,6169416.0
2022-12-20,24.01693907,24.122210562,24.565854709,23.836473654,7380040.0
2022-12-21,24.498180178,23.5958531,24.501939874,23.558256138,6258536.0
2022-12-22,22.994301714,23.039418068,23.07701503,22.355153367,7202292.0
2022-12-23,23.031898676,23.001821106,23.152208953,22.731122983,3385534.0
2022-12-27,22.866472045,23.437945861,23.520659176,22.400269721,4514912.0
2022-12-28,23.400348899,22.716084198,23.573294923,22.686006629,3970622.0
2022-12-29,22.979262929,23.738721554,23.783837908,22.881510829,5729471.0
2022-12-30,23.392829507,23.723682769,23.738721554,23.207852456,3483187.0
2023-01-03,24.009419677,23.618411277,24.280117801,23.280038622,4600028.0
2023-01-04,24.392908686,24.851591617,25.223801537,24.31019537,8401553.0
2023-01-05,25.159886702,26.490819143,26.596165829,25.009498856,13289927.0
2023-01-06,26.994618428,27.949581253,28.156364542,26.44705628,11100818.0
2023-01-09,28.054852745,28.26539573,28.558652031,27.528495283,10226566.0
2023-01-10,28.152604846,28.701520485,28.746636839,28.062372138,8668543.0
2023-01-11,28.81431137,28.889505293,28.91206347,28.438341754,4027686.0
2023-01-12,28.885745597,28.543613246,29.043652836,28.26539573,5415314.0
2023-01-13,28.250356946,27.987178215,28.378186615,27.806712799,5470753.0
2023-01-17,28.032294568,28.062372138,28.250356946,27.693921914,8846503.0
2023-01-18,28.483458108,28.175163023,28.844388939,28.062372138,3680784.0
2023-01-19,27.723999483,28.235318161,28.66768322,27.532254979,5622911.0
2023-01-20,28.355628438,28.919582862,28.927102255,27.97213943,6771874.0
2023-01-23,30.340748011,31.423540505,31.573928351,30.092608064,10957400.0
2023-01-24,30.927260612,30.904702435,31.521292605,30.630244615,6342577.0
2023-01-25,30.551290996,31.062609673,31.220516912,30.325709226,4068852.0
2023-01-26,31.934859183,32.904860792,32.953736842,31.446098682,9103564.0
2023-01-27,32.566488137,33.814707263,33.942536932,32.528891176,7137378.0
2023-01-30,33.017651677,33.265791623,33.694396985,32.972535323,9005598.0
2023-01-31,32.29954971,33.047729246,33.107884384,31.810789209,8346209.0
2023-02-01,32.96501593,32.57400753,33.363543723,30.86206748,20481499.0
2023-02-02,33.115403777,33.521450962,34.017730855,32.57400753,7128019.0
2023-02-03,32.784550515,32.521371784,33.701916378,32.382263026,7674070.0
2023-02-06,31.867184652,31.769432552,32.089006725,31.619044705,4685983.0
2023-02-07,31.769432552,32.393542114,32.540170264,31.491215036,5170377.0
2023-02-08,32.05516946,32.137882775,32.777031122,32.032611283,3824941.0
2023-02-09,32.370983937,31.573928351,32.634162668,31.464897163,4380537.0
2023-02-10,31.995014321,32.340906368,32.716875984,31.814548905,4003951.0
2023-02-13,32.175479737,32.363464545,32.581526922,31.919820398,3680887.0
2023-02-14,32.032611283,32.814628084,32.8973414,31.716796805,2870071.0
2023-02-15,32.44617786,32.837186261,32.852225046,32.363464545,4280617.0
2023-02-16,32.333386976,32.010053106,32.517612087,31.859665259,2653014.0
2023-02-17,31.844626475,31.265633266,31.95741736,31.145322989,3884718.0
2023-02-21,30.761833981,30.115166241,30.927260612,30.055011103,3611666.0
2023-02-22,30.04749171,29.75423541,30.498655249,29.573769994,3310118.0
2023-02-23,30.258034695,29.919662041,30.415941934,29.400823971,6970876.0
2023-02-24,29.272994301,29.408343363,29.62640574,29.039893139,3482762.0
2023-02-27,29.791832371,28.957179824,29.874545687,28.867623861,3179908.0
2023-02-28,29.197800378,28.934621647,29.197800378,28.776714408,4829680.0
2023-03-01,29.039893139,28.663923523,29.20531977,28.562411727,4806438.0
2023-03-02,28.453380538,28.859427724,28.964699216,27.957927778,3428542.0
2023-03-03,28.874466508,29.017334962,29.175242201,28.731598054,2992547.0
2023-03-06,29.145164632,28.408264184,29.209079467,28.318031477,8190928.0
2023-03-07,28.302992692,28.054852745,28.400744792,27.859348545,5461640.0
2023-03-08,28.152604846,28.498496892,28.521055069,27.994697607,3260145.0
2023-03-09,28.498496892,27.866867937,28.829350154,27.851829153,3524624.0
2023-03-10,27.799193407,27.114928705,27.851829153,26.889346936,7103736.0
2023-03-13,26.520896712,26.558493674,26.930703594,25.949422896,10973917.0
2023-03-14,27.160045059,26.535935497,27.348029867,26.280276158,5287744.0
2023-03-15,25.829112619,25.859190188,26.280276158,25.47570118,5867491.0
2023-03-16,25.460662395,26.573532458,26.678803951,25.37794908,6526174.0
2023-03-17,26.573532458,26.378028258,26.987099036,26.299074639,8358705.0
2023-03-20,26.41562522,26.468260966,26.648726382,26.175004665,7188655.0
2023-03-21,26.866788759,26.671284559,27.378107437,26.299074639,5237822.0
2023-03-22,26.505857928,26.09229135,26.994618428,26.069733173,3009630.0
2023-03-23,26.257717981,26.520896712,27.017176605,26.039655604,3348059.0
2023-03-24,26.272756766,26.51337732,26.607369724,26.227640412,2797642.0
2023-03-27,26.859269367,26.475780358,26.859269367,26.295314943,5247683.0
2023-03-28,26.340431296,26.024616819,26.408105827,25.738879911,4016912.0
2023-03-29,26.505857928,27.520975891,27.633766776,26.505857928,4902213.0
2023-03-30,27.731518876,28.032294568,28.122527276,27.731518876,2941223.0
2023-03-31,27.848069457,28.325550869,28.551132639,27.708960699,3394829.0
2023-04-03,28.310512084,27.97213943,28.340589654,27.675123433,3245031.0
2023-04-04,27.896945507,27.024695998,27.993569698,26.802873924,4777712.0
2023-04-05,26.753997874,26.362989473,26.753997874,26.118609223,8117541.0
2023-04-06,26.205082235,26.430664004,26.622408508,26.069733173,6179860.0
2023-04-10,27.445781968,28.603768385,28.897024685,27.438262575,12164399.0
2023-04-11,28.799272585,28.851908331,29.054931924,28.528574462,4243583.0
2023-04-12,29.182761593,28.573690816,29.23539734,28.251334467,3995902.0
2023-04-13,28.603768385,27.731518876,28.71655927,27.295394121,10247108.0
2023-04-14,27.754077053,26.663765166,27.821751584,26.584811547,6906893.0
2023-04-17,26.51337732,27.084851136,27.148765971,26.468260966,4892695.0
2023-04-18,27.182603236,26.859269367,27.265316552,26.633687597,3597105.0
2023-04-19,26.483299751,26.032136211,26.483299751,25.761438088,4860511.0
2023-04-20,25.400507256,25.05461521,25.821593226,24.874149794,6017743.0
2023-04-21,25.017018248,25.144847918,25.276437283,24.671126201,4691969.0
2023-04-24,24.911746756,24.738800732,25.001979464,24.565854709,4125427.0
2023-04-25,24.498180178,24.129729954,24.595932278,24.039497247,3848711.0
2023-04-26,24.257559624,24.573374101,24.810234959,24.257559624,4891496.0
2023-04-27,24.641048632,24.63352924,24.693684378,24.174846308,3576798.0
2023-04-28,24.881669186,25.89678715,25.979500465,24.704963467,5179104.0
2023-05-01,25.881748365,25.611050241,26.047174996,25.471941484,3612772.0
2023-05-02,25.641127811,25.167406095,25.723841126,24.986940679,3011896.0
2023-05-03,25.302755156,24.851591617,25.415546041,24.806475263,2742360.0
2023-05-04,24.821514048,24.844072225,24.915506452,24.543296532,3235950.0
2023-05-05,25.174925487,25.15236731,25.340352118,24.82903344,4012951.0
2023-05-08,25.069653994,25.701282949,25.765197784,24.791436479,5345897.0
2023-05-09,24.971901894,25.265158195,25.408026649,24.287637193,7826685.0
2023-05-10,25.535856318,24.723761948,25.941903504,24.302675978,5424809.0
2023-05-11,24.588412886,24.475622001,24.626009848,24.069574816,4872995.0
2023-05-12,24.610971063,24.836552832,24.844072225,24.340272939,4481549.0
2023-05-15,26.874308151,27.633766776,27.821751584,25.987019857,13819425.0
2023-05-16,27.633766776,27.528495283,27.889426114,26.945742378,5817379.0
2023-05-17,27.754077053,27.806712799,28.174787053,27.423223791,5152778.0
2023-05-18,27.836790368,29.130125847,29.227877947,27.754077053,7906481.0
2023-05-19,29.115087063,28.81431137,29.227877947,28.498496892,4146634.0
2023-05-22,28.761675624,28.851908331,29.096288582,28.257876338,4344700.0
2023-05-23,28.829350154,28.423302969,29.121102576,28.385706008,3349042.0
2023-05-24,28.099969099,27.994697607,28.460899931,27.915743988,3761853.0
2023-05-25,28.4909775,28.460899931,28.663923523,27.765356141,4404356.0
2023-05-26,28.596248992,29.859506902,30.066290191,28.566171423,7027422.0
2023-05-30,30.220437734,30.039972318,30.592647653,29.731677233,7268641.0
2023-05-31,29.212839163,29.122606455,29.498576071,28.874466508,10082428.0
2023-06-01,28.957179824,29.303071871,29.671522094,28.957179824,4053604.0
2023-06-02,29.836948725,30.258034695,30.352027099,29.517374552,4640233.0
2023-06-05,30.17532138,29.325630048,30.220437734,29.280513694,2943388.0
2023-06-06,29.024854355,29.686560879,29.919662041,28.972218608,3237704.0
2023-06-07,30.115166241,30.092608064,30.637764007,29.72415784,5706020.0
2023-06-08,30.07756928,30.152763203,30.265554088,29.319313758,4793075.0
2023-06-09,30.476097072,29.912142648,30.600167046,29.701599664,2986988.0
2023-06-12,29.94973961,30.310670441,30.363306188,29.85198751,4616722.0
2023-06-13,30.686640057,30.513694034,30.814469727,30.288112264,5652819.0
2023-06-14,30.46857768,30.423461326,30.806950335,30.182840772,3358195.0
2023-06-15,30.227957126,30.88966365,30.957338181,30.167801987,3803481.0
2023-06-16,31.145322989,30.430980719,31.182919951,30.017414141,7333296.0
2023-06-20,30.092608064,29.415862755,30.27307348,29.190280986,5794978.0
2023-06-21,29.190280986,28.889505293,29.400823971,28.827846276,3941839.0
2023-06-22,28.761675624,28.836869547,28.908303774,28.581210208,3071184.0
2023-06-23,28.423302969,28.468419323,28.678962308,28.220279376,6416034.0
2023-06-26,28.460899931,28.242837553,28.776714408,28.21651968,2464486.0
2023-06-27,28.302992692,28.731598054,28.851457168,27.817991887,8567134.0
2023-06-28,28.5887296,28.460899931,28.722574783,28.115007884,3497253.0
2023-06-29,28.603768385,28.272915123,28.712799573,28.178922719,3395408.0
2023-06-30,28.468419323,28.521055069,28.769195016,28.302992692,4306530.0
2023-07-03,28.475938715,28.957179824,28.972218608,28.445861146,1760071.0
2023-07-05,28.633845954,28.318031477,28.71655927,28.137566061,2707706.0
2023-07-06,27.881906722,28.092449707,28.107488492,27.408185006,3470313.0
2023-07-07,28.235318161,28.325550869,28.791753193,28.190201807,5245614.0
2023-07-10,28.1977212,28.475938715,28.663923523,28.088690011,5938956.0
2023-07-11,28.648884739,28.844388939,29.163963113,28.430822361,3854579.0
2023-07-12,29.242916732,28.889505293,29.393454966,28.483458108,3852855.0
2023-07-13,28.889505293,29.596328171,29.618886348,28.889505293,2618810.0
2023-07-14,29.476017894,29.821909941,30.806950335,28.829350154,10420723.0
2023-07-17,29.716638448,29.43090154,29.821909941,29.085009493,4082262.0
2023-07-18,29.145164632,28.919582862,29.250436124,28.44210145,5216212.0
2023-07-19,29.272994301,29.272994301,29.829429333,29.20531977,4268602.0
2023-07-20,28.979738001,28.7842338,29.227877947,28.641365346,5371354.0
2023-07-21,28.994776785,28.799272585,29.130125847,28.506016285,3609437.0
2023-07-24,28.851908331,29.265474909,29.329389744,28.678962308,4675188.0
2023-07-25,29.355707617,29.054931924,29.43090154,28.866947116,3519999.0
2023-07-26,28.897024685,29.23539734,29.438420932,28.897024685,3325380.0
2023-07-27,30.303151049,31.340827189,31.611525313,30.303151049,7573248.0
2023-07-28,31.814548905,31.60400592,32.122843991,31.483695643,5232526.0
2023-07-31,31.807029513,32.002533713,32.167960344,31.68295954,7877482.0
2023-08-01,31.581447744,32.235634875,32.344666064,30.972376966,7297963.0
2023-08-02,31.807029513,31.897262221,32.363464545,31.716796805,5036027.0
2023-08-03,31.60400592,32.528891176,32.833426565,31.393462936,5046792.0
2023-08-04,32.423619683,32.67175963,33.284590104,32.220596091,5169879.0
2023-08-07,32.934938361,32.709356592,33.077806815,32.483774822,2819993.0
2023-08-08,32.386022722,32.453697253,32.664240238,31.765672855,4617516.0
2023-08-09,32.295790014,32.017572498,32.423619683,31.919820398,3630139.0
2023-08-10,32.408580899,31.694238628,32.461216645,31.363385366,3857573.0
2023-08-11,31.498734428,31.491215036,31.822068298,31.431059897,2464949.0
2023-08-14,31.664161059,32.032611283,32.130363383,31.649122274,2668623.0
2023-08-15,31.761913159,30.867105473,31.784471336,30.848306992,3953959.0
2023-08-16,30.649043096,30.393383757,30.727996715,30.152763203,3132158.0
2023-08-17,30.558810388,30.295631657,31.040051496,30.17532138,2982677.0
2023-08-18,29.709119056,29.882065079,30.039972318,29.498576071,3183837.0
2023-08-21,29.844468118,30.378344972,30.412182238,29.739196625,1935138.0
2023-08-22,30.649043096,30.393383757,30.724237019,30.201639253,2430107.0
2023-08-23,30.325709226,30.867105473,30.998694839,30.212918341,1982618.0
2023-08-24,31.025012712,29.979817179,31.047570889,29.942220218,2544711.0
2023-08-25,30.024933533,29.694080271,30.092608064,29.20531977,3519686.0
2023-08-28,30.190360164,31.137803597,31.216757216,30.092608064,5649134.0
2023-08-29,31.092687243,31.243075089,31.370904759,30.799430942,3058060.0
2023-08-30,31.340827189,31.972456144,32.363464545,31.325788405,4643521.0
2023-08-31,32.942457753,33.83726544,34.310987156,32.912380184,9222303.0
2023-09-01,34.070366601,34.559127102,34.822305833,33.972614501,4269706.0
2023-09-05,34.138041132,34.431297433,34.837344618,33.889901186,5825634.0
2023-09-06,34.153079917,34.168118702,34.506491356,33.844784832,4496219.0
2023-09-07,33.340985546,32.656720845,33.340985546,32.423619683,5801517.0
2023-09-08,32.634162668,32.686798415,32.987574107,32.453697253,3585095.0
2023-09-11,33.070287423,32.258193052,33.122923169,32.167960344,3137990.0
2023-09-12,32.107805206,31.807029513,32.739434161,31.746874375,4605346.0
2023-09-13,32.130363383,32.498813607,32.904860792,32.092766421,4255747.0
2023-09-14,32.822147476,32.852225046,32.980054715,32.438658468,3299756.0
2023-09-15,32.80861257,32.784550515,32.962459337,32.54392996,5932388.0
2023-09-18,32.799589299,32.822147476,33.153000738,32.393542114,2922053.0
2023-09-19,32.784550515,33.025171069,33.295869192,32.656720845,4180758.0
2023-09-20,34.401219864,34.32602594,35.258430588,34.205715663,11221900.0
2023-09-21,33.957575717,33.41617947,34.198196271,33.378582508,5102850.0
2023-09-22,33.716955162,33.942536932,34.97269368,33.70943577,6721288.0
2023-09-25,33.679358201,33.551528531,33.965095109,33.374822812,3554509.0
2023-09-26,33.265791623,33.2883498,33.788389389,32.886062311,4725963.0
2023-09-27,33.581606101,33.506412177,34.002692071,33.292109496,3371700.0
2023-09-28,33.551528531,34.438816825,34.589655835,33.528970354,4343499.0
2023-09-29,34.626801633,34.310987156,34.717034341,34.243312625,3324542.0
2023-10-02,34.483933179,34.190676879,34.976453376,34.017730855,3415033.0
2023-10-03,34.017730855,33.701916378,34.664398595,33.574086708,2840348.0
2023-10-04,33.814707263,34.055327817,34.092924778,33.498892785,3236266.0
2023-10-05,34.97269368,34.671917987,35.446415396,34.303467763,5317167.0
2023-10-06,34.476413787,34.889980364,35.02156973,34.22827384,4229869.0
2023-10-09,34.498971964,34.138041132,34.596724064,33.701916378,2873662.0
2023-10-10,34.138041132,34.100444171,34.611762848,33.987653286,2901895.0
2023-10-11,34.100444171,34.882460972,34.889980364,34.100444171,3310945.0
2023-10-12,34.965174288,34.303467763,35.061572897,34.124506226,3968100.0
2023-10-13,34.641840418,34.363622902,35.077965172,34.280909586,4117685.0
2023-10-16,34.431297433,34.401219864,34.581685279,34.107963563,2966536.0
2023-10-17,33.919978755,33.1905977,34.596724064,32.7698877,10395590.0
2023-10-18,32.96501593,33.423698862,33.814707263,32.957496538,5041703.0
2023-10-19,33.378582508,32.378503329,33.51393157,32.205557306,4509009.0
2023-10-20,32.340906368,32.228115483,32.649201453,32.070208244,4987339.0
2023-10-23,31.919820398,31.438579289,32.092766421,31.318269012,5378814.0
2023-10-24,31.807029513,32.303309406,32.333386976,31.728075894,5709735.0
2023-10-25,32.288270622,31.716796805,32.698077503,31.60400592,3658368.0
2023-10-26,31.656641667,28.769195016,31.837107082,26.784075443,23652288.0
2023-10-27,29.077490101,29.303071871,29.633925133,28.633845954,8646288.0
2023-10-30,32.44617786,31.431059897,33.213155877,30.686715251,22445176.0
2023-10-31,29.325630048,30.190360164,31.243075089,28.897024685,25803328.0
2023-11-01,29.942220218,31.385943543,31.476176251,29.897103864,27738566.0
2023-11-02,31.48745534,31.701758021,32.280751229,31.453618074,10134168.0
2023-11-03,31.859665259,32.340906368,32.86726383,31.79642717,5928657.0
2023-11-06,32.122843991,32.461216645,32.859744438,31.416021112,5857430.0
2023-11-07,32.198037914,32.401061506,32.521371784,31.912301006,7570428.0
2023-11-08,32.408580899,32.52513148,32.679279022,32.070283438,4128727.0
2023-11-09,32.859744438,33.220675269,34.055327817,32.76951173,8200977.0
2023-11-10,33.356024331,33.83726544,33.976374197,33.115403777,5325847.0
2023-11-13,33.596644885,33.972614501,33.980133894,33.183078308,4576346.0
2023-11-14,34.717034341,34.491452571,34.950135503,34.363622902,5629665.0
2023-11-15,34.235793232,34.611762848,34.780949176,34.010211463,4798093.0
2023-11-16,34.35610351,34.596724064,34.84486401,34.010211463,4681299.0
2023-11-17,34.814786441,35.055406995,35.198275449,34.671917987,4592051.0
2023-11-20,35.115562134,35.604322635,35.656958381,35.040368211,4972222.0
2023-11-21,35.047887603,34.769670087,35.371221473,34.671917987,5770916.0
2023-11-22,34.897499757,35.273469373,35.521609319,34.897499757,4558008.0
2023-11-24,35.010290641,35.040368211,35.183236665,34.626801633,2993674.0
2023-11-27,34.897499757,35.499051142,35.739671696,34.803507353,5642663.0
2023-11-28,35.288508157,35.258430588,35.438896004,34.905019149,5569986.0
2023-11-29,35.807346227,35.581764458,36.266029159,35.435136308,6307230.0
2023-11-30,35.769749266,36.326184297,36.416417005,35.311066334,22161329.0
2023-12-01,35.980292251,36.386339436,36.739750875,35.807346227,15172999.0
2023-12-04,35.852462581,35.694555343,36.115641312,35.26594998,5087129.0
2023-12-05,35.49153175,35.16819788,35.71711352,34.942616111,4086244.0
2023-12-06,35.935175897,35.205794842,36.581843636,35.16819788,4538103.0
2023-12-07,35.626880812,35.574245065,35.890059543,35.153610259,5038587.0
2023-12-08,35.438896004,35.987811643,36.175796451,35.36370208,11190158.0
2023-12-11,36.412657309,37.025487783,37.356341045,36.386339436,8016998.0
2023-12-12,37.04804596,37.311224691,37.702233092,36.95029386,6467675.0
2023-12-13,37.266108337,37.920295469,38.108280277,37.266108337,9107559.0
2023-12-14,38.341381439,38.461691716,39.274011669,38.273706908,10739526.0
2023-12-15,38.348900832,38.108280277,38.589521386,37.7924658,9645105.0
2023-12-18,38.025566962,37.98797,38.273706908,37.807504584,4169278.0
2023-12-19,37.98797,38.303784478,38.420335059,37.815023977,5027449.0
2023-12-20,38.228590554,37.153317453,38.251148731,37.115720491,6884144.0
2023-12-21,38.53688564,39.386576972,39.416654541,38.236185141,9723149.0
2023-12-22,39.47680968,39.597119957,39.762546588,39.273786087,3886194.0
2023-12-26,39.657275095,39.67231388,40.010686534,39.612158741,2661202.0
2023-12-27,39.755027195,39.416654541,39.988128357,39.311383048,2868074.0
2023-12-28,39.47680968,39.800143549,39.815182334,39.364018795,5558326.0
2023-12-29,39.717430234,39.379057579,39.860298688,39.206111556,4602913.0
2024-01-02,38.920374648,38.243629339,39.063243102,38.108280277,9516070.0
2024-01-03,37.66463613,37.852620938,38.281226301,37.5969616,7831967.0
2024-01-04,37.822543369,37.612000384,38.190993593,37.551845246,6141970.0
2024-01-05,37.363860438,37.634558561,37.860140331,37.348821653,6307424.0
2024-01-08,37.702233092,37.739830054,38.093241493,37.634558561,4486556.0
2024-01-09,37.239038525,37.168356237,37.612000384,37.100681706,6351064.0
2024-01-10,37.130759276,37.980450608,38.100760885,36.814944798,5693240.0
2024-01-11,37.950373039,38.048125139,38.431614147,37.356341045,4106422.0
2024-01-12,38.266187516,37.600721296,38.484249893,37.5969616,3731129.0
2024-01-16,38.807583763,39.273786087,39.491848464,38.26242782,10670334.0
2024-01-17,39.228669733,39.341460618,39.679833272,38.912855256,7153491.0
2024-01-18,39.837740511,40.266345873,40.311462227,39.67231388,7470704.0
2024-01-19,40.604718528,41.183711736,41.198750521,40.341539796,6348927.0
2024-01-22,43.484645786,42.860536224,44.161391095,42.484566608,21801012.0
2024-01-23,43.860615402,43.409451863,44.477205572,43.01092407,14452867.0
2024-01-24,44.364414688,43.635033632,44.409531041,43.394413078,12868527.0
2024-01-25,44.364414688,45.364493866,45.529920497,44.319298334,31561647.0
2024-01-26,44.259143195,43.785421479,44.66519038,43.018443462,25999412.0
2024-01-29,44.66519038,44.928369112,45.454726574,44.394492257,12414003.0
2024-01-30,44.808058834,43.702708163,44.928369112,43.465847305,12859659.0
2024-01-31,43.379374294,43.048521032,43.747824517,43.018443462,7673085.0
2024-02-01,43.041001639,43.161311916,43.371854901,42.552241138,9624859.0
2024-02-02,43.048521032,43.732785733,43.800460264,42.860536224,7317877.0
2024-02-05,43.665111202,43.965886895,43.99972416,43.074538129,6402877.0
2024-02-06,44.402011649,43.95084811,44.544880103,43.80421996,6864764.0
2024-02-07,43.965886895,43.567359102,44.153871703,43.356816117,6546823.0
2024-02-08,43.289141586,42.950768931,43.597436671,42.875575008,9883775.0
2024-02-09,42.484566608,42.725187162,43.121459137,42.281543015,8626407.0
2024-02-12,42.537202354,43.101156778,43.661351506,42.492086,5902206.0
2024-02-13,42.048441853,41.612317098,42.063480638,41.198750521,8697580.0
2024-02-14,42.055961245,42.16875213,42.529682961,42.018364284,5246285.0
2024-02-15,42.243946053,42.116116384,42.537202354,41.988286714,5804319.0
2024-02-16,42.138674561,40.604718528,42.334178761,40.544563389,7986333.0
2024-02-20,40.574640958,40.702470628,40.70999002,40.070841673,6804133.0
2024-02-21,40.51448582,40.146035596,40.605470467,39.77006598,5622442.0
2024-02-22,41.100998421,41.883015222,42.108596992,40.928052397,6750961.0
2024-02-23,41.725107983,42.153713345,42.26650423,41.574720137,4186765.0
2024-02-26,42.665032023,42.920691362,43.375614597,42.449751821,8158865.0
2024-02-27,43.800460264,43.221467055,43.913251148,43.078598601,8343216.0
2024-02-28,42.740225946,43.20642827,43.458327913,42.578559012,5470775.0
2024-02-29,43.695188771,44.717826127,44.853175188,43.386893686,10190695.0
2024-03-01,45.868293152,48.349692617,48.526398337,45.597595028,22601512.0
2024-03-04,48.87605008,48.364731402,48.906127649,47.556396727,8245540.0
2024-03-05,47.597753385,47.740621839,48.342173225,46.748062053,9444099.0
2024-03-06,48.823414333,48.65046831,49.567834173,47.815815762,12301410.0
2024-03-07,48.74822041,48.334653832,48.921166433,47.718063662,9032875.0
2024-03-08,48.778297979,47.372171616,49.424965719,47.229303161,8638697.0
2024-03-11,46.845814153,46.657829345,47.24058225,45.920928898,9615128.0
2024-03-12,47.108992884,47.349613439,47.639110043,46.387131222,7550761.0
2024-03-13,47.108992884,46.981163215,47.372171616,46.635271168,4573542.0
2024-03-14,46.86837233,45.717905305,46.913488684,45.225385108,4572131.0
2024-03-15,45.289299943,44.958446681,45.514881712,44.815578227,7621473.0
2024-03-18,45.138912096,44.597515849,45.469765359,44.356895295,5114893.0
2024-03-19,44.296740157,44.973485465,45.31185812,43.965886895,5730571.0
2024-03-20,45.266741766,45.657750167,45.73294409,44.672709773,5606282.0
2024-03-21,48.725662233,47.928606647,49.631749008,47.913567863,15359688.0
2024-03-22,47.830854547,48.078994494,48.432405933,47.439846146,7198560.0
2024-03-25,47.507520677,48.861011295,49.274577872,47.394729792,8283321.0
2024-03-26,49.477601465,51.24465866,52.094349992,49.282097265,15125165.0
2024-03-27,51.868768223,50.861169652,51.898845792,49.947563485,8315200.0
2024-03-28,51.425124076,51.312333191,52.026675462,51.169464737,10501979.0
2024-04-01,51.823651869,53.274894587,54.402803435,51.801093692,16543577.0
2024-04-02,52.259776624,51.755977338,52.425203255,50.936363575,8796835.0
2024-04-03,51.831171261,53.853887795,54.229857411,51.203302003,14463666.0
2024-04-04,54.996835428,53.041793425,56.290170907,52.883886186,12834870.0
2024-04-05,55.011874213,54.974277251,55.233696286,53.229778233,10936326.0
2024-04-08,56.3954424,54.853966974,57.839165725,53.816290834,9992271.0
2024-04-09,56.906761077,54.628385204,56.959396824,53.785912489,11019325.0
2024-04-10,53.808771441,54.327609512,54.959238466,53.395204864,10165543.0
2024-04-11,54.500555535,55.568309244,55.782611925,54.09450835,7845794.0
2024-04-12,55.079548744,54.180981361,55.13218449,53.936601111,7052066.0
2024-04-15,54.929160897,52.959080109,55.154742667,52.680862593,7447321.0
2024-04-16,52.628226847,53.432801825,53.57567028,52.026675462,5912611.0
2024-04-17,54.297531942,52.763575909,55.041951782,52.568071709,8634506.0
2024-04-18,52.60566867,51.37248833,53.179623886,51.304813799,5753147.0
2024-04-19,50.748378767,49.665586273,51.440162861,49.334733011,9303610.0
2024-04-22,49.891168043,50.417525505,51.282255622,49.507679034,9042550.0
2024-04-23,50.53031639,52.575591101,52.812451959,50.53031639,10204327.0
2024-04-24,53.425282433,52.297373585,54.237376804,51.252178053,9793755.0
2024-04-25,50.184424343,52.21466027,52.710940163,49.048996103,11398790.0
2024-04-26,53.387685472,53.658383595,53.974198072,50.368649455,18354446.0
2024-04-29,53.455360002,52.530474747,54.470477966,51.872527919,11908867.0
2024-04-30,52.402645078,53.259855802,54.259934981,52.31241237,10300479.0
2024-05-01,52.763575909,53.019235248,54.132105311,51.786054907,11437319.0
2024-05-02,53.12450674,52.425203255,53.244817017,51.064193245,8437453.0
2024-05-03,53.387685472,53.35008851,53.86892658,52.695901378,7945212.0
2024-05-06,54.139624704,54.590788243,55.515673498,54.079469565,8668458.0
2024-05-07,54.350167688,53.756135695,54.717189228,53.590709064,5204514.0
2024-05-08,53.019235248,54.169702273,54.308811031,52.771095301,5600873.0
2024-05-09,54.034353211,54.207299234,54.718617912,53.507995749,6044313.0
2024-05-10,54.756214874,53.838849011,55.087068136,53.823810226,4898083.0
2024-05-13,54.199779842,53.365127295,54.590788243,53.049312817,5066517.0
2024-05-14,53.410243648,55.297611121,55.387843829,53.056832209,9374955.0
2024-05-15,55.673580737,56.91428047,56.970675912,55.55327046,10553273.0
2024-05-16,56.771412016,55.718697091,57.034590747,55.681100129,6576326.0
2024-05-17,55.237455982,54.214818627,55.40378494,54.124585919,8198742.0
2024-05-20,54.440400396,54.929160897,55.823968583,54.417842219,7415526.0
2024-05-21,53.913290995,55.65102256,56.154821845,53.538073318,6328791.0
2024-05-22,55.869084937,55.297611121,55.921720683,54.590788243,4561723.0
2024-05-23,56.906761077,55.763813445,57.816607548,55.530712283,7137355.0
2024-05-24,56.207457592,56.252573945,56.756373231,55.643503168,3630874.0
2024-05-28,56.959396824,57.252653124,57.540721044,56.598465992,6324963.0
2024-05-29,56.577411694,58.222654733,58.395600757,56.470636323,9957927.0
2024-05-30,57.658700309,56.778931408,57.711336056,55.97435643,8320820.0
2024-05-31,56.778931408,56.613504777,57.252653124,54.703579128,10191339.0
2024-06-03,56.981955,56.380403615,57.297769478,55.731780833,5507661.0
2024-06-04,56.207457592,55.598386814,56.320248476,55.087068136,5060889.0
2024-06-05,56.380403615,57.82412694,58.015871444,56.203697895,7280616.0
2024-06-06,57.673739094,56.583427208,57.816532354,56.471914619,5131828.0
2024-06-07,56.305209692,56.380403615,57.000753481,55.989395214,7464387.0
2024-06-10,55.989395214,57.974514787,58.117383241,55.906681899,8047489.0
2024-06-11,57.95195661,57.538390032,58.252732303,57.057148924,5198863.0
2024-06-12,58.395600757,59.546067782,60.034828282,58.200096556,7437022.0
2024-06-13,59.380641151,59.839324082,60.512309695,59.205439309,8987913.0
2024-06-14,58.771570373,58.741492803,59.403199328,57.831646333,4171943.0
2024-06-17,58.651260096,60.049867067,60.205593682,58.102344456,6183693.0
2024-06-18,60.433356075,60.328084583,61.320644369,59.876921044,7230613.0
2024-06-20,60.425836683,57.365444009,60.505993405,57.200017378,7810931.0
2024-06-21,57.019551962,56.974435608,57.748933017,56.16986063,9032501.0
2024-06-24,56.624783865,56.696218092,57.478234894,56.275132122,6779470.0
2024-06-25,56.951877431,57.794049371,57.944437217,56.508233284,4981783.0
2024-06-26,57.779010586,56.748853839,57.997072964,56.402961792,4848165.0
2024-06-27,56.154821845,57.613583955,58.455755895,55.500634713,5750049.0
2024-06-28,57.523351248,56.974435608,58.786609157,56.778931408,11358578.0
2024-07-01,57.30528887,57.43311854,57.609824259,55.929240076,4771159.0
2024-07-02,56.974435608,58.688857057,58.733973411,56.741334446,3575320.0
2024-07-03,58.681337665,58.493352857,59.132501204,58.252732303,2592599.0
2024-07-05,58.658779488,58.027150533,58.658779488,57.782770283,3062296.0
2024-07-08,58.433197718,59.027229712,59.493432035,58.14746081,4903038.0
2024-07-09,58.997152142,58.974593965,59.967153752,58.756531588,4125927.0
2024-07-10,59.523509605,60.335603975,60.440875468,59.211454823,5860911.0
2024-07-11,60.275448837,58.530949818,60.305526406,58.117383241,5466650.0
2024-07-12,58.305368049,59.230253304,59.613742312,57.794049371,6026955.0
2024-07-15,59.779168944,59.267850266,60.22281309,58.643740703,7153546.0
2024-07-16,58.831725511,57.944437217,59.485687061,57.884282079,5633897.0
2024-07-17,56.760132927,53.981717465,56.824047762,53.891484757,14160370.0
2024-07-18,54.541912193,52.816211655,54.58326885,51.748457946,11549298.0
2024-07-19,53.12450674,52.500397178,53.876445972,52.03795455,5711691.0
2024-07-22,53.553112103,54.936680289,55.00435482,53.15458431,7174316.0
2024-07-23,54.410322827,54.861486366,55.22993659,54.402803435,3691419.0
2024-07-24,54.823889405,54.147144096,55.921720683,54.011795034,8452480.0
2024-07-25,51.492798607,49.996439535,51.943962146,49.928765004,17999639.0
2024-07-26,50.981479929,51.327371976,51.357449545,50.410006113,5919695.0
2024-07-29,51.883807008,49.951323181,52.011636677,49.661826577,8409057.0
2024-07-30,50.026517104,47.507520677,50.10923042,47.439846146,12246118.0
2024-07-31,49.906206827,50.417525505,50.846130867,48.627910133,17917549.0
2024-08-01,45.372013258,45.514881712,47.51504007,43.695188771,35583710.0
2024-08-02,43.920770541,43.033482247,43.95084811,41.777743729,17536198.0
2024-08-05,40.627276704,42.853016831,43.356816117,39.679833272,14413670.0
2024-08-06,42.574799315,43.146273132,44.214026841,42.574799315,12630197.0
2024-08-07,44.101235956,42.2965818,44.759182784,41.905573399,10848684.0
2024-08-08,43.30418037,44.349375903,44.69526795,42.454489038,8029187.0
2024-08-09,44.364414688,44.875733365,45.056198781,43.710227556,7060520.0
2024-08-12,44.875733365,45.394571435,46.236743375,44.379453472,9083652.0
2024-08-13,45.860773759,46.304417906,46.590154814,45.725424697,6755612.0
2024-08-14,46.808217192,46.25178216,47.184186808,45.575036851,5972025.0
2024-08-15,47.146589846,47.748141232,47.93612604,46.552557853,7492286.0
2024-08-16,47.500001285,48.161707809,48.447444717,47.327055262,5951206.0
2024-08-19,47.973723001,48.951244003,49.048996103,47.51504007,6811731.0
2024-08-20,48.913647041,48.439925325,48.981321572,48.297056871,4902498.0
2024-08-21,48.793336764,48.898608256,48.951244003,48.048916924,5701980.0
2024-08-22,48.718142841,48.154188417,49.244500303,48.011319963,4205387.0
2024-08-23,48.312095656,48.387289579,48.902367953,47.71054427,4030370.0
2024-08-26,48.041397532,47.139070454,48.342173225,46.943566253,4297371.0
2024-08-27,46.492402714,47.259380731,47.447365539,45.988603429,6677668.0
2024-08-28,46.778139622,46.943566253,47.154109238,45.951006467,6184370.0
2024-08-29,47.575195208,47.394729792,48.289537479,46.77062023,5718794.0
2024-08-30,48.214343555,49.319694226,49.39488815,47.71054427,8491664.0
2024-09-03,48.515119248,47.417287969,48.515119248,46.77062023,7797123.0
2024-09-04,46.590154814,47.334574654,47.981242393,46.221704591,4871772.0
2024-09-05,46.913488684,47.078915315,47.819575459,46.913488684,3066010.0
2024-09-06,46.733023268,45.695347128,47.011240784,45.11635392,5493562.0
2024-09-09,46.552557853,47.078915315,47.206744984,46.17282854,5520129.0
2024-09-10,47.041318353,47.214264377,47.620311562,46.657829345,4350778.0
2024-09-11,47.5827146,47.605272777,47.71054427,45.83069619,4787545.0
2024-09-12,47.605272777,47.560156424,48.199229577,46.87777157,5270365.0
2024-09-13,47.815815762,48.891088864,48.981321572,47.815815762,4739765.0
2024-09-16,48.184265986,48.191785378,48.372250794,47.575195208,5945258.0
2024-09-17,48.627910133,49.545275996,49.81597412,48.447444717,6884851.0
2024-09-18,49.176825772,48.439925325,49.665586273,48.203064467,5875135.0
2024-09-19,49.921245612,49.605431135,50.064114066,49.146748203,6379056.0
2024-09-20,49.064034888,50.191943736,50.289695836,48.861011295,10168668.0
2024-09-23,50.40248672,49.846051689,50.635587882,49.838532296,3848679.0
2024-09-24,49.846051689,49.973881358,50.274657051,48.266979302,8800688.0
2024-09-25,49.560314781,49.627989312,49.88364865,49.07155428,5017600.0
2024-09-26,52.876366794,52.981638286,53.711019341,51.515356784,11692221.0
2024-09-27,52.981638286,52.199621485,52.981638286,51.752217642,5415106.0
2024-09-30,51.801093692,51.349930153,52.304892977,51.116828991,7049879.0
2024-10-01,51.199542306,50.199463128,51.334891368,49.988920143,4619020.0
2024-10-02,50.101711028,50.018997712,51.207061699,49.943803789,5067117.0
2024-10-03,49.627989312,50.064114066,50.887487525,49.488880554,5246339.0
2024-10-04,51.019076891,49.891168043,51.101790206,49.545275996,6041371.0
2024-10-07,49.831012904,49.958842574,50.590471528,49.530237211,4316490.0
2024-10-08,50.034036497,49.755818981,50.191943736,49.387368757,5127393.0
2024-10-09,49.447523896,48.485041679,49.507679034,48.240661428,5871517.0
2024-10-10,47.830854547,48.161707809,48.79709646,47.71054427,4647829.0
2024-10-11,47.921087255,48.785817372,49.154267595,47.883490293,5355226.0
2024-10-14,49.206903342,50.252098874,50.297215228,49.176825772,5858535.0
2024-10-15,50.379928544,50.342331582,51.677023719,50.267137659,7906849.0
2024-10-16,50.379928544,50.973960537,51.176984129,50.018997712,5877906.0
2024-10-17,51.733419161,50.643107275,51.853729438,50.492719428,4827488.0
2024-10-18,51.071712637,50.40248672,51.282255622,50.124269205,3902869.0
2024-10-21,50.131788597,50.575432744,50.876208437,49.680625058,6715738.0
2024-10-22,50.233300393,50.95140236,51.259697445,49.597911742,8323379.0
2024-10-23,50.470161251,50.086672243,50.970200841,49.575353565,7247437.0
2024-10-24,50.613029705,49.868609866,50.785900535,49.778377158,11650161.0
2024-10-25,54.579509154,52.222179662,55.267533552,52.124502756,23350818.0
2024-10-28,52.342489939,52.417683862,53.477918179,51.334891368,10457528.0
2024-10-29,52.530474747,51.357449545,52.63574624,50.947642664,8272714.0
2024-10-30,50.966441144,50.394967328,52.049158445,50.35361067,6205665.0
2024-10-31,50.01147832,49.109151241,50.72582059,48.87605008,6050729.0
2024-11-01,49.440004504,49.537756604,50.462641859,49.327213619,5061410.0
2024-11-04,49.36481058,49.041476711,49.996439535,48.955003699,3579883.0
2024-11-05,49.252019696,50.252098874,50.477680644,49.252019696,5522932.0
2024-11-06,51.778535515,52.568071709,52.778614694,51.32361228,7575858.0
2024-11-07,53.011715856,52.966599502,53.560631495,52.41016447,4986193.0
2024-11-08,52.63574624,52.342489939,52.966599502,52.019156069,4655194.0
2024-11-11,52.688381986,50.665665452,52.741017732,50.590471528,5893305.0
2024-11-12,49.778377158,48.094033278,50.01147832,47.406008881,11218829.0
2024-11-13,47.93612604,47.169148023,47.93612604,46.842054457,5998077.0
2024-11-14,47.184186808,47.537598247,47.891009686,47.161628631,4805746.0
2024-11-15,46.958605038,47.221783769,47.462404323,46.845814153,4634713.0
2024-11-18,47.255621035,48.560235602,48.635429525,47.062372652,4802884.0
2024-11-19,48.116591455,49.094112457,49.184345165,47.893190309,3793686.0
2024-11-20,49.36481058,48.00380057,49.387368757,47.236822554,5065820.0
2024-11-21,48.477522287,49.537756604,50.01147832,48.048916924,5345925.0
2024-11-22,49.936284397,49.951323181,50.244579482,49.507679034,6856481.0
2024-11-25,50.455122467,52.203381181,52.583110493,50.425044897,11671155.0
2024-11-26,52.162024523,54.90660272,55.072029351,52.154505131,14197675.0
2024-11-27,54.921641505,53.763655088,55.252494767,53.086909779,13610601.0
2024-11-29,54.139624704,54.884044543,55.380324436,53.891484757,3647661.0
2024-12-02,55.026912997,55.214897805,55.583348029,54.643423989,7136686.0
2024-12-03,54.974277251,53.906523542,55.726216483,52.778614694,7116881.0
2024-12-04,54.58326885,54.395284042,54.58326885,53.079390386,5518742.0
2024-12-05,54.402803435,54.222338019,55.515673498,54.090748653,4124105.0
2024-12-06,54.447919789,53.440321218,54.650943381,53.139620719,4976966.0
2024-12-09,53.365127295,53.192181271,53.985477161,53.116987348,4135132.0
2024-12-10,53.237297625,51.748457946,53.380166079,51.364968937,4367536.0
2024-12-11,52.41016447,52.560552316,52.936521932,52.004117285,3415624.0
2024-12-12,52.560552316,49.620469919,52.662064113,48.868530687,13070966.0
2024-12-13,49.800935335,48.966282787,49.831012904,48.65046831,10583281.0
2024-12-16,48.52263864,49.101631849,50.079152851,48.161707809,7137148.0
2024-12-17,49.026437926,48.605351956,49.635508704,48.55271621,5185275.0
2024-12-18,49.958842574,47.778218801,50.53031639,47.447365539,7345328.0
2024-12-19,46.560077245,44.830617011,46.853333545,44.672709773,17917447.0
2024-12-20,44.522321926,45.296819335,46.206665806,44.356895295,16850556.0
2024-12-23,45.123873312,46.289379121,46.326976083,45.123873312,5441002.0
2024-12-24,46.138991275,46.394650614,46.432247576,45.958525859,2001163.0
2024-12-26,46.25178216,46.402170006,46.77062023,46.221704591,2840201.0
2024-12-27,46.146510667,45.642711382,46.326976083,45.417129612,5507971.0
2024-12-30,44.860694581,44.830617011,45.217865716,44.229065626,5836453.0
2024-12-31,44.868213973,44.838136404,45.462245966,44.642632203,5207872.0
2025-01-02,45.011082427,46.522480283,47.259380731,45.011082427,6978201.0
2025-01-03,46.657829345,48.176746594,48.214343555,46.657829345,5486189.0
2025-01-06,49.101631849,49.36481058,50.729580286,49.075313976,8778456.0
2025-01-07,49.522717819,48.778297979,50.101711028,48.718142841,5984604.0
2025-01-08,48.199304771,48.169227201,48.763259195,47.665427916,6109624.0
2025-01-10,47.454884931,47.236822554,47.958684216,46.082595833,6158193.0
2025-01-13,46.439766968,46.635271168,47.312016477,46.138991275,5229912.0
2025-01-14,46.973643823,47.176667415,47.522559462,46.552557853,5926729.0
2025-01-15,48.169227201,48.597832564,49.447523896,48.124110848,6626529.0
2025-01-16,48.379770186,48.312095656,48.921166433,47.680466701,7027670.0
2025-01-17,49.127949722,48.906127649,49.88364865,47.973723001,9476276.0
2025-01-21,49.349771796,50.703262413,51.270976533,49.094112457,9324210.0
2025-01-22,51.507837392,51.605589492,53.004196463,51.34241076,12361281.0
2025-01-23,50.838611475,51.643186453,51.868768223,50.723564773,9342617.0
2025-01-24,51.816132477,50.688223629,52.21466027,50.650626667,8002149.0
2025-01-27,49.334733011,48.42488654,49.334733011,47.327055262,10047772.0
2025-01-28,48.55271621,47.274419515,48.642948918,46.484883322,9652528.0
2025-01-29,47.921087255,47.221783769,48.236901732,46.913488684,14116309.0
2025-01-30,49.966361966,49.46256268,50.82357269,47.898529078,21908027.0
2025-01-31,49.026437926,48.97380218,51.101790206,48.749573901,10879072.0
2025-02-03,48.148172903,48.439925325,49.838532296,47.778218801,8416621.0
2025-02-04,47.996281178,47.981242393,49.07155428,47.601513081,6843551.0
2025-02-05,47.981242393,48.665507095,49.07155428,47.680466701,7069419.0
2025-02-06,48.808375549,48.485041679,49.225701822,48.240661428,4067087.0
2025-02-07,48.680545879,48.470002894,49.289616657,47.800776978,5052217.0
2025-02-10,49.327213619,51.913884577,52.154505131,49.244500303,13869650.0
2025-02-11,51.733419161,51.823651869,53.162103702,51.184503522,12219477.0
2025-02-12,51.29353471,50.590471528,51.898845792,49.853571081,10944396.0
2025-02-13,50.650626667,50.801014513,51.34241076,50.131788597,7402738.0
2025-02-14,51.034115675,51.425124076,51.786054907,50.733339983,7514154.0
2025-02-18,52.793653478,54.16218288,54.207299234,52.553032924,12392401.0
2025-02-19,53.880205668,53.763655088,54.335128904,53.523034533,6932807.0
2025-02-20,53.763655088,53.605747849,53.951639896,52.568071709,6121352.0
2025-02-21,53.883965365,51.661984934,53.883965365,50.958921752,11986680.0
2025-02-24,52.353428132,48.780936077,52.41313552,47.994788801,18354424.0
2025-02-25,48.472447905,48.830692234,50.880645892,48.472447905,11679742.0
2025-02-26,49.527278428,49.915376451,50.462694175,48.532155293,8547001.0
2025-02-27,50.243767086,47.964935107,51.228938989,47.875374024,9392068.0
2025-02-28,48.094301114,48.691374995,49.8357666,47.76591048,9268624.0
2025-03-03,49.298400107,46.780738576,49.586985817,46.273225777,8841792.0
2025-03-04,45.984640068,44.412345515,46.123957307,44.034198723,11765684.0
2025-03-05,44.442199209,43.984442567,44.472052903,43.039075588,7615709.0
2025-03-06,42.710684954,41.247853945,42.909709581,41.153317247,11790248.0
2025-03-07,41.287658871,41.496634729,42.272830774,40.217304427,12084920.0
2025-03-10,40.481609131,40.342291892,40.685609374,39.222778366,10563682.0
2025-03-11,40.202974654,41.596147043,42.631075103,40.113413571,9283833.0
2025-03-12,42.402196782,42.750489879,43.486880999,42.053903685,5998747.0
2025-03-13,42.362391856,41.825025364,42.83009973,41.503371713,5495279.0
2025-03-14,42.9793682,44.312833201,44.631272604,42.740538648,7882093.0
2025-03-17,44.342686895,44.531760291,45.218395254,44.203369656,5734481.0
2025-03-18,44.322784432,44.123759805,44.342686895,43.457027305,5206079.0
2025-03-19,44.153613499,44.681028761,45.208444023,43.93468641,3603170.0
2025-03-20,44.044149955,44.292930738,45.307856824,44.029223108,4910064.0
2025-03-21,43.675954395,43.447076074,43.894881484,42.969416969,7713159.0
2025-03-24,44.482004134,44.093906111,44.63624822,43.2331246,5619790.0
2025-03-25,43.874979022,43.178392827,44.064052417,42.332538162,8749529.0
2025-03-26,43.287856372,42.412148013,43.41722238,42.004147528,7243959.0
2025-03-27,41.994196297,41.705610587,42.700733722,41.660232972,4909942.0
2025-03-28,41.198097789,40.421901743,41.785220438,40.292535736,4640234.0
2025-03-31,39.595949541,40.232828348,40.307462583,38.90682677,8212192.0
2025-04-01,39.904437713,40.69058499,40.77019484,39.655656929,5292712.0
2025-04-02,40.123364803,41.57624458,42.019074375,40.063657415,5017511.0
2025-04-03,38.570972712,33.98345506,38.710289951,33.839162205,21307161.0
2025-04-04,32.550477745,30.391060542,32.938575768,29.609888881,22939124.0
2025-04-07,29.475547258,31.008036886,33.24706394,28.689399982,14472073.0
2025-04-08,32.490770357,31.396134909,34.61535825,30.570182707,17547238.0
2025-04-09,31.18715905,36.1229698,37.186756431,30.420914236,20134784.0
2025-04-10,35.625408233,34.699943717,35.943847636,33.54560088,15245506.0
2025-04-11,34.192430918,34.232235844,34.898968344,33.257015171,8654125.0
2025-04-14,36.282189502,35.645310695,36.441409203,35.107944202,9947418.0
2025-04-15,35.635359464,35.75477424,36.152823494,35.306968829,6199499.0
2025-04-16,35.615457001,35.446286068,36.073213643,34.829309725,7265439.0
2025-04-17,36.003555024,36.331945658,36.521019054,35.336822523,7393624.0
2025-04-21,35.913993942,35.784627934,36.100280993,35.336822523,6676630.0
2025-04-22,36.182677188,36.501116591,36.819555995,35.804530397,5086929.0
2025-04-23,38.143069764,37.516142189,38.904338962,37.287263868,5526143.0
2025-04-24,38.043557451,39.974096332,40.163169728,38.003752525,5943864.0
2025-04-25,40.003950027,40.581121445,40.869707154,39.705413086,4158669.0
2025-04-28,40.392048049,40.710487452,40.924438926,39.984047564,5916486.0
2025-04-29,40.511462825,40.421901743,41.048829318,40.387072433,6871713.0
2025-04-30,42.770392342,43.646100701,43.855076559,41.626000737,15906049.0
2025-05-01,44.482004134,43.735661783,44.929809545,43.646100701,9378325.0
2025-05-02,44.770589843,44.472052903,45.158687866,44.263077044,8263610.0
2025-05-05,43.735661783,44.810394769,45.387566187,43.735661783,7521973.0
2025-05-06,44.362589358,44.074003649,44.690979992,43.894881484,4952585.0
2025-05-07,44.193418425,44.08395488,44.442199209,43.387368686,7564655.0
2025-05-08,44.730784918,44.08395488,44.90980757,43.954588872,5320670.0
2025-05-09,44.442000184,43.884930253,45.009419396,43.666003163,4960149.0
2025-05-12,46.651372568,46.342884396,47.258397681,46.168737848,6957449.0
2025-05-13,46.820543501,48.770984846,49.626790742,46.452447454,8113728.0
2025-05-14,48.591862682,48.960058242,49.596937048,48.338106282,8649645.0
2025-05-15,48.930204547,49.507375966,49.522302813,48.571960219,8249387.0
2025-05-16,49.75615675,49.746205518,50.01986438,49.298400107,4955613.0
2025-05-19,48.820741003,50.472645407,50.552255258,48.780936077,5283150.0
2025-05-20,50.472645407,50.383084325,51.338402534,50.104449847,4930421.0
2025-05-21,49.880547141,49.248643951,51.005036284,49.084448633,7278957.0
2025-05-22,49.31830257,49.596937048,50.840840967,49.039668092,5802959.0
2025-05-23,48.979960704,49.935278914,50.144254772,48.761033615,5763168.0
2025-05-27,50.820938504,51.567280855,51.736451788,50.373133093,6374548.0
2025-05-28,51.517524698,52.094696117,52.532550296,51.388158691,6782086.0
2025-05-29,52.960453244,52.293720744,53.089819252,51.736451788,4571539.0
2025-05-30,51.776256714,51.298597609,52.149427889,51.000060668,7402770.0
2025-06-02,51.179182833,51.935476415,52.154403505,50.920450817,4214640.0
2025-06-03,52.084744885,53.507770968,53.657039439,51.626988243,5635320.0
2025-06-04,53.836773552,54.265473785,54.59447629,53.308375589,4739635.0
2025-06-05,54.714113565,54.883599704,55.441906985,54.056108555,10981615.0
2025-06-06,55.741000172,55.282390619,56.578461094,55.2524813,5952193.0
2025-06-09,56.35912609,56.847644961,57.281330082,55.910486311,6549905.0
2025-06-10,57.027100873,55.780879263,57.216526558,55.402027894,7168084.0
2025-06-11,56.239488816,55.501725622,56.663204163,55.013206751,4411506.0
2025-06-12,55.11290448,55.611393124,55.880576992,54.965451539,3608882.0
2025-06-13,54.684204246,55.531634941,56.099911995,54.434959924,10554505.0
2025-06-16,56.319246999,57.236466104,57.515619744,56.094927109,5552451.0
2025-06-17,57.899456,58.392959758,60.406853879,57.700060543,9616536.0
2025-06-18,58.512597032,59.011085676,59.748848869,58.353080666,6647734.0
2025-06-20,59.699000005,59.110783405,59.753833756,58.791750673,9426272.0
2025-06-23,58.821659992,60.197488649,60.327095696,58.482687714,4626989.0
2025-06-24,60.606249337,61.882380266,62.131624588,60.381929447,6021185.0
2025-06-25,62.340989818,62.360929364,62.699901642,61.942198903,4530312.0
2025-06-26,62.460627093,63.31802756,63.567271882,62.340989818,5930399.0
2025-06-27,63.31802756,63.098692557,63.467574154,62.460627093,6642309.0
2025-06-30,63.407755516,63.796576659,64.145518709,62.919236645,6074642.0
2025-07-01,63.487513699,63.647030065,64.015911662,62.749750506,5360877.0
2025-07-02,63.447634608,65.581166004,65.730712597,62.821732266,7125003.0
2025-07-03,65.730712597,65.880259191,66.627992157,65.571196231,5162095.0
2025-07-07,65.60110555,65.017873836,65.925123169,64.763644628,6232189.0
2025-07-08,65.730712597,63.826485977,65.800501008,63.477543926,8355471.0
2025-07-09,64.145518709,64.444611896,64.923160994,63.966062798,8534415.0
2025-07-10,64.763644628,64.863342357,65.406694979,64.389778145,3917443.0
2025-07-11,64.554279398,65.940077828,66.428596699,64.035851208,5339157.0
2025-07-14,65.840380099,66.727689885,67.141634855,65.042798269,5100413.0
2025-07-15,67.744606719,67.325876258,67.854274221,66.966964434,6335121.0
2025-07-16,67.325876258,66.32889897,67.395664668,65.596120663,4780272.0
2025-07-17,66.308959424,66.817417841,67.470437965,66.149443058,6211307.0
2025-07-18,67.654878763,67.794455584,68.312883773,67.061677277,4275307.0
2025-07-21,67.983881268,68.532218777,68.562128095,67.495362397,4128038.0
2025-07-22,68.322853546,66.857296933,68.559835047,65.840380099,5096706.0
2025-07-23,67.405634441,69.110465604,69.389619244,67.370740236,7210623.0
2025-07-24,68.990828329,68.811372417,69.40955879,68.133427861,8054280.0
2025-07-25,69.040677194,68.61197696,69.508957426,66.308959424,7880376.0
2025-07-28,69.190223787,68.776478212,69.40955879,68.45744548,4508865.0
2025-07-29,69.240072651,70.396566305,71.094450407,69.195208673,8861358.0
2025-07-30,69.240072651,71.214087681,71.592939051,69.090526058,13984025.0
2025-07-31,74.025563634,78.452142792,78.561212108,73.028586346,24012721.0
2025-08-01,75.481150474,76.318611396,76.787190721,74.264838183,8789789.0
2025-08-04,77.534923687,77.056374589,77.784168009,75.82371187,5097441.0
2025-08-05,77.69942494,75.610757521,77.973593694,73.980699656,5898439.0
2025-08-06,75.695500591,73.556984308,76.22888344,73.282815554,7647042.0
2025-08-07,73.487195898,74.214989318,74.389460344,73.21801203,6938344.0
2025-08-08,74.703508189,74.743387281,75.57087843,74.264838183,4983830.0
2025-08-11,75.092329332,74.414384776,76.43824867,74.145200908,7304259.0
2025-08-12,74.673598871,75.680545932,75.700485477,74.39444523,7694755.0
2025-08-13,76.049427528,75.840062298,76.946707087,75.441271382,5298719.0
2025-08-14,75.05245024,76.009548437,76.378430033,74.497632379,6621516.0
2025-08-15,76.268762532,74.833115237,76.348520715,74.314687047,4258515.0
2025-08-18,74.563931369,76.059397301,76.189004348,74.399430117,5191856.0
2025-08-19,75.670576159,75.630697067,76.22888344,74.882964101,3770844.0
2025-08-20,75.451241155,75.411362064,75.451241155,72.918918844,5478307.0
2025-08-21,75.521029566,74.434324322,75.770273888,74.190064886,5490564.0
2025-08-22,74.553961596,76.737341857,77.116193226,74.344596366,6521653.0
2025-08-25,76.737341857,78.980540755,79.598666673,76.468157989,5401371.0
2025-08-26,78.86090348,79.469059626,80.057276226,78.86090348,8724764.0
2025-08-27,80.007427362,80.426157822,80.55576487,79.30954326,5536581.0
2025-08-28,80.655462599,81.792016707,81.911653982,80.456067141,4557500.0
2025-08-29,81.323437382,80.097155317,82.071170348,79.558787582,5004446.0
2025-09-02,78.277671767,81.66240966,81.687334092,77.664530735,5777791.0
2025-09-03,83.84578992,85.740046768,86.014215522,83.088087181,12194810.0
2025-09-04,86.22913439,90.321499837,90.730736382,85.76000957,13542546.0
2025-09-05,92.317775665,91.868613604,92.926639793,91.259749477,20310357.0
2025-09-08,92.367682561,93.116285997,93.325894959,91.479339818,8499368.0
2025-09-09,92.826826002,94.363958389,95.187422168,92.527384627,7195030.0
2025-09-10,95.706453883,94.843064588,96.000904568,93.745112882,8398437.0
2025-09-11,96.689619729,95.970960431,97.59792523,94.236196736,6985090.0
2025-09-12,96.030848705,97.478148681,98.670923488,95.801276985,6753128.0
2025-09-15,100.257962771,102.199341014,103.586752714,99.8137914,12523274.0
2025-09-16,102.339080322,102.898037554,103.786380297,101.246119306,8734852.0
2025-09-17,102.034648258,100.752041039,102.206128352,99.534312784,8787619.0
2025-09-18,102.264219978,104.954201657,105.912414054,101.810067228,10389065.0
2025-09-19,105.682842334,106.431445769,106.980421622,105.123885102,11030712.0
2025-09-22,107.010365759,112.200682912,112.619900836,107.010365759,9686251.0
2025-09-23,112.270552566,110.044705018,113.543178407,109.196287791,7375492.0
2025-09-24,110.628615698,109.485747786,112.599938078,108.707200213,8412662.0
2025-09-25,106.42146439,107.010365759,108.497591251,106.092078879,8499398.0
2025-09-26,107.269881617,106.680980248,107.858782986,105.223698893,5520034.0
2025-09-29,111.811409126,116.52262008,117.917018746,111.621762922,14023937.0
2025-09-30,117.585636958,119.836437954,122.361627063,117.231297999,13861677.0
2025-10-01,117.954947986,130.346830189,130.875843283,117.291186274,18540368.0
2025-10-02,135.756737683,131.015582591,137.144149383,128.185861605,15306187.0
2025-10-03,131.49468879,131.065489487,135.961355955,129.688059166,8465883.0
2025-10-06,134.74861839,125.046717865,135.943389473,124.707350975,13060318.0
2025-10-07,127.227649208,119.706680026,127.402323342,117.590627648,13674282.0
2025-10-08,120.545115873,120.954352418,123.070404796,119.190143655,7191700.0
2025-10-09,119.556959338,119.477108305,120.614985527,117.780273852,6234317.0
2025-10-10,119.77654968,115.205078033,121.717927922,114.815804247,7046192.0
2025-10-13,122.022359986,118.638672458,122.331782739,115.793979403,8388922.0
2025-10-14,115.893793194,112.91934221,117.06151474,112.310577897,7844193.0
2025-10-15,116.482694563,120.215730362,120.415357944,113.288653239,9943256.0
2025-10-16,123.040460658,125.68552613,130.157183985,122.175474342,13878591.0
2025-10-17,124.637481321,125.965004746,128.880565593,123.220225297,6868360.0
2025-10-20,128.699902631,121.303700688,131.754204648,119.626828992,10172198.0
2025-10-21,121.243812413,121.183924138,121.762844128,119.377294514,4594429.0
2025-10-22,120.944371039,120.245674499,124.887015799,117.011707658,9033809.0
2025-10-23,121.722918612,125.485898548,126.484036462,121.488356202,7263499.0
2025-10-24,129.159046071,129.188990209,133.291337035,128.789735043,6546406.0
2025-10-27,132.752342562,126.434129566,132.852156353,122.990553763,7249286.0
2025-10-28,126.464073703,124.687388216,126.583850253,121.62310482,7031914.0
2025-10-29,131.185266037,141.116738281,145.408731311,131.005601212,18267279.0
2025-10-30,137.498488343,137.87279006,141.732589374,134.758599769,13870670.0
2025-10-31,155.210445627,149.930296061,157.356442142,139.889028647,20139877.0
2025-11-03,151.786832581,157.72575317,159.911675201,147.774318167,13275428.0
2025-11-04,151.058191904,151.896627752,154.891041494,149.740649858,8870901.0
2025-11-05,152.914728424,159.801880031,165.082029596,152.695138083,9749041.0
2025-11-06,159.69208486,163.29536273,167.188100595,159.502438657,8419228.0
2025-11-07,159.46251314,162.651563775,162.936033081,152.525454638,9652820.0
2025-11-10,169.653501242,173.895587377,175.897552591,169.004711598,11230739.0
2025-11-11,171.230559146,169.673464,178.117710753,169.32411573,9244008.0
2025-11-12,169.413948143,165.800688894,175.292980456,164.722699947,9868282.0
2025-11-13,162.147504129,156.867354564,164.575274977,154.486795639,10238583.0
2025-11-14,150.29960709,157.536106966,161.378937935,149.800538133,9677838.0
2025-11-17,155.215436316,162.147504129,167.178119215,155.215436316,8774234.0
2025-11-18,158.060129371,152.575361534,161.019608286,150.469290535,9321346.0
2025-11-19,152.575361534,153.683294618,156.344130669,149.800538133,6499050.0
2025-11-20,162.376077711,139.96887968,163.475027554,137.375118496,11373603.0
2025-11-21,140.273311743,138.930816249,141.227531589,132.183403951,11191147.0
2025-11-24,142.279568951,150.64895536,152.419452391,142.279568951,10818359.0
2025-11-25,149.7206871,155.120613214,155.719495963,147.424969897,5467674.0
2025-11-26,156.687689739,157.446274554,161.009527093,156.068844233,4853810.0
2025-11-28,159.70206624,163.025865493,163.365232384,156.498043536,3232095.0
2025-12-01,159.901693822,163.235474455,164.942290288,156.937224218,7882228.0
2025-12-02,166.689031638,159.69208486,169.403966764,155.97901182,7657422.0
2025-12-03,159.222960041,155.300278039,159.247913489,151.138042937,6756420.0
2025-12-04,154.745866038,160.829413416,161.358851857,152.847979066,6303310.0
2025-12-05,161.828353872,168.711053613,169.290439078,161.828353872,5815322.0
2025-12-08,170.748892144,169.600110619,172.816698888,166.573321038,4272221.0
2025-12-09,169.520195383,169.36036491,171.663122449,166.703183297,3709875.0
2025-12-10,169.525190085,181.757215969,182.276665006,168.725438356,7966039.0
2025-12-11,176.627656727,187.001653363,188.569989879,173.262226331,7468934.0
2025-12-12,184.144683659,176.153160011,185.623115533,169.839856329,9677928.0
2025-12-15,178.1010939,171.85771605,180.788243726,171.637949149,5781864.0
2025-12-16,171.897673668,174.390030106,177.192058085,170.563089219,5857022.0
2025-12-17,179.709388034,166.083840214,181.47501529,165.29457736,6693053.0
2025-12-18,174.614791708,174.824569204,181.297603465,174.241587554,9147140.0
2025-12-19,176.642640834,180.888137772,185.073698283,175.49385931,36269615.0
2025-12-22,186.267432128,176.572715002,186.981674554,171.666918423,8685192.0
2025-12-23,175.334028837,178.061136282,178.21097735,174.315109572,3721139.0
2025-12-24,179.015124417,179.369748279,182.356580242,177.586639565,3067019.0
2025-12-26,182.116834533,181.347650382,182.326612029,177.996205152,3351619.0
2025-12-29,178.810341624,179.489621134,184.574128161,176.512778575,3906335.0
2025-12-30,180.078996003,175.873456683,181.267735145,175.076901563,6007987.0
2025-12-31,176.582704407,172.087472355,176.812460712,171.078542494,3552242.0
2026-01-02,177.012248803,187.501123591,187.571049423,176.512878469,6808344.0
2026-01-05,192.965327885,187.680932873,195.652477712,182.606315356,9826728.0
2026-01-06,189.414094564,219.147557237,220.99559708,188.155429589,17178444.0
2026-01-07,211.760392565,199.668218345,212.628871397,194.913261774,14305026.0
2026-01-08,200.297550832,187.481144782,200.687037716,180.508540399,11902258.0
2026-01-09,187.650964659,200.247603809,200.707116419,185.802924816,9887711.0
2026-01-12,193.294978236,211.915228335,213.203861524,193.294978236,7465393.0
2026-01-13,209.038279822,213.773257584,217.769019408,208.259106266,6485646.0
2026-01-14,213.773257584,214.77219804,218.288468445,209.917347423,5611894.0
2026-01-15,223.662768098,221.864675277,230.235796298,220.765840776,7536185.0
2026-01-16,228.547586928,221.275300408,229.746315475,216.600259074,8972805.0
2026-01-20,220.566052684,222.733753474,230.026018803,219.76690032,7125440.0
2026-01-21,227.76341867,241.643696306,244.640517674,225.860437101,9447057.0
2026-01-22,246.448599899,243.03222354,247.672801428,228.108053127,8926901.0
2026-01-23,240.494914782,236.139534393,242.992265922,231.953973883,6115703.0
2026-01-26,235.849841661,240.594808827,250.1746478,234.070329133,7128274.0
2026-01-27,243.831375905,252.392295612,256.228226964,243.441789127,7483024.0
2026-01-28,263.170863133,279.403645543,283.699089504,260.523471136,16090469.0
2026-01-29,284.69802996,278.115012354,285.117584951,268.065671367,15770454.0
2026-01-30,277.945192477,249.964870304,283.398408426,237.327574278,21695142.0
2026-02-02,243.496730852,269.943679424,275.407883719,241.114257864,16019328.0
2026-02-03,279.213846856,289.932477949,296.185845204,271.412121895,15378439.0
2026-02-04,285.062643226,269.12454825,294.677345221,254.060526174,14795800.0
2026-02-05,255.798682567,259.914317246,269.594050265,254.634916936,10663930.0
2026-02-06,270.203403943,282.280594056,283.629163672,261.722399472,9913276.0
2026-02-09,279.493550184,285.686981011,295.114481564,271.242302017,8044918.0
2026-02-10,279.733295893,262.281806127,283.519280221,260.473823796,9560738.0
2026-02-11,274.788540636,273.449960425,279.493550184,266.057801051,9362719.0
2026-02-12,284.69802996,283.798983549,307.17419022,282.700149048,16651734.0
2026-02-13,272.800649129,281.2816536,289.355989412,266.177673905,9901705.0
2026-02-17,277.066124876,283.808972954,288.034491083,271.711804032,5524169.0
2026-02-18,288.693791784,296.245781631,309.57154742,284.488352358,12173045.0
2026-02-19,294.717402733,284.368379609,299.202645381,281.381547646,10399776.0
2026-02-20,277.745404386,285.217478997,297.18478566,277.745404386,10510504.0
2026-02-23,283.314497428,280.122882671,294.507625237,277.88525605,8617329.0
2026-02-24,281.641272164,270.283319179,283.698989609,267.566201139,8679744.0
2026-02-25,280.197803205,290.641725673,297.244722087,279.843179343,10801151.0
2026-02-26,285.841816782,281.950943706,289.69273224,270.273329775,10841406.0
2026-02-27,275.507777764,279.403645543,287.52503145,273.809578989,9899047.0
2026-03-02,270.213393348,269.793838356,283.619174267,261.222929244,7408734.0
2026-03-03,254.295277181,250.344467678,256.76765481,243.981216973,9983033.0
2026-03-04,256.727697192,261.023141152,272.470998778,253.830769869,9724817.0
2026-03-05,256.900539819,258.87938856,269.453236883,251.523667988,6296303.0
2026-03-06,249.834650628,245.107400859,259.009312972,244.058011375,6352657.0
2026-03-09,239.050924409,261.907626785,262.00756864,237.861616328,10377389.0
2026-03-10,268.293911358,266.065207978,280.586759597,265.495539401,9667985.0
2026-03-11,269.643126408,268.653702038,272.841265788,263.60663833,5672208.0
2026-03-12,265.505533586,261.028138456,268.643707852,257.150394458,5426405.0
2026-03-13,265.820350432,272.131678613,278.27800279,265.185719649,8201163.0
2026-03-16,282.625573451,286.043584912,289.701456827,278.60331353,8565044.0
2026-03-17,288.147360973,313.627537058,314.736891655,284.554451264,14247541.0
2026-03-18,309.370014009,304.722717724,319.434158868,300.425217933,12453880.0
2026-03-19,291.90017765,316.745722953,319.014403075,288.86194524,9092030.0
2026-03-20,309.33503436,292.929578763,312.808013842,291.010695136,12877113.0
2026-03-23,298.436375007,294.618596123,316.745722953,282.995358316,8990521.0
2026-03-24,294.34375602,300.874956283,301.17478185,280.037079391,7194738.0
2026-03-25,291.830218352,295.967811173,300.54514816,280.586759597,7642109.0
2026-03-26,286.623247675,273.191062282,291.640328826,272.671364633,9726806.0
2026-03-27,274.740161044,275.179905209,282.33574207,269.84301012,6955993.0
2026-03-30,282.265782771,251.523667988,286.703201159,248.915185557,9063642.0
2026-03-31,258.849406004,270.332725212,270.932376346,254.352022502,8781903.0
2026-04-01,280.336904958,297.556886677,304.772688652,280.336904958,12919971.0
2026-04-02,278.008259722,294.798491463,297.979940552,277.838358568,7860445.0
2026-04-06,303.003717808,303.973153807,311.408827864,298.966166783,8532227.0
2026-04-07,297.656828533,311.778612729,312.018473183,295.558049565,5891560.0
2026-04-08,334.80521626,338.583018401,347.797657488,331.463860201,9163483.0
2026-04-09,343.680053037,337.683541701,344.899343675,329.308414202,6391847.0
2026-04-10,343.750012336,343.230314687,349.546540019,329.809122898,6122629.0
2026-04-13,341.351407801,349.956401568,351.665407299,339.302599762,5429389.0
2026-04-14,358.536409872,366.007063578,366.087017062,341.301436874,7301096.0
2026-04-15,361.789517272,364.78777294,365.277488032,351.405558475,6438784.0
2026-04-16,362.299220735,361.479697519,368.183697251,352.904686309,5887441.0
2026-04-17,370.134662214,372.303400481,378.759644352,365.967086836,5627526.0
2026-04-20,375.766385777,373.892475985,380.428673341,366.186958918,5410707.0
2026-04-21,376.780795612,383.586835978,389.483405458,369.285156442,6125732.0
2026-04-22,398.333256772,388.873760139,401.766259512,381.538027938,7001888.0
2026-04-23,386.774981172,402.885608294,416.127904161,385.586172799,6774760.0
2026-04-24,409.871544001,403.765096624,414.258991462,399.817393327,5602967.0
2026-04-27,411.490602061,400.496997945,413.759282184,396.049685313,5788187.0
2026-04-28,383.956620844,390.76266121,396.099456357,373.802528315,7285461.0
2026-04-29,424.105263075,412.520003174,441.733007566,409.811578887,10458129.0
2026-04-30,426.881647824,434.267350953,438.604727544,421.754630632,11700624.0
2026-05-01,405.983805818,431.269095285,446.36031548,403.765096624,15485263.0
2026-05-04,430.479554625,442.102792432,453.566023327,428.260845431,10175654.0
2026-05-05,455.534977824,464.989477364,479.830842921,454.925332505,9794549.0
2026-05-06,471.725558432,482.869075331,483.588556749,448.728937458,8338924.0
2026-05-07,471.74054971,463.640262313,475.293482676,450.018187395,7162853.0
2026-05-08,474.783779213,479.72090688,483.378778794,469.042119609,7929836.0
2026-05-11,488.740659347,515.530073741,524.844654683,487.716255328,10022550.0
2026-05-12,497.560528104,488.455825059,508.304277581,466.52858194,7773029.0
2026-05-13,503.027347605,493.802714334,503.367149914,475.093598965,5772757.0
2026-05-14,484.473142113,488.865586667,507.674643891,480.060709189,5540875.0
2026-05-15,470.476285237,481.739732363,486.127179823,464.72962854,7014406.0
2026-05-18,485.052804876,458.413303266,486.716836772,441.413193628,8996656.0
2026-05-19,441.443176185,455.534977824,463.960076251,433.747653304,5891596.0
2026-05-20,469.102084722,459.352756708,469.376924825,455.914756876,5311721.0
2026-05-21,458.658160812,486.177150751,487.006668153,458.603192791,5046838.0
2026-05-22,488.146005307,483.998418299,489.705098254,478.271250264,4492768.0
2026-05-26,504.536469625,524.344945405,535.808276242,500.209087219,7552532.0
2026-05-27,538.656619127,530.291485813,546.362136194,521.396660665,6271303.0
2026-05-28,540.19072661,530.871148576,553.178170746,527.123328991,6002841.0
2026-05-29,541.984682918,530.901131132,543.943543288,518.378516567,8391544.0
2026-06-01,535.688346016,545.882415287,563.811984181,533.954354821,6240917.0
2026-06-02,558.674972804,562.772588883,570.847890816,540.685438796,5029053.0
2026-06-03,570.917850115,593.764558305,602.18955679,570.917850115,7846060.0
2026-06-04,565.680896881,575.165378978,593.654622264,564.231739975,6488172.0
2026-06-05,545.075037999,511.555797239,553.977180526,511.165922384,9009200.0
2026-06-08,540.036655254,526.760916593,540.036655254,518.883445159,6226269.0
2026-06-09,535.328166618,517.553871935,545.234986657,480.71569651,7278666.0
2026-06-10,502.538691613,489.93273796,515.054674145,484.344531702,5978302.0
2026-06-11,497.610273571,529.120159307,529.550021327,488.843087724,6334605.0
2026-06-12,541.81608408,562.744366374,572.106361295,531.789402515,6291421.0
2026-06-15,618.581443398,653.320292679,658.58860162,611.803618992,9522884.0
2026-06-16,686.55462489,680.861452325,729.68578035,667.135858062,15860106.0
2026-06-17,695.2518332,711.901488877,741.611952204,693.897267997,13569067.0
2026-06-18,763.904796491,745.990546732,799.613334514,738.872931394,16683882.0
2026-06-22,772.502036889,732.384913963,779.549774656,726.366845685,13160102.0
2026-06-23,664.996544754,670.534767057,682.310887075,652.790462748,12684428.0
2026-06-24,658.248710721,643.623405254,664.78661214,612.213487429,12214391.0
2026-06-25,728.766075564,675.173278155,728.766075564,658.288697886,11748542.0
2026-06-26,642.938625059,586.261817578,647.21225328,579.324044513,23404387.0
2026-06-29,600.367289904,651.670822138,652.770469165,589.81067844,11268871.0
2026-06-30,632.237060123,638.515044971,663.766939441,630.097746814,9277293.0
2026-07-01,604.361007973,598.17799264,617.191889427,585.612026152,7934200.0
2026-07-02,595.308913578,538.827043524,609.269432432,525.671266357,8956328.0
2026-07-06,566.818058772,577.274702325,600.807148716,563.429146568,7600688.0
2026-07-07,532.224162962,531.929257623,549.8235138,510.206230432,7993468.0
2026-07-08,525.831215016,550.123417534,562.57941932,525.831215016,6870027.0
2026-07-09,593.94934998,577.864513003,601.306988274,573.815912551,6868543.0
2026-07-10,563.814023028,582.398057794,585.012218683,562.57941932,4814144.0
2026-07-13,551.487979528,555.371732893,559.810308168,531.98923837,4780792.0
2026-07-14,587.461432517,563.139239625,589.460790749,558.930590546,5293195.0
2026-07-15,562.459457826,513.675116965,569.167304694,496.340681094,7926865.0
2026-07-16,486.523832174,466.660208139,498.559968731,453.794337917,10527005.0
2026-07-17,450.985239601,477.066867737,492.771826649,430.383352538,11777119.0
2026-07-20,491.202330437,487.26359472,505.827635904,485.124281412,5403477.0
2026-07-21,528.640313331,548.214030423,553.447350595,516.844099763,7449142.0
2026-07-22,525.571298445,556.491373503,564.248883443,524.849730059,5435035.0
2026-07-23,555.541678343,558.120850462,576.185052088,553.822230264,5689263.0
2026-07-24,538.327203966,519.633204496,551.822872032,509.396490348,4775567.0
2026-07-27,522.832177668,497.760225438,531.119517539,471.168760953,6216953.0
2026-07-28,465.940439176,463.361267057,467.110063742,421.974551654,10511939.0
2026-07-29,480.24084893,461.891738756,499.029817916,456.573445859,9231501.0
2026-07-30,511.485819701,532.868955992,546.889455594,506.837311812,8408766.0
2026-07-31,568.922383311,544.665169561,579.81388728,530.379854961,9502270.0
2026-08-03,524.18674287,527.050823537,539.256905543,501.109150477,8279886.0
2026-08-04,554.826907775,548.383975872,559.664754889,537.114093358,7806175.0
2026-08-05,544.760139077,519.003406653,564.47880964,518.11369224,9633584.0
2026-08-06,428.747377665,451.375114456,477.476736175,407.344247792,16190097.0
2026-08-07,457.298213218,434.160640078,457.413176316,422.36442651,11820839.0
2026-08-10,434.485535791,438.199343707,452.55773485,424.243823248,7258569.0
2026-08-11,442.073100281,437.789475269,448.73596159,431.341544971,6095147.0
2026-08-12,456.92333355,453.954286575,467.649890464,450.735319822,5750492.0
2026-08-13,452.984597833,487.133636435,502.478710866,451.405104829,8699102.0
2026-08-14,503.338434906,508.63673422,516.184311546,486.943697403,9945790.0
2026-08-17,525.356367435,535.838002967,548.423963037,518.903438742,9305323.0
2026-08-18,495.910819074,496.000790194,519.83314032,490.072693036,9440083.0
2026-08-19,494.121393456,461.941722712,499.839558,460.132303512,6981529.0
2026-08-20,463.236307167,468.899489359,477.126848484,453.554414929,5365503.0
2026-08-21,477.116851693,459.292573055,478.64636074,454.184212772,4350146.0
2026-08-24,446.206773426,435.240293524,446.84656806,419.405376326,7770472.0
2026-08-25,446.576654699,450.605361537,451.852961073,430.201910779,4752801.0
2026-08-26,449.73064231,468.72954391,469.84918452,447.866240759,5158476.0
2026-08-27,477.636684833,461.851751592,479.696023812,442.87784197,7618239.0
2026-08-28,462.101671371,459.302569846,474.857576891,454.923975318,4323205.0
2026-08-31,456.7533881,450.405425713,459.302569846,444.377360644,5854785.0
2026-09-01,442.927825926,450.295461011,457.53313781,439.139042076,5497925.0
2026-09-02,444.787229081,448.755955172,456.833362429,437.259645338,4052285.0
2026-09-03,442.767877267,441.428307252,449.324772589,420.744946342,5519779.0
2026-09-04,452.074889837,467.309999565,468.044663747,442.008121139,5812273.0
2026-09-08,480.01,477.3,489.2,464.54,6407817.0
2026-09-09,474.64,482.28,495.49,471.72,4035358.0
2026-09-10,466.605,460.93,471.228,456.75,4518250.0
2026-09-11,464.16,447.18,472.4292,442.78,5130471.0
